{"type":"FeatureCollection","features":[{"type":"Feature","id":"fb8cdbb60bb15ca3eb1c9429ab2279ab8e4011f34d65064e3e66e60b217e5220","properties":{"zone_group_id":"311101012004","source_manage_no":"311101012004","facility_name":"공동직장 푸른들어린이집","facility_type_code":"1","sgg_code":"31110","api_first_registered_on":null,"api_last_modified_on":null,"updated_at":"2026-07-25T01:27:52.347112+00:00"},"geometry":{"type":"MultiPolygon","coordinates":[[[[129.325128201,35.566989562],[129.325817001,35.567271452],[129.326191702,35.567453441],[129.32733829,35.568110006],[129.327442982,35.567972142],[129.326291853,35.567293822],[129.325236097,35.566823125],[129.325128201,35.566989562]]]]}},{"type":"Feature","id":"5ff5ccff7196dd65a6a40dc43b668a8cab530af90f06b4299c485c58dd3b8d28","properties":{"zone_group_id":"311101011984","source_manage_no":"311101011984","facility_name":"남외초등학교","facility_type_code":"1","sgg_code":"31110","api_first_registered_on":null,"api_last_modified_on":null,"updated_at":"2026-07-25T01:27:52.347112+00:00"},"geometry":{"type":"MultiPolygon","coordinates":[[[[129.347713114,35.565238292],[129.347701482,35.566757697],[129.347699178,35.566756837],[129.347576728,35.56681216],[129.346897268,35.567147522],[129.346800076,35.567194468],[129.346161842,35.567525644],[129.346311198,35.567683799],[129.346761868,35.567420475],[129.347545034,35.567025088],[129.34776212,35.567000584],[129.348251945,35.566992729],[129.348424916,35.566985282],[129.348852268,35.566985962],[129.348954218,35.566983975],[129.349621714,35.566977289],[129.350111716,35.566964207],[129.349934108,35.568085376],[129.350134961,35.568094981],[129.350258373,35.56708183],[129.350304417,35.566959237],[129.35029347,35.566959355],[129.350561112,35.566952208],[129.35057554,35.566879843],[129.350312085,35.566878538],[129.350315985,35.56683619],[129.35041364,35.566144681],[129.350529837,35.565380131],[129.350543568,35.565247623],[129.350974442,35.565246788],[129.35100369,35.565115565],[129.350556971,35.565118269],[129.350563707,35.565053261],[129.350385988,35.565056728],[129.350384084,35.565119316],[129.345981468,35.565145872],[129.345978846,35.565245039],[129.347713114,35.565238292]],[[129.347896524,35.566828885],[129.347897817,35.565237572],[129.348002199,35.565237165],[129.350373532,35.565247402],[129.35011554,35.566875876],[129.350285357,35.566878406],[129.350115058,35.566877562],[129.350021439,35.566881641],[129.348083728,35.566896891],[129.347796734,35.566793231],[129.34775872,35.56677905],[129.347896524,35.566828885]]],[[[129.346114512,35.568927702],[129.346210216,35.568333397],[129.346300933,35.567757209],[129.346310493,35.56768325],[129.346161875,35.56752677],[129.346111528,35.567738371],[129.345939012,35.568865793],[129.346114512,35.568927702]]]]}},{"type":"Feature","id":"5caf1ff68f3a854eafae6345d5537c37c677cabde1bee1efc7633ce61240a83e","properties":{"zone_group_id":"311102028619","source_manage_no":"311102028619","facility_name":"내황경로당","facility_type_code":"2","sgg_code":"31110","api_first_registered_on":null,"api_last_modified_on":"2025-03-20","updated_at":"2026-07-25T01:27:52.347112+00:00"},"geometry":{"type":"MultiPolygon","coordinates":[[[[129.346402853,35.554549427],[129.346504525,35.554538436],[129.347809041,35.553521869],[129.347799169,35.553514177],[129.347809009,35.553520743],[129.348196723,35.553204578],[129.348151658,35.553171667],[129.347771683,35.553492762],[129.347769553,35.553491102],[129.346402853,35.554549427]]]]}},{"type":"Feature","id":"69e9db1b858124b8e441d5a5fd578c3aa0293f678ad38c08b2da21f8999881a8","properties":{"zone_group_id":"311101011996","source_manage_no":"311101011996","facility_name":"내황초등학교","facility_type_code":"1","sgg_code":"31110","api_first_registered_on":"2000-04-24","api_last_modified_on":"2025-12-17","updated_at":"2026-07-25T01:27:52.347112+00:00"},"geometry":{"type":"MultiPolygon","coordinates":[[[[129.345628808,35.554624718],[129.345649735,35.554775237],[129.346293207,35.5547216],[129.346323426,35.554719015],[129.346323463,35.554719321],[129.346403227,35.554713263],[129.348280489,35.554549423],[129.348656012,35.554382168],[129.348654647,35.55438158],[129.348806407,35.554104415],[129.348756947,35.553732005],[129.348753469,35.553707294],[129.348714529,35.553506442],[129.348695601,35.55342459],[129.348689763,35.55341344],[129.348669425,35.553330489],[129.348667686,35.553318134],[129.348664011,35.553286668],[129.348654531,35.553245179],[129.348650988,35.553218217],[129.348645738,35.553180024],[129.348618412,35.553046525],[129.348601132,35.552908422],[129.348656989,35.552857115],[129.348670468,35.552846716],[129.34876223,35.552779601],[129.348938738,35.552688308],[129.349151322,35.552605322],[129.349418741,35.552512256],[129.349428643,35.552473768],[129.349397682,35.552451846],[129.34939109,35.552462111],[129.349037533,35.552602472],[129.349026612,35.552606063],[129.349016396,35.552610205],[129.348986421,35.552622052],[129.348970055,35.552628003],[129.348960528,35.552632131],[129.348939375,35.552639301],[129.348929274,35.552647382],[129.348817014,35.552720528],[129.348803453,35.552728113],[129.348792598,35.552733956],[129.348773625,35.552745026],[129.348745208,35.552763038],[129.348688438,35.552801313],[129.3485941,35.55285102],[129.348594852,35.552858228],[129.348593248,35.552845405],[129.348575106,35.552743264],[129.348515987,35.552323173],[129.348469572,35.552149498],[129.348443446,35.552057086],[129.348421599,35.551969659],[129.348300242,35.551730992],[129.348285515,35.551698616],[129.348185958,35.551592993],[129.348164574,35.55156863],[129.348158867,35.551561983],[129.348084284,35.551462068],[129.348056996,35.551424305],[129.348044205,35.551411038],[129.348016983,35.551375527],[129.347929693,35.551312464],[129.34737919,35.550883623],[129.347286873,35.550820396],[129.347065655,35.550718529],[129.347044182,35.550816112],[129.347079826,35.55082638],[129.347474437,35.551125053],[129.34765304,35.551277869],[129.347755433,35.551386254],[129.347836738,35.551480407],[129.347845331,35.551491503],[129.347858582,35.551520529],[129.347899909,35.551614334],[129.347917226,35.551641028],[129.347930346,35.551665552],[129.347999731,35.551776269],[129.348020788,35.551813027],[129.348048306,35.55185867],[129.348055616,35.551871529],[129.348055571,35.551871481],[129.348062983,35.551889357],[129.348091305,35.551938927],[129.348110164,35.551971223],[129.348145013,35.552031928],[129.348181978,35.552117934],[129.348197147,35.552141854],[129.348290837,35.552282508],[129.348305893,35.552349793],[129.348311256,35.552368273],[129.348328594,35.552466488],[129.348336041,35.552532796],[129.348337813,35.552546277],[129.348340929,35.552558606],[129.348347524,35.552619298],[129.348365387,35.552735524],[129.348371882,35.552769187],[129.348401227,35.552948263],[129.348408647,35.552990116],[129.348227115,35.553128052],[129.347931831,35.553352687],[129.347440065,35.553734114],[129.346943744,35.554119007],[129.346392688,35.554541304],[129.346511964,35.554537291],[129.34692577,35.554211615],[129.347324392,35.553897078],[129.348008667,35.55336443],[129.348302314,35.553119121],[129.348313334,35.553124822],[129.34841864,35.553046481],[129.348426798,35.553092496],[129.348451336,35.553224924],[129.348458668,35.553263639],[129.348479533,35.553388253],[129.348505367,35.553541492],[129.348526068,35.553660478],[129.348548737,35.5537997],[129.348563845,35.553892327],[129.348579034,35.553987767],[129.348594275,35.55410855],[129.348486413,35.554308883],[129.3486259,35.554369211],[129.348485725,35.554308897],[129.348276284,35.554405336],[129.346318148,35.554559796],[129.346318114,35.554559488],[129.346197612,35.554569293],[129.345628808,35.554624718]],[[129.348055616,35.551871529],[129.348061261,35.551877565],[129.34806218,35.551885431],[129.348060654,35.551880392],[129.348055616,35.551871529]]]]}},{"type":"Feature","id":"90c9b25f3577ffe4de42253c121070c4ef1aeb15a9bf7f54be4ef3d6b92e2fee","properties":{"zone_group_id":"311101011990","source_manage_no":"311101011990","facility_name":"다운초등학교","facility_type_code":"1","sgg_code":"31110","api_first_registered_on":null,"api_last_modified_on":null,"updated_at":"2026-07-25T01:27:52.347112+00:00"},"geometry":{"type":"MultiPolygon","coordinates":[[[[129.267256466,35.562338681],[129.267460099,35.562496549],[129.26746512,35.562546316],[129.267578281,35.562434744],[129.267517461,35.562440959],[129.267426174,35.562373767],[129.267425707,35.562321692],[129.268045853,35.561760131],[129.268068549,35.561758436],[129.268084485,35.561743065],[129.268080519,35.561735387],[129.268085006,35.561743196],[129.268153936,35.561688515],[129.267641113,35.560788113],[129.2675552,35.560820999],[129.268026852,35.561641973],[129.26801467,35.561686911],[129.26736256,35.562282033],[129.267317048,35.562281199],[129.26741281,35.562363931],[129.266619394,35.561779928],[129.266543397,35.5618346],[129.267256466,35.562338681]]],[[[129.267580842,35.562684538],[129.267900258,35.562402011],[129.267939371,35.562371427],[129.268133454,35.562239372],[129.268646036,35.561939128],[129.269074255,35.561702419],[129.26899266,35.561546269],[129.26815626,35.56202156],[129.268003024,35.562111172],[129.267948274,35.562149372],[129.267788672,35.562257688],[129.267433184,35.562580878],[129.267580842,35.562684538]]]]}},{"type":"Feature","id":"1f86e3ab8365cbb138a39c746dfc457bf317274a3d6c97ad5d326719d80d0073","properties":{"zone_group_id":"311101011992","source_manage_no":"311101011992","facility_name":"다전초등학교","facility_type_code":"1","sgg_code":"31110","api_first_registered_on":null,"api_last_modified_on":null,"updated_at":"2026-07-25T01:27:52.347112+00:00"},"geometry":{"type":"MultiPolygon","coordinates":[[[[129.269456694,35.568154888],[129.269404678,35.568106851],[129.269411256,35.566752002],[129.269240685,35.566752679],[129.269234365,35.568116819],[129.26917656,35.568156784],[129.269456694,35.568154888]]],[[[129.266278538,35.56837725],[129.266306668,35.568360382],[129.270839598,35.568358424],[129.270879247,35.568151468],[129.266243845,35.568173384],[129.266278538,35.56837725]]]]}},{"type":"Feature","id":"6cf39a2c0403f463ea052e105529d510878d6d8645ecb18700d55d969431ef0c","properties":{"zone_group_id":"311102012016","source_manage_no":"311102012016","facility_name":"독수리공원","facility_type_code":"2","sgg_code":"31110","api_first_registered_on":null,"api_last_modified_on":null,"updated_at":"2026-07-25T01:27:52.347112+00:00"},"geometry":{"type":"MultiPolygon","coordinates":[[[[129.316191408,35.572459043],[129.316212448,35.57251946],[129.316415589,35.572488523],[129.31653029,35.572450276],[129.316617044,35.572399049],[129.316695272,35.572338977],[129.316738131,35.572295352],[129.316789061,35.572244815],[129.316839019,35.572160506],[129.316904894,35.571958754],[129.316827411,35.571948981],[129.316777519,35.572131278],[129.316708823,35.572235094],[129.316568674,35.572347042],[129.31650095,35.572388892],[129.31633018,35.57244286],[129.316191408,35.572459043]]]]}},{"type":"Feature","id":"175e7142ccb75e3f888a1b7ce81e4a7f94aca3c150bce43dbaa40feef9c5087f","properties":{"zone_group_id":"311102018926","source_manage_no":"311102018926","facility_name":"동동경로당","facility_type_code":"2","sgg_code":"31110","api_first_registered_on":"2020-09-09","api_last_modified_on":"2025-03-21","updated_at":"2026-07-25T01:27:52.347112+00:00"},"geometry":{"type":"MultiPolygon","coordinates":[[[[129.346539224,35.573505538],[129.346577836,35.573505912],[129.346614244,35.573336256],[129.346790405,35.573278762],[129.346777447,35.573259867],[129.346625659,35.573302244],[129.346656029,35.573114684],[129.346620009,35.573108628],[129.346539224,35.573505538]]]]}},{"type":"Feature","id":"52aa42c9935f8a0e4b4fdbbc6994d347a14370565467f416982f1018dbccfe48","properties":{"zone_group_id":"311101012015","source_manage_no":"311101012015","facility_name":"라온수피아유치원","facility_type_code":"1","sgg_code":"31110","api_first_registered_on":null,"api_last_modified_on":null,"updated_at":"2026-07-25T01:27:52.347112+00:00"},"geometry":{"type":"MultiPolygon","coordinates":[[[[129.345902647,35.573172404],[129.346006148,35.57317602],[129.34605613,35.572739163],[129.345992993,35.572732378],[129.345902647,35.573172404]]]]}},{"type":"Feature","id":"2f0825af88ef8177f9215ee6f4bb25c7d99261f27b075a1588affc7c0938cce8","properties":{"zone_group_id":"311101012044","source_manage_no":"311101012044","facility_name":"명정초등학교","facility_type_code":"1","sgg_code":"31110","api_first_registered_on":null,"api_last_modified_on":null,"updated_at":"2026-07-25T01:27:52.347112+00:00"},"geometry":{"type":"MultiPolygon","coordinates":[[[[129.288483616,35.553002451],[129.288517199,35.552096582],[129.290668016,35.552173645],[129.29088201,35.552186472],[129.29135033,35.552031146],[129.291630123,35.551934593],[129.291596822,35.551878346],[129.290860803,35.552119295],[129.290446845,35.552102384],[129.290103461,35.552095394],[129.289999891,35.552088351],[129.289616271,35.552071987],[129.288519529,35.552033748],[129.288521056,35.551992546],[129.288421732,35.551989363],[129.288373173,35.5529961],[129.288483616,35.553002451]]],[[[129.290128954,35.552990008],[129.290084533,35.552955357],[129.290114967,35.552207696],[129.290163186,35.552157763],[129.290034827,35.552153441],[129.290067277,35.552203532],[129.290013815,35.552941489],[129.289992133,35.552979086],[129.289991604,35.553033184],[129.290107705,35.553042809],[129.290128954,35.552990008]]],[[[129.289987709,35.553041709],[129.28998795,35.552977476],[129.288534786,35.55293578],[129.288494308,35.552894293],[129.288489258,35.553007634],[129.288546467,35.552982884],[129.289987709,35.553041709]]]]}},{"type":"Feature","id":"006ab5262e1d5d3dd67bdc0b945df9af62a56a89ff09db1e9d6d85f6711f83a1","properties":{"zone_group_id":"311101011985","source_manage_no":"311101011985","facility_name":"명희어린이집","facility_type_code":"1","sgg_code":"31110","api_first_registered_on":null,"api_last_modified_on":null,"updated_at":"2026-07-25T01:27:52.347112+00:00"},"geometry":{"type":"MultiPolygon","coordinates":[[[[129.342745134,35.564737797],[129.342805423,35.564772667],[129.343228522,35.564320108],[129.343161247,35.564281995],[129.342745134,35.564737797]]]]}},{"type":"Feature","id":"f5c2bec1e0bfad990b430683eba330b1925bca76eba168e3eb79847c423b1d6a","properties":{"zone_group_id":"311101012019","source_manage_no":"311101012019","facility_name":"백양초등학교","facility_type_code":"1","sgg_code":"31110","api_first_registered_on":null,"api_last_modified_on":"2025-12-17","updated_at":"2026-07-25T01:27:52.347112+00:00"},"geometry":{"type":"MultiPolygon","coordinates":[[[[129.319219787,35.576329205],[129.319261885,35.576306994],[129.320181585,35.575881558],[129.320367887,35.57579237],[129.320416873,35.575770026],[129.320429144,35.575765285],[129.320572643,35.575697758],[129.320515319,35.575622272],[129.31946292,35.576107144],[129.319338069,35.576176001],[129.318935342,35.576361712],[129.31876515,35.576435946],[129.318242949,35.576685901],[129.318286558,35.576763905],[129.319219787,35.576329205]]],[[[129.318846858,35.577339098],[129.319067376,35.577241047],[129.319141028,35.577213431],[129.319395082,35.577202624],[129.319397082,35.577092722],[129.319389956,35.577060745],[129.319355421,35.576365322],[129.31938686,35.576344012],[129.31938902,35.576275517],[129.319375074,35.576258038],[129.319207306,35.576338595],[129.319270151,35.576366541],[129.319309162,35.577109626],[129.319271753,35.57713908],[129.319142599,35.577142411],[129.319076088,35.577148762],[129.318806672,35.577272263],[129.318751152,35.577265303],[129.318827334,35.577379194],[129.318846858,35.577339098]]],[[[129.318643571,35.57816023],[129.319086569,35.577960287],[129.319087966,35.577959669],[129.319137613,35.577973389],[129.319445716,35.57836649],[129.319509897,35.57833314],[129.319223333,35.577951879],[129.319232175,35.577895968],[129.319233594,35.577895341],[129.319707287,35.577684241],[129.31976299,35.577697535],[129.319707973,35.577564645],[129.319469547,35.577687128],[129.319139698,35.577812638],[129.319134951,35.577815952],[129.319124221,35.577813781],[129.318826296,35.577379073],[129.318751726,35.577267264],[129.318670493,35.577300941],[129.319051833,35.577849401],[129.319039709,35.577882083],[129.31860426,35.578087885],[129.318533152,35.578078267],[129.318629396,35.578206561],[129.318643571,35.57816023]]],[[[129.320149414,35.578254626],[129.320147725,35.578267757],[129.320254428,35.578220912],[129.320219503,35.578211021],[129.319803752,35.57759914],[129.319811606,35.577584622],[129.319804333,35.577547577],[129.319711282,35.577565849],[129.319763126,35.577696265],[129.320149414,35.578254626]]]]}},{"type":"Feature","id":"19a3314e303f08f2f1ddb1ab94421786220aac0058395dd41f80f98444b5e082","properties":{"zone_group_id":"311102025361","source_manage_no":"311102025361","facility_name":"백정애건강실버타운","facility_type_code":"2","sgg_code":"31110","api_first_registered_on":"2021-07-27","api_last_modified_on":"2025-03-21","updated_at":"2026-07-25T01:27:52.347112+00:00"},"geometry":{"type":"MultiPolygon","coordinates":[[[[129.323373806,35.579613679],[129.324090546,35.580656342],[129.324205188,35.580615836],[129.323471782,35.57956899],[129.323373806,35.579613679]]]]}},{"type":"Feature","id":"f1a7d618e4c1dbd9f369e350c40130d833011c1603130e4037d1539e22170501","properties":{"zone_group_id":"311101012012","source_manage_no":"311101012012","facility_name":"병영초등학교","facility_type_code":"1","sgg_code":"31110","api_first_registered_on":null,"api_last_modified_on":null,"updated_at":"2026-07-25T01:27:52.347112+00:00"},"geometry":{"type":"MultiPolygon","coordinates":[[[[129.343874395,35.574295883],[129.343999483,35.57429514],[129.34413087,35.574297654],[129.344558049,35.574302864],[129.345142621,35.574315994],[129.345539758,35.57431925],[129.345901785,35.574324033],[129.345886502,35.574225453],[129.345837984,35.574263583],[129.345327765,35.574247318],[129.345064845,35.574237224],[129.344632598,35.574235495],[129.344057122,35.574229091],[129.344042497,35.574186411],[129.344050124,35.57416429],[129.344254262,35.574002284],[129.344397431,35.573876958],[129.344546652,35.573746444],[129.344964124,35.57341887],[129.34508798,35.573411389],[129.34526257,35.5734063],[129.345331583,35.573397351],[129.345548663,35.573360166],[129.34572517,35.573314475],[129.345822723,35.573291448],[129.34585402,35.57330098],[129.345872445,35.573223717],[129.345722707,35.573265507],[129.345500241,35.573330685],[129.345388933,35.573342993],[129.345257794,35.573348926],[129.344953173,35.573362462],[129.343924127,35.574204771],[129.34401117,35.574222812],[129.343923577,35.574209571],[129.343729672,35.57422602],[129.343719068,35.574287918],[129.343874395,35.574295883]]],[[[129.345257404,35.574186431],[129.345386959,35.573877982],[129.345404967,35.573821855],[129.345437368,35.573762912],[129.345658518,35.57333352],[129.345545809,35.573368673],[129.345559637,35.573381925],[129.345419478,35.573681285],[129.345394678,35.573681768],[129.345383851,35.573665076],[129.345375944,35.573393952],[129.345338989,35.573403123],[129.345336979,35.573617818],[129.345353786,35.573697776],[129.345355854,35.57373323],[129.34534171,35.57381548],[129.345151385,35.574202862],[129.345081928,35.574232102],[129.345331489,35.574244991],[129.345257404,35.574186431]]],[[[129.345914949,35.574326637],[129.345944316,35.574529928],[129.345968894,35.574758091],[129.345971126,35.574787332],[129.345979463,35.574931338],[129.346004551,35.575302403],[129.346028754,35.575486777],[129.346059851,35.575852471],[129.34617956,35.575844508],[129.346089591,35.574878509],[129.346039747,35.574493154],[129.346032364,35.574429098],[129.346029672,35.574384097],[129.345994398,35.5741201],[129.34599092,35.574095389],[129.345968675,35.573994454],[129.34596267,35.573930371],[129.34596303,35.573895448],[129.345960831,35.573867333],[129.34596001,35.573839191],[129.345954529,35.573745814],[129.345957118,35.573645521],[129.345959673,35.573544103],[129.345956654,35.573487846],[129.345963671,35.573397605],[129.345965738,35.573373912],[129.345974364,35.573338828],[129.346003557,35.573205354],[129.346007231,35.573189515],[129.346065254,35.57286288],[129.34607119,35.572830101],[129.346091395,35.572719329],[129.345975002,35.572699069],[129.345895234,35.573178179],[129.345884902,35.573249338],[129.345857454,35.573631694],[129.345866977,35.573958139],[129.345914949,35.574326637]]]]}},{"type":"Feature","id":"b81a64c47e18294b6eb2a681cb7fe557bca09ff44c2b9cab2640bc2cfc614c50","properties":{"zone_group_id":"311101026640","source_manage_no":"311101026640","facility_name":"복산초등학교","facility_type_code":"1","sgg_code":"31110","api_first_registered_on":"2023-07-24","api_last_modified_on":null,"updated_at":"2026-07-25T01:27:52.347112+00:00"},"geometry":{"type":"MultiPolygon","coordinates":[[[[129.32292143,35.561416459],[129.323030148,35.561452111],[129.323150152,35.561490785],[129.323338564,35.561553494],[129.323592319,35.561605646],[129.324665897,35.561938617],[129.324929191,35.562022697],[129.325648317,35.562258972],[129.32630711,35.562446546],[129.326459306,35.562490088],[129.326775976,35.562572711],[129.32679495,35.562656855],[129.327024251,35.562435234],[129.326957115,35.562437376],[129.326561089,35.562327553],[129.326358975,35.562297651],[129.325795603,35.562138659],[129.325529921,35.562055473],[129.325457452,35.562034053],[129.325277181,35.561966966],[129.325239273,35.561960936],[129.325102414,35.56192935],[129.324958297,35.561885087],[129.324946976,35.561881564],[129.324930836,35.561823219],[129.324948755,35.56162047],[129.324977115,35.561367658],[129.32498737,35.561168014],[129.325025379,35.560784024],[129.325057816,35.560564938],[129.325077772,35.56048638],[129.325080156,35.560389992],[129.325097911,35.560253164],[129.325136432,35.559940576],[129.325175468,35.559916624],[129.325181415,35.559917172],[129.325349966,35.559954484],[129.326399542,35.560429178],[129.326401117,35.560429687],[129.326429607,35.560491699],[129.325593583,35.562040441],[129.325535608,35.562055504],[129.325797957,35.562136642],[129.325762154,35.562066344],[129.326586413,35.560587549],[129.326675312,35.560518277],[129.326683385,35.560520885],[129.327658191,35.560679673],[129.327662006,35.560668613],[129.327900744,35.560707947],[129.327953046,35.560764826],[129.328031101,35.560514857],[129.327961291,35.560549587],[129.327690204,35.560511723],[129.327690378,35.560499888],[129.327052639,35.560396426],[129.326914574,35.560376697],[129.326676036,35.560332286],[129.326564329,35.560300498],[129.325645654,35.559883846],[129.325629382,35.559821622],[129.325407723,35.559770967],[129.325325061,35.559796225],[129.325271879,35.559780349],[129.324282591,35.559686331],[129.324258895,35.559832288],[129.325027262,35.559902988],[129.325059812,35.559954308],[129.325025803,35.560256105],[129.324943568,35.560958005],[129.32491465,35.561280972],[129.324857973,35.561806033],[129.324809244,35.561836974],[129.324941538,35.561879872],[129.324799732,35.561835749],[129.323551093,35.561436996],[129.323333566,35.561356539],[129.323004473,35.561255132],[129.32292143,35.561416459]]]]}},{"type":"Feature","id":"b7b484e5bb27f86355464355fe43b3d52f3b330cd225cf1bc61e5916e5720cae","properties":{"zone_group_id":"311101026640","source_manage_no":"311101028642","facility_name":"복산초등학교병설유치원","facility_type_code":"1","sgg_code":"31110","api_first_registered_on":null,"api_last_modified_on":"2026-05-18","updated_at":"2026-07-25T01:27:52.347112+00:00"},"geometry":{"type":"MultiPolygon","coordinates":[[[[129.324797342,35.561961727],[129.326838084,35.562557583],[129.326923869,35.562664053],[129.327078728,35.562489862],[129.325739607,35.562132766],[129.32567834,35.562111422],[129.326623759,35.560484784],[129.327654568,35.560667615],[129.327766732,35.560733028],[129.328078055,35.560821624],[129.328091329,35.560708736],[129.327775278,35.560647262],[129.327616946,35.560510657],[129.326536545,35.560328783],[129.325636216,35.559891128],[129.32558532,35.559847058],[129.325642812,35.559737821],[129.325460057,35.559709811],[129.325386294,35.559828372],[129.325265325,35.559839717],[129.32529049,35.559947358],[129.325456063,35.559953174],[129.326457013,35.560438445],[129.325584009,35.562090716],[129.324927124,35.561873622],[129.324828324,35.561889044],[129.324797342,35.561961727]]]]}},{"type":"Feature","id":"d3d44dc76d3765687b27b76c3750fd3a592298bd8273d446cb3a969d11ac034e","properties":{"zone_group_id":"311101012019","source_manage_no":"311101012018","facility_name":"브레인유치원","facility_type_code":"1","sgg_code":"31110","api_first_registered_on":null,"api_last_modified_on":"2026-06-04","updated_at":"2026-07-25T01:27:52.347112+00:00"},"geometry":{"type":"MultiPolygon","coordinates":[[[[129.318269097,35.578047121],[129.318995058,35.578982075],[129.319083867,35.579097503],[129.319343123,35.579458003],[129.319513604,35.579369683],[129.318432305,35.577969643],[129.318269097,35.578047121]]]]}},{"type":"Feature","id":"fdfb8c8ee823265c45e8a278a9e6b168df5f408841b1c6cdaca1663600d9791e","properties":{"zone_group_id":"311101012013","source_manage_no":"311101012013","facility_name":"삼일초등학교","facility_type_code":"1","sgg_code":"31110","api_first_registered_on":null,"api_last_modified_on":null,"updated_at":"2026-07-25T01:27:52.347112+00:00"},"geometry":{"type":"MultiPolygon","coordinates":[[[[129.346824447,35.581219006],[129.346764134,35.58117201],[129.346764004,35.580831014],[129.346673576,35.580832775],[129.346671208,35.581176778],[129.346622724,35.581216174],[129.346824447,35.581219006]]],[[[129.34470446,35.581254224],[129.344880654,35.581270039],[129.344874242,35.581659491],[129.344873983,35.581792401],[129.344871524,35.581897196],[129.34486969,35.582047032],[129.344855853,35.58242349],[129.344954411,35.582422698],[129.344955505,35.582200229],[129.344957208,35.582045891],[129.344952677,35.581890548],[129.344950837,35.581780205],[129.344949258,35.58160791],[129.344949452,35.581472749],[129.344943034,35.581272824],[129.344990491,35.581272592],[129.345375203,35.581274114],[129.345779141,35.581273007],[129.346130724,35.581274296],[129.346118303,35.582424681],[129.345936875,35.582426096],[129.345808559,35.582422963],[129.345730014,35.582424493],[129.344636787,35.58242888],[129.344639249,35.582466],[129.344906232,35.58247263],[129.345530931,35.5824768],[129.345902394,35.582472946],[129.346216146,35.582475847],[129.346721889,35.582470218],[129.346722691,35.58242684],[129.346194164,35.582424292],[129.34620003,35.581427563],[129.346199713,35.581274954],[129.34617681,35.581274465],[129.346265888,35.581274791],[129.346995253,35.581275226],[129.346996727,35.581231271],[129.344976711,35.581225555],[129.344941864,35.581223527],[129.344940433,35.580832615],[129.344887923,35.580828568],[129.344881478,35.581220012],[129.344831697,35.581217115],[129.344676801,35.581204078],[129.344557805,35.581189499],[129.344244418,35.581128019],[129.344232049,35.581176691],[129.34450249,35.581231123],[129.34470446,35.581254224]]],[[[129.346743683,35.582130472],[129.346745294,35.581317734],[129.34680169,35.581283677],[129.346614398,35.581279297],[129.346664992,35.581329862],[129.346664358,35.582388647],[129.346618739,35.582419959],[129.346742892,35.582422189],[129.346743683,35.582130472]]]]}},{"type":"Feature","id":"f18826dafb3ee017d536f2ac51a16bd5300303b1a3d84b14ec3410814a5447a4","properties":{"zone_group_id":"311101011993","source_manage_no":"311101011993","facility_name":"새울산다운유치원","facility_type_code":"1","sgg_code":"31110","api_first_registered_on":null,"api_last_modified_on":null,"updated_at":"2026-07-25T01:27:52.347112+00:00"},"geometry":{"type":"MultiPolygon","coordinates":[[[[129.26651809,35.565246637],[129.266567975,35.565255836],[129.266686714,35.564822215],[129.266703229,35.564772346],[129.26677145,35.564747409],[129.267252056,35.565097106],[129.266946507,35.565358533],[129.267005531,35.565398533],[129.26733568,35.565105106],[129.267286066,35.565068578],[129.267286396,35.565068301],[129.26702748,35.564881132],[129.266779699,35.564697695],[129.266669758,35.564734117],[129.26651809,35.565246637]]]]}},{"type":"Feature","id":"2a4e62a492337e323719b5eac3f49c754982df4344a07caf82d907f9e36f15d3","properties":{"zone_group_id":"311102025925","source_manage_no":"311102025925","facility_name":"성동경로당","facility_type_code":"2","sgg_code":"31110","api_first_registered_on":"2022-04-14","api_last_modified_on":"2025-03-21","updated_at":"2026-07-25T01:27:52.347112+00:00"},"geometry":{"type":"MultiPolygon","coordinates":[[[[129.302750678,35.587276851],[129.302771713,35.58733727],[129.302831834,35.5873181],[129.302935537,35.587280075],[129.303041287,35.587217232],[129.303164718,35.587097734],[129.303241745,35.586994892],[129.30335497,35.586808011],[129.30344481,35.586671134],[129.303534778,35.58653876],[129.303624681,35.586404135],[129.303683685,35.586249826],[129.303622533,35.586232975],[129.303563271,35.586378277],[129.303436523,35.586574429],[129.303330211,35.586713873],[129.303277475,35.586798229],[129.303196097,35.586941702],[129.303167198,35.586991812],[129.303092412,35.58707659],[129.302984938,35.587175509],[129.302854769,35.587252334],[129.302750678,35.587276851]]]]}},{"type":"Feature","id":"178a85bcee0f1a0526af13926b00308c4e46561ca29f61b321b2e6f6f4a3620a","properties":{"zone_group_id":"311102026424","source_manage_no":"311102026424","facility_name":"성안경로당","facility_type_code":"2","sgg_code":"31110","api_first_registered_on":"2016-01-01","api_last_modified_on":"2025-03-21","updated_at":"2026-07-25T01:27:52.347112+00:00"},"geometry":{"type":"MultiPolygon","coordinates":[[[[129.317203356,35.573054978],[129.318621282,35.573082385],[129.318726213,35.573085375],[129.318876592,35.573089239],[129.31891113,35.573087985],[129.319072408,35.573091101],[129.319070956,35.573064661],[129.319072293,35.573039293],[129.319069559,35.573039206],[129.319069505,35.57303822],[129.318981363,35.573036393],[129.318499645,35.573021029],[129.318189339,35.573016863],[129.317826513,35.573008075],[129.317670164,35.573009204],[129.317210034,35.572999659],[129.317210009,35.572999864],[129.3172059,35.572999739],[129.317204857,35.573042546],[129.317203356,35.573054978]]]]}},{"type":"Feature","id":"70ddc8a26526c77f4c38ed4ceaa729fbade11ae3ae8011428f466f95e2fa12d0","properties":{"zone_group_id":"311101012020","source_manage_no":"311101012020","facility_name":"성안초등학교","facility_type_code":"1","sgg_code":"31110","api_first_registered_on":null,"api_last_modified_on":"2025-12-17","updated_at":"2026-07-25T01:27:52.347112+00:00"},"geometry":{"type":"MultiPolygon","coordinates":[[[[129.31024741,35.57477519],[129.310704475,35.574656782],[129.310608459,35.574691102],[129.310650979,35.574730852],[129.310817129,35.575013535],[129.310302472,35.575180174],[129.310334532,35.575240381],[129.310464169,35.575193968],[129.310847472,35.57506516],[129.311320961,35.57587073],[129.31128544,35.575930569],[129.311461736,35.575871257],[129.31110037,35.576007924],[129.311025362,35.576036395],[129.311041263,35.576061995],[129.311108133,35.576038186],[129.312481019,35.575525835],[129.312463513,35.575492381],[129.311471277,35.575867649],[129.311380101,35.575840862],[129.310911875,35.575043517],[129.31091204,35.575043462],[129.310882994,35.574992208],[129.310881944,35.574992548],[129.310716614,35.574711001],[129.310732587,35.574649499],[129.31212081,35.57428985],[129.312079187,35.574184775],[129.311870244,35.574229895],[129.311424133,35.574345455],[129.310328925,35.574637342],[129.3101989,35.574670246],[129.31024741,35.57477519]]],[[[129.310989795,35.577637838],[129.312111928,35.5771303],[129.312476384,35.577003351],[129.312967932,35.576837357],[129.312965462,35.576775456],[129.312759275,35.576844741],[129.312466449,35.576945536],[129.31215144,35.577055844],[129.312080704,35.577037616],[129.311450058,35.575971357],[129.31147755,35.575920123],[129.311311468,35.575972326],[129.311389238,35.576014779],[129.311996604,35.577062893],[129.312011322,35.577107851],[129.311831024,35.577190317],[129.310954563,35.577587266],[129.310989795,35.577637838]]]]}},{"type":"Feature","id":"cd3346b8fb5b0e831c66938431292c9fda8eaeeb1bbff48262b1a3cf6fa737c4","properties":{"zone_group_id":"311101012020","source_manage_no":"311101012021","facility_name":"성안초등학교병설유치원","facility_type_code":"1","sgg_code":"31110","api_first_registered_on":null,"api_last_modified_on":null,"updated_at":"2026-07-25T01:27:52.347112+00:00"},"geometry":{"type":"MultiPolygon","coordinates":[[[[129.311810776,35.577196645],[129.311848172,35.577250554],[129.312122327,35.57712365],[129.312308056,35.57706208],[129.3123818,35.577037575],[129.312892283,35.576858828],[129.312967733,35.576836286],[129.312965822,35.57689909],[129.312997585,35.577404199],[129.313000704,35.577440745],[129.313008885,35.577581378],[129.313011542,35.577625817],[129.313017083,35.577722574],[129.313018054,35.577756345],[129.313111032,35.577753434],[129.313108845,35.577725318],[129.313102744,35.577633076],[129.313101505,35.577613953],[129.313079362,35.577347439],[129.313047378,35.576906535],[129.313041546,35.576799646],[129.313041564,35.57675234],[129.313019121,35.576499348],[129.311817955,35.574273477],[129.311754194,35.574288011],[129.312942282,35.576512087],[129.312963685,35.576776547],[129.312947954,35.576781169],[129.312911042,35.576792015],[129.312876885,35.576802807],[129.312563569,35.576910191],[129.312517894,35.576927962],[129.31251038,35.576930359],[129.31249468,35.576935729],[129.312305636,35.577001868],[129.312287885,35.577007841],[129.312070179,35.577084103],[129.311810776,35.577196645]]]]}},{"type":"Feature","id":"1aceeb47c5fd8d387717a2121876213ef28fecc2395e1bd7c08da52d13ea02a5","properties":{"zone_group_id":"311102018909","source_manage_no":"311102018909","facility_name":"손골경로당","facility_type_code":"2","sgg_code":"31110","api_first_registered_on":null,"api_last_modified_on":"2025-03-21","updated_at":"2026-07-25T01:27:52.347112+00:00"},"geometry":{"type":"MultiPolygon","coordinates":[[[[129.322941283,35.564753632],[129.323179522,35.564888703],[129.323233135,35.564835858],[129.323031844,35.564721301],[129.323099254,35.564716623],[129.323253523,35.564712522],[129.323318015,35.564702268],[129.323445035,35.564661524],[129.323567109,35.564592717],[129.323538742,35.564565106],[129.323479998,35.564601329],[129.3234167,35.564635039],[129.323330719,35.564664854],[129.323166968,35.56467477],[129.323069055,35.564673278],[129.323003945,35.564662144],[129.322947209,35.564672422],[129.322941283,35.564753632]]]]}},{"type":"Feature","id":"7ef770434183191a6ae049536d0a1674545485ec4c465931dc718c073bd85f19","properties":{"zone_group_id":"311102012000","source_manage_no":"311102012000","facility_name":"송학경로당","facility_type_code":"2","sgg_code":"31110","api_first_registered_on":"2016-02-01","api_last_modified_on":null,"updated_at":"2026-07-25T01:27:52.347112+00:00"},"geometry":{"type":"MultiPolygon","coordinates":[[[[129.338492374,35.559448425],[129.338524022,35.55949399],[129.340027231,35.558905028],[129.339995501,35.55885665],[129.339094456,35.559211391],[129.338595077,35.558903546],[129.338557572,35.558656484],[129.338530021,35.558657019],[129.338576118,35.558915177],[129.339055705,35.559226647],[129.338492374,35.559448425]]]]}},{"type":"Feature","id":"4397ca7ffac3a63506b550d27e791332b052f064b81a151d560d2d6c34f3be80","properties":{"zone_group_id":"311101012030","source_manage_no":"311101025305","facility_name":"약사가온유치원","facility_type_code":"1","sgg_code":"31110","api_first_registered_on":"2021-04-09","api_last_modified_on":null,"updated_at":"2026-07-25T01:27:52.347112+00:00"},"geometry":{"type":"MultiPolygon","coordinates":[[[[129.338110532,35.570159972],[129.338339736,35.570125114],[129.338385072,35.570119728],[129.338558969,35.570079185],[129.338760947,35.570008812],[129.339065118,35.569802423],[129.339132664,35.569754933],[129.339165338,35.569740782],[129.339191155,35.569727892],[129.339296064,35.569685308],[129.339416685,35.569661566],[129.339492168,35.569649963],[129.339713463,35.569627645],[129.339884439,35.569581525],[129.340100079,35.569483289],[129.340026488,35.56939405],[129.339826349,35.569480158],[129.339734923,35.569512344],[129.339621027,35.569530324],[129.339414887,35.569552348],[129.339361318,35.569559019],[129.339280849,35.56958874],[129.339091304,35.569659999],[129.339008668,35.569710034],[129.338836457,35.569832204],[129.338651779,35.569952362],[129.338457576,35.57000569],[129.338205343,35.570054511],[129.338110532,35.570159972]]]]}},{"type":"Feature","id":"89d1f3f529c1db335445417510b70feeae5ccb9878150bcc142eeef6bc9f7bdf","properties":{"zone_group_id":"311102012028","source_manage_no":"311102012028","facility_name":"약사경로당","facility_type_code":"2","sgg_code":"31110","api_first_registered_on":"2011-05-23","api_last_modified_on":null,"updated_at":"2026-07-25T01:27:52.347112+00:00"},"geometry":{"type":"MultiPolygon","coordinates":[[[[129.336770527,35.570074437],[129.337029122,35.570268217],[129.337872703,35.570170193],[129.337968334,35.570069222],[129.337321467,35.570129077],[129.337255567,35.570135724],[129.33766122,35.569676464],[129.337610705,35.569645908],[129.337230014,35.570065525],[129.33720267,35.570097029],[129.33715884,35.57014548],[129.337086424,35.570152784],[129.33683091,35.569993861],[129.336770527,35.570074437]]]]}},{"type":"Feature","id":"fb77de4d052400a4f7790bc4d14669662ef51096c7e5d2f37fcb478f5f9664f7","properties":{"zone_group_id":"311101012027","source_manage_no":"311101012027","facility_name":"약사초등학교","facility_type_code":"1","sgg_code":"31110","api_first_registered_on":null,"api_last_modified_on":null,"updated_at":"2026-07-25T01:27:52.347112+00:00"},"geometry":{"type":"MultiPolygon","coordinates":[[[[129.332124645,35.568358907],[129.332323549,35.568467689],[129.33489334,35.565554816],[129.334700147,35.565452686],[129.334202814,35.566009149],[129.334087892,35.566134144],[129.333713397,35.56655363],[129.333604591,35.566675691],[129.333352908,35.566957076],[129.332124645,35.568358907]]]]}},{"type":"Feature","id":"1df957936bb786b1bc4e6af45f95e48ce9560ceb45eef5a1630622483f0634f3","properties":{"zone_group_id":"311101011981","source_manage_no":"311101011981","facility_name":"양사초등학교","facility_type_code":"1","sgg_code":"31110","api_first_registered_on":null,"api_last_modified_on":null,"updated_at":"2026-07-25T01:27:52.347112+00:00"},"geometry":{"type":"MultiPolygon","coordinates":[[[[129.319089495,35.556692145],[129.319506984,35.556926269],[129.320062157,35.557298532],[129.320173054,35.557177007],[129.319271947,35.556614296],[129.318414933,35.55605073],[129.31830807,35.556168797],[129.319089495,35.556692145]]],[[[129.317964853,35.55787291],[129.317955693,35.55782407],[129.318064787,35.557412515],[129.318003562,35.557404397],[129.317897482,35.557812936],[129.317844462,35.557838464],[129.317988107,35.557890633],[129.317964853,35.55787291]]],[[[129.317990427,35.5579652],[129.318025175,35.557975232],[129.318051592,35.557983171],[129.318074533,35.557990051],[129.318096096,35.557996957],[129.318119645,35.558002975],[129.318162148,35.558017087],[129.318199634,35.558026502],[129.318247372,35.558032905],[129.318272938,35.558035229],[129.318294372,35.558037633],[129.318314379,35.558038374],[129.318348867,35.5580394],[129.31839167,35.558041956],[129.318421336,35.558043074],[129.31846755,35.558044438],[129.318516519,35.558045748],[129.31852959,35.558044934],[129.318562733,35.558047112],[129.318613753,35.55804782],[129.318673596,35.558043852],[129.318694933,35.558042879],[129.318705937,35.558042104],[129.31873831,35.558041481],[129.318813964,35.558036083],[129.318827019,35.558034706],[129.31884765,35.558033182],[129.318875826,35.558030387],[129.318892324,35.558028944],[129.318910168,35.558026348],[129.31892665,35.558024341],[129.318938967,35.558021288],[129.31895609,35.55801758],[129.31897869,35.558012639],[129.319017724,35.558004004],[129.319041702,35.557999037],[129.319066369,35.557994057],[129.319110062,35.5579797],[129.319156543,35.557966416],[129.319261773,35.557935107],[129.319298643,35.557923134],[129.319331413,35.557912366],[129.31948254,35.55784751],[129.319520496,35.557825379],[129.319565177,35.557797487],[129.319600443,35.557777661],[129.319652044,35.557750762],[129.31969538,35.557724022],[129.319730451,35.557697442],[129.319786946,35.557649049],[129.319815259,35.557627104],[129.319843539,35.557604033],[129.319863813,35.557590127],[129.319904296,35.557560063],[129.319931393,35.557543773],[129.319965249,35.557522847],[129.319996413,35.557504226],[129.320045162,35.557474003],[129.32011963,35.557427516],[129.320057849,35.557388158],[129.319994093,35.557423738],[129.319922169,35.557462855],[129.319897106,35.55747798],[129.31989038,35.557483741],[129.319881572,35.557488979],[129.319861954,35.557501746],[129.319847077,35.557511606],[129.319822702,35.557526717],[129.319786845,35.557549934],[129.319759206,35.557571303],[129.319739636,35.557585759],[129.319660014,35.557644734],[129.319603292,35.557685247],[129.319514157,35.557748911],[129.319446316,35.557786259],[129.319368767,35.557821541],[129.319342918,35.557833302],[129.319305456,35.557848665],[129.319095896,35.557918588],[129.318969985,35.557949733],[129.318867104,35.557962764],[129.318723549,35.557969597],[129.318704102,35.557969274],[129.318562627,35.55797165],[129.318539224,35.557972664],[129.318349693,35.557972368],[129.318247476,35.557964761],[129.318166255,35.55794436],[129.318062895,35.557921006],[129.317714082,35.557798188],[129.317125741,35.557566216],[129.317087445,35.557624395],[129.31764804,35.557850142],[129.317990427,35.5579652]]]]}},{"type":"Feature","id":"75b47ca2055a6e09ae981abcd5edb811c1509af67884ad1d416b5042c3fde4ae","properties":{"zone_group_id":"311101012033","source_manage_no":"311101012033","facility_name":"양지유치원","facility_type_code":"1","sgg_code":"31110","api_first_registered_on":null,"api_last_modified_on":null,"updated_at":"2026-07-25T01:27:52.347112+00:00"},"geometry":{"type":"MultiPolygon","coordinates":[[[[129.311519968,35.558510557],[129.312492494,35.55896946],[129.312512478,35.558945424],[129.311541234,35.558483117],[129.311519968,35.558510557]]]]}},{"type":"Feature","id":"815699639ed9c6e198469f82ea954b10989f84ecad7e9d3b95391e2223ad585a","properties":{"zone_group_id":"311102018927","source_manage_no":"311102018927","facility_name":"양지큰사랑노인복지센터","facility_type_code":"2","sgg_code":"31110","api_first_registered_on":"2020-05-07","api_last_modified_on":"2025-03-21","updated_at":"2026-07-25T01:27:52.347112+00:00"},"geometry":{"type":"MultiPolygon","coordinates":[[[[129.309923733,35.572985019],[129.310972709,35.573027978],[129.31133219,35.572872408],[129.311286546,35.57281922],[129.310976021,35.572951325],[129.309965367,35.572898621],[129.309923733,35.572985019]]]]}},{"type":"Feature","id":"ea52d2b2a5926c9c6ac81a29f7a28d7a29d0afd7cc8f467a9dabbe4718734440","properties":{"zone_group_id":"311101012022","source_manage_no":"311101012022","facility_name":"영광예능어린이집","facility_type_code":"1","sgg_code":"31110","api_first_registered_on":null,"api_last_modified_on":null,"updated_at":"2026-07-25T01:27:52.347112+00:00"},"geometry":{"type":"MultiPolygon","coordinates":[[[[129.316516886,35.577738858],[129.317012964,35.578447912],[129.317052438,35.578430258],[129.316557737,35.577721178],[129.316516886,35.577738858]]]]}},{"type":"Feature","id":"c60a645ee288a430dbdbe3ad58d6687a72578991a05bc9d80f870ad5cb57ef94","properties":{"zone_group_id":"311101011994","source_manage_no":"311101011994","facility_name":"예원유치원","facility_type_code":"1","sgg_code":"31110","api_first_registered_on":null,"api_last_modified_on":null,"updated_at":"2026-07-25T01:27:52.347112+00:00"},"geometry":{"type":"MultiPolygon","coordinates":[[[[129.267941349,35.565710585],[129.267983885,35.565755298],[129.268759473,35.565245776],[129.268719848,35.565209353],[129.267941349,35.565710585]]]]}},{"type":"Feature","id":"4fa818d2092b6dd6fbbfb79f3fe6b43fa2d5397e53be23b934fc717e1038654c","properties":{"zone_group_id":"311101012049","source_manage_no":"311101012049","facility_name":"옥성초등학교","facility_type_code":"1","sgg_code":"31110","api_first_registered_on":null,"api_last_modified_on":null,"updated_at":"2026-07-25T01:27:52.347112+00:00"},"geometry":{"type":"MultiPolygon","coordinates":[[[[129.333710278,35.552540771],[129.33378985,35.553146018],[129.333766084,35.553181973],[129.333947863,35.553176762],[129.333897196,35.553140559],[129.333832478,35.552548546],[129.333854579,35.552455156],[129.333800122,35.552430858],[129.333699368,35.552449711],[129.33364879,35.552487875],[129.333710278,35.552540771]]],[[[129.333809851,35.553265394],[129.33403381,35.553241346],[129.334245616,35.55322598],[129.334308161,35.553220263],[129.334378971,35.553214387],[129.334710932,35.55318374],[129.334937743,35.553163014],[129.335020967,35.553157459],[129.335359223,35.553130068],[129.33558264,35.553111096],[129.335727735,35.5531004],[129.336076192,35.553068303],[129.336066508,35.552995843],[129.335768199,35.553022462],[129.335590208,35.553039428],[129.335408676,35.553056712],[129.335312038,35.552358889],[129.335294803,35.55235866],[129.335383282,35.55305913],[129.335359986,35.553061348],[129.334972189,35.553091388],[129.334722026,35.553114819],[129.333799431,35.553191258],[129.333423505,35.553226696],[129.333430973,35.553294131],[129.333809851,35.553265394]]],[[[129.333846311,35.553667201],[129.33395779,35.553661662],[129.333914247,35.553300799],[129.333968565,35.553249041],[129.333766565,35.553269855],[129.333809212,35.553314665],[129.333846311,35.553667201]]]]}},{"type":"Feature","id":"018f329c42809975d155c89d95016adecd23de04caeb3cda1436ddf44c585857","properties":{"zone_group_id":"311101012039","source_manage_no":"311101012039","facility_name":"외솔초등학교","facility_type_code":"1","sgg_code":"31110","api_first_registered_on":null,"api_last_modified_on":null,"updated_at":"2026-07-25T01:27:52.347112+00:00"},"geometry":{"type":"MultiPolygon","coordinates":[[[[129.340703754,35.582433005],[129.341182791,35.583116681],[129.341491949,35.583648158],[129.341932613,35.584292011],[129.342235677,35.584614019],[129.342435196,35.584931279],[129.342500555,35.585186919],[129.342763068,35.585110825],[129.342745335,35.584995956],[129.342774111,35.58511336],[129.343301663,35.5849533],[129.3437026,35.584801332],[129.344004844,35.584669304],[129.344809464,35.584270699],[129.344706374,35.5841398],[129.343607713,35.58466802],[129.343547802,35.584693965],[129.343163073,35.584834353],[129.342740667,35.58496572],[129.342737573,35.584945681],[129.342495728,35.584453464],[129.342192269,35.584117943],[129.341804854,35.58359813],[129.340990474,35.582336163],[129.340601308,35.581613555],[129.34045948,35.581430388],[129.340107407,35.581555542],[129.340703754,35.582433005]]],[[[129.342614739,35.585698521],[129.342593088,35.586233046],[129.342613958,35.586523356],[129.342720072,35.586899898],[129.342998831,35.586813347],[129.342965756,35.586672013],[129.342866817,35.585406284],[129.34278807,35.5851171],[129.342504886,35.585193595],[129.342614739,35.585698521]]]]}},{"type":"Feature","id":"c5a90c07de0bf5109241aff95cb170095e6d306452b99391cb3bd93c1f076981","properties":{"zone_group_id":"311101012009","source_manage_no":"311101012001","facility_name":"울산유치원","facility_type_code":"1","sgg_code":"31110","api_first_registered_on":null,"api_last_modified_on":null,"updated_at":"2026-07-25T01:27:52.347112+00:00"},"geometry":{"type":"MultiPolygon","coordinates":[[[[129.330510695,35.558125656],[129.3305959,35.5587356],[129.330639853,35.558730245],[129.330584195,35.558331478],[129.330557272,35.558115745],[129.330510695,35.558125656]]]]}},{"type":"Feature","id":"8bb8fb85fac23e7f67cf6d8d0dd455cbd061d451bb4839b5335663313422053d","properties":{"zone_group_id":"311101012040","source_manage_no":"311101012040","facility_name":"울산초등학교","facility_type_code":"1","sgg_code":"31110","api_first_registered_on":null,"api_last_modified_on":null,"updated_at":"2026-07-25T01:27:52.347112+00:00"},"geometry":{"type":"MultiPolygon","coordinates":[[[[129.297437109,35.560583114],[129.297587346,35.560679366],[129.297743379,35.560737213],[129.29787099,35.560765191],[129.297901459,35.560770241],[129.29820198,35.560771268],[129.298317992,35.560779193],[129.298468992,35.560805597],[129.299957377,35.561374153],[129.300046545,35.561407367],[129.300092522,35.561424511],[129.300205368,35.561466283],[129.300620578,35.561621674],[129.300939862,35.561748485],[129.301021537,35.561808873],[129.301058386,35.561844212],[129.301112766,35.561914133],[129.301135137,35.561973401],[129.301179057,35.562159533],[129.301218561,35.562384044],[129.301178932,35.562637098],[129.301000686,35.563007685],[129.301121929,35.563053802],[129.301226702,35.562861451],[129.301281441,35.562751152],[129.301313147,35.562654809],[129.301339148,35.562551816],[129.301354707,35.562469297],[129.301347837,35.562373691],[129.301327917,35.562207374],[129.301294639,35.562055956],[129.301260788,35.561932706],[129.301203839,35.561821161],[129.301126805,35.561730273],[129.30104231,35.561667686],[129.301001714,35.561645934],[129.300548695,35.561469866],[129.300505473,35.56145267],[129.299941181,35.561241555],[129.29927635,35.56098505],[129.298919779,35.560855567],[129.298543825,35.560723074],[129.298436781,35.560691326],[129.298330124,35.560673086],[129.298260952,35.560664269],[129.297990772,35.56066379],[129.29779431,35.560638251],[129.29764805,35.560584724],[129.297514826,35.560505042],[129.297437109,35.560583114]]]]}},{"type":"Feature","id":"96f47e8e8ada29d8baf23ff3a9a156ac633ad3fc5c005ae6c1235f0d8945f147","properties":{"zone_group_id":"311101011987","source_manage_no":"311101011987","facility_name":"은성유치원","facility_type_code":"1","sgg_code":"31110","api_first_registered_on":null,"api_last_modified_on":null,"updated_at":"2026-07-25T01:27:52.347112+00:00"},"geometry":{"type":"MultiPolygon","coordinates":[[[[129.350274553,35.572279033],[129.350277409,35.572306009],[129.350345528,35.572301865],[129.350970356,35.572266022],[129.350963924,35.57223461],[129.350809841,35.572245501],[129.350274553,35.572279033]]]]}},{"type":"Feature","id":"447298f2912ef885ba9e5be811618dec1f785cdff2bb1620fd13421ff111c578","properties":{"zone_group_id":"311101022257","source_manage_no":"311101022257","facility_name":"인애어린이집","facility_type_code":"1","sgg_code":"31110","api_first_registered_on":"2020-11-16","api_last_modified_on":null,"updated_at":"2026-07-25T01:27:52.347112+00:00"},"geometry":{"type":"MultiPolygon","coordinates":[[[[129.347038865,35.556646106],[129.347055254,35.556782693],[129.3477482,35.55672356],[129.347899708,35.556714404],[129.34774966,35.556726348],[129.347832942,35.55678177],[129.347862881,35.557063874],[129.347821865,35.557110732],[129.347996049,35.557092971],[129.347960127,35.556942397],[129.347922511,35.556875522],[129.347905064,35.556755857],[129.347938811,35.556712041],[129.347954583,35.556711087],[129.347924321,35.556595053],[129.347862529,35.556603017],[129.347795767,35.556582345],[129.347401843,35.556615373],[129.347183309,35.556636531],[129.347038865,35.556646106]]]]}},{"type":"Feature","id":"a4d105852c2f3e91f0f1de637b7ea2472a88856df1fdca36493c67e4879f098b","properties":{"zone_group_id":"311102012036","source_manage_no":"311102012036","facility_name":"장생경로당","facility_type_code":"2","sgg_code":"31110","api_first_registered_on":null,"api_last_modified_on":null,"updated_at":"2026-07-25T01:27:52.347112+00:00"},"geometry":{"type":"MultiPolygon","coordinates":[[[[129.313363797,35.562476586],[129.313428221,35.562488976],[129.313561243,35.562027204],[129.313496818,35.562014813],[129.313363797,35.562476586]]]]}},{"type":"Feature","id":"519cc97673c32e5076f3bfe0dab0237b5edb466466abe9e68d7decaa6835c16e","properties":{"zone_group_id":"311101012037","source_manage_no":"311101012037","facility_name":"정인유치원","facility_type_code":"1","sgg_code":"31110","api_first_registered_on":null,"api_last_modified_on":null,"updated_at":"2026-07-25T01:27:52.347112+00:00"},"geometry":{"type":"MultiPolygon","coordinates":[[[[129.312374605,35.554669274],[129.312535483,35.554703919],[129.312612602,35.55467766],[129.312502499,35.554635283],[129.311493121,35.554594953],[129.311487785,35.554649119],[129.312374605,35.554669274]]],[[[129.312351202,35.555353793],[129.312370191,35.555283143],[129.312380221,35.55523647],[129.312447487,35.555077143],[129.312492658,35.5549943],[129.312582935,35.554772416],[129.312595972,35.554740474],[129.312639526,35.554715271],[129.312609542,35.554679084],[129.312521504,35.554709085],[129.312352915,35.55512558],[129.312305397,35.555234666],[129.31226578,35.555330924],[129.312351202,35.555353793]]]]}},{"type":"Feature","id":"18e724a17b79a9c44ca65a65f8753e09cea09a930e5d19b2b032b36ee2464a18","properties":{"zone_group_id":"311102011988","source_manage_no":"311102011988","facility_name":"중구노인복지관","facility_type_code":"2","sgg_code":"31110","api_first_registered_on":"2010-12-24","api_last_modified_on":null,"updated_at":"2026-07-25T01:27:52.347112+00:00"},"geometry":{"type":"MultiPolygon","coordinates":[[[[129.341965879,35.562856321],[129.34200642,35.562923112],[129.342243576,35.562736039],[129.342589371,35.562398179],[129.343033161,35.562680141],[129.343084135,35.562631844],[129.342626568,35.562350151],[129.342746228,35.562199151],[129.342684432,35.562159805],[129.342422938,35.562457731],[129.342192277,35.562678467],[129.341965879,35.562856321]]]]}},{"type":"Feature","id":"a1f47e413cb9bc31174bed117c2534c85b68efc0978246896c5adeba9e04ed7c","properties":{"zone_group_id":"311101012042","source_manage_no":"311101012042","facility_name":"태화초등학교","facility_type_code":"1","sgg_code":"31110","api_first_registered_on":null,"api_last_modified_on":"2025-12-12","updated_at":"2026-07-25T01:27:52.347112+00:00"},"geometry":{"type":"MultiPolygon","coordinates":[[[[129.305522051,35.559170287],[129.30553943,35.559247671],[129.305603872,35.559235738],[129.305582214,35.559153367],[129.305540784,35.558958179],[129.305513535,35.558873099],[129.305501128,35.558824904],[129.305488397,35.558765453],[129.305426141,35.558774849],[129.305483369,35.558992261],[129.305522051,35.559170287]]],[[[129.30456789,35.559380964],[129.304828507,35.559449186],[129.304953214,35.559474014],[129.305038497,35.559467877],[129.305153959,35.559456658],[129.305581326,35.559362881],[129.3064626,35.559217849],[129.306428973,35.559505299],[129.306358358,35.560119357],[129.306333268,35.560542393],[129.306279232,35.560676955],[129.306207648,35.560776358],[129.306571927,35.560789669],[129.306592963,35.560513759],[129.306591043,35.560302518],[129.3067482,35.558921174],[129.30675611,35.558920417],[129.306705814,35.558896871],[129.30668804,35.558817771],[129.306666932,35.558766623],[129.306468429,35.558405334],[129.306449897,35.55826371],[129.306433876,35.558065415],[129.306420919,35.557925937],[129.306526329,35.557443896],[129.306370624,35.557421523],[129.306288695,35.557821139],[129.306279621,35.557973433],[129.306319267,35.558310719],[129.306394512,35.55851943],[129.306533275,35.55874411],[129.306557078,35.558817179],[129.306559976,35.558882197],[129.306491157,35.558945771],[129.306494466,35.558945454],[129.306479303,35.559075074],[129.305122602,35.559324351],[129.304885393,35.559319878],[129.304681128,35.559266669],[129.304252486,35.559079302],[129.303203418,35.558585007],[129.303132724,35.558667454],[129.303263441,35.558729034],[129.30456789,35.559380964]]],[[[129.307240407,35.558871425],[129.307680847,35.55905948],[129.307718055,35.559113277],[129.307839075,35.559169695],[129.307940324,35.559347764],[129.308000834,35.55952915],[129.307999478,35.559590024],[129.30809652,35.559603377],[129.308095639,35.55953663],[129.30795823,35.559215161],[129.307926869,35.559148998],[129.307795349,35.559038835],[129.307701625,35.558978937],[129.307308052,35.558809],[129.307185093,35.558775014],[129.307137541,35.558775079],[129.307133691,35.558857129],[129.307171538,35.55884908],[129.307240407,35.558871425]]],[[[129.308861453,35.560291575],[129.310814567,35.560793318],[129.311200574,35.560915217],[129.31132586,35.560742102],[129.310406305,35.560514372],[129.310184405,35.560437073],[129.309986623,35.560443682],[129.308895518,35.560163733],[129.308713929,35.560140168],[129.308653493,35.560123579],[129.308494256,35.560122404],[129.308406932,35.560105484],[129.307963574,35.560074256],[129.30763128,35.560058647],[129.307612571,35.560199294],[129.308347445,35.560236067],[129.308861453,35.560291575]]]]}},{"type":"Feature","id":"86e09bdf4b9daa58eadd026238b9b02429884c0d84239538ac3d051baf890a99","properties":{"zone_group_id":"311101012048","source_manage_no":"311101012048","facility_name":"파랑새생태유치원","facility_type_code":"1","sgg_code":"31110","api_first_registered_on":null,"api_last_modified_on":null,"updated_at":"2026-07-25T01:27:52.347112+00:00"},"geometry":{"type":"MultiPolygon","coordinates":[[[[129.339864471,35.551750931],[129.33997881,35.552649767],[129.340024169,35.552645507],[129.339908484,35.551747824],[129.339864471,35.551750931]]]]}},{"type":"Feature","id":"61e2ea3bd8c815df18b505b72e820e1ebedf2eece5cbf2b2f0f1c7058583272f","properties":{"zone_group_id":"311101012030","source_manage_no":"311101012030","facility_name":"평산초등학교","facility_type_code":"1","sgg_code":"31110","api_first_registered_on":null,"api_last_modified_on":null,"updated_at":"2026-07-25T01:27:52.347112+00:00"},"geometry":{"type":"MultiPolygon","coordinates":[[[[129.334246604,35.569263934],[129.334407302,35.569184198],[129.335032737,35.569110386],[129.335233351,35.569076074],[129.33585158,35.568944085],[129.335861281,35.568942812],[129.335922431,35.56898553],[129.33626745,35.569805636],[129.336804335,35.570135802],[129.337355584,35.570248495],[129.337617563,35.570220735],[129.337837429,35.570208441],[129.337983151,35.570046311],[129.337777849,35.570079451],[129.337683336,35.570082552],[129.33731563,35.570095179],[129.337081755,35.570135351],[129.336860472,35.570009919],[129.336613359,35.569813858],[129.336556455,35.569776932],[129.336449734,35.569697872],[129.336384744,35.569560535],[129.336391413,35.569540968],[129.336353802,35.569456342],[129.336331955,35.569451694],[129.336116891,35.568988521],[129.336171417,35.568908024],[129.335863705,35.568942494],[129.336168811,35.56890244],[129.33651889,35.568496762],[129.33704774,35.567910144],[129.337630892,35.5672712],[129.338070243,35.566771669],[129.338157119,35.566666036],[129.338654133,35.566123128],[129.338764375,35.566110002],[129.338459249,35.565927466],[129.338479761,35.566028481],[129.338308127,35.566241398],[129.33793644,35.566650035],[129.337643606,35.566973476],[129.337478794,35.56713668],[129.336130977,35.568644008],[129.335906442,35.568780198],[129.335598655,35.568862224],[129.335092766,35.56895823],[129.334420282,35.569049574],[129.334161062,35.569095161],[129.334057923,35.569139415],[129.333650909,35.569222513],[129.333607763,35.569374622],[129.333941771,35.569305333],[129.334246604,35.569263934]]],[[[129.337294148,35.56903682],[129.337997018,35.568213899],[129.338083613,35.568203863],[129.338599808,35.568521887],[129.339073058,35.568785107],[129.33907366,35.5688058],[129.339191562,35.568682661],[129.339107244,35.568692608],[129.338184241,35.568144444],[129.338167932,35.568064707],[129.338571877,35.567608589],[129.337806383,35.56714934],[129.337787762,35.567095614],[129.337635685,35.567270121],[129.337712038,35.567264837],[129.338017852,35.567447221],[129.338095961,35.567502327],[129.33831238,35.567620668],[129.338323791,35.567693125],[129.338155525,35.567879779],[129.337994393,35.568062913],[129.337752066,35.568333823],[129.337147074,35.569027841],[129.337309937,35.569117644],[129.337294148,35.56903682]]],[[[129.337841868,35.569526355],[129.338210533,35.56974245],[129.338215157,35.569777009],[129.338298614,35.56969595],[129.337143666,35.569029175],[129.33709485,35.56909266],[129.337452544,35.569293053],[129.337841868,35.569526355]]],[[[129.338296617,35.569959175],[129.338711847,35.569494958],[129.338892083,35.569293227],[129.338929351,35.569247451],[129.339348314,35.568769643],[129.340619048,35.567339321],[129.340693711,35.567252271],[129.340549087,35.567161596],[129.339856481,35.567946575],[129.339197094,35.568689232],[129.338368186,35.56962327],[129.3382241,35.569788256],[129.337744401,35.570311165],[129.337677639,35.570385671],[129.3375575,35.570520907],[129.336364849,35.571859918],[129.336489095,35.571934879],[129.338296617,35.569959175]]]]}},{"type":"Feature","id":"e6cca84174e445a971017c28d157fff2dc95f0907ea227a1403330336b6f4d6c","properties":{"zone_group_id":"311102025923","source_manage_no":"311102025923","facility_name":"풍암경로당회관","facility_type_code":"2","sgg_code":"31110","api_first_registered_on":"2022-04-14","api_last_modified_on":"2025-03-21","updated_at":"2026-07-25T01:27:52.347112+00:00"},"geometry":{"type":"MultiPolygon","coordinates":[[[[129.291204846,35.58972037],[129.291364776,35.58971958],[129.291483425,35.589721829],[129.291745531,35.589725853],[129.291894692,35.589734279],[129.292127699,35.589781656],[129.292414809,35.589888825],[129.292441216,35.589847775],[129.292254104,35.589765735],[129.292015071,35.589700451],[129.291721683,35.589663233],[129.29120619,35.589670786],[129.291204846,35.58972037]]]]}},{"type":"Feature","id":"9b0a81fa296acca08801e1f5c3f0218f214d02fcdbc861dc5ebc7818a40dd1d7","properties":{"zone_group_id":"311102012051","source_manage_no":"311102012051","facility_name":"학성동경로당","facility_type_code":"2","sgg_code":"31110","api_first_registered_on":"2009-03-05","api_last_modified_on":null,"updated_at":"2026-07-25T01:27:52.347112+00:00"},"geometry":{"type":"MultiPolygon","coordinates":[[[[129.333071204,35.555548311],[129.33477939,35.555612092],[129.33529563,35.555638131],[129.335295706,35.555545771],[129.334768447,35.555519945],[129.334176464,35.555498552],[129.334108066,35.554943672],[129.334033713,35.554946239],[129.334104779,35.555495633],[129.334126521,35.555496747],[129.334078574,35.555495014],[129.333095556,35.55543746],[129.333071204,35.555548311]]]]}},{"type":"Feature","id":"3205d299245b187fa08ab95c60bc278172bcb940449c9400f64a0dbff31edf2f","properties":{"zone_group_id":"311101011998","source_manage_no":"311101011998","facility_name":"학성초등학교","facility_type_code":"1","sgg_code":"31110","api_first_registered_on":"1996-06-24","api_last_modified_on":"2025-12-17","updated_at":"2026-07-25T01:27:52.347112+00:00"},"geometry":{"type":"MultiPolygon","coordinates":[[[[129.344273934,35.55862946],[129.344322392,35.558610993],[129.344344813,35.558643575],[129.345245501,35.559202974],[129.345281133,35.559166363],[129.344430899,35.558635561],[129.344443751,35.558597704],[129.344393838,35.558566023],[129.344443673,35.55859503],[129.34497336,35.558549651],[129.344965388,35.558488959],[129.344360296,35.55854493],[129.344305145,35.558523919],[129.344236083,35.55856625],[129.344302398,35.55860045],[129.344178241,35.55853836],[129.344232384,35.558563505],[129.344305063,35.558521103],[129.344099281,35.558039875],[129.344134015,35.557990183],[129.343978597,35.558013489],[129.344020711,35.558039713],[129.344062236,35.55815215],[129.344033602,35.558162848],[129.344174748,35.558536738],[129.344178241,35.55853836],[129.344172116,35.558576509],[129.343675209,35.559191269],[129.343779143,35.55924587],[129.344273934,35.55862946]]],[[[129.344706065,35.559735765],[129.343030163,35.558866745],[129.342870907,35.559073601],[129.344546462,35.559934849],[129.344706065,35.559735765]]],[[[129.342380522,35.561148072],[129.34255822,35.560931088],[129.342636043,35.560816753],[129.34270629,35.560690735],[129.34309419,35.560189792],[129.34319216,35.560057318],[129.343431234,35.559758995],[129.343634292,35.559490106],[129.343540973,35.559445017],[129.343193009,35.55990307],[129.342817735,35.560399683],[129.342598337,35.56067565],[129.342525937,35.560816499],[129.342306377,35.561104723],[129.342247189,35.561113479],[129.342388504,35.561209187],[129.342380522,35.561148072]]],[[[129.341191425,35.560506505],[129.341433756,35.560680959],[129.341645904,35.560830646],[129.341816738,35.560928316],[129.3421988,35.561161746],[129.342352661,35.56126228],[129.342391025,35.561212941],[129.342243966,35.561115232],[129.34205034,35.560998146],[129.341773841,35.560821963],[129.341520107,35.56066421],[129.341340665,35.560519381],[129.341176389,35.56041609],[129.341157523,35.560336171],[129.341033215,35.560469578],[129.34113913,35.560467942],[129.341191425,35.560506505]]]]}},{"type":"Feature","id":"5f8e41ead44cf549195c61a264d3480eee4d97df2262a3d887ac617f9cbaa697","properties":{"zone_group_id":"311102012047","source_manage_no":"311102012047","facility_name":"함월노인복지관","facility_type_code":"2","sgg_code":"31110","api_first_registered_on":"2016-02-01","api_last_modified_on":null,"updated_at":"2026-07-25T01:27:52.347112+00:00"},"geometry":{"type":"MultiPolygon","coordinates":[[[[129.295309459,35.560515225],[129.295559813,35.560593805],[129.295689126,35.560681448],[129.296073394,35.561066923],[129.295709226,35.561289283],[129.295531357,35.561432336],[129.295458576,35.561586903],[129.295405024,35.561835716],[129.295576369,35.561850473],[129.295603909,35.56165622],[129.295665797,35.561506366],[129.295817012,35.561395357],[129.296369588,35.561051435],[129.297415138,35.560400761],[129.297748546,35.559912335],[129.297586811,35.559847839],[129.297280056,35.560304219],[129.296272823,35.560945151],[129.296177376,35.561003431],[129.296226754,35.560973061],[129.295831881,35.560563842],[129.295621636,35.560441699],[129.295360134,35.560358827],[129.295309459,35.560515225]]]]}},{"type":"Feature","id":"eee07524a125f72f9832be8ffd46bbcb34983f61e1b6b12789607ace46e83cc7","properties":{"zone_group_id":"311101012009","source_manage_no":"311101012009","facility_name":"함월초등학교","facility_type_code":"1","sgg_code":"31110","api_first_registered_on":null,"api_last_modified_on":null,"updated_at":"2026-07-25T01:27:52.347112+00:00"},"geometry":{"type":"MultiPolygon","coordinates":[[[[129.328340451,35.558562056],[129.328395043,35.558662415],[129.32879932,35.558629249],[129.328878833,35.558590528],[129.329154456,35.558541255],[129.329310571,35.558506123],[129.329878211,35.558331199],[129.330005103,35.55828649],[129.330482848,35.558148795],[129.330597732,35.55811784],[129.330798621,35.558058177],[129.331042756,35.557992607],[129.331620916,35.557824232],[129.331568435,35.557725525],[129.330770693,35.557950544],[129.330377524,35.558081533],[129.329988092,35.55818213],[129.329951235,35.558163582],[129.329957836,35.557963164],[129.329791421,35.557963846],[129.32978897,35.558200524],[129.32975243,35.558259543],[129.329945347,35.558197493],[129.329764671,35.558265785],[129.329369188,35.558388365],[129.329047506,35.558489235],[129.32870148,35.558534798],[129.328340451,35.558562056]]]]}},{"type":"Feature","id":"cedb02948ec188de1a961f70e9b40672faaf30cb0c8aa572f52455e16e898293","properties":{"zone_group_id":"311102011995","source_manage_no":"311102011995","facility_name":"행운회관경로당","facility_type_code":"2","sgg_code":"31110","api_first_registered_on":null,"api_last_modified_on":null,"updated_at":"2026-07-25T01:27:52.347112+00:00"},"geometry":{"type":"MultiPolygon","coordinates":[[[[129.264819289,35.559857102],[129.265218857,35.560536657],[129.26528755,35.56050898],[129.264876517,35.559833499],[129.264819289,35.559857102]]]]}},{"type":"Feature","id":"e958ad25a603140331430aa673da0d794bde44e79f1e195b148af45bf6394502","properties":{"zone_group_id":"311101012032","source_manage_no":"311101012032","facility_name":"혜인학교","facility_type_code":"1","sgg_code":"31110","api_first_registered_on":null,"api_last_modified_on":null,"updated_at":"2026-07-25T01:27:52.347112+00:00"},"geometry":{"type":"MultiPolygon","coordinates":[[[[129.335841188,35.574675158],[129.33662061,35.575214192],[129.337251502,35.575670503],[129.337290998,35.575701273],[129.337432188,35.575815671],[129.338004171,35.576237078],[129.338066368,35.576289934],[129.338503194,35.576709456],[129.33871146,35.576570256],[129.338283228,35.576161831],[129.338156404,35.576067429],[129.33763156,35.575678227],[129.338737737,35.574653319],[129.338585787,35.574548142],[129.337480242,35.575567359],[129.335991322,35.574528078],[129.335841188,35.574675158]]]]}},{"type":"Feature","id":"ef2546954a29ac6eb7ad8f39ca126d9056044da44ff1a693aa7f3985c39c042c","properties":{"zone_group_id":"311101012010","source_manage_no":"311101012010","facility_name":"혜화유치원","facility_type_code":"1","sgg_code":"31110","api_first_registered_on":null,"api_last_modified_on":null,"updated_at":"2026-07-25T01:27:52.347112+00:00"},"geometry":{"type":"MultiPolygon","coordinates":[[[[129.334373078,35.562260992],[129.334409534,35.562282249],[129.334779504,35.561868596],[129.33475055,35.561849893],[129.334373078,35.562260992]]]]}},{"type":"Feature","id":"c4ef7bbbc9542b8cc1cd2910174d33c3d0f4c44019e4568e02bc83872ff8b1b7","properties":{"zone_group_id":"311102025360","source_manage_no":"311102025360","facility_name":"효자실버요양원","facility_type_code":"2","sgg_code":"31110","api_first_registered_on":"2021-07-27","api_last_modified_on":"2025-03-21","updated_at":"2026-07-25T01:27:52.347112+00:00"},"geometry":{"type":"MultiPolygon","coordinates":[[[[129.325286475,35.580668404],[129.325362383,35.580718749],[129.326370626,35.579922124],[129.326002154,35.579480964],[129.325931673,35.579522872],[129.326232505,35.579913528],[129.325286475,35.580668404]]]]}},{"type":"Feature","id":"b951fd072690da83071c521b451af82f8669309ef4cfc67addbb6276caf1d9d8","properties":{"zone_group_id":"311402021921","source_manage_no":"311402021921","facility_name":"갈현경로당","facility_type_code":"2","sgg_code":"31140","api_first_registered_on":"2020-05-07","api_last_modified_on":"2025-03-24","updated_at":"2026-07-25T01:27:52.347112+00:00"},"geometry":{"type":"MultiPolygon","coordinates":[[[[129.28817058,35.522969822],[129.288213027,35.52330016],[129.288308962,35.5234763],[129.288506222,35.523630243],[129.288650196,35.523751407],[129.288663642,35.523836753],[129.288852013,35.523677743],[129.288664226,35.523663286],[129.288396644,35.523458867],[129.288295265,35.523285083],[129.288255827,35.522963699],[129.28817058,35.522969822]]]]}},{"type":"Feature","id":"107f9a0f9b3d87d910f4d254d7f19adb0d358cd9e70d32a1d5d7bcb38a089c52","properties":{"zone_group_id":"311401011746","source_manage_no":"311401011746","facility_name":"강남새싹유치원","facility_type_code":"1","sgg_code":"31140","api_first_registered_on":null,"api_last_modified_on":null,"updated_at":"2026-07-25T01:27:52.347112+00:00"},"geometry":{"type":"MultiPolygon","coordinates":[[[[129.318593417,35.525036348],[129.318652771,35.525052109],[129.318734284,35.524832502],[129.318907577,35.524498729],[129.319023217,35.52420832],[129.319065864,35.524191089],[129.319299267,35.524249491],[129.31939179,35.524268839],[129.319585463,35.524320045],[129.319569435,35.524229926],[129.31933834,35.524170989],[129.31909252,35.524103038],[129.318829568,35.524014289],[129.318825815,35.524135212],[129.31895062,35.524163236],[129.318956109,35.524164561],[129.31896288,35.524194269],[129.318941667,35.524247074],[129.318912629,35.524315242],[129.318848514,35.524421269],[129.318593417,35.525036348]]]]}},{"type":"Feature","id":"ba30388f8904b83a3e5f614136f1c7a41f7255b56f7a769020528e47c24b1f29","properties":{"zone_group_id":"311401011674","source_manage_no":"311401011674","facility_name":"강남초등학교","facility_type_code":"1","sgg_code":"31140","api_first_registered_on":null,"api_last_modified_on":null,"updated_at":"2026-07-25T01:27:52.347112+00:00"},"geometry":{"type":"MultiPolygon","coordinates":[[[[129.319413838,35.537479534],[129.319891405,35.537590349],[129.320400545,35.537720838],[129.32041101,35.537745372],[129.320090214,35.538512202],[129.320200533,35.538538813],[129.32058093,35.537608627],[129.320480844,35.53757844],[129.320460139,35.537627934],[129.320462952,35.53762104],[129.320421727,35.537642961],[129.319231639,35.537361343],[129.319081147,35.537303391],[129.318450806,35.537127057],[129.318318629,35.537094949],[129.318282648,35.537173392],[129.318410864,35.537211491],[129.319413838,35.537479534]]],[[[129.318349126,35.538504101],[129.317961411,35.538421131],[129.317931504,35.538387479],[129.317928175,35.538386533],[129.318372817,35.537238935],[129.318418618,35.537214391],[129.318286799,35.537176783],[129.318306749,35.537223585],[129.317856628,35.538365397],[129.317878826,35.538372507],[129.317854915,35.538365711],[129.317812498,35.538382162],[129.317652846,35.538341145],[129.317634138,35.538391366],[129.318284647,35.538561964],[129.318349126,35.538504101]]],[[[129.318355397,35.538632156],[129.318413752,35.538648781],[129.318376151,35.538527386],[129.318348638,35.538505097],[129.318283138,35.538563402],[129.318299561,35.538595341],[129.318180619,35.538915391],[129.31811668,35.538938171],[129.318208376,35.539017961],[129.318355397,35.538632156]]],[[[129.318761878,35.53901985],[129.318849374,35.538971686],[129.318813086,35.538931818],[129.318796498,35.538894107],[129.318663282,35.538790186],[129.318546017,35.538647927],[129.318462456,35.538509669],[129.318376631,35.538526109],[129.318414846,35.538650873],[129.318761878,35.53901985]]]]}},{"type":"Feature","id":"d2472d2e38628cc0bf1d0288d39a5ae948df9d2f9f179329b0edbf730562576b","properties":{"zone_group_id":"311401011712","source_manage_no":"311401011712","facility_name":"개운초등학교","facility_type_code":"1","sgg_code":"31140","api_first_registered_on":null,"api_last_modified_on":null,"updated_at":"2026-07-25T01:27:52.347112+00:00"},"geometry":{"type":"MultiPolygon","coordinates":[[[[129.310665764,35.513742205],[129.310692775,35.513819438],[129.311069796,35.513780098],[129.3111337,35.513801522],[129.311136998,35.513817685],[129.31115215,35.513913738],[129.311244796,35.51390182],[129.311197388,35.51368976],[129.311236987,35.513652407],[129.311239886,35.513658521],[129.312365893,35.513508473],[129.31242464,35.513539461],[129.312319574,35.513622607],[129.312446058,35.513709764],[129.31252476,35.513644025],[129.312503672,35.513629218],[129.312481964,35.513448779],[129.311211294,35.51359822],[129.311211294,35.51359822],[129.311181702,35.513575124],[129.310992326,35.512591658],[129.310899585,35.512488077],[129.311004572,35.512586352],[129.311043182,35.512563639],[129.31120803,35.512619638],[129.311297028,35.512624692],[129.311434816,35.512601768],[129.312207977,35.512397638],[129.312189905,35.512343897],[129.311394027,35.512548463],[129.311259933,35.512556104],[129.311106041,35.512521869],[129.311036727,35.512482632],[129.310898591,35.512486967],[129.31089413,35.512481984],[129.310848131,35.512535263],[129.310873028,35.512610847],[129.31092361,35.512645372],[129.311105742,35.513664473],[129.311128637,35.513776703],[129.31109782,35.513676456],[129.311061372,35.513702508],[129.310707359,35.513751549],[129.310665764,35.513742205]]]]}},{"type":"Feature","id":"e1372543df7309ef242082d0a96ad370d325bab41eda6edbbd65ade2d360d4a2","properties":{"zone_group_id":"311401011750","source_manage_no":"311401011750","facility_name":"격동초등학교","facility_type_code":"1","sgg_code":"31140","api_first_registered_on":null,"api_last_modified_on":null,"updated_at":"2026-07-25T01:27:52.347112+00:00"},"geometry":{"type":"MultiPolygon","coordinates":[[[[129.287822172,35.534817855],[129.287849545,35.534908327],[129.291823923,35.534278712],[129.291874488,35.534312401],[129.291833721,35.534150913],[129.291795577,35.534190514],[129.290909674,35.534334066],[129.29105383,35.534309268],[129.291019071,35.534286265],[129.290814236,35.533412925],[129.290807041,35.533305309],[129.2907602,35.533129992],[129.290768656,35.533118422],[129.290614359,35.53314375],[129.290658141,35.533169117],[129.290683933,35.53329744],[129.290650851,35.53333673],[129.28945685,35.533523789],[129.289411178,35.533504528],[129.289384945,35.533375568],[129.289393149,35.533364872],[129.289462784,35.533331238],[129.291376804,35.533011033],[129.291341815,35.532944118],[129.28935743,35.533262279],[129.288737482,35.533568025],[129.288785542,35.533658346],[129.289270259,35.533424228],[129.289303382,35.533432895],[129.289455405,35.534091032],[129.289566522,35.53450979],[129.289519248,35.53455548],[129.289697317,35.534530124],[129.289646969,35.534504037],[129.289438204,35.533637389],[129.289437323,35.533633059],[129.28947018,35.533592835],[129.290677118,35.533406375],[129.290715383,35.533425509],[129.290705382,35.533383221],[129.290932163,35.534282846],[129.290904736,35.534334866],[129.289698013,35.534530393],[129.288847039,35.534660645],[129.287931217,35.534800151],[129.287822172,35.534817855]]]]}},{"type":"Feature","id":"e4a8b733705307309854acb4e9d486c39ffd2003f1f22e0161d1775dcf33e58a","properties":{"zone_group_id":"311401026019","source_manage_no":"311401026019","facility_name":"금란유치원","facility_type_code":"1","sgg_code":"31140","api_first_registered_on":"2022-11-10","api_last_modified_on":null,"updated_at":"2026-07-25T01:27:52.347112+00:00"},"geometry":{"type":"MultiPolygon","coordinates":[[[[129.318282952,35.523196683],[129.318524227,35.523232009],[129.318523715,35.523232618],[129.318456527,35.523411384],[129.31868327,35.523462801],[129.318981541,35.522696461],[129.318757498,35.522666966],[129.318601644,35.523139847],[129.318582029,35.523163197],[129.318601595,35.523138158],[129.3182969,35.523106832],[129.318282952,35.523196683]]]]}},{"type":"Feature","id":"5ff573ec469e3f56433d80d340f9cad79e067d4623489eba402c184b054b4609","properties":{"zone_group_id":"311401011695","source_manage_no":"311401011695","facility_name":"꽃무지어린이집","facility_type_code":"1","sgg_code":"31140","api_first_registered_on":null,"api_last_modified_on":null,"updated_at":"2026-07-25T01:27:52.347112+00:00"},"geometry":{"type":"MultiPolygon","coordinates":[[[[129.256197198,35.550771373],[129.256462502,35.550795691],[129.256618403,35.550752224],[129.256854177,35.550608142],[129.256802882,35.55054828],[129.256460798,35.5507349],[129.256211835,35.550703518],[129.256197198,35.550771373]]]]}},{"type":"Feature","id":"7cc9e0da57bcd195a3ac1496d5bdae6eb1225bde10be06468e9e1ea6bd2929cd","properties":{"zone_group_id":"311401011752","source_manage_no":"311401011752","facility_name":"남산초등학교","facility_type_code":"1","sgg_code":"31140","api_first_registered_on":null,"api_last_modified_on":null,"updated_at":"2026-07-25T01:27:52.347112+00:00"},"geometry":{"type":"MultiPolygon","coordinates":[[[[129.294507795,35.536374157],[129.294752823,35.536286671],[129.294789157,35.536310488],[129.294815984,35.536587035],[129.294854041,35.536689415],[129.294918712,35.536782836],[129.295033158,35.536882072],[129.295088886,35.53684298],[129.294955077,35.53671707],[129.294910104,35.536625808],[129.294887567,35.536560318],[129.294858631,35.536306489],[129.294874145,35.536234359],[129.295871563,35.5358876],[129.295843543,35.535840367],[129.295872764,35.535887437],[129.296913876,35.537519806],[129.296906624,35.537555439],[129.297069853,35.537843049],[129.297123904,35.537853851],[129.297227355,35.53800231],[129.297388681,35.537933316],[129.297134684,35.537507147],[129.296538251,35.536670015],[129.295545023,35.535133636],[129.295436787,35.535179644],[129.295633373,35.535501834],[129.295828118,35.535815522],[129.294559497,35.536284436],[129.29452361,35.536294415],[129.294507795,35.536374157]]]]}},{"type":"Feature","id":"41cd4c486b3edfd6420c62f60552fd1147916cfbf15d5f4de0542c7f8911e7dc","properties":{"zone_group_id":"311401011703","source_manage_no":"311401011703","facility_name":"남선미유치원","facility_type_code":"1","sgg_code":"31140","api_first_registered_on":null,"api_last_modified_on":null,"updated_at":"2026-07-25T01:27:52.347112+00:00"},"geometry":{"type":"MultiPolygon","coordinates":[[[[129.336913429,35.543680603],[129.337519018,35.543636182],[129.337565893,35.543666542],[129.337564238,35.543652435],[129.337578695,35.543769256],[129.337706638,35.543761704],[129.337637034,35.543179929],[129.337507123,35.5431909],[129.337547984,35.543521089],[129.337506198,35.543568399],[129.336904139,35.543609794],[129.336913429,35.543680603]]],[[[129.337693616,35.543651388],[129.337728863,35.543619435],[129.338109903,35.543589649],[129.338100513,35.543515461],[129.337714924,35.543548717],[129.337679448,35.543519403],[129.337693616,35.543651388]]]]}},{"type":"Feature","id":"ed732f12cf351436fe0527a059aea22869b64d9ddb75a614fa62b29fa7908155","properties":{"zone_group_id":"311401011676","source_manage_no":"311401011676","facility_name":"노벨유치원","facility_type_code":"1","sgg_code":"31140","api_first_registered_on":null,"api_last_modified_on":null,"updated_at":"2026-07-25T01:27:52.347112+00:00"},"geometry":{"type":"MultiPolygon","coordinates":[[[[129.3325731,35.543347852],[129.33267318,35.543377452],[129.332881287,35.542949926],[129.332921447,35.54281399],[129.332980491,35.542283476],[129.332880803,35.542267384],[129.332844949,35.542551911],[129.332778975,35.542938391],[129.3325731,35.543347852]]]]}},{"type":"Feature","id":"9b89dcc493ef4266cf4a695f453d013a9517a779062cbc0e343b49bf40fc263a","properties":{"zone_group_id":"311402025528","source_manage_no":"311402025528","facility_name":"대나리사랑채","facility_type_code":"2","sgg_code":"31140","api_first_registered_on":"2022-04-13","api_last_modified_on":"2025-03-24","updated_at":"2026-07-25T01:27:52.347112+00:00"},"geometry":{"type":"MultiPolygon","coordinates":[[[[129.315469326,35.516161399],[129.315557769,35.516170963],[129.315692645,35.51530335],[129.315606892,35.515291481],[129.315469326,35.516161399]]]]}},{"type":"Feature","id":"d99b050a42b6a08905ec3fc3a4d769c5b92ba4fbda524f63eddb44a2ba075ddd","properties":{"zone_group_id":"311401011748","source_manage_no":"311401011748","facility_name":"대현초등학교","facility_type_code":"1","sgg_code":"31140","api_first_registered_on":null,"api_last_modified_on":null,"updated_at":"2026-07-25T01:27:52.347112+00:00"},"geometry":{"type":"MultiPolygon","coordinates":[[[[129.325123625,35.526940834],[129.325035437,35.526939285],[129.325023593,35.527390223],[129.325111783,35.527391771],[129.325123625,35.526940834]]],[[[129.326505968,35.527444942],[129.327730654,35.527444118],[129.327857317,35.527446743],[129.328202584,35.527439089],[129.328203599,35.527349065],[129.328156811,35.527374899],[129.327564807,35.527384782],[129.3263764,35.527383495],[129.326281355,35.527455896],[129.326276059,35.527701926],[129.32652284,35.527730968],[129.326501092,35.527472924],[129.326505968,35.527444942]]],[[[129.326578484,35.527832857],[129.32732802,35.52782684],[129.327390882,35.527785061],[129.327688815,35.527796211],[129.327686228,35.527706679],[129.327563911,35.527729323],[129.327203515,35.527737971],[129.326525118,35.527732333],[129.326277821,35.527703301],[129.326304795,35.527814335],[129.326455374,35.52782805],[129.326578484,35.527832857]]],[[[129.327637574,35.528275956],[129.327712526,35.528277044],[129.328238526,35.52827745],[129.328238272,35.528197169],[129.327783288,35.528204688],[129.327699158,35.528118421],[129.327690401,35.527797448],[129.327593196,35.527795099],[129.327614917,35.527813695],[129.327637574,35.528275956]]],[[[129.325422411,35.529381437],[129.325427391,35.529231756],[129.325424708,35.529138845],[129.325428564,35.52905764],[129.325606815,35.528681507],[129.325700796,35.5283932],[129.326003372,35.527813531],[129.326112653,35.527804662],[129.326303029,35.52781282],[129.326278218,35.527705124],[129.325932208,35.527710956],[129.325556813,35.528417106],[129.325499347,35.528610055],[129.325476803,35.52868824],[129.325311589,35.5290506],[129.32529514,35.529656159],[129.325260259,35.529700777],[129.325441535,35.529679956],[129.325411162,35.529528703],[129.325422411,35.529381437]]],[[[129.325303632,35.529222452],[129.325307571,35.529054622],[129.325280071,35.529086421],[129.32526614,35.529087112],[129.324736191,35.528878449],[129.324701138,35.52897082],[129.324726048,35.528974565],[129.325277219,35.529184509],[129.325303632,35.529222452]]]]}},{"type":"Feature","id":"ddee510cf1775b43973dabc2dbf91406209b4c236a21e0340932121b6530aecd","properties":{"zone_group_id":"311402011735","source_manage_no":"311402011735","facility_name":"도산노인복지관","facility_type_code":"2","sgg_code":"31140","api_first_registered_on":"2009-03-05","api_last_modified_on":null,"updated_at":"2026-07-25T01:27:52.347112+00:00"},"geometry":{"type":"MultiPolygon","coordinates":[[[[129.329598881,35.530356016],[129.329686951,35.530352061],[129.329680536,35.529653863],[129.330291507,35.529626286],[129.330279076,35.529482356],[129.329588691,35.529527237],[129.329588077,35.529912215],[129.329598881,35.530356016]]]]}},{"type":"Feature","id":"bc46ad495b1d7b098da1ab7ec0b1dee9ad78c7c7110052a7e1ee66d509ee36ed","properties":{"zone_group_id":"311401011749","source_manage_no":"311401011749","facility_name":"도산초등학교","facility_type_code":"1","sgg_code":"31140","api_first_registered_on":null,"api_last_modified_on":null,"updated_at":"2026-07-25T01:27:52.347112+00:00"},"geometry":{"type":"MultiPolygon","coordinates":[[[[129.332250813,35.529143836],[129.332299323,35.529166094],[129.332477447,35.529488579],[129.33252479,35.529606823],[129.332714069,35.530058676],[129.332697908,35.530089412],[129.332806515,35.530027449],[129.332762155,35.53001225],[129.332588659,35.529587981],[129.332603653,35.529552619],[129.332587603,35.529474193],[129.33257058,35.529439451],[129.33252743,35.52939465],[129.332509423,35.529361616],[129.332383548,35.529148408],[129.332380076,35.529094954],[129.332795796,35.528937745],[129.333410297,35.528711193],[129.333318698,35.528545634],[129.333020941,35.528653656],[129.332850697,35.528680614],[129.331958133,35.52901142],[129.332082136,35.529207622],[129.332250813,35.529143836]]],[[[129.332166605,35.530399989],[129.332245362,35.530371844],[129.332294992,35.530337079],[129.332683569,35.530159271],[129.332849153,35.530096204],[129.333219065,35.529987632],[129.333902814,35.529796922],[129.333871938,35.529729911],[129.3333818,35.529861941],[129.333372816,35.529864525],[129.333315527,35.529845335],[129.333135789,35.529401891],[129.333153281,35.529345776],[129.333063603,35.529384249],[129.33315479,35.529344338],[129.333126065,35.529280243],[129.332607873,35.529478308],[129.33258696,35.529469839],[129.332605354,35.529551882],[129.33264009,35.52953811],[129.333005294,35.529409769],[129.333007386,35.529408854],[129.333045513,35.529424766],[129.333053524,35.529433767],[129.333235517,35.529865899],[129.333216663,35.529909448],[129.332808052,35.530026996],[129.332697756,35.53009012],[129.332616561,35.53014113],[129.332505772,35.530187219],[129.332492862,35.530187469],[129.332234762,35.530303172],[129.332210934,35.530301098],[129.332146994,35.530323463],[129.332021409,35.530393924],[129.332061631,35.530444698],[129.332166605,35.530399989]]],[[[129.332722664,35.530188938],[129.332745533,35.53021737],[129.332749706,35.530343633],[129.332761529,35.530377209],[129.332776751,35.530617348],[129.332785914,35.530683935],[129.332809359,35.5307263],[129.332845277,35.53111013],[129.332802934,35.531253774],[129.332895786,35.531284091],[129.332971517,35.531187128],[129.332910889,35.531091958],[129.332876865,35.530702176],[129.332843007,35.530674942],[129.332806156,35.530145912],[129.332836914,35.530101793],[129.332686151,35.530159221],[129.332706065,35.530186724],[129.332722664,35.530188938]]],[[[129.333368705,35.531187609],[129.333388192,35.532133756],[129.333477017,35.532132036],[129.333449281,35.531168725],[129.333497022,35.531104417],[129.333362383,35.53114685],[129.333502932,35.531100359],[129.33446213,35.530792055],[129.334439415,35.530739253],[129.333003913,35.531205516],[129.332976496,35.531186609],[129.332899733,35.531283592],[129.333327545,35.53115836],[129.333368705,35.531187609]]]]}},{"type":"Feature","id":"8233285941b5afb8d2e65440165a5d244df0c3b2c200677e0aefc1c4d69f3634","properties":{"zone_group_id":"311401011677","source_manage_no":"311401011677","facility_name":"동백초등학교","facility_type_code":"1","sgg_code":"31140","api_first_registered_on":null,"api_last_modified_on":null,"updated_at":"2026-07-25T01:27:52.347112+00:00"},"geometry":{"type":"MultiPolygon","coordinates":[[[[129.322287928,35.532488544],[129.322489589,35.532457616],[129.322669389,35.532421192],[129.322778662,35.532375986],[129.323073343,35.532202129],[129.323074445,35.532201563],[129.32313681,35.532216963],[129.322789096,35.533215545],[129.32271163,35.533396201],[129.322668669,35.53348323],[129.322661214,35.533583097],[129.322544869,35.533849014],[129.322750889,35.533897441],[129.323372982,35.532236075],[129.323435693,35.532045561],[129.323480709,35.531993986],[129.32341659,35.532028182],[129.323191546,35.532144074],[129.323102282,35.532187269],[129.323483735,35.531991393],[129.323577928,35.531960843],[129.323606988,35.531959156],[129.323700588,35.531905478],[129.323610627,35.531959931],[129.324761238,35.532260579],[129.324778491,35.532303347],[129.324816314,35.532199514],[129.323705086,35.531902756],[129.323704575,35.531903065],[129.32370129,35.531842826],[129.323873377,35.531718235],[129.323948628,35.531622131],[129.324034021,35.531483577],[129.324133416,35.53140053],[129.32420426,35.531366627],[129.324405878,35.531298511],[129.324696768,35.531297972],[129.324714773,35.53118776],[129.324461963,35.531182917],[129.324336802,35.531196739],[129.324204146,35.531237327],[129.324139642,35.531240261],[129.324006842,35.531222116],[129.323773667,35.531038151],[129.323597103,35.531168744],[129.323737158,35.531420423],[129.323707981,35.531555359],[129.323650367,35.53163591],[129.323189212,35.531967631],[129.32303598,35.532065237],[129.322903636,35.532170469],[129.322689765,35.532297554],[129.322560587,35.532333425],[129.322279156,35.532393357],[129.322287928,35.532488544]]],[[[129.324325458,35.533473878],[129.324351571,35.533423816],[129.323345007,35.533179031],[129.323326012,35.533230836],[129.324325458,35.533473878]]]]}},{"type":"Feature","id":"d4bfd688be70daae912a22218cdd5b753c3855999dfc9c6b3b1a0199cd299a8b","properties":{"zone_group_id":"311401011678","source_manage_no":"311401011678","facility_name":"동평초등학교","facility_type_code":"1","sgg_code":"31140","api_first_registered_on":null,"api_last_modified_on":null,"updated_at":"2026-07-25T01:27:52.347112+00:00"},"geometry":{"type":"MultiPolygon","coordinates":[[[[129.324902703,35.532318819],[129.324958672,35.532324501],[129.325123033,35.532361896],[129.326312066,35.532668549],[129.327024347,35.532855937],[129.327057561,35.532789377],[129.326649509,35.532687389],[129.325843443,35.532473075],[129.325761856,35.532439154],[129.325499626,35.532376604],[129.325480647,35.532371077],[129.325449101,35.532332788],[129.325494873,35.532200068],[129.325405463,35.53218151],[129.325365351,35.532295529],[129.325333086,35.532328097],[129.325303693,35.532319536],[129.325035511,35.532265551],[129.324934943,35.532218474],[129.324847452,35.532194808],[129.324789838,35.53227536],[129.324902703,35.532318819]]],[[[129.324223834,35.534005233],[129.324890455,35.532324126],[129.324790423,35.532295632],[129.32434124,35.533418152],[129.32424206,35.533705712],[129.324123557,35.533968291],[129.324223834,35.534005233]]]]}},{"type":"Feature","id":"6db6ef64947de7742f941f5a745d0568a14ca85430926386321ee8635b62de38","properties":{"zone_group_id":"311402021922","source_manage_no":"311402021922","facility_name":"두왕경로당","facility_type_code":"2","sgg_code":"31140","api_first_registered_on":"2021-05-07","api_last_modified_on":"2025-03-24","updated_at":"2026-07-25T01:27:52.347112+00:00"},"geometry":{"type":"MultiPolygon","coordinates":[[[[129.303726458,35.499966648],[129.303757901,35.500006595],[129.304070584,35.499766343],[129.304351151,35.499269899],[129.304426568,35.499209889],[129.304383855,35.499161146],[129.304321818,35.499207385],[129.304001239,35.499749647],[129.303726458,35.499966648]]]]}},{"type":"Feature","id":"7a69d16a1a1516d671100131bfa90265d6940c9425d3d7d90f1f92c518d60c82","properties":{"zone_group_id":"311401018736","source_manage_no":"311401018736","facility_name":"두왕초등학교","facility_type_code":"1","sgg_code":"31140","api_first_registered_on":"2020-02-20","api_last_modified_on":null,"updated_at":"2026-07-25T01:27:52.347112+00:00"},"geometry":{"type":"MultiPolygon","coordinates":[[[[129.292916246,35.514268396],[129.293028638,35.514149632],[129.293070941,35.514141583],[129.2930678,35.514145506],[129.293419493,35.51429939],[129.293667923,35.514456927],[129.293963445,35.514598356],[129.294412255,35.514750389],[129.294764097,35.514909336],[129.294869856,35.514775485],[129.294469385,35.514578587],[129.294468767,35.514578307],[129.294431662,35.514488032],[129.295005088,35.51364383],[129.295209971,35.513361041],[129.295370935,35.513133175],[129.295155663,35.51305107],[129.294238202,35.514373397],[129.294102793,35.514409778],[129.294207127,35.514459429],[129.29409448,35.514408246],[129.293195569,35.513985884],[129.293113596,35.514088294],[129.29318716,35.513980973],[129.293188024,35.513938701],[129.293245878,35.51386492],[129.293155204,35.513802415],[129.292831914,35.514210841],[129.292916246,35.514268396]]],[[[129.294092235,35.515128331],[129.294251569,35.514770349],[129.294412303,35.514752078],[129.293971951,35.514606645],[129.293996458,35.514668718],[129.293808725,35.515045833],[129.294092235,35.515128331]]]]}},{"type":"Feature","id":"96fd9eda18a64c859c56ab8df0dbb6329780a5c8abaa23413e1b5da6c5501697","properties":{"zone_group_id":"311402011696","source_manage_no":"311402011696","facility_name":"문수실버복지관","facility_type_code":"2","sgg_code":"31140","api_first_registered_on":"2009-03-05","api_last_modified_on":null,"updated_at":"2026-07-25T01:27:52.347112+00:00"},"geometry":{"type":"MultiPolygon","coordinates":[[[[129.250737157,35.535706117],[129.250805971,35.535801698],[129.251419669,35.536426029],[129.2515061,35.536370046],[129.250920907,35.535772519],[129.250880947,35.535655849],[129.251825659,35.535043495],[129.251778266,35.535024106],[129.25084632,35.535600178],[129.250737157,35.535706117]]]]}},{"type":"Feature","id":"0591b5169b64d023ac5d87eb2df2398de5c6cd56e25c8d99278395c02dea796f","properties":{"zone_group_id":"311401011704","source_manage_no":"311401011704","facility_name":"백합초등학교","facility_type_code":"1","sgg_code":"31140","api_first_registered_on":null,"api_last_modified_on":null,"updated_at":"2026-07-25T01:27:52.347112+00:00"},"geometry":{"type":"MultiPolygon","coordinates":[[[[129.341204602,35.546222227],[129.342218291,35.546141684],[129.342442136,35.546126347],[129.342953456,35.546080068],[129.343477343,35.546039459],[129.343832348,35.546014526],[129.343870372,35.546042521],[129.343852504,35.545872579],[129.343808675,35.545911461],[129.343610459,35.545919541],[129.343604101,35.545914172],[129.343513257,35.545918051],[129.343491084,35.545937497],[129.342430345,35.546017135],[129.342425752,35.546017047],[129.34237255,35.545978679],[129.342311673,35.545431669],[129.342312067,35.545391941],[129.342302515,35.54527677],[129.342287782,35.54526776],[129.342274873,35.545149696],[129.342262033,35.545016278],[129.342209067,35.544551653],[129.34223793,35.544516894],[129.34224228,35.544516217],[129.342746729,35.544480355],[129.3436521,35.544410497],[129.343654348,35.544410224],[129.343687183,35.544436577],[129.343740785,35.544899076],[129.343758075,35.545031421],[129.343854804,35.545868731],[129.343878513,35.546115041],[129.343971386,35.546109855],[129.343945562,35.545861896],[129.3438462,35.545040694],[129.343779071,35.5444331],[129.343806814,35.544391995],[129.343791649,35.544393525],[129.343805119,35.544391887],[129.344052437,35.544373415],[129.34404105,35.544301802],[129.343552743,35.544345243],[129.3431309,35.544375841],[129.342494169,35.544424557],[129.342236717,35.544445558],[129.342191733,35.54441973],[129.342170763,35.544232102],[129.342037615,35.544240605],[129.342062165,35.544426896],[129.342028993,35.544459655],[129.342188851,35.544449439],[129.342023227,35.544462866],[129.341520123,35.544503488],[129.341527747,35.54458785],[129.342015808,35.544551465],[129.342019054,35.544550959],[129.342088156,35.544587807],[129.342168239,35.545333184],[129.342199836,35.545637654],[129.342169953,35.54564077],[129.342203861,35.54598914],[129.342184006,35.54601288],[129.340775523,35.54612281],[129.340600843,35.546158317],[129.340614415,35.546269607],[129.341204602,35.546222227]]],[[[129.343362008,35.546213962],[129.343450737,35.546208434],[129.343435563,35.546077737],[129.343474805,35.546041057],[129.343304628,35.546053662],[129.343348998,35.546086604],[129.343362008,35.546213962]]],[[[129.342847477,35.546309744],[129.342943352,35.546301119],[129.342920358,35.546114798],[129.342955628,35.546083688],[129.342789583,35.546096212],[129.34282987,35.546130923],[129.342847477,35.546309744]]],[[[129.342344248,35.54689462],[129.342472172,35.546886218],[129.342448293,35.546704985],[129.34238388,35.546166776],[129.34243702,35.546128136],[129.342217787,35.546142116],[129.342256499,35.546176013],[129.342344248,35.54689462]]]]}},{"type":"Feature","id":"2b7efa19ad42096515c51acd6f720593d2768b670febb04ddc2440bf606dd17c","properties":{"zone_group_id":"311401011687","source_manage_no":"311401011687","facility_name":"베델유치원","facility_type_code":"1","sgg_code":"31140","api_first_registered_on":null,"api_last_modified_on":null,"updated_at":"2026-07-25T01:27:52.347112+00:00"},"geometry":{"type":"MultiPolygon","coordinates":[[[[129.271806017,35.549833803],[129.271825666,35.549888788],[129.271957242,35.549860532],[129.272223013,35.549805237],[129.272238181,35.549800396],[129.272220292,35.549806556],[129.272268772,35.549820431],[129.272378668,35.54999499],[129.272360903,35.550033197],[129.272352265,35.550036617],[129.272123246,35.550148265],[129.272155014,35.55019288],[129.272398794,35.550072925],[129.272883879,35.549873625],[129.272843361,35.549830443],[129.272492381,35.549981155],[129.2724071,35.550014911],[129.272490482,35.54998105],[129.272441039,35.549969728],[129.272312471,35.549774816],[129.272310794,35.549775394],[129.272277922,35.549717154],[129.272225939,35.54972574],[129.272202472,35.549755339],[129.271806017,35.549833803]]]]}},{"type":"Feature","id":"77298ef1a2ba1a328d75f6d28c0cfe455e5547ffe1605ef806ae0f76ef3a32c9","properties":{"zone_group_id":"311401011705","source_manage_no":"311401011705","facility_name":"삼산초등학교","facility_type_code":"1","sgg_code":"31140","api_first_registered_on":null,"api_last_modified_on":null,"updated_at":"2026-07-25T01:27:52.347112+00:00"},"geometry":{"type":"MultiPolygon","coordinates":[[[[129.349052922,35.543940481],[129.350361354,35.543837786],[129.350524319,35.543826157],[129.350509852,35.54375545],[129.349786411,35.543810544],[129.349782039,35.543810863],[129.349745553,35.543785847],[129.34972311,35.543601206],[129.349561339,35.543618304],[129.349581027,35.543797083],[129.349547813,35.543827731],[129.349567874,35.543826483],[129.349549195,35.543827845],[129.349036329,35.543867703],[129.349052922,35.543940481]]],[[[129.35050891,35.54478523],[129.350600723,35.544779213],[129.350573206,35.544527063],[129.350528697,35.544153127],[129.350489655,35.543860214],[129.350521761,35.543827052],[129.350366556,35.543838952],[129.350404139,35.543869488],[129.35050891,35.54478523]]],[[[129.348919709,35.543950346],[129.348885686,35.543953318],[129.348919735,35.543980825],[129.3489445,35.544156547],[129.348947908,35.544184791],[129.348987203,35.54454559],[129.349038018,35.544994196],[129.349086219,35.545447642],[129.349176644,35.545447147],[129.349080834,35.544584189],[129.349006128,35.543972099],[129.349045371,35.543940905],[129.34905034,35.543940531],[129.349034841,35.543869844],[129.348664468,35.54389312],[129.348665652,35.543969156],[129.348883267,35.543953084],[129.348919709,35.543950346]]]]}},{"type":"Feature","id":"de876ed085b5f8227bb0676e963d25f8d701cf5d02b3c97b84705ef68b5309cd","properties":{"zone_group_id":"311401011707","source_manage_no":"311401011707","facility_name":"삼신초등학교","facility_type_code":"1","sgg_code":"31140","api_first_registered_on":null,"api_last_modified_on":null,"updated_at":"2026-07-25T01:27:52.347112+00:00"},"geometry":{"type":"MultiPolygon","coordinates":[[[[129.332124538,35.545579108],[129.332153971,35.545631781],[129.332213491,35.545474284],[129.332161419,35.545496419],[129.331845577,35.545404498],[129.331809826,35.545490545],[129.332124538,35.545579108]]],[[[129.330019243,35.545958998],[129.331245205,35.546313759],[129.331270334,35.546360599],[129.331320838,35.546230743],[129.331269074,35.546245688],[129.330059109,35.545895343],[129.330038666,35.54586228],[129.330354891,35.545110498],[129.330415992,35.545088144],[129.331633008,35.545438396],[129.331651706,35.545485294],[129.331319029,35.546239651],[129.331271945,35.54636268],[129.331376165,35.546392356],[129.331756555,35.545501013],[129.331793117,35.545484474],[129.331806142,35.545488222],[129.331842974,35.545403844],[129.331375927,35.54526583],[129.330903038,35.545134266],[129.330441381,35.544991919],[129.330440888,35.544993728],[129.330293935,35.544950683],[129.3302488,35.545033954],[129.330275168,35.545070066],[129.329945822,35.545832806],[129.329903574,35.545850307],[129.329902912,35.545850115],[129.329902613,35.545850705],[129.329900883,35.545851422],[129.329902075,35.545851766],[129.329867223,35.545920526],[129.330019243,35.545958998]]]]}},{"type":"Feature","id":"57c3dc551562b1aa5cb022582c19d8bd2fad8bcce7e2b1dc2ef3bcbcee32798f","properties":{"zone_group_id":"311401011688","source_manage_no":"311401011688","facility_name":"삼호초등학교","facility_type_code":"1","sgg_code":"31140","api_first_registered_on":null,"api_last_modified_on":null,"updated_at":"2026-07-25T01:27:52.347112+00:00"},"geometry":{"type":"MultiPolygon","coordinates":[[[[129.264546321,35.553176204],[129.264593549,35.553127989],[129.265781532,35.552977765],[129.265818309,35.55295003],[129.266195207,35.55190767],[129.266218517,35.551891174],[129.266121721,35.551867641],[129.265747517,35.55285882],[129.265684792,35.552907326],[129.264537495,35.553046221],[129.264449735,35.55301322],[129.264546321,35.553176204]]],[[[129.263689178,35.552017588],[129.264113985,35.552702044],[129.264110554,35.552763802],[129.264164499,35.552862513],[129.26427427,35.553132862],[129.26482873,35.554028413],[129.264808864,35.554093861],[129.265049212,35.554002296],[129.265030792,35.553972218],[129.264545304,35.553176786],[129.264447708,35.553014666],[129.264360612,35.552858265],[129.264032285,35.552342701],[129.264030081,35.552328386],[129.264182451,35.552263548],[129.264448438,35.552146572],[129.264846652,35.552118384],[129.264861502,35.552113457],[129.265063245,35.552101214],[129.265134247,35.552089738],[129.265241167,35.552087306],[129.265224342,35.552036826],[129.26522552,35.552036471],[129.265241836,35.552086589],[129.265306478,35.552051147],[129.265798523,35.551831039],[129.265881607,35.551789756],[129.265813816,35.551750042],[129.265806507,35.551765815],[129.265765639,35.551801233],[129.265352291,35.551989437],[129.265283878,35.552019457],[129.265245452,35.552030458],[129.265286766,35.552017994],[129.26526507,35.552018402],[129.26524041,35.552005343],[129.264784333,35.551642484],[129.264722571,35.551688436],[129.265163602,35.552030873],[129.265164264,35.552054418],[129.265144275,35.552060393],[129.26487707,35.552078937],[129.264764237,35.552091621],[129.264481172,35.552115955],[129.264420254,35.552124565],[129.264338154,35.552164138],[129.264110482,35.552265182],[129.264005932,35.552296725],[129.263985293,35.552297958],[129.2640095,35.552321931],[129.263983935,35.552298688],[129.26400173,35.552288212],[129.263796933,35.551953025],[129.263818641,35.551916277],[129.263637211,35.552007577],[129.263689178,35.552017588]]]]}},{"type":"Feature","id":"fdf7600cbf1d4e3e3da5b0d27f932804578e6259bb6fd40302c38cce984a3d4d","properties":{"zone_group_id":"311402025527","source_manage_no":"311402025527","facility_name":"상록경로당","facility_type_code":"2","sgg_code":"31140","api_first_registered_on":"2022-04-13","api_last_modified_on":"2025-03-24","updated_at":"2026-07-25T01:27:52.347112+00:00"},"geometry":{"type":"MultiPolygon","coordinates":[[[[129.319625101,35.529493871],[129.319647977,35.529522715],[129.320507405,35.529127728],[129.320489972,35.529096527],[129.319625101,35.529493871]]]]}},{"type":"Feature","id":"c78c477d299f4232fc5c1279fc2cddb28f1f8d7a408f3a8ccb82009f8e6b0355","properties":{"zone_group_id":"311401011732","source_manage_no":"311401011732","facility_name":"새라유치원","facility_type_code":"1","sgg_code":"31140","api_first_registered_on":null,"api_last_modified_on":null,"updated_at":"2026-07-25T01:27:52.347112+00:00"},"geometry":{"type":"MultiPolygon","coordinates":[[[[129.338969402,35.531649806],[129.33903248,35.531734183],[129.339990456,35.531319125],[129.339853603,35.531256454],[129.338969402,35.531649806]]]]}},{"type":"Feature","id":"bdeb59f9365a57ea9e6b1b91655b729c62c29205eafb44309d31478004b9f940","properties":{"zone_group_id":"311401011738","source_manage_no":"311401011738","facility_name":"새울산유치원","facility_type_code":"1","sgg_code":"31140","api_first_registered_on":null,"api_last_modified_on":null,"updated_at":"2026-07-25T01:27:52.347112+00:00"},"geometry":{"type":"MultiPolygon","coordinates":[[[[129.335025882,35.533075597],[129.335405973,35.533068233],[129.335404275,35.533009697],[129.335029432,35.533007949],[129.335025882,35.533075597]]]]}},{"type":"Feature","id":"992dbecd193dc5e2d0aea496528e2d063cfd400c1a74e48c2de20b6f17ca6fa7","properties":{"zone_group_id":"311401011715","source_manage_no":"311401011715","facility_name":"선암어린이집","facility_type_code":"1","sgg_code":"31140","api_first_registered_on":null,"api_last_modified_on":null,"updated_at":"2026-07-25T01:27:52.347112+00:00"},"geometry":{"type":"MultiPolygon","coordinates":[[[[129.312937325,35.519523692],[129.312978206,35.519604004],[129.312962071,35.519617829],[129.313172567,35.519559727],[129.313512534,35.519404528],[129.313416576,35.519325273],[129.313115034,35.519475229],[129.31293512,35.519521971],[129.312937325,35.519523692]]],[[[129.31293512,35.519521971],[129.312931689,35.519519295],[129.312926181,35.519519401],[129.312871621,35.519538469],[129.31293512,35.519521971]]]]}},{"type":"Feature","id":"97f1681ecb9a972dafdd31ba35ffd748acd72ac1e3d616e0b79ea72ef6e58fa9","properties":{"zone_group_id":"311401018423","source_manage_no":"311401018423","facility_name":"선암초등학교","facility_type_code":"1","sgg_code":"31140","api_first_registered_on":"2001-06-28","api_last_modified_on":null,"updated_at":"2026-07-25T01:27:52.347112+00:00"},"geometry":{"type":"MultiPolygon","coordinates":[[[[129.337179797,35.514876936],[129.33726588,35.514922573],[129.337516853,35.515022456],[129.337832505,35.515214006],[129.338022458,35.515490778],[129.338023487,35.515526237],[129.338150119,35.515473096],[129.33801141,35.515323732],[129.337857357,35.515144255],[129.33735301,35.514861752],[129.337016846,35.514675667],[129.336845317,35.514606343],[129.336449433,35.514428172],[129.336413732,35.514337631],[129.336384149,35.514458158],[129.337179797,35.514876936]]],[[[129.335617149,35.516858578],[129.336217659,35.516607036],[129.336429312,35.516491428],[129.337585957,35.515884445],[129.337716625,35.515827848],[129.338096131,35.515654919],[129.338235356,35.515608292],[129.33867833,35.515342898],[129.338909853,35.515199869],[129.33925546,35.514571432],[129.339155811,35.514414553],[129.338911454,35.514970067],[129.338776738,35.51517204],[129.338594116,35.515290468],[129.33799382,35.515548775],[129.337908707,35.515607869],[129.337358189,35.515871966],[129.337084653,35.515992154],[129.336826273,35.516064742],[129.336742823,35.516181244],[129.335526943,35.516742062],[129.335617149,35.516858578]]]]}},{"type":"Feature","id":"7578b95f6b9b7b0ab1555e4caa0b7c0f51fe05883d776e3a34b1a076cabf93bd","properties":{"zone_group_id":"311402021919","source_manage_no":"311402021919","facility_name":"선암호수노인복지관","facility_type_code":"2","sgg_code":"31140","api_first_registered_on":"2019-06-25","api_last_modified_on":"2025-03-24","updated_at":"2026-07-25T01:27:52.347112+00:00"},"geometry":{"type":"MultiPolygon","coordinates":[[[[129.318905797,35.514076992],[129.318938938,35.514175471],[129.31899725,35.514286983],[129.319357527,35.514838713],[129.319384707,35.514921539],[129.319427697,35.515553709],[129.319439749,35.51558952],[129.319516529,35.51557678],[129.319492328,35.515214567],[129.319464824,35.514929008],[129.319451282,35.514841415],[129.31932999,35.514647766],[129.319047432,35.51421168],[129.318993396,35.514057286],[129.318905797,35.514076992]]]]}},{"type":"Feature","id":"98ae0166b37713dcef411901c41271a151654046ca89369b5a169e30588cadbf","properties":{"zone_group_id":"311401011755","source_manage_no":"311401011755","facility_name":"소정숲유치원","facility_type_code":"1","sgg_code":"31140","api_first_registered_on":null,"api_last_modified_on":null,"updated_at":"2026-07-25T01:27:52.347112+00:00"},"geometry":{"type":"MultiPolygon","coordinates":[[[[129.288718469,35.536804689],[129.288784534,35.536807684],[129.288842701,35.535950376],[129.288776637,35.535947381],[129.288718469,35.536804689]]]]}},{"type":"Feature","id":"678e86b50c7a9d09ec3c1b2f9d88cca2c20d13d326dec90f76aa883a47c890fe","properties":{"zone_group_id":"311401018732","source_manage_no":"311401018732","facility_name":"송화어린이집","facility_type_code":"1","sgg_code":"31140","api_first_registered_on":"2020-03-13","api_last_modified_on":null,"updated_at":"2026-07-25T01:27:52.347112+00:00"},"geometry":{"type":"MultiPolygon","coordinates":[[[[129.33807254,35.521163107],[129.338112792,35.521220895],[129.338647529,35.520942458],[129.338607406,35.520889173],[129.33807254,35.521163107]]]]}},{"type":"Feature","id":"93717a06f3765b98e5eface3962ae6c4db733fc5c3469480650461630b0f2d73","properties":{"zone_group_id":"311401011685","source_manage_no":"311401011685","facility_name":"수니유치원","facility_type_code":"1","sgg_code":"31140","api_first_registered_on":null,"api_last_modified_on":null,"updated_at":"2026-07-25T01:27:52.347112+00:00"},"geometry":{"type":"MultiPolygon","coordinates":[[[[129.254888617,35.553048493],[129.254945334,35.553079532],[129.255115157,35.552939504],[129.25517356,35.552884062],[129.255132045,35.55292708],[129.255203533,35.552931656],[129.255861465,35.553417748],[129.255985441,35.553560725],[129.256040478,35.553531818],[129.255900547,35.553373089],[129.255233218,35.552883794],[129.25522796,35.552832421],[129.255280371,35.552782667],[129.255407725,35.552677224],[129.255344286,35.552627725],[129.254888617,35.553048493]]]]}},{"type":"Feature","id":"28af264a752f0b87b97b824ea9133b76e72a0a1a265b5ed748d85225709b8ff2","properties":{"zone_group_id":"311401011723","source_manage_no":"311401011723","facility_name":"수암초등학교","facility_type_code":"1","sgg_code":"31140","api_first_registered_on":null,"api_last_modified_on":null,"updated_at":"2026-07-25T01:27:52.347112+00:00"},"geometry":{"type":"MultiPolygon","coordinates":[[[[129.314322875,35.524457621],[129.314571098,35.524461303],[129.314933269,35.524472934],[129.315753157,35.524511251],[129.316009167,35.524857748],[129.316156999,35.525037373],[129.316211188,35.525067454],[129.316152963,35.52504083],[129.316140439,35.52510865],[129.315950382,35.525330246],[129.315749513,35.525391548],[129.315407198,35.525423465],[129.315187078,35.525390524],[129.315183014,35.52546494],[129.315309654,35.525482782],[129.315476897,35.525474501],[129.31576947,35.52543847],[129.315892394,35.52539894],[129.316025213,35.525344014],[129.316208073,35.525159725],[129.316243886,35.525085606],[129.316304082,35.525119022],[129.31660739,35.525312554],[129.317228529,35.52555742],[129.317576916,35.525736567],[129.317643274,35.525589662],[129.31610445,35.529466548],[129.316300558,35.529526981],[129.318019896,35.525178964],[129.317824234,35.525133731],[129.317653355,35.525564265],[129.317528078,35.525548282],[129.316857126,35.52522497],[129.316658865,35.5251612],[129.316571904,35.525085154],[129.316438461,35.524974522],[129.316283014,35.524889655],[129.316240152,35.524909063],[129.316182948,35.524861167],[129.315843771,35.524426725],[129.315763691,35.524374199],[129.314863114,35.524334053],[129.314684377,35.524302005],[129.314371511,35.52427929],[129.314322875,35.524457621]]]]}},{"type":"Feature","id":"93491775a3c3c4294944b739d0bc9af683a65984411fad3f550c54e3655a3316","properties":{"zone_group_id":"311401011699","source_manage_no":"311401011699","facility_name":"신복초등학교","facility_type_code":"1","sgg_code":"31140","api_first_registered_on":null,"api_last_modified_on":null,"updated_at":"2026-07-25T01:27:52.347112+00:00"},"geometry":{"type":"MultiPolygon","coordinates":[[[[129.254855653,35.549424596],[129.254919,35.549029191],[129.254945836,35.548904791],[129.25485467,35.548897486],[129.254764738,35.549426296],[129.254743329,35.549449224],[129.254878323,35.549446698],[129.254855653,35.549424596]]],[[[129.255919437,35.550640041],[129.255988457,35.550224819],[129.256007503,35.55009268],[129.256077895,35.549726428],[129.256114628,35.549708845],[129.255989707,35.549679083],[129.255842766,35.550634718],[129.25580002,35.550659171],[129.255924565,35.550675425],[129.255919437,35.550640041]]],[[[129.253239003,35.550340455],[129.253269561,35.550471666],[129.253352466,35.550459563],[129.253267636,35.55047677],[129.254447581,35.551106856],[129.254526291,35.551173123],[129.254521227,35.551176438],[129.254718082,35.551485315],[129.254709655,35.551516729],[129.254604768,35.551611614],[129.254453544,35.551750449],[129.25411293,35.552068535],[129.253811913,35.552360537],[129.254008059,35.552644086],[129.254089258,35.55273718],[129.254234898,35.552620414],[129.253951875,35.552410294],[129.253938969,35.552355626],[129.254414722,35.551915058],[129.25445698,35.551910043],[129.254755742,35.552128315],[129.254830167,35.552053428],[129.254538805,35.551840932],[129.25452597,35.551788797],[129.254720383,35.551604382],[129.25479797,35.551605465],[129.25489957,35.551762378],[129.254994058,35.551702322],[129.254933615,35.551685713],[129.254862137,35.551570474],[129.254622047,35.551194826],[129.25465105,35.551159648],[129.254856377,35.551180305],[129.254869404,35.551128531],[129.254628866,35.551105999],[129.254628131,35.55110648],[129.25459556,35.551063917],[129.254601524,35.551065117],[129.254655798,35.550640034],[129.254682405,35.550482412],[129.25474796,35.550090908],[129.254772736,35.549941767],[129.254822841,35.549589411],[129.254871693,35.549561465],[129.254798301,35.549553871],[129.254873666,35.549558049],[129.255970914,35.549672677],[129.256095741,35.549699062],[129.256298973,35.54971891],[129.256335123,35.549606726],[129.256141438,35.549585788],[129.256114455,35.549555103],[129.256161557,35.549243351],[129.256066331,35.549240065],[129.256010725,35.549543528],[129.255989014,35.54956931],[129.254883041,35.549449745],[129.254723832,35.549451034],[129.254225852,35.549392769],[129.254220925,35.549391882],[129.254187226,35.549342806],[129.254285179,35.548852704],[129.254160638,35.548836449],[129.254089177,35.549312539],[129.2540484,35.54936083],[129.254038778,35.549359098],[129.254023249,35.549469207],[129.254668603,35.54954668],[129.25470915,35.549548928],[129.254742321,35.549594297],[129.25450169,35.551045021],[129.254579821,35.551060749],[129.25447679,35.551042108],[129.253388805,35.550453601],[129.253002674,35.549359887],[129.253001895,35.549358613],[129.254014697,35.54945923],[129.254032814,35.549367657],[129.252939375,35.549241115],[129.252983432,35.549328427],[129.252931154,35.549242958],[129.252887239,35.549299533],[129.252949086,35.549440296],[129.253239003,35.550340455]]],[[[129.251232771,35.552572484],[129.251374928,35.552848598],[129.251728547,35.553142725],[129.251857253,35.553307582],[129.252121268,35.553503701],[129.252335484,35.553693991],[129.252736702,35.553988915],[129.253107672,35.554311435],[129.253225703,35.554390325],[129.253972437,35.554984585],[129.253956811,35.555091317],[129.254395342,35.554871925],[129.254174519,35.554815234],[129.253736211,35.554451739],[129.253199395,35.554041651],[129.253072482,35.553940963],[129.252854531,35.553765105],[129.252745781,35.553685196],[129.252532385,35.553487288],[129.252529574,35.553485238],[129.2525282,35.553417815],[129.252649661,35.553305304],[129.252961349,35.553006347],[129.253698165,35.552545272],[129.253785634,35.552566867],[129.253848287,35.552576756],[129.253849019,35.55257779],[129.253789823,35.55256876],[129.254017882,35.552920982],[129.254075957,35.552963823],[129.254356376,35.553302394],[129.254521586,35.553441222],[129.255002048,35.553759154],[129.255365461,35.553959318],[129.255467107,35.553859424],[129.255198065,35.553705645],[129.254682201,35.553379085],[129.254563414,35.553273178],[129.254404193,35.553126635],[129.254148539,35.552823081],[129.253978481,35.55262183],[129.253798571,35.552364165],[129.253800773,35.552332024],[129.253768602,35.552254063],[129.253152221,35.551550079],[129.253006507,35.551368646],[129.252614153,35.550909675],[129.252519669,35.550711233],[129.252480365,35.550673954],[129.252280765,35.550764565],[129.252277101,35.550760523],[129.252463258,35.550678498],[129.25206057,35.550182548],[129.251853225,35.550311446],[129.25225972,35.550763019],[129.252226969,35.550850879],[129.252094121,35.550907426],[129.251863991,35.551035061],[129.251490911,35.551227878],[129.251322093,35.551403362],[129.251249767,35.55155339],[129.251189277,35.551682923],[129.2511974,35.551973367],[129.251230354,35.552116361],[129.251232771,35.552572484]],[[129.251536559,35.551639829],[129.251612806,35.551482125],[129.251924057,35.551260052],[129.252041308,35.551200417],[129.252407855,35.550995894],[129.252488034,35.551007867],[129.253675041,35.55238055],[129.25366983,35.552382764],[129.253329483,35.55258131],[129.252926779,35.552842688],[129.252729665,35.553004765],[129.252403569,35.553324687],[129.252324149,35.553332084],[129.252500379,35.55346394],[129.252321252,35.553333265],[129.252159968,35.553186757],[129.252096601,35.553102621],[129.251834861,35.552876893],[129.251678469,35.552757325],[129.251580405,35.552652718],[129.251513018,35.552535711],[129.25149692,35.552182059],[129.25149476,35.552030888],[129.251488477,35.5518063],[129.251536559,35.551639829]],[[129.253799296,35.552519305],[129.253700065,35.55237204],[129.253702592,35.552371029],[129.253835716,35.552559004],[129.253799296,35.552519305]]],[[[129.254205464,35.552738667],[129.254271612,35.55273743],[129.254424765,35.552851986],[129.254474977,35.552798672],[129.254238351,35.552620631],[129.254083646,35.552746014],[129.254161176,35.552818902],[129.254160207,35.552784285],[129.254205464,35.552738667]]]]}},{"type":"Feature","id":"bf4f0e428ee272b32862568b137fe10d29fbb801f3f14bd6efe9ef30823220bd","properties":{"zone_group_id":"311401011719","source_manage_no":"311401011719","facility_name":"신정초등학교","facility_type_code":"1","sgg_code":"31140","api_first_registered_on":null,"api_last_modified_on":null,"updated_at":"2026-07-25T01:27:52.347112+00:00"},"geometry":{"type":"MultiPolygon","coordinates":[[[[129.303370078,35.536603346],[129.303333909,35.536495065],[129.303363321,35.536078042],[129.303132739,35.536074],[129.303122252,35.536466164],[129.303079483,35.536560748],[129.302998978,35.537648633],[129.302928,35.537696451],[129.303343748,35.537706246],[129.303281477,35.537660975],[129.303370078,35.536603346]]],[[[129.304855278,35.537809697],[129.304928743,35.537632162],[129.305030392,35.537356097],[129.305082014,35.537209813],[129.305128489,35.537100374],[129.30512388,35.537047666],[129.305156314,35.536935116],[129.305347065,35.536474319],[129.305217246,35.536434142],[129.305033778,35.536902684],[129.304963747,35.537001592],[129.304926952,35.537106199],[129.304854744,35.537255411],[129.304828184,35.537374606],[129.304718521,35.537641532],[129.30471192,35.537838203],[129.304812499,35.537831633],[129.304833097,35.537829128],[129.304855278,35.537809697]]],[[[129.302374558,35.537859078],[129.30262453,35.537854303],[129.3027898,35.537851146],[129.303002489,35.537843703],[129.303207011,35.537839795],[129.30367837,35.537842614],[129.303851904,35.537839297],[129.304651447,35.537825702],[129.304709727,35.537839793],[129.304716419,35.537640305],[129.304678182,35.537676515],[129.303352181,35.537711998],[129.302928,35.537696451],[129.302126488,35.537713451],[129.302032374,35.537747349],[129.301937247,35.537745786],[129.301922806,35.537891359],[129.301984396,35.537876667],[129.302221731,35.537863687],[129.302374558,35.537859078]]],[[[129.303774022,35.538458579],[129.303901672,35.538440933],[129.303865731,35.538412899],[129.30381102,35.537873306],[129.303847384,35.537843889],[129.303690523,35.537851956],[129.303720508,35.537888551],[129.303774976,35.538419702],[129.303774022,35.538458579]]],[[[129.303789945,35.538563586],[129.303913319,35.538540954],[129.304588468,35.538441883],[129.304611894,35.538321481],[129.303914552,35.538439561],[129.303751926,35.538462943],[129.303093748,35.538649539],[129.302917384,35.538698525],[129.302924558,35.538804826],[129.303045239,35.538760283],[129.303789945,35.538563586]]],[[[129.304693299,35.539288006],[129.304742793,35.539304687],[129.304743557,35.539310698],[129.304815178,35.539790835],[129.304911793,35.539772092],[129.304886554,35.539684721],[129.304772877,35.538818494],[129.30475461,35.538758021],[129.304720069,35.538490052],[129.304716481,35.538292449],[129.304812875,35.537832752],[129.304709775,35.537841482],[129.304628227,35.538314411],[129.30459289,35.538451935],[129.304639548,35.538493281],[129.304737387,35.539262203],[129.304723502,35.539187748],[129.304689396,35.539223879],[129.303141587,35.539527163],[129.303146164,35.53961493],[129.303204482,35.539558062],[129.304693299,35.539288006]]],[[[129.30297012,35.539241536],[129.302961025,35.539140339],[129.302920624,35.539173212],[129.302070984,35.539387113],[129.302088814,35.539432389],[129.302936776,35.539232036],[129.30297012,35.539241536]]],[[[129.303030231,35.539608697],[129.303062905,35.539956109],[129.303186619,35.539945298],[129.303170902,35.539901671],[129.303141936,35.539611631],[129.303126642,35.539510554],[129.303036214,35.538806072],[129.303059797,35.538763384],[129.302930852,35.538808085],[129.302964529,35.539118309],[129.302974107,35.539236391],[129.303013065,35.539514413],[129.303014139,35.539520316],[129.302981266,35.539558948],[129.302576789,35.539654529],[129.302605336,35.539713116],[129.303029428,35.539604291],[129.303030231,35.539608697]]]]}},{"type":"Feature","id":"3484a494f40a6fd911d6d47bd6116ba609c7b66604e29b5df1a9056491beb350","properties":{"zone_group_id":"311401011708","source_manage_no":"311401011708","facility_name":"아름유치원","facility_type_code":"1","sgg_code":"31140","api_first_registered_on":null,"api_last_modified_on":null,"updated_at":"2026-07-25T01:27:52.347112+00:00"},"geometry":{"type":"MultiPolygon","coordinates":[[[[129.332902313,35.546925488],[129.332925809,35.547104734],[129.335667004,35.54686469],[129.335643502,35.546685445],[129.332902313,35.546925488]]]]}},{"type":"Feature","id":"ade8d96e49459ccf44fbe601616ef593bb485bf69db9167ad6ea4b46ad3b6a4a","properties":{"zone_group_id":"311401011740","source_manage_no":"311401011740","facility_name":"야음초등학교","facility_type_code":"1","sgg_code":"31140","api_first_registered_on":null,"api_last_modified_on":null,"updated_at":"2026-07-25T01:27:52.347112+00:00"},"geometry":{"type":"MultiPolygon","coordinates":[[[[129.32873642,35.520837558],[129.328778387,35.520859565],[129.328900395,35.520969608],[129.329065469,35.521139667],[129.329507769,35.521713404],[129.329573395,35.521838903],[129.329577121,35.521896299],[129.329578461,35.521894069],[129.329577313,35.521920803],[129.329525422,35.522234638],[129.329515515,35.522285114],[129.329493114,35.522475274],[129.329466599,35.52267805],[129.329449315,35.52279501],[129.329638621,35.522802338],[129.329586052,35.522753211],[129.32961315,35.52256465],[129.329645942,35.522233577],[129.329668239,35.522075533],[129.32969051,35.52204172],[129.329689313,35.522000333],[129.329707222,35.521958576],[129.329730619,35.521892205],[129.329799376,35.521786505],[129.329909505,35.521610706],[129.330082626,35.521380025],[129.330152905,35.521309086],[129.330191921,35.521294528],[129.330195195,35.521292212],[129.330281357,35.521290546],[129.330340123,35.52204818],[129.33050826,35.522038169],[129.330495357,35.521877847],[129.330541341,35.521860056],[129.3305385,35.521797573],[129.330486351,35.521780833],[129.330439998,35.521238041],[129.33049093,35.52108167],[129.331040139,35.520534714],[129.331086604,35.520497898],[129.331130595,35.520482681],[129.331397511,35.52040484],[129.331501892,35.520441274],[129.331467662,35.520186712],[129.33101198,35.520293556],[129.330138643,35.521143438],[129.32993228,35.521368001],[129.329742765,35.521621394],[129.329699296,35.521693037],[129.329733874,35.52163551],[129.329704267,35.521647914],[129.329668366,35.521657059],[129.329615552,35.521653009],[129.329579462,35.521619902],[129.329274794,35.521231966],[129.329236022,35.521213277],[129.329202006,35.521144635],[129.328985562,35.520877536],[129.328857944,35.520787884],[129.328789598,35.520746948],[129.32873642,35.520837558]]]]}},{"type":"Feature","id":"8d45310e14d74df9f4b8b4ba1e7956cf09932eaaff6f791ac88665ba01b4e9a3","properties":{"zone_group_id":"311401011733","source_manage_no":"311401011733","facility_name":"여천초등학교","facility_type_code":"1","sgg_code":"31140","api_first_registered_on":null,"api_last_modified_on":null,"updated_at":"2026-07-25T01:27:52.347112+00:00"},"geometry":{"type":"MultiPolygon","coordinates":[[[[129.335069206,35.523002464],[129.335523911,35.523111126],[129.336466763,35.523341319],[129.33693199,35.523462308],[129.33741099,35.523559365],[129.337722343,35.523624035],[129.338244394,35.523697154],[129.338328288,35.523739473],[129.339500274,35.523960126],[129.339565796,35.523725604],[129.338425089,35.523514486],[129.337282355,35.523304523],[129.336694191,35.523166621],[129.335578628,35.522889633],[129.335575752,35.522879548],[129.335151979,35.522786343],[129.33492721,35.522731962],[129.334799181,35.522699792],[129.334723247,35.52291423],[129.335069206,35.523002464]]],[[[129.337279385,35.524300402],[129.337280859,35.524268119],[129.337467831,35.523803063],[129.337456405,35.52372976],[129.337446427,35.523670796],[129.337415575,35.52360463],[129.337411252,35.523562458],[129.337257452,35.523532481],[129.337295403,35.523665273],[129.337323847,35.523719653],[129.337338531,35.5237212],[129.337390939,35.523746805],[129.337378837,35.523792675],[129.337200042,35.524236867],[129.337279385,35.524300402]]]]}},{"type":"Feature","id":"69222b225590bd58a83bdb6c3a0f40bdb5577b6c6636627fb4728aa58f6b43f6","properties":{"zone_group_id":"311401011692","source_manage_no":"311401011692","facility_name":"예랑유치원","facility_type_code":"1","sgg_code":"31140","api_first_registered_on":null,"api_last_modified_on":null,"updated_at":"2026-07-25T01:27:52.347112+00:00"},"geometry":{"type":"MultiPolygon","coordinates":[[[[129.255793089,35.548449992],[129.255813547,35.548411579],[129.256291037,35.548225165],[129.256436034,35.548161601],[129.256882765,35.547984212],[129.256930501,35.547990924],[129.2568552,35.547885849],[129.256844854,35.547922383],[129.255776337,35.548350159],[129.2557201,35.548335154],[129.255793089,35.548449992]]],[[[129.256350812,35.548237286],[129.256462579,35.548352666],[129.256538421,35.548311102],[129.256432044,35.548203651],[129.256443727,35.548159485],[129.256297216,35.548224345],[129.256350812,35.548237286]]]]}},{"type":"Feature","id":"458fcdf81efe8cc2c2155d6052c183b5df7dc385bb53308323495f30cb77c88e","properties":{"zone_group_id":"311401011756","source_manage_no":"311401011756","facility_name":"옥동초등학교","facility_type_code":"1","sgg_code":"31140","api_first_registered_on":null,"api_last_modified_on":null,"updated_at":"2026-07-25T01:27:52.347112+00:00"},"geometry":{"type":"MultiPolygon","coordinates":[[[[129.297744578,35.53485771],[129.297768604,35.534649353],[129.297879643,35.534411871],[129.297981563,35.534271329],[129.298094667,35.534160575],[129.298339292,35.534005058],[129.298480854,35.533949961],[129.297806849,35.534033801],[129.297816078,35.5340856],[129.29781119,35.534222179],[129.297726599,35.534336193],[129.297635057,35.534496397],[129.297596032,35.534595597],[129.297744578,35.53485771]]],[[[129.296763838,35.536978348],[129.29674835,35.536906385],[129.29676014,35.536848693],[129.296933629,35.536608331],[129.296970897,35.536495784],[129.297058196,35.536259178],[129.297195584,35.535991193],[129.297370425,35.535725875],[129.297533594,35.535504302],[129.297593331,35.535460907],[129.297663012,35.535446057],[129.297665299,35.53544062],[129.297777319,35.535467964],[129.298110906,35.53574979],[129.298217864,35.535659013],[129.297936577,35.535435349],[129.29785874,35.535351476],[129.297799764,35.53512104],[129.297800123,35.535120186],[129.297799555,35.535120223],[129.297798401,35.535115715],[129.297798445,35.535115711],[129.297745743,35.534862336],[129.297594879,35.53459745],[129.297559099,35.534593061],[129.297540892,35.534461993],[129.297519404,35.534451416],[129.297514727,35.53439615],[129.297510025,35.534321869],[129.297485951,35.534130064],[129.297508346,35.534081888],[129.297405659,35.534104973],[129.297430682,35.534167034],[129.297483716,35.534395896],[129.297538168,35.534620081],[129.297562736,35.534702435],[129.297550614,35.534796755],[129.297613145,35.535104876],[129.297579878,35.535134244],[129.297798012,35.535115748],[129.297796087,35.535120446],[129.297576271,35.535134595],[129.297523733,35.535231094],[129.297432483,35.535353263],[129.297196863,35.535679743],[129.297030945,35.535949962],[129.296887032,35.536230748],[129.296825334,35.536398693],[129.296809748,35.53645012],[129.296732855,35.536598635],[129.29654691,35.536674013],[129.296763838,35.536978348]]]]}},{"type":"Feature","id":"4b9f31a3905ed733cfde3ea282c52930d653b0d0b1934a68e12b635c2e5aef91","properties":{"zone_group_id":"311401011693","source_manage_no":"311401011693","facility_name":"옥산초등학교","facility_type_code":"1","sgg_code":"31140","api_first_registered_on":null,"api_last_modified_on":null,"updated_at":"2026-07-25T01:27:52.347112+00:00"},"geometry":{"type":"MultiPolygon","coordinates":[[[[129.261803106,35.541484155],[129.261848701,35.54148837],[129.261981653,35.54140052],[129.261853729,35.541489543],[129.261921633,35.541588839],[129.262000082,35.541622017],[129.262356678,35.541438693],[129.262846565,35.541437948],[129.26287619,35.541425561],[129.262927319,35.541406008],[129.26308853,35.54122128],[129.263008905,35.541183054],[129.262856089,35.54133551],[129.262810054,35.541352431],[129.262286922,35.541347039],[129.262060167,35.541479753],[129.262018632,35.541472927],[129.262098601,35.541323246],[129.262140941,35.541295268],[129.262846102,35.540937222],[129.262977686,35.540838407],[129.26386733,35.540351813],[129.264058875,35.540253561],[129.264325435,35.540103193],[129.264215936,35.539958199],[129.263928669,35.540107266],[129.263786186,35.540186003],[129.262843492,35.540697256],[129.262678424,35.540781486],[129.262497444,35.540887989],[129.262350732,35.540963423],[129.262153176,35.541068546],[129.261994162,35.541147591],[129.261838259,35.541230132],[129.261793407,35.541224743],[129.261681827,35.541097533],[129.261606969,35.541136968],[129.261709309,35.541235758],[129.261713368,35.541306673],[129.261815669,35.541244441],[129.261693183,35.541323954],[129.261607358,35.541359369],[129.261509828,35.541345987],[129.261678739,35.541545647],[129.261803106,35.541484155]]],[[[129.26249787,35.540884741],[129.262435545,35.540873657],[129.262347599,35.540759948],[129.26226741,35.540793568],[129.262361672,35.540911383],[129.262351205,35.540961865],[129.26249787,35.540884741]]],[[[129.263418762,35.541056196],[129.263444029,35.540999098],[129.263778558,35.540913374],[129.263919355,35.540774665],[129.264193315,35.540630074],[129.26409962,35.540569295],[129.263846855,35.54069574],[129.263697864,35.540837138],[129.263334792,35.54093692],[129.263163121,35.541080434],[129.263098861,35.541074034],[129.263020601,35.54112114],[129.2630109,35.541180481],[129.263093766,35.541223717],[129.263198848,35.541211602],[129.263418762,35.541056196]]],[[[129.263018155,35.541119919],[129.263097436,35.541072371],[129.26295284,35.540892117],[129.262966222,35.540853412],[129.262848743,35.540939285],[129.262867818,35.540937659],[129.263018155,35.541119919]]],[[[129.262137178,35.541075466],[129.262088401,35.541068353],[129.261975093,35.540934837],[129.261901339,35.540976787],[129.262017182,35.541108565],[129.262003657,35.541142201],[129.262137178,35.541075466]]],[[[129.261658651,35.543332614],[129.261670839,35.543104202],[129.261634793,35.542998393],[129.261635089,35.541610696],[129.261676767,35.541549065],[129.261153747,35.54095884],[129.260939804,35.541069339],[129.261421718,35.541594416],[129.261412645,35.543332159],[129.261658651,35.543332614]]]]}},{"type":"Feature","id":"e8170bd78bc2723f6a6bf46711570ad183bf534ee145b8923f6b0e9273406087","properties":{"zone_group_id":"311401011758","source_manage_no":"311401011758","facility_name":"옥서초등학교","facility_type_code":"1","sgg_code":"31140","api_first_registered_on":null,"api_last_modified_on":null,"updated_at":"2026-07-25T01:27:52.347112+00:00"},"geometry":{"type":"MultiPolygon","coordinates":[[[[129.285455088,35.537276882],[129.285401473,35.537244939],[129.28536563,35.536491772],[129.285273121,35.536509584],[129.285320687,35.537238865],[129.28527843,35.537279386],[129.285455088,35.537276882]]],[[[129.284827563,35.537270186],[129.284799456,35.53657096],[129.284703367,35.536608276],[129.284740627,35.537265918],[129.284719774,35.537295893],[129.284859246,35.537294094],[129.284827563,35.537270186]]],[[[129.285230437,35.537372696],[129.285491532,35.537359295],[129.285581109,35.537383795],[129.285645056,35.537379202],[129.285666532,35.537371188],[129.285830123,35.537345268],[129.286473193,35.537317014],[129.286469857,35.537235946],[129.286016854,35.53725113],[129.28596607,35.537219303],[129.285923411,35.536699518],[129.28593624,35.536678147],[129.285932312,35.536466942],[129.285837545,35.536478035],[129.285882761,35.537233559],[129.28584716,35.537253672],[129.285971563,35.537253141],[129.28545512,35.537278008],[129.285269238,35.537283223],[129.284717836,35.537300437],[129.284719487,35.537395059],[129.284911304,35.537380436],[129.285230437,35.537372696]]]]}},{"type":"Feature","id":"199df4b9e3b41e44a78e9c091a3bc640b8308f8b025a6f4ec8a760ebcde029d0","properties":{"zone_group_id":"311401011700","source_manage_no":"311401011700","facility_name":"옥현초등학교","facility_type_code":"1","sgg_code":"31140","api_first_registered_on":null,"api_last_modified_on":null,"updated_at":"2026-07-25T01:27:52.347112+00:00"},"geometry":{"type":"MultiPolygon","coordinates":[[[[129.278747551,35.549837037],[129.279217042,35.549625331],[129.279293293,35.54874074],[129.279224138,35.548817263],[129.279197838,35.549129609],[129.279188497,35.549274301],[129.279160637,35.549568084],[129.27914682,35.549591164],[129.278707772,35.549782857],[129.278747551,35.549837037]]],[[[129.277987463,35.54905784],[129.278167373,35.549351921],[129.278819921,35.550348656],[129.279007527,35.550257216],[129.278263368,35.5490915],[129.278183285,35.548964555],[129.277887021,35.54850365],[129.277699465,35.548596777],[129.277987463,35.54905784]]]]}},{"type":"Feature","id":"c1ce435b8c6374fc97082d0f950c4325c347225ee2ee7798b13ec45dc2309324","properties":{"zone_group_id":"311401011701","source_manage_no":"311401011701","facility_name":"왓앤와이어린이집","facility_type_code":"1","sgg_code":"31140","api_first_registered_on":null,"api_last_modified_on":null,"updated_at":"2026-07-25T01:27:52.347112+00:00"},"geometry":{"type":"MultiPolygon","coordinates":[[[[129.25943338,35.540867667],[129.259483179,35.540927192],[129.260311349,35.540464341],[129.26026155,35.540404815],[129.25943338,35.540867667]]]]}},{"type":"Feature","id":"5936b36b3e3f57fdad307a055e2493801c35a95359a95f52d12bf76e1b6a7fb6","properties":{"zone_group_id":"311401011745","source_manage_no":"311401011742","facility_name":"용연초등학교","facility_type_code":"1","sgg_code":"31140","api_first_registered_on":null,"api_last_modified_on":null,"updated_at":"2026-07-25T01:27:52.347112+00:00"},"geometry":{"type":"MultiPolygon","coordinates":[[[[129.324016192,35.524546132],[129.323950772,35.524499222],[129.323961652,35.524333088],[129.324007977,35.524291207],[129.323980102,35.524166668],[129.32410044,35.523412901],[129.324108253,35.52325387],[129.324187317,35.522842465],[129.324236157,35.52281617],[129.324058829,35.522794236],[129.324081613,35.522831826],[129.324059644,35.522965778],[129.32404481,35.522988882],[129.324025452,35.523105881],[129.324004365,35.52316291],[129.32399452,35.523287331],[129.323900373,35.523856499],[129.323831269,35.524255034],[129.323810181,35.524491227],[129.32377896,35.524525352],[129.324016192,35.524546132]]],[[[129.323892229,35.52632664],[129.323943006,35.525650979],[129.323988729,35.524871749],[129.323992725,35.524821388],[129.324053327,35.524711059],[129.32414417,35.524672122],[129.325019776,35.524649322],[129.326103973,35.524621647],[129.32636828,35.524611566],[129.326209995,35.524619319],[129.326292558,35.52465153],[129.326347671,35.524717231],[129.326355808,35.524814121],[129.326363459,35.524900175],[129.326364883,35.525432568],[129.326343162,35.525467637],[129.32634982,35.52564456],[129.326362953,35.525687829],[129.326358734,35.526287237],[129.326534452,35.526288916],[129.326549775,35.525960717],[129.326546196,35.524650016],[129.32659189,35.524603038],[129.326597361,35.524602829],[129.327250533,35.524570784],[129.327239212,35.524393529],[129.326684913,35.524420201],[129.326567273,35.52437199],[129.325851954,35.523814215],[129.325728202,35.523894353],[129.326386081,35.524419151],[129.326372082,35.524483086],[129.326582237,35.524441056],[129.326352955,35.524488667],[129.324938803,35.52452299],[129.324228234,35.524541481],[129.324016603,35.524542462],[129.324005804,35.524656548],[129.324014495,35.52454701],[129.323778837,35.524527045],[129.323702931,35.525615323],[129.323658709,35.525819707],[129.32359025,35.525918215],[129.323601876,35.525980951],[129.323567255,35.526309241],[129.323892229,35.52632664]]]]}},{"type":"Feature","id":"7123b28cd7339c3be8ef5b0f93b0c6a8ccfd3888dc338fff829639099f1376e8","properties":{"zone_group_id":"311402011709","source_manage_no":"311402011709","facility_name":"울산광역시노인복지관","facility_type_code":"2","sgg_code":"31140","api_first_registered_on":"2008-02-11","api_last_modified_on":null,"updated_at":"2026-07-25T01:27:52.347112+00:00"},"geometry":{"type":"MultiPolygon","coordinates":[[[[129.335553898,35.544725061],[129.335652102,35.546209902],[129.33585556,35.546192443],[129.335774142,35.544716287],[129.335553898,35.544725061]]]]}},{"type":"Feature","id":"5fd5c1cd04038f74fd73cee152566b2d48fd5dec583d410f643444624f54f277","properties":{"zone_group_id":"311401011745","source_manage_no":"311401011745","facility_name":"울산남부초등학교","facility_type_code":"1","sgg_code":"31140","api_first_registered_on":null,"api_last_modified_on":null,"updated_at":"2026-07-25T01:27:52.347112+00:00"},"geometry":{"type":"MultiPolygon","coordinates":[[[[129.321284812,35.522479623],[129.321542995,35.522506625],[129.321580398,35.522549006],[129.32160268,35.522407443],[129.321551392,35.522439277],[129.32086132,35.52236608],[129.320834275,35.522360263],[129.320795446,35.522358052],[129.320784392,35.522422916],[129.320980059,35.522450841],[129.321284812,35.522479623]]],[[[129.321867655,35.5225446],[129.32272418,35.522636276],[129.322735834,35.522574358],[129.321944571,35.522487341],[129.321898794,35.522477237],[129.321731888,35.522460873],[129.321691167,35.52241095],[129.321667433,35.522555922],[129.321717333,35.522529748],[129.321867655,35.5225446]]],[[[129.322651516,35.523707589],[129.322896648,35.523640328],[129.322842994,35.523643897],[129.321557067,35.523502832],[129.321522988,35.523456637],[129.321528697,35.523331872],[129.321545457,35.523267744],[129.321566679,35.523250855],[129.321582484,35.52315956],[129.321571319,35.523148789],[129.321601227,35.523020741],[129.321665306,35.52255385],[129.321758589,35.521988362],[129.32167072,35.521988364],[129.321581411,35.522548282],[129.321544666,35.522857597],[129.321518827,35.522965424],[129.321461356,35.523302886],[129.321432528,35.523450491],[129.321384176,35.52348255],[129.321408312,35.523486513],[129.321384905,35.523483945],[129.321336055,35.523546579],[129.322064194,35.523631012],[129.322651516,35.523707589]]],[[[129.321740981,35.524073879],[129.323899654,35.523433946],[129.323970145,35.523476533],[129.324006161,35.523291604],[129.323958454,35.523322102],[129.323749959,35.523369222],[129.323489745,35.523451143],[129.323389027,35.523471677],[129.323085286,35.523585704],[129.320698575,35.524294664],[129.320732976,35.524376401],[129.321740981,35.524073879]]]]}},{"type":"Feature","id":"f5b738b0cebe690b299822c25a0cbe4f9f7fcaa89edb2c2a43dfd17e553d0b3e","properties":{"zone_group_id":"311401027371","source_manage_no":"311401027371","facility_name":"울산시립아이돌봄센터","facility_type_code":"1","sgg_code":"31140","api_first_registered_on":null,"api_last_modified_on":"2025-06-23","updated_at":"2026-07-25T01:27:52.347112+00:00"},"geometry":{"type":"MultiPolygon","coordinates":[[[[129.32429062,35.54403248],[129.324324721,35.544046841],[129.324582421,35.543426146],[129.324542342,35.543416907],[129.32429062,35.54403248]]]]}},{"type":"Feature","id":"a5afce10a207804936507b5e76ffa5fbe414a93e207cab31e4e0c5b25be7480c","properties":{"zone_group_id":"311402025529","source_manage_no":"311402025529","facility_name":"울산요양원","facility_type_code":"2","sgg_code":"31140","api_first_registered_on":"2022-04-13","api_last_modified_on":"2025-03-24","updated_at":"2026-07-25T01:27:52.347112+00:00"},"geometry":{"type":"MultiPolygon","coordinates":[[[[129.308869376,35.53103599],[129.308960912,35.531056764],[129.308967497,35.530998068],[129.309149452,35.530616136],[129.309348597,35.530641606],[129.30937203,35.530593851],[129.309167441,35.530570738],[129.309389869,35.530158745],[129.30933132,35.530135088],[129.308955685,35.530874398],[129.308869376,35.53103599]]]]}},{"type":"Feature","id":"ee1fa7ef3b701fa2625e7e15d121e9b31c6440796b9872427d0b57b2d4623202","properties":{"zone_group_id":"311401011721","source_manage_no":"311401011721","facility_name":"울산중앙초등학교","facility_type_code":"1","sgg_code":"31140","api_first_registered_on":null,"api_last_modified_on":null,"updated_at":"2026-07-25T01:27:52.347112+00:00"},"geometry":{"type":"MultiPolygon","coordinates":[[[[129.314956766,35.540823268],[129.31501261,35.540680639],[129.314971644,35.54069368],[129.314705371,35.540634987],[129.314674647,35.540716708],[129.314933944,35.540784408],[129.314956766,35.540823268]]],[[[129.314231806,35.542701509],[129.314856654,35.542865293],[129.315375191,35.542998157],[129.316059725,35.543188677],[129.316134358,35.54301653],[129.315414727,35.54282753],[129.314421115,35.542563501],[129.314410305,35.542560673],[129.314398775,35.542553366],[129.314392413,35.542529825],[129.3144087,35.542485144],[129.314497361,35.542261599],[129.31454879,35.542127083],[129.31468031,35.541794541],[129.314794906,35.541502467],[129.31494037,35.541133739],[129.315063921,35.540829661],[129.315211735,35.540452859],[129.315406325,35.539941631],[129.315511773,35.539906646],[129.315303542,35.539853601],[129.315325762,35.539889514],[129.315148016,35.54033957],[129.315014221,35.54068272],[129.314962362,35.540820202],[129.314826822,35.541156625],[129.314798945,35.541241103],[129.31482382,35.541160063],[129.314780094,35.541184989],[129.314540616,35.541123669],[129.314521881,35.541173045],[129.31476303,35.541238558],[129.314788278,35.54127319],[129.314655475,35.541613741],[129.314595315,35.541750115],[129.314570284,35.541832149],[129.314459547,35.542096683],[129.314427983,35.542185181],[129.31430888,35.5425003],[129.314265512,35.542519726],[129.314387777,35.542554779],[129.313491153,35.542320215],[129.313434076,35.542492023],[129.313700586,35.542558742],[129.314231806,35.542701509]]],[[[129.314593373,35.541748462],[129.314652032,35.541613808],[129.314595885,35.541638126],[129.314339696,35.541570789],[129.314314265,35.541638886],[129.314571797,35.541699014],[129.314593373,35.541748462]]],[[[129.314422717,35.542193733],[129.31445662,35.542096739],[129.314420914,35.542113059],[129.314235538,35.542064222],[129.314216152,35.542108962],[129.314396401,35.542159166],[129.314422717,35.542193733]]]]}},{"type":"Feature","id":"def2f7cbc4f9afae4060c14a4c9dd642d8c73b02450e99fa84f00fb66b7b477a","properties":{"zone_group_id":"311401011702","source_manage_no":"311401011702","facility_name":"월계초등학교","facility_type_code":"1","sgg_code":"31140","api_first_registered_on":null,"api_last_modified_on":null,"updated_at":"2026-07-25T01:27:52.347112+00:00"},"geometry":{"type":"MultiPolygon","coordinates":[[[[129.256740759,35.538695819],[129.25674894,35.538889397],[129.257280461,35.53917004],[129.257611064,35.539362085],[129.257737043,35.539431811],[129.257934959,35.539511454],[129.258957336,35.539801886],[129.259047191,35.53966407],[129.257932663,35.539331282],[129.256740759,35.538695819]]]]}},{"type":"Feature","id":"786a45dd597fa284a6a1cfa5569336042aba3cf0d9b2cf073b771127b1f32ca5","properties":{"zone_group_id":"311401011727","source_manage_no":"311401011727","facility_name":"월봉초등학교","facility_type_code":"1","sgg_code":"31140","api_first_registered_on":null,"api_last_modified_on":null,"updated_at":"2026-07-25T01:27:52.347112+00:00"},"geometry":{"type":"MultiPolygon","coordinates":[[[[129.318401357,35.54827077],[129.318577767,35.547792424],[129.318691153,35.547494454],[129.318752645,35.547332699],[129.318897919,35.54699355],[129.318835206,35.546969403],[129.318528933,35.547747727],[129.318473687,35.547911052],[129.318288621,35.548376043],[129.318365555,35.548391465],[129.318401357,35.54827077]]],[[[129.31803557,35.54777243],[129.318473103,35.54789078],[129.318497676,35.547810867],[129.318079176,35.547707362],[129.317889701,35.5476603],[129.317471251,35.547558482],[129.317421495,35.547625358],[129.317787757,35.547709587],[129.31803557,35.54777243]]],[[[129.32032543,35.547857104],[129.320344679,35.547807717],[129.320138625,35.547759287],[129.320103244,35.547715178],[129.320067626,35.54780629],[129.320102433,35.547794634],[129.32032543,35.547857104]]],[[[129.319626341,35.548669755],[129.319646421,35.548707485],[129.319641517,35.548719955],[129.319713532,35.548732085],[129.319728449,35.548692649],[129.319722698,35.548713536],[129.319755367,35.548699386],[129.320013807,35.548772161],[129.320032667,35.54870926],[129.319774811,35.548656756],[129.319753797,35.548625635],[129.319891863,35.548260618],[129.319938796,35.548249636],[129.320180706,35.54832273],[129.320207635,35.548252912],[129.319959917,35.548193453],[129.31993607,35.548155036],[129.319894211,35.54825441],[129.320195038,35.547459079],[129.320142307,35.547446579],[129.319693325,35.548588223],[129.319694204,35.548585628],[129.319647316,35.548608503],[129.318431839,35.548324271],[129.318409718,35.54827399],[129.318367523,35.548388047],[129.318418544,35.548365092],[129.319626341,35.548669755]]]]}},{"type":"Feature","id":"8da86ffb7ed7cc8418362597c266834314465a4489de9cca74e69874a2f9bc63","properties":{"zone_group_id":"311401011725","source_manage_no":"311401011725","facility_name":"월평초등학교","facility_type_code":"1","sgg_code":"31140","api_first_registered_on":null,"api_last_modified_on":null,"updated_at":"2026-07-25T01:27:52.347112+00:00"},"geometry":{"type":"MultiPolygon","coordinates":[[[[129.311821575,35.528420069],[129.312027235,35.528456691],[129.312262106,35.528502893],[129.312440817,35.52853665],[129.312663003,35.528572953],[129.31268007,35.528447548],[129.312703848,35.528267928],[129.312740416,35.527957914],[129.312745604,35.52777865],[129.312752557,35.527732881],[129.312652409,35.527771987],[129.312655852,35.527891927],[129.312642034,35.528130515],[129.312605902,35.528455732],[129.312559314,35.52848874],[129.311826463,35.528374339],[129.311813099,35.528340791],[129.311757539,35.528415241],[129.311784103,35.528410647],[129.311821575,35.528420069]]],[[[129.311483436,35.529168565],[129.311651668,35.528621084],[129.311755087,35.528407822],[129.311934448,35.528176202],[129.311843076,35.528161052],[129.311707607,35.528337743],[129.311565542,35.528644709],[129.311462645,35.529020223],[129.311236337,35.529776715],[129.311186537,35.529841898],[129.311289336,35.529823025],[129.311483436,35.529168565]]],[[[129.313098735,35.530623856],[129.31327189,35.53103971],[129.313403027,35.531000008],[129.313298343,35.530809331],[129.313095897,35.530093178],[129.313069613,35.529897616],[129.313077116,35.529583089],[129.31313493,35.529149281],[129.313135208,35.529145224],[129.313188103,35.529129668],[129.313634281,35.529121106],[129.313626047,35.529050274],[129.313184048,35.529060447],[129.313143782,35.529025724],[129.313142294,35.52904197],[129.313166985,35.528682163],[129.313319929,35.52796257],[129.313187245,35.527948214],[129.313075087,35.528504762],[129.312965086,35.529568336],[129.312965012,35.529997656],[129.313049272,35.530340846],[129.313098735,35.530623856]]],[[[129.311528427,35.530016197],[129.311571728,35.530084666],[129.311622225,35.530115812],[129.311717246,35.53011399],[129.311925171,35.530157329],[129.312037008,35.530165326],[129.312418749,35.530071802],[129.31265793,35.530052001],[129.31291835,35.530052075],[129.312977158,35.530084752],[129.312951574,35.529985519],[129.31256736,35.52999289],[129.312423976,35.530037897],[129.31199487,35.5301374],[129.31168726,35.53007738],[129.311520243,35.529947055],[129.311281267,35.52982994],[129.311157909,35.529852588],[129.310866729,35.529788871],[129.310256081,35.52968395],[129.310154978,35.529761948],[129.310341227,35.52977021],[129.311528427,35.530016197]]]]}},{"type":"Feature","id":"9b3bec75e558441edfbad87c6c385d204f7754d8a939fc8af73e82039b7b8244","properties":{"zone_group_id":"311401011680","source_manage_no":"311401011680","facility_name":"이레유치원","facility_type_code":"1","sgg_code":"31140","api_first_registered_on":null,"api_last_modified_on":null,"updated_at":"2026-07-25T01:27:52.347112+00:00"},"geometry":{"type":"MultiPolygon","coordinates":[[[[129.325968825,35.531287986],[129.327200351,35.531611904],[129.327227371,35.531543261],[129.325995847,35.531219343],[129.325968825,35.531287986]]]]}},{"type":"Feature","id":"212bf596351b50469c017765bb5f3b9eb42d80b4b1f9d2f1552549c8ff838796","properties":{"zone_group_id":"311401011681","source_manage_no":"311401011681","facility_name":"이화유치원","facility_type_code":"1","sgg_code":"31140","api_first_registered_on":null,"api_last_modified_on":null,"updated_at":"2026-07-25T01:27:52.347112+00:00"},"geometry":{"type":"MultiPolygon","coordinates":[[[[129.314830279,35.537910379],[129.314914322,35.537932306],[129.315102023,35.537451677],[129.315017981,35.53742975],[129.314830279,35.537910379]]]]}},{"type":"Feature","id":"1764b8342d35932a31f6b146a34b6ccd933576dbc2208121639006d17467d33c","properties":{"zone_group_id":"311402025148","source_manage_no":"311402025148","facility_name":"장생포부인회경로당","facility_type_code":"2","sgg_code":"31140","api_first_registered_on":"2021-07-27","api_last_modified_on":"2025-03-24","updated_at":"2026-07-25T01:27:52.347112+00:00"},"geometry":{"type":"MultiPolygon","coordinates":[[[[129.374154955,35.502281426],[129.374593467,35.502392181],[129.374587654,35.502849581],[129.374555907,35.502987617],[129.374594651,35.502993612],[129.374621488,35.502875946],[129.374635096,35.502402625],[129.374959072,35.502459318],[129.374974662,35.502427474],[129.374598045,35.502360554],[129.374156647,35.502245351],[129.374154955,35.502281426]]]]}},{"type":"Feature","id":"394af038abc100b590f6d47885c7494cac8a1b02553fb223f4f5c9a61c76a701","properties":{"zone_group_id":"311401011760","source_manage_no":"311401011760","facility_name":"장생포초등학교","facility_type_code":"1","sgg_code":"31140","api_first_registered_on":null,"api_last_modified_on":null,"updated_at":"2026-07-25T01:27:52.347112+00:00"},"geometry":{"type":"MultiPolygon","coordinates":[[[[129.366990222,35.504813459],[129.367085177,35.504880894],[129.367309216,35.504641696],[129.367409552,35.504505354],[129.367455657,35.504457123],[129.367513549,35.504317812],[129.367517265,35.504286047],[129.367575521,35.50412391],[129.367601057,35.504008474],[129.367607481,35.50394581],[129.367604201,35.503763754],[129.367585619,35.503394807],[129.367580032,35.503274912],[129.367596972,35.50307781],[129.367612097,35.50301244],[129.367651513,35.502912366],[129.367772936,35.502756437],[129.367715698,35.502834905],[129.367766303,35.502799262],[129.367780724,35.502797852],[129.367836546,35.502781544],[129.367919124,35.502761753],[129.368188639,35.502705331],[129.368372735,35.502659882],[129.368412005,35.502660379],[129.368408526,35.502612276],[129.367874323,35.502731223],[129.367829648,35.502740128],[129.367797175,35.502742456],[129.367789791,35.502734792],[129.367794865,35.502728276],[129.3683095,35.50242379],[129.368616011,35.502237762],[129.368688235,35.502199581],[129.369027788,35.501989662],[129.368929504,35.501879194],[129.367760749,35.502586686],[129.367623602,35.502665438],[129.367530489,35.502871783],[129.367474559,35.503042747],[129.367451296,35.503200394],[129.367443554,35.503394075],[129.367467488,35.503646293],[129.367481051,35.503779835],[129.367479742,35.503946347],[129.367473845,35.503956604],[129.36745306,35.503952364],[129.367344589,35.503952381],[129.367299937,35.504102841],[129.367403721,35.504136721],[129.367437801,35.504171546],[129.36737492,35.504316871],[129.367341907,35.504371184],[129.367248443,35.504512884],[129.367175339,35.504626718],[129.366990222,35.504813459]]]]}},{"type":"Feature","id":"d1befe83c5f6011db06f5c52790b5f141a897ff9a060afff697ad56d24c93387","properties":{"zone_group_id":"311401011691","source_manage_no":"311401011691","facility_name":"정광사유치원","facility_type_code":"1","sgg_code":"31140","api_first_registered_on":null,"api_last_modified_on":null,"updated_at":"2026-07-25T01:27:52.347112+00:00"},"geometry":{"type":"MultiPolygon","coordinates":[[[[129.283698408,35.547060264],[129.283862443,35.54715857],[129.283864562,35.547156652],[129.283859327,35.547170179],[129.283794912,35.547231403],[129.283860245,35.547275379],[129.283975448,35.547164457],[129.283986788,35.547163397],[129.284054254,35.54713096],[129.283987144,35.547163813],[129.284045621,35.547166508],[129.284083673,35.547214381],[129.284138187,35.547186727],[129.284108711,35.547149678],[129.284122412,35.547098634],[129.284139351,35.547094164],[129.284435028,35.547059826],[129.284726392,35.547019231],[129.284713483,35.546946795],[129.284081724,35.547030323],[129.284022574,35.547040318],[129.28399471,35.547038815],[129.283994961,35.547038587],[129.283916039,35.547043886],[129.283879149,35.547036979],[129.283827834,35.547013443],[129.283763234,35.546977059],[129.283698408,35.547060264]]]]}},{"type":"Feature","id":"5b9e33776ccde27476f91ca519bbb3e21028b02bac6c323a90fdd7af87b06fb5","properties":{"zone_group_id":"311401011729","source_manage_no":"311401011729","facility_name":"정지유치원","facility_type_code":"1","sgg_code":"31140","api_first_registered_on":null,"api_last_modified_on":null,"updated_at":"2026-07-25T01:27:52.347112+00:00"},"geometry":{"type":"MultiPolygon","coordinates":[[[[129.323901755,35.544949098],[129.323985459,35.544971894],[129.32428095,35.54426436],[129.324189265,35.544239096],[129.323901755,35.544949098]]]]}},{"type":"Feature","id":"60f50b9bce98fab82c1fdcb2792dba3628e1d3ff1bf144954f9832c56c7cf1fc","properties":{"zone_group_id":"311401011683","source_manage_no":"311401011683","facility_name":"지안어린이집","facility_type_code":"1","sgg_code":"31140","api_first_registered_on":null,"api_last_modified_on":null,"updated_at":"2026-07-25T01:27:52.347112+00:00"},"geometry":{"type":"MultiPolygon","coordinates":[[[[129.321337288,35.534359815],[129.322291172,35.534597826],[129.322323366,35.534511616],[129.321369482,35.534273606],[129.321337288,35.534359815]]]]}},{"type":"Feature","id":"4c3c562a091652989782e1f51dc8ad009109b49fdfcbe6fde92a8368748ab7d6","properties":{"zone_group_id":"311401011717","source_manage_no":"311401011717","facility_name":"천사어린이집","facility_type_code":"1","sgg_code":"31140","api_first_registered_on":null,"api_last_modified_on":null,"updated_at":"2026-07-25T01:27:52.347112+00:00"},"geometry":{"type":"MultiPolygon","coordinates":[[[[129.310369578,35.512709054],[129.310552115,35.513694476],[129.310634467,35.513683887],[129.31046019,35.512698307],[129.310369578,35.512709054]]]]}},{"type":"Feature","id":"57f9fff2c095db3eadc390cf67e2dc0478fe8655d054ddca0045ccc2e7d0a3eb","properties":{"zone_group_id":"311401011684","source_manage_no":"311401011684","facility_name":"청솔초등학교","facility_type_code":"1","sgg_code":"31140","api_first_registered_on":null,"api_last_modified_on":null,"updated_at":"2026-07-25T01:27:52.347112+00:00"},"geometry":{"type":"MultiPolygon","coordinates":[[[[129.318002193,35.530835344],[129.318041392,35.5308329],[129.318044649,35.53065882],[129.317831205,35.530639271],[129.317192865,35.530506247],[129.317134684,35.530639146],[129.317881168,35.530795433],[129.318002193,35.530835344]]],[[[129.317342931,35.532130344],[129.317396226,35.532186762],[129.317334592,35.532343381],[129.317271672,35.532383448],[129.317586439,35.532404429],[129.317545587,35.532349461],[129.317655462,35.532073651],[129.317699984,35.532040694],[129.317919654,35.531989165],[129.317868347,35.531936171],[129.317936326,35.531993913],[129.317984353,35.531077284],[129.318023213,35.530919414],[129.317991694,35.530901436],[129.318006421,35.530838641],[129.317893757,35.530801949],[129.317873048,35.531231479],[129.317844005,35.531443224],[129.317837443,35.531502482],[129.31785878,35.531525725],[129.317865801,35.531841525],[129.317818727,35.531857636],[129.317817948,35.531884114],[129.317815276,35.531881355],[129.317162851,35.532049331],[129.317172497,35.5321691],[129.317342931,35.532130344]]],[[[129.317173673,35.533143915],[129.317448837,35.532506755],[129.317270456,35.532484841],[129.317319376,35.532532896],[129.317089829,35.533103289],[129.317041174,35.533136325],[129.317186698,35.533165628],[129.317173673,35.533143915]]],[[[129.316668456,35.532466002],[129.317257916,35.532480014],[129.317473528,35.532502901],[129.317816292,35.532491242],[129.31814761,35.532440944],[129.31874305,35.532343343],[129.318805067,35.532375925],[129.318411827,35.533434353],[129.318499609,35.533468144],[129.31857434,35.533263967],[129.318638621,35.533127571],[129.318725357,35.532909648],[129.318896604,35.532448569],[129.318866189,35.532560593],[129.318917443,35.532546091],[129.319506564,35.532691879],[129.319535411,35.532616987],[129.318934382,35.532488323],[129.318902819,35.532431833],[129.318944029,35.532320877],[129.31881373,35.532331757],[129.318941671,35.532310786],[129.319163893,35.5322761],[129.319148339,35.532166582],[129.318411779,35.532283809],[129.317739545,35.532409933],[129.317685351,35.53239408],[129.317617571,35.532408899],[129.317251209,35.5323906],[129.317082015,35.53240061],[129.316881397,35.532396019],[129.316746639,35.532381714],[129.316116038,35.532302599],[129.31608748,35.532387623],[129.316334564,35.532426802],[129.316413644,35.532445556],[129.316668456,35.532466002]]],[[[129.316839892,35.533467955],[129.317012514,35.533505185],[129.317105501,35.533288832],[129.316964924,35.533269227],[129.317095075,35.533285653],[129.317148298,35.533267735],[129.318339283,35.533570907],[129.318360485,35.53361401],[129.318357024,35.533612803],[129.31824613,35.533853155],[129.318364753,35.533881284],[129.318448889,35.533644826],[129.318441833,35.533642367],[129.318495575,35.533615207],[129.318593152,35.533630225],[129.318623822,35.53354685],[129.318503474,35.533530581],[129.318489329,35.533470031],[129.318399579,35.533439657],[129.318324021,35.533471521],[129.31720145,35.533175481],[129.317007976,35.533131894],[129.316539494,35.533012497],[129.316469207,35.533155765],[129.316861024,35.533255891],[129.316883275,35.533323514],[129.316839892,35.533467955]]]]}},{"type":"Feature","id":"ca8f1d7a449ce4fa3fcfa11a75d7e96a00473936a32650a16ad04c5a56682aeb","properties":{"zone_group_id":"311401011718","source_manage_no":"311401011718","facility_name":"탐앤제인유치원","facility_type_code":"1","sgg_code":"31140","api_first_registered_on":null,"api_last_modified_on":null,"updated_at":"2026-07-25T01:27:52.347112+00:00"},"geometry":{"type":"MultiPolygon","coordinates":[[[[129.312770732,35.506306557],[129.312779744,35.506476675],[129.312749713,35.506510211],[129.312911905,35.506510057],[129.31287187,35.506482937],[129.312857573,35.506308694],[129.312763625,35.506076821],[129.312690034,35.506104431],[129.312770732,35.506306557]]],[[[129.312285886,35.506583476],[129.312341728,35.506585363],[129.312710488,35.506583361],[129.313152605,35.506581642],[129.313153139,35.506510219],[129.312911994,35.506513155],[129.312746115,35.506510843],[129.312375916,35.506516675],[129.312224919,35.506516086],[129.312374655,35.506514727],[129.312343336,35.506485326],[129.312407353,35.506250001],[129.312318491,35.506231422],[129.312253457,35.50648536],[129.312207656,35.506516032],[129.312167212,35.506516029],[129.312159917,35.506585891],[129.312285886,35.506583476]]]]}},{"type":"Feature","id":"f21935cb33c94e0505649c728467afd1c87aceef63c6fd39cfbc079417b537b5","properties":{"zone_group_id":"311402021920","source_manage_no":"311402021920","facility_name":"하개경로당","facility_type_code":"2","sgg_code":"31140","api_first_registered_on":"2019-11-04","api_last_modified_on":"2025-03-24","updated_at":"2026-07-25T01:27:52.347112+00:00"},"geometry":{"type":"MultiPolygon","coordinates":[[[[129.310863993,35.504871558],[129.310922996,35.50500784],[129.310948465,35.504935266],[129.311109752,35.504891627],[129.311243247,35.50483951],[129.311291539,35.504890395],[129.311369773,35.504832579],[129.31130623,35.504730174],[129.311203409,35.50479522],[129.310863993,35.504871558]]]]}},{"type":"Feature","id":"22515c12952b7553355f5d90b8b1bef9412c8236467497733491809bad9d0919","properties":{"zone_group_id":"311401011694","source_manage_no":"311401011694","facility_name":"한별유치원","facility_type_code":"1","sgg_code":"31140","api_first_registered_on":null,"api_last_modified_on":null,"updated_at":"2026-07-25T01:27:52.347112+00:00"},"geometry":{"type":"MultiPolygon","coordinates":[[[[129.254408445,35.54772768],[129.254465203,35.547884306],[129.254901154,35.548096913],[129.25495699,35.548023783],[129.25448472,35.547793833],[129.254408445,35.54772768]]]]}},{"type":"Feature","id":"6d9ab7c9da4bf0d94e932a666311f396aba3cf24887a8f8818d9b1a31bfa3851","properties":{"zone_group_id":"311401011759","source_manage_no":"311401011759","facility_name":"해바라기유치원","facility_type_code":"1","sgg_code":"31140","api_first_registered_on":null,"api_last_modified_on":null,"updated_at":"2026-07-25T01:27:52.347112+00:00"},"geometry":{"type":"MultiPolygon","coordinates":[[[[129.295935239,35.530633387],[129.296086366,35.530895876],[129.296123404,35.531053208],[129.296181507,35.531043227],[129.296164401,35.53098693],[129.29614518,35.530910813],[129.296104401,35.530839755],[129.295939196,35.530536546],[129.295894604,35.530549227],[129.295935239,35.530633387]]],[[[129.296144435,35.530908855],[129.296155508,35.530898503],[129.296198695,35.530890919],[129.296298232,35.530866205],[129.296336386,35.530845195],[129.296394777,35.530827181],[129.296544826,35.530779954],[129.296605658,35.530793162],[129.296574474,35.530714315],[129.296327651,35.530792542],[129.296211422,35.530829828],[129.296141369,35.530855671],[129.296108401,35.530841087],[129.296144435,35.530908855]]]]}},{"type":"Feature","id":"4bba40dcb7f566639df44b97fe9e49733c397bad1fa176ac795e8fc34a475455","properties":{"zone_group_id":"311401011711","source_manage_no":"311401011711","facility_name":"현대한솔유치원","facility_type_code":"1","sgg_code":"31140","api_first_registered_on":null,"api_last_modified_on":null,"updated_at":"2026-07-25T01:27:52.347112+00:00"},"geometry":{"type":"MultiPolygon","coordinates":[[[[129.33097849,35.547264181],[129.331124383,35.548343779],[129.331212083,35.548335864],[129.331066189,35.547256266],[129.33097849,35.547264181]]]]}},{"type":"Feature","id":"eef3aa2b565e81873b22c697cb86fff6d3b715668029ba6334a27a49973f414f","properties":{"zone_group_id":"311702011769","source_manage_no":"311702011769","facility_name":"가은실버홈","facility_type_code":"2","sgg_code":"31170","api_first_registered_on":"2012-05-04","api_last_modified_on":null,"updated_at":"2026-07-25T01:27:52.347112+00:00"},"geometry":{"type":"MultiPolygon","coordinates":[[[[129.416095476,35.487927345],[129.416439664,35.488292131],[129.416583081,35.488390625],[129.416736902,35.488468637],[129.416756979,35.488495266],[129.41679302,35.488411197],[129.416518883,35.48827027],[129.41613145,35.487841025],[129.416019943,35.487888311],[129.416095476,35.487927345]]],[[[129.415690568,35.488937871],[129.415708083,35.488878952],[129.416481303,35.488394917],[129.416585901,35.488392821],[129.416448192,35.488300971],[129.41641933,35.488348854],[129.41565739,35.488841673],[129.415577497,35.488841021],[129.415690568,35.488937871]]]]}},{"type":"Feature","id":"728158042591d846e9fcead52a5158305c7530f52fd8417e47e528891fb3ef79","properties":{"zone_group_id":"311701011763","source_manage_no":"311701011763","facility_name":"그림마을유치원","facility_type_code":"1","sgg_code":"31170","api_first_registered_on":"2008-01-14","api_last_modified_on":null,"updated_at":"2026-07-25T01:27:52.347112+00:00"},"geometry":{"type":"MultiPolygon","coordinates":[[[[129.4275542,35.543367799],[129.427607283,35.543400083],[129.427940453,35.543034157],[129.427887372,35.543001873],[129.4275542,35.543367799]]]]}},{"type":"Feature","id":"aa8fb8fa128ba741db7826614ce4e427ca624c16a93a5936969b9239f9b7832d","properties":{"zone_group_id":"311701011764","source_manage_no":"311701011764","facility_name":"꼬마성어린이집","facility_type_code":"1","sgg_code":"31170","api_first_registered_on":"2016-12-05","api_last_modified_on":null,"updated_at":"2026-07-25T01:27:52.347112+00:00"},"geometry":{"type":"MultiPolygon","coordinates":[[[[129.42531568,35.546348285],[129.425532706,35.546416],[129.425599222,35.546428177],[129.425667611,35.546411032],[129.425960626,35.546256463],[129.426005893,35.546203742],[129.426054633,35.546083374],[129.426299364,35.545332838],[129.426249308,35.545318077],[129.425996381,35.546071031],[129.425950394,35.546191344],[129.425907475,35.546230502],[129.425641532,35.546368758],[129.425589602,35.546383319],[129.425550767,35.54637509],[129.425317349,35.54631221],[129.42531568,35.546348285]]]]}},{"type":"Feature","id":"51fcf447ab0a7a963ba12c5341d35215cfa847f32bc72bbc685bbda9354e1d41","properties":{"zone_group_id":"311701011771","source_manage_no":"311701011771","facility_name":"꽃바위어린이집","facility_type_code":"1","sgg_code":"31170","api_first_registered_on":"2014-04-29","api_last_modified_on":null,"updated_at":"2026-07-25T01:27:52.347112+00:00"},"geometry":{"type":"MultiPolygon","coordinates":[[[[129.41315474,35.482891784],[129.413438486,35.483308081],[129.413494875,35.483282737],[129.41321307,35.482866319],[129.41315474,35.482891784]]]]}},{"type":"Feature","id":"aed9ebed164529126a23cce917dc699449ff541ca34c10c3eeb4219c8d701d50","properties":{"zone_group_id":"311701011770","source_manage_no":"311701011770","facility_name":"꽃바위유치원","facility_type_code":"1","sgg_code":"31170","api_first_registered_on":"2007-02-12","api_last_modified_on":null,"updated_at":"2026-07-25T01:27:52.347112+00:00"},"geometry":{"type":"MultiPolygon","coordinates":[[[[129.411213381,35.48778177],[129.411337859,35.487891912],[129.411601152,35.487670396],[129.412788225,35.487145127],[129.412707854,35.487036356],[129.411476674,35.487560254],[129.411213381,35.48778177]]]]}},{"type":"Feature","id":"33e4ad7ccda17575794a682e230ab1e2d200334d599a33ae5b2aa2d4036cfc39","properties":{"zone_group_id":"311701011782","source_manage_no":"311701011782","facility_name":"남목초등학교","facility_type_code":"1","sgg_code":"31170","api_first_registered_on":"2000-12-29","api_last_modified_on":"2025-12-17","updated_at":"2026-07-25T01:27:52.347112+00:00"},"geometry":{"type":"MultiPolygon","coordinates":[[[[129.424267556,35.542623156],[129.424315604,35.542639936],[129.42438536,35.542644164],[129.424309624,35.54264048],[129.424335973,35.542691759],[129.425146176,35.542735713],[129.425741269,35.542728242],[129.426056609,35.542627852],[129.426030124,35.54257207],[129.425742124,35.542665152],[129.425063143,35.54267713],[129.424457138,35.542647655],[129.424463809,35.542619208],[129.424435232,35.542545415],[129.424481358,35.542446879],[129.424474957,35.542440247],[129.424521246,35.542358609],[129.424616986,35.542071465],[129.424702308,35.541524242],[129.424757591,35.541472425],[129.424757782,35.541471272],[129.42482398,35.541463342],[129.425029518,35.541476109],[129.425229233,35.54151857],[129.425316806,35.541526527],[129.425421562,35.541555969],[129.425456578,35.541551884],[129.425938697,35.541568378],[129.426014633,35.541584596],[129.426032543,35.541541611],[129.42601687,35.541583447],[129.425875376,35.542009784],[129.42587003,35.542106753],[129.425889609,35.542207726],[129.425946691,35.542364258],[129.426032742,35.542567512],[129.426067559,35.542625379],[129.426176447,35.542580388],[129.426059012,35.542341724],[129.426001929,35.542185191],[129.425985851,35.542108927],[129.425993029,35.542072741],[129.425999257,35.542005037],[129.426145783,35.541562832],[129.426156326,35.541546851],[129.426045201,35.541517552],[129.426042379,35.541515356],[129.426040967,35.541519125],[129.425977534,35.541450974],[129.425902066,35.541484606],[129.425715586,35.541469768],[129.425658878,35.541474289],[129.425382281,35.541452813],[129.425232755,35.541429624],[129.425025886,35.541389842],[129.424776603,35.541383026],[129.4247585,35.54146693],[129.424772454,35.541382546],[129.424639007,35.54137847],[129.424596806,35.541452842],[129.424622419,35.541514018],[129.424606202,35.541627587],[129.424489791,35.542086278],[129.424517985,35.542095852],[129.424446026,35.542246035],[129.424453673,35.542294052],[129.424419652,35.542434176],[129.424361473,35.542492813],[129.424323732,35.542578081],[129.424297859,35.542576911],[129.424267556,35.542623156]]]]}},{"type":"Feature","id":"354e0365b4449c210832d28b3ca303313190fc0f9d2423eda37942e118b0c664","properties":{"zone_group_id":"311702024523","source_manage_no":"311702024523","facility_name":"녹수경로당","facility_type_code":"2","sgg_code":"31170","api_first_registered_on":"2021-07-27","api_last_modified_on":"2025-03-24","updated_at":"2026-07-25T01:27:52.347112+00:00"},"geometry":{"type":"MultiPolygon","coordinates":[[[[129.4288685,35.513223229],[129.428878524,35.513281595],[129.428907998,35.51325397],[129.429406452,35.513193051],[129.429450003,35.513411994],[129.429532402,35.513403576],[129.42949875,35.513383981],[129.429463916,35.513186027],[129.430011477,35.513119104],[129.430007434,35.513076386],[129.429457108,35.513147341],[129.429418961,35.512930563],[129.429355836,35.512938593],[129.429398853,35.513154852],[129.4288685,35.513223229]]]]}},{"type":"Feature","id":"47d09b504a30be8b58b8240693c55f43185342bba11d2466990ac50cb6256f3d","properties":{"zone_group_id":"311701011785","source_manage_no":"311701011785","facility_name":"녹수초등학교","facility_type_code":"1","sgg_code":"31170","api_first_registered_on":"2001-06-28","api_last_modified_on":null,"updated_at":"2026-07-25T01:27:52.347112+00:00"},"geometry":{"type":"MultiPolygon","coordinates":[[[[129.427493698,35.528770219],[129.428088897,35.529226772],[129.428159306,35.529277164],[129.428196126,35.529310211],[129.428505714,35.529524729],[129.428519755,35.529533457],[129.428615223,35.529592353],[129.428796947,35.529678796],[129.4290091,35.52976913],[129.429193036,35.529837506],[129.429234888,35.529854684],[129.429658858,35.530024094],[129.429904401,35.530125017],[129.430223247,35.530280776],[129.430434619,35.530436448],[129.430491601,35.530498372],[129.43097367,35.531222998],[129.431181949,35.531549929],[129.431314751,35.531749984],[129.431343719,35.531796704],[129.431400635,35.531856376],[129.431500424,35.531966993],[129.431658835,35.531828642],[129.431576317,35.531742455],[129.43149312,35.531633756],[129.431446609,35.531553601],[129.431122799,35.531051045],[129.431085298,35.530995487],[129.431015804,35.530884258],[129.430958074,35.530797571],[129.430873859,35.530655104],[129.430850469,35.530610523],[129.430813308,35.530566221],[129.430741196,35.53045955],[129.430615673,35.530317915],[129.430488346,35.530207853],[129.430443535,35.530183978],[129.430364725,35.530129252],[129.430059922,35.52998222],[129.428932851,35.529525133],[129.428796074,35.529467069],[129.428737154,35.529432215],[129.428683946,35.529404003],[129.428571548,35.529331932],[129.428475673,35.529259528],[129.42845048,35.52924652],[129.42841655,35.529217919],[129.428233335,35.529081949],[129.427640687,35.528618588],[129.427493698,35.528770219]]]]}},{"type":"Feature","id":"a19642d368473f2a4b549cc0f1d10b754dc7e9af53814b7ca5351c729f0371f4","properties":{"zone_group_id":"311702011772","source_manage_no":"311702011772","facility_name":"다비다의집","facility_type_code":"2","sgg_code":"31170","api_first_registered_on":"2011-05-23","api_last_modified_on":null,"updated_at":"2026-07-25T01:27:52.347112+00:00"},"geometry":{"type":"MultiPolygon","coordinates":[[[[129.416375692,35.48980616],[129.416471912,35.489892084],[129.416625588,35.489873237],[129.416755017,35.489780538],[129.416874376,35.490179112],[129.416843975,35.490267573],[129.417104909,35.490519142],[129.417047186,35.490155375],[129.416862816,35.489609432],[129.416779984,35.489234904],[129.416837118,35.488751699],[129.416902818,35.488554405],[129.416757862,35.488496489],[129.416662153,35.488703395],[129.416608782,35.489220314],[129.41671586,35.489668692],[129.416601409,35.489801637],[129.416375692,35.48980616]]]]}},{"type":"Feature","id":"5476cf3b62b305b4b2cdb3a54a1f34bb4e602d3492b41b51f322d037809d51ea","properties":{"zone_group_id":"311701011808","source_manage_no":"311701011808","facility_name":"대성유치원","facility_type_code":"1","sgg_code":"31170","api_first_registered_on":"2008-01-14","api_last_modified_on":null,"updated_at":"2026-07-25T01:27:52.347112+00:00"},"geometry":{"type":"MultiPolygon","coordinates":[[[[129.418602151,35.500333668],[129.418674134,35.50034574],[129.418952719,35.499531464],[129.418886107,35.499514779],[129.418602151,35.500333668]]]]}},{"type":"Feature","id":"ec2070e4b4b378e613377cb3d2c184dd788d1f20bfb11949453ecc552d43a99c","properties":{"zone_group_id":"311702024519","source_manage_no":"311702024519","facility_name":"동구노인요양원","facility_type_code":"2","sgg_code":"31170","api_first_registered_on":null,"api_last_modified_on":null,"updated_at":"2026-07-25T01:27:52.347112+00:00"},"geometry":{"type":"MultiPolygon","coordinates":[[[[129.413051027,35.533032676],[129.413082132,35.533059085],[129.41400743,35.532394059],[129.414036578,35.532355181],[129.414189483,35.53249178],[129.414227366,35.532468495],[129.414066063,35.532327559],[129.414157003,35.532235634],[129.414329824,35.532117289],[129.414293278,35.532093243],[129.414131137,35.53220011],[129.413970615,35.532361007],[129.413577151,35.53265722],[129.413051027,35.533032676]]]]}},{"type":"Feature","id":"52cb4c834da6ce5ef22fd85ff4fb4ac63b2318d537536a2dcdd14ce550e302b1","properties":{"zone_group_id":"311701011765","source_manage_no":"311701011765","facility_name":"동부초등학교","facility_type_code":"1","sgg_code":"31170","api_first_registered_on":"1996-07-03","api_last_modified_on":null,"updated_at":"2026-07-25T01:27:52.347112+00:00"},"geometry":{"type":"MultiPolygon","coordinates":[[[[129.426567495,35.544502049],[129.427010953,35.544582445],[129.427008698,35.544588714],[129.427069636,35.54459875],[129.42707169,35.544593238],[129.427089185,35.544596335],[129.427343287,35.544591217],[129.428508204,35.544628596],[129.428702701,35.544634818],[129.428853407,35.5446284],[129.428935889,35.544621667],[129.429248548,35.544639028],[129.429388925,35.544632818],[129.429854969,35.544663987],[129.43002261,35.544670748],[129.430972882,35.544719191],[129.430977141,35.544654878],[129.430018555,35.544604913],[129.42984033,35.544589914],[129.42938936,35.544578724],[129.429258752,35.544566145],[129.428729432,35.544561601],[129.428715643,35.544560428],[129.428698704,35.544536586],[129.4287346,35.544150502],[129.428732548,35.544116739],[129.42874665,35.543727714],[129.428764784,35.543712137],[129.428731793,35.543709811],[129.429098808,35.543706388],[129.430033859,35.543730338],[129.43010272,35.543728949],[129.430243741,35.543744126],[129.430412239,35.543756497],[129.43065531,35.543774121],[129.430914433,35.543775652],[129.430898893,35.543717398],[129.430866044,35.543724818],[129.430617871,35.543720813],[129.430391394,35.543705107],[129.430013287,35.543687953],[129.429362352,35.543671792],[129.429318281,35.543672681],[129.42906749,35.54367323],[129.429001247,35.54367006],[129.428686424,35.543649374],[129.428682984,35.543706369],[129.428652923,35.54370425],[129.428680823,35.543738336],[129.428671987,35.544130636],[129.428667379,35.544286226],[129.428643372,35.544518264],[129.428628985,35.544553055],[129.428600941,35.544550669],[129.427157234,35.544522287],[129.427098681,35.544520808],[129.427413865,35.543675011],[129.42733674,35.543676565],[129.42703371,35.544519168],[129.426971052,35.544517585],[129.426122375,35.544341992],[129.426072204,35.544392017],[129.426459204,35.544475496],[129.426567495,35.544502049]]],[[[129.428677083,35.545190276],[129.428676499,35.545102399],[129.4286877,35.544925549],[129.428702169,35.544651448],[129.428715241,35.544639354],[129.428635603,35.544637578],[129.428633447,35.54466889],[129.428595255,35.545492777],[129.428519938,35.545531479],[129.428669791,35.545530994],[129.428677083,35.545190276]]],[[[129.43118231,35.545527271],[129.431213495,35.545373466],[129.431114681,35.544656882],[129.430999129,35.544663718],[129.431090766,35.545416488],[129.431068151,35.545489027],[129.431018263,35.545571127],[129.430895294,35.5456975],[129.431050159,35.545714649],[129.43118231,35.545527271]]],[[[129.42917029,35.545527296],[129.427621842,35.545544981],[129.427612996,35.545617242],[129.429161174,35.545590552],[129.42917029,35.545527296]]]]}},{"type":"Feature","id":"c72c50b63e23fb82777e2f3a0c2900823e3eaf4a51149105f5fb2939a4f1dc73","properties":{"zone_group_id":"311702019025","source_manage_no":"311702019025","facility_name":"동진경로당","facility_type_code":"2","sgg_code":"31170","api_first_registered_on":"2019-08-13","api_last_modified_on":"2025-03-24","updated_at":"2026-07-25T01:27:52.347112+00:00"},"geometry":{"type":"MultiPolygon","coordinates":[[[[129.43000357,35.485975319],[129.430056409,35.485992275],[129.4302173,35.485717621],[129.430423244,35.485422884],[129.430528081,35.485337424],[129.430474835,35.485306961],[129.430383421,35.485380887],[129.430166874,35.485689353],[129.43000357,35.485975319]]]]}},{"type":"Feature","id":"b1fff2f9ed8d3ae2c773736510279d5b278a487720d4409e72253f80df83b651","properties":{"zone_group_id":"311701011789","source_manage_no":"311701011789","facility_name":"명덕초등학교","facility_type_code":"1","sgg_code":"31170","api_first_registered_on":"2000-04-26","api_last_modified_on":"2025-12-17","updated_at":"2026-07-25T01:27:52.347112+00:00"},"geometry":{"type":"MultiPolygon","coordinates":[[[[129.424091083,35.506441044],[129.425298318,35.506314542],[129.425288002,35.50624293],[129.424077769,35.506364723],[129.424091083,35.506441044]]],[[[129.424297501,35.506961768],[129.425392271,35.506840446],[129.425373965,35.506770198],[129.424284391,35.506884795],[129.424297501,35.506961768]]]]}},{"type":"Feature","id":"ad67ac9818a9d9174f71c7028f1501fef742dfd1198bb0a9ebc7d978f80a190b","properties":{"zone_group_id":"311702024526","source_manage_no":"311702024526","facility_name":"무지개청춘교실","facility_type_code":"2","sgg_code":"31170","api_first_registered_on":"2021-11-27","api_last_modified_on":"2025-03-24","updated_at":"2026-07-25T01:27:52.347112+00:00"},"geometry":{"type":"MultiPolygon","coordinates":[[[[129.417851407,35.490274297],[129.41786988,35.490339252],[129.418819516,35.490135494],[129.418792515,35.4900617],[129.417851407,35.490274297]]]]}},{"type":"Feature","id":"00e4d4d9278252dcdbba95351d370ce157016dc96c7537f878901f6f2b31ae89","properties":{"zone_group_id":"311701011773","source_manage_no":"311701011773","facility_name":"문현초등학교","facility_type_code":"1","sgg_code":"31170","api_first_registered_on":"2006-02-14","api_last_modified_on":null,"updated_at":"2026-07-25T01:27:52.347112+00:00"},"geometry":{"type":"MultiPolygon","coordinates":[[[[129.41292012,35.480362269],[129.41355698,35.481342933],[129.413679579,35.481296553],[129.413587195,35.481247718],[129.412982177,35.480364406],[129.412980056,35.480293491],[129.412885967,35.480325784],[129.41292012,35.480362269]]],[[[129.411853234,35.482238223],[129.413610196,35.481439907],[129.413663776,35.481459058],[129.414196369,35.482269479],[129.414320776,35.482145347],[129.41422215,35.482164216],[129.413729155,35.481434097],[129.413740335,35.481393326],[129.413652635,35.481420623],[129.414690151,35.480949184],[129.414705661,35.480941797],[129.415113554,35.481430036],[129.415210966,35.481370644],[129.414782459,35.480905217],[129.414795001,35.480899243],[129.415046758,35.480783298],[129.414980648,35.480706336],[129.414747426,35.480819735],[129.41471644,35.48083351],[129.414096052,35.480159654],[129.413993186,35.480036693],[129.413317574,35.479418352],[129.413253509,35.479487213],[129.413705199,35.479881735],[129.413700479,35.479912605],[129.413533539,35.48003984],[129.413444194,35.480091186],[129.41329705,35.480143688],[129.412558905,35.480325149],[129.41258301,35.480394498],[129.413197907,35.480235776],[129.413345725,35.480205787],[129.413552342,35.480116053],[129.413762646,35.479965424],[129.413798122,35.479962897],[129.413983421,35.480124741],[129.414624902,35.480845128],[129.414642613,35.480866329],[129.414639854,35.480867556],[129.411806841,35.482160309],[129.411853234,35.482238223]]]]}},{"type":"Feature","id":"3d0c4f91bdf1606807f73e06733009bf6a1e113c4012ade0224a7b4a42996703","properties":{"zone_group_id":"311702011766","source_manage_no":"311702011766","facility_name":"미포새마을경로당","facility_type_code":"2","sgg_code":"31170","api_first_registered_on":"2011-05-23","api_last_modified_on":"2025-03-24","updated_at":"2026-07-25T01:27:52.347112+00:00"},"geometry":{"type":"MultiPolygon","coordinates":[[[[129.429269222,35.540585362],[129.429302234,35.541679458],[129.429445869,35.541690078],[129.429428838,35.54057764],[129.429269222,35.540585362]]]]}},{"type":"Feature","id":"86574898ab2b9a07e8a1680616d5de5819040e678cf193440b1e6de9550adaf8","properties":{"zone_group_id":"311701011791","source_manage_no":"311701011791","facility_name":"미포초등학교","facility_type_code":"1","sgg_code":"31170","api_first_registered_on":"2000-04-26","api_last_modified_on":null,"updated_at":"2026-07-25T01:27:52.347112+00:00"},"geometry":{"type":"MultiPolygon","coordinates":[[[[129.421011728,35.50581812],[129.421144205,35.506743536],[129.422853161,35.506580615],[129.422912841,35.507018868],[129.422995573,35.507021711],[129.42294009,35.506572328],[129.424077994,35.506463833],[129.424064138,35.506369502],[129.421251764,35.506655777],[129.421131786,35.505779668],[129.421011728,35.50581812]]]]}},{"type":"Feature","id":"2865931233743658673d5fa44df348770bdfbf0456fbc3b850db1ff2d453142d","properties":{"zone_group_id":"311702024521","source_manage_no":"311702024521","facility_name":"방어진제일건강대학","facility_type_code":"2","sgg_code":"31170","api_first_registered_on":"2021-07-27","api_last_modified_on":"2025-03-24","updated_at":"2026-07-25T01:27:52.347112+00:00"},"geometry":{"type":"MultiPolygon","coordinates":[[[[129.42158566,35.486171695],[129.421582152,35.486169512],[129.421652123,35.486106085],[129.421595816,35.486097154],[129.420699816,35.485608303],[129.420660285,35.485667665],[129.421564661,35.48616029],[129.42158566,35.486171695]]],[[[129.421349314,35.486877004],[129.421686077,35.486259783],[129.421740654,35.486242919],[129.421763602,35.486181637],[129.422159262,35.485691632],[129.422420489,35.485402556],[129.422486529,35.485308872],[129.422347148,35.485253103],[129.422316349,35.485328058],[129.421656777,35.486109446],[129.421589721,35.48616936],[129.421570809,35.486273361],[129.42125767,35.486851812],[129.421216922,35.486870651],[129.42136436,35.486919501],[129.421349314,35.486877004]]],[[[129.421655282,35.486105534],[129.421655215,35.486103283],[129.421652123,35.486106085],[129.421652547,35.486106152],[129.421655282,35.486105534]]],[[[129.421568576,35.486267774],[129.421586449,35.486175058],[129.421539568,35.486150094],[129.421232347,35.486168652],[129.421242969,35.48624728],[129.421535757,35.486229575],[129.421568576,35.486267774]]],[[[129.421767161,35.486185508],[129.421748004,35.48623545],[129.421830842,35.486288413],[129.421873733,35.486249257],[129.421767161,35.486185508]]]]}},{"type":"Feature","id":"efe9b5e4937db732b05b9405bc8027af398e30017723624e26f9a093a3804736","properties":{"zone_group_id":"311701011774","source_manage_no":"311701011774","facility_name":"방어진초등학교","facility_type_code":"1","sgg_code":"31170","api_first_registered_on":"1999-09-21","api_last_modified_on":null,"updated_at":"2026-07-25T01:27:52.347112+00:00"},"geometry":{"type":"MultiPolygon","coordinates":[[[[129.423911544,35.486654161],[129.423915545,35.486701406],[129.423936413,35.486742819],[129.423968144,35.486784859],[129.423975748,35.487106688],[129.424003392,35.487671502],[129.424007241,35.48771368],[129.424019323,35.487754847],[129.424059617,35.487806856],[129.424097115,35.487851737],[129.42420515,35.487975485],[129.424364173,35.488077503],[129.424382813,35.488061917],[129.424514064,35.488150548],[129.424562748,35.488172387],[129.424591438,35.488181952],[129.42462306,35.488185964],[129.424643188,35.488185559],[129.424661591,35.488179274],[129.42467278,35.488173556],[129.424707884,35.488155948],[129.424846648,35.48808217],[129.425107954,35.48804776],[129.425113356,35.488055679],[129.425394993,35.488027621],[129.425527099,35.488007217],[129.425703353,35.487977393],[129.425704255,35.487979427],[129.425884409,35.487959747],[129.425734827,35.487622182],[129.425714389,35.487543576],[129.425674216,35.487478467],[129.42551161,35.487102711],[129.425381829,35.486908413],[129.424596597,35.486074034],[129.424582333,35.486011784],[129.424387647,35.485891468],[129.424122774,35.485772563],[129.424030266,35.48592485],[129.424276724,35.48602666],[129.424463558,35.486160655],[129.425283969,35.487031512],[129.425677726,35.487919594],[129.425654488,35.487870002],[129.425496729,35.487895993],[129.425390755,35.487961084],[129.424928965,35.48798023],[129.42487562,35.487992289],[129.424662266,35.48814447],[129.424635179,35.488153888],[129.424591737,35.488151804],[129.424558778,35.488137677],[129.424544162,35.488132478],[129.424234479,35.487920387],[129.424079064,35.48769787],[129.424048061,35.486700433],[129.424008753,35.486664038],[129.424046132,35.486636244],[129.424035383,35.486444623],[129.423982555,35.48640512],[129.423942464,35.48646297],[129.423957892,35.486495196],[129.423961369,35.486559354],[129.423930978,35.486596304],[129.423911544,35.486654161]]]]}},{"type":"Feature","id":"b9c7c60b43e65f5435d17aebd720056d1226aa4af6a8798642acbcccfca28b19","properties":{"zone_group_id":"311702019023","source_manage_no":"311702019023","facility_name":"번덕경로당","facility_type_code":"2","sgg_code":"31170","api_first_registered_on":"2019-08-13","api_last_modified_on":"2025-03-24","updated_at":"2026-07-25T01:27:52.347112+00:00"},"geometry":{"type":"MultiPolygon","coordinates":[[[[129.427594579,35.500883205],[129.427782893,35.501007812],[129.427828636,35.501063206],[129.427850008,35.501132607],[129.42785493,35.501204591],[129.42785335,35.501360388],[129.427938829,35.501363173],[129.42794087,35.501339479],[129.427943088,35.501230183],[129.427944303,35.501133296],[129.427902086,35.501032444],[129.427884348,35.500992254],[129.427746333,35.500891413],[129.427761834,35.500857311],[129.427594579,35.500883205]]]]}},{"type":"Feature","id":"7014b2d6774fa5f29666492b46907a185e2c2d7bc4adeaca42a9d15d8e3607ab","properties":{"zone_group_id":"311702011776","source_manage_no":"311702011776","facility_name":"복지경로당","facility_type_code":"2","sgg_code":"31170","api_first_registered_on":"2009-07-21","api_last_modified_on":"2025-03-24","updated_at":"2026-07-25T01:27:52.347112+00:00"},"geometry":{"type":"MultiPolygon","coordinates":[[[[129.416645584,35.489373767],[129.416717865,35.489671916],[129.416756549,35.489768004],[129.416881751,35.490177724],[129.4168488,35.490272994],[129.417109869,35.490529065],[129.417051944,35.490158544],[129.416862001,35.48961046],[129.416848765,35.489536389],[129.416781382,35.489217867],[129.416844291,35.488743557],[129.416907306,35.488548569],[129.416756979,35.488495266],[129.416672281,35.488701952],[129.416621245,35.489112951],[129.416607899,35.489219091],[129.416645584,35.489373767]]],[[[129.416471231,35.489897615],[129.416632626,35.489860592],[129.416751247,35.489774868],[129.416712225,35.489667524],[129.416667386,35.489733749],[129.41658146,35.489807554],[129.416377697,35.489809384],[129.416471231,35.489897615]]]]}},{"type":"Feature","id":"98948feda7a6f9d16ff0e2cf91893e175a22f3d6795bce1a9ce2e10414f2c4bd","properties":{"zone_group_id":"311702019026","source_manage_no":"311702019026","facility_name":"산생경로당","facility_type_code":"2","sgg_code":"31170","api_first_registered_on":"2020-05-07","api_last_modified_on":"2025-03-24","updated_at":"2026-07-25T01:27:52.347112+00:00"},"geometry":{"type":"MultiPolygon","coordinates":[[[[129.421229705,35.50991124],[129.421451179,35.510222157],[129.421600583,35.510151579],[129.421384751,35.509845053],[129.421229705,35.50991124]]]]}},{"type":"Feature","id":"bc1b2956f5fbaea18ce9e3ac4e86bebbfb8516e13cac5e8f3a38bd84cc9c3c19","properties":{"zone_group_id":"311701011811","source_manage_no":"311701011811","facility_name":"상상미술유치원","facility_type_code":"1","sgg_code":"31170","api_first_registered_on":"2014-06-23","api_last_modified_on":null,"updated_at":"2026-07-25T01:27:52.347112+00:00"},"geometry":{"type":"MultiPolygon","coordinates":[[[[129.419684564,35.49376568],[129.419701664,35.493836418],[129.420876636,35.493646426],[129.420859535,35.493575689],[129.419684564,35.49376568]]]]}},{"type":"Feature","id":"b4a12871964f6a30bafcd2840ce7c1a7beea9e6d75090b3d9b66d2d849543cae","properties":{"zone_group_id":"311702024527","source_manage_no":"311702024527","facility_name":"상진경로당","facility_type_code":"2","sgg_code":"31170","api_first_registered_on":"2021-07-27","api_last_modified_on":"2025-03-24","updated_at":"2026-07-25T01:27:52.347112+00:00"},"geometry":{"type":"MultiPolygon","coordinates":[[[[129.421784633,35.48284509],[129.421802633,35.482894286],[129.422002139,35.482842975],[129.422147475,35.482822035],[129.422195157,35.482787522],[129.422152913,35.482819674],[129.422189099,35.482832463],[129.422300433,35.482894426],[129.422477198,35.483094738],[129.422587661,35.483242318],[129.422676438,35.483218008],[129.422353057,35.482858454],[129.4222557,35.482780441],[129.422247579,35.482749577],[129.422249904,35.482747895],[129.422513892,35.48255112],[129.42247703,35.482515819],[129.42221532,35.482696779],[129.422147524,35.48273193],[129.422022469,35.482786251],[129.421784633,35.48284509]]]]}},{"type":"Feature","id":"276a56ba9a03211d630cf54ed020ac040b572fcaf0e39ce183d4a9bb3d1569db","properties":{"zone_group_id":"311701011812","source_manage_no":"311701011812","facility_name":"상진초등학교","facility_type_code":"1","sgg_code":"31170","api_first_registered_on":"1996-04-26","api_last_modified_on":"2025-12-17","updated_at":"2026-07-25T01:27:52.347112+00:00"},"geometry":{"type":"MultiPolygon","coordinates":[[[[129.418895054,35.491261743],[129.418882408,35.491203977],[129.417455754,35.491489207],[129.417482836,35.491573461],[129.418895054,35.491261743]]],[[[129.419067802,35.492159642],[129.419068448,35.492181179],[129.419049746,35.492211977],[129.419208874,35.492179629],[129.419160126,35.492155677],[129.419094508,35.491936564],[129.41905811,35.49184222],[129.418980498,35.491613488],[129.418989259,35.49161289],[129.418888457,35.49129969],[129.418912759,35.491266244],[129.418758418,35.491303143],[129.418800328,35.491323008],[129.419067802,35.492159642]]],[[[129.41793736,35.49252331],[129.418115908,35.492484095],[129.418188595,35.492479679],[129.418188291,35.492469544],[129.418377102,35.492428151],[129.418430622,35.492456234],[129.418514106,35.492433009],[129.418539819,35.492394887],[129.419235277,35.492250651],[129.419208426,35.492181892],[129.417791902,35.492477633],[129.417812863,35.492556652],[129.41793736,35.49252331]]],[[[129.418119426,35.493531664],[129.41780905,35.492567292],[129.417784097,35.492475677],[129.417561496,35.492509718],[129.417895552,35.493575027],[129.418119426,35.493531664]]]]}},{"type":"Feature","id":"d5b6c6b6fd45aafba3f6f420fa9f9e538156c3751ed95c61fdf1a33749edc52a","properties":{"zone_group_id":"311701011786","source_manage_no":"311701011786","facility_name":"서부초등학교","facility_type_code":"1","sgg_code":"31170","api_first_registered_on":"2001-10-30","api_last_modified_on":null,"updated_at":"2026-07-25T01:27:52.347112+00:00"},"geometry":{"type":"MultiPolygon","coordinates":[[[[129.422533139,35.526831409],[129.422535373,35.5269057],[129.422615168,35.526901844],[129.422727672,35.526886067],[129.422823652,35.526870622],[129.422952001,35.526832001],[129.423033873,35.526805577],[129.423107822,35.526790575],[129.42321247,35.526788471],[129.423289985,35.526800428],[129.423342647,35.526810633],[129.423403639,35.526822922],[129.423483638,35.526825819],[129.423563297,35.52681746],[129.423647855,35.526788728],[129.423718305,35.526749018],[129.423771892,35.526698383],[129.423829836,35.526609366],[129.42417817,35.525822962],[129.424292325,35.525639574],[129.424291664,35.525748596],[129.424308859,35.525954923],[129.424320019,35.526049874],[129.424352615,35.526125807],[129.42441336,35.526221447],[129.424433857,35.526261582],[129.424488213,35.526328067],[129.424651146,35.526523019],[129.424773087,35.526637701],[129.425008091,35.526572154],[129.424888904,35.526457416],[129.4248322,35.526404494],[129.424686467,35.526231723],[129.424562563,35.526051754],[129.424531839,35.5259465],[129.42453168,35.525849641],[129.424518337,35.525680964],[129.424523613,35.525306926],[129.424294435,35.525291262],[129.424292844,35.525553757],[129.424246945,35.525544508],[129.424052848,35.525870534],[129.423727739,35.526604662],[129.423696386,35.526661607],[129.423645417,35.526707684],[129.423555554,35.52674328],[129.423467633,35.526751805],[129.423373527,35.526737929],[129.423273777,35.526719661],[129.423190958,35.526714568],[129.423102901,35.52671859],[129.422995973,35.526736508],[129.422905975,35.526767601],[129.422815909,35.526796442],[129.422728259,35.526813972],[129.422659682,35.526824361],[129.422533139,35.526831409]]]]}},{"type":"Feature","id":"f64bbb027ab0e53ef2ce1a4cfeea659b310deee1491d78a5603b3c7da35c34ef","properties":{"zone_group_id":"311702024528","source_manage_no":"311702024528","facility_name":"서진경로당","facility_type_code":"2","sgg_code":"31170","api_first_registered_on":"2021-07-27","api_last_modified_on":"2025-03-24","updated_at":"2026-07-25T01:27:52.347112+00:00"},"geometry":{"type":"MultiPolygon","coordinates":[[[[129.422970802,35.483253205],[129.423000347,35.483205307],[129.423271071,35.482797213],[129.423357315,35.482780275],[129.423294379,35.482702134],[129.423233588,35.482764176],[129.423128039,35.482917786],[129.423091546,35.482963571],[129.423083677,35.482976682],[129.423065977,35.483006321],[129.423052739,35.483024045],[129.422924944,35.483216395],[129.422906471,35.483243235],[129.422970802,35.483253205]]],[[[129.423345642,35.483446157],[129.423357241,35.48337384],[129.423321679,35.483381876],[129.422981788,35.483298037],[129.422967705,35.48328762],[129.422970853,35.483254894],[129.422905834,35.483244937],[129.422878681,35.483257872],[129.422724626,35.483240693],[129.422707354,35.483307492],[129.423345642,35.483446157]]]]}},{"type":"Feature","id":"b867d849c89bf9e2ea8cd79d758efd31950f7ed24080a13cf74b815585ff9a52","properties":{"zone_group_id":"311701011813","source_manage_no":"311701011813","facility_name":"선미유치원","facility_type_code":"1","sgg_code":"31170","api_first_registered_on":"2006-11-20","api_last_modified_on":null,"updated_at":"2026-07-25T01:27:52.347112+00:00"},"geometry":{"type":"MultiPolygon","coordinates":[[[[129.419508369,35.493245533],[129.419521984,35.493298454],[129.421080897,35.49303023],[129.421067282,35.492977308],[129.419508369,35.493245533]]]]}},{"type":"Feature","id":"449ff2537d71a057aca4fe9d2d6ef2301a10ead1f1aa175bd0741816c848fbbc","properties":{"zone_group_id":"311702019021","source_manage_no":"311702019021","facility_name":"쇠평경로당","facility_type_code":"2","sgg_code":"31170","api_first_registered_on":"2020-05-07","api_last_modified_on":"2025-03-24","updated_at":"2026-07-25T01:27:52.347112+00:00"},"geometry":{"type":"MultiPolygon","coordinates":[[[[129.429473436,35.558264095],[129.429512074,35.558265568],[129.429551942,35.557942644],[129.42962507,35.557808267],[129.429855232,35.557488264],[129.429799182,35.557457858],[129.42963497,35.55767967],[129.429580379,35.557788895],[129.429546264,35.557845897],[129.429515312,35.557916352],[129.429473436,35.558264095]]]]}},{"type":"Feature","id":"046095392bc4e01cfe1bbd8826c8ac0952065a3fb307b362ebf4e8153cb954fa","properties":{"zone_group_id":"311701011803","source_manage_no":"311701011803","facility_name":"앙팡어린이집","facility_type_code":"1","sgg_code":"31170","api_first_registered_on":"2010-07-16","api_last_modified_on":null,"updated_at":"2026-07-25T01:27:52.347112+00:00"},"geometry":{"type":"MultiPolygon","coordinates":[[[[129.425894872,35.505613921],[129.426064187,35.506702034],[129.426129795,35.506695208],[129.425960479,35.505607095],[129.425894872,35.505613921]]]]}},{"type":"Feature","id":"a03154561cd8d0f69f9664e889720f026b6156dc66f29fa094f0c1129848aadc","properties":{"zone_group_id":"311701011814","source_manage_no":"311701011814","facility_name":"양지초등학교","facility_type_code":"1","sgg_code":"31170","api_first_registered_on":"2004-05-25","api_last_modified_on":null,"updated_at":"2026-07-25T01:27:52.347112+00:00"},"geometry":{"type":"MultiPolygon","coordinates":[[[[129.421600977,35.496361088],[129.421591096,35.496307224],[129.420473405,35.496512125],[129.420483082,35.496559236],[129.421600977,35.496361088]]],[[[129.421934418,35.497374825],[129.421667384,35.496371018],[129.421601721,35.496385852],[129.421857743,35.497389881],[129.421934418,35.497374825]]],[[[129.420701024,35.4975798],[129.420460874,35.496645281],[129.420403334,35.496655446],[129.42064073,35.497590021],[129.420701024,35.4975798]]],[[[129.421851648,35.497462087],[129.421839149,35.49741278],[129.420773478,35.497607629],[129.420788796,35.497659132],[129.421851648,35.497462087]]]]}},{"type":"Feature","id":"c02dae3714062bba57bd2c99cda18b08c91db76e81d277bdd85ac3cdb60ff56e","properties":{"zone_group_id":"311701011787","source_manage_no":"311701011787","facility_name":"우주유치원","facility_type_code":"1","sgg_code":"31170","api_first_registered_on":"2006-11-20","api_last_modified_on":null,"updated_at":"2026-07-25T01:27:52.347112+00:00"},"geometry":{"type":"MultiPolygon","coordinates":[[[[129.421329501,35.541864445],[129.421362756,35.541911199],[129.423031397,35.541118319],[129.422998142,35.541071567],[129.421329501,35.541864445]]]]}},{"type":"Feature","id":"72a3030981a210c01f62c29c66fed65a04621f69b1b21e6422a805563704acc8","properties":{"zone_group_id":"311701011805","source_manage_no":"311701011805","facility_name":"울산대학교병원어린이집","facility_type_code":"1","sgg_code":"31170","api_first_registered_on":"2006-10-26","api_last_modified_on":null,"updated_at":"2026-07-25T01:27:52.347112+00:00"},"geometry":{"type":"MultiPolygon","coordinates":[[[[129.428779268,35.522786197],[129.428810606,35.522911711],[129.429597401,35.522778721],[129.430172457,35.522751362],[129.430395306,35.522740111],[129.430401462,35.522670157],[129.430402858,35.522625076],[129.430151996,35.522621123],[129.429585338,35.522652819],[129.428779268,35.522786197]]]]}},{"type":"Feature","id":"7b46ea02dc51fd75d3f7d4ac629c51f56020b015ebcb51078c8499e580e1328f","properties":{"zone_group_id":"311703011767","source_manage_no":"311703011767","facility_name":"울산참사랑의집","facility_type_code":"3","sgg_code":"31170","api_first_registered_on":"2011-05-23","api_last_modified_on":null,"updated_at":"2026-07-25T01:27:52.347112+00:00"},"geometry":{"type":"MultiPolygon","coordinates":[[[[129.405527966,35.527814121],[129.406368829,35.52839582],[129.406539772,35.528230692],[129.405698909,35.527648994],[129.405527966,35.527814121]]]]}},{"type":"Feature","id":"a5e436c9aad657baa5f7f57601a021dd98336767315dc72007f2406b68667ab7","properties":{"zone_group_id":"311702019024","source_manage_no":"311702019024","facility_name":"월봉경로당","facility_type_code":"2","sgg_code":"31170","api_first_registered_on":"2019-08-13","api_last_modified_on":"2025-03-24","updated_at":"2026-07-25T01:27:52.347112+00:00"},"geometry":{"type":"MultiPolygon","coordinates":[[[[129.425957192,35.493246021],[129.425983479,35.493387406],[129.426456811,35.493098559],[129.42658021,35.493080308],[129.426523888,35.49285618],[129.426465699,35.492936193],[129.425957192,35.493246021]]]]}},{"type":"Feature","id":"c69140970eef626a72d16e3eb161c4559d9e605d4f6ca75bf6f88f024e65f7e4","properties":{"zone_group_id":"311702024520","source_manage_no":"311702024520","facility_name":"일산경로당","facility_type_code":"2","sgg_code":"31170","api_first_registered_on":"2021-07-27","api_last_modified_on":"2025-03-24","updated_at":"2026-07-25T01:27:52.347112+00:00"},"geometry":{"type":"MultiPolygon","coordinates":[[[[129.431293268,35.500536119],[129.431367154,35.500611218],[129.431736844,35.500355976],[129.432233725,35.500755929],[129.432311457,35.500684531],[129.431823106,35.500293416],[129.432243809,35.499994345],[129.432156226,35.499921776],[129.431732736,35.500219777],[129.431746467,35.500218373],[129.431649465,35.50029016],[129.431657419,35.500279863],[129.431293268,35.500536119]]]]}},{"type":"Feature","id":"50b94c8acd64e7b0b2c5e04b5dd6fa6834b239899f732bd89dfeb6d49be667e2","properties":{"zone_group_id":"311701011794","source_manage_no":"311701011794","facility_name":"일산초등학교","facility_type_code":"1","sgg_code":"31170","api_first_registered_on":"1995-10-26","api_last_modified_on":null,"updated_at":"2026-07-25T01:27:52.347112+00:00"},"geometry":{"type":"MultiPolygon","coordinates":[[[[129.424804857,35.503399503],[129.425001053,35.504495871],[129.42502992,35.504484761],[129.425081517,35.504644786],[129.425077939,35.504645081],[129.425283052,35.506309585],[129.425392725,35.506300549],[129.425318836,35.505700952],[129.425372838,35.505659695],[129.425838178,35.505606389],[129.426054735,35.505593581],[129.426460396,35.505548234],[129.426608609,35.505530039],[129.426594186,35.505462722],[129.426587776,35.505463412],[129.426551821,35.505428081],[129.426488913,35.505054125],[129.42639233,35.504385063],[129.426434372,35.504350577],[129.426947162,35.504353614],[129.426963977,35.504157214],[129.426084104,35.50416647],[129.425869564,35.504177547],[129.425570741,35.504271448],[129.425302783,35.504372685],[129.425185937,35.504323134],[129.42514034,35.504249682],[129.424996766,35.503322965],[129.424804857,35.503399503]],[[129.425098994,35.504643346],[129.425178615,35.504629205],[129.425956294,35.504382005],[129.426298294,35.504349771],[129.426363181,35.504350155],[129.426292151,35.504351585],[129.426322329,35.504393232],[129.426399259,35.505027196],[129.426416205,35.505109674],[129.426465706,35.505450096],[129.426446933,35.505478576],[129.426439727,35.505479352],[129.425360633,35.505597404],[129.425304272,35.505578255],[129.425311138,35.505638478],[129.42518761,35.504636044],[129.425098994,35.504643346]]]]}},{"type":"Feature","id":"2fbeb1d1606e4034d0ab0a12d59420964437dc1bac642ff169146d2280368a73","properties":{"zone_group_id":"311702029785","source_manage_no":"311702029785","facility_name":"전하경로당","facility_type_code":"2","sgg_code":"31170","api_first_registered_on":"2022-04-14","api_last_modified_on":"2025-12-05","updated_at":"2026-07-25T01:27:52.347112+00:00"},"geometry":{"type":"MultiPolygon","coordinates":[[[[129.427236691,35.510387129],[129.427400715,35.511442551],[129.427481736,35.511434162],[129.427324628,35.510379727],[129.427236691,35.510387129]]]]}},{"type":"Feature","id":"623099f982925a28c3f2a1e04c9ebc181a3635313d8e7b7f7b68d208a27a87b2","properties":{"zone_group_id":"311701011797","source_manage_no":"311701011797","facility_name":"전하초등학교","facility_type_code":"1","sgg_code":"31170","api_first_registered_on":"2000-12-29","api_last_modified_on":null,"updated_at":"2026-07-25T01:27:52.347112+00:00"},"geometry":{"type":"MultiPolygon","coordinates":[[[[129.425589341,35.515164471],[129.426691659,35.51504261],[129.426656583,35.514838892],[129.426589123,35.514847532],[129.426662679,35.514835391],[129.426597271,35.514448133],[129.42664936,35.514393022],[129.426480355,35.514409939],[129.426557771,35.514852707],[129.426577695,35.514849419],[129.426414795,35.514978915],[129.42555354,35.51507396],[129.42551559,35.515049382],[129.425510357,35.515081587],[129.425531306,35.515228148],[129.425589341,35.515164471]]],[[[129.425417444,35.515228252],[129.425592761,35.516109999],[129.42558001,35.516144044],[129.425753895,35.516152713],[129.425761931,35.516159465],[129.425598358,35.51615093],[129.42561355,35.516243544],[129.426390465,35.516162022],[129.426495648,35.516222415],[129.426489623,35.516163076],[129.426492924,35.516162739],[129.426499856,35.516256568],[129.426553273,35.516502998],[129.426561399,35.516549717],[129.42673918,35.517390442],[129.426700315,35.517438529],[129.426892684,35.517424942],[129.426844883,35.517365084],[129.426726236,35.516806152],[129.426726147,35.516805594],[129.426781282,35.516763371],[129.426894885,35.516742922],[129.426870987,35.516653018],[129.42674072,35.516120083],[129.426745585,35.516108771],[129.426748583,35.516109199],[129.427104686,35.516058104],[129.427164194,35.516043391],[129.427562411,35.515949211],[129.427675738,35.515936792],[129.428073281,35.515957507],[129.428133755,35.515974873],[129.428243204,35.515970979],[129.428344674,35.515908115],[129.428509491,35.515889591],[129.42862879,35.516333511],[129.428645034,35.516415403],[129.428721737,35.51676639],[129.428902795,35.516968856],[129.428931338,35.517184531],[129.428446964,35.517248351],[129.428473389,35.51734806],[129.428896147,35.517296743],[129.429104312,35.51730156],[129.429676508,35.517272008],[129.429681631,35.517122107],[129.429065021,35.517186342],[129.429027339,35.517170207],[129.428954454,35.516900237],[129.428907358,35.516845997],[129.428851982,35.516836976],[129.428781108,35.516770826],[129.428733591,35.5166569],[129.428549469,35.515758442],[129.428523691,35.515835545],[129.428544734,35.515755414],[129.428643679,35.515677395],[129.42871138,35.515591559],[129.428809175,35.515543973],[129.428825863,35.515528541],[129.428940012,35.51555154],[129.42939844,35.515769816],[129.429440731,35.515710396],[129.428982372,35.515494371],[129.428931995,35.515468355],[129.428919827,35.515430306],[129.428913431,35.515436381],[129.428912232,35.515396604],[129.42918637,35.515095427],[129.42910664,35.515056486],[129.428662895,35.515560436],[129.428591551,35.515593972],[129.428420029,35.515801851],[129.42833407,35.515830614],[129.428285706,35.515872135],[129.428164777,35.51590667],[129.427594787,35.515857329],[129.42701366,35.51598729],[129.426483909,35.516038501],[129.426484979,35.516117331],[129.426478016,35.516048756],[129.425708908,35.516114917],[129.425724709,35.516128192],[129.425694777,35.516112451],[129.425524762,35.51522384],[129.425396755,35.514449267],[129.425330551,35.513988815],[129.425234316,35.513995256],[129.425388844,35.515010325],[129.425417444,35.515228252]],[[129.426686297,35.516100316],[129.426726536,35.516106054],[129.426694217,35.51610328],[129.426705844,35.516146127],[129.426689883,35.516148138],[129.426837643,35.516661292],[129.426724231,35.516688072],[129.42670676,35.516684421],[129.4267065,35.516682797],[129.426644211,35.516382061],[129.426570692,35.51615462],[129.426568236,35.516154856],[129.426596053,35.516124095],[129.426686297,35.516100316]]],[[[129.42734705,35.517364407],[129.427469524,35.517346736],[129.427383117,35.516948921],[129.427294505,35.516958307],[129.427361757,35.517337925],[129.42734705,35.517364407]]],[[[129.426725672,35.517554028],[129.426823783,35.517544573],[129.426746325,35.517553331],[129.42679476,35.517582766],[129.426898147,35.518166924],[129.426983483,35.518151691],[129.426873617,35.517558371],[129.426899087,35.517537316],[129.426902948,35.517536944],[129.427269387,35.517485641],[129.428470549,35.517349947],[129.428440535,35.517245806],[129.427960312,35.517294335],[129.42789435,35.517300732],[129.427472027,35.517349783],[129.427334058,35.517367766],[129.426928568,35.517426613],[129.426711834,35.517437734],[129.426089659,35.517509387],[129.426111405,35.517613696],[129.426725672,35.517554028]]]]}},{"type":"Feature","id":"b5e6564b9f7d8b4bf6c78eb992b153eebd2af5f8d178af46684ad6a9d8249774","properties":{"zone_group_id":"311701011806","source_manage_no":"311701011806","facility_name":"주전초등학교","facility_type_code":"1","sgg_code":"31170","api_first_registered_on":"2000-12-29","api_last_modified_on":"2025-12-17","updated_at":"2026-07-25T01:27:52.347112+00:00"},"geometry":{"type":"MultiPolygon","coordinates":[[[[129.456415019,35.559476724],[129.456575108,35.559539799],[129.456887749,35.558995952],[129.457108332,35.558602717],[129.457254956,35.558320849],[129.457330264,35.558208608],[129.457353213,35.558147717],[129.457372187,35.558058173],[129.457378233,35.558002275],[129.457370565,35.557920458],[129.457293897,35.5572999],[129.457263097,35.557036017],[129.457212717,35.556644363],[129.457209352,35.556517246],[129.457036469,35.556525842],[129.457153158,35.557418969],[129.45722292,35.557943188],[129.4572209,35.558080132],[129.457168052,35.558211352],[129.457021215,35.558446744],[129.456854254,35.558734096],[129.456496671,35.559346466],[129.456415019,35.559476724]]]]}},{"type":"Feature","id":"b1eff6db565a13ad4aa70826300e26da576853c3ad10717500287bbb14b32687","properties":{"zone_group_id":"311701011777","source_manage_no":"311701011777","facility_name":"하나유치원","facility_type_code":"1","sgg_code":"31170","api_first_registered_on":"2003-10-09","api_last_modified_on":null,"updated_at":"2026-07-25T01:27:52.347112+00:00"},"geometry":{"type":"MultiPolygon","coordinates":[[[[129.423754558,35.489665789],[129.4237912,35.489710806],[129.424422323,35.489367183],[129.424385681,35.489322165],[129.423754558,35.489665789]]]]}},{"type":"Feature","id":"9906b9a389f5c2bac32256a26a93c162d11ee9d9453bc373677a571e266e35f7","properties":{"zone_group_id":"311701011788","source_manage_no":"311701011788","facility_name":"해피보트어린이집","facility_type_code":"1","sgg_code":"31170","api_first_registered_on":"2005-11-28","api_last_modified_on":null,"updated_at":"2026-07-25T01:27:52.347112+00:00"},"geometry":{"type":"MultiPolygon","coordinates":[[[[129.425167412,35.523700998],[129.425204172,35.523828141],[129.425320826,35.523783167],[129.425549705,35.523637218],[129.425795756,35.523423616],[129.426720011,35.523039315],[129.426625923,35.522922301],[129.425945879,35.523214188],[129.425693508,35.523309009],[129.42541549,35.523554663],[129.425313359,35.523626268],[129.425167412,35.523700998]]]]}},{"type":"Feature","id":"64e184f10e79ff39c4c64f65214c517409e60247ae530e9d3a9a55d75bc2e02a","properties":{"zone_group_id":"311701011768","source_manage_no":"311701011768","facility_name":"현대동부유치원","facility_type_code":"1","sgg_code":"31170","api_first_registered_on":"2005-11-28","api_last_modified_on":null,"updated_at":"2026-07-25T01:27:52.347112+00:00"},"geometry":{"type":"MultiPolygon","coordinates":[[[[129.432553641,35.542865262],[129.43257368,35.543075273],[129.432658397,35.543069086],[129.432644102,35.542867913],[129.432814885,35.542718965],[129.432750241,35.542664308],[129.432571178,35.542811184],[129.432553641,35.542865262]]]]}},{"type":"Feature","id":"82dad460f011892a6f9ce2c663cc8a922c06efaf2debc8cea55c25f2c78b40ae","properties":{"zone_group_id":"311702019022","source_manage_no":"311702019022","facility_name":"화암경로당","facility_type_code":"2","sgg_code":"31170","api_first_registered_on":"2019-08-13","api_last_modified_on":"2025-03-24","updated_at":"2026-07-25T01:27:52.347112+00:00"},"geometry":{"type":"MultiPolygon","coordinates":[[[[129.41354805,35.478368179],[129.41354903,35.478367671],[129.413547654,35.478367698],[129.41354805,35.478368179]]],[[[129.413482677,35.47840504],[129.413781988,35.478769461],[129.413777359,35.478798838],[129.413855491,35.478740959],[129.41354805,35.478368179],[129.413481233,35.478402817],[129.413482677,35.47840504]]]]}},{"type":"Feature","id":"b65894ea1127ec8e6d7100d6860048cf5f0e5ea8a49390766a117702bd722de3","properties":{"zone_group_id":"311701011778","source_manage_no":"311701011778","facility_name":"화암초등학교","facility_type_code":"1","sgg_code":"31170","api_first_registered_on":"2002-09-06","api_last_modified_on":null,"updated_at":"2026-07-25T01:27:52.347112+00:00"},"geometry":{"type":"MultiPolygon","coordinates":[[[[129.413983404,35.484259574],[129.414797268,35.483893559],[129.415575221,35.483477014],[129.416211267,35.483196211],[129.416376225,35.483048739],[129.416259439,35.482965479],[129.416068534,35.483120229],[129.415481291,35.483375274],[129.414697766,35.483789678],[129.413920155,35.484170735],[129.413983404,35.484259574]]],[[[129.414764349,35.483951401],[129.414918819,35.484175652],[129.414988296,35.48428751],[129.415392513,35.484881159],[129.415387531,35.484921825],[129.415449295,35.484865143],[129.415389428,35.484921928],[129.415416324,35.484991959],[129.415542558,35.484859701],[129.415878853,35.484547868],[129.416100588,35.484464828],[129.416392225,35.484456027],[129.41656206,35.484451357],[129.416814683,35.484450943],[129.416811799,35.484403722],[129.416818094,35.484403828],[129.416737457,35.484298956],[129.416667273,35.4841981],[129.416478363,35.483928058],[129.416434329,35.483872316],[129.416288244,35.483652124],[129.416216072,35.483553843],[129.416056183,35.483321251],[129.41606809,35.483270304],[129.415939469,35.483322744],[129.415996745,35.483337654],[129.416423713,35.483966339],[129.416699081,35.484363111],[129.416657855,35.484401123],[129.41674179,35.48440254],[129.416658292,35.484404213],[129.416157641,35.484403257],[129.416073254,35.484414667],[129.415847979,35.484482988],[129.415719438,35.484589938],[129.415520046,35.484798034],[129.41551825,35.484799737],[129.415452851,35.48479121],[129.414861591,35.483920719],[129.414877276,35.483857864],[129.414690904,35.483948646],[129.414764349,35.483951401]]]]}},{"type":"Feature","id":"a6cefa666a6d201dc4a9b21e92ca1a015de22fc66df753318c623f08c2aaa31e","properties":{"zone_group_id":"311701011762","source_manage_no":"311701011762","facility_name":"화정초등학교","facility_type_code":"1","sgg_code":"31170","api_first_registered_on":null,"api_last_modified_on":null,"updated_at":"2026-07-25T01:27:52.347112+00:00"},"geometry":{"type":"MultiPolygon","coordinates":[[[[129.421595889,35.50233737],[129.42169184,35.502321927],[129.421416646,35.501230432],[129.421326202,35.501245764],[129.421595889,35.50233737]]],[[[129.42039363,35.502480897],[129.420478502,35.502463425],[129.420203999,35.501394439],[129.420124567,35.501409549],[129.42039363,35.502480897]]]]}},{"type":"Feature","id":"d6188a67da336448b9c6744d6cd6e4d97470333a2c3673321295c209e487a2fa","properties":{"zone_group_id":"311701011780","source_manage_no":"311701011780","facility_name":"화진초등학교","facility_type_code":"1","sgg_code":"31170","api_first_registered_on":"2000-04-26","api_last_modified_on":"2025-12-17","updated_at":"2026-07-25T01:27:52.347112+00:00"},"geometry":{"type":"MultiPolygon","coordinates":[[[[129.424600835,35.490627344],[129.424642869,35.490651277],[129.4246847,35.490668457],[129.424747944,35.490664933],[129.425602874,35.490434484],[129.425827511,35.490703281],[129.425981459,35.490968245],[129.426028819,35.49107767],[129.426165081,35.491487157],[129.426198207,35.491583334],[129.426403133,35.491543085],[129.426382271,35.491473776],[129.426236193,35.491012677],[129.426198107,35.490936855],[129.426009231,35.490609521],[129.425877396,35.490438721],[129.425601656,35.490153681],[129.425391802,35.490227732],[129.425566442,35.490397538],[129.425120996,35.490522275],[129.424716717,35.490634024],[129.424655482,35.490612729],[129.424423201,35.490398896],[129.424373992,35.490411148],[129.424600835,35.490627344]]],[[[129.426198207,35.491583334],[129.426173126,35.49158826],[129.426201295,35.491592301],[129.426198207,35.491583334]]],[[[129.42519739,35.492114724],[129.425547411,35.491938738],[129.425631052,35.491880741],[129.426110018,35.491596287],[129.426183798,35.491576782],[129.426151081,35.491496346],[129.425548471,35.491882402],[129.425233017,35.492017145],[129.425142657,35.491752418],[129.425121561,35.491692022],[129.425078668,35.491731179],[129.425078082,35.491803274],[129.425164543,35.492022291],[129.42519739,35.492114724]]]]}},{"type":"Feature","id":"8f548ef68f5738fe04f1a613b623a42ba2d917c174f8d8142772689ca7146690","properties":{"zone_group_id":"311701011800","source_manage_no":"311701011800","facility_name":"환희지유치원","facility_type_code":"1","sgg_code":"31170","api_first_registered_on":"2000-12-29","api_last_modified_on":null,"updated_at":"2026-07-25T01:27:52.347112+00:00"},"geometry":{"type":"MultiPolygon","coordinates":[[[[129.420628452,35.507270249],[129.420657049,35.507400942],[129.421449293,35.50731633],[129.421561171,35.507326472],[129.421653245,35.50736517],[129.421812087,35.507333822],[129.42180119,35.507246189],[129.421870349,35.507209884],[129.422927501,35.507100402],[129.422913452,35.507035134],[129.420628452,35.507270249]]]]}},{"type":"Feature","id":"ad6bee1372ab5a98c6135fbabdefea3eb92c6c85677e436a65c9504d1375ae9e","properties":{"zone_group_id":"312002028600","source_manage_no":"312002028600","facility_name":"가대경로당","facility_type_code":"2","sgg_code":"31200","api_first_registered_on":null,"api_last_modified_on":"2025-03-20","updated_at":"2026-07-25T01:27:52.347112+00:00"},"geometry":{"type":"MultiPolygon","coordinates":[[[[129.31367291,35.60474082],[129.313817591,35.604879957],[129.314007648,35.604774937],[129.314321142,35.604550407],[129.314704494,35.604261461],[129.314621758,35.604166188],[129.31367291,35.60474082]]]]}},{"type":"Feature","id":"41c3685b468baac3add4edd4b20a1e34e128c6178a76cf6c8679091b351d2a1b","properties":{"zone_group_id":"312001011816","source_manage_no":"312001011816","facility_name":"강동숲유치원","facility_type_code":"1","sgg_code":"31200","api_first_registered_on":"2017-01-01","api_last_modified_on":null,"updated_at":"2026-07-25T01:27:52.347112+00:00"},"geometry":{"type":"MultiPolygon","coordinates":[[[[129.42026865,35.65068429],[129.42033152,35.650719066],[129.420438258,35.650597985],[129.420749689,35.650382684],[129.421112832,35.649978928],[129.421308107,35.649719109],[129.421380363,35.649479785],[129.42138114,35.649213065],[129.42145296,35.648959333],[129.421386875,35.648964267],[129.421331619,35.649181624],[129.421310299,35.649499215],[129.421242239,35.649731246],[129.421003812,35.650024371],[129.420725993,35.650329099],[129.420371627,35.650584908],[129.42026865,35.65068429]]]]}},{"type":"Feature","id":"99f21f2152f36e92d6229e8d22e1163fcd521b07962afe3da2147dac3ae4a1c9","properties":{"zone_group_id":"312001011827","source_manage_no":"312001011827","facility_name":"강동유치원","facility_type_code":"1","sgg_code":"31200","api_first_registered_on":"2018-01-01","api_last_modified_on":null,"updated_at":"2026-07-25T01:27:52.347112+00:00"},"geometry":{"type":"MultiPolygon","coordinates":[[[[129.427551292,35.605333982],[129.427568471,35.605391301],[129.42760057,35.605358217],[129.428294845,35.605185639],[129.428345403,35.605179214],[129.428537994,35.605126675],[129.428664646,35.605082673],[129.429019908,35.60493675],[129.429272012,35.604809125],[129.429507862,35.604654796],[129.429551749,35.604646703],[129.429837612,35.604613904],[129.430016236,35.6046103],[129.430434005,35.604634307],[129.43057299,35.604633305],[129.430605905,35.604627234],[129.430581727,35.604557442],[129.430521506,35.604609115],[129.429973356,35.604578729],[129.429812374,35.604581977],[129.429550877,35.604617887],[129.429482951,35.604633674],[129.42937024,35.604700822],[129.429238171,35.604784578],[129.428907495,35.604940819],[129.428532604,35.605094346],[129.428405679,35.605129343],[129.427551292,35.605333982]]]]}},{"type":"Feature","id":"9f1e6f9a0c1bfda3acd21ef669721eb2b2fbe17cf7ebfd44759246a08c2b792b","properties":{"zone_group_id":"312001011828","source_manage_no":"312001011828","facility_name":"강동초등학교","facility_type_code":"1","sgg_code":"31200","api_first_registered_on":"2015-01-01","api_last_modified_on":null,"updated_at":"2026-07-25T01:27:52.347112+00:00"},"geometry":{"type":"MultiPolygon","coordinates":[[[[129.436061064,35.633936439],[129.436359785,35.634687255],[129.436419175,35.634825712],[129.436717949,35.635396321],[129.436787549,35.63550754],[129.437078762,35.636010725],[129.437168395,35.635963859],[129.436809426,35.635410689],[129.436461052,35.63469692],[129.43615482,35.633934542],[129.43588223,35.632408315],[129.43589924,35.631696161],[129.43596183,35.631340792],[129.43596491,35.631314495],[129.435965378,35.631329907],[129.43706047,35.631411363],[129.437056203,35.631325852],[129.435973034,35.631245126],[129.436004351,35.630977719],[129.436264262,35.629669577],[129.436423587,35.628973464],[129.436582424,35.628389088],[129.436826122,35.627510161],[129.436736658,35.627471426],[129.436258214,35.629179542],[129.435899047,35.631017693],[129.435809088,35.631634913],[129.435782141,35.632383309],[129.436061064,35.633936439]]],[[[129.434545058,35.633107078],[129.434532285,35.631999111],[129.434601105,35.631930581],[129.434642646,35.631935656],[129.434658644,35.631951389],[129.434655046,35.631969209],[129.4347152,35.631973908],[129.434733797,35.631938884],[129.435697973,35.631945297],[129.43579411,35.632010536],[129.435801921,35.631790657],[129.435699469,35.631858224],[129.434515844,35.631848642],[129.434523605,35.631922033],[129.434515366,35.631849919],[129.434422771,35.631850242],[129.434419103,35.632365955],[129.43443166,35.632677536],[129.434434362,35.633107626],[129.434545058,35.633107078]]]]}},{"type":"Feature","id":"454d405fce0ed2e7de0ae212714b3774245ef7c9788da647791a3005951252f5","properties":{"zone_group_id":"312001023300","source_manage_no":"312001023300","facility_name":"고헌유치원","facility_type_code":"1","sgg_code":"31200","api_first_registered_on":null,"api_last_modified_on":null,"updated_at":"2026-07-25T01:27:52.347112+00:00"},"geometry":{"type":"MultiPolygon","coordinates":[[[[129.370587049,35.595583885],[129.370667078,35.595728969],[129.370725099,35.59582276],[129.370706402,35.595843401],[129.370745257,35.59594513],[129.370802909,35.596029595],[129.370852208,35.596064666],[129.370894417,35.596093119],[129.370980081,35.596238979],[129.371052113,35.596436917],[129.371015501,35.596644878],[129.371086703,35.596721191],[129.371086687,35.59676737],[129.371085425,35.596818078],[129.371049045,35.597033919],[129.371007319,35.597255496],[129.370921324,35.597659279],[129.371177585,35.597701216],[129.371312676,35.5970453],[129.371343558,35.596783389],[129.371335984,35.596526741],[129.371248972,35.596195068],[129.371094618,35.596008084],[129.370893502,35.595734972],[129.370846943,35.595652542],[129.370839632,35.595594921],[129.37080754,35.595392015],[129.370796481,35.595344365],[129.37062817,35.595411877],[129.370633682,35.59545851],[129.370587049,35.595583885]]]]}},{"type":"Feature","id":"9aca74056f2816d58111e06a0a957bf96e4ddff0919fedb06140d4448712ec12","properties":{"zone_group_id":"312001023182","source_manage_no":"312001023182","facility_name":"고헌초등학교","facility_type_code":"1","sgg_code":"31200","api_first_registered_on":"2019-02-28","api_last_modified_on":"2025-12-17","updated_at":"2026-07-25T01:27:52.347112+00:00"},"geometry":{"type":"MultiPolygon","coordinates":[[[[129.370239068,35.601002136],[129.370296206,35.601051825],[129.370208085,35.601575961],[129.370040032,35.602423996],[129.369802362,35.603717164],[129.369707408,35.603770842],[129.370061917,35.603820182],[129.370551733,35.601042403],[129.370570183,35.60104478],[129.370585199,35.600802652],[129.368697743,35.600585242],[129.367589492,35.600415561],[129.367535744,35.600653944],[129.370239068,35.601002136]]],[[[129.364517926,35.603260128],[129.36479677,35.603362778],[129.364860835,35.603384046],[129.36531753,35.603441206],[129.370034081,35.604001741],[129.370067626,35.603829883],[129.365379358,35.603195908],[129.365108148,35.603165192],[129.364841657,35.603107352],[129.364602599,35.603044467],[129.364364443,35.602918491],[129.364226069,35.603090153],[129.364517926,35.603260128]]]]}},{"type":"Feature","id":"62e84f8f1722042a7672ff4afd8e4cb2a5e18b7c30b360dd56dafd65d8e0b385","properties":{"zone_group_id":"312002011834","source_manage_no":"312002011834","facility_name":"곡리경로당","facility_type_code":"2","sgg_code":"31200","api_first_registered_on":"2011-05-23","api_last_modified_on":null,"updated_at":"2026-07-25T01:27:52.347112+00:00"},"geometry":{"type":"MultiPolygon","coordinates":[[[[129.363097417,35.60532517],[129.363590015,35.605567796],[129.363708314,35.605651074],[129.363899613,35.60577797],[129.364213269,35.605938507],[129.364532969,35.606116944],[129.364672794,35.606181777],[129.364934445,35.606262239],[129.365133327,35.606271849],[129.365161855,35.606229391],[129.364954908,35.606207774],[129.364727265,35.606158182],[129.363937147,35.605741192],[129.363717221,35.605578815],[129.363476037,35.605443887],[129.363101208,35.605266528],[129.363097417,35.60532517]]]]}},{"type":"Feature","id":"6a62e130e816e03e940ba75b40283875cc6ed6a84833d3def2715e2342b7ca05","properties":{"zone_group_id":"312002028614","source_manage_no":"312002028614","facility_name":"구남경로당","facility_type_code":"2","sgg_code":"31200","api_first_registered_on":null,"api_last_modified_on":"2026-03-19","updated_at":"2026-07-25T01:27:52.347112+00:00"},"geometry":{"type":"MultiPolygon","coordinates":[[[[129.428118861,35.592504182],[129.428136248,35.592531989],[129.429184887,35.592326133],[129.429414972,35.592182959],[129.42938607,35.592152797],[129.429401158,35.592157785],[129.429467982,35.592179878],[129.429549515,35.592206833],[129.429727601,35.592331786],[129.429751402,35.59232063],[129.429839505,35.592381503],[129.429938617,35.592460265],[129.430030553,35.592544278],[129.430107683,35.592626807],[129.43014029,35.592665786],[129.43015906,35.592688225],[129.430194506,35.59273062],[129.430323095,35.592890592],[129.430346808,35.592921504],[129.43038572,35.592967891],[129.430439558,35.593041009],[129.430511763,35.593127821],[129.430600414,35.593245311],[129.43067556,35.593348672],[129.43072443,35.593418275],[129.430772217,35.593487705],[129.430776983,35.593499273],[129.430786709,35.593512482],[129.430816631,35.593553119],[129.430818974,35.593558909],[129.430824307,35.593566595],[129.430831373,35.593573284],[129.430837017,35.593577672],[129.430837021,35.593577675],[129.43083972,35.593579395],[129.430842259,35.593581269],[129.430843974,35.593582106],[129.430845549,35.593583109],[129.430848606,35.593584366],[129.430851545,35.593585799],[129.430853427,35.593586347],[129.430855211,35.59358708],[129.43085851,35.593587825],[129.430861734,35.593588763],[129.43086371,35.593589],[129.430865636,35.593589435],[129.430869049,35.59358964],[129.430872435,35.593590046],[129.43087443,35.593589964],[129.430876423,35.593590083],[129.430879819,35.593589741],[129.430883237,35.593589599],[129.430885175,35.593589201],[129.430887157,35.593589001],[129.430890407,35.593588123],[129.430893725,35.59358744],[129.43089553,35.59358674],[129.430897427,35.593586228],[129.430900404,35.59358485],[129.430903496,35.593583651],[129.430905099,35.593582677],[129.430906837,35.593581872],[129.430909428,35.593580046],[129.430912174,35.593578377],[129.430913513,35.593577167],[129.430915026,35.593576101],[129.430917131,35.593573897],[129.430919425,35.593571823],[129.43092045,35.593570422],[129.430921679,35.593569135],[129.430923217,35.593566638],[129.430924972,35.593564238],[129.430925642,35.593562701],[129.43092654,35.593561244],[129.43092676,35.593560594],[129.430927452,35.593558549],[129.430928601,35.593555916],[129.430928891,35.593554301],[129.430929423,35.593552729],[129.430929674,35.593549941],[129.430930172,35.593547175],[129.430930071,35.593545545],[129.430930217,35.593543918],[129.430930083,35.593543031],[129.430929895,35.593542714],[129.430929895,35.593542714],[129.430923486,35.59353192],[129.430905147,35.593506529],[129.430905147,35.593506529],[129.430883763,35.593476922],[129.430831867,35.593405068],[129.430698728,35.593230196],[129.430610396,35.593102485],[129.430566696,35.593060662],[129.430448881,35.592905779],[129.430360383,35.592792082],[129.430287703,35.592691586],[129.430257119,35.592655127],[129.430201448,35.592588761],[129.430160369,35.59253979],[129.430068868,35.592452412],[129.429649723,35.592158324],[129.429614554,35.592133648],[129.429607307,35.592129346],[129.429599304,35.592126059],[129.429596023,35.592124974],[129.429601631,35.592118215],[129.429709103,35.59198867],[129.429713076,35.591982693],[129.429716231,35.591975732],[129.429717471,35.591972469],[129.429718601,35.591963683],[129.429717611,35.591954886],[129.429714539,35.591946415],[129.429709503,35.591938597],[129.429702696,35.591931731],[129.42969438,35.591926082],[129.429684874,35.591921867],[129.429674545,35.591919248],[129.429663788,35.591918325],[129.429653018,35.591919133],[129.429642648,35.591921643],[129.429633076,35.591925756],[129.429624671,35.591931316],[129.429617755,35.591938109],[129.429501326,35.592078449],[129.429491418,35.592090391],[129.429440288,35.592073487],[129.429238734,35.592006851],[129.429182592,35.591988289],[129.429177238,35.591986946],[129.429065976,35.591959032],[129.428935836,35.591930027],[129.428929222,35.591934534],[129.428922428,35.591941408],[129.428917407,35.591949233],[129.428914351,35.591957707],[129.428913378,35.591966506],[129.428914525,35.59197529],[129.428917749,35.591983723],[129.428922924,35.591991481],[129.428929853,35.591998264],[129.428938269,35.592003813],[129.428947849,35.592007915],[129.428983857,35.59201982],[129.429133866,35.592053552],[129.429142862,35.5920569],[129.429143221,35.592059902],[129.429122259,35.592065577],[129.429168449,35.592080849],[129.429173262,35.592079235],[129.429189599,35.592078635],[129.429205076,35.592079328],[129.429351244,35.592120284],[129.429363864,35.592127757],[129.429370064,35.592134277],[129.429370914,35.592142268],[129.429368277,35.592146914],[129.429369238,35.592147232],[129.429344793,35.592187753],[129.429179902,35.592298076],[129.429000363,35.59233436],[129.428474674,35.592414789],[129.428118861,35.592504182]]]]}},{"type":"Feature","id":"3c81ff2a547853cf42484159798c0965cec9af1667420b2b8e58300ed17e9e75","properties":{"zone_group_id":"312002028595","source_manage_no":"312002028595","facility_name":"구암경로당","facility_type_code":"2","sgg_code":"31200","api_first_registered_on":null,"api_last_modified_on":"2025-03-20","updated_at":"2026-07-25T01:27:52.347112+00:00"},"geometry":{"type":"MultiPolygon","coordinates":[[[[129.452230056,35.574819197],[129.452525858,35.575477684],[129.452602531,35.575460355],[129.452311965,35.574792751],[129.452230056,35.574819197]]]]}},{"type":"Feature","id":"d8dff61c85645c958031bf5911f472b518c52d15ba4b511db491a02570260ff2","properties":{"zone_group_id":"312001011881","source_manage_no":"312001011881","facility_name":"금비유치원","facility_type_code":"1","sgg_code":"31200","api_first_registered_on":"2011-01-01","api_last_modified_on":null,"updated_at":"2026-07-25T01:27:52.347112+00:00"},"geometry":{"type":"MultiPolygon","coordinates":[[[[129.360899073,35.593710375],[129.36105992,35.5936937],[129.361025207,35.593638604],[129.361511935,35.592816079],[129.361561299,35.59280666],[129.36151589,35.592793858],[129.361579855,35.592804606],[129.361777489,35.592885006],[129.361800439,35.592920693],[129.361327065,35.593704873],[129.361475649,35.593674485],[129.361449114,35.593634902],[129.361844831,35.592949993],[129.361897976,35.592934022],[129.362111764,35.593020993],[129.362116811,35.593055038],[129.36194599,35.593342217],[129.362003188,35.593364748],[129.362182344,35.593079658],[129.362231931,35.593069877],[129.362360704,35.593122263],[129.362398343,35.593065748],[129.362334997,35.593041055],[129.362402582,35.593066328],[129.362386981,35.593004687],[129.362507867,35.592754529],[129.362451403,35.592736728],[129.362327257,35.59299009],[129.362242452,35.593004807],[129.361539319,35.592692158],[129.36147476,35.592782262],[129.361471615,35.592781375],[129.360899073,35.593710375]]]]}},{"type":"Feature","id":"a7d7327b3bed6de9b5508679b0704dcae8cd7f58b390902d4e6cffbdd867d4b4","properties":{"zone_group_id":"312002030007","source_manage_no":"312002030007","facility_name":"금천마을경로당","facility_type_code":"2","sgg_code":"31200","api_first_registered_on":"2026-03-24","api_last_modified_on":"2026-03-29","updated_at":"2026-07-25T01:27:52.347112+00:00"},"geometry":{"type":"MultiPolygon","coordinates":[[[[129.449591215,35.579959723],[129.449734051,35.58003228],[129.449796185,35.580080573],[129.449960209,35.580124541],[129.450084654,35.580181703],[129.450064776,35.580208012],[129.450178993,35.580246236],[129.450216165,35.580199302],[129.449612505,35.579934512],[129.449591215,35.579959723]]]]}},{"type":"Feature","id":"be4bbc56c2fa78cd9a369d4768ab036d8e39b613e147fda6ad41bc4e664be2e8","properties":{"zone_group_id":"312001011817","source_manage_no":"312001011817","facility_name":"꿈동산유치원","facility_type_code":"1","sgg_code":"31200","api_first_registered_on":"2000-01-01","api_last_modified_on":null,"updated_at":"2026-07-25T01:27:52.347112+00:00"},"geometry":{"type":"MultiPolygon","coordinates":[[[[129.358086166,35.646927674],[129.358221735,35.647483663],[129.358315999,35.647986399],[129.35845835,35.64877292],[129.358634346,35.648751451],[129.358364682,35.647239384],[129.358265935,35.646884506],[129.358086166,35.646927674]]]]}},{"type":"Feature","id":"c92f749034a5b8e07c24e7404ae944b7d3a8178957f9802b0ef153e8525e76f4","properties":{"zone_group_id":"312002028574","source_manage_no":"312002028574","facility_name":"남정자경로당","facility_type_code":"2","sgg_code":"31200","api_first_registered_on":null,"api_last_modified_on":"2025-03-17","updated_at":"2026-07-25T01:27:52.347112+00:00"},"geometry":{"type":"MultiPolygon","coordinates":[[[[129.449556481,35.614167907],[129.449648752,35.614298931],[129.449735362,35.614515667],[129.449825857,35.614498058],[129.449713611,35.614254813],[129.449676545,35.614124918],[129.449556481,35.614167907]]]]}},{"type":"Feature","id":"dd17b17cc238798ec8a451a93ae1a4906c77d89169482b251dbfe6cf40936c62","properties":{"zone_group_id":"312002011836","source_manage_no":"312002011836","facility_name":"냉천(신천)경로당","facility_type_code":"2","sgg_code":"31200","api_first_registered_on":"2009-03-05","api_last_modified_on":null,"updated_at":"2026-07-30T00:09:13.239385+00:00"},"geometry":{"type":"MultiPolygon","coordinates":[[[[129.347014042,35.638266527],[129.347294562,35.638328636],[129.347611264,35.638401302],[129.347997309,35.63848613],[129.348066585,35.638496042],[129.348165473,35.638480598],[129.348243286,35.638499353],[129.348290038,35.638493936],[129.34836227,35.638510548],[129.348498526,35.638546185],[129.348536213,35.638513913],[129.348286028,35.638451215],[129.348152399,35.638411022],[129.34815002,35.638410978],[129.347961383,35.638153156],[129.347919731,35.63809709],[129.347933287,35.638065289],[129.347948291,35.638059365],[129.347934706,35.637972341],[129.347889034,35.637943948],[129.347799278,35.637823494],[129.347632288,35.637562632],[129.34750605,35.637374185],[129.347364813,35.637238967],[129.347311404,35.637323355],[129.347336933,35.637347072],[129.347498778,35.63755003],[129.347640219,35.63776296],[129.347756787,35.63792738],[129.347855203,35.638131574],[129.347971674,35.638292617],[129.34803521,35.638365713],[129.348033075,35.638409125],[129.347990146,35.638429955],[129.34786223,35.638396408],[129.347239923,35.638253112],[129.347045621,35.638214101],[129.347014042,35.638266527]]]]}},{"type":"Feature","id":"dc5b7a781c5ede9c8891ab0bc8c515e7d727736d6f603833447015efa147144b","properties":{"zone_group_id":"312001011875","source_manage_no":"312001011875","facility_name":"농소초등학교","facility_type_code":"1","sgg_code":"31200","api_first_registered_on":"2000-01-01","api_last_modified_on":null,"updated_at":"2026-07-25T01:27:52.347112+00:00"},"geometry":{"type":"MultiPolygon","coordinates":[[[[129.355207128,35.622558587],[129.355325095,35.622592321],[129.355872659,35.621395836],[129.356215466,35.620599005],[129.356249658,35.620542021],[129.356326404,35.620383963],[129.356371908,35.620305422],[129.356254974,35.620535159],[129.356403237,35.620510858],[129.356512341,35.620656269],[129.35661584,35.620845715],[129.356756025,35.620969118],[129.356876216,35.621069259],[129.357094199,35.621211412],[129.357300163,35.62132001],[129.35731825,35.621325288],[129.357478413,35.621377341],[129.357749395,35.621445245],[129.357959363,35.621549259],[129.35813126,35.621672039],[129.358197124,35.621754095],[129.358369373,35.62198274],[129.358474104,35.622073046],[129.358592424,35.622156328],[129.358754596,35.62222974],[129.358963377,35.622293228],[129.359121586,35.622389644],[129.359306979,35.62253203],[129.359397727,35.622615851],[129.359537709,35.622685192],[129.359627068,35.622721735],[129.36007984,35.622920101],[129.360208729,35.622987406],[129.360264735,35.623015592],[129.361377046,35.62350062],[129.361438851,35.623350736],[129.3603576,35.622889878],[129.360220043,35.622809228],[129.359686581,35.622587665],[129.359677978,35.62257657],[129.35964081,35.622532246],[129.359672111,35.622470813],[129.359760984,35.622396988],[129.359612708,35.6222332],[129.359357206,35.622269744],[129.358941739,35.622120201],[129.358703666,35.621998719],[129.358610955,35.621941967],[129.358514231,35.621842494],[129.358370217,35.621635822],[129.35830508,35.62157853],[129.358202512,35.621467909],[129.358000087,35.621338969],[129.357866085,35.621285278],[129.357688498,35.621247365],[129.357663464,35.621149583],[129.357516866,35.621136685],[129.357365307,35.621095727],[129.357028827,35.620958147],[129.3568897,35.620870765],[129.356757258,35.620729191],[129.356681284,35.62063485],[129.356617302,35.620560414],[129.35641465,35.620288753],[129.356396262,35.620263387],[129.356420841,35.620220961],[129.356310245,35.620162397],[129.356262025,35.620224069],[129.356188435,35.620335979],[129.356180956,35.620363157],[129.355207128,35.622558587]]]]}},{"type":"Feature","id":"0709cc90ccd2bfc99e06a2597bf2cf9b5ad03f11880da9ff51391458ab8e3968","properties":{"zone_group_id":"312001022902","source_manage_no":"312001022902","facility_name":"다경어린이집","facility_type_code":"1","sgg_code":"31200","api_first_registered_on":null,"api_last_modified_on":null,"updated_at":"2026-07-25T01:27:52.347112+00:00"},"geometry":{"type":"MultiPolygon","coordinates":[[[[129.337271244,35.662628824],[129.337302563,35.662630039],[129.337279651,35.662633166],[129.337345859,35.66272649],[129.338393122,35.662859324],[129.33875885,35.66290628],[129.338816915,35.662909657],[129.338813893,35.662711487],[129.3388401,35.662663673],[129.338983028,35.662548265],[129.339057184,35.662440951],[129.339127135,35.662189553],[129.339228089,35.662054687],[129.339180534,35.661938476],[129.339018889,35.66216913],[129.338966737,35.662368373],[129.338948937,35.662420529],[129.338903616,35.662475472],[129.338860527,35.662512351],[129.338755631,35.662606746],[129.33870558,35.662688813],[129.338691327,35.662767931],[129.33865612,35.662791141],[129.337456472,35.662638742],[129.337337387,35.662625287],[129.337310301,35.662628983],[129.337369839,35.662412912],[129.337394474,35.662121847],[129.337461736,35.661967363],[129.337456815,35.661609295],[129.337582072,35.661645156],[129.337640858,35.661673298],[129.337707263,35.661678766],[129.337753767,35.661664348],[129.337823523,35.661595415],[129.337935776,35.661469341],[129.337976697,35.661452778],[129.338286982,35.661491802],[129.338331778,35.661513458],[129.338352205,35.661551355],[129.338393782,35.661651915],[129.338413815,35.661676304],[129.338452502,35.661677805],[129.33854945,35.661689437],[129.338613623,35.661712969],[129.338647712,35.661746096],[129.338704002,35.661783296],[129.338940659,35.661853033],[129.33910467,35.661892645],[129.339162668,35.661893771],[129.339156231,35.661862359],[129.339092715,35.661861341],[129.338903548,35.661810955],[129.338730867,35.661757995],[129.338660586,35.661714309],[129.338595954,35.661675018],[129.338501305,35.661647573],[129.338429448,35.661644464],[129.338403503,35.661606674],[129.338373355,35.661519408],[129.338333683,35.661484137],[129.338258279,35.661454065],[129.337967633,35.661425922],[129.337902016,35.66144747],[129.337765919,35.661607796],[129.337725655,35.661646873],[129.337678889,35.661652286],[129.337634421,35.661641887],[129.337567294,35.661611654],[129.337425419,35.661573863],[129.337410899,35.661833194],[129.337417663,35.661970472],[129.337365509,35.662075105],[129.337350598,35.662131709],[129.337324649,35.662377747],[129.337318342,35.662445448],[129.337271244,35.662628824]]]]}},{"type":"Feature","id":"6ec1f411ca6670ed4e959019b5a5bc18ab208e22aa87d6f67ec81b83425c75ef","properties":{"zone_group_id":"312001028611","source_manage_no":"312001028611","facility_name":"달곡경로당","facility_type_code":"2","sgg_code":"31200","api_first_registered_on":null,"api_last_modified_on":"2025-03-20","updated_at":"2026-07-25T01:27:52.347112+00:00"},"geometry":{"type":"MultiPolygon","coordinates":[[[[129.425446649,35.608561349],[129.425492116,35.608605484],[129.426045906,35.608492964],[129.426724086,35.608389197],[129.427000945,35.608331808],[129.426982909,35.608282615],[129.42683238,35.60832169],[129.425446649,35.608561349]]]]}},{"type":"Feature","id":"8ecc18051eb98ae2b5f96606824218842606ad1bdb4d42b0056474a4827377b7","properties":{"zone_group_id":"312002028568","source_manage_no":"312002028568","facility_name":"달천경로당","facility_type_code":"2","sgg_code":"31200","api_first_registered_on":null,"api_last_modified_on":"2025-03-17","updated_at":"2026-07-25T01:27:52.347112+00:00"},"geometry":{"type":"MultiPolygon","coordinates":[[[[129.314251851,35.630594832],[129.31428745,35.630657221],[129.31448197,35.63058534],[129.314518022,35.630567753],[129.314697958,35.630516425],[129.314658466,35.630462558],[129.314251851,35.630594832]]]]}},{"type":"Feature","id":"0a2a2caa6b964b184c631f7c7ddad5d922567bbc10f003f856d9a1f4ad012907","properties":{"zone_group_id":"312002028596","source_manage_no":"312002028596","facility_name":"당사경로당","facility_type_code":"2","sgg_code":"31200","api_first_registered_on":null,"api_last_modified_on":"2025-03-20","updated_at":"2026-07-25T01:27:52.347112+00:00"},"geometry":{"type":"MultiPolygon","coordinates":[[[[129.456075174,35.581587939],[129.456216907,35.581849726],[129.456274738,35.581937523],[129.456390609,35.58207482],[129.456498428,35.582038833],[129.456470839,35.581993218],[129.456409768,35.58193477],[129.456303577,35.581798402],[129.456240924,35.581688178],[129.456191019,35.581543905],[129.456075174,35.581587939]]]]}},{"type":"Feature","id":"028ef71c869931259b6f8b2299870efd627241f02f7b34477d6a83a95e63f3b6","properties":{"zone_group_id":"312001011815","source_manage_no":"312001011815","facility_name":"동그라미유치원","facility_type_code":"1","sgg_code":"31200","api_first_registered_on":"2016-01-01","api_last_modified_on":null,"updated_at":"2026-07-25T01:27:52.347112+00:00"},"geometry":{"type":"MultiPolygon","coordinates":[[[[129.314412846,35.630096658],[129.314423975,35.63019556],[129.314638197,35.630256768],[129.314575386,35.630183639],[129.314465367,35.62990868],[129.314466956,35.629868102],[129.314289234,35.629828719],[129.314412846,35.630096658]]],[[[129.314471272,35.629922083],[129.314569218,35.629969758],[129.314608799,35.630002786],[129.314720663,35.630054699],[129.315063655,35.63027562],[129.315278043,35.630438192],[129.315530974,35.63059777],[129.315571364,35.630563203],[129.315518449,35.6305462],[129.315285147,35.630397508],[129.315107453,35.630263514],[129.31474201,35.630029509],[129.314646756,35.62997953],[129.314469779,35.629870301],[129.314471272,35.629922083]]]]}},{"type":"Feature","id":"93ecf9c7a7baa89096155d65b711cb698c577e2faf82be040f73354d6c166895","properties":{"zone_group_id":"312001011864","source_manage_no":"312001011864","facility_name":"동천초등학교","facility_type_code":"1","sgg_code":"31200","api_first_registered_on":"2000-01-01","api_last_modified_on":null,"updated_at":"2026-07-25T01:27:52.347112+00:00"},"geometry":{"type":"MultiPolygon","coordinates":[[[[129.338588026,35.630690718],[129.338609544,35.63086101],[129.339269502,35.63085495],[129.339313969,35.630904292],[129.339304366,35.63091512],[129.339119556,35.631106322],[129.339255911,35.631169591],[129.339427278,35.631014144],[129.339573026,35.630884547],[129.339427475,35.631020901],[129.339624744,35.631186087],[129.339700085,35.631142567],[129.339631543,35.631191501],[129.339723148,35.631305054],[129.339898061,35.631247593],[129.340539724,35.631299996],[129.340864021,35.631218003],[129.341073496,35.631134639],[129.341476368,35.630870907],[129.341581315,35.630836429],[129.341765996,35.630811212],[129.342333595,35.630897484],[129.34277261,35.63096463],[129.343513022,35.631072763],[129.343695501,35.631123274],[129.344134209,35.631330984],[129.34418348,35.631355254],[129.344253654,35.631339471],[129.344282646,35.631274031],[129.343790149,35.631038535],[129.343536445,35.630967786],[129.34175822,35.630696029],[129.341582154,35.63071387],[129.341416278,35.630778367],[129.341307339,35.63082734],[129.341022124,35.631038324],[129.340838808,35.631110368],[129.340527748,35.631192103],[129.340408408,35.631187215],[129.340191474,35.631166202],[129.339903735,35.631139357],[129.339742121,35.631118285],[129.339748887,35.631114377],[129.339762231,35.631075243],[129.339651384,35.630964154],[129.339578681,35.630879518],[129.339586629,35.630872451],[129.339996232,35.630512931],[129.339853721,35.630380485],[129.339761096,35.630468485],[129.339540783,35.630648546],[129.33953286,35.63065748],[129.339423683,35.630677865],[129.338588026,35.630690718]]]]}},{"type":"Feature","id":"47c9d47a0fbf7ba8509b34a851f4557171645124bde83ec6274028ce37afd820","properties":{"zone_group_id":"312001011877","source_manage_no":"312001011877","facility_name":"동화유치원","facility_type_code":"1","sgg_code":"31200","api_first_registered_on":"2005-01-01","api_last_modified_on":null,"updated_at":"2026-07-25T01:27:52.347112+00:00"},"geometry":{"type":"MultiPolygon","coordinates":[[[[129.351711352,35.629273011],[129.351779602,35.629417647],[129.352185054,35.62960564],[129.352189906,35.629634893],[129.351956583,35.629958421],[129.352028127,35.629989461],[129.352263866,35.629673094],[129.352296441,35.629657285],[129.352562803,35.629780785],[129.352602764,35.629713327],[129.351821453,35.62933934],[129.351711352,35.629273011]]]]}},{"type":"Feature","id":"50310e74d1ee6bb7afacf61fd3fa808739a45dcaf1331f6e423111299a135a46","properties":{"zone_group_id":"312002028593","source_manage_no":"312002028593","facility_name":"매곡경로당","facility_type_code":"2","sgg_code":"31200","api_first_registered_on":null,"api_last_modified_on":"2025-03-20","updated_at":"2026-07-25T01:27:52.347112+00:00"},"geometry":{"type":"MultiPolygon","coordinates":[[[[129.358237488,35.640341316],[129.358285199,35.640368539],[129.358411843,35.640264691],[129.358478209,35.640175539],[129.3585705,35.640029565],[129.358735819,35.639786423],[129.358779735,35.639731501],[129.358812036,35.639703836],[129.358922572,35.63966225],[129.359030482,35.63962522],[129.359191708,35.639571377],[129.359396475,35.639543712],[129.35964186,35.63953665],[129.359726671,35.63955864],[129.359755936,35.63947472],[129.359699499,35.639479205],[129.359556255,35.639487644],[129.359377224,35.639499037],[129.359058303,35.639539076],[129.35893464,35.639603446],[129.358803652,35.639653317],[129.358734749,35.639703098],[129.358512187,35.640017191],[129.358397248,35.640190641],[129.358323987,35.640279927],[129.358237488,35.640341316]]]]}},{"type":"Feature","id":"987febbec1f9a32c2f1eb52ea66103512439c043e551506498f5ddfa7cd36383","properties":{"zone_group_id":"312001011818","source_manage_no":"312001011818","facility_name":"매곡초등학교","facility_type_code":"1","sgg_code":"31200","api_first_registered_on":"2007-01-01","api_last_modified_on":null,"updated_at":"2026-07-25T01:27:52.347112+00:00"},"geometry":{"type":"MultiPolygon","coordinates":[[[[129.347292946,35.639363242],[129.348608972,35.640928139],[129.35040397,35.643168016],[129.350484361,35.643274571],[129.35194711,35.645151929],[129.352190644,35.645024629],[129.351723415,35.644449882],[129.351414044,35.644138759],[129.350467201,35.642866958],[129.350009667,35.642320848],[129.348779482,35.640759033],[129.34883787,35.640824609],[129.348845588,35.640786615],[129.34961141,35.640402243],[129.3495802,35.640354196],[129.349620289,35.640403872],[129.349695621,35.640413214],[129.350281034,35.641180288],[129.350286555,35.641218024],[129.350286666,35.641217964],[129.349513671,35.641667362],[129.349568734,35.64173837],[129.350455427,35.641259728],[129.350375894,35.641170582],[129.350388724,35.641163768],[129.349678216,35.640271189],[129.34956302,35.640332906],[129.349565306,35.640335738],[129.34879972,35.640728041],[129.348754445,35.640727245],[129.348046972,35.639829017],[129.347334565,35.639021158],[129.34703975,35.638904365],[129.346912429,35.639079847],[129.347144925,35.639208445],[129.347292946,35.639363242]]],[[[129.351776793,35.644323499],[129.353909061,35.643210246],[129.35497236,35.642628308],[129.354851565,35.642461653],[129.353786978,35.64299967],[129.352425932,35.643697841],[129.351577252,35.644147533],[129.351411986,35.644122873],[129.35173003,35.644452163],[129.351776793,35.644323499]]],[[[129.347330822,35.643922231],[129.348207289,35.643460618],[129.348037348,35.643240828],[129.347215942,35.643674323],[129.347037067,35.643714995],[129.347204706,35.644068357],[129.347330822,35.643922231]]],[[[129.348089163,35.645906372],[129.348302508,35.645770376],[129.348252318,35.645752763],[129.347113503,35.6443231],[129.347102503,35.644159366],[129.347168442,35.644078641],[129.347210257,35.644093038],[129.347027249,35.643709553],[129.34684687,35.643981809],[129.346798369,35.644092617],[129.346735678,35.644142855],[129.346938657,35.644289325],[129.348122689,35.645778954],[129.348089163,35.645906372]]],[[[129.348446798,35.645974665],[129.348613989,35.645935362],[129.35141682,35.644488536],[129.351259784,35.644293198],[129.348737746,35.645621911],[129.348450919,35.645778882],[129.348133939,35.64596167],[129.348184485,35.646029163],[129.348323803,35.64596157],[129.348446798,35.645974665]]]]}},{"type":"Feature","id":"45736f5580c20fdbd71d0549468596fb0898f3ba0b6b193f40eb4afd1d820583","properties":{"zone_group_id":"312001011819","source_manage_no":"312001011819","facility_name":"매산초등학교","facility_type_code":"1","sgg_code":"31200","api_first_registered_on":"2011-01-01","api_last_modified_on":null,"updated_at":"2026-07-25T01:27:52.347112+00:00"},"geometry":{"type":"MultiPolygon","coordinates":[[[[129.358054513,35.644141463],[129.358152855,35.644105733],[129.357617016,35.643487479],[129.356464246,35.642168042],[129.356316835,35.642225013],[129.358054513,35.644141463]]],[[[129.358844453,35.643683158],[129.358852543,35.643692298],[129.358826341,35.643771403],[129.358235236,35.644090597],[129.358363974,35.644243572],[129.358963258,35.643920836],[129.359031485,35.643894467],[129.3590415,35.643905782],[129.359298149,35.644042727],[129.359850885,35.644390212],[129.360254461,35.644875834],[129.360376742,35.64480921],[129.359937668,35.644243155],[129.359259696,35.643842769],[129.359261127,35.643769643],[129.35991252,35.643388415],[129.359717857,35.643246875],[129.359144308,35.643599534],[129.359036101,35.643581372],[129.359209104,35.643792668],[129.358985539,35.643551939],[129.357745072,35.64192662],[129.357448372,35.641553829],[129.357247357,35.641618612],[129.358844453,35.643683158]]]]}},{"type":"Feature","id":"6018055eb5bf2a1fdedf812c0cd696b397a8784a2e7b6e81f186582328302ed4","properties":{"zone_group_id":"312001011853","source_manage_no":"312001011853","facility_name":"메아리학교","facility_type_code":"1","sgg_code":"31200","api_first_registered_on":"2007-01-01","api_last_modified_on":null,"updated_at":"2026-07-25T01:27:52.347112+00:00"},"geometry":{"type":"MultiPolygon","coordinates":[[[[129.33970701,35.666036919],[129.340480142,35.666481617],[129.340541407,35.66652268],[129.340920334,35.666660667],[129.340974847,35.666683269],[129.341364131,35.666963028],[129.341370902,35.666939572],[129.341364427,35.666973163],[129.341394445,35.667008073],[129.341415489,35.666948507],[129.341575666,35.66675947],[129.341637571,35.666751505],[129.341953313,35.666853533],[129.342018769,35.666896204],[129.342094335,35.667072203],[129.342392632,35.667215134],[129.342418655,35.667184204],[129.342185764,35.667082255],[129.342107937,35.667041515],[129.342034391,35.666863787],[129.341952227,35.66681637],[129.34167636,35.666732158],[129.341593211,35.666721945],[129.341536483,35.666765303],[129.341410411,35.666916492],[129.341375219,35.666917177],[129.34137411,35.66692293],[129.341203792,35.666792058],[129.341013389,35.666655476],[129.340931669,35.666623262],[129.340533816,35.666475503],[129.340489259,35.666439185],[129.340427599,35.666384608],[129.340100967,35.666193208],[129.339752353,35.665958289],[129.33970701,35.666036919]]]]}},{"type":"Feature","id":"0f88fa8b0f30552bc5554a2dc302319509d0fd9815d5f7929a6e965e4082733b","properties":{"zone_group_id":"312001011838","source_manage_no":"312001011838","facility_name":"명신유치원","facility_type_code":"1","sgg_code":"31200","api_first_registered_on":"2000-01-01","api_last_modified_on":null,"updated_at":"2026-07-25T01:27:52.347112+00:00"},"geometry":{"type":"MultiPolygon","coordinates":[[[[129.348411614,35.63010871],[129.350770308,35.630830371],[129.350794618,35.63075601],[129.348446904,35.630032334],[129.348411614,35.63010871]]]]}},{"type":"Feature","id":"99a9eb154046d2c881d4b96025c01b94a99e0dc55c932df8ede9bc85e8d3f8a0","properties":{"zone_group_id":"312001011824","source_manage_no":"312001011824","facility_name":"명촌초등학교","facility_type_code":"1","sgg_code":"31200","api_first_registered_on":"2003-01-01","api_last_modified_on":null,"updated_at":"2026-07-25T01:27:52.347112+00:00"},"geometry":{"type":"MultiPolygon","coordinates":[[[[129.355640783,35.553610751],[129.355597759,35.553554125],[129.355815482,35.553164537],[129.356485422,35.553417806],[129.356651257,35.553508272],[129.356697845,35.553442486],[129.356549958,35.553362481],[129.355852138,35.553098944],[129.356140201,35.552583484],[129.356273961,35.552489597],[129.35719589,35.552242084],[129.357386109,35.552728139],[129.357478289,35.552697602],[129.357465986,35.552664221],[129.357482098,35.552701108],[129.357511182,35.552658865],[129.358428199,35.552439103],[129.358403943,35.552363889],[129.357465224,35.552595565],[129.357436825,35.552585101],[129.357300786,35.552215985],[129.357307669,35.552168525],[129.357255634,35.552086722],[129.357149134,35.55212261],[129.357184651,35.552213363],[129.357139929,35.552114339],[129.356245199,35.552354943],[129.35601291,35.552474419],[129.35545029,35.553462356],[129.355389858,35.553517624],[129.355640783,35.553610751]]],[[[129.357769581,35.553462638],[129.357484737,35.552705927],[129.357386456,35.552739964],[129.357683305,35.553482918],[129.357769581,35.553462638]]],[[[129.353461849,35.553082034],[129.354255761,35.553353862],[129.354415631,35.55344539],[129.354666753,35.553545277],[129.354778675,35.553553231],[129.355233102,35.553726303],[129.355113212,35.553959104],[129.355305071,35.554012822],[129.355399907,35.553798022],[129.3554148,35.553804472],[129.355991862,35.554016299],[129.356092826,35.553791218],[129.355398423,35.553527598],[129.354972178,35.553380429],[129.354870385,35.553294528],[129.352950821,35.55258157],[129.35279197,35.552807778],[129.353393626,35.553012377],[129.353461849,35.553082034]]]]}},{"type":"Feature","id":"448309fa1d2f214fc25642f013ca4ff06b447361bf9115ff465a9f84ba4cd053","properties":{"zone_group_id":"312001011869","source_manage_no":"312001011867","facility_name":"미래유치원","facility_type_code":"1","sgg_code":"31200","api_first_registered_on":"2008-01-01","api_last_modified_on":null,"updated_at":"2026-07-25T01:27:52.347112+00:00"},"geometry":{"type":"MultiPolygon","coordinates":[[[[129.323104097,35.639240724],[129.323135247,35.639249133],[129.323304427,35.639373817],[129.323576508,35.639545172],[129.32361023,35.639566146],[129.323931963,35.639698697],[129.324095495,35.639704551],[129.324196884,35.63969899],[129.32443046,35.639607979],[129.324607714,35.639554098],[129.324699859,35.639534298],[129.324748399,35.639533361],[129.32493436,35.639551395],[129.325123884,35.639616214],[129.325329375,35.639698746],[129.325389573,35.639719208],[129.325520584,35.639745511],[129.325726246,35.639757757],[129.325860782,35.639753356],[129.325959213,35.639746525],[129.325682979,35.639940605],[129.32564568,35.639948534],[129.324644785,35.639919208],[129.324523643,35.639928755],[129.324511135,35.639954226],[129.324494319,35.639983385],[129.324483467,35.640142178],[129.324589478,35.640143736],[129.324593397,35.639974263],[129.325656072,35.640002396],[129.325713072,35.63998868],[129.326033087,35.639757236],[129.326083259,35.639736443],[129.325984579,35.639744117],[129.326107372,35.639730571],[129.326236712,35.639699238],[129.32651162,35.63966329],[129.326656926,35.63964967],[129.326734148,35.639648177],[129.327069411,35.639638093],[129.327256429,35.639616457],[129.327252759,35.639566069],[129.326961938,35.639586108],[129.326741355,35.639592173],[129.326639862,35.639594135],[129.326327656,35.639638012],[129.32610061,35.639649607],[129.325939284,35.639643714],[129.325921411,35.639712539],[129.325802476,35.639722045],[129.325619139,35.639718378],[129.325503991,35.639706186],[129.325357327,35.639672977],[129.325151836,35.639590445],[129.32494876,35.639515075],[129.324789172,35.639492927],[129.324630731,35.639510404],[129.324453321,35.639558882],[129.324169364,35.639663479],[129.324098917,35.639670245],[129.323939745,35.639662505],[129.323633665,35.63953686],[129.323343672,35.639356841],[129.323158735,35.639221649],[129.323120914,35.639211566],[129.323104097,35.639240724]]]]}},{"type":"Feature","id":"0a7f7cc6dba84f88d41c69bd8cd75ce0b59aa450d59b6510eed9249bbf47096f","properties":{"zone_group_id":"312002028603","source_manage_no":"312002028603","facility_name":"병영자연요양원","facility_type_code":"2","sgg_code":"31200","api_first_registered_on":null,"api_last_modified_on":"2025-03-20","updated_at":"2026-07-25T01:27:52.347112+00:00"},"geometry":{"type":"MultiPolygon","coordinates":[[[[129.372335174,35.577923699],[129.372556928,35.577869774],[129.372743654,35.577843571],[129.372958136,35.577823578],[129.373250178,35.577815573],[129.373542951,35.577832331],[129.373580862,35.577622091],[129.373389919,35.577598822],[129.373025764,35.57759248],[129.372695674,35.577619254],[129.372352869,35.577682321],[129.372335174,35.577923699]]]]}},{"type":"Feature","id":"6ed8260cf3d98f0aa6f56b8773e517b6554d96429ec3c36dea59660c692c299b","properties":{"zone_group_id":"312002011878","source_manage_no":"312002011878","facility_name":"북구노인복지회관","facility_type_code":"2","sgg_code":"31200","api_first_registered_on":"2009-03-05","api_last_modified_on":null,"updated_at":"2026-07-25T01:27:52.347112+00:00"},"geometry":{"type":"MultiPolygon","coordinates":[[[[129.353251644,35.63125404],[129.353302997,35.631311604],[129.353356854,35.631235625],[129.353102885,35.631609902],[129.353180094,35.631644919],[129.354271366,35.630085275],[129.354175892,35.630028574],[129.353361145,35.631229301],[129.352969414,35.6310388],[129.352927008,35.631098197],[129.353251644,35.63125404]]],[[[129.354454738,35.632291497],[129.355198369,35.631199529],[129.355083024,35.631146324],[129.354331553,35.632230833],[129.354454738,35.632291497]]]]}},{"type":"Feature","id":"25f54f5e078a54e57dbdbe33bb2e4acdc847b4526a56bc32615c9965a458d44f","properties":{"zone_group_id":"312003028590","source_manage_no":"312003028590","facility_name":"북구장애인복지관","facility_type_code":"3","sgg_code":"31200","api_first_registered_on":null,"api_last_modified_on":"2025-03-20","updated_at":"2026-07-25T01:27:52.347112+00:00"},"geometry":{"type":"MultiPolygon","coordinates":[[[[129.352554433,35.608623353],[129.35257807,35.608676954],[129.352856893,35.608590413],[129.353022303,35.608587181],[129.353149117,35.608584703],[129.353323971,35.608527224],[129.353392351,35.608413257],[129.353467299,35.608335204],[129.353570079,35.608265617],[129.353701219,35.608222507],[129.354014044,35.608166835],[129.354079812,35.608152034],[129.354161578,35.608024289],[129.354258645,35.607948055],[129.354386895,35.607900496],[129.354430938,35.607897382],[129.354814506,35.608561162],[129.354948318,35.608797323],[129.355063048,35.608759037],[129.354819593,35.608358327],[129.354556431,35.607849877],[129.354300238,35.607390847],[129.353909084,35.606844349],[129.353729776,35.606937958],[129.353973721,35.607167462],[129.354395877,35.607830489],[129.354113524,35.607984681],[129.353995656,35.608104121],[129.353793103,35.608157638],[129.353530428,35.60823035],[129.353389712,35.608323204],[129.353310701,35.608450894],[129.353218816,35.608515763],[129.352999325,35.608556094],[129.352817111,35.608550643],[129.352554433,35.608623353]]]]}},{"type":"Feature","id":"a393141975ffc882b92de8dcf3be97d12bcc3ab1b647ccfd070386b62c45fbea","properties":{"zone_group_id":"312002028575","source_manage_no":"312002028575","facility_name":"북정자경로당","facility_type_code":"2","sgg_code":"31200","api_first_registered_on":null,"api_last_modified_on":"2025-03-17","updated_at":"2026-07-25T01:27:52.347112+00:00"},"geometry":{"type":"MultiPolygon","coordinates":[[[[129.450363986,35.618531265],[129.450540879,35.618542307],[129.450554497,35.618491347],[129.450381121,35.618459961],[129.450363986,35.618531265]]]]}},{"type":"Feature","id":"3a69092dbd3a0b66765e894db73ca06333c04bef97afaecf1ef324284f90104c","properties":{"zone_group_id":"312001028608","source_manage_no":"312001028608","facility_name":"사청경로당","facility_type_code":"2","sgg_code":"31200","api_first_registered_on":null,"api_last_modified_on":"2025-03-20","updated_at":"2026-07-25T01:27:52.347112+00:00"},"geometry":{"type":"MultiPolygon","coordinates":[[[[129.364086109,35.589564959],[129.364088228,35.589637001],[129.365122252,35.589632472],[129.365120132,35.589091886],[129.365100721,35.588900795],[129.365097528,35.588511155],[129.364976193,35.588511285],[129.364974866,35.588934802],[129.364997604,35.589051492],[129.364996927,35.589215946],[129.36502266,35.589246977],[129.365022739,35.589530805],[129.364984749,35.589551825],[129.364086109,35.589564959]]]]}},{"type":"Feature","id":"fe9d170ac7019d5bc04312aeff17eca5f964fb5a16813736d5a33a12ede6ab6c","properties":{"zone_group_id":"312001023181","source_manage_no":"312001023181","facility_name":"상안유치원","facility_type_code":"1","sgg_code":"31200","api_first_registered_on":null,"api_last_modified_on":null,"updated_at":"2026-07-25T01:27:52.347112+00:00"},"geometry":{"type":"MultiPolygon","coordinates":[[[[129.330287096,35.627366656],[129.330325636,35.627363657],[129.330363195,35.627326888],[129.330458989,35.627300255],[129.330602184,35.627290726],[129.330974918,35.627204669],[129.331282059,35.627140154],[129.331355923,35.627118451],[129.331417319,35.627047431],[129.331551477,35.626821824],[129.331579913,35.626755947],[129.331719706,35.626629346],[129.331795673,35.626585075],[129.331850168,35.626561493],[129.331906571,35.626508591],[129.332034634,35.626168218],[129.332086382,35.626050079],[129.332178043,35.62597622],[129.332246064,35.625943366],[129.332397472,35.625836812],[129.332472392,35.625756519],[129.332493535,35.625724573],[129.332416889,35.625365639],[129.332349542,35.625231786],[129.332264333,35.625147837],[129.332069622,35.62499843],[129.332039944,35.625021531],[129.332285467,35.625210501],[129.332366077,35.625326076],[129.332421403,35.625520982],[129.332457819,35.62572977],[129.332242456,35.625914151],[129.332130708,35.625961368],[129.332036944,35.626057794],[129.331927464,35.626373029],[129.331859629,35.626507247],[129.331816555,35.626544123],[129.331707629,35.626593538],[129.3315463,35.626738577],[129.331365253,35.627059702],[129.331314103,35.627103492],[129.330938351,35.627180598],[129.330581966,35.627259581],[129.330438902,35.627273613],[129.330337658,35.627302604],[129.330287096,35.627366656]]]]}},{"type":"Feature","id":"fe3d48c26d7f777132eff67e30b09328ff7c0cb9d9dc4b169046aeb75f6796a9","properties":{"zone_group_id":"312001011830","source_manage_no":"312001011870","facility_name":"상안초등학교","facility_type_code":"1","sgg_code":"31200","api_first_registered_on":"2006-01-01","api_last_modified_on":null,"updated_at":"2026-07-25T01:27:52.347112+00:00"},"geometry":{"type":"MultiPolygon","coordinates":[[[[129.32838443,35.633511205],[129.328246733,35.632703331],[129.32835515,35.632597208],[129.331537718,35.632067075],[129.331653702,35.632111644],[129.331654461,35.632113939],[129.332328956,35.633751593],[129.332486964,35.633719699],[129.331434817,35.630936018],[129.331384835,35.630735152],[129.331430038,35.630467566],[129.331514305,35.630328975],[129.331344339,35.630252974],[129.331235063,35.630442508],[129.331205416,35.630637708],[129.331228925,35.630839088],[129.331325332,35.631118348],[129.331564555,35.631841983],[129.331505955,35.631923522],[129.32832628,35.632458103],[129.32819727,35.632386262],[129.328218906,35.632540064],[129.328191559,35.632379614],[129.328048684,35.631390792],[129.3277252,35.631426763],[129.328059866,35.633546765],[129.32838443,35.633511205]]],[[[129.325856149,35.63405213],[129.325336005,35.633193878],[129.32534596,35.633208382],[129.325367941,35.633109968],[129.327787341,35.632712934],[129.327848338,35.632723018],[129.327890291,35.63274248],[129.32792686,35.632766552],[129.32786966,35.632411744],[129.327842794,35.632484347],[129.327769021,35.632509426],[129.327770988,35.632529661],[129.325281458,35.632982113],[129.325190454,35.632953712],[129.324605577,35.631988616],[129.324407664,35.632068556],[129.325658232,35.634132072],[129.325856149,35.63405213]]],[[[129.335015701,35.633230968],[129.33501212,35.633246752],[129.335016094,35.633244476],[129.335015701,35.633230968]]],[[[129.332410248,35.633966266],[129.332579396,35.633899916],[129.333419074,35.633739478],[129.334780752,35.633501333],[129.334858492,35.633517847],[129.334932551,35.633597505],[129.33496925,35.633435731],[129.334933993,35.633647034],[129.334827458,35.634158192],[129.334694392,35.634705905],[129.334601768,35.635315908],[129.334510885,35.635416785],[129.33386447,35.635960935],[129.333715402,35.636148539],[129.333148012,35.636943446],[129.332804025,35.637450193],[129.332571936,35.637819614],[129.332454237,35.63813726],[129.332331771,35.63886047],[129.33230897,35.639025353],[129.332508326,35.639048522],[129.332662772,35.638286398],[129.332820014,35.637810302],[129.333545681,35.63676454],[129.333921838,35.636225631],[129.334060529,35.636060754],[129.334696306,35.635530325],[129.334792442,35.635420336],[129.334862846,35.635184698],[129.334951787,35.63463784],[129.335132799,35.633841409],[129.33519584,35.63373206],[129.335201748,35.633745462],[129.33521341,35.633704678],[129.335470969,35.633514978],[129.335791661,35.633346568],[129.33611327,35.633209677],[129.336444204,35.633014035],[129.336501989,35.632913799],[129.336942049,35.632675491],[129.337222678,35.632647518],[129.337225045,35.632539346],[129.336981845,35.632526046],[129.33679038,35.632583825],[129.336567527,35.632700781],[129.336242372,35.632905321],[129.335764226,35.633162386],[129.335428178,35.633182421],[129.335355036,35.633134282],[129.335351502,35.633147568],[129.335344981,35.632219915],[129.33511872,35.632219798],[129.335113705,35.632616356],[129.335116325,35.63270641],[129.335127463,35.633089138],[129.335008914,35.633260884],[129.33501212,35.633246752],[129.334950957,35.633281781],[129.334401641,35.633369022],[129.331360997,35.633941536],[129.331422563,35.6341611],[129.332410248,35.633966266]]]]}},{"type":"Feature","id":"fdfa1972434c76575698b68b755211e6263d45def479dfee7c0267248bfcc987","properties":{"zone_group_id":"312001011871","source_manage_no":"312001011871","facility_name":"새싹유치원","facility_type_code":"1","sgg_code":"31200","api_first_registered_on":"2008-01-01","api_last_modified_on":null,"updated_at":"2026-07-25T01:27:52.347112+00:00"},"geometry":{"type":"MultiPolygon","coordinates":[[[[129.351862149,35.632836395],[129.351922032,35.632846038],[129.352458673,35.63300495],[129.35282407,35.633120352],[129.353024947,35.633195718],[129.353110787,35.633262519],[129.353391203,35.633415622],[129.353605687,35.633503336],[129.353855259,35.633583155],[129.354298577,35.633796143],[129.354496668,35.633851738],[129.354802876,35.633980906],[129.355167766,35.634153977],[129.355431227,35.634330833],[129.355479129,35.634308271],[129.355231586,35.634147322],[129.355105874,35.634075896],[129.354924479,35.633987538],[129.354714299,35.633896138],[129.354504436,35.633815544],[129.354321787,35.633759647],[129.354165084,35.633685222],[129.353880518,35.633541213],[129.353617815,35.633465255],[129.353394348,35.63337231],[129.353201292,35.633262553],[129.353131739,35.633224266],[129.353066282,35.633175087],[129.353003243,35.633133069],[129.352856001,35.633080082],[129.352394895,35.632937717],[129.351864196,35.632784918],[129.351862149,35.632836395]]]]}},{"type":"Feature","id":"e31d17b90cac075e1e873983312b1c13289d1297d82dbeec5d4de4f0fd68036f","properties":{"zone_group_id":"312002028577","source_manage_no":"312002028577","facility_name":"성혜경로당","facility_type_code":"2","sgg_code":"31200","api_first_registered_on":null,"api_last_modified_on":"2025-03-17","updated_at":"2026-07-25T01:27:52.347112+00:00"},"geometry":{"type":"MultiPolygon","coordinates":[[[[129.34493481,35.596179662],[129.344946001,35.596232381],[129.345079425,35.596220773],[129.345203957,35.596235243],[129.345208126,35.596283593],[129.345171839,35.596457752],[129.345110148,35.596470216],[129.345196782,35.596556382],[129.345253615,35.596519233],[129.345249609,35.596429206],[129.345362384,35.596182601],[129.345215176,35.596147172],[129.34493481,35.596179662]]]]}},{"type":"Feature","id":"966c1b3265ece0fc06fbda5d1d03d5dbe3ec4f1e452584e1b2a7492acf1147c1","properties":{"zone_group_id":"312001011882","source_manage_no":"312001011883","facility_name":"송정유치원","facility_type_code":"1","sgg_code":"31200","api_first_registered_on":"1999-01-01","api_last_modified_on":null,"updated_at":"2026-07-25T01:27:52.347112+00:00"},"geometry":{"type":"MultiPolygon","coordinates":[[[[129.363780059,35.591738089],[129.364856105,35.591122278],[129.364957276,35.591045956],[129.365233062,35.590929036],[129.36551316,35.590747832],[129.365695377,35.590614165],[129.365792114,35.590527792],[129.365914681,35.590405433],[129.366078051,35.590123464],[129.366117215,35.589908133],[129.366123864,35.589080167],[129.36588582,35.589085406],[129.365898678,35.589557357],[129.365900957,35.589950957],[129.365781618,35.59025318],[129.365547382,35.590481633],[129.365061757,35.590777533],[129.364629468,35.591023389],[129.364334859,35.591156726],[129.363984726,35.591365489],[129.363920055,35.591434618],[129.363601072,35.591630097],[129.363780059,35.591738089]]],[[[129.364208835,35.592602984],[129.364411798,35.592541559],[129.364632472,35.592449375],[129.364889161,35.592315937],[129.364907846,35.592247992],[129.365464355,35.592041087],[129.36576345,35.59201325],[129.366533151,35.591741333],[129.366972278,35.591411707],[129.367431492,35.591272594],[129.367589867,35.59124245],[129.368478893,35.591230041],[129.368485798,35.591164042],[129.368497515,35.591218553],[129.368723757,35.591175246],[129.368621579,35.590866395],[129.368464832,35.590600853],[129.368416569,35.590507193],[129.368416247,35.590426105],[129.368449796,35.590371383],[129.368438194,35.590258417],[129.368412832,35.589748699],[129.368434529,35.589572568],[129.368427785,35.589413892],[129.368421719,35.589067672],[129.368316198,35.589066368],[129.368349502,35.589635061],[129.368340777,35.589900477],[129.368350497,35.590440913],[129.368348901,35.590527107],[129.368470208,35.591091507],[129.367565067,35.591102712],[129.367369683,35.591140342],[129.367244481,35.591173213],[129.366975624,35.591244385],[129.366784344,35.5913512],[129.366444867,35.591623115],[129.365709911,35.591880834],[129.365645679,35.591877027],[129.365644557,35.591877114],[129.364953403,35.591101784],[129.364975461,35.591043064],[129.364860068,35.591128113],[129.364928751,35.591212928],[129.364957915,35.591219958],[129.365039051,35.591306216],[129.365114522,35.591375692],[129.365531311,35.591832954],[129.365530014,35.591859166],[129.36549852,35.59188848],[129.365312039,35.591925816],[129.364496525,35.592257756],[129.364376369,35.592391892],[129.364180005,35.592466704],[129.364070394,35.592467166],[129.36395812,35.592447406],[129.364004232,35.592608689],[129.364208835,35.592602984]]],[[[129.366304345,35.590960088],[129.366671442,35.591380309],[129.36667114,35.591440291],[129.366773145,35.591357193],[129.366708665,35.591344944],[129.366438682,35.591026717],[129.366179022,35.59074292],[129.365929039,35.590471604],[129.365913813,35.590411082],[129.365822517,35.59050664],[129.365884282,35.59049698],[129.366304345,35.590960088]]]]}},{"type":"Feature","id":"2d3ad7f931b0ad4ae4897dad5051106e1372a199f070b996e91fab790acf431c","properties":{"zone_group_id":"312002028569","source_manage_no":"312002028569","facility_name":"수동경로당","facility_type_code":"2","sgg_code":"31200","api_first_registered_on":null,"api_last_modified_on":"2025-03-17","updated_at":"2026-07-25T01:27:52.347112+00:00"},"geometry":{"type":"MultiPolygon","coordinates":[[[[129.359010828,35.625089777],[129.359315221,35.625214464],[129.359503617,35.625241183],[129.359428737,35.625509584],[129.359506474,35.625526081],[129.359539188,35.625465746],[129.359576456,35.625231871],[129.360145936,35.625411055],[129.36016966,35.625373422],[129.359583338,35.625184431],[129.359318001,35.625168231],[129.359131303,35.625105437],[129.359036031,35.625055494],[129.359010828,35.625089777]]]]}},{"type":"Feature","id":"cbd6af26bbeb17ea8ae2a1d9bc8e838be263b1a99b3cce208330c9ae8b5ff5e1","properties":{"zone_group_id":"312002028570","source_manage_no":"312002028570","facility_name":"수성경로당","facility_type_code":"2","sgg_code":"31200","api_first_registered_on":null,"api_last_modified_on":"2025-03-17","updated_at":"2026-07-25T01:27:52.347112+00:00"},"geometry":{"type":"MultiPolygon","coordinates":[[[[129.35920635,35.626978135],[129.359478985,35.627148496],[129.359513531,35.627197376],[129.359380952,35.627380183],[129.359453507,35.627408045],[129.359562923,35.627282007],[129.359617278,35.627253911],[129.359713987,35.627258774],[129.359811491,35.627290652],[129.359872265,35.627199356],[129.35926194,35.626898205],[129.35920635,35.626978135]]]]}},{"type":"Feature","id":"f7e5686db8e9cdeee911c48fc3b9537267a4c6f4c49b64fdcc6a5d825e200d81","properties":{"zone_group_id":"312002030005","source_manage_no":"312002030005","facility_name":"시장2리경로당","facility_type_code":"2","sgg_code":"31200","api_first_registered_on":null,"api_last_modified_on":"2026-03-29","updated_at":"2026-07-25T01:27:52.347112+00:00"},"geometry":{"type":"MultiPolygon","coordinates":[[[[129.353203353,35.626089883],[129.353254169,35.626119582],[129.35335153,35.62618127],[129.353375638,35.626198792],[129.353382316,35.626213319],[129.353408233,35.626240688],[129.35343203,35.626269774],[129.353540718,35.626354834],[129.353590231,35.626380446],[129.353645964,35.626402321],[129.353767902,35.626437337],[129.353885002,35.626472297],[129.353955214,35.626497821],[129.354015617,35.626522654],[129.35403417,35.626530657],[129.35403718,35.62652866],[129.354044084,35.626521858],[129.35404923,35.626514086],[129.354052421,35.626505644],[129.354053367,35.626498164],[129.354035865,35.626490608],[129.353974135,35.626465229],[129.353901581,35.626438856],[129.353782808,35.626403406],[129.353662907,35.626368977],[129.353611685,35.626348875],[129.353568081,35.626326308],[129.35346607,35.626246465],[129.353447348,35.626223592],[129.353436167,35.626176551],[129.35343191,35.62616729],[129.353393903,35.626139659],[129.353293764,35.626076222],[129.353249049,35.626050085],[129.35324093,35.626051562],[129.35323103,35.626055129],[129.353222173,35.626060204],[129.353214699,35.626066592],[129.353208895,35.626074048],[129.353204984,35.626082286],[129.353203353,35.626089883]]]]}},{"type":"Feature","id":"6fe471ec5c02a0f813034b4d5db88bdc3e4a496c84cdab29ccea0807fb724acd","properties":{"zone_group_id":"312002028576","source_manage_no":"312002028576","facility_name":"신명경로당","facility_type_code":"2","sgg_code":"31200","api_first_registered_on":null,"api_last_modified_on":"2025-03-17","updated_at":"2026-07-25T01:27:52.347112+00:00"},"geometry":{"type":"MultiPolygon","coordinates":[[[[129.440124971,35.6427738],[129.440179301,35.64310833],[129.440319928,35.643558243],[129.440531833,35.644083298],[129.440729831,35.644514027],[129.440941777,35.644858876],[129.441141596,35.644805268],[129.440874784,35.64438044],[129.440555579,35.643594012],[129.440443812,35.643276414],[129.440353597,35.642760155],[129.440124971,35.6427738]]]]}},{"type":"Feature","id":"ab94957b814dab19f9779bd187c16e0a27736433759979119eaa40ded9f7e519","properties":{"zone_group_id":"312002011835","source_manage_no":"312002011835","facility_name":"신전경로당","facility_type_code":"2","sgg_code":"31200","api_first_registered_on":"2018-10-01","api_last_modified_on":null,"updated_at":"2026-07-25T01:27:52.347112+00:00"},"geometry":{"type":"MultiPolygon","coordinates":[[[[129.389399268,35.536443991],[129.389439318,35.536459094],[129.389608744,35.536158943],[129.389568694,35.536143839],[129.389399268,35.536443991]]]]}},{"type":"Feature","id":"944089ac9e732c5659db2fddfb351bdbf2ad71e8da6c462f6b731857d563c9fc","properties":{"zone_group_id":"312001011840","source_manage_no":"312001011840","facility_name":"신천초등학교","facility_type_code":"1","sgg_code":"31200","api_first_registered_on":"2005-01-01","api_last_modified_on":null,"updated_at":"2026-07-25T01:27:52.347112+00:00"},"geometry":{"type":"MultiPolygon","coordinates":[[[[129.34630165,35.632759267],[129.347382065,35.633170708],[129.347971657,35.633404296],[129.348461453,35.633697494],[129.348797007,35.633976048],[129.348425538,35.634603303],[129.348643707,35.634703839],[129.348982962,35.634143283],[129.348983966,35.634144227],[129.349005787,35.634106835],[129.348973966,35.634163246],[129.349093116,35.634312297],[129.350175454,35.635541822],[129.350371164,35.635440689],[129.349426468,35.634388688],[129.34907612,35.633986314],[129.349182012,35.63380486],[129.349690207,35.632961679],[129.349849345,35.632813216],[129.349672462,35.632638353],[129.349493338,35.632846362],[129.348914568,35.633796614],[129.348720304,35.633641986],[129.348341552,35.633371852],[129.34786668,35.63313603],[129.346938072,35.632782905],[129.346384734,35.632581043],[129.34630165,35.632759267]],[[129.348804086,35.633974261],[129.348832797,35.633930869],[129.348805536,35.633975626],[129.348804086,35.633974261]]]]}},{"type":"Feature","id":"89bd921c9d88d0b194c58c019d3ff29f3899be0784a6472e6a41f246640d3ed5","properties":{"zone_group_id":"312003030004","source_manage_no":"312003030004","facility_name":"아나율장애인보호작업장","facility_type_code":"3","sgg_code":"31200","api_first_registered_on":"2026-03-24","api_last_modified_on":"2026-03-29","updated_at":"2026-07-25T01:27:52.347112+00:00"},"geometry":{"type":"MultiPolygon","coordinates":[[[[129.333985006,35.628749669],[129.333985905,35.628758473],[129.333988891,35.628766965],[129.333993849,35.628774818],[129.334000587,35.628781731],[129.334008849,35.628787437],[129.334018315,35.628791718],[129.334028622,35.628794409],[129.334039374,35.628795406],[129.334050157,35.628794672],[129.334052293,35.628794352],[129.334993344,35.628653446],[129.33503727,35.62865657],[129.335259266,35.628672361],[129.335330371,35.628677419],[129.33573439,35.628754377],[129.335745119,35.628755532],[129.335755917,35.628754955],[129.33576637,35.62875267],[129.335776076,35.628748763],[129.335784662,35.628743386],[129.335791798,35.628736745],[129.335797209,35.628729094],[129.335800689,35.628720729],[129.335802103,35.62871197],[129.335801397,35.628703154],[129.335798597,35.62869462],[129.335793813,35.628686696],[129.335787226,35.628679686],[129.335779091,35.62867386],[129.335769721,35.628669441],[129.335759474,35.628666601],[129.335351624,35.628588912],[129.335343873,35.628587904],[129.335260307,35.62858196],[129.335042164,35.628566443],[129.334995505,35.628563123],[129.334980755,35.628563693],[129.334030243,35.628706016],[129.334019841,35.628708454],[129.334010223,35.628712501],[129.334001756,35.628718003],[129.334000686,35.628719036],[129.333994767,35.628724748],[129.333989523,35.628732476],[129.333986227,35.628740891],[129.333985006,35.628749669]]]]}},{"type":"Feature","id":"4a9ec3fdb32a6cf39909b8cce0201bfebb700d449ee58734b541205ab250f767","properties":{"zone_group_id":"312002011855","source_manage_no":"312002011855","facility_name":"약수경로당","facility_type_code":"2","sgg_code":"31200","api_first_registered_on":"2011-05-23","api_last_modified_on":null,"updated_at":"2026-07-25T01:27:52.347112+00:00"},"geometry":{"type":"MultiPolygon","coordinates":[[[[129.346583648,35.647796687],[129.346674998,35.64780617],[129.346772852,35.647849314],[129.346894419,35.647948311],[129.346989383,35.647987007],[129.347058865,35.648003673],[129.347074905,35.648174558],[129.347069868,35.648379644],[129.347017933,35.648491034],[129.346992525,35.648565865],[129.346992393,35.648561363],[129.346959171,35.648652114],[129.346943479,35.648681704],[129.346849329,35.64880591],[129.346885642,35.648826438],[129.346948213,35.64874919],[129.346995621,35.648671677],[129.347000215,35.648640051],[129.347111242,35.648378837],[129.347118387,35.648245794],[129.34710984,35.648142341],[129.347106545,35.648029775],[129.347119677,35.648006992],[129.347281159,35.647961044],[129.34757221,35.647910316],[129.347695274,35.647871875],[129.347794757,35.647782083],[129.347739527,35.647780907],[129.347672088,35.647834033],[129.347592957,35.64786486],[129.347343148,35.647910278],[129.34711547,35.647957517],[129.347035416,35.647956825],[129.346935001,35.647920489],[129.346799577,35.647819509],[129.346690295,35.647763072],[129.346590539,35.647749248],[129.346583648,35.647796687]]]]}},{"type":"Feature","id":"2ff9788605d3ef2cf8bb7ad4a02dea07c4d2cf8fe8a2146d3b4ede6567cd775f","properties":{"zone_group_id":"312001029551","source_manage_no":"312001029551","facility_name":"약수초등학교","facility_type_code":"1","sgg_code":"31200","api_first_registered_on":null,"api_last_modified_on":"2025-09-17","updated_at":"2026-07-25T01:27:52.347112+00:00"},"geometry":{"type":"MultiPolygon","coordinates":[[[[129.351981883,35.649459338],[129.352176011,35.649362022],[129.353090131,35.648877664],[129.35431623,35.648233392],[129.354534724,35.648131933],[129.354500213,35.648090588],[129.354501075,35.648090337],[129.353364774,35.646645475],[129.35340031,35.646516327],[129.353066047,35.646728219],[129.353169013,35.646745643],[129.354209886,35.64807744],[129.354190554,35.648178836],[129.353197545,35.64869387],[129.353063857,35.648758175],[129.351965625,35.649340216],[129.351918423,35.649389309],[129.351981883,35.649459338]]],[[[129.353349433,35.649144011],[129.353419335,35.649198421],[129.353479135,35.649225985],[129.353571198,35.649259678],[129.353605344,35.649329999],[129.353499959,35.649688688],[129.353466461,35.649922589],[129.353486018,35.650201087],[129.35355024,35.650555615],[129.353771393,35.65054453],[129.353738029,35.650359826],[129.353697709,35.650079198],[129.353702015,35.649802769],[129.35383175,35.649374587],[129.353884622,35.649360032],[129.353909765,35.649229396],[129.353728935,35.649133211],[129.353676779,35.649154513],[129.353501864,35.649083565],[129.353295489,35.64882224],[129.35330533,35.648769652],[129.35310858,35.648871529],[129.353155397,35.64887991],[129.353349433,35.649144011]]],[[[129.349063836,35.653420227],[129.349095708,35.653412985],[129.349483872,35.653379212],[129.349621691,35.653367225],[129.35016367,35.653325799],[129.351569578,35.653198338],[129.351597801,35.653195456],[129.351640259,35.653208648],[129.351709593,35.653243632],[129.351744998,35.653321534],[129.351665342,35.653710988],[129.351631119,35.653920394],[129.351543075,35.654376774],[129.351525154,35.654577411],[129.35154096,35.65483401],[129.351629338,35.655541739],[129.351794683,35.655533015],[129.351794615,35.655532557],[129.351840887,35.655479153],[129.352214062,35.655481016],[129.352672556,35.655480507],[129.352784664,35.655526908],[129.353045014,35.655704781],[129.353050457,35.655766789],[129.353156476,35.655588092],[129.353104461,35.655596715],[129.352821772,35.655415898],[129.352819312,35.655367353],[129.352379624,35.655373835],[129.352369032,35.655373826],[129.352340983,35.655338533],[129.352326272,35.65453725],[129.35235954,35.654507022],[129.352382396,35.654509955],[129.352386935,35.654417751],[129.352336194,35.654381559],[129.352406832,35.65401315],[129.35240854,35.654013516],[129.352435949,35.653995233],[129.352441084,35.653993865],[129.352610038,35.65400831],[129.352674007,35.654054385],[129.352697779,35.654082653],[129.352783417,35.654108868],[129.352853441,35.654132007],[129.352916539,35.654130773],[129.352984661,35.654124371],[129.353145971,35.654084033],[129.353456688,35.653968097],[129.353711342,35.653881566],[129.353819325,35.653875651],[129.354010024,35.653937417],[129.354056603,35.653972845],[129.354068079,35.654028819],[129.354159025,35.653989011],[129.35407266,35.653902811],[129.353983422,35.653859766],[129.353913473,35.653839162],[129.353811457,35.653819184],[129.353732769,35.653818188],[129.353674131,35.65383032],[129.353055281,35.654044397],[129.352948766,35.654065071],[129.352834821,35.654061805],[129.352808044,35.65403106],[129.35279107,35.654023473],[129.35280611,35.65402983],[129.352803362,35.653883261],[129.352797245,35.653498441],[129.352787188,35.653314407],[129.352773916,35.653197199],[129.352750768,35.653078493],[129.35276729,35.653059578],[129.352642502,35.653074694],[129.352652963,35.653113786],[129.352676037,35.653229958],[129.352687549,35.653357764],[129.352684207,35.653667133],[129.352692388,35.65398117],[129.352330452,35.653927152],[129.35232001,35.653994541],[129.352329373,35.653996548],[129.352316545,35.653994046],[129.352256594,35.654384805],[129.352246623,35.654538806],[129.35224477,35.65533999],[129.352206429,35.655373698],[129.352206653,35.655373702],[129.351824847,35.655373408],[129.351765851,35.655320475],[129.351791415,35.655511111],[129.351763336,35.655322918],[129.351704669,35.654746021],[129.351739134,35.654549654],[129.351787878,35.654507065],[129.352200506,35.654495622],[129.352242161,35.654539598],[129.352251934,35.654378839],[129.352210366,35.654408385],[129.351798748,35.654418963],[129.351769502,35.65437705],[129.351968748,35.653328148],[129.352007274,35.65323021],[129.352060462,35.653173394],[129.352123794,35.653141739],[129.352183552,35.653135636],[129.352766982,35.653054936],[129.353188583,35.652996834],[129.353451972,35.652943514],[129.353517453,35.652917726],[129.353532331,35.652930957],[129.353680822,35.652841854],[129.353790031,35.652754364],[129.353861687,35.652692116],[129.353967439,35.652557369],[129.354046321,35.652423992],[129.354062913,35.652389864],[129.354097501,35.652193126],[129.354091483,35.65202338],[129.354054835,35.651891417],[129.35400984,35.651768914],[129.353779037,35.650546353],[129.353548574,35.65055762],[129.353638007,35.650995319],[129.353765839,35.651659879],[129.353753521,35.651769137],[129.35380944,35.652087489],[129.353811621,35.652161814],[129.353773727,35.652328193],[129.353708068,35.652453706],[129.353609036,35.652570575],[129.353512902,35.652645132],[129.353450995,35.652686907],[129.353319494,35.652755395],[129.353178924,35.652797018],[129.352184138,35.652920408],[129.352094239,35.652890051],[129.352055812,35.652850237],[129.35204993,35.652850288],[129.352010498,35.652787318],[129.352023279,35.651647038],[129.351994759,35.650709965],[129.351946383,35.650472031],[129.352030428,35.650373485],[129.351936848,35.650252775],[129.351741134,35.649966732],[129.351664829,35.649905685],[129.351471186,35.649619601],[129.350367479,35.648202949],[129.350243074,35.648266224],[129.351700366,35.650176407],[129.35181446,35.65048489],[129.351817191,35.650542726],[129.351764582,35.650736857],[129.351758899,35.651207685],[129.351759373,35.651682618],[129.351738319,35.652858554],[129.351741453,35.652858518],[129.35165597,35.652979743],[129.351576229,35.653013414],[129.350628652,35.653099812],[129.350432564,35.653118853],[129.349924537,35.653159195],[129.349019283,35.653241937],[129.348974483,35.653231825],[129.349025543,35.653455623],[129.349063836,35.653420227]]]]}},{"type":"Feature","id":"dfc03e8e3cb41e10e7e2cbf160d08339be34dc6651f77d8e0940f852992a4863","properties":{"zone_group_id":"312001011842","source_manage_no":"312001011842","facility_name":"양정초등학교","facility_type_code":"1","sgg_code":"31200","api_first_registered_on":"1996-01-01","api_last_modified_on":null,"updated_at":"2026-07-25T01:27:52.347112+00:00"},"geometry":{"type":"MultiPolygon","coordinates":[[[[129.385241799,35.544835715],[129.384892428,35.546073197],[129.384829739,35.546096963],[129.384990508,35.546127571],[129.38496707,35.54608073],[129.385090566,35.545675961],[129.385169504,35.545750095],[129.385158466,35.54584267],[129.385128239,35.546124846],[129.385172247,35.546121722],[129.385205028,35.545832738],[129.385203948,35.545833665],[129.385213845,35.545758227],[129.385198404,35.545702218],[129.385172545,35.545666688],[129.385178294,35.545637739],[129.385116829,35.54558988],[129.385343908,35.544845596],[129.385336467,35.544844651],[129.385342233,35.544845178],[129.386026903,35.544957771],[129.386046431,35.544872686],[129.386105411,35.544779612],[129.386027428,35.544752322],[129.385940494,35.544869377],[129.385368693,35.544770768],[129.385246798,35.544749753],[129.384743258,35.544647988],[129.384710667,35.544738738],[129.385241799,35.544835715]]],[[[129.384827644,35.546166533],[129.384846113,35.546184492],[129.384548055,35.547195056],[129.384521509,35.547229371],[129.384630808,35.547290282],[129.384612746,35.547238829],[129.384936338,35.546179974],[129.384939704,35.546180387],[129.385218255,35.546186137],[129.385227272,35.54611838],[129.385106269,35.546127533],[129.384971225,35.546127953],[129.384627451,35.546060419],[129.384386064,35.546006627],[129.384364581,35.545932716],[129.384327263,35.546068611],[129.384827644,35.546166533]]]]}},{"type":"Feature","id":"9f1e41482e29139aac12a6a6ad06e605fa29185fe97bcc734931ebb26a77b942","properties":{"zone_group_id":"312001011844","source_manage_no":"312001011844","facility_name":"양정현대유치원","facility_type_code":"1","sgg_code":"31200","api_first_registered_on":"2008-01-01","api_last_modified_on":null,"updated_at":"2026-07-25T01:27:52.347112+00:00"},"geometry":{"type":"MultiPolygon","coordinates":[[[[129.388602745,35.541747086],[129.388763086,35.541751937],[129.388880336,35.541750036],[129.388929056,35.54177231],[129.388958735,35.541762426],[129.388968059,35.541745762],[129.389110546,35.541706176],[129.389213262,35.541684702],[129.389239316,35.541657142],[129.389378162,35.541616783],[129.389377788,35.541615205],[129.389425236,35.54161261],[129.389484845,35.541601287],[129.389526513,35.541612293],[129.38961538,35.541629123],[129.389674467,35.541652459],[129.389934235,35.541733931],[129.389999948,35.541754178],[129.390201016,35.541842729],[129.390201044,35.541842313],[129.390276439,35.541853487],[129.390308778,35.541822986],[129.390403075,35.541744211],[129.39045262,35.541724637],[129.390527911,35.54171934],[129.390630725,35.541718569],[129.390953547,35.541748082],[129.390964063,35.541696181],[129.39078634,35.54168027],[129.39052077,35.541647085],[129.390505013,35.541638524],[129.390429542,35.541672557],[129.39039942,35.541702311],[129.390385463,35.541702165],[129.390295616,35.541756766],[129.390207439,35.541763162],[129.390201261,35.541839132],[129.390206418,35.541763605],[129.390115739,35.541737938],[129.390078945,35.541734442],[129.389995939,35.541688762],[129.38990535,35.541648726],[129.389855951,35.541620973],[129.389573677,35.541512481],[129.389363321,35.54154623],[129.389371886,35.541590293],[129.389361621,35.541546968],[129.389066726,35.54160521],[129.388907966,35.541636245],[129.388645835,35.541684118],[129.388602365,35.541682021],[129.38858584,35.541665024],[129.388563656,35.541753354],[129.388602745,35.541747086]]],[[[129.388992679,35.541988644],[129.389197661,35.541689037],[129.389094788,35.541714504],[129.388939098,35.541966279],[129.388992679,35.541988644]]]]}},{"type":"Feature","id":"48c9c162f95668214a296021e23619d707e3f7b3111c8cb3bfa5f1c0b607386c","properties":{"zone_group_id":"312002011832","source_manage_no":"312002011832","facility_name":"엘림종합복지센터","facility_type_code":"2","sgg_code":"31200","api_first_registered_on":"2015-07-01","api_last_modified_on":null,"updated_at":"2026-07-25T01:27:52.347112+00:00"},"geometry":{"type":"MultiPolygon","coordinates":[[[[129.338150244,35.621608194],[129.338251158,35.621637032],[129.338368538,35.621688815],[129.338523011,35.621782678],[129.33852708,35.621827651],[129.338572771,35.621880827],[129.338731249,35.621922801],[129.338809178,35.621851457],[129.338660155,35.621755236],[129.338379571,35.621593991],[129.338211071,35.621532978],[129.338150244,35.621608194]]]]}},{"type":"Feature","id":"b9ecbb2475af36a1778c901a7303e1ee20cdd4d6bbf22040e16269cdc8324bc6","properties":{"zone_group_id":"312002030006","source_manage_no":"312002030006","facility_name":"연암3통경로당","facility_type_code":"2","sgg_code":"31200","api_first_registered_on":"2026-03-24","api_last_modified_on":"2026-03-29","updated_at":"2026-07-25T01:27:52.347112+00:00"},"geometry":{"type":"MultiPolygon","coordinates":[[[[129.36145943,35.573174797],[129.361467167,35.573227019],[129.361499291,35.573264684],[129.361544631,35.573353337],[129.36156231,35.5734155],[129.361564873,35.573432345],[129.361532472,35.573479159],[129.361515342,35.573529615],[129.361519255,35.573568959],[129.361550057,35.573631992],[129.361597513,35.573722293],[129.361663256,35.573801536],[129.361694526,35.573833586],[129.361732669,35.573864938],[129.361762788,35.573881242],[129.36184021,35.573888735],[129.361902901,35.573887506],[129.361999474,35.573866465],[129.36205634,35.573854651],[129.362140436,35.573854691],[129.362142051,35.573815802],[129.362043273,35.573808728],[129.361986457,35.573822231],[129.361937958,35.573837261],[129.361850241,35.573854749],[129.36178668,35.5738498],[129.361763648,35.573840115],[129.361735888,35.573810249],[129.361668409,35.573742303],[129.36161359,35.573659468],[129.36158205,35.57359476],[129.36156324,35.573541066],[129.361574632,35.57350649],[129.361602917,35.57346032],[129.361609558,35.573451742],[129.361561953,35.573285982],[129.361516515,35.573193952],[129.361529251,35.573158223],[129.361559256,35.573029799],[129.361507963,35.573020104],[129.36145943,35.573174797]]]]}},{"type":"Feature","id":"52b28061f597a35a7e050653271b3680ccb4c929c4bf3138e39eb567e649b772","properties":{"zone_group_id":"312001011847","source_manage_no":"312001011847","facility_name":"연암초등학교","facility_type_code":"1","sgg_code":"31200","api_first_registered_on":"1996-01-01","api_last_modified_on":null,"updated_at":"2026-07-25T01:27:52.347112+00:00"},"geometry":{"type":"MultiPolygon","coordinates":[[[[129.366443269,35.585548673],[129.367954519,35.585551413],[129.368468346,35.585544916],[129.368487664,35.585546216],[129.368538234,35.585595802],[129.368540062,35.586556281],[129.36848278,35.586858356],[129.368567095,35.586874719],[129.36860655,35.586641474],[129.368628922,35.586502273],[129.368633693,35.585556043],[129.368634131,35.585556073],[129.368671082,35.585537326],[129.369577789,35.585537514],[129.369677324,35.585546369],[129.369895493,35.585538473],[129.369960442,35.585571435],[129.369960486,35.585557497],[129.36997296,35.586594723],[129.369966219,35.586515617],[129.369948952,35.586528571],[129.36866279,35.586528638],[129.368631073,35.586500429],[129.368610695,35.586632382],[129.368649851,35.586613591],[129.368755152,35.5865935],[129.369972961,35.586594776],[129.369974478,35.586720892],[129.370208297,35.586719896],[129.370191423,35.584950576],[129.3699532,35.584951658],[129.369959028,35.585436293],[129.369698444,35.58543963],[129.36955051,35.585435332],[129.368683544,35.585436163],[129.368634359,35.585423837],[129.368634401,35.585415505],[129.368543367,35.585395669],[129.368513027,35.585430427],[129.368511304,35.58543054],[129.368489627,35.58544358],[129.366446295,35.58544555],[129.366443269,35.585548673]]]]}},{"type":"Feature","id":"943f8b5426d9ad768b781ab422bcde0ed81144ddc61cdf43841f0f9c0cfc9066","properties":{"zone_group_id":"312001011851","source_manage_no":"312001011851","facility_name":"염포초등학교","facility_type_code":"1","sgg_code":"31200","api_first_registered_on":"2001-01-01","api_last_modified_on":null,"updated_at":"2026-07-25T01:27:52.347112+00:00"},"geometry":{"type":"MultiPolygon","coordinates":[[[[129.390224478,35.534076272],[129.39024385,35.534047618],[129.391479976,35.53457236],[129.391529359,35.534602016],[129.391774994,35.53470707],[129.391835073,35.534725701],[129.39188435,35.534751754],[129.391926963,35.534776138],[129.391976197,35.534726505],[129.391877589,35.534672596],[129.391788759,35.534650932],[129.39152953,35.534533533],[129.391183355,35.534383619],[129.390283475,35.5339996],[129.390248355,35.534040954],[129.391043286,35.532865072],[129.391105198,35.532792323],[129.391112388,35.532779228],[129.391115535,35.532774461],[129.391542836,35.533052828],[129.39162405,35.533050091],[129.391698413,35.533048615],[129.391833868,35.533062822],[129.391925391,35.533082406],[129.391930806,35.533032741],[129.391926035,35.533037132],[129.391610453,35.533009813],[129.39158286,35.532988077],[129.391159135,35.532706216],[129.391142757,35.532734699],[129.391127332,35.532756593],[129.391128211,35.532755261],[129.391160445,35.532703938],[129.391167785,35.532695908],[129.391164192,35.532690911],[129.391164847,35.532689772],[129.391194174,35.532656527],[129.391687093,35.532226634],[129.392577768,35.531596247],[129.392557328,35.531579328],[129.392292508,35.53140931],[129.391447543,35.532047799],[129.391094016,35.532340014],[129.390882701,35.532561338],[129.390728273,35.532743484],[129.389954818,35.533919646],[129.390224478,35.534076272]]],[[[129.391187888,35.534981824],[129.391486746,35.534577632],[129.391412166,35.534545527],[129.391335422,35.534513261],[129.391353452,35.534563587],[129.391375312,35.5346037],[129.39129203,35.534722489],[129.391126775,35.534957787],[129.391187888,35.534981824]]]]}},{"type":"Feature","id":"9e4486f1eb2f4f7e78fcd04811f3495946aea421e22fc18b6e852928241f9ba1","properties":{"zone_group_id":"312001011825","source_manage_no":"312001011825","facility_name":"예솔유치원","facility_type_code":"1","sgg_code":"31200","api_first_registered_on":"2005-01-01","api_last_modified_on":null,"updated_at":"2026-07-25T01:27:52.347112+00:00"},"geometry":{"type":"MultiPolygon","coordinates":[[[[129.353840941,35.555212124],[129.353854472,35.555146984],[129.352218293,35.554924835],[129.352196049,35.554993749],[129.353840941,35.555212124]]],[[[129.352652306,35.55634363],[129.352655488,35.555094709],[129.352700825,35.555061386],[129.352537202,35.555046559],[129.35256271,35.555089312],[129.352570862,35.556348824],[129.352652306,35.55634363]]]]}},{"type":"Feature","id":"08484827dadb799532019200fda8b5668e7f17c92be77bcddd3440b24693e16e","properties":{"zone_group_id":"312001011848","source_manage_no":"312001011848","facility_name":"예지원유치원","facility_type_code":"1","sgg_code":"31200","api_first_registered_on":"2008-01-01","api_last_modified_on":null,"updated_at":"2026-07-25T01:27:52.347112+00:00"},"geometry":{"type":"MultiPolygon","coordinates":[[[[129.363088174,35.58500879],[129.36322877,35.585015283],[129.363305204,35.582512477],[129.363340221,35.582420094],[129.363363653,35.582399601],[129.363427572,35.582322659],[129.363575329,35.582163188],[129.363507532,35.582108203],[129.363346149,35.582246526],[129.3632978,35.582290274],[129.363236929,35.582377068],[129.363192527,35.582461285],[129.363181527,35.582556111],[129.363181352,35.582643967],[129.363156317,35.583293212],[129.363125827,35.583381662],[129.363126011,35.58385696],[129.363110671,35.584179386],[129.363088174,35.58500879]]]]}},{"type":"Feature","id":"946cbbbd6a3fd4cea60b48e580ebf8dc6c198872f63b489e004dece6164c8753","properties":{"zone_group_id":"312002028598","source_manage_no":"312002028598","facility_name":"우가경로당","facility_type_code":"2","sgg_code":"31200","api_first_registered_on":null,"api_last_modified_on":"2025-03-20","updated_at":"2026-07-25T01:27:52.347112+00:00"},"geometry":{"type":"MultiPolygon","coordinates":[[[[129.4625243,35.59487783],[129.462617837,35.595770184],[129.46273339,35.595761064],[129.462628895,35.594871187],[129.4625243,35.59487783]]]]}},{"type":"Feature","id":"5b23e728c6cbd0968cae069d9246690e72cb09fdb6c6fe52b008e0a68d998089","properties":{"zone_group_id":"312002028601","source_manage_no":"312002028601","facility_name":"울산명성노인전문요양원","facility_type_code":"2","sgg_code":"31200","api_first_registered_on":null,"api_last_modified_on":"2025-03-21","updated_at":"2026-07-25T01:27:52.347112+00:00"},"geometry":{"type":"MultiPolygon","coordinates":[[[[129.328951662,35.644554953],[129.328981793,35.644642222],[129.329063041,35.644779186],[129.329137302,35.644865601],[129.329480777,35.645194595],[129.329508352,35.645241366],[129.329520954,35.645295185],[129.329515269,35.645336968],[129.329550563,35.645364443],[129.32959151,35.645349009],[129.329667032,35.645336284],[129.329790494,35.645311369],[129.329860728,35.64530663],[129.329899931,35.645326145],[129.329956467,35.645372356],[129.329995768,35.645395248],[129.330165584,35.645446024],[129.330209022,35.645468835],[129.330269069,35.645540883],[129.330342607,35.645649838],[129.330370673,35.645713494],[129.330408819,35.645791597],[129.330464233,35.645894144],[129.330499696,35.645879942],[129.330452884,35.645788491],[129.33036543,35.645627996],[129.330242185,35.645470446],[129.330177309,35.645422144],[129.330007558,35.64537362],[129.329953976,35.64533411],[129.329919571,35.645289723],[129.329858499,35.64527739],[129.329759468,35.645288317],[129.329647038,35.645313019],[129.329601529,35.645313899],[129.329567875,35.645295403],[129.329557933,35.645238154],[129.329534528,35.645192428],[129.329521495,35.645171281],[129.329434789,35.64508398],[129.329317058,35.644973628],[129.329186196,35.64483875],[129.329115903,35.644793931],[129.329030321,35.644650293],[129.328992315,35.644529387],[129.329081803,35.644427415],[129.329046771,35.644408945],[129.328984145,35.64448562],[129.328951662,35.644554953]]]]}},{"type":"Feature","id":"230b61a3a30bc260750b5109adbf9c01fc2976f31b04611e80ddc4d832b3d4bc","properties":{"zone_group_id":"312002030008","source_manage_no":"312002030008","facility_name":"울산북구노인회관(대한노인회울산북구지회)","facility_type_code":"2","sgg_code":"31200","api_first_registered_on":"2026-03-24","api_last_modified_on":"2026-03-29","updated_at":"2026-07-25T01:27:52.347112+00:00"},"geometry":{"type":"MultiPolygon","coordinates":[[[[129.367562881,35.588686953],[129.367564032,35.588695688],[129.367567236,35.588704074],[129.367572371,35.588711793],[129.367579241,35.588718552],[129.367587587,35.588724093],[129.367597089,35.588728207],[129.367607389,35.588730736],[129.367618093,35.588731586],[129.367660334,35.58873156],[129.368293319,35.588731163],[129.368387482,35.588731103],[129.368398262,35.588730228],[129.368408625,35.588727648],[129.36841817,35.588723465],[129.368426532,35.588717838],[129.368433386,35.588710986],[129.368438468,35.588703171],[129.368441583,35.588694696],[129.368442611,35.588685887],[129.368442535,35.588667091],[129.368442527,35.588665199],[129.368415296,35.588638382],[129.368418898,35.588378437],[129.368416835,35.588377064],[129.368412931,35.588375373],[129.36840728,35.588372925],[129.368396919,35.588370388],[129.368386152,35.588369552],[129.368375392,35.588370447],[129.368365053,35.588373039],[129.368355531,35.58837723],[129.368354544,35.588377896],[129.368347194,35.588382857],[129.368343627,35.588386431],[129.368340555,35.58862985],[129.368332066,35.588636603],[129.368332084,35.588641004],[129.368326528,35.588641008],[129.368294536,35.588666456],[129.367708256,35.588672032],[129.367663367,35.588644978],[129.367658831,35.5884538],[129.367669639,35.58844569],[129.367669294,35.588443084],[129.367666054,35.588434655],[129.367660864,35.588426904],[129.367653923,35.588420129],[129.367645496,35.58841459],[129.367635909,35.588410501],[129.367625529,35.588408018],[129.367614756,35.588407237],[129.367604003,35.588408187],[129.367593684,35.588410833],[129.367584195,35.588415073],[129.367575901,35.588420743],[129.367569121,35.588427626],[129.367564114,35.588435457],[129.367561075,35.588443936],[129.367560118,35.588452736],[129.36756255,35.588658886],[129.367562881,35.588686953]]]]}},{"type":"Feature","id":"675f25269d68163358e65ce793a6952a735288e4222e2ef732eed3adde7730e8","properties":{"zone_group_id":"312001029986","source_manage_no":"312001029986","facility_name":"울산어린이독서체험관","facility_type_code":"1","sgg_code":"31200","api_first_registered_on":"2026-02-19","api_last_modified_on":"2026-03-12","updated_at":"2026-07-25T01:27:52.347112+00:00"},"geometry":{"type":"MultiPolygon","coordinates":[[[[129.453591561,35.581064114],[129.454210998,35.581122452],[129.45464381,35.581164316],[129.454878693,35.581225981],[129.45496646,35.581255728],[129.455039723,35.58130717],[129.455071101,35.581341446],[129.455096209,35.581396122],[129.455149143,35.581549344],[129.455208001,35.581715961],[129.455328474,35.582049138],[129.455523442,35.582609432],[129.455583828,35.582600317],[129.455530858,35.58244597],[129.455392545,35.582025306],[129.45531509,35.581791492],[129.45520037,35.581466081],[129.45514089,35.581324256],[129.455080649,35.58124777],[129.454936394,35.581174122],[129.454722247,35.581114288],[129.45435416,35.581069979],[129.453953418,35.581039849],[129.453608824,35.580997312],[129.453591561,35.581064114]]]]}},{"type":"Feature","id":"74806e73928e2586a7dd9c0ca146c895eb551a6d793e5ca8728efbc83c0c8d47","properties":{"zone_group_id":"312002028578","source_manage_no":"312002028578","facility_name":"원지경로당","facility_type_code":"2","sgg_code":"31200","api_first_registered_on":null,"api_last_modified_on":"2025-03-17","updated_at":"2026-07-25T01:27:52.347112+00:00"},"geometry":{"type":"MultiPolygon","coordinates":[[[[129.362443864,35.608054947],[129.362500626,35.608249811],[129.362564653,35.608363438],[129.362690191,35.608505142],[129.362737997,35.608583046],[129.362789101,35.60872621],[129.362726601,35.608805151],[129.362661662,35.608848099],[129.362646082,35.608881067],[129.362592307,35.609069089],[129.362604692,35.609115024],[129.362715081,35.60930433],[129.362727247,35.609389691],[129.362809025,35.60935655],[129.362761331,35.609329328],[129.362703333,35.609186299],[129.362682624,35.609185579],[129.362636648,35.609076103],[129.362679395,35.608888298],[129.362829419,35.608783987],[129.362868432,35.608750559],[129.362791423,35.608570734],[129.362576881,35.608310262],[129.362513019,35.608202263],[129.362489529,35.608106988],[129.362490862,35.608058531],[129.362443864,35.608054947]]]]}},{"type":"Feature","id":"29632d95235fbd018d4ebef7acff5836592f78230a79564152657f64b5dc87fa","properties":{"zone_group_id":"312001011857","source_manage_no":"312001011857","facility_name":"월성유치원","facility_type_code":"1","sgg_code":"31200","api_first_registered_on":"2008-01-01","api_last_modified_on":null,"updated_at":"2026-07-25T01:27:52.347112+00:00"},"geometry":{"type":"MultiPolygon","coordinates":[[[[129.341406241,35.658673424],[129.341462328,35.658750927],[129.34153637,35.658840757],[129.341610954,35.658913674],[129.341726622,35.659011145],[129.341807436,35.659049292],[129.341879999,35.659088445],[129.341990788,35.659125163],[129.342101011,35.65917795],[129.342277788,35.659276766],[129.3424741,35.65940647],[129.342575483,35.659475485],[129.342705808,35.659578585],[129.342750044,35.659569273],[129.342689252,35.659507919],[129.342518434,35.659400537],[129.342361213,35.65929796],[129.342123153,35.659156391],[129.341860268,35.659050799],[129.34176768,35.65899936],[129.341684057,35.658935914],[129.341615903,35.658870478],[129.341554989,35.658804901],[129.341469714,35.658684866],[129.341423209,35.658616473],[129.341395102,35.658540116],[129.34141155,35.658429934],[129.341443193,35.658272976],[129.341511726,35.657996987],[129.341539113,35.657977862],[129.341531229,35.657920549],[129.341504674,35.657826415],[129.34144038,35.657609632],[129.341440132,35.657565692],[129.341534362,35.657496251],[129.341854243,35.657285515],[129.341828459,35.657267682],[129.341853668,35.657277639],[129.342398006,35.656778582],[129.342345739,35.656725513],[129.341817283,35.657259951],[129.341816214,35.657259212],[129.341760577,35.657303394],[129.341595636,35.657397028],[129.341472367,35.657464499],[129.341420082,35.65755256],[129.341402992,35.657605289],[129.341438143,35.657710242],[129.341507831,35.657934526],[129.341477786,35.658004408],[129.341412945,35.65822962],[129.341369361,35.658473854],[129.341366213,35.658578707],[129.341406241,35.658673424]]],[[[129.342267117,35.660470246],[129.342269488,35.660586823],[129.342311236,35.660563193],[129.342293712,35.660353105],[129.342329104,35.660324529],[129.342423537,35.660297338],[129.342480014,35.660281872],[129.342535627,35.660236845],[129.342544836,35.660197791],[129.342559214,35.660087649],[129.342578102,35.66002559],[129.34256699,35.659964114],[129.342568512,35.659874505],[129.342598631,35.659807156],[129.342747264,35.659615807],[129.342751276,35.65957601],[129.342704897,35.659582828],[129.342658842,35.65963612],[129.342609117,35.659705541],[129.342565747,35.659779908],[129.342526641,35.659893912],[129.342531495,35.659918325],[129.342524262,35.660060442],[129.342517096,35.66009861],[129.342517397,35.660179733],[129.342502104,35.660223131],[129.342472032,35.660256675],[129.342398978,35.660271618],[129.342294349,35.660304078],[129.342264055,35.66033002],[129.34226359,35.66038496],[129.342267117,35.660470246]]]]}},{"type":"Feature","id":"bc6cb3eecf59b61729f3914421c9a04e9a81c949f164e44cf6fe199822a6bf7f","properties":{"zone_group_id":"312001023297","source_manage_no":"312001023297","facility_name":"은월초등학교","facility_type_code":"1","sgg_code":"31200","api_first_registered_on":"2019-02-28","api_last_modified_on":null,"updated_at":"2026-07-25T01:27:52.347112+00:00"},"geometry":{"type":"MultiPolygon","coordinates":[[[[129.363569879,35.634119884],[129.363477133,35.634062548],[129.363428069,35.633029118],[129.363202631,35.633033543],[129.363213811,35.633202342],[129.363235815,35.633668401],[129.363250136,35.633803335],[129.36326627,35.634070068],[129.363195622,35.634130611],[129.363569879,35.634119884]]],[[[129.363178144,35.634310114],[129.363558507,35.634295886],[129.363846146,35.63429531],[129.363886362,35.634326612],[129.363922377,35.635126718],[129.363905587,35.635187744],[129.363569234,35.635196852],[129.363582961,35.635196275],[129.363530407,35.635168574],[129.363496829,35.634379916],[129.36357737,35.634303967],[129.363167952,35.634315384],[129.363275325,35.634377504],[129.363317274,35.635169377],[129.363285216,35.635204542],[129.362981225,35.635212772],[129.362991117,35.635361249],[129.365405957,35.635282292],[129.365401975,35.635147214],[129.364106081,35.635182315],[129.364076677,35.635119183],[129.363970205,35.633003829],[129.363991073,35.632962872],[129.363803553,35.632966554],[129.363826542,35.632997639],[129.363875849,35.634093073],[129.363836685,35.634114646],[129.363582338,35.63412133],[129.363193703,35.634135719],[129.362914537,35.634142889],[129.362916718,35.634357499],[129.362973485,35.634317511],[129.363178144,35.634310114]]],[[[129.363355379,35.636111752],[129.363582944,35.636108975],[129.36353984,35.635418536],[129.363618613,35.635352762],[129.363265233,35.635369841],[129.363320352,35.635414394],[129.363355379,35.636111752]]]]}},{"type":"Feature","id":"2555073475ff5a57572c237fdd3a5aaa4616861e12f613b7ef23a5a6c69995fc","properties":{"zone_group_id":"312001011858","source_manage_no":"312001011858","facility_name":"이화초등학교","facility_type_code":"1","sgg_code":"31200","api_first_registered_on":"2017-01-01","api_last_modified_on":null,"updated_at":"2026-07-25T01:27:52.347112+00:00"},"geometry":{"type":"MultiPolygon","coordinates":[[[[129.339454828,35.662068301],[129.339470001,35.662115311],[129.340346673,35.661983384],[129.340620833,35.661919485],[129.340970855,35.661806805],[129.340999497,35.661796873],[129.341078854,35.662021921],[129.340898808,35.662080771],[129.340916938,35.662134481],[129.341203905,35.662036543],[129.341300065,35.662021157],[129.341457179,35.662013595],[129.341649235,35.661973817],[129.341734886,35.661976656],[129.341809765,35.661988714],[129.342169052,35.662004249],[129.342429487,35.662037475],[129.342609921,35.662072258],[129.342776034,35.662089298],[129.343144124,35.662122679],[129.343539933,35.662160025],[129.344171153,35.662224321],[129.344180674,35.662172325],[129.343521933,35.662110818],[129.342514378,35.662009143],[129.342513109,35.661784748],[129.342836645,35.661802037],[129.343243882,35.661852677],[129.343850402,35.661921961],[129.343969155,35.661930523],[129.343953605,35.662147464],[129.344011801,35.662155341],[129.344038519,35.661936318],[129.344017937,35.66193404],[129.344539158,35.661971619],[129.344546183,35.661928683],[129.343710559,35.661859359],[129.342909944,35.661760064],[129.342492265,35.661729899],[129.341637532,35.66166769],[129.341402913,35.66166775],[129.341196341,35.661683031],[129.341084089,35.661714498],[129.340687696,35.661846101],[129.340419186,35.661914396],[129.340166569,35.661959855],[129.339454828,35.662068301]],[[129.341061645,35.661775322],[129.34115667,35.66174237],[129.341271943,35.661719855],[129.341525939,35.661721671],[129.341769163,35.661732708],[129.342311377,35.661773966],[129.342479851,35.66178297],[129.342475356,35.661999382],[129.342447482,35.661992073],[129.34216268,35.661975089],[129.341570808,35.661934796],[129.341213428,35.661984548],[129.341146659,35.662003012],[129.341061645,35.661775322]]]]}},{"type":"Feature","id":"6310f10741a17be321002769cd6d1e54730c7f606c7d4583660b3f2e5c9706d1","properties":{"zone_group_id":"312002028606","source_manage_no":"312002028606","facility_name":"제내경로당","facility_type_code":"2","sgg_code":"31200","api_first_registered_on":null,"api_last_modified_on":"2025-03-20","updated_at":"2026-07-25T01:27:52.347112+00:00"},"geometry":{"type":"MultiPolygon","coordinates":[[[[129.352836747,35.633126455],[129.353018108,35.633194994],[129.353181288,35.633302183],[129.353346698,35.633391306],[129.353548025,35.633481981],[129.353818228,35.633569055],[129.353949623,35.633627307],[129.354310649,35.633800456],[129.354516634,35.633861753],[129.354670289,35.633926326],[129.354702324,35.633889658],[129.354523718,35.633821068],[129.354312151,35.633757627],[129.353878171,35.633543104],[129.353605606,35.633469592],[129.353401456,35.63337672],[129.353148907,35.633232985],[129.353011074,35.633143322],[129.352854928,35.633087805],[129.352836747,35.633126455]]]]}},{"type":"Feature","id":"2ed8a31983f42f1cb75a6b1e152b9bf47ee6e4f53f609acfe82d5dd3bc8544b1","properties":{"zone_group_id":"312002028573","source_manage_no":"312002028573","facility_name":"제전경로당","facility_type_code":"2","sgg_code":"31200","api_first_registered_on":null,"api_last_modified_on":"2025-03-17","updated_at":"2026-07-25T01:27:52.347112+00:00"},"geometry":{"type":"MultiPolygon","coordinates":[[[[129.457848688,35.607703041],[129.457921875,35.607751104],[129.458183615,35.607561052],[129.458240194,35.607426996],[129.458496212,35.607050097],[129.458375475,35.60698048],[129.458297602,35.607049647],[129.458305389,35.607123822],[129.458132274,35.607415683],[129.457848688,35.607703041]]]]}},{"type":"Feature","id":"0917c3c36060f12c40671453c5963fd9eaa7e043dabe360a85f6e55284f5213f","properties":{"zone_group_id":"312002011833","source_manage_no":"312002011833","facility_name":"중리경로당","facility_type_code":"2","sgg_code":"31200","api_first_registered_on":"2018-10-01","api_last_modified_on":null,"updated_at":"2026-07-25T01:27:52.347112+00:00"},"geometry":{"type":"MultiPolygon","coordinates":[[[[129.396869069,35.528861916],[129.396908221,35.528897422],[129.397350566,35.528575512],[129.397304983,35.52853225],[129.397114341,35.528677393],[129.396869069,35.528861916]]]]}},{"type":"Feature","id":"ebf2f5df1842ccfa511eb3cfaff18ef6391de7feb60f3d369b201ca10a5b857b","properties":{"zone_group_id":"312002028571","source_manage_no":"312002028571","facility_name":"차일경로당","facility_type_code":"2","sgg_code":"31200","api_first_registered_on":null,"api_last_modified_on":"2025-03-17","updated_at":"2026-07-25T01:27:52.347112+00:00"},"geometry":{"type":"MultiPolygon","coordinates":[[[[129.362070298,35.61676048],[129.362231778,35.616857554],[129.36238286,35.616976231],[129.362467626,35.617044399],[129.362513855,35.616974787],[129.362094118,35.616726224],[129.362070298,35.61676048]]]]}},{"type":"Feature","id":"b991f50b56449ef28fcfc1eabef7a6ecb353e7b17f4dfe58b865db5ec6353502","properties":{"zone_group_id":"312001011872","source_manage_no":"312001011872","facility_name":"천곡초등학교","facility_type_code":"1","sgg_code":"31200","api_first_registered_on":"2005-01-01","api_last_modified_on":null,"updated_at":"2026-07-25T01:27:52.347112+00:00"},"geometry":{"type":"MultiPolygon","coordinates":[[[[129.328911569,35.636890075],[129.329022157,35.636802336],[129.332734598,35.636838587],[129.332726284,35.636674547],[129.328964988,35.636639001],[129.328894277,35.636579548],[129.328862503,35.636530605],[129.328911569,35.636890075]]],[[[129.327717427,35.639005851],[129.328202887,35.638998717],[129.328473229,35.638995741],[129.328577507,35.638975703],[129.328656841,35.638978913],[129.32866848,35.638979564],[129.32872256,35.639056484],[129.328746192,35.63911009],[129.328769954,35.639168198],[129.328813872,35.639255201],[129.328859698,35.639312882],[129.328948135,35.639412539],[129.329033501,35.639406383],[129.329119193,35.639411483],[129.329201669,35.639400876],[129.329339305,35.639389203],[129.329482195,35.639368417],[129.329564933,35.639366816],[129.329656141,35.639371809],[129.329765935,35.639351664],[129.329839549,35.639320955],[129.329907321,35.639279096],[129.329958217,35.639226301],[129.329989939,35.639178382],[129.33002055,35.63909219],[129.330048619,35.639055989],[129.330055422,35.639057726],[129.330181156,35.639084337],[129.330334084,35.639124177],[129.3306563,35.639224052],[129.330806471,35.639263944],[129.331055862,35.639299663],[129.331177407,35.639304067],[129.331318545,35.639286317],[129.33119704,35.63931495],[129.330939605,35.639572228],[129.330687924,35.640027624],[129.330475397,35.640311063],[129.330195893,35.640568766],[129.330017767,35.64089659],[129.329659894,35.641876647],[129.329563172,35.642347063],[129.329407366,35.642683465],[129.329300182,35.642793664],[129.329017789,35.642952306],[129.328626642,35.643167113],[129.328423041,35.643378292],[129.328489758,35.643395022],[129.328769277,35.643137323],[129.32919509,35.642975907],[129.329443339,35.642781884],[129.329674801,35.642389955],[129.32986218,35.641620439],[129.330086051,35.640967353],[129.330327491,35.640539187],[129.330629582,35.640299067],[129.330934853,35.639788571],[129.331233537,35.63943138],[129.331394325,35.639276471],[129.331712979,35.639217107],[129.331886728,35.639213741],[129.332008338,35.639220396],[129.332204936,35.639243619],[129.33219024,35.639117757],[129.331872424,35.639101388],[129.331668142,35.639098586],[129.331377503,35.639162783],[129.331207101,35.639186356],[129.331024947,35.639185378],[129.330763208,35.639077575],[129.330712781,35.63905152],[129.330413956,35.638928906],[129.330207712,35.638858561],[129.330115916,35.638833307],[129.329996018,35.638790575],[129.329659499,35.638700225],[129.329326634,35.638656457],[129.329182928,35.638538247],[129.328892081,35.636789084],[129.328840598,35.636346314],[129.328526793,35.636372657],[129.328609251,35.636931964],[129.328871938,35.638566789],[129.328747701,35.638710295],[129.328652795,35.638717448],[129.328434855,35.638719411],[129.328235834,35.638734763],[129.328028795,35.638732009],[129.327692264,35.638736263],[129.32756553,35.638743219],[129.327320402,35.638759221],[129.327320612,35.639024786],[129.327717427,35.639005851]],[[129.328836498,35.638988954],[129.328902492,35.63898092],[129.329531429,35.638973257],[129.329871303,35.639013471],[129.329886273,35.639029463],[129.329887581,35.63907449],[129.329818948,35.639181692],[129.329754131,35.639230251],[129.329641709,35.639254952],[129.329583727,35.639253822],[129.329534019,35.639252531],[129.329272604,35.639277863],[129.329093796,35.63929709],[129.32898276,35.63927446],[129.328893146,35.639134278],[129.328848379,35.639018008],[129.328828224,35.638989114],[129.328759502,35.638984651],[129.328836498,35.638988954]]]]}},{"type":"Feature","id":"34228206f072cc037b91f8fb9c6df1cb480e97f02d1d6760ac33d2cf5b69cf08","properties":{"zone_group_id":"312001011861","source_manage_no":"312001011861","facility_name":"파인슐레 국제 어학원","facility_type_code":"1","sgg_code":"31200","api_first_registered_on":"2010-01-01","api_last_modified_on":null,"updated_at":"2026-07-25T01:27:52.347112+00:00"},"geometry":{"type":"MultiPolygon","coordinates":[[[[129.347741824,35.647765094],[129.347843218,35.647740591],[129.347825416,35.647698139],[129.347853252,35.647611997],[129.347917932,35.647558925],[129.348166751,35.647479736],[129.348709958,35.647275414],[129.348929953,35.647248596],[129.349119277,35.647211112],[129.349100237,35.647178103],[129.348703189,35.647232747],[129.347889428,35.647527945],[129.347805967,35.647599403],[129.347741824,35.647765094]]]]}},{"type":"Feature","id":"39f74455c75bce5fc99abcf39ddd9837914a86f4a5f398bb5d8067e280bb19ba","properties":{"zone_group_id":"312001011873","source_manage_no":"312001011873","facility_name":"하늘땅유치원","facility_type_code":"1","sgg_code":"31200","api_first_registered_on":"2004-01-01","api_last_modified_on":null,"updated_at":"2026-07-25T01:27:52.347112+00:00"},"geometry":{"type":"MultiPolygon","coordinates":[[[[129.313651052,35.654198614],[129.313691035,35.65424515],[129.313954319,35.654091416],[129.313980865,35.654054864],[129.313995401,35.653984754],[129.314007664,35.653835845],[129.314017138,35.6537816],[129.314062213,35.65371766],[129.314136526,35.653614863],[129.314239752,35.653461953],[129.314274117,35.653409482],[129.314275859,35.653087324],[129.314306816,35.653012392],[129.314367271,35.652907609],[129.314475398,35.652828941],[129.314449403,35.652788894],[129.314348836,35.652842638],[129.314295422,35.652904485],[129.314219716,35.653054614],[129.314207808,35.653120169],[129.314210153,35.653392691],[129.314067694,35.653620692],[129.313992991,35.65370998],[129.313948372,35.65378968],[129.313924396,35.654010897],[129.313906321,35.654054045],[129.313651052,35.654198614]]]]}},{"type":"Feature","id":"3b31fc6aabb9cc3da68ef7b5933c3b6b666c19638ade715efdde1b5a0def3e05","properties":{"zone_group_id":"312001023301","source_manage_no":"312001023301","facility_name":"하버드어린이집","facility_type_code":"1","sgg_code":"31200","api_first_registered_on":null,"api_last_modified_on":null,"updated_at":"2026-07-25T01:27:52.347112+00:00"},"geometry":{"type":"MultiPolygon","coordinates":[[[[129.353427252,35.625325576],[129.35540109,35.626164371],[129.355460432,35.626118158],[129.353467491,35.625286495],[129.353427252,35.625325576]]]]}},{"type":"Feature","id":"98afc89df7570c82385c214eb3cbf1fc171a35118fe480abd5497225c3b8171a","properties":{"zone_group_id":"312001011880","source_manage_no":"312001011880","facility_name":"호계비둘기유치원","facility_type_code":"1","sgg_code":"31200","api_first_registered_on":"2008-01-01","api_last_modified_on":null,"updated_at":"2026-07-25T01:27:52.347112+00:00"},"geometry":{"type":"MultiPolygon","coordinates":[[[[129.362455053,35.628475208],[129.363361929,35.628464619],[129.363355236,35.628387261],[129.362519271,35.628407271],[129.362423459,35.628376713],[129.362416352,35.628510207],[129.362455053,35.628475208]]],[[[129.362388632,35.629518115],[129.362363539,35.629565462],[129.362513442,35.629558916],[129.362472355,35.629512868],[129.362412205,35.628519299],[129.362424234,35.628328042],[129.362699136,35.627918981],[129.362708522,35.627862932],[129.362600217,35.627857849],[129.362612254,35.627891853],[129.362305323,35.628337583],[129.362388632,35.629518115]]]]}},{"type":"Feature","id":"8f4b45704dcda1d47cd371545aae58c43282eb35b6b7776b31aad8b9b82ad618","properties":{"zone_group_id":"312001011879","source_manage_no":"312001011879","facility_name":"호계초등학교","facility_type_code":"1","sgg_code":"31200","api_first_registered_on":"2001-01-01","api_last_modified_on":null,"updated_at":"2026-07-25T01:27:52.347112+00:00"},"geometry":{"type":"MultiPolygon","coordinates":[[[[129.355624969,35.630216362],[129.355658074,35.630286703],[129.355796862,35.630091764],[129.35561709,35.630360807],[129.355728979,35.63041268],[129.355776312,35.630343291],[129.355835506,35.630339007],[129.356510884,35.630646926],[129.356875279,35.630864589],[129.356903802,35.630919807],[129.357020318,35.630729915],[129.355918898,35.630219062],[129.355884792,35.630184263],[129.356510614,35.629266811],[129.3564867,35.629305789],[129.356535233,35.629304839],[129.357650901,35.629836443],[129.356900823,35.630930372],[129.357012713,35.630982244],[129.357752816,35.629885004],[129.358961929,35.630461111],[129.359012439,35.630377226],[129.357803759,35.629809478],[129.357850335,35.629740426],[129.357747481,35.629695586],[129.357702124,35.629761736],[129.356581755,35.62923545],[129.356560589,35.629193547],[129.356613561,35.629115889],[129.356488226,35.629057072],[129.355797173,35.6300913],[129.355702107,35.63009485],[129.355330885,35.629926332],[129.355251281,35.630034372],[129.355624969,35.630216362]]],[[[129.357110191,35.630971543],[129.357591731,35.631161557],[129.357665029,35.631050259],[129.357152301,35.630784797],[129.357032046,35.630988284],[129.357110191,35.630971543]]]]}},{"type":"Feature","id":"54972c1e8dbb9ea84ed0b6fc2580274bb29982a43fde321c8172ea183b8afd40","properties":{"zone_group_id":"312002028613","source_manage_no":"312002028613","facility_name":"홈골경로당","facility_type_code":"2","sgg_code":"31200","api_first_registered_on":null,"api_last_modified_on":"2025-03-20","updated_at":"2026-07-25T01:27:52.347112+00:00"},"geometry":{"type":"MultiPolygon","coordinates":[[[[129.36280163,35.627869931],[129.363549601,35.627878902],[129.363841211,35.62789683],[129.363954115,35.627936287],[129.364124542,35.628008403],[129.36414692,35.627971922],[129.363852591,35.627861691],[129.363349207,35.627819763],[129.362819374,35.627816646],[129.36280163,35.627869931]]]]}},{"type":"Feature","id":"0224cca8d3a2f4655642d42bc9302d615bc29952f23c85f33418bee96ca48264","properties":{"zone_group_id":"312001011884","source_manage_no":"312001011884","facility_name":"화봉초등학교","facility_type_code":"1","sgg_code":"31200","api_first_registered_on":"2010-01-01","api_last_modified_on":null,"updated_at":"2026-07-25T01:27:52.347112+00:00"},"geometry":{"type":"MultiPolygon","coordinates":[[[[129.364711311,35.592474119],[129.364749095,35.592527466],[129.364816896,35.592686712],[129.364847287,35.592805281],[129.365254864,35.593575654],[129.365663344,35.594376433],[129.365644896,35.594441026],[129.365891252,35.59435872],[129.365623773,35.594449892],[129.36478812,35.594744353],[129.364920118,35.595010517],[129.365760466,35.594720027],[129.365841202,35.594741703],[129.366344812,35.595715556],[129.366397406,35.595885241],[129.366426341,35.596059617],[129.366439017,35.596208958],[129.366438754,35.596481099],[129.366413654,35.596612589],[129.366402317,35.596824942],[129.366392342,35.596978108],[129.366330901,35.597035095],[129.366834424,35.597091968],[129.366767059,35.597018074],[129.36676606,35.596808498],[129.366742051,35.596801364],[129.366751638,35.596670179],[129.366728119,35.596574295],[129.366715539,35.596498479],[129.366720023,35.596264287],[129.366706842,35.596238346],[129.366710598,35.596119953],[129.366691581,35.595931015],[129.366597877,35.595630295],[129.366513189,35.595424899],[129.36610741,35.594646044],[129.366140018,35.594582449],[129.366147023,35.594579908],[129.366996973,35.594279241],[129.366882573,35.594013579],[129.365993181,35.594323947],[129.365895083,35.594293283],[129.365792773,35.594098375],[129.365766562,35.594051562],[129.365564974,35.593670981],[129.365482682,35.593476524],[129.365355592,35.593236464],[129.365198191,35.592986012],[129.365061721,35.592743601],[129.365046592,35.592616281],[129.364899673,35.592335198],[129.364894891,35.592313318],[129.364630941,35.592450342],[129.364711311,35.592474119]]],[[[129.367645521,35.597450025],[129.367701688,35.597203386],[129.365082864,35.596894324],[129.365029502,35.597120728],[129.367645521,35.597450025]]]]}},{"type":"Feature","id":"cabc1e936ff983ac2b40a70d43104d9089f57a3ef7ac3f7e25e1aa243807d200","properties":{"zone_group_id":"312002028599","source_manage_no":"312002028599","facility_name":"황토전경로당","facility_type_code":"2","sgg_code":"31200","api_first_registered_on":null,"api_last_modified_on":"2025-03-21","updated_at":"2026-07-25T01:27:52.347112+00:00"},"geometry":{"type":"MultiPolygon","coordinates":[[[[129.431225268,35.580074036],[129.43130117,35.580122061],[129.431430924,35.580036096],[129.431769358,35.579738682],[129.431832498,35.579638294],[129.431927036,35.579390854],[129.43185498,35.579378793],[129.431754863,35.579624093],[129.43170778,35.579708389],[129.431371897,35.579998994],[129.431225268,35.580074036]]]]}},{"type":"Feature","id":"6f915fc1309b6c6daa7833925d8e3d7cca07fd1eb01bf1cff1440a8a183e7c48","properties":{"zone_group_id":"312001029252","source_manage_no":"312001029252","facility_name":"효문초등학교","facility_type_code":"1","sgg_code":"31200","api_first_registered_on":null,"api_last_modified_on":"2025-05-13","updated_at":"2026-07-25T01:27:52.347112+00:00"},"geometry":{"type":"MultiPolygon","coordinates":[[[[129.376457637,35.559480295],[129.377372164,35.559208712],[129.377652858,35.559047668],[129.37741747,35.558781866],[129.377225841,35.558876922],[129.376922778,35.558980937],[129.375820454,35.559337353],[129.375923432,35.559602388],[129.376457637,35.559480295]]],[[[129.380882677,35.560220058],[129.381501096,35.559029709],[129.381624435,35.558794011],[129.381488662,35.558749367],[129.380965694,35.559740067],[129.380813042,35.560033812],[129.38077773,35.560098741],[129.380754772,35.560161735],[129.380640102,35.560201187],[129.380913969,35.560298883],[129.380882677,35.560220058]]],[[[129.379339801,35.560088266],[129.379405206,35.56006162],[129.379436706,35.559977691],[129.379415592,35.560063105],[129.380032731,35.560157405],[129.380554656,35.560319505],[129.380671526,35.560354382],[129.381262108,35.560599636],[129.381441047,35.560634976],[129.381903009,35.560867556],[129.381952242,35.560783759],[129.380912102,35.560305681],[129.3806339,35.560201309],[129.380358016,35.560105342],[129.379885489,35.560004807],[129.379500839,35.559938031],[129.379469935,35.559889159],[129.379470398,35.559887923],[129.379476919,35.559828635],[129.380259962,35.558329098],[129.38004897,35.558258893],[129.379907822,35.558521985],[129.379830627,35.558709441],[129.379645746,35.559032556],[129.379281613,35.559729384],[129.379168752,35.559969942],[129.379111498,35.560062348],[129.378755725,35.56076239],[129.378452119,35.561338009],[129.378361904,35.561365144],[129.378319988,35.56141668],[129.378595675,35.561505895],[129.379339801,35.560088266]]],[[[129.376890263,35.561101199],[129.376894176,35.561088553],[129.377046232,35.561059246],[129.377627454,35.561256248],[129.378111401,35.561463054],[129.378534933,35.561620343],[129.378601018,35.561511705],[129.37829513,35.561415481],[129.377660851,35.561196429],[129.377009713,35.560966719],[129.376948817,35.560911965],[129.376954463,35.560893718],[129.377134061,35.560251246],[129.377242427,35.559718358],[129.377265921,35.55939336],[129.377335353,35.559222961],[129.376445732,35.559497433],[129.376621082,35.559551444],[129.376776557,35.559632892],[129.37681796,35.559774059],[129.376796603,35.560031404],[129.376557934,35.560915061],[129.376316467,35.561704117],[129.376722766,35.56173329],[129.376890263,35.561101199]]]]}},{"type":"Feature","id":"2efc2ecd59d0c92a631c4b3952a4dae6f7b300545c7b46340d3fb63d3aff3a74","properties":{"zone_group_id":"317102018088","source_manage_no":"317102018088","facility_name":"거리경로당","facility_type_code":"2","sgg_code":"31710","api_first_registered_on":"2019-08-05","api_last_modified_on":"2025-03-21","updated_at":"2026-07-25T01:27:52.347112+00:00"},"geometry":{"type":"MultiPolygon","coordinates":[[[[129.076287929,35.590429224],[129.076370631,35.590427799],[129.076381216,35.590303714],[129.076389218,35.590186433],[129.076450842,35.590009656],[129.076468019,35.589500237],[129.076388017,35.589499363],[129.076389519,35.5898778],[129.076360219,35.590024734],[129.076300828,35.590181198],[129.076287929,35.590429224]]]]}},{"type":"Feature","id":"f7a0e5ab6bf28fa9c344454c44a4d336ee68aacc57000e15ba85bf6ae96b1ada","properties":{"zone_group_id":"317102027598","source_manage_no":"317102027598","facility_name":"곡연경로당","facility_type_code":"2","sgg_code":"31710","api_first_registered_on":null,"api_last_modified_on":"2025-03-24","updated_at":"2026-07-25T01:27:52.347112+00:00"},"geometry":{"type":"MultiPolygon","coordinates":[[[[129.20031013,35.576212087],[129.200345666,35.576301546],[129.201107463,35.57612769],[129.201296087,35.576067926],[129.201399274,35.576009723],[129.201488127,35.575931508],[129.201525355,35.575881268],[129.201584675,35.575731506],[129.201650061,35.575601907],[129.201683546,35.575515693],[129.20172633,35.575366232],[129.201615351,35.575341228],[129.201576908,35.575447807],[129.201551136,35.575513607],[129.20151006,35.57562474],[129.2014377,35.575801772],[129.201382166,35.57588839],[129.201320257,35.575943586],[129.201238563,35.575981122],[129.201069047,35.576033778],[129.20031013,35.576212087]]]]}},{"type":"Feature","id":"38cb38c8ea7d53cffc64ea869877dbbd78e35b4e57dbe208f918db83f88c0966","properties":{"zone_group_id":"317101011893","source_manage_no":"317101011893","facility_name":"교둥이화어린이집","facility_type_code":"1","sgg_code":"31710","api_first_registered_on":"2006-01-01","api_last_modified_on":null,"updated_at":"2026-07-25T01:27:52.347112+00:00"},"geometry":{"type":"MultiPolygon","coordinates":[[[[129.104883686,35.539139985],[129.105711058,35.539950403],[129.105834256,35.540076714],[129.106029109,35.540176419],[129.106193666,35.540224253],[129.106963933,35.540273333],[129.107637532,35.540341001],[129.108031086,35.540371306],[129.108138491,35.540361399],[129.108146311,35.540285058],[129.108036691,35.540282749],[129.1071406,35.540204605],[129.106946967,35.540191086],[129.106460744,35.540174229],[129.106211168,35.540155771],[129.106106885,35.540120407],[129.105852041,35.539979493],[129.105620617,35.539746048],[129.104923243,35.539071682],[129.104919543,35.539009205],[129.104820729,35.539103897],[129.104883686,35.539139985]]],[[[129.107517158,35.541673683],[129.108109253,35.5404964],[129.10827808,35.540370348],[129.108280849,35.540370601],[129.108672729,35.540376423],[129.108886753,35.540339718],[129.109341682,35.540266682],[129.1094296,35.540229647],[129.110045604,35.540150408],[129.109933077,35.539997715],[129.109894107,35.540009384],[129.108294813,35.540272319],[129.108240236,35.540280035],[129.108147322,35.540284195],[129.108140982,35.540357834],[129.108201502,35.540363358],[129.108144285,35.540360622],[129.108031406,35.540470729],[129.107422545,35.541639293],[129.107517158,35.541673683]]]]}},{"type":"Feature","id":"0074e845fc3635b92d7d7d2262b25cc77d48c5d5fc6df955319c0290421c6cee","properties":{"zone_group_id":"317102020721","source_manage_no":"317102020721","facility_name":"구수경로당","facility_type_code":"2","sgg_code":"31710","api_first_registered_on":null,"api_last_modified_on":"2025-03-21","updated_at":"2026-07-25T01:27:52.347112+00:00"},"geometry":{"type":"MultiPolygon","coordinates":[[[[129.150810326,35.54459376],[129.150891004,35.544621606],[129.151042542,35.544206651],[129.151066603,35.544075563],[129.151118936,35.543971003],[129.151032929,35.543950011],[129.150985505,35.544031956],[129.150947488,35.544156535],[129.150902939,35.544242934],[129.150905345,35.544333],[129.150810326,35.54459376]]]]}},{"type":"Feature","id":"3343bfe0aa28f83a4b13db322916795e6c547f1ffe3687f771cc6e2fcec073cb","properties":{"zone_group_id":"317101011899","source_manage_no":"317101011899","facility_name":"구영유치원","facility_type_code":"1","sgg_code":"31710","api_first_registered_on":"2010-01-01","api_last_modified_on":null,"updated_at":"2026-07-25T01:27:52.347112+00:00"},"geometry":{"type":"MultiPolygon","coordinates":[[[[129.249588543,35.566401752],[129.249607532,35.566489252],[129.251087501,35.566272388],[129.251076462,35.566173476],[129.251074921,35.566173755],[129.25095951,35.565245304],[129.250855051,35.565256266],[129.250968237,35.566193066],[129.250604645,35.56625888],[129.250596915,35.566259454],[129.250559737,35.566230434],[129.250419848,35.565566253],[129.250295108,35.565640669],[129.250356486,35.565666555],[129.250474503,35.566238784],[129.250450002,35.566270353],[129.250442318,35.566270923],[129.249588543,35.566401752]]]]}},{"type":"Feature","id":"d3806712b0f6974ce767fc45d06aea65a038c6c41ac198d494dcdcb122bf460c","properties":{"zone_group_id":"317101011898","source_manage_no":"317101011898","facility_name":"구영초등학교","facility_type_code":"1","sgg_code":"31710","api_first_registered_on":"2001-01-01","api_last_modified_on":null,"updated_at":"2026-07-25T01:27:52.347112+00:00"},"geometry":{"type":"MultiPolygon","coordinates":[[[[129.237828809,35.578156637],[129.238029495,35.5780853],[129.238443179,35.578087756],[129.238983981,35.578050663],[129.239486354,35.577970336],[129.239977446,35.577782041],[129.2400822,35.577682059],[129.240463632,35.577269308],[129.240612814,35.576982572],[129.24076518,35.576513231],[129.240893228,35.576358727],[129.24097861,35.576008948],[129.241103179,35.575921703],[129.241121131,35.575928546],[129.242317167,35.576251103],[129.242424555,35.576245724],[129.242486457,35.576092449],[129.242372769,35.576020195],[129.242039797,35.575945259],[129.241202858,35.575744479],[129.240853518,35.575612923],[129.241223245,35.575733958],[129.241163205,35.575657324],[129.241400388,35.574966672],[129.241096358,35.574891196],[129.240793312,35.575593213],[129.240832187,35.57560594],[129.240702649,35.575605041],[129.240332099,35.575517278],[129.240065084,35.57543435],[129.239717994,35.575399013],[129.239673394,35.575330075],[129.240502222,35.573310033],[129.240356599,35.573278936],[129.239472717,35.575401415],[129.239582815,35.575402368],[129.2394357,35.575408864],[129.238612777,35.575414015],[129.238343887,35.57541225],[129.238338441,35.575513766],[129.238467908,35.575558688],[129.238648858,35.575521521],[129.239041482,35.575510845],[129.239471217,35.575496097],[129.239683551,35.575546238],[129.239973863,35.575574646],[129.24063144,35.575721302],[129.240749072,35.575786724],[129.240946648,35.575862037],[129.240753582,35.575800162],[129.240603666,35.576357351],[129.240326631,35.576954089],[129.24004836,35.577358161],[129.239790374,35.577599592],[129.23925879,35.577819063],[129.238870288,35.577829664],[129.237815648,35.577832355],[129.237828809,35.578156637]]],[[[129.239448333,35.576456582],[129.2394955,35.576516554],[129.240028972,35.57666214],[129.240208425,35.576719652],[129.240387691,35.576770407],[129.240434191,35.576657986],[129.240267893,35.576627273],[129.240121699,35.576575904],[129.239584658,35.576450668],[129.239545753,35.5762418],[129.239560118,35.57601504],[129.239554566,35.575815694],[129.239617509,35.575699588],[129.23963836,35.575557219],[129.23947554,35.575502778],[129.239463991,35.575682158],[129.239442763,35.575811012],[129.239439488,35.57613898],[129.239448333,35.576456582]]]]}},{"type":"Feature","id":"a3a93de0ce33223da26afb637b0691d5b87e595ac5a3244c76fc97b4ea53ddff","properties":{"zone_group_id":"317101011908","source_manage_no":"317101011908","facility_name":"굴화초등학교","facility_type_code":"1","sgg_code":"31710","api_first_registered_on":"2000-01-01","api_last_modified_on":null,"updated_at":"2026-07-25T01:27:52.347112+00:00"},"geometry":{"type":"MultiPolygon","coordinates":[[[[129.259600583,35.553625494],[129.259619793,35.553720633],[129.260411383,35.554190606],[129.260468741,35.554245309],[129.260528255,35.554450402],[129.260506377,35.554554762],[129.261251901,35.554232573],[129.2612824,35.554237228],[129.261429529,35.554451663],[129.261416934,35.554500072],[129.261518466,35.554452952],[129.261351607,35.554180151],[129.26135031,35.554180693],[129.261315714,35.554122934],[129.260712924,35.554375948],[129.260623453,35.554355653],[129.260612838,35.554186264],[129.259765769,35.553691697],[129.259760233,35.553633836],[129.259847752,35.553598746],[129.259889779,35.553610634],[129.261056779,35.553111375],[129.261121413,35.553130885],[129.261741476,35.554124381],[129.261743279,35.554124456],[129.261653161,35.554365913],[129.261695704,35.554463571],[129.261701522,35.554463903],[129.261587641,35.554511235],[129.261659209,35.554538204],[129.262213208,35.555454763],[129.262348237,35.555404057],[129.261783803,35.554502483],[129.261765266,35.554468181],[129.261703789,35.554464033],[129.261762487,35.554467388],[129.261897322,35.554133992],[129.261803357,35.554126951],[129.261895681,35.554130784],[129.261892751,35.554126114],[129.261920999,35.554055988],[129.262814683,35.553683289],[129.262716388,35.553520689],[129.261798162,35.553902859],[129.261739672,35.55388143],[129.261841141,35.554043881],[129.26126225,35.553121482],[129.261235205,35.553060295],[129.261255531,35.553029489],[129.261163251,35.553065824],[129.262443361,35.552518153],[129.26238712,35.552429625],[129.262090923,35.552556883],[129.260689412,35.553152512],[129.260185777,35.553365632],[129.259752584,35.553565739],[129.259753002,35.553569762],[129.259600583,35.553625494]]]]}},{"type":"Feature","id":"04a0c778d7b3e1bf59236c1fb0d3bb99674d981c1e2c2c28ea46bf64d48f22f3","properties":{"zone_group_id":"317102030001","source_manage_no":"317102030001","facility_name":"금곡마을회관","facility_type_code":"2","sgg_code":"31710","api_first_registered_on":null,"api_last_modified_on":"2026-03-25","updated_at":"2026-07-25T01:27:52.347112+00:00"},"geometry":{"type":"MultiPolygon","coordinates":[[[[129.148708746,35.507028665],[129.148772175,35.507082727],[129.148814412,35.507116892],[129.148862035,35.507146456],[129.148931809,35.50718013],[129.149017059,35.507225918],[129.149156967,35.507306777],[129.149239644,35.507359369],[129.149308341,35.507404326],[129.1494267,35.50750359],[129.149524226,35.507596467],[129.149557635,35.507661202],[129.149562967,35.507706161],[129.14950381,35.507967409],[129.149492656,35.508117415],[129.149558807,35.508118489],[129.149559756,35.507999076],[129.149574388,35.507927854],[129.14959303,35.507852054],[129.14960293,35.507758389],[129.149610527,35.50768166],[129.149592264,35.507616656],[129.149571907,35.507576469],[129.149450463,35.50746487],[129.149378562,35.507403075],[129.149305403,35.507345807],[129.149220123,35.507298893],[129.149155497,35.507251611],[129.149053484,35.50719711],[129.148980837,35.507158982],[129.148920641,35.507122884],[129.148882835,35.507099904],[129.148840479,35.507061235],[129.148802643,35.507037129],[129.148753312,35.506995206],[129.148708746,35.507028665]]]]}},{"type":"Feature","id":"9b77d606b66eab12540e677d67f1f97ca077e242b844c66e95ee431f6a8aabf8","properties":{"zone_group_id":"317101011951","source_manage_no":"317101011951","facility_name":"금샘어린이집","facility_type_code":"1","sgg_code":"31710","api_first_registered_on":"2005-01-01","api_last_modified_on":null,"updated_at":"2026-07-25T01:27:52.347112+00:00"},"geometry":{"type":"MultiPolygon","coordinates":[[[[129.305821573,35.487950732],[129.305824775,35.488022796],[129.307047488,35.487986456],[129.307044284,35.487914393],[129.305821573,35.487950732]]]]}},{"type":"Feature","id":"44acc693624bdc2fa10a775d79950b6fe0ad2b7e4ed5a51c1c162680af3beb3d","properties":{"zone_group_id":"317101011947","source_manage_no":"317101011947","facility_name":"꿈밭유치원","facility_type_code":"1","sgg_code":"31710","api_first_registered_on":"2008-01-01","api_last_modified_on":null,"updated_at":"2026-07-25T01:27:52.347112+00:00"},"geometry":{"type":"MultiPolygon","coordinates":[[[[129.23874543,35.495019717],[129.23883209,35.495065416],[129.238896104,35.494989888],[129.239558329,35.493939093],[129.239460906,35.493902606],[129.238777405,35.494980828],[129.23874543,35.495019717]]]]}},{"type":"Feature","id":"7b29f2b103eb96b9d4bcce91986834214d9c312d0c765a63c774ead18dd39e45","properties":{"zone_group_id":"317102011940","source_manage_no":"317102011940","facility_name":"남부노인복지관","facility_type_code":"2","sgg_code":"31710","api_first_registered_on":"2010-09-30","api_last_modified_on":null,"updated_at":"2026-07-25T01:27:52.347112+00:00"},"geometry":{"type":"MultiPolygon","coordinates":[[[[129.296970534,35.40745939],[129.296985269,35.407530484],[129.297335744,35.407621681],[129.298048589,35.407725254],[129.298641327,35.407475183],[129.299093024,35.407237652],[129.29903401,35.407156832],[129.298545778,35.407404915],[129.29801124,35.407572781],[129.297626101,35.407575606],[129.297293407,35.407487324],[129.296970534,35.40745939]]]]}},{"type":"Feature","id":"ee225aacc18d6af2b07769b295a3c6ae8618483e953dbc1db5525a039e3a0914","properties":{"zone_group_id":"317102029993","source_manage_no":"317102029993","facility_name":"내광간이경로당","facility_type_code":"2","sgg_code":"31710","api_first_registered_on":null,"api_last_modified_on":"2026-03-25","updated_at":"2026-07-25T01:27:52.347112+00:00"},"geometry":{"type":"MultiPolygon","coordinates":[[[[129.225646957,35.4389361],[129.225692373,35.438985949],[129.226007471,35.438783023],[129.226144488,35.438710661],[129.226298509,35.438656007],[129.226388742,35.438634067],[129.226462965,35.438630445],[129.226594177,35.438647173],[129.227368369,35.438822116],[129.227388859,35.438766546],[129.227089705,35.438698853],[129.22689269,35.438641665],[129.22659091,35.438578525],[129.226443283,35.438565479],[129.226329353,35.438576592],[129.226228518,35.438613369],[129.226142597,35.438641987],[129.226021529,35.438693781],[129.225646957,35.4389361]]]]}},{"type":"Feature","id":"2794e9f47657035f6ef405b1e20990e9eb3b4658d19f41941f50b79ac20e8118","properties":{"zone_group_id":"317102029994","source_manage_no":"317102029994","facility_name":"내광경로당","facility_type_code":"2","sgg_code":"31710","api_first_registered_on":null,"api_last_modified_on":"2026-03-25","updated_at":"2026-07-25T01:27:52.347112+00:00"},"geometry":{"type":"MultiPolygon","coordinates":[[[[129.210282837,35.428625218],[129.210444362,35.428694348],[129.210499083,35.428732769],[129.210532073,35.428781725],[129.210551155,35.428825304],[129.210550703,35.428859104],[129.210602427,35.428888568],[129.21063278,35.428891391],[129.21067001,35.428894089],[129.210769147,35.428946339],[129.211322706,35.429260593],[129.211727111,35.429605738],[129.211915,35.429883888],[129.21198047,35.429862413],[129.211832541,35.429636471],[129.211698964,35.429482353],[129.211432807,35.429260829],[129.21124764,35.429132436],[129.210986391,35.428989667],[129.210803432,35.428891645],[129.210771088,35.428866331],[129.210702335,35.42881803],[129.210627526,35.428749565],[129.210561309,35.428693333],[129.210489836,35.428646208],[129.210404824,35.428607215],[129.2103089,35.428571801],[129.210282837,35.428625218]]]]}},{"type":"Feature","id":"eb578da7de19947f23ee37711732a157471ed196241c8c9123d85ed46722034e","properties":{"zone_group_id":"317102029999","source_manage_no":"317102029999","facility_name":"내사경로당","facility_type_code":"2","sgg_code":"31710","api_first_registered_on":null,"api_last_modified_on":"2026-03-25","updated_at":"2026-07-25T01:27:52.347112+00:00"},"geometry":{"type":"MultiPolygon","coordinates":[[[[129.264531129,35.587489852],[129.264575184,35.58753633],[129.265682421,35.586900533],[129.265632632,35.586846279],[129.265107576,35.587150125],[129.264619123,35.587431881],[129.264531129,35.587489852]]]]}},{"type":"Feature","id":"72eb2e4eb0c1d29985d80f202277ab6ab4e06dc72a624016311368f027536d96","properties":{"zone_group_id":"317102027597","source_manage_no":"317102027597","facility_name":"내사우리골경로당","facility_type_code":"2","sgg_code":"31710","api_first_registered_on":"2022-03-24","api_last_modified_on":"2025-03-24","updated_at":"2026-07-25T01:27:52.347112+00:00"},"geometry":{"type":"MultiPolygon","coordinates":[[[[129.255103394,35.595236515],[129.255580779,35.59573668],[129.25564858,35.59579398],[129.255696453,35.595829126],[129.256053278,35.595964361],[129.256117249,35.595983437],[129.256340886,35.595893647],[129.256600903,35.595724331],[129.256709965,35.595679487],[129.256750681,35.595656198],[129.256807178,35.595605581],[129.25672271,35.595544088],[129.256690517,35.595576229],[129.256584275,35.595623273],[129.256532785,35.595655775],[129.256489249,35.595676864],[129.256275083,35.595809278],[129.256106197,35.595884527],[129.255740914,35.595742692],[129.255656004,35.595665438],[129.255195537,35.595178473],[129.255103394,35.595236515]]]]}},{"type":"Feature","id":"e3eaa924bcd761a8a5b39e1f1ea1b93cfdd6786c87f840f45b478b1a22c96306","properties":{"zone_group_id":"317102024491","source_manage_no":"317102024491","facility_name":"내외양경로당","facility_type_code":"2","sgg_code":"31710","api_first_registered_on":"2021-07-27","api_last_modified_on":"2025-03-24","updated_at":"2026-07-25T01:27:52.347112+00:00"},"geometry":{"type":"MultiPolygon","coordinates":[[[[129.135768978,35.505570882],[129.137072979,35.506331739],[129.137352591,35.506486729],[129.137597786,35.506590516],[129.137714577,35.506631248],[129.137821914,35.506627092],[129.137831257,35.506563849],[129.137676809,35.506557576],[129.137573666,35.506512097],[129.136972957,35.506196094],[129.135822383,35.505506859],[129.135768978,35.505570882]]]]}},{"type":"Feature","id":"d3eb51a67370a240b815fa1a5931a5be5e82498b4e8bfda27a55e4c5d4271a13","properties":{"zone_group_id":"317102018090","source_manage_no":"317102018090","facility_name":"다개경로당","facility_type_code":"2","sgg_code":"31710","api_first_registered_on":"2019-08-05","api_last_modified_on":"2025-03-21","updated_at":"2026-07-25T01:27:52.347112+00:00"},"geometry":{"type":"MultiPolygon","coordinates":[[[[129.122411481,35.613222935],[129.122428859,35.613254167],[129.122645089,35.613189532],[129.122663212,35.613182101],[129.122678743,35.61321034],[129.122796321,35.613379475],[129.122967819,35.613709856],[129.122993628,35.613851323],[129.123079109,35.613849816],[129.123068039,35.613744133],[129.123029514,35.613643439],[129.122817864,35.613255195],[129.122750775,35.613146196],[129.122811566,35.613121269],[129.12301974,35.612856283],[129.122955605,35.612830381],[129.122811645,35.613019895],[129.122715987,35.613089676],[129.122618973,35.612932055],[129.122542539,35.612962688],[129.122642046,35.613143616],[129.122605949,35.613169948],[129.122411481,35.613222935]]]]}},{"type":"Feature","id":"ffaa930b7dd4a07b0e0137e8b1ccdeb6e43509a654848e6294366456d4714017","properties":{"zone_group_id":"317101011952","source_manage_no":"317101011952","facility_name":"대동유치원","facility_type_code":"1","sgg_code":"31710","api_first_registered_on":"2008-01-01","api_last_modified_on":null,"updated_at":"2026-07-25T01:27:52.347112+00:00"},"geometry":{"type":"MultiPolygon","coordinates":[[[[129.111790484,35.566196695],[129.111854932,35.566236115],[129.112147692,35.56594038],[129.112234104,35.565871282],[129.112388821,35.565778461],[129.113013102,35.56550845],[129.112975502,35.565441527],[129.112337502,35.56571403],[129.112220775,35.565783659],[129.112077436,35.565889798],[129.111790484,35.566196695]]]]}},{"type":"Feature","id":"752e055d349f5924075f0587103294bcefca67c1cdfef0bd324b0f3419778326","properties":{"zone_group_id":"317102024493","source_manage_no":"317102024493","facility_name":"대밀마을회관","facility_type_code":"2","sgg_code":"31710","api_first_registered_on":"2021-07-27","api_last_modified_on":"2025-03-24","updated_at":"2026-07-25T01:27:52.347112+00:00"},"geometry":{"type":"MultiPolygon","coordinates":[[[[129.201059972,35.654764805],[129.201277932,35.65486219],[129.20138818,35.654957039],[129.201589528,35.655052474],[129.20195218,35.655192265],[129.202084808,35.655297967],[129.202157772,35.655341686],[129.202292355,35.655418067],[129.20241129,35.655427155],[129.202477314,35.655419189],[129.202564294,35.655370291],[129.202732057,35.655247829],[129.202843618,35.655189471],[129.203045871,35.655217307],[129.203072035,35.655165017],[129.202966152,35.655128659],[129.202814608,35.65513819],[129.202700412,35.655201102],[129.202548769,35.6553075],[129.20244818,35.655363405],[129.202337769,35.655363172],[129.202228942,35.65532011],[129.202113856,35.65525013],[129.20197289,35.655142327],[129.201716305,35.65504565],[129.2015767,35.654987381],[129.201103431,35.654739231],[129.201059972,35.654764805]]]]}},{"type":"Feature","id":"3fac9a3421a6e39858b9dc2eac96ac1e1ac70bc402622d4d98032eeee60c587d","properties":{"zone_group_id":"317102018087","source_manage_no":"317102018087","facility_name":"대복경로당","facility_type_code":"2","sgg_code":"31710","api_first_registered_on":"2019-08-05","api_last_modified_on":"2025-03-21","updated_at":"2026-07-25T01:27:52.347112+00:00"},"geometry":{"type":"MultiPolygon","coordinates":[[[[129.213246008,35.488689403],[129.213318512,35.488721864],[129.213561101,35.48832769],[129.213825244,35.488016472],[129.21376369,35.487981558],[129.213464932,35.488336213],[129.213246008,35.488689403]]]]}},{"type":"Feature","id":"b94d5c907246adbee1803b3b8c53b8fc5ec1bc6588826c054f5752146834d735","properties":{"zone_group_id":"317102026812","source_manage_no":"317102026812","facility_name":"대신경로당","facility_type_code":"2","sgg_code":"31710","api_first_registered_on":null,"api_last_modified_on":"2025-03-24","updated_at":"2026-07-25T01:27:52.347112+00:00"},"geometry":{"type":"MultiPolygon","coordinates":[[[[129.287604355,35.64335819],[129.287709743,35.643376461],[129.287978918,35.642364417],[129.288020996,35.642388396],[129.28803331,35.642336351],[129.287982315,35.642290015],[129.288027977,35.64205262],[129.287964027,35.642035814],[129.287925609,35.642140166],[129.28764017,35.641904558],[129.287618107,35.642001841],[129.287870514,35.642240329],[129.287615256,35.643256614],[129.287604355,35.64335819]]]]}},{"type":"Feature","id":"0f8b8a872c01e9cca6cde4b4bdefacf49b65e9c9071734b300d64be3fadf8974","properties":{"zone_group_id":"317102029988","source_manage_no":"317102029988","facility_name":"대안1리 마을회관","facility_type_code":"2","sgg_code":"31710","api_first_registered_on":null,"api_last_modified_on":"2026-03-25","updated_at":"2026-07-25T01:27:52.347112+00:00"},"geometry":{"type":"MultiPolygon","coordinates":[[[[129.283549703,35.411710069],[129.283565846,35.411745807],[129.286241911,35.41106496],[129.286221244,35.411015228],[129.283549703,35.411710069]]]]}},{"type":"Feature","id":"cb7ef83c20bec3ef5ba05d12e2fd9f775b01cc98a439b6d553be3930f20ef067","properties":{"zone_group_id":"317102022987","source_manage_no":"317102022987","facility_name":"대현마을회관","facility_type_code":"2","sgg_code":"31710","api_first_registered_on":null,"api_last_modified_on":"2025-03-24","updated_at":"2026-07-25T01:27:52.347112+00:00"},"geometry":{"type":"MultiPolygon","coordinates":[[[[129.155435867,35.617069186],[129.155437317,35.617123225],[129.156537281,35.617195895],[129.156535467,35.617128346],[129.155435867,35.617069186]]]]}},{"type":"Feature","id":"5ec614af190bea9740edfa481572cb12b55955db38f475732d25e6fd45f01dc9","properties":{"zone_group_id":"317101011921","source_manage_no":"317101011921","facility_name":"덕신초등학교","facility_type_code":"1","sgg_code":"31710","api_first_registered_on":"1996-01-01","api_last_modified_on":null,"updated_at":"2026-07-25T01:27:52.347112+00:00"},"geometry":{"type":"MultiPolygon","coordinates":[[[[129.304236438,35.438135873],[129.304310901,35.438044343],[129.304461093,35.437712582],[129.304773032,35.434609877],[129.304636609,35.434600513],[129.304509659,35.435747305],[129.304423752,35.436595959],[129.304463679,35.436644756],[129.304372031,35.437678239],[129.304248579,35.437982458],[129.304163882,35.438101215],[129.304236438,35.438135873]]],[[[129.306004052,35.4358359],[129.306444505,35.437188109],[129.306866514,35.438279357],[129.307019548,35.438240388],[129.306663328,35.437332605],[129.306555038,35.437010287],[129.306084249,35.435559539],[129.306050294,35.435141187],[129.306075833,35.434685655],[129.305927023,35.434679487],[129.305889194,35.4350902],[129.305913814,35.435567301],[129.306004052,35.4358359]]],[[[129.304657728,35.437445245],[129.304850698,35.437461421],[129.305024702,35.437482183],[129.305343245,35.437522017],[129.305441999,35.43754633],[129.305517994,35.437544737],[129.305925867,35.43748356],[129.306508067,35.43737609],[129.306477838,35.437293423],[129.3055989,35.437456002],[129.305004936,35.437404387],[129.305002622,35.437413727],[129.30453392,35.437356759],[129.304502366,35.437318063],[129.304490072,35.437448025],[129.304525614,35.437427485],[129.304657728,35.437445245]]]]}},{"type":"Feature","id":"307038f2bc05d5c23b252699bb41f73395b41632f71ad05fefeb3091cd28eecb","properties":{"zone_group_id":"317102017656","source_manage_no":"317102017656","facility_name":"덕정경로당","facility_type_code":"2","sgg_code":"31710","api_first_registered_on":"2019-08-05","api_last_modified_on":"2025-03-21","updated_at":"2026-07-25T01:27:52.347112+00:00"},"geometry":{"type":"MultiPolygon","coordinates":[[[[129.295571009,35.487728481],[129.295582924,35.487795835],[129.296200951,35.487691913],[129.296441771,35.487619747],[129.296540143,35.487820616],[129.296570118,35.487817995],[129.296471338,35.487602785],[129.296655121,35.487550154],[129.29734169,35.487567783],[129.297340873,35.487451064],[129.296697679,35.487461286],[129.296151662,35.487631398],[129.295571009,35.487728481]]]]}},{"type":"Feature","id":"cdfcdec09a7c9485b7a472ad37b10f31e286e09291b746b57090c183839fa362","properties":{"zone_group_id":"317102011890","source_manage_no":"317102011890","facility_name":"동문경로당","facility_type_code":"2","sgg_code":"31710","api_first_registered_on":null,"api_last_modified_on":null,"updated_at":"2026-07-25T01:27:52.347112+00:00"},"geometry":{"type":"MultiPolygon","coordinates":[[[[129.208906412,35.464426327],[129.210296304,35.465533564],[129.210450038,35.465404401],[129.209060145,35.464297166],[129.208906412,35.464426327]]]]}},{"type":"Feature","id":"cd5e36f7f662d5a2abca11dc311fa9f2c820485ee67089c9d069003e4b15bd9a","properties":{"zone_group_id":"317102025682","source_manage_no":"317102025682","facility_name":"동부3리경로당","facility_type_code":"2","sgg_code":"31710","api_first_registered_on":null,"api_last_modified_on":"2025-03-21","updated_at":"2026-07-25T01:27:52.347112+00:00"},"geometry":{"type":"MultiPolygon","coordinates":[[[[129.126078273,35.568619526],[129.12616666,35.569877248],[129.12626857,35.569873197],[129.126254195,35.569850923],[129.126232321,35.569544937],[129.12619371,35.569022982],[129.127493662,35.5689685],[129.127494691,35.568903152],[129.126197317,35.568950831],[129.126174848,35.568622327],[129.126078273,35.568619526]]]]}},{"type":"Feature","id":"5ed9daba59dd6fc9abaf223022116c4bc9b4153ae95e20ea9c41c0becb4ff7ae","properties":{"zone_group_id":"317101011896","source_manage_no":"317101011896","facility_name":"두동초등학교","facility_type_code":"1","sgg_code":"31710","api_first_registered_on":"2002-01-01","api_last_modified_on":"2025-12-15","updated_at":"2026-07-25T01:27:52.347112+00:00"},"geometry":{"type":"MultiPolygon","coordinates":[[[[129.199238349,35.65571783],[129.19930672,35.655795425],[129.199912593,35.655444199],[129.201224293,35.654663321],[129.201484739,35.654498618],[129.201740286,35.654356531],[129.201864342,35.654250638],[129.202204616,35.653877228],[129.202260199,35.653790609],[129.202697716,35.653239709],[129.202744551,35.653236599],[129.203321489,35.652536722],[129.203576634,35.652325267],[129.203504534,35.652267555],[129.203218492,35.652504817],[129.202189933,35.653744588],[129.201920149,35.654071656],[129.201737009,35.654237199],[129.201028548,35.654671405],[129.200961064,35.654726704],[129.200108606,35.655244634],[129.19993635,35.655304099],[129.199238349,35.65571783]]]]}},{"type":"Feature","id":"05744b40ae4650170eff72aea9852bae941d1df0cac081cf0fe265752d00df1a","properties":{"zone_group_id":"317101011966","source_manage_no":"317101011966","facility_name":"두서초등학교","facility_type_code":"1","sgg_code":"31710","api_first_registered_on":"2002-01-01","api_last_modified_on":"2025-12-17","updated_at":"2026-07-25T01:27:52.347112+00:00"},"geometry":{"type":"MultiPolygon","coordinates":[[[[129.158415723,35.640021038],[129.158496376,35.640249367],[129.158538958,35.640498654],[129.1587707,35.641521731],[129.15877864,35.641611697],[129.15894801,35.64236782],[129.159001296,35.642502026],[129.159123085,35.642925603],[129.159359571,35.643919308],[129.159370756,35.644027237],[129.159500127,35.644527269],[129.159574058,35.644710664],[129.159611555,35.644770814],[129.159734411,35.644926299],[129.160147392,35.645299596],[129.160212079,35.645242118],[129.159810617,35.644886636],[129.159656084,35.64468216],[129.159550567,35.644350653],[129.159255728,35.643137231],[129.15921105,35.642912762],[129.159125695,35.642612431],[129.158928314,35.641841041],[129.15891701,35.641728609],[129.158514537,35.640001244],[129.158415723,35.640021038]]]]}},{"type":"Feature","id":"0e531f7185e4af73305fcff9360661041daa9e258282317ba312b2cc3242b5bd","properties":{"zone_group_id":"317101011966","source_manage_no":"317101028615","facility_name":"두서초등학교병설유치원","facility_type_code":"1","sgg_code":"31710","api_first_registered_on":null,"api_last_modified_on":"2025-03-20","updated_at":"2026-07-25T01:27:52.347112+00:00"},"geometry":{"type":"MultiPolygon","coordinates":[[[[129.158414586,35.640022936],[129.158949813,35.642376424],[129.15949326,35.644521385],[129.159575952,35.644722645],[129.159738942,35.644933728],[129.160149043,35.645302571],[129.160213579,35.645239464],[129.159816558,35.644895166],[129.159657735,35.644685135],[129.158516188,35.640004219],[129.158414586,35.640022936]]]]}},{"type":"Feature","id":"f5dbc7f7b4ceb09cd457ac488b511332e1e436d2f1e8abfd2588091eda8fdcc7","properties":{"zone_group_id":"317102020950","source_manage_no":"317102020950","facility_name":"두현경로당","facility_type_code":"2","sgg_code":"31710","api_first_registered_on":null,"api_last_modified_on":"2025-03-24","updated_at":"2026-07-25T01:27:52.347112+00:00"},"geometry":{"type":"MultiPolygon","coordinates":[[[[129.260147433,35.526916567],[129.260220496,35.526967009],[129.260303792,35.526891109],[129.260409475,35.526729186],[129.260418407,35.52665468],[129.260436171,35.526600283],[129.260377587,35.526378365],[129.260372028,35.526180233],[129.260267621,35.526191201],[129.260278057,35.526366715],[129.260332142,35.52662476],[129.260317765,35.526701621],[129.260214583,35.526854486],[129.260147433,35.526916567]]]]}},{"type":"Feature","id":"6306ccf1ec03a830b0c382bdeca047392204fd52e0fccf03a4db1bf8f946f2f2","properties":{"zone_group_id":"317102026084","source_manage_no":"317102026084","facility_name":"등억경로당","facility_type_code":"2","sgg_code":"31710","api_first_registered_on":null,"api_last_modified_on":"2025-03-21","updated_at":"2026-07-25T01:27:52.347112+00:00"},"geometry":{"type":"MultiPolygon","coordinates":[[[[129.085561182,35.556268259],[129.085579699,35.556344532],[129.086136389,35.55623127],[129.086603733,35.556074498],[129.087550907,35.55571117],[129.087709091,35.555645353],[129.088090657,35.555476543],[129.088053258,35.555416367],[129.087205055,35.555768973],[129.087125845,35.555797378],[129.086890973,35.555882545],[129.086197373,35.556137851],[129.086035906,35.556183449],[129.085561182,35.556268259]]]]}},{"type":"Feature","id":"a4851f6ac12e68f36a82f959dc6822740bd7f54944dcf27b694c803d550e1737","properties":{"zone_group_id":"317102020710","source_manage_no":"317102020710","facility_name":"마산경로당","facility_type_code":"2","sgg_code":"31710","api_first_registered_on":null,"api_last_modified_on":"2025-03-21","updated_at":"2026-07-25T01:27:52.347112+00:00"},"geometry":{"type":"MultiPolygon","coordinates":[[[[129.118229807,35.537050794],[129.118263931,35.537090744],[129.1187058,35.536810395],[129.118785571,35.536804488],[129.118833351,35.536839692],[129.118842682,35.536880078],[129.118809416,35.537187037],[129.118853612,35.537190766],[129.118866734,35.537165755],[129.118885189,35.536924386],[129.118912648,35.536815771],[129.118804529,35.536687011],[129.118766317,35.536701199],[129.118654969,35.536763981],[129.118229807,35.537050794]]]]}},{"type":"Feature","id":"df7862d61629f490ed114a92238a6447dcb5ab1103e637310fbc1d50d65a0a0d","properties":{"zone_group_id":"317102027595","source_manage_no":"317102027595","facility_name":"망성경로당","facility_type_code":"2","sgg_code":"31710","api_first_registered_on":null,"api_last_modified_on":"2025-03-24","updated_at":"2026-07-25T01:27:52.347112+00:00"},"geometry":{"type":"MultiPolygon","coordinates":[[[[129.229788166,35.586014491],[129.229893467,35.586032816],[129.229900516,35.586386357],[129.229936715,35.586498321],[129.230000414,35.586607524],[129.23005241,35.586593045],[129.230002991,35.5865016],[129.229949818,35.586374181],[129.229973524,35.58603584],[129.230869251,35.586116121],[129.230933458,35.586144217],[129.230947059,35.586038089],[129.230877589,35.586019102],[129.229799324,35.585919672],[129.229788166,35.586014491]]]]}},{"type":"Feature","id":"acd909a7dd6a99eab07924793f8467c70fda0c9763a05c5d965d2b1022c6531b","properties":{"zone_group_id":"317101011935","source_manage_no":"317101011935","facility_name":"명산초등학교","facility_type_code":"1","sgg_code":"31710","api_first_registered_on":"2000-01-01","api_last_modified_on":null,"updated_at":"2026-07-25T01:27:52.347112+00:00"},"geometry":{"type":"MultiPolygon","coordinates":[[[[129.29488887,35.350233455],[129.294894177,35.350420976],[129.29496945,35.350602096],[129.295024061,35.350709236],[129.295279566,35.351280767],[129.295341034,35.351411441],[129.295346143,35.351414879],[129.295336808,35.351480822],[129.295312631,35.351574247],[129.295083634,35.352303727],[129.295005681,35.352611148],[129.295240037,35.352654024],[129.295434899,35.351811943],[129.29541937,35.35170068],[129.295488296,35.351511749],[129.295469079,35.351497619],[129.295492468,35.35151336],[129.295512568,35.351421704],[129.295452965,35.351356915],[129.295419021,35.351251073],[129.295330364,35.351107393],[129.2951369,35.350686809],[129.295111827,35.350602771],[129.295054,35.350527808],[129.295000985,35.35025837],[129.294994817,35.350040441],[129.294885434,35.350039139],[129.29488887,35.350233455]]]]}},{"type":"Feature","id":"a741aebf9c6277ae203e386a01059ffac9a90ef46704f6f268cbd80e72dddaaa","properties":{"zone_group_id":"317101011900","source_manage_no":"317101011900","facility_name":"명지초등학교","facility_type_code":"1","sgg_code":"31710","api_first_registered_on":"2007-01-01","api_last_modified_on":null,"updated_at":"2026-07-25T01:27:52.347112+00:00"},"geometry":{"type":"MultiPolygon","coordinates":[[[[129.235669307,35.571794681],[129.235671686,35.571880239],[129.236881477,35.571750408],[129.237097934,35.572799895],[129.237171715,35.572875116],[129.237294099,35.572913392],[129.238008861,35.572837043],[129.238322775,35.572822201],[129.238736901,35.572841539],[129.239108439,35.572915732],[129.239171444,35.572801927],[129.238839116,35.572749533],[129.23841334,35.572707884],[129.238066357,35.572723341],[129.237263284,35.572796825],[129.237223826,35.57276602],[129.237008434,35.571736783],[129.237854401,35.571645989],[129.237835578,35.571577257],[129.237751568,35.571077604],[129.2374617,35.569423123],[129.237368131,35.569429365],[129.237653978,35.570982916],[129.237658821,35.571156978],[129.237648581,35.571000261],[129.237585938,35.571053822],[129.236008886,35.571255503],[129.235998405,35.571324998],[129.237617001,35.571129306],[129.237659391,35.571165704],[129.237659327,35.571164727],[129.237739605,35.571566293],[129.235669307,35.571794681]]]]}},{"type":"Feature","id":"be7c7f396414a38e3ada58b4bf5f906f9d470202b21a4008f21ec1d4b580de9e","properties":{"zone_group_id":"317101011965","source_manage_no":"317101011965","facility_name":"문수초등학교","facility_type_code":"1","sgg_code":"31710","api_first_registered_on":"2003-01-01","api_last_modified_on":null,"updated_at":"2026-07-25T01:27:52.347112+00:00"},"geometry":{"type":"MultiPolygon","coordinates":[[[[129.239710075,35.518783098],[129.239734307,35.518836713],[129.24055266,35.51860018],[129.240616625,35.518595612],[129.240720697,35.518620711],[129.240976851,35.51859334],[129.240974303,35.518595723],[129.241135249,35.518658623],[129.241257121,35.518803346],[129.241412714,35.519045435],[129.241565866,35.51942273],[129.241650966,35.519583343],[129.241801817,35.519654877],[129.241936747,35.519674332],[129.24187649,35.519514947],[129.241777442,35.519521858],[129.241707323,35.519453891],[129.241663786,35.519300953],[129.241550319,35.519012465],[129.241449768,35.51881666],[129.241285064,35.518618668],[129.241125434,35.518454372],[129.241120698,35.518458802],[129.240786448,35.518531633],[129.240698249,35.518556926],[129.240590091,35.518533593],[129.239710075,35.518783098]]]]}},{"type":"Feature","id":"0d510acd6d80033bb3f59879a163b0e537278b67a844d04a4c77411a0f9bbfc9","properties":{"zone_group_id":"317101011936","source_manage_no":"317101011936","facility_name":"반곡초등학교","facility_type_code":"1","sgg_code":"31710","api_first_registered_on":"2002-01-01","api_last_modified_on":"2025-12-17","updated_at":"2026-07-25T01:27:52.347112+00:00"},"geometry":{"type":"MultiPolygon","coordinates":[[[[129.139412321,35.602038501],[129.140130691,35.602974875],[129.140878717,35.603925747],[129.141089304,35.603833886],[129.140326679,35.602876778],[129.1396066,35.601938922],[129.139412321,35.602038501]]]]}},{"type":"Feature","id":"5ec7b361f703514608eec2cb465204b50b8046aaaae3c08467c2e5899862a395","properties":{"zone_group_id":"317102018092","source_manage_no":"317102018092","facility_name":"반용경로당","facility_type_code":"2","sgg_code":"31710","api_first_registered_on":"2019-08-05","api_last_modified_on":"2025-03-21","updated_at":"2026-07-25T01:27:52.347112+00:00"},"geometry":{"type":"MultiPolygon","coordinates":[[[[129.268331663,35.621541348],[129.268403929,35.621560261],[129.268540127,35.621303145],[129.268769779,35.620936141],[129.268806559,35.620773257],[129.268715247,35.620763714],[129.26868379,35.62091974],[129.268454137,35.621286744],[129.268331663,35.621541348]]]]}},{"type":"Feature","id":"b7a374d93ce54a277980d723cda3d54276326569677638df9cd95690804cfaf1","properties":{"zone_group_id":"317101011938","source_manage_no":"317101011938","facility_name":"반천초등학교","facility_type_code":"1","sgg_code":"31710","api_first_registered_on":"2000-01-01","api_last_modified_on":"2025-12-17","updated_at":"2026-07-25T01:27:52.347112+00:00"},"geometry":{"type":"MultiPolygon","coordinates":[[[[129.178839142,35.554647745],[129.179253085,35.554933795],[129.180182104,35.555646873],[129.18045162,35.55582672],[129.181539129,35.556487361],[129.181759054,35.556668102],[129.182010441,35.556992448],[129.18244648,35.557619818],[129.182720649,35.557970782],[129.183311011,35.558525084],[129.18337523,35.558475623],[129.182835643,35.557941667],[129.182400699,35.557354827],[129.181890458,35.556634185],[129.181592448,35.55638957],[129.181619593,35.556404806],[129.182054799,35.555883308],[129.182786045,35.555350814],[129.183003113,35.555222983],[129.183225331,35.55498017],[129.183295143,35.554809951],[129.183370887,35.554756766],[129.183339785,35.554728044],[129.183247814,35.554792787],[129.183178185,35.55496976],[129.183039183,35.555129968],[129.182976788,35.555167142],[129.182808523,35.555264804],[129.18254853,35.555436214],[129.181997922,35.555819009],[129.18155506,35.55635888],[129.181552122,35.556356468],[129.180195953,35.555547503],[129.179323626,35.55489197],[129.178903361,35.554598286],[129.178839142,35.554647745]]]]}},{"type":"Feature","id":"eedd02eb9c4f1c17b6d8d4ce3d54231b3696b420bb0f665b22da6a4557436553","properties":{"zone_group_id":"317102020712","source_manage_no":"317102020712","facility_name":"방기경로당","facility_type_code":"2","sgg_code":"31710","api_first_registered_on":null,"api_last_modified_on":"2025-03-21","updated_at":"2026-07-25T01:27:52.347112+00:00"},"geometry":{"type":"MultiPolygon","coordinates":[[[[129.085777451,35.507341013],[129.085789806,35.507392614],[129.085833635,35.507382844],[129.086423124,35.50705951],[129.086735272,35.506878393],[129.086704397,35.506856399],[129.086489931,35.506979507],[129.086408423,35.50702372],[129.085924994,35.507293406],[129.085818642,35.507335795],[129.085777451,35.507341013]]]]}},{"type":"Feature","id":"7cfd547e421f47c6d40455095c1bf6a931087ee1a6d9a874aeec6acae171b8b7","properties":{"zone_group_id":"317101011942","source_manage_no":"317101011942","facility_name":"방기초등학교","facility_type_code":"1","sgg_code":"31710","api_first_registered_on":"2000-01-01","api_last_modified_on":null,"updated_at":"2026-07-25T01:27:52.347112+00:00"},"geometry":{"type":"MultiPolygon","coordinates":[[[[129.090603185,35.505928371],[129.091146359,35.506263628],[129.091614133,35.50655964],[129.09202947,35.506852055],[129.092203948,35.506993206],[129.092774705,35.507753752],[129.092963417,35.508018557],[129.093190391,35.508271434],[129.093430084,35.508483539],[129.093543175,35.508382454],[129.093298793,35.508201969],[129.093083243,35.507964663],[129.092481962,35.507089757],[129.092316687,35.506878611],[129.092189902,35.506770425],[129.091839363,35.506533206],[129.091784228,35.50653191],[129.090694713,35.505845684],[129.090603185,35.505928371]]]]}},{"type":"Feature","id":"f77c4d10c7512411f6cb4d12c37fbf7d024edd114d77f60fa51885d28f899926","properties":{"zone_group_id":"317102027592","source_manage_no":"317102027592","facility_name":"방천1리경로당","facility_type_code":"2","sgg_code":"31710","api_first_registered_on":null,"api_last_modified_on":"2025-03-24","updated_at":"2026-07-25T01:27:52.347112+00:00"},"geometry":{"type":"MultiPolygon","coordinates":[[[[129.115080099,35.564638672],[129.115536261,35.565525005],[129.11538881,35.565579407],[129.115440486,35.565657346],[129.115574455,35.565614445],[129.115632177,35.565712552],[129.115741639,35.565681345],[129.115695059,35.565587547],[129.116575822,35.565425652],[129.116559614,35.565333574],[129.115643086,35.56549835],[129.115593336,35.565388839],[129.115226747,35.564658625],[129.115080099,35.564638672]]]]}},{"type":"Feature","id":"b60f07a000111157a29fdadce43dca024ba555b0fb5e00e278cda00d8b45f602","properties":{"zone_group_id":"317102027596","source_manage_no":"317102027596","facility_name":"방천2리경로당","facility_type_code":"2","sgg_code":"31710","api_first_registered_on":null,"api_last_modified_on":"2025-03-24","updated_at":"2026-07-25T01:27:52.347112+00:00"},"geometry":{"type":"MultiPolygon","coordinates":[[[[129.118587251,35.567158711],[129.118652534,35.567229651],[129.119106059,35.566967117],[129.119150335,35.567182602],[129.119237966,35.567473917],[129.119304381,35.567797144],[129.119356565,35.567789468],[129.119295602,35.567463893],[129.119278797,35.567349298],[129.119261545,35.567113064],[129.119214573,35.566899879],[129.119502183,35.566723612],[129.119433908,35.566643714],[129.118587251,35.567158711]]]]}},{"type":"Feature","id":"5e7777db3ab11bf0d6e3d13f8c66f15b8bd40f0fcf5bd7a8833a1a827e6c65d5","properties":{"zone_group_id":"317101011970","source_manage_no":"317101011970","facility_name":"범서초등학교","facility_type_code":"1","sgg_code":"31710","api_first_registered_on":"2001-01-01","api_last_modified_on":null,"updated_at":"2026-07-25T01:27:52.347112+00:00"},"geometry":{"type":"MultiPolygon","coordinates":[[[[129.228911188,35.56323395],[129.229100537,35.563273549],[129.230227967,35.563522002],[129.230278078,35.563576008],[129.230314358,35.563429552],[129.229108807,35.563167615],[129.228964898,35.563144078],[129.227871771,35.562907655],[129.227776028,35.562886607],[129.227722775,35.562980555],[129.228911188,35.56323395]]],[[[129.229915218,35.564901684],[129.229953328,35.564914501],[129.23044569,35.565455565],[129.230552714,35.565385974],[129.229820259,35.564649063],[129.229902188,35.564593313],[129.229882171,35.564580161],[129.229907205,35.564475748],[129.230224081,35.564152961],[129.230293605,35.564160971],[129.230318939,35.564104723],[129.230284565,35.564096063],[129.230293354,35.564077308],[129.230325688,35.564049665],[129.23034712,35.564001942],[129.230342447,35.56398259],[129.230440923,35.563635815],[129.230442319,35.563632465],[129.230469054,35.563612053],[129.230847389,35.563690548],[129.230903753,35.563727536],[129.230910354,35.563741781],[129.230973745,35.563752439],[129.230987504,35.563726408],[129.230999323,35.563723654],[129.231781916,35.563889033],[129.231918058,35.563961869],[129.232134935,35.564005601],[129.232182867,35.563999642],[129.232632426,35.564078925],[129.232661524,35.563934715],[129.23050774,35.563477807],[129.230507549,35.563478253],[129.230464812,35.563446628],[129.230461207,35.563428524],[129.230582093,35.563050628],[129.230621835,35.562923405],[129.230538075,35.562905518],[129.230492719,35.563047916],[129.230367957,35.563416587],[129.230315882,35.563428538],[129.230507347,35.56347872],[129.230476079,35.563551426],[129.230506385,35.563478677],[129.230315216,35.563429395],[129.230280099,35.563580478],[129.230175132,35.563935683],[129.230033456,35.564123388],[129.229685567,35.564465482],[129.229633474,35.564461138],[129.229630543,35.564458189],[129.229543296,35.564519808],[129.229915218,35.564901684]]]]}},{"type":"Feature","id":"794040d4135fb304b233854552e1197d72592cd94ae98d53aae06ef667743508","properties":{"zone_group_id":"317101011972","source_manage_no":"317101011972","facility_name":"보배이엔이어린이집","facility_type_code":"1","sgg_code":"31710","api_first_registered_on":"2003-01-01","api_last_modified_on":null,"updated_at":"2026-07-25T01:27:52.347112+00:00"},"geometry":{"type":"MultiPolygon","coordinates":[[[[129.232267765,35.56616295],[129.232313299,35.5661148],[129.232333482,35.565848608],[129.232411046,35.565365096],[129.232382517,35.564933108],[129.232348013,35.564881935],[129.232301918,35.564909821],[129.232328093,35.564958896],[129.232353054,35.565361665],[129.232274352,35.566002887],[129.232267765,35.56616295]]]]}},{"type":"Feature","id":"356be4495ffacd3f005eeb09d1139e9aeafab97266f533a2688647c44f150c0d","properties":{"zone_group_id":"317102026775","source_manage_no":"317102026775","facility_name":"보은마을회관","facility_type_code":"2","sgg_code":"31710","api_first_registered_on":"2023-07-19","api_last_modified_on":"2025-03-24","updated_at":"2026-07-25T01:27:52.347112+00:00"},"geometry":{"type":"MultiPolygon","coordinates":[[[[129.130555065,35.515322957],[129.130622591,35.51537583],[129.131253793,35.515071817],[129.131473432,35.514833648],[129.131835028,35.514128901],[129.131875043,35.513975006],[129.132624664,35.513565265],[129.132583964,35.513484886],[129.13173627,35.51393691],[129.131718764,35.514108429],[129.131240038,35.514968433],[129.130555065,35.515322957]]]]}},{"type":"Feature","id":"1eb895569e6c1dbf2ff942b7e323b641564acc0a2471394221ffd07a542600c1","properties":{"zone_group_id":"317102024532","source_manage_no":"317102024532","facility_name":"사촌마을회관","facility_type_code":"2","sgg_code":"31710","api_first_registered_on":"2021-07-19","api_last_modified_on":"2025-03-24","updated_at":"2026-07-25T01:27:52.347112+00:00"},"geometry":{"type":"MultiPolygon","coordinates":[[[[129.155712728,35.521073337],[129.15571735,35.52114309],[129.156284838,35.521137447],[129.156683565,35.521621413],[129.156759478,35.521575],[129.156371587,35.521084083],[129.156655398,35.520774886],[129.156577316,35.520740239],[129.156417668,35.5209526],[129.156307457,35.521055944],[129.155941087,35.521060243],[129.155712728,35.521073337]]]]}},{"type":"Feature","id":"d1fbfa6816e0761d29f27fd391df49cd5e5feda9fd7477506542ddc63d8d8196","properties":{"zone_group_id":"317102024533","source_manage_no":"317102024533","facility_name":"산현마을회관","facility_type_code":"2","sgg_code":"31710","api_first_registered_on":"2021-07-19","api_last_modified_on":"2025-03-24","updated_at":"2026-07-25T01:27:52.347112+00:00"},"geometry":{"type":"MultiPolygon","coordinates":[[[[129.177684841,35.488461048],[129.177824281,35.48872886],[129.178249851,35.489392492],[129.178476056,35.489609175],[129.178750238,35.48976642],[129.178908911,35.489930256],[129.179026998,35.490630978],[129.179115098,35.490629386],[129.17900422,35.489991611],[129.178928139,35.489826283],[129.178775215,35.489671353],[129.178545813,35.489540333],[129.178342605,35.489359278],[129.178072873,35.488958656],[129.17779788,35.488567139],[129.177714474,35.48833436],[129.177688803,35.488199659],[129.177606819,35.488223666],[129.177684841,35.488461048]]],[[[129.175880897,35.490408436],[129.176044019,35.4903289],[129.176354838,35.490210655],[129.17663517,35.490187574],[129.1768006,35.490193599],[129.177069555,35.490157207],[129.177294338,35.490117105],[129.17765313,35.489939419],[129.178161231,35.489578817],[129.178329369,35.489481165],[129.178272484,35.48941461],[129.178077665,35.489544282],[129.177759365,35.489793326],[129.177433854,35.489979422],[129.176990524,35.490086545],[129.176765133,35.49010413],[129.176342246,35.490152311],[129.175965839,35.490289761],[129.175846159,35.490345986],[129.175880897,35.490408436]]]]}},{"type":"Feature","id":"92e0043319560d0adeb16089206a770135f87aedb2c987a1c0028df6925328e1","properties":{"zone_group_id":"317101018998","source_manage_no":"317101018998","facility_name":"삼남초등학교","facility_type_code":"1","sgg_code":"31710","api_first_registered_on":"2020-08-03","api_last_modified_on":null,"updated_at":"2026-07-25T01:27:52.347112+00:00"},"geometry":{"type":"MultiPolygon","coordinates":[[[[129.125991083,35.556447183],[129.12620304,35.556957069],[129.126383475,35.55689982],[129.126161208,35.556417149],[129.126203392,35.556344317],[129.128832352,35.555473403],[129.12877355,35.555334772],[129.126160295,35.556173868],[129.126057253,35.556238763],[129.125993739,35.556339004],[129.125991083,35.556447183]]]]}},{"type":"Feature","id":"974ef261135319a995a953e392b4c9652bfd5cf7b0aa9550181f46c33a86cf42","properties":{"zone_group_id":"317101011978","source_manage_no":"317101011978","facility_name":"삼동초등학교","facility_type_code":"1","sgg_code":"31710","api_first_registered_on":"2000-01-01","api_last_modified_on":null,"updated_at":"2026-07-25T01:27:52.347112+00:00"},"geometry":{"type":"MultiPolygon","coordinates":[[[[129.157448301,35.522536121],[129.157673356,35.522874804],[129.158325494,35.523662854],[129.158745034,35.524202759],[129.158965783,35.524419574],[129.159194292,35.524514603],[129.159420388,35.524519564],[129.159623604,35.524493397],[129.160355845,35.52425951],[129.160320922,35.524190301],[129.159616165,35.524421442],[129.159407561,35.524452212],[129.159169965,35.524429434],[129.159002534,35.524351334],[129.158798552,35.524143229],[129.158398955,35.523627748],[129.157823775,35.522935189],[129.157525634,35.522503493],[129.157448301,35.522536121]]]]}},{"type":"Feature","id":"d5a93250a7b93d0190f98300f3242622b3782de60da1d1b9264103818a6a9ab9","properties":{"zone_group_id":"317101011953","source_manage_no":"317101011953","facility_name":"삼일어린이집","facility_type_code":"1","sgg_code":"31710","api_first_registered_on":"2005-01-01","api_last_modified_on":null,"updated_at":"2026-07-25T01:27:52.347112+00:00"},"geometry":{"type":"MultiPolygon","coordinates":[[[[129.110312182,35.567439077],[129.110384603,35.567467094],[129.110625644,35.567085037],[129.111208648,35.567349033],[129.111315558,35.567430512],[129.11160881,35.56778356],[129.111682096,35.567739474],[129.111479868,35.567492963],[129.111405851,35.56740415],[129.111281756,35.567298192],[129.110670719,35.567013593],[129.110959387,35.56655604],[129.110880242,35.566524126],[129.110312182,35.567439077]]]]}},{"type":"Feature","id":"e9f06dbdfbb50150afc91588e6871a8ee31e7ed6550a823761a5cf273c190514","properties":{"zone_group_id":"317101011948","source_manage_no":"317101011948","facility_name":"삼정초등학교","facility_type_code":"1","sgg_code":"31710","api_first_registered_on":"2002-01-01","api_last_modified_on":null,"updated_at":"2026-07-25T01:27:52.347112+00:00"},"geometry":{"type":"MultiPolygon","coordinates":[[[[129.230360427,35.491658654],[129.230588009,35.491782906],[129.230822303,35.49188844],[129.231152164,35.492013334],[129.231381469,35.492094028],[129.231536186,35.49212328],[129.231575105,35.492000563],[129.231538798,35.492124359],[129.231710273,35.492137103],[129.231833858,35.492123829],[129.232704534,35.492046019],[129.233153786,35.492117989],[129.233635315,35.492311059],[129.233858863,35.492475946],[129.234448267,35.493169869],[129.234606724,35.493110309],[129.23434494,35.492758513],[129.233827806,35.492100436],[129.233670797,35.491988406],[129.233522441,35.491927768],[129.233502685,35.491921501],[129.233520795,35.491865927],[129.233533863,35.491343055],[129.233373812,35.491332503],[129.233382705,35.491852715],[129.233373224,35.49188043],[129.233358834,35.491875864],[129.23319954,35.491867827],[129.23297572,35.491879578],[129.232516203,35.49192189],[129.231683583,35.491999981],[129.231576554,35.491995622],[129.231576019,35.491997447],[129.231399928,35.491958465],[129.230949715,35.491795654],[129.230433859,35.491549964],[129.230360427,35.491658654]]]]}},{"type":"Feature","id":"0a542ec87dc47ce316138e28dbc06ea7110730985e44bae51855c76edf520626","properties":{"zone_group_id":"317101011949","source_manage_no":"317101011949","facility_name":"삼평초등학교","facility_type_code":"1","sgg_code":"31710","api_first_registered_on":"2001-01-01","api_last_modified_on":null,"updated_at":"2026-07-25T01:27:52.347112+00:00"},"geometry":{"type":"MultiPolygon","coordinates":[[[[129.320684211,35.406116307],[129.320818334,35.406103868],[129.32139947,35.406075793],[129.321619965,35.405992956],[129.321862457,35.405849691],[129.322142593,35.40575979],[129.322255932,35.40575423],[129.323087725,35.405735691],[129.323191406,35.405753134],[129.323443013,35.405691778],[129.323194372,35.405754626],[129.323346643,35.405775359],[129.32348091,35.405815877],[129.323584482,35.405829518],[129.323719532,35.405843399],[129.323735845,35.405746741],[129.323620304,35.405729526],[129.32350156,35.405708571],[129.323496562,35.405678243],[129.323496017,35.40567838],[129.32353887,35.405624467],[129.323595206,35.405592113],[129.323753149,35.405540901],[129.323717894,35.405462982],[129.323199288,35.405626354],[129.323110337,35.405648771],[129.322173951,35.405671998],[129.322062905,35.405685543],[129.32195816,35.405720941],[129.321827701,35.405777115],[129.321473779,35.405962525],[129.321369762,35.405987344],[129.321046746,35.406003273],[129.320682166,35.406009015],[129.320684211,35.406116307]]]]}},{"type":"Feature","id":"8effd504461aa80ac5429bbaeb28497ddc98c0590cfd721c1068ed6c3f95f1db","properties":{"zone_group_id":"317102030002","source_manage_no":"317102030002","facility_name":"삽재경로당","facility_type_code":"2","sgg_code":"31710","api_first_registered_on":null,"api_last_modified_on":"2026-03-25","updated_at":"2026-07-25T01:27:52.347112+00:00"},"geometry":{"type":"MultiPolygon","coordinates":[[[[129.055061808,35.632323573],[129.05515823,35.632317421],[129.055129831,35.632178235],[129.055291881,35.631286758],[129.055224047,35.631277779],[129.055094335,35.632031286],[129.055064985,35.632178216],[129.055061808,35.632323573]]]]}},{"type":"Feature","id":"401ce41144f0103ad61506331fa9425cd1da5b2665304f8668aa6213ae2bbfc8","properties":{"zone_group_id":"317102024488","source_manage_no":"317102024488","facility_name":"상발경로당","facility_type_code":"2","sgg_code":"31710","api_first_registered_on":"2021-07-27","api_last_modified_on":"2025-03-24","updated_at":"2026-07-25T01:27:52.347112+00:00"},"geometry":{"type":"MultiPolygon","coordinates":[[[[129.296305139,35.408531212],[129.296317737,35.40858729],[129.29641981,35.408596612],[129.296550474,35.408546819],[129.296726483,35.408446605],[129.297888824,35.407809497],[129.297932633,35.407898771],[129.29798674,35.407866203],[129.297965059,35.407781013],[129.298054213,35.407722999],[129.297968769,35.407717867],[129.296510886,35.408509277],[129.296390776,35.408543099],[129.296305139,35.408531212]]]]}},{"type":"Feature","id":"0a1f94a2d71a885aa68dbe8bfb63bf7101daa1bb38a5d04d96e8e33872d17921","properties":{"zone_group_id":"317102020713","source_manage_no":"317102020713","facility_name":"상방경로당","facility_type_code":"2","sgg_code":"31710","api_first_registered_on":null,"api_last_modified_on":"2025-03-21","updated_at":"2026-07-25T01:27:52.347112+00:00"},"geometry":{"type":"MultiPolygon","coordinates":[[[[129.080417948,35.509944543],[129.080585687,35.510572428],[129.08068425,35.510548199],[129.080511059,35.509922662],[129.080417948,35.509944543]]]]}},{"type":"Feature","id":"8d61fe33e6559d346c43ae4df527dca688157d9cb8c52b0bf2ec5fb259685a2a","properties":{"zone_group_id":"317102018089","source_manage_no":"317102018089","facility_name":"상북분회경로당","facility_type_code":"2","sgg_code":"31710","api_first_registered_on":"2019-08-05","api_last_modified_on":"2025-03-21","updated_at":"2026-07-25T01:27:52.347112+00:00"},"geometry":{"type":"MultiPolygon","coordinates":[[[[129.088686126,35.591505423],[129.088778322,35.591579584],[129.089497495,35.590985498],[129.089755382,35.590778277],[129.089660678,35.59070416],[129.088921599,35.59130472],[129.088686126,35.591505423]]]]}},{"type":"Feature","id":"bf2d5677a9858d358cf9db7ea3ab2e6de7885530f616f98cdb428e61b15e1925","properties":{"zone_group_id":"317101011945","source_manage_no":"317101011945","facility_name":"상북초등학교","facility_type_code":"1","sgg_code":"31710","api_first_registered_on":null,"api_last_modified_on":null,"updated_at":"2026-07-25T01:27:52.347112+00:00"},"geometry":{"type":"MultiPolygon","coordinates":[[[[129.090802724,35.589928232],[129.091166482,35.590129171],[129.091731596,35.590436998],[129.09228293,35.590745062],[129.092482937,35.59080016],[129.092649981,35.590860335],[129.092750512,35.590908149],[129.093016621,35.591065724],[129.09318566,35.591202458],[129.093295108,35.591274897],[129.09385748,35.591582761],[129.093980595,35.591650457],[129.094182248,35.5917686],[129.094889798,35.592143771],[129.095166707,35.592292142],[129.095278797,35.592360028],[129.096081908,35.592803364],[129.096929447,35.593680702],[129.097007866,35.593620766],[129.096177455,35.592765658],[129.094103416,35.591601014],[129.093846336,35.59147257],[129.093776713,35.591446747],[129.093326136,35.591195511],[129.093190647,35.591076217],[129.093061257,35.590979344],[129.09288477,35.590874279],[129.092608338,35.590743916],[129.092455371,35.590694759],[129.092308152,35.590654514],[129.091004841,35.589958515],[129.090869884,35.589859484],[129.090802724,35.589928232]]]]}},{"type":"Feature","id":"8b55dadf8a3e7cd2b3ac4411cd0b255aaf93200915287e397088eacc28c28e24","properties":{"zone_group_id":"317101011958","source_manage_no":"317101011958","facility_name":"상북초등학교소호분교","facility_type_code":"1","sgg_code":"31710","api_first_registered_on":"2005-01-01","api_last_modified_on":null,"updated_at":"2026-07-25T01:27:52.347112+00:00"},"geometry":{"type":"MultiPolygon","coordinates":[[[[129.082533803,35.668534702],[129.082616177,35.66859579],[129.082787438,35.668809089],[129.083450158,35.669600153],[129.083899668,35.669839045],[129.084184339,35.669952384],[129.084287861,35.67003],[129.0845512,35.670278872],[129.084627806,35.670356953],[129.084868233,35.670680561],[129.084868618,35.670680429],[129.084864136,35.670682321],[129.084916246,35.670774344],[129.084930515,35.670845057],[129.084916839,35.671115621],[129.08489538,35.671166679],[129.084389729,35.671557275],[129.084152248,35.671824956],[129.084102848,35.671996456],[129.084188051,35.672006807],[129.084221714,35.67194709],[129.084321336,35.671794995],[129.084423863,35.671674952],[129.084670233,35.671510178],[129.084938676,35.671317989],[129.085002167,35.671210447],[129.085067223,35.67076497],[129.084971147,35.670655124],[129.084976832,35.670634751],[129.084952332,35.670645093],[129.084977388,35.670632228],[129.084968524,35.670609854],[129.085003811,35.670586715],[129.085193218,35.670545138],[129.085420144,35.670460108],[129.085538865,35.670354425],[129.086017681,35.669870802],[129.08625676,35.669722484],[129.086763979,35.669375782],[129.086698812,35.669311583],[129.086000953,35.669758456],[129.085893154,35.669859444],[129.085460194,35.670301723],[129.085346582,35.670391548],[129.085248237,35.670431548],[129.085083959,35.670483954],[129.08491845,35.670489074],[129.084848685,35.670476605],[129.084852476,35.67047302],[129.084816969,35.670461808],[129.084561609,35.670121564],[129.08450214,35.670065149],[129.084349721,35.669939383],[129.08418188,35.669857812],[129.08398778,35.669802039],[129.08382831,35.669723702],[129.083513072,35.669550067],[129.083374447,35.669397029],[129.083104778,35.669063787],[129.082602885,35.668482821],[129.082533803,35.668534702]],[[129.084816085,35.670507441],[129.084818043,35.670505589],[129.084935657,35.670652131],[129.084932744,35.670653361],[129.084816085,35.670507441]]]]}},{"type":"Feature","id":"244376ed43758cd8748b55016fe7daf36ecee62bcc530031cd77627077e04f57","properties":{"zone_group_id":"317102020700","source_manage_no":"317102020700","facility_name":"상월평경로당","facility_type_code":"2","sgg_code":"31710","api_first_registered_on":null,"api_last_modified_on":"2025-03-21","updated_at":"2026-07-25T01:27:52.347112+00:00"},"geometry":{"type":"MultiPolygon","coordinates":[[[[129.223508282,35.688755516],[129.223795555,35.688759217],[129.224333731,35.688650153],[129.22442669,35.688616898],[129.224804794,35.68851079],[129.224870905,35.688505063],[129.225023579,35.68843466],[129.225170482,35.688355353],[129.225256544,35.688272666],[129.225194327,35.688219753],[129.225086436,35.688311854],[129.224993729,35.688354116],[129.224786109,35.688434546],[129.223820777,35.68867315],[129.223511676,35.688678863],[129.223508282,35.688755516]]]]}},{"type":"Feature","id":"ba77bf3a6aae6d183407e69b0c1c7345a105e6fae83a0f4335fb9842e79c89bb","properties":{"zone_group_id":"317102029991","source_manage_no":"317102029991","facility_name":"상작마을회관","facility_type_code":"2","sgg_code":"31710","api_first_registered_on":null,"api_last_modified_on":"2026-03-25","updated_at":"2026-07-25T01:27:52.347112+00:00"},"geometry":{"type":"MultiPolygon","coordinates":[[[[129.187289697,35.51843095],[129.187320235,35.518490093],[129.187358501,35.518478698],[129.187400012,35.518459923],[129.187446908,35.518436545],[129.187492259,35.518407],[129.187522693,35.518386174],[129.187552437,35.518365359],[129.187582014,35.518338353],[129.187608989,35.518317026],[129.187638458,35.51828608],[129.187681944,35.518238547],[129.187714963,35.518211478],[129.187751394,35.518183221],[129.187813713,35.518144357],[129.187892495,35.518102941],[129.188027522,35.518052621],[129.18813692,35.518022476],[129.188250571,35.51799676],[129.188370066,35.517983328],[129.188462326,35.517981653],[129.188645379,35.517974951],[129.188647889,35.517915208],[129.188598286,35.517914982],[129.188460584,35.517917482],[129.188352013,35.517927337],[129.188249012,35.517939344],[129.188154456,35.517957955],[129.188039519,35.517987074],[129.187945391,35.518021447],[129.187875774,35.518045237],[129.187783267,35.518088591],[129.187707254,35.51813052],[129.18763736,35.518194864],[129.187529887,35.518295934],[129.187467919,35.518347745],[129.187417733,35.518376814],[129.187377064,35.518401206],[129.187289697,35.51843095]]]]}},{"type":"Feature","id":"58818782713f18e35108628d488cf6dcb391c503e734e8c88b8a2f4d1360dd85","properties":{"zone_group_id":"317102020951","source_manage_no":"317102020951","facility_name":"상정경로당","facility_type_code":"2","sgg_code":"31710","api_first_registered_on":null,"api_last_modified_on":"2025-03-24","updated_at":"2026-07-25T01:27:52.347112+00:00"},"geometry":{"type":"MultiPolygon","coordinates":[[[[129.265656204,35.494138339],[129.266335265,35.494287774],[129.266364567,35.494350299],[129.266032452,35.494588567],[129.266097545,35.494650419],[129.266899903,35.494090188],[129.266834873,35.494030588],[129.266672472,35.494132759],[129.26638267,35.494210291],[129.265697977,35.494056457],[129.265656204,35.494138339]]]]}},{"type":"Feature","id":"b90659914200ee627563cc4e061fc79eb26c6f97ac12abc8b377871122a0c595","properties":{"zone_group_id":"317102027594","source_manage_no":"317102027594","facility_name":"상평2리경로당","facility_type_code":"2","sgg_code":"31710","api_first_registered_on":null,"api_last_modified_on":"2025-03-24","updated_at":"2026-07-25T01:27:52.347112+00:00"},"geometry":{"type":"MultiPolygon","coordinates":[[[[129.116860864,35.561169712],[129.11704522,35.561889605],[129.117157669,35.561867355],[129.11707755,35.56154662],[129.118211755,35.561274382],[129.118176316,35.561184895],[129.117055653,35.561447884],[129.116967742,35.561145307],[129.116860864,35.561169712]]]]}},{"type":"Feature","id":"03756c45c3c5a1d8722d84cdd030a5c42b0e8b81823a691cbdc457f13cdfa9e4","properties":{"zone_group_id":"317102017654","source_manage_no":"317102017654","facility_name":"서부노인복지관","facility_type_code":"2","sgg_code":"31710","api_first_registered_on":"2019-06-25","api_last_modified_on":"2025-03-21","updated_at":"2026-07-25T01:27:52.347112+00:00"},"geometry":{"type":"MultiPolygon","coordinates":[[[[129.112379487,35.556472577],[129.112381142,35.556535625],[129.112863312,35.556419186],[129.112954805,35.556755349],[129.113058923,35.556730996],[129.112968256,35.556393843],[129.113668657,35.556224699],[129.113638855,35.556139617],[129.112379487,35.556472577]]]]}},{"type":"Feature","id":"1901034e65ff8996ad0d0fd691ea5650dad2e4c33b932c606b3a42f95cd553de","properties":{"zone_group_id":"317102020718","source_manage_no":"317102020718","facility_name":"서생마을회관","facility_type_code":"2","sgg_code":"31710","api_first_registered_on":null,"api_last_modified_on":"2025-03-21","updated_at":"2026-07-25T01:27:52.347112+00:00"},"geometry":{"type":"MultiPolygon","coordinates":[[[[129.338922175,35.383774451],[129.339294729,35.383911407],[129.340109155,35.384204246],[129.340314938,35.384281355],[129.340714923,35.384415522],[129.340760667,35.384475457],[129.340852985,35.384338506],[129.340778821,35.384342197],[129.338977763,35.383699036],[129.338922175,35.383774451]]]]}},{"type":"Feature","id":"c43038433038116278c94e3557d0ebf2eb811a81062499d07eec65e0a2f538d3","properties":{"zone_group_id":"317101011959","source_manage_no":"317101011959","facility_name":"서생초등학교","facility_type_code":"1","sgg_code":"31710","api_first_registered_on":null,"api_last_modified_on":"2025-12-17","updated_at":"2026-07-25T01:27:52.347112+00:00"},"geometry":{"type":"MultiPolygon","coordinates":[[[[129.324609733,35.355187214],[129.32458991,35.355035538],[129.324622106,35.355186976],[129.324863946,35.355706077],[129.324912895,35.35583016],[129.325055661,35.356347788],[129.325079963,35.356475724],[129.325093733,35.356668066],[129.325285523,35.356880634],[129.325368008,35.356879046],[129.32558503,35.357108023],[129.325735593,35.357034164],[129.325674947,35.35693396],[129.3256028,35.356864389],[129.3254033,35.356526944],[129.324899507,35.354931587],[129.324794193,35.354568675],[129.324733316,35.354316417],[129.324740653,35.354140564],[129.324893666,35.353576695],[129.325307645,35.352328611],[129.325045701,35.352259313],[129.324784965,35.353095581],[129.324419166,35.354153509],[129.324456458,35.35444677],[129.324536251,35.354783141],[129.32454735,35.354835348],[129.324469433,35.354899315],[129.324173326,35.354790124],[129.324057017,35.35490725],[129.324609733,35.355187214]]],[[[129.324821209,35.357237614],[129.325260971,35.356887865],[129.325089899,35.356678277],[129.324647659,35.357085518],[129.324821209,35.357237614]]]]}},{"type":"Feature","id":"9ce51b8aeb57b7b28fcf610466e5c6f64297ea11c79537cab4ce1f91bf8afbc1","properties":{"zone_group_id":"317101011894","source_manage_no":"317101011894","facility_name":"석남유치원","facility_type_code":"1","sgg_code":"31710","api_first_registered_on":"2000-01-01","api_last_modified_on":null,"updated_at":"2026-07-25T01:27:52.347112+00:00"},"geometry":{"type":"MultiPolygon","coordinates":[[[[129.11613891,35.56128827],[129.116707556,35.563621141],[129.116982063,35.56357577],[129.116402387,35.561243094],[129.11613891,35.56128827]]]]}},{"type":"Feature","id":"77890c472fe5ab04f4057aa23ccd29069b3eb1a614d96f9745f2beca47bbca32","properties":{"zone_group_id":"317102029990","source_manage_no":"317102029990","facility_name":"석천경로당","facility_type_code":"2","sgg_code":"31710","api_first_registered_on":null,"api_last_modified_on":"2026-03-25","updated_at":"2026-07-25T01:27:52.347112+00:00"},"geometry":{"type":"MultiPolygon","coordinates":[[[[129.234932299,35.47057184],[129.236176451,35.470726186],[129.236460941,35.470756955],[129.237548233,35.470865198],[129.237555132,35.470816074],[129.237000102,35.470761038],[129.236605207,35.470721053],[129.235997508,35.470653473],[129.234939247,35.470524404],[129.234932299,35.47057184]]]]}},{"type":"Feature","id":"aa301a494f469ad79f5b357c2b022d78fc3f79879d2d7758727ea515f5db0e74","properties":{"zone_group_id":"317101011956","source_manage_no":"317101011956","facility_name":"성동초등학교","facility_type_code":"1","sgg_code":"31710","api_first_registered_on":"2000-01-01","api_last_modified_on":"2025-12-17","updated_at":"2026-07-25T01:27:52.347112+00:00"},"geometry":{"type":"MultiPolygon","coordinates":[[[[129.341043754,35.384586285],[129.34110679,35.384578305],[129.343230444,35.384866007],[129.343492271,35.384883453],[129.343629211,35.384862774],[129.343857278,35.384759229],[129.344093201,35.384642015],[129.343995362,35.384492984],[129.343563515,35.384683833],[129.34348143,35.384698943],[129.343288464,35.384684666],[129.341211812,35.384405064],[129.341177845,35.384371932],[129.341091774,35.384344316],[129.340957812,35.384563172],[129.341043754,35.384586285]]],[[[129.342853361,35.386541747],[129.342888324,35.386495868],[129.340627271,35.385340324],[129.340592306,35.385386204],[129.342853361,35.386541747]]]]}},{"type":"Feature","id":"fcbb363870a0de43e967c1f19aebe1e4c244ec1af3e6f346c618899112e743b3","properties":{"zone_group_id":"317101011956","source_manage_no":"317101011957","facility_name":"성동초등학교병설유치원","facility_type_code":"1","sgg_code":"31710","api_first_registered_on":"2000-01-01","api_last_modified_on":null,"updated_at":"2026-07-25T01:27:52.347112+00:00"},"geometry":{"type":"MultiPolygon","coordinates":[[[[129.339661827,35.385978199],[129.339702138,35.386040493],[129.339929823,35.385923447],[129.340226647,35.385723963],[129.340505411,35.385470765],[129.340650096,35.385337304],[129.340756291,35.38520459],[129.340863429,35.384914168],[129.341560091,35.38370223],[129.341470815,35.383658907],[129.341433238,35.383691173],[129.341255046,35.383807263],[129.340678076,35.3847826],[129.340653056,35.384868687],[129.340723723,35.385029511],[129.340620131,35.385252283],[129.340196812,35.385643445],[129.339997271,35.385782473],[129.339661827,35.385978199]]]]}},{"type":"Feature","id":"5f117bff17584a7f75e551cfbbc4dcfdc4f55b8685f7883b3337ec5797dac951","properties":{"zone_group_id":"317102018091","source_manage_no":"317102018091","facility_name":"송정경로당","facility_type_code":"2","sgg_code":"31710","api_first_registered_on":"2019-08-05","api_last_modified_on":"2025-03-21","updated_at":"2026-07-25T01:27:52.347112+00:00"},"geometry":{"type":"MultiPolygon","coordinates":[[[[129.143868188,35.618061323],[129.143908598,35.618128186],[129.145056123,35.617709021],[129.145023986,35.617642012],[129.143868188,35.618061323]]]]}},{"type":"Feature","id":"7e5fdc3b966136a546085019081749af7dd645dec8439abe4bf9bc11a6c050f2","properties":{"zone_group_id":"317102020719","source_manage_no":"317102020719","facility_name":"송정경로당","facility_type_code":"2","sgg_code":"31710","api_first_registered_on":null,"api_last_modified_on":"2025-03-21","updated_at":"2026-07-25T01:27:52.347112+00:00"},"geometry":{"type":"MultiPolygon","coordinates":[[[[129.352964792,35.365908133],[129.353025061,35.365994814],[129.353304284,35.366613369],[129.353401327,35.366924602],[129.353480643,35.36690954],[129.353452179,35.366781692],[129.353221903,35.366238775],[129.353109547,35.365968388],[129.353076633,35.365876669],[129.352964792,35.365908133]]]]}},{"type":"Feature","id":"b9c853bad362b640c378595dc2253511cebc3f3678530be1a1e38d10ac34525c","properties":{"zone_group_id":"317103028670","source_manage_no":"317103028670","facility_name":"수연재활원","facility_type_code":"3","sgg_code":"31710","api_first_registered_on":null,"api_last_modified_on":"2025-03-21","updated_at":"2026-07-25T01:27:52.347112+00:00"},"geometry":{"type":"MultiPolygon","coordinates":[[[[129.239353447,35.47000069],[129.239422676,35.47003939],[129.23966542,35.469806233],[129.239910883,35.469596678],[129.240274806,35.469314526],[129.240333778,35.46925655],[129.240245285,35.469193428],[129.239831304,35.469532264],[129.239846769,35.469543804],[129.239755159,35.469616465],[129.239646174,35.469708034],[129.239353447,35.47000069]]]]}},{"type":"Feature","id":"384427b152e13a253edd163dd6e1d9b0ce1cb429e50f081af93fc3aa99633e40","properties":{"zone_group_id":"317102029995","source_manage_no":"317102029995","facility_name":"신기마을 경로당","facility_type_code":"2","sgg_code":"31710","api_first_registered_on":null,"api_last_modified_on":"2026-03-25","updated_at":"2026-07-25T01:27:52.347112+00:00"},"geometry":{"type":"MultiPolygon","coordinates":[[[[129.252036959,35.433006697],[129.252077042,35.433062268],[129.25262998,35.432853709],[129.253414869,35.432573235],[129.254883615,35.432066537],[129.254856005,35.432014114],[129.25359586,35.432450462],[129.253252371,35.432569511],[129.252674552,35.432774032],[129.252036959,35.433006697]]]]}},{"type":"Feature","id":"19a16c9d45c2a575dfe17b608c156894220243ea54db9f014bba32fde64cf1e0","properties":{"zone_group_id":"317102020715","source_manage_no":"317102020715","facility_name":"신복경로당","facility_type_code":"2","sgg_code":"31710","api_first_registered_on":null,"api_last_modified_on":"2025-03-21","updated_at":"2026-07-25T01:27:52.347112+00:00"},"geometry":{"type":"MultiPolygon","coordinates":[[[[129.116324495,35.531951937],[129.11636857,35.531951163],[129.116766929,35.531903619],[129.11681669,35.531909504],[129.116630932,35.532286723],[129.11646529,35.532485621],[129.116554741,35.532533611],[129.116730869,35.532314254],[129.116784424,35.532254742],[129.116942635,35.531878006],[129.116809406,35.531842049],[129.116328999,35.531913561],[129.116324495,35.531951937]]]]}},{"type":"Feature","id":"216f6ddc9e40d0869b4bc1038d882051a6e15b1542c1b52930ab7b5b8c4d71dd","properties":{"zone_group_id":"317102029989","source_manage_no":"317102029989","facility_name":"신암경로당","facility_type_code":"2","sgg_code":"31710","api_first_registered_on":null,"api_last_modified_on":"2026-03-25","updated_at":"2026-07-25T01:27:52.347112+00:00"},"geometry":{"type":"MultiPolygon","coordinates":[[[[129.172444382,35.468901992],[129.172457724,35.468988483],[129.172502992,35.469084536],[129.173017007,35.469919497],[129.173075654,35.469898729],[129.172600114,35.469112073],[129.172546498,35.469012791],[129.172533294,35.468982616],[129.172524323,35.468905058],[129.172551566,35.46868943],[129.17270953,35.467933603],[129.172645953,35.467924611],[129.172449627,35.468841073],[129.172444382,35.468901992]]]]}},{"type":"Feature","id":"33e1f215541de7655fd1cbee2a69e0b60a4b0b36842b743de714af0923616ce7","properties":{"zone_group_id":"317102024032","source_manage_no":"317102024032","facility_name":"신온2리 경로당","facility_type_code":"2","sgg_code":"31710","api_first_registered_on":"2021-07-29","api_last_modified_on":"2025-03-24","updated_at":"2026-07-25T01:27:52.347112+00:00"},"geometry":{"type":"MultiPolygon","coordinates":[[[[129.311338503,35.432228308],[129.311378222,35.432173483],[129.311138796,35.431982084],[129.311076878,35.432030576],[129.311338503,35.432228308]]],[[[129.310921399,35.432657549],[129.311349137,35.432311454],[129.31142539,35.432282961],[129.311492248,35.432310966],[129.311542906,35.432253678],[129.311495754,35.432241065],[129.311375664,35.43218029],[129.311323092,35.432266899],[129.310887487,35.43262666],[129.310921399,35.432657549]]]]}},{"type":"Feature","id":"b62170139605201882497f45b2d628f98d0a9e004752a5afc8e09a7a9efaf362","properties":{"zone_group_id":"317101011902","source_manage_no":"317101011902","facility_name":"신하나유치원","facility_type_code":"1","sgg_code":"31710","api_first_registered_on":"2008-01-01","api_last_modified_on":null,"updated_at":"2026-07-25T01:27:52.347112+00:00"},"geometry":{"type":"MultiPolygon","coordinates":[[[[129.243224236,35.568420485],[129.243290937,35.568439518],[129.243530573,35.567838095],[129.243463935,35.567821314],[129.243224236,35.568420485]]]]}},{"type":"Feature","id":"d277dc79708bfcb6868e8f4f3fa055243442d607cd28f0278ac8af12b125c37b","properties":{"zone_group_id":"317102020723","source_manage_no":"317102020723","facility_name":"신화경로당","facility_type_code":"2","sgg_code":"31710","api_first_registered_on":null,"api_last_modified_on":"2025-03-21","updated_at":"2026-07-25T01:27:52.347112+00:00"},"geometry":{"type":"MultiPolygon","coordinates":[[[[129.127066225,35.587936212],[129.127098152,35.588413228],[129.127107614,35.588458115],[129.127112337,35.588532372],[129.127200666,35.588535318],[129.127622183,35.588518864],[129.12762333,35.588458019],[129.127311659,35.588456765],[129.127222257,35.588413289],[129.12718164,35.588337413],[129.127154435,35.587934654],[129.127066225,35.587936212]]]]}},{"type":"Feature","id":"e546b83a9f11f1f199da25ea157bd4c9e9b7048252764a2e4ebe11937d956895","properties":{"zone_group_id":"317102020949","source_manage_no":"317102020949","facility_name":"어음상리경로당","facility_type_code":"2","sgg_code":"31710","api_first_registered_on":null,"api_last_modified_on":"2025-03-24","updated_at":"2026-07-25T01:27:52.347112+00:00"},"geometry":{"type":"MultiPolygon","coordinates":[[[[129.13160838,35.563809133],[129.131669901,35.563841836],[129.132590252,35.563199291],[129.132542033,35.563148331],[129.13160838,35.563809133]]]]}},{"type":"Feature","id":"22a5f3970979daeb896b5150ee67faf7f1dd162fe347c7df657f6edec2d541b5","properties":{"zone_group_id":"317101022951","source_manage_no":"317101022951","facility_name":"언양누리유치원","facility_type_code":"1","sgg_code":"31710","api_first_registered_on":"2021-02-20","api_last_modified_on":null,"updated_at":"2026-07-25T01:27:52.347112+00:00"},"geometry":{"type":"MultiPolygon","coordinates":[[[[129.131224211,35.56215687],[129.132588117,35.561191097],[129.133157127,35.560816082],[129.135031522,35.559350147],[129.135210999,35.559256858],[129.135153976,35.559185781],[129.134979891,35.559274469],[129.133375446,35.560523867],[129.13160597,35.56178968],[129.131133764,35.562072866],[129.131224211,35.56215687]]],[[[129.134196675,35.561017891],[129.135258107,35.562161502],[129.135353473,35.562222889],[129.135596222,35.562020346],[129.135980232,35.561738706],[129.136115025,35.56162368],[129.136003499,35.56157666],[129.135893626,35.56169575],[129.135388003,35.562069654],[129.135274424,35.562049139],[129.134335665,35.561061047],[129.13425588,35.560963339],[129.13425786,35.560934019],[129.134659418,35.560690369],[129.134793666,35.560658705],[129.135436943,35.560277859],[129.13524736,35.560094241],[129.135199059,35.560144094],[129.134846972,35.559758355],[129.13488101,35.559586544],[129.134644732,35.559825014],[129.135025091,35.560237286],[129.135037906,35.560304641],[129.134995728,35.560377476],[129.134257196,35.560805061],[129.134187103,35.560864874],[129.134150435,35.560937611],[129.134196675,35.561017891]]]]}},{"type":"Feature","id":"cd68cfdd4e16aad0b6631c95b36c3bdb3c7098c68a04a05956ccf090b05b74fc","properties":{"zone_group_id":"317101011930","source_manage_no":"317101011930","facility_name":"언양초등학교","facility_type_code":"1","sgg_code":"31710","api_first_registered_on":null,"api_last_modified_on":"2025-12-17","updated_at":"2026-07-25T01:27:52.347112+00:00"},"geometry":{"type":"MultiPolygon","coordinates":[[[[129.124754373,35.571504007],[129.124761229,35.571606994],[129.125246531,35.571573941],[129.125426021,35.573470233],[129.125486824,35.57346639],[129.125487542,35.573493554],[129.126484282,35.573439923],[129.126648693,35.573400978],[129.126784828,35.573335499],[129.126876033,35.573239274],[129.126922665,35.573125814],[129.126914295,35.571558055],[129.127004414,35.571454201],[129.127005058,35.571454158],[129.127005098,35.571453413],[129.127037379,35.571416212],[129.12700697,35.571418409],[129.127010593,35.57135067],[129.126638061,35.571378374],[129.125458726,35.571472992],[129.125389013,35.571476062],[129.12535668,35.570941255],[129.125186047,35.570953275],[129.125220763,35.571483471],[129.124754373,35.571504007]],[[129.125356482,35.571566453],[129.126745601,35.571471832],[129.126808615,35.571523876],[129.126806316,35.57310534],[129.126705396,35.573251296],[129.126607846,35.573316095],[129.126487175,35.573340752],[129.125530098,35.573400673],[129.125356482,35.571566453]]]]}},{"type":"Feature","id":"f7fbb879343f310aefcf92a22a1151d4a6111eba80541cf73153c421123dd1a4","properties":{"zone_group_id":"317101011915","source_manage_no":"317101011915","facility_name":"에꼬르앙팡어린이집","facility_type_code":"1","sgg_code":"31710","api_first_registered_on":"2006-01-01","api_last_modified_on":null,"updated_at":"2026-07-25T01:27:52.347112+00:00"},"geometry":{"type":"MultiPolygon","coordinates":[[[[129.286143909,35.409332193],[129.286644976,35.410023296],[129.286729213,35.409985657],[129.286516588,35.409706532],[129.286547107,35.409675979],[129.287625977,35.409391973],[129.2876341,35.409387314],[129.287610252,35.409322437],[129.287599252,35.409322645],[129.286471008,35.409612092],[129.28643481,35.409597009],[129.286464519,35.409638178],[129.286434874,35.40959926],[129.286214777,35.409308323],[129.286143909,35.409332193]]]]}},{"type":"Feature","id":"b2f8fa32ec9b6dfe8d1031b15771f744a51b428a4cf858b772fd62075d74f9dc","properties":{"zone_group_id":"317102011934","source_manage_no":"317102011934","facility_name":"영신노인복지센터","facility_type_code":"2","sgg_code":"31710","api_first_registered_on":null,"api_last_modified_on":null,"updated_at":"2026-07-25T01:27:52.347112+00:00"},"geometry":{"type":"MultiPolygon","coordinates":[[[[129.279715416,35.612960074],[129.279803152,35.612968236],[129.280127058,35.610646566],[129.280039325,35.610638404],[129.279715416,35.612960074]]]]}},{"type":"Feature","id":"2073594d5d739076eed20bbbf100c799b0008f668b2b5bc1bd87581f6a574f96","properties":{"zone_group_id":"317101011954","source_manage_no":"317101011954","facility_name":"영화초등학교","facility_type_code":"1","sgg_code":"31710","api_first_registered_on":"2004-01-01","api_last_modified_on":null,"updated_at":"2026-07-25T01:27:52.347112+00:00"},"geometry":{"type":"MultiPolygon","coordinates":[[[[129.112297004,35.567426829],[129.112382518,35.567533462],[129.112397871,35.567488138],[129.11463817,35.566851628],[129.11526972,35.568368167],[129.114395799,35.568813757],[129.114430764,35.568885231],[129.114545684,35.568851676],[129.11463411,35.568859135],[129.115030791,35.56863591],[129.115965201,35.568101374],[129.11731209,35.567316288],[129.117260826,35.567254112],[129.116838105,35.567492134],[129.116842111,35.567477732],[129.116791084,35.567424562],[129.116519776,35.566334493],[129.11654052,35.566284568],[129.116510947,35.566208494],[129.116395795,35.566233044],[129.116347518,35.566278354],[129.112297004,35.567426829]],[[129.114731676,35.56682506],[129.116359389,35.566362564],[129.116360768,35.566368824],[129.11642187,35.566385773],[129.116631052,35.567189671],[129.115194697,35.567956732],[129.114731676,35.56682506]],[[129.115223625,35.568027434],[129.116650734,35.567265311],[129.116726159,35.567555168],[129.115402461,35.568300485],[129.115346931,35.568328799],[129.115223625,35.568027434]]]]}},{"type":"Feature","id":"907a0f9154c178296b8a800dd423eb7ac4c5b3ca9c9d136a7fe19e6ac4d7f363","properties":{"zone_group_id":"317102029987","source_manage_no":"317102029987","facility_name":"오복마을회관","facility_type_code":"2","sgg_code":"31710","api_first_registered_on":null,"api_last_modified_on":"2026-03-25","updated_at":"2026-07-25T01:27:52.347112+00:00"},"geometry":{"type":"MultiPolygon","coordinates":[[[[129.220534031,35.473628108],[129.220546589,35.473684195],[129.222644022,35.473447329],[129.222639658,35.473388838],[129.220534031,35.473628108]]]]}},{"type":"Feature","id":"68868c03cc07316798d79cd2dcbf72968b4db32d8a6d84bfa2bc037ca6ce59ea","properties":{"zone_group_id":"317102020720","source_manage_no":"317102020720","facility_name":"온곡1구 경로당","facility_type_code":"2","sgg_code":"31710","api_first_registered_on":null,"api_last_modified_on":"2025-03-21","updated_at":"2026-07-25T01:27:52.347112+00:00"},"geometry":{"type":"MultiPolygon","coordinates":[[[[129.294723901,35.346780941],[129.294800446,35.346959705],[129.294869767,35.34717465],[129.295014026,35.347705806],[129.295079724,35.347695547],[129.294879948,35.346951437],[129.294794585,35.346752565],[129.294723901,35.346780941]]]]}},{"type":"Feature","id":"1d4be6ec5be5fc78ee0c83a485d541a3bacb2555d4c4e7ab2d0d9d5a92cd11da","properties":{"zone_group_id":"317101011917","source_manage_no":"317101011917","facility_name":"온남초등학교","facility_type_code":"1","sgg_code":"31710","api_first_registered_on":"2002-01-01","api_last_modified_on":null,"updated_at":"2026-07-25T01:27:52.347112+00:00"},"geometry":{"type":"MultiPolygon","coordinates":[[[[129.288055872,35.405619545],[129.288307411,35.405562965],[129.289408283,35.405280779],[129.28953025,35.40521539],[129.289482289,35.405173498],[129.289366789,35.405175688],[129.28935118,35.405207522],[129.28920664,35.405253065],[129.288340806,35.405478982],[129.288023585,35.40554807],[129.287967884,35.405524346],[129.288026513,35.405651639],[129.288055872,35.405619545]]],[[[129.286616512,35.405024026],[129.287609133,35.404794378],[129.287787023,35.405276612],[129.287870978,35.405519828],[129.287871586,35.405519802],[129.288181934,35.40634202],[129.288162519,35.406377934],[129.287957728,35.406433627],[129.287981511,35.406496253],[129.288175429,35.40644527],[129.288228376,35.406465548],[129.288225345,35.40645703],[129.28842498,35.406985918],[129.288539785,35.40731602],[129.288673907,35.407647728],[129.288757544,35.407630085],[129.288021908,35.405655147],[129.287963252,35.405515684],[129.287962644,35.40551571],[129.287477795,35.404233941],[129.287480266,35.404120505],[129.287383068,35.404114741],[129.287390356,35.404160138],[129.287378414,35.40415209],[129.286559528,35.404966577],[129.286607946,35.404999208],[129.286616512,35.405024026]],[[129.287409378,35.404278621],[129.287565663,35.404676535],[129.287583664,35.404725335],[129.286713822,35.404926578],[129.287403305,35.404240797],[129.287409378,35.404278621]]],[[[129.28851977,35.406845238],[129.289982169,35.406481343],[129.289987255,35.406488515],[129.290116051,35.406830891],[129.290091398,35.406862742],[129.288680449,35.407175593],[129.288583241,35.407143645],[129.288669361,35.407367284],[129.288751175,35.407244086],[129.290123433,35.40692521],[129.290154066,35.406938146],[129.290137677,35.406888377],[129.290564486,35.408022924],[129.290564558,35.408022907],[129.290597174,35.408189463],[129.290633476,35.408213706],[129.290747616,35.40850776],[129.290801572,35.408608574],[129.290908589,35.408918786],[129.290907265,35.408920254],[129.290960283,35.409042637],[129.291063907,35.409341961],[129.291228334,35.409752955],[129.291259502,35.409869274],[129.291280917,35.409878164],[129.29138916,35.4101643],[129.291363013,35.410207053],[129.291483426,35.41017561],[129.291361125,35.409848752],[129.291183454,35.409407584],[129.291110732,35.409318535],[129.290994671,35.409011419],[129.290982839,35.408909523],[129.290938294,35.40888586],[129.290937529,35.408886708],[129.290825593,35.408587976],[129.290665431,35.408163378],[129.290623466,35.40801205],[129.290578306,35.40801969],[129.290690226,35.407993505],[129.290129493,35.406458784],[129.290015084,35.406402384],[129.289664087,35.405375047],[129.289617794,35.405294828],[129.289530314,35.405217642],[129.289416533,35.405280623],[129.28945791,35.405284343],[129.289539253,35.405339119],[129.289585738,35.405426093],[129.289919595,35.406386342],[129.289912376,35.406370542],[129.289902969,35.406427038],[129.2884878,35.406785021],[129.288443226,35.406765591],[129.288490602,35.406884087],[129.28851977,35.406845238]],[[129.289935842,35.406421909],[129.289928273,35.406405339],[129.289953047,35.406440275],[129.289935842,35.406421909]]],[[[129.291202792,35.409867044],[129.291255109,35.409868303],[129.291218919,35.409756355],[129.291178814,35.409797665],[129.290755343,35.40990482],[129.290779257,35.409971948],[129.291202792,35.409867044]]]]}},{"type":"Feature","id":"202fdb5e766bb0088661139c05c64cd0ed7b0698bb033e032ea729ce1ee33733","properties":{"zone_group_id":"317101011923","source_manage_no":"317101011923","facility_name":"온산초등학교","facility_type_code":"1","sgg_code":"31710","api_first_registered_on":"2003-01-01","api_last_modified_on":"2025-12-17","updated_at":"2026-07-25T01:27:52.347112+00:00"},"geometry":{"type":"MultiPolygon","coordinates":[[[[129.309198931,35.427520943],[129.31172695,35.427832702],[129.31136149,35.429903445],[129.311499545,35.429918823],[129.311886285,35.427852349],[129.314750954,35.428205553],[129.314190859,35.43047998],[129.314329302,35.430508863],[129.314912486,35.428190923],[129.315897414,35.426640198],[129.315758332,35.426588802],[129.314790789,35.428089052],[129.311906648,35.427729434],[129.312235002,35.425897195],[129.312085822,35.425877526],[129.311752955,35.427710268],[129.309220087,35.427394387],[129.309198931,35.427520943]]]]}},{"type":"Feature","id":"abbcb0d194ffb7d25cbf207e15a0fe4f2ea8afffe5398fac857656b76180a355","properties":{"zone_group_id":"317102024538","source_manage_no":"317102024538","facility_name":"온양경로당","facility_type_code":"2","sgg_code":"31710","api_first_registered_on":"2021-07-29","api_last_modified_on":"2025-03-24","updated_at":"2026-07-25T01:27:52.347112+00:00"},"geometry":{"type":"MultiPolygon","coordinates":[[[[129.281402073,35.413673955],[129.281452932,35.413623434],[129.281060778,35.413378541],[129.281009918,35.413429062],[129.281402073,35.413673955]]],[[[129.280609643,35.414067385],[129.281113838,35.413503691],[129.281010236,35.41344032],[129.281025321,35.413487342],[129.280539616,35.414023653],[129.280609643,35.414067385]]]]}},{"type":"Feature","id":"c87f2d055ed78e32f4c64fc777dbcdbb1899a992d85d26058b1c849b83514abb","properties":{"zone_group_id":"317101011911","source_manage_no":"317101011911","facility_name":"온양초등학교","facility_type_code":"1","sgg_code":"31710","api_first_registered_on":"1998-01-01","api_last_modified_on":"2025-12-17","updated_at":"2026-07-25T01:27:52.347112+00:00"},"geometry":{"type":"MultiPolygon","coordinates":[[[[129.280199325,35.417495819],[129.280681544,35.4178111],[129.281190254,35.418134468],[129.281186278,35.418143975],[129.281095899,35.418744904],[129.280938235,35.419009198],[129.280819071,35.419218812],[129.280904049,35.419237818],[129.281021893,35.419048166],[129.281122983,35.418924609],[129.281153005,35.418818164],[129.281197413,35.418733975],[129.28127588,35.418198599],[129.281306219,35.418103412],[129.281303794,35.418102089],[129.281896687,35.417378141],[129.281831585,35.417314043],[129.281504395,35.417714453],[129.28147816,35.417760003],[129.28125654,35.418000726],[129.281225459,35.418059373],[129.281222371,35.418057689],[129.281209964,35.41808735],[129.281222117,35.418048683],[129.280258121,35.417433885],[129.280199325,35.417495819]]]]}},{"type":"Feature","id":"d8503b2f382b6e894f8f06893067c3903af9f4e364aa78cce55bd253fa6629e3","properties":{"zone_group_id":"317102020717","source_manage_no":"317102020717","facility_name":"왕방마을회관","facility_type_code":"2","sgg_code":"31710","api_first_registered_on":null,"api_last_modified_on":"2025-03-21","updated_at":"2026-07-25T01:27:52.347112+00:00"},"geometry":{"type":"MultiPolygon","coordinates":[[[[129.158164187,35.515353964],[129.158170901,35.515398899],[129.158603461,35.515397914],[129.159146062,35.515390451],[129.159166707,35.515338269],[129.159224982,35.515147995],[129.159307338,35.514725257],[129.159352165,35.514650114],[129.15930199,35.514628485],[129.159227955,35.514744701],[129.159240599,35.514805298],[129.159142744,35.51526661],[129.159092409,35.515341852],[129.158591481,35.515362084],[129.158522329,35.515352059],[129.158164187,35.515353964]]]]}},{"type":"Feature","id":"4e0e61cb369359156173318a3bbaec4acc93589326fd691ccf89065c4c53043a","properties":{"zone_group_id":"317102026083","source_manage_no":"317102026083","facility_name":"울산실버대학","facility_type_code":"2","sgg_code":"31710","api_first_registered_on":"2022-08-18","api_last_modified_on":"2025-03-21","updated_at":"2026-07-25T01:27:52.347112+00:00"},"geometry":{"type":"MultiPolygon","coordinates":[[[[129.162762631,35.549781225],[129.162991097,35.54987174],[129.163162887,35.549904701],[129.163283509,35.549880008],[129.163567385,35.549775793],[129.16378871,35.549600612],[129.164313043,35.54921274],[129.164206531,35.54914707],[129.164098746,35.549239115],[129.163775511,35.549519751],[129.163466263,35.549705521],[129.163114205,35.549734367],[129.162731692,35.549655628],[129.162695418,35.549741882],[129.162762631,35.549781225]]],[[[129.164005134,35.549625163],[129.164257429,35.549679204],[129.164962814,35.549873787],[129.16512313,35.549992554],[129.165190434,35.549932774],[129.16510572,35.549857703],[129.164424647,35.549644663],[129.163897654,35.549523467],[129.163792321,35.549604204],[129.164005134,35.549625163]]]]}},{"type":"Feature","id":"af8946cd1233e56416406c297b7150fca3c15c93e10df01c762fe5ed5f4d8def","properties":{"zone_group_id":"317101024487","source_manage_no":"317101024487","facility_name":"웅촌어린이집","facility_type_code":"1","sgg_code":"31710","api_first_registered_on":"2021-07-16","api_last_modified_on":null,"updated_at":"2026-07-25T01:27:52.347112+00:00"},"geometry":{"type":"MultiPolygon","coordinates":[[[[129.211619393,35.491715018],[129.211702727,35.491740523],[129.212130465,35.490865379],[129.212063403,35.490830566],[129.211619393,35.491715018]]]]}},{"type":"Feature","id":"5671f64010add333b61c43f7aa35afee573d79ace210eca68c5eaf0fab0f6869","properties":{"zone_group_id":"317101011891","source_manage_no":"317101011891","facility_name":"웅촌초등학교","facility_type_code":"1","sgg_code":"31710","api_first_registered_on":"1998-01-01","api_last_modified_on":null,"updated_at":"2026-07-25T01:27:52.347112+00:00"},"geometry":{"type":"MultiPolygon","coordinates":[[[[129.206292789,35.463761918],[129.207175292,35.463610612],[129.207325307,35.463558308],[129.207713281,35.463447583],[129.207611618,35.463354828],[129.207376534,35.463417701],[129.2067621,35.463604654],[129.206265436,35.463667803],[129.205469815,35.463673339],[129.205467386,35.46378602],[129.206292789,35.463761918]]],[[[129.208345316,35.464858145],[129.208445596,35.464900257],[129.208298489,35.464656168],[129.207749519,35.464669596],[129.205176579,35.464679465],[129.205115693,35.46486989],[129.206915725,35.464840357],[129.208345316,35.464858145]]],[[[129.208281236,35.464629439],[129.208509554,35.464973459],[129.208936803,35.465493005],[129.209252621,35.465713721],[129.20963964,35.465970317],[129.210135571,35.466282387],[129.210265829,35.466212389],[129.209484085,35.465719624],[129.209350129,35.465654465],[129.208914466,35.465280439],[129.208750936,35.465040032],[129.20860127,35.46485346],[129.208403883,35.464583247],[129.207973871,35.463962331],[129.207934286,35.463723035],[129.207695991,35.463467092],[129.207527843,35.463510736],[129.207961793,35.46412482],[129.208281236,35.464629439]]]]}},{"type":"Feature","id":"158a6d4c925f1c522136fed8242503dc507b576d332681a14ed846b95702d5f8","properties":{"zone_group_id":"317102029997","source_manage_no":"317102029997","facility_name":"율림경로당","facility_type_code":"2","sgg_code":"31710","api_first_registered_on":null,"api_last_modified_on":"2026-03-25","updated_at":"2026-07-25T01:27:52.347112+00:00"},"geometry":{"type":"MultiPolygon","coordinates":[[[[129.225439187,35.636761659],[129.225459867,35.636810835],[129.22560366,35.636821693],[129.225708341,35.636815253],[129.225796786,35.636820376],[129.225914185,35.636874522],[129.225972479,35.63688696],[129.226061174,35.636901089],[129.226084684,35.636853348],[129.225942962,35.636817673],[129.225820546,35.636781641],[129.225662463,35.636753026],[129.225568315,35.63674125],[129.225507701,35.636744624],[129.225439187,35.636761659]]]]}},{"type":"Feature","id":"035f620e572d1876955fcfec8861c207ef69a55cd9afbe2380244dd5dd47e2a2","properties":{"zone_group_id":"317101011975","source_manage_no":"317101011974","facility_name":"으뜸과학유치원","facility_type_code":"1","sgg_code":"31710","api_first_registered_on":"2008-01-01","api_last_modified_on":null,"updated_at":"2026-07-25T01:27:52.347112+00:00"},"geometry":{"type":"MultiPolygon","coordinates":[[[[129.222573598,35.560767228],[129.223936791,35.561054258],[129.223947802,35.561019342],[129.222584609,35.560732313],[129.222573598,35.560767228]]]]}},{"type":"Feature","id":"0f209896593061fc5ad6e8032e4e1965c4d74177c1606f1e14de34c6d5997591","properties":{"zone_group_id":"317101011910","source_manage_no":"317101011910","facility_name":"자운영유치원","facility_type_code":"1","sgg_code":"31710","api_first_registered_on":"2008-01-01","api_last_modified_on":null,"updated_at":"2026-07-25T01:27:52.347112+00:00"},"geometry":{"type":"MultiPolygon","coordinates":[[[[129.259665359,35.555305739],[129.259679767,35.555327996],[129.259699939,35.555359155],[129.25972011,35.555390315],[129.259725431,35.555383457],[129.260630766,35.554933963],[129.261698138,35.554463401],[129.261668435,35.554387367],[129.260867781,35.554735786],[129.259931764,35.555172341],[129.259665359,35.555305739]]]]}},{"type":"Feature","id":"b49b26d042e0af2ab8bdc82287adfb82ec63b64ec558746f3e24ff591539c24b","properties":{"zone_group_id":"317102026164","source_manage_no":"317102026164","facility_name":"장성경로당","facility_type_code":"2","sgg_code":"31710","api_first_registered_on":"2023-03-15","api_last_modified_on":"2025-03-21","updated_at":"2026-07-25T01:27:52.347112+00:00"},"geometry":{"type":"MultiPolygon","coordinates":[[[[129.074175128,35.611795119],[129.074864248,35.612628031],[129.074976339,35.613015826],[129.075015143,35.613449938],[129.075076972,35.613493928],[129.075145922,35.613706751],[129.075184178,35.613692575],[129.075109829,35.613484351],[129.07506216,35.613347754],[129.075053817,35.613131634],[129.074998678,35.612812693],[129.07489835,35.612559861],[129.074196024,35.611749704],[129.074175128,35.611795119]]]]}},{"type":"Feature","id":"e79e3ef95c9ac7c03fcffc518088eb3323d4b60ec95c02fc0a76b95b4dd82ab1","properties":{"zone_group_id":"317102029996","source_manage_no":"317102029996","facility_name":"중광마을 경로당","facility_type_code":"2","sgg_code":"31710","api_first_registered_on":null,"api_last_modified_on":"2026-03-25","updated_at":"2026-07-25T01:27:52.347112+00:00"},"geometry":{"type":"MultiPolygon","coordinates":[[[[129.232698085,35.440212849],[129.232949421,35.440442483],[129.233033329,35.44049049],[129.233175202,35.440544183],[129.233289873,35.440609643],[129.233316501,35.440676732],[129.233282684,35.441046805],[129.233242271,35.441178211],[129.233163277,35.441308079],[129.23309723,35.441408421],[129.233046261,35.441456672],[129.232996909,35.441563463],[129.232973191,35.441701318],[129.232954601,35.441825562],[129.232960276,35.441931336],[129.232965579,35.442023599],[129.23303222,35.442144014],[129.233128466,35.442289786],[129.233204602,35.442255713],[129.233066432,35.442087062],[129.233011294,35.441984457],[129.233017254,35.441851436],[129.233068631,35.441568894],[129.233101724,35.441471414],[129.233189905,35.441375168],[129.233283976,35.441193209],[129.233344084,35.441077207],[129.233355725,35.441000399],[129.233360682,35.440880913],[129.233373332,35.440741009],[129.233373408,35.440644141],[129.233335276,35.440559243],[129.233259746,35.440515586],[129.233142884,35.440470441],[129.233000763,35.440407742],[129.232924611,35.440341569],[129.232805511,35.440215367],[129.232765624,35.440166545],[129.232698085,35.440212849]]]]}},{"type":"Feature","id":"f76db4ba5e755f124def96f71f44a91ea24f0896efde825d92b175d008d05199","properties":{"zone_group_id":"317101011962","source_manage_no":"317101011962","facility_name":"중남초등학교","facility_type_code":"1","sgg_code":"31710","api_first_registered_on":"2000-01-01","api_last_modified_on":null,"updated_at":"2026-07-25T01:27:52.347112+00:00"},"geometry":{"type":"MultiPolygon","coordinates":[[[[129.107870261,35.535983949],[129.107872572,35.535934044],[129.108398527,35.535712713],[129.108876444,35.535512082],[129.109122644,35.535408751],[129.109044518,35.535345886],[129.108884098,35.535409684],[129.108801351,35.535446628],[129.1085637,35.535547555],[129.10846159,35.535594979],[129.108269773,35.535670172],[129.108134981,35.535732535],[129.108109541,35.53574777],[129.107800026,35.535847417],[129.107772166,35.535849172],[129.107870261,35.535983949]]],[[[129.10986253,35.535989663],[129.109863828,35.535999783],[129.110012835,35.536131554],[129.110160407,35.536063894],[129.109694856,35.535651579],[129.109207227,35.535284019],[129.109047554,35.535343438],[129.109147278,35.535421983],[129.10986253,35.535989663]]],[[[129.107348516,35.535299764],[129.107498437,35.535578579],[129.107745252,35.536045013],[129.107852388,35.536229074],[129.108198135,35.536802802],[129.10871494,35.537791042],[129.108697643,35.537801486],[129.108897159,35.538197753],[129.109021056,35.538153327],[129.1087102,35.53757054],[129.108284426,35.536782699],[129.107902933,35.53609367],[129.107878318,35.536041701],[129.107867539,35.535985264],[129.10777206,35.535851709],[129.107748618,35.535844513],[129.107696135,35.535734715],[129.107458682,35.535250791],[129.10739297,35.535148831],[129.107246186,35.534970112],[129.106804843,35.534553982],[129.10670913,35.5346089],[129.107223865,35.5351177],[129.107348516,35.535299764]]]]}},{"type":"Feature","id":"3854bec0ab21388491283e7fa1b2459f75fd5734c397aaac60e5978008fd42d6","properties":{"zone_group_id":"317102026095","source_manage_no":"317102026095","facility_name":"중리경로당","facility_type_code":"2","sgg_code":"31710","api_first_registered_on":"2022-01-04","api_last_modified_on":"2025-03-24","updated_at":"2026-07-25T01:27:52.347112+00:00"},"geometry":{"type":"MultiPolygon","coordinates":[[[[129.136234158,35.623933821],[129.136418871,35.623721042],[129.13637121,35.623692602],[129.136197707,35.623911941],[129.136234158,35.623933821]]],[[[129.136278996,35.624270934],[129.136757354,35.623895254],[129.137140745,35.623476203],[129.137068025,35.623439197],[129.136684634,35.623858248],[129.136628753,35.623900613],[129.136649022,35.62386789],[129.136312155,35.623858098],[129.136282779,35.623894663],[129.136626877,35.623902036],[129.136197822,35.624227319],[129.136278996,35.624270934]]]]}},{"type":"Feature","id":"9151bfe92c08745b379c93edac1746c1a06cf88c93884f0283074b539b266d60","properties":{"zone_group_id":"317102020705","source_manage_no":"317102020705","facility_name":"중리회관","facility_type_code":"2","sgg_code":"31710","api_first_registered_on":null,"api_last_modified_on":"2025-03-24","updated_at":"2026-07-25T01:27:52.347112+00:00"},"geometry":{"type":"MultiPolygon","coordinates":[[[[129.233217969,35.600267978],[129.233230498,35.60032181],[129.233332874,35.600333428],[129.23332379,35.600304312],[129.233313648,35.600038684],[129.233428008,35.599489162],[129.233481328,35.599422846],[129.233515854,35.599275782],[129.233538486,35.598800047],[129.233419821,35.598797742],[129.233375323,35.59928064],[129.233314853,35.599585873],[129.233228126,35.600038017],[129.233217969,35.600267978]]]]}},{"type":"Feature","id":"f473b190267ee9a438c12b415a21db24dbd04e644c0fd40bc1b96454420178cb","properties":{"zone_group_id":"317102011944","source_manage_no":"317102011944","facility_name":"중방경로당","facility_type_code":"2","sgg_code":"31710","api_first_registered_on":null,"api_last_modified_on":null,"updated_at":"2026-07-25T01:27:52.347112+00:00"},"geometry":{"type":"MultiPolygon","coordinates":[[[[129.083118661,35.508334646],[129.083380284,35.509304892],[129.083487946,35.509285484],[129.083226322,35.508315238],[129.083118661,35.508334646]]]]}},{"type":"Feature","id":"c9e840a519f7fb825041ccb7191da4091ad218f5b35cec4d7844630c67aac684","properties":{"zone_group_id":"317102024492","source_manage_no":"317102024492","facility_name":"중평마을회관","facility_type_code":"2","sgg_code":"31710","api_first_registered_on":null,"api_last_modified_on":"2025-03-24","updated_at":"2026-07-25T01:27:52.347112+00:00"},"geometry":{"type":"MultiPolygon","coordinates":[[[[129.121931987,35.562540419],[129.121963784,35.562596178],[129.122362433,35.562449488],[129.122611002,35.562361758],[129.123067399,35.562209543],[129.123425362,35.562088346],[129.123895295,35.561926879],[129.123877632,35.561884388],[129.123391165,35.562046147],[129.123022535,35.562181048],[129.122634259,35.562302777],[129.12216438,35.562466492],[129.121931987,35.562540419]]]]}},{"type":"Feature","id":"15f330c05ee4dc82574021e2b6b18f0a6446baf08414a7c986bd6f6b26c04003","properties":{"zone_group_id":"317102024490","source_manage_no":"317102024490","facility_name":"지랑경로당","facility_type_code":"2","sgg_code":"31710","api_first_registered_on":"2021-07-27","api_last_modified_on":"2025-03-24","updated_at":"2026-07-25T01:27:52.347112+00:00"},"geometry":{"type":"MultiPolygon","coordinates":[[[[129.122954689,35.498355536],[129.122995016,35.498422409],[129.123177841,35.498356113],[129.123497127,35.498345986],[129.124929047,35.498638405],[129.125162062,35.498699629],[129.125378472,35.49886252],[129.125547956,35.499021732],[129.125623689,35.498968583],[129.125366236,35.4987118],[129.125134788,35.498605493],[129.124879568,35.498537902],[129.124505651,35.498461137],[129.123896206,35.4983322],[129.123591721,35.498276737],[129.12331572,35.498256816],[129.123197676,35.498272411],[129.123025213,35.498313744],[129.122954689,35.498355536]]]]}},{"type":"Feature","id":"b453f6abd782b039f1e3df7bb59b841c6d8c17091d9b30e96b8a5e3f4377575c","properties":{"zone_group_id":"317101011968","source_manage_no":"317101011968","facility_name":"척과초등학교","facility_type_code":"1","sgg_code":"31710","api_first_registered_on":"2002-01-01","api_last_modified_on":"2025-12-13","updated_at":"2026-07-25T01:27:52.347112+00:00"},"geometry":{"type":"MultiPolygon","coordinates":[[[[129.274128257,35.615026468],[129.274198353,35.614999369],[129.274394623,35.614916222],[129.274561688,35.614842922],[129.274630655,35.614812463],[129.274757276,35.614735702],[129.274830251,35.614664179],[129.27487372,35.614610116],[129.274890448,35.614579798],[129.275045825,35.614331358],[129.275186557,35.614095448],[129.27530614,35.613952901],[129.275561106,35.61373258],[129.275784205,35.613555961],[129.276035533,35.613371625],[129.276228424,35.61324248],[129.276260981,35.613241442],[129.276241212,35.613200617],[129.276261823,35.613240722],[129.276431811,35.613106517],[129.27649251,35.613021703],[129.276510374,35.613031507],[129.277528123,35.611821501],[129.278083082,35.611182242],[129.27806618,35.611169885],[129.278313989,35.610825462],[129.27846654,35.610660315],[129.278692859,35.610470108],[129.278941183,35.610271597],[129.278877783,35.610224626],[129.278467584,35.610551276],[129.278345646,35.610665137],[129.27814055,35.610910719],[129.278036208,35.611061433],[129.277724795,35.611461145],[129.277236345,35.612038297],[129.276898837,35.612430049],[129.276430551,35.61298907],[129.276336235,35.613092266],[129.276225692,35.613170416],[129.276226264,35.613171529],[129.276093387,35.613259399],[129.275824145,35.613450412],[129.275606409,35.613615521],[129.275455103,35.613733737],[129.275179131,35.613979386],[129.275159397,35.61401314],[129.275030752,35.614219243],[129.274883431,35.614459925],[129.274774688,35.614620015],[129.274708977,35.614674076],[129.274630378,35.614729647],[129.274369386,35.614846977],[129.274149165,35.61494283],[129.274128257,35.615026468]]]]}},{"type":"Feature","id":"894ef94e381c5e61ee206c4d701b886ccbfac0adf7fced9a70abd602240110c3","properties":{"zone_group_id":"317101011976","source_manage_no":"317101011976","facility_name":"천상잔디유치원","facility_type_code":"1","sgg_code":"31710","api_first_registered_on":"2008-01-01","api_last_modified_on":null,"updated_at":"2026-07-25T01:27:52.347112+00:00"},"geometry":{"type":"MultiPolygon","coordinates":[[[[129.227550687,35.563481683],[129.228776676,35.563749611],[129.228804554,35.56366124],[129.228713622,35.563662922],[129.227573492,35.563409175],[129.227550687,35.563481683]]]]}},{"type":"Feature","id":"f9e2ced1a702e07b3e57001c56dfffded7b875958423cda2297aacb6a2e6608d","properties":{"zone_group_id":"317101011975","source_manage_no":"317101011975","facility_name":"천상초등학교","facility_type_code":"1","sgg_code":"31710","api_first_registered_on":"2005-03-17","api_last_modified_on":"2026-02-25","updated_at":"2026-07-25T01:27:52.347112+00:00"},"geometry":{"type":"MultiPolygon","coordinates":[[[[129.222706867,35.560747779],[129.222659582,35.560682731],[129.222769024,35.560378157],[129.222825861,35.560339923],[129.222664222,35.560301774],[129.222559407,35.560649083],[129.222454944,35.560684815],[129.222706867,35.560747779]]],[[[129.222337487,35.561672401],[129.222616064,35.560828896],[129.222662429,35.560785784],[129.22255652,35.560769145],[129.222565593,35.560723341],[129.222440665,35.560691839],[129.222101054,35.561646336],[129.222085221,35.561671982],[129.22235354,35.561729573],[129.222337487,35.561672401]]],[[[129.222050588,35.561765585],[129.222066174,35.561805863],[129.221651385,35.563108248],[129.221861236,35.563144945],[129.222282268,35.561844135],[129.222339073,35.561817893],[129.222479644,35.561847499],[129.222504959,35.561765935],[129.222097292,35.561678839],[129.221966666,35.5616407],[129.22103461,35.561432612],[129.221004404,35.561536793],[129.222331377,35.561816273],[129.222050588,35.561765585]]]]}},{"type":"Feature","id":"aeaac237ff784f150de2a3bb3591fab369045deb5256f3950703e266d96991cf","properties":{"zone_group_id":"317102026776","source_manage_no":"317102026776","facility_name":"천전리회관","facility_type_code":"2","sgg_code":"31710","api_first_registered_on":"2023-07-19","api_last_modified_on":"2025-03-24","updated_at":"2026-07-25T01:27:52.347112+00:00"},"geometry":{"type":"MultiPolygon","coordinates":[[[[129.099535407,35.57100894],[129.099633161,35.571056797],[129.099781039,35.570912297],[129.100728421,35.570341608],[129.100782365,35.570295612],[129.100849912,35.570242621],[129.101058544,35.570207445],[129.101029749,35.570160639],[129.10068467,35.570250007],[129.099721105,35.570834495],[129.099535407,35.57100894]]]]}},{"type":"Feature","id":"ce6dd5b8dfb9cfd9e65ecccd9ab71a78bbec2fb48267f23c14058a75b950a0be","properties":{"zone_group_id":"317102024034","source_manage_no":"317102024034","facility_name":"청량덕하교회","facility_type_code":"2","sgg_code":"31710","api_first_registered_on":null,"api_last_modified_on":"2025-03-24","updated_at":"2026-07-25T01:27:52.347112+00:00"},"geometry":{"type":"MultiPolygon","coordinates":[[[[129.304642327,35.490347435],[129.304652644,35.490419324],[129.305572172,35.490404001],[129.305631444,35.490398901],[129.305638384,35.490504106],[129.305729164,35.490500118],[129.305719393,35.490391334],[129.305841439,35.490380832],[129.305845272,35.490322189],[129.305713431,35.490324957],[129.305676646,35.489915426],[129.305599501,35.489914648],[129.305626686,35.490326778],[129.304798929,35.490344149],[129.304759427,35.489914936],[129.304682346,35.489916409],[129.304697339,35.490346281],[129.304642327,35.490347435]]]]}},{"type":"Feature","id":"739a1ca2f156b535168705ae87306dca0e932b65137ddd7beccbb3df9fdf2bdc","properties":{"zone_group_id":"317102011946","source_manage_no":"317102011946","facility_name":"청량분회경로당 및 신덕하1구경","facility_type_code":"2","sgg_code":"31710","api_first_registered_on":null,"api_last_modified_on":null,"updated_at":"2026-07-25T01:27:52.347112+00:00"},"geometry":{"type":"MultiPolygon","coordinates":[[[[129.305428315,35.492974186],[129.305718004,35.494096754],[129.305782709,35.494085585],[129.30549302,35.492963017],[129.305428315,35.492974186]]]]}},{"type":"Feature","id":"3fdd3583456efabf6a6aacb0d72e6f1b5a900695bdcfb44379a9fac9daf053b2","properties":{"zone_group_id":"317101011927","source_manage_no":"317101011927","facility_name":"청량초등학교","facility_type_code":"1","sgg_code":"31710","api_first_registered_on":"1995-01-01","api_last_modified_on":"2025-12-17","updated_at":"2026-07-25T01:27:52.347112+00:00"},"geometry":{"type":"MultiPolygon","coordinates":[[[[129.29734333,35.487571903],[129.300862945,35.487558874],[129.300861124,35.487411845],[129.300354899,35.487418025],[129.300064206,35.486979401],[129.299799568,35.48673163],[129.299689128,35.486791134],[129.299983805,35.487057526],[129.300209239,35.487419803],[129.298771663,35.48743734],[129.298568948,35.485956845],[129.29852514,35.485960857],[129.298727377,35.48743788],[129.297345501,35.487454722],[129.29734333,35.487571903]]]]}},{"type":"Feature","id":"111f50f8a87ebd4dea3b6ebbe1c68cadf6fde30994c0c0c42106262b63a73379","properties":{"zone_group_id":"317102018086","source_manage_no":"317102018086","facility_name":"태화2리경로당","facility_type_code":"2","sgg_code":"31710","api_first_registered_on":"2019-08-05","api_last_modified_on":"2025-03-21","updated_at":"2026-07-25T01:27:52.347112+00:00"},"geometry":{"type":"MultiPolygon","coordinates":[[[[129.279346064,35.413911754],[129.280145395,35.414402505],[129.28020408,35.414354293],[129.279829833,35.41412379],[129.279402565,35.413875883],[129.279346064,35.413911754]]]]}},{"type":"Feature","id":"8d2019a63df6c4ff53ff8e9ff2da329ca9641219d97850b01b02667c6c4ae25a","properties":{"zone_group_id":"317102025503","source_manage_no":"317102025503","facility_name":"평리경로당","facility_type_code":"2","sgg_code":"31710","api_first_registered_on":"2022-01-18","api_last_modified_on":"2025-03-24","updated_at":"2026-07-25T01:27:52.347112+00:00"},"geometry":{"type":"MultiPolygon","coordinates":[[[[129.134471383,35.604241184],[129.134544144,35.604280444],[129.134973321,35.603615042],[129.135129042,35.603454591],[129.135266784,35.603240393],[129.135703252,35.602849691],[129.135596689,35.602783999],[129.135134206,35.603233732],[129.134924835,35.603555077],[129.134662534,35.603960711],[129.134471383,35.604241184]]]]}},{"type":"Feature","id":"e6f6ebdaa7a4a966ee0085ecf81801a93c30290b4730ad95fd6bf8236c38fe7e","properties":{"zone_group_id":"317101011941","source_manage_no":"317101011941","facility_name":"하늘소자연과학유치원","facility_type_code":"1","sgg_code":"31710","api_first_registered_on":"2008-01-01","api_last_modified_on":null,"updated_at":"2026-07-25T01:27:52.347112+00:00"},"geometry":{"type":"MultiPolygon","coordinates":[[[[129.292646591,35.40873647],[129.292729796,35.408717142],[129.292870688,35.408700522],[129.293363865,35.40868059],[129.293430347,35.408678059],[129.293659751,35.408671588],[129.293700091,35.408675047],[129.294233307,35.408666182],[129.29432815,35.408663112],[129.29472978,35.408653366],[129.295097593,35.408633697],[129.29554003,35.408625707],[129.295878319,35.408620119],[129.29638165,35.408594488],[129.29641717,35.4085917],[129.29641116,35.408547545],[129.296422414,35.408588642],[129.296517785,35.408567812],[129.296548209,35.408549063],[129.296652837,35.408490872],[129.297178162,35.408185925],[129.297142067,35.408150272],[129.2969891,35.408232202],[129.296574184,35.408482649],[129.296493251,35.408521374],[129.296408601,35.408538197],[129.296408854,35.408539121],[129.296182899,35.408559956],[129.29605093,35.408563734],[129.295881414,35.408571606],[129.295605734,35.40858361],[129.295183779,35.408586139],[129.29492255,35.408598289],[129.294691564,35.408603525],[129.294299908,35.408607166],[129.293813256,35.408620639],[129.293460098,35.408623405],[129.293394754,35.408629717],[129.292929447,35.408649965],[129.292828572,35.408658642],[129.292770051,35.40866905],[129.292649965,35.408673444],[129.292646591,35.40873647]]]]}},{"type":"Feature","id":"3fa371aedab74d0faf305ac6e1e99706c74eb85128504c10234de78672b6f282","properties":{"zone_group_id":"317102024489","source_manage_no":"317102024489","facility_name":"하발경로당","facility_type_code":"2","sgg_code":"31710","api_first_registered_on":"2021-07-27","api_last_modified_on":"2025-03-24","updated_at":"2026-07-25T01:27:52.347112+00:00"},"geometry":{"type":"MultiPolygon","coordinates":[[[[129.298602906,35.407505838],[129.298666669,35.407522645],[129.298908293,35.407698261],[129.299067606,35.407785335],[129.299243037,35.407858586],[129.299412135,35.407902672],[129.29955303,35.407922516],[129.299919751,35.40794932],[129.30001108,35.407967855],[129.300053993,35.407928741],[129.299524249,35.40787801],[129.299397233,35.407862408],[129.299038378,35.407725069],[129.298909508,35.407644173],[129.298701589,35.407492695],[129.298702996,35.407445362],[129.298602906,35.407505838]]]]}},{"type":"Feature","id":"f33d9a5e097ec56fbda7d8cd4ad6d215f1c71f28a32071ba20de2cde3ae023e1","properties":{"zone_group_id":"317102030000","source_manage_no":"317102030000","facility_name":"하서마을회관","facility_type_code":"2","sgg_code":"31710","api_first_registered_on":null,"api_last_modified_on":"2026-03-25","updated_at":"2026-07-25T01:27:52.347112+00:00"},"geometry":{"type":"MultiPolygon","coordinates":[[[[129.302810039,35.414938372],[129.302818357,35.414988899],[129.304998701,35.414731026],[129.304989231,35.414688405],[129.302810039,35.414938372]]]]}},{"type":"Feature","id":"a14f4db1af4ce769eec714ed11fd7664e5ceb7a997495639942ed4fea5f409fd","properties":{"zone_group_id":"317102029992","source_manage_no":"317102029992","facility_name":"하회마을 제당","facility_type_code":"2","sgg_code":"31710","api_first_registered_on":null,"api_last_modified_on":"2026-03-25","updated_at":"2026-07-25T01:27:52.347112+00:00"},"geometry":{"type":"MultiPolygon","coordinates":[[[[129.332167973,35.398795079],[129.332202526,35.398848476],[129.332263649,35.39882139],[129.332381088,35.398743656],[129.332495161,35.398644586],[129.332598863,35.398519811],[129.332887457,35.397984853],[129.332946404,35.397882343],[129.333004821,35.397809128],[129.333076752,35.397751421],[129.333145176,35.397715182],[129.33320358,35.397689274],[129.333280804,35.397672012],[129.33350887,35.39763832],[129.333596373,35.397619733],[129.333653824,35.397608486],[129.333720509,35.397583544],[129.333776228,35.39755994],[129.334134608,35.397394197],[129.334089217,35.397346642],[129.333740397,35.397509947],[129.333648109,35.397553405],[129.333536152,35.397582601],[129.333301801,35.397613037],[129.333199046,35.397627412],[129.333129351,35.397643402],[129.33305749,35.397679707],[129.332992764,35.397724885],[129.332870865,35.397838749],[129.332740973,35.398104823],[129.332613829,35.398370845],[129.332513525,35.398518081],[129.332429407,35.398606435],[129.332328921,35.39869961],[129.332231812,35.398766814],[129.332167973,35.398795079]]]]}},{"type":"Feature","id":"c791135731a1aa25d913c0ab185f58af84755a8bf9b6e93cf6449a68d7f3de57","properties":{"zone_group_id":"317101011920","source_manage_no":"317101011920","facility_name":"한솔유치원","facility_type_code":"1","sgg_code":"31710","api_first_registered_on":"2000-01-01","api_last_modified_on":null,"updated_at":"2026-07-25T01:27:52.347112+00:00"},"geometry":{"type":"MultiPolygon","coordinates":[[[[129.281362349,35.407212734],[129.281499093,35.407183118],[129.281560293,35.407206741],[129.281657392,35.407137325],[129.281659698,35.407121512],[129.282105399,35.406826993],[129.282077453,35.406811752],[129.281574826,35.407136632],[129.281347774,35.407183725],[129.281362349,35.407212734]]],[[[129.281834,35.407935953],[129.28194062,35.407911411],[129.281649332,35.407144235],[129.281565984,35.407213392],[129.281834,35.407935953]]]]}},{"type":"Feature","id":"17c441fabdad7d99953c30a047373bc549c5d0b1a2871b4d21e4d74b13a569c4","properties":{"zone_group_id":"317101011904","source_manage_no":"317101011904","facility_name":"한아름유치원","facility_type_code":"1","sgg_code":"31710","api_first_registered_on":"2000-01-01","api_last_modified_on":null,"updated_at":"2026-07-25T01:27:52.347112+00:00"},"geometry":{"type":"MultiPolygon","coordinates":[[[[129.239948374,35.568027563],[129.240001678,35.568258599],[129.240059556,35.568554878],[129.240129966,35.569004106],[129.240212323,35.568991311],[129.240101948,35.568295031],[129.240035991,35.56800566],[129.239948374,35.568027563]]]]}},{"type":"Feature","id":"aedf4b0f911c4584128344d36bb8670a3631ad517f3ea7a0c4164c4110b9241d","properties":{"zone_group_id":"317101011932","source_manage_no":"317101011932","facility_name":"한우리어린이집","facility_type_code":"1","sgg_code":"31710","api_first_registered_on":"2000-01-01","api_last_modified_on":null,"updated_at":"2026-07-25T01:27:52.347112+00:00"},"geometry":{"type":"MultiPolygon","coordinates":[[[[129.123427424,35.573061306],[129.123459579,35.573443705],[129.123477364,35.573490699],[129.123631443,35.573615497],[129.123632455,35.573620878],[129.123637646,35.573620521],[129.123637967,35.57362078],[129.123637911,35.573620503],[129.125484786,35.573493602],[129.125476834,35.57340138],[129.123616415,35.573535556],[129.123616934,35.573538318],[129.123546146,35.573484982],[129.123525546,35.573435784],[129.123493391,35.573053385],[129.123427424,35.573061306]]]]}},{"type":"Feature","id":"b86c2dab77379c6ffbef09a5d231d6bf2956ff9a0b4ead76fa8641441264b355","properties":{"zone_group_id":"317101011905","source_manage_no":"317101011905","facility_name":"해담솔유치원","facility_type_code":"1","sgg_code":"31710","api_first_registered_on":"2006-01-01","api_last_modified_on":null,"updated_at":"2026-07-25T01:27:52.347112+00:00"},"geometry":{"type":"MultiPolygon","coordinates":[[[[129.243779636,35.569075865],[129.244182792,35.56919676],[129.244183827,35.569194455],[129.244227134,35.569204945],[129.244449234,35.568666922],[129.2446638,35.568649409],[129.244647446,35.568557354],[129.244375765,35.568602963],[129.244174255,35.569122111],[129.243805435,35.56901231],[129.243779636,35.569075865]]]]}},{"type":"Feature","id":"e78582a77d735b2ede006af9e4ed3634c9169f48d632586101c0f4207b078679","properties":{"zone_group_id":"317101011961","source_manage_no":"317101011961","facility_name":"해오름어린이집","facility_type_code":"1","sgg_code":"31710","api_first_registered_on":null,"api_last_modified_on":null,"updated_at":"2026-07-25T01:27:52.347112+00:00"},"geometry":{"type":"MultiPolygon","coordinates":[[[[129.326023945,35.357258397],[129.32605938,35.357343318],[129.326509492,35.357217509],[129.32666951,35.357140088],[129.326881974,35.3569738],[129.326800335,35.356907792],[129.326620204,35.357050929],[129.326441401,35.357144481],[129.326023945,35.357258397]]]]}},{"type":"Feature","id":"d08d443cb99ff35e1040db3b2c478dd52606e1d00fbb671ee83f56ed6968691b","properties":{"zone_group_id":"317101011964","source_manage_no":"317101011964","facility_name":"해인어린이집","facility_type_code":"1","sgg_code":"31710","api_first_registered_on":"2006-01-01","api_last_modified_on":null,"updated_at":"2026-07-25T01:27:52.347112+00:00"},"geometry":{"type":"MultiPolygon","coordinates":[[[[129.134777021,35.558323847],[129.134806607,35.558399916],[129.135081084,35.558354505],[129.135362506,35.558363035],[129.135979491,35.558550342],[129.136014351,35.558617307],[129.136016622,35.55870287],[129.135995175,35.558725778],[129.136000171,35.558739563],[129.135625801,35.558935071],[129.13515818,35.559182147],[129.135226106,35.559248526],[129.138994303,35.55726237],[129.139837006,35.556814885],[129.139757817,35.556739698],[129.13829596,35.557540586],[129.136496894,35.558480156],[129.136309198,35.558508454],[129.136082886,35.558498949],[129.135615416,35.558336026],[129.135288234,35.55826523],[129.135045987,35.558278533],[129.134777021,35.558323847]]]]}},{"type":"Feature","id":"c31f6c54a898793742a706a5300e68f09b99b0ce55194db786cfe80d4369d4e1","properties":{"zone_group_id":"317102024033","source_manage_no":"317102024033","facility_name":"행복한실버홈","facility_type_code":"2","sgg_code":"31710","api_first_registered_on":"2021-07-27","api_last_modified_on":"2025-03-24","updated_at":"2026-07-25T01:27:52.347112+00:00"},"geometry":{"type":"MultiPolygon","coordinates":[[[[129.117125957,35.56369266],[129.117129957,35.563739898],[129.117538102,35.56374399],[129.118244667,35.563668496],[129.11855242,35.563629295],[129.119082141,35.563538882],[129.119686411,35.563348035],[129.119662942,35.563294382],[129.119504296,35.563342228],[129.118910218,35.563501356],[129.11865524,35.563555399],[129.118353296,35.563605762],[129.118086701,35.563637481],[129.117520145,35.56369024],[129.117125957,35.56369266]]]]}},{"type":"Feature","id":"c0ae1033806494cfcbd603e638a7c1230f39d3af9f137e0c092d4d24d9e6dfa7","properties":{"zone_group_id":"317102020716","source_manage_no":"317102020716","facility_name":"향교경로당","facility_type_code":"2","sgg_code":"31710","api_first_registered_on":null,"api_last_modified_on":"2025-03-21","updated_at":"2026-07-25T01:27:52.347112+00:00"},"geometry":{"type":"MultiPolygon","coordinates":[[[[129.114971929,35.556690786],[129.115173052,35.557525279],[129.115332222,35.557497705],[129.115103838,35.556674954],[129.114971929,35.556690786]]]]}},{"type":"Feature","id":"29701526f2a2e204485a3ba2913ef262660ebff350943d599b59b405450a0dc8","properties":{"zone_group_id":"317101011955","source_manage_no":"317101011955","facility_name":"혜원어린이집","facility_type_code":"1","sgg_code":"31710","api_first_registered_on":"2006-01-01","api_last_modified_on":null,"updated_at":"2026-07-25T01:27:52.347112+00:00"},"geometry":{"type":"MultiPolygon","coordinates":[[[[129.110514455,35.566426303],[129.111533044,35.5668928],[129.111648044,35.566967378],[129.111828202,35.567108397],[129.112064269,35.5673836],[129.112203104,35.567315837],[129.112017942,35.567089302],[129.111899004,35.566969738],[129.111749811,35.566852957],[129.111548375,35.566741597],[129.11088427,35.5664401],[129.110602267,35.566305369],[129.110514455,35.566426303]]]]}},{"type":"Feature","id":"a987e0172ab7e60c2ee279c1471ed50fbbc7afd4f2a10f48224f1d57631b8918","properties":{"zone_group_id":"317101011906","source_manage_no":"317101011906","facility_name":"호연초등학교","facility_type_code":"1","sgg_code":"31710","api_first_registered_on":"2006-01-01","api_last_modified_on":null,"updated_at":"2026-07-25T01:27:52.347112+00:00"},"geometry":{"type":"MultiPolygon","coordinates":[[[[129.24757542,35.56684224],[129.247836508,35.567190631],[129.248137901,35.56757461],[129.248223819,35.567687944],[129.24846983,35.568051827],[129.248945799,35.568686082],[129.249083675,35.568659846],[129.248583248,35.568014074],[129.248310404,35.56765858],[129.248030011,35.567291957],[129.247501279,35.566601214],[129.247410471,35.566646009],[129.24757542,35.56684224]]],[[[129.248341789,35.569601776],[129.248360101,35.569541431],[129.248578113,35.569236499],[129.248771863,35.569025828],[129.248988948,35.568885148],[129.249072549,35.568878517],[129.249169808,35.568916423],[129.249355055,35.568734644],[129.249598346,35.568446141],[129.249729358,35.568248472],[129.249798509,35.568095058],[129.249836739,35.567945603],[129.249843919,35.567721512],[129.24980939,35.567485522],[129.249583054,35.567529469],[129.249624593,35.567720254],[129.249592601,35.567944809],[129.249515887,35.568123717],[129.249353156,35.56833381],[129.249096595,35.568665661],[129.248943707,35.568709926],[129.248629203,35.568893271],[129.248380643,35.56917849],[129.248149899,35.569509013],[129.248104975,35.569530134],[129.248314937,35.569640308],[129.248341789,35.569601776]]],[[[129.250359054,35.569767793],[129.250438722,35.569842366],[129.250525049,35.569933153],[129.250703198,35.569793479],[129.250225159,35.569418722],[129.249366559,35.568825421],[129.249355199,35.568752107],[129.24917378,35.568922828],[129.25010354,35.569582412],[129.250359054,35.569767793]]]]}}]}