{"type":"FeatureCollection","features":[{"type":"Feature","id":"242080897b3d227b16c242a4f577ed3f5cab0f3eccf0676f58724fccdef9e0e9-1","properties":{"facility_id":"242080897b3d227b16c242a4f577ed3f5cab0f3eccf0676f58724fccdef9e0e9","point_ordinal":1,"zone_group_id":"461101013177","source_manage_no":"461101013177","facility_name":"가나유치원","sgg_code":"12110","facility_type_code":"1","api_first_registered_on":"2010-12-22","api_last_modified_on":null,"updated_at":"2026-07-25T01:27:52.347112+00:00"},"geometry":{"type":"Point","coordinates":[126.395593699,34.810406743]}},{"type":"Feature","id":"cb14527fd95f3e109b0b869112bc6baf37260459c00272a1915da94e4ed4ebf6-1","properties":{"facility_id":"cb14527fd95f3e109b0b869112bc6baf37260459c00272a1915da94e4ed4ebf6","point_ordinal":1,"zone_group_id":"461101013134","source_manage_no":"461101025697","facility_name":"개미어린이집","sgg_code":"12110","facility_type_code":"1","api_first_registered_on":null,"api_last_modified_on":null,"updated_at":"2026-07-25T01:27:52.347112+00:00"},"geometry":{"type":"Point","coordinates":[126.413870402,34.814018577]}},{"type":"Feature","id":"34f3df9dd80546a87709673e92fee9349563f18073e6718cc192544d35bd3993-1","properties":{"facility_id":"34f3df9dd80546a87709673e92fee9349563f18073e6718cc192544d35bd3993","point_ordinal":1,"zone_group_id":"461101018849","source_manage_no":"461101018849","facility_name":"글로벌키즈","sgg_code":"12110","facility_type_code":"1","api_first_registered_on":null,"api_last_modified_on":null,"updated_at":"2026-07-25T01:27:52.347112+00:00"},"geometry":{"type":"Point","coordinates":[126.416391868,34.802851139]}},{"type":"Feature","id":"2a796f68e4e76f7dd671ddf52187006f9e952a586ecb627bb69d9711bda7f170-1","properties":{"facility_id":"2a796f68e4e76f7dd671ddf52187006f9e952a586ecb627bb69d9711bda7f170","point_ordinal":1,"zone_group_id":"461101013195","source_manage_no":"461101013195","facility_name":"노블키즈유치원","sgg_code":"12110","facility_type_code":"1","api_first_registered_on":"2016-11-07","api_last_modified_on":null,"updated_at":"2026-07-25T01:27:52.347112+00:00"},"geometry":{"type":"Point","coordinates":[126.429872114,34.81179511]}},{"type":"Feature","id":"144e5ecde6f740ebaa67d72cc6f6770f91992a3a636d8895fdec646e72c2e475-1","properties":{"facility_id":"144e5ecde6f740ebaa67d72cc6f6770f91992a3a636d8895fdec646e72c2e475","point_ordinal":1,"zone_group_id":"461101023134","source_manage_no":"461101023134","facility_name":"노엘유치원","sgg_code":"12110","facility_type_code":"1","api_first_registered_on":null,"api_last_modified_on":"2025-12-29","updated_at":"2026-07-25T01:27:52.347112+00:00"},"geometry":{"type":"Point","coordinates":[126.429000535,34.834009584]}},{"type":"Feature","id":"08dc22ec5281dec3aa634840aa3a55e536cce11a3addab39642e145598c405be-1","properties":{"facility_id":"08dc22ec5281dec3aa634840aa3a55e536cce11a3addab39642e145598c405be","point_ordinal":1,"zone_group_id":"461101013112","source_manage_no":"461101013112","facility_name":"대성초등학교","sgg_code":"12110","facility_type_code":"1","api_first_registered_on":"1997-02-26","api_last_modified_on":null,"updated_at":"2026-07-25T01:27:52.347112+00:00"},"geometry":{"type":"Point","coordinates":[126.380143665,34.799545023]}},{"type":"Feature","id":"80a11d1ce8efb1d37dabe465957bfb5a45fd82a7105fd7007b32f2747522ba1e-1","properties":{"facility_id":"80a11d1ce8efb1d37dabe465957bfb5a45fd82a7105fd7007b32f2747522ba1e","point_ordinal":1,"zone_group_id":"461101013184","source_manage_no":"461101013184","facility_name":"대연초등학교","sgg_code":"12110","facility_type_code":"1","api_first_registered_on":"1997-10-15","api_last_modified_on":null,"updated_at":"2026-07-25T01:27:52.347112+00:00"},"geometry":{"type":"Point","coordinates":[126.39885279,34.820183801]}},{"type":"Feature","id":"d5d74328a24ac88aac70c601b0719cbcd8c0d0b7892b227ff36885116184562c-1","properties":{"facility_id":"d5d74328a24ac88aac70c601b0719cbcd8c0d0b7892b227ff36885116184562c","point_ordinal":1,"zone_group_id":"461101013185","source_manage_no":"461101013185","facility_name":"동민어린이집","sgg_code":"12110","facility_type_code":"1","api_first_registered_on":"2010-12-22","api_last_modified_on":null,"updated_at":"2026-07-25T01:27:52.347112+00:00"},"geometry":{"type":"Point","coordinates":[126.400512763,34.81046031]}},{"type":"Feature","id":"471c25a651b87a4c365ea813d42a635f44cf09291a6bdf1813fb903c40a41910-1","properties":{"facility_id":"471c25a651b87a4c365ea813d42a635f44cf09291a6bdf1813fb903c40a41910","point_ordinal":1,"zone_group_id":"461101025691","source_manage_no":"461101025691","facility_name":"동초등학교","sgg_code":"12110","facility_type_code":"1","api_first_registered_on":null,"api_last_modified_on":null,"updated_at":"2026-07-25T01:27:52.347112+00:00"},"geometry":{"type":"Point","coordinates":[126.387879966,34.809615748]}},{"type":"Feature","id":"a6051f67a0c6faee974f46e6e538ee2f63cdea46172fe62257bcfa531ca8287c-1","properties":{"facility_id":"a6051f67a0c6faee974f46e6e538ee2f63cdea46172fe62257bcfa531ca8287c","point_ordinal":1,"zone_group_id":"461101013141","source_manage_no":"461101013161","facility_name":"명도어린이집","sgg_code":"12110","facility_type_code":"1","api_first_registered_on":"2010-12-22","api_last_modified_on":null,"updated_at":"2026-07-25T01:27:52.347112+00:00"},"geometry":{"type":"Point","coordinates":[126.420982442,34.806847331]}},{"type":"Feature","id":"d8abf2eb5f2036b018988f9de1e49576eca4e1d84a13367890dfd9aab669e1eb-1","properties":{"facility_id":"d8abf2eb5f2036b018988f9de1e49576eca4e1d84a13367890dfd9aab669e1eb","point_ordinal":1,"zone_group_id":"461101013197","source_manage_no":"461101027836","facility_name":"목포남초등학교 병설유치원","sgg_code":"12110","facility_type_code":"1","api_first_registered_on":null,"api_last_modified_on":null,"updated_at":"2026-07-25T01:27:52.347112+00:00"},"geometry":{"type":"Point","coordinates":[126.390724097,34.790903308]}},{"type":"Feature","id":"2f10ac5deebf2c4a38436cf8f457cb2ab81dafecf41d1588c87ca471de331551-1","properties":{"facility_id":"2f10ac5deebf2c4a38436cf8f457cb2ab81dafecf41d1588c87ca471de331551","point_ordinal":1,"zone_group_id":"461101013197","source_manage_no":"461101013197","facility_name":"목포남초등학교(병설)","sgg_code":"12110","facility_type_code":"1","api_first_registered_on":"1997-10-15","api_last_modified_on":null,"updated_at":"2026-07-25T01:27:52.347112+00:00"},"geometry":{"type":"Point","coordinates":[126.390997616,34.790831412]}},{"type":"Feature","id":"dec0370678c98e2421353cccfcf787ef31b1a3e9692ad1472d62a803e679d7eb-1","properties":{"facility_id":"dec0370678c98e2421353cccfcf787ef31b1a3e9692ad1472d62a803e679d7eb","point_ordinal":1,"zone_group_id":"461101013112","source_manage_no":"461101027797","facility_name":"목포대성초등학교 병설유치원","sgg_code":"12110","facility_type_code":"1","api_first_registered_on":null,"api_last_modified_on":null,"updated_at":"2026-07-25T01:27:52.347112+00:00"},"geometry":{"type":"Point","coordinates":[126.38032121,34.799429757]}},{"type":"Feature","id":"c468ab3511360818c1bf0f4626fc55b44f436bc0b287bb4de6ed989249048b8a-1","properties":{"facility_id":"c468ab3511360818c1bf0f4626fc55b44f436bc0b287bb4de6ed989249048b8a","point_ordinal":1,"zone_group_id":"461101013184","source_manage_no":"461101027800","facility_name":"목포대연초등학교 병설유치원","sgg_code":"12110","facility_type_code":"1","api_first_registered_on":null,"api_last_modified_on":null,"updated_at":"2026-07-25T01:27:52.347112+00:00"},"geometry":{"type":"Point","coordinates":[126.398894126,34.820498171]}},{"type":"Feature","id":"edf3d1ead60768ae0e167e8c58fa3db044c896de3fa91f88214a2b361492f0ba-1","properties":{"facility_id":"edf3d1ead60768ae0e167e8c58fa3db044c896de3fa91f88214a2b361492f0ba","point_ordinal":1,"zone_group_id":"461101025691","source_manage_no":"461101027796","facility_name":"목포동초등학교 병설유치원","sgg_code":"12110","facility_type_code":"1","api_first_registered_on":null,"api_last_modified_on":null,"updated_at":"2026-07-25T01:27:52.347112+00:00"},"geometry":{"type":"Point","coordinates":[126.38791235,34.8095276]}},{"type":"Feature","id":"826a21728f1b5b68d22e8d676e0260c5d4cef91c5b6f98bfcf1d6dd27aff0089-1","properties":{"facility_id":"826a21728f1b5b68d22e8d676e0260c5d4cef91c5b6f98bfcf1d6dd27aff0089","point_ordinal":1,"zone_group_id":"461101013163","source_manage_no":"461101027846","facility_name":"목포미항초등학교 병설유치원","sgg_code":"12110","facility_type_code":"1","api_first_registered_on":null,"api_last_modified_on":null,"updated_at":"2026-07-25T01:27:52.347112+00:00"},"geometry":{"type":"Point","coordinates":[126.439127977,34.801123055]}},{"type":"Feature","id":"9e8791e0b2af68b2defadc870307f80080021b454600339ead3c78ef736fc099-1","properties":{"facility_id":"9e8791e0b2af68b2defadc870307f80080021b454600339ead3c78ef736fc099","point_ordinal":1,"zone_group_id":"461101013155","source_manage_no":"461101027852","facility_name":"목포백련유치원(단설)","sgg_code":"12110","facility_type_code":"1","api_first_registered_on":null,"api_last_modified_on":null,"updated_at":"2026-07-25T01:27:52.347112+00:00"},"geometry":{"type":"Point","coordinates":[126.389486479,34.817275685]}},{"type":"Feature","id":"6bc98e76b83449f54f053540ef577828602e3a399cabda51f38da99b149ede59-1","properties":{"facility_id":"6bc98e76b83449f54f053540ef577828602e3a399cabda51f38da99b149ede59","point_ordinal":1,"zone_group_id":"461101013182","source_manage_no":"461101013182","facility_name":"목포부설초등학교","sgg_code":"12110","facility_type_code":"1","api_first_registered_on":"1998-10-01","api_last_modified_on":null,"updated_at":"2026-07-25T01:27:52.347112+00:00"},"geometry":{"type":"Point","coordinates":[126.403991818,34.8077744]}},{"type":"Feature","id":"17934c7717660fbb9282b70ce46d4bfdb9ac9f8556e9707dfb2034799fd0d30b-1","properties":{"facility_id":"17934c7717660fbb9282b70ce46d4bfdb9ac9f8556e9707dfb2034799fd0d30b","point_ordinal":1,"zone_group_id":"461101013168","source_manage_no":"461101027835","facility_name":"목포부영초등학교 병설유치원","sgg_code":"12110","facility_type_code":"1","api_first_registered_on":null,"api_last_modified_on":null,"updated_at":"2026-07-25T01:27:52.347112+00:00"},"geometry":{"type":"Point","coordinates":[126.433523314,34.803297248]}},{"type":"Feature","id":"f009d4028982f4477fe1712af31183ae2fea8c53bd1f3af0b66e61dcb317baf1-1","properties":{"facility_id":"f009d4028982f4477fe1712af31183ae2fea8c53bd1f3af0b66e61dcb317baf1","point_ordinal":1,"zone_group_id":"461101013113","source_manage_no":"461101027851","facility_name":"목포부주초등학교병설유치원","sgg_code":"12110","facility_type_code":"1","api_first_registered_on":null,"api_last_modified_on":null,"updated_at":"2026-07-25T01:27:52.347112+00:00"},"geometry":{"type":"Point","coordinates":[126.457114864,34.808664712]}},{"type":"Feature","id":"e84e18517081d8c7b181238382e79f5e7c33a8e6a894dab2eb31acfd743420b2-1","properties":{"facility_id":"e84e18517081d8c7b181238382e79f5e7c33a8e6a894dab2eb31acfd743420b2","point_ordinal":1,"zone_group_id":"461101013124","source_manage_no":"461101027798","facility_name":"목포삼학초등학교 병설유치원","sgg_code":"12110","facility_type_code":"1","api_first_registered_on":null,"api_last_modified_on":null,"updated_at":"2026-07-25T01:27:52.347112+00:00"},"geometry":{"type":"Point","coordinates":[126.40094879,34.791136122]}},{"type":"Feature","id":"0fcd959bb56d039f93a1feda7c123eef6965b0e3b6a6bc325e26850e3982776c-1","properties":{"facility_id":"0fcd959bb56d039f93a1feda7c123eef6965b0e3b6a6bc325e26850e3982776c","point_ordinal":1,"zone_group_id":"461101013134","source_manage_no":"461101027839","facility_name":"목포상동초등학교 병설유치원 유치원","sgg_code":"12110","facility_type_code":"1","api_first_registered_on":null,"api_last_modified_on":null,"updated_at":"2026-07-25T01:27:52.347112+00:00"},"geometry":{"type":"Point","coordinates":[126.412036453,34.813529131]}},{"type":"Feature","id":"6f3b454bb504b8bb641ef1ac47eb00d23fb67e0cee5c6ee1ae824987e6ade4c2-1","properties":{"facility_id":"6f3b454bb504b8bb641ef1ac47eb00d23fb67e0cee5c6ee1ae824987e6ade4c2","point_ordinal":1,"zone_group_id":"461101013126","source_manage_no":"461101027803","facility_name":"목포서부초등학교 병설유치원","sgg_code":"12110","facility_type_code":"1","api_first_registered_on":null,"api_last_modified_on":null,"updated_at":"2026-07-25T01:27:52.347112+00:00"},"geometry":{"type":"Point","coordinates":[126.372537122,34.802873036]}},{"type":"Feature","id":"79f53a5f135597755cbf35caba9312f6a283ea8dbca5b348e791542e7eadfecf-1","properties":{"facility_id":"79f53a5f135597755cbf35caba9312f6a283ea8dbca5b348e791542e7eadfecf","point_ordinal":1,"zone_group_id":"461101013147","source_manage_no":"461101027838","facility_name":"목포서산초등학교 병설유치원","sgg_code":"12110","facility_type_code":"1","api_first_registered_on":null,"api_last_modified_on":null,"updated_at":"2026-07-25T01:27:52.347112+00:00"},"geometry":{"type":"Point","coordinates":[126.374280553,34.782014744]}},{"type":"Feature","id":"91515676897674cf9fc2b9e2ad8cf1b0eec1c5478658f58192b1642df5408479-1","properties":{"facility_id":"91515676897674cf9fc2b9e2ad8cf1b0eec1c5478658f58192b1642df5408479","point_ordinal":1,"zone_group_id":"461101013150","source_manage_no":"461101027848","facility_name":"목포석현초등학교 병설유치원","sgg_code":"12110","facility_type_code":"1","api_first_registered_on":null,"api_last_modified_on":null,"updated_at":"2026-07-25T01:27:52.347112+00:00"},"geometry":{"type":"Point","coordinates":[126.424354706,34.814711779]}},{"type":"Feature","id":"ca8c9e4b7e1f05236a277ed420eb4489e4c634a8f0dcbb1d1e3837dd8102c650-1","properties":{"facility_id":"ca8c9e4b7e1f05236a277ed420eb4489e4c634a8f0dcbb1d1e3837dd8102c650","point_ordinal":1,"zone_group_id":"461102018862","source_manage_no":"461102018862","facility_name":"목포시노인복지관","sgg_code":"12110","facility_type_code":"2","api_first_registered_on":"2008-10-01","api_last_modified_on":null,"updated_at":"2026-07-25T01:27:52.347112+00:00"},"geometry":{"type":"Point","coordinates":[126.386255874,34.79466019]}},{"type":"Feature","id":"404342b87051cbb85fbc856494cadb46affa7c9d94f9fcc6f407b787f82421d5-1","properties":{"facility_id":"404342b87051cbb85fbc856494cadb46affa7c9d94f9fcc6f407b787f82421d5","point_ordinal":1,"zone_group_id":"461101013137","source_manage_no":"461101027842","facility_name":"목포신흥초등학교 병설유치원","sgg_code":"12110","facility_type_code":"1","api_first_registered_on":null,"api_last_modified_on":null,"updated_at":"2026-07-25T01:27:52.347112+00:00"},"geometry":{"type":"Point","coordinates":[126.42481813,34.799300787]}},{"type":"Feature","id":"ff32db58b6202a9ac79ca1d0420018317386935bac93decdb696f648fc0bb7e5-1","properties":{"facility_id":"ff32db58b6202a9ac79ca1d0420018317386935bac93decdb696f648fc0bb7e5","point_ordinal":1,"zone_group_id":"461101013171","source_manage_no":"461101027850","facility_name":"목포애향초등학교 병설유치원","sgg_code":"12110","facility_type_code":"1","api_first_registered_on":null,"api_last_modified_on":null,"updated_at":"2026-07-25T01:27:52.347112+00:00"},"geometry":{"type":"Point","coordinates":[126.441564184,34.809059487]}},{"type":"Feature","id":"4bc26c5f4256ef4b644718215377053fb00bbcd7745aaf8e4ac7e10f725a6c5b-1","properties":{"facility_id":"4bc26c5f4256ef4b644718215377053fb00bbcd7745aaf8e4ac7e10f725a6c5b","point_ordinal":1,"zone_group_id":"461101013128","source_manage_no":"461101027837","facility_name":"목포연동초등학교 병설유치원","sgg_code":"12110","facility_type_code":"1","api_first_registered_on":null,"api_last_modified_on":null,"updated_at":"2026-07-25T01:27:52.347112+00:00"},"geometry":{"type":"Point","coordinates":[126.394314615,34.796057561]}},{"type":"Feature","id":"db6b799e46eb74cd60def68f883cf0023970764fea0a1d96513c103354b3d346-1","properties":{"facility_id":"db6b799e46eb74cd60def68f883cf0023970764fea0a1d96513c103354b3d346","point_ordinal":1,"zone_group_id":"461101013159","source_manage_no":"461101027841","facility_name":"목포연산초등학교 병설유치원","sgg_code":"12110","facility_type_code":"1","api_first_registered_on":null,"api_last_modified_on":null,"updated_at":"2026-07-25T01:27:52.347112+00:00"},"geometry":{"type":"Point","coordinates":[126.38040431,34.811340794]}},{"type":"Feature","id":"44a02c961099aa356d24e117138216f303ac63f44204a313c071134e0fec58d4-1","properties":{"facility_id":"44a02c961099aa356d24e117138216f303ac63f44204a313c071134e0fec58d4","point_ordinal":1,"zone_group_id":"461101013190","source_manage_no":"461101027847","facility_name":"목포용해초등학교 병설유치원","sgg_code":"12110","facility_type_code":"1","api_first_registered_on":null,"api_last_modified_on":null,"updated_at":"2026-07-25T01:27:52.347112+00:00"},"geometry":{"type":"Point","coordinates":[126.396894297,34.818773918]}},{"type":"Feature","id":"6eaef2a41385fcddfed39c8cf37514473b1682462e5b43ec8ebfb404e9724c97-1","properties":{"facility_id":"6eaef2a41385fcddfed39c8cf37514473b1682462e5b43ec8ebfb404e9724c97","point_ordinal":1,"zone_group_id":"461101013181","source_manage_no":"461101027799","facility_name":"목포용호초등학교 병설유치원","sgg_code":"12110","facility_type_code":"1","api_first_registered_on":null,"api_last_modified_on":null,"updated_at":"2026-07-25T01:27:52.347112+00:00"},"geometry":{"type":"Point","coordinates":[126.400951236,34.799788877]}},{"type":"Feature","id":"62fc649e85a72a831a3514cd2ef66b2c63d26a1de414145fddfbd6a29b6cbc66-1","properties":{"facility_id":"62fc649e85a72a831a3514cd2ef66b2c63d26a1de414145fddfbd6a29b6cbc66","point_ordinal":1,"zone_group_id":"461101013194","source_manage_no":"461101027793","facility_name":"목포유달초등학교 병설유치원","sgg_code":"12110","facility_type_code":"1","api_first_registered_on":null,"api_last_modified_on":null,"updated_at":"2026-07-25T01:27:52.347112+00:00"},"geometry":{"type":"Point","coordinates":[126.379265688,34.785969488]}},{"type":"Feature","id":"8cbddafd674ce0cc2bb24b073d76c8ea08fd2101d08220ede40154d0090f961f-1","properties":{"facility_id":"8cbddafd674ce0cc2bb24b073d76c8ea08fd2101d08220ede40154d0090f961f","point_ordinal":1,"zone_group_id":"461102018863","source_manage_no":"461102018863","facility_name":"목포이랜드노인복지관","sgg_code":"12110","facility_type_code":"2","api_first_registered_on":"2017-07-01","api_last_modified_on":null,"updated_at":"2026-07-25T01:27:52.347112+00:00"},"geometry":{"type":"Point","coordinates":[126.399380981,34.801551489]}},{"type":"Feature","id":"04f431c8b2d5fd9fa3260fdc92f8b7538fb72cae8fc46af9bfec0f2b73ea35fe-1","properties":{"facility_id":"04f431c8b2d5fd9fa3260fdc92f8b7538fb72cae8fc46af9bfec0f2b73ea35fe","point_ordinal":1,"zone_group_id":"461101013192","source_manage_no":"461101027834","facility_name":"목포이로초등학교 병설유치원","sgg_code":"12110","facility_type_code":"1","api_first_registered_on":null,"api_last_modified_on":null,"updated_at":"2026-07-25T01:27:52.347112+00:00"},"geometry":{"type":"Point","coordinates":[126.406471038,34.804387244]}},{"type":"Feature","id":"38ca2e095a7f1a58bef2333c316df22b48cbd73f06b5fbd02ec27a58fbb3ce9a-1","properties":{"facility_id":"38ca2e095a7f1a58bef2333c316df22b48cbd73f06b5fbd02ec27a58fbb3ce9a","point_ordinal":1,"zone_group_id":"461101025309","source_manage_no":"461101025309","facility_name":"목포인성학교","sgg_code":"12110","facility_type_code":"1","api_first_registered_on":null,"api_last_modified_on":null,"updated_at":"2026-07-25T01:27:52.347112+00:00"},"geometry":{"type":"Point","coordinates":[126.424209995,34.82779302]}},{"type":"Feature","id":"3625376724ef060252e2376fff00a719bf6a39c2e72ef4e3381d3bef83648936-1","properties":{"facility_id":"3625376724ef060252e2376fff00a719bf6a39c2e72ef4e3381d3bef83648936","point_ordinal":1,"zone_group_id":"461101013153","source_manage_no":"461101027844","facility_name":"목포임성초등학교 병설유치원","sgg_code":"12110","facility_type_code":"1","api_first_registered_on":null,"api_last_modified_on":null,"updated_at":"2026-07-25T01:27:52.347112+00:00"},"geometry":{"type":"Point","coordinates":[126.436460104,34.824671059]}},{"type":"Feature","id":"e0bf094e9cba6cefb0db7556281f1a9757b675ed7b22dac75580dd3907ddd97d-1","properties":{"facility_id":"e0bf094e9cba6cefb0db7556281f1a9757b675ed7b22dac75580dd3907ddd97d","point_ordinal":1,"zone_group_id":"461101013201","source_manage_no":"461101013201","facility_name":"목포중앙초등학교","sgg_code":"12110","facility_type_code":"1","api_first_registered_on":"1997-02-26","api_last_modified_on":null,"updated_at":"2026-07-25T01:27:52.347112+00:00"},"geometry":{"type":"Point","coordinates":[126.386416316,34.795822456]}},{"type":"Feature","id":"2ebae5451328fe3db02eb421bfb214b732e9e27ad31c47c7b4c0e06b9f0ea812-1","properties":{"facility_id":"2ebae5451328fe3db02eb421bfb214b732e9e27ad31c47c7b4c0e06b9f0ea812","point_ordinal":1,"zone_group_id":"461101013201","source_manage_no":"461101027792","facility_name":"목포중앙초등학교 병설유치원","sgg_code":"12110","facility_type_code":"1","api_first_registered_on":null,"api_last_modified_on":null,"updated_at":"2026-07-25T01:27:52.347112+00:00"},"geometry":{"type":"Point","coordinates":[126.386341833,34.795562816]}},{"type":"Feature","id":"96460394e128246bfc0b707a26b987d1a3f30250dad62a813b265544c4e5b871-1","properties":{"facility_id":"96460394e128246bfc0b707a26b987d1a3f30250dad62a813b265544c4e5b871","point_ordinal":1,"zone_group_id":"461101013176","source_manage_no":"461101027843","facility_name":"목포청호초등학교 병설유치원","sgg_code":"12110","facility_type_code":"1","api_first_registered_on":null,"api_last_modified_on":null,"updated_at":"2026-07-25T01:27:52.347112+00:00"},"geometry":{"type":"Point","coordinates":[126.428012495,34.809850138]}},{"type":"Feature","id":"57c134dbe1afd08311eaebcace7fd30fa216e534243e05e720a0c07b5d0c61f9-1","properties":{"facility_id":"57c134dbe1afd08311eaebcace7fd30fa216e534243e05e720a0c07b5d0c61f9","point_ordinal":1,"zone_group_id":"461101013141","source_manage_no":"461101027802","facility_name":"목포하당초등학교 병설유치원","sgg_code":"12110","facility_type_code":"1","api_first_registered_on":null,"api_last_modified_on":null,"updated_at":"2026-07-25T01:27:52.347112+00:00"},"geometry":{"type":"Point","coordinates":[126.419520791,34.806533033]}},{"type":"Feature","id":"d535d302de769516646c88163e949df1abcf2bae2335320c5c35c883756f051e-1","properties":{"facility_id":"d535d302de769516646c88163e949df1abcf2bae2335320c5c35c883756f051e","point_ordinal":1,"zone_group_id":"461101013143","source_manage_no":"461101027845","facility_name":"목포한빛초등학교 병설유치원","sgg_code":"12110","facility_type_code":"1","api_first_registered_on":null,"api_last_modified_on":null,"updated_at":"2026-07-25T01:27:52.347112+00:00"},"geometry":{"type":"Point","coordinates":[126.422587556,34.80353303]}},{"type":"Feature","id":"6a2fad32000d23162967f8b016b7abd65383d6867c88e2ca6b8cc56f7e9292df-1","properties":{"facility_id":"6a2fad32000d23162967f8b016b7abd65383d6867c88e2ca6b8cc56f7e9292df","point_ordinal":1,"zone_group_id":"461101013145","source_manage_no":"461101027849","facility_name":"목포항도초등학교 병설유치원","sgg_code":"12110","facility_type_code":"1","api_first_registered_on":null,"api_last_modified_on":null,"updated_at":"2026-07-25T01:27:52.347112+00:00"},"geometry":{"type":"Point","coordinates":[126.415609379,34.815747806]}},{"type":"Feature","id":"49cdbf0ace1218071e57c5f6b7f6392fb7368247e2ec83df1ce645dc8e4c8112-1","properties":{"facility_id":"49cdbf0ace1218071e57c5f6b7f6392fb7368247e2ec83df1ce645dc8e4c8112","point_ordinal":1,"zone_group_id":"461101025309","source_manage_no":"461101025307","facility_name":"몬테소리유치원","sgg_code":"12110","facility_type_code":"1","api_first_registered_on":null,"api_last_modified_on":null,"updated_at":"2026-07-25T01:27:52.347112+00:00"},"geometry":{"type":"Point","coordinates":[126.422364647,34.827501235]}},{"type":"Feature","id":"cc10e0f92d344e528d0eaea6ee792cdf580d5ee98017b6393cf01e384e7cb175-1","properties":{"facility_id":"cc10e0f92d344e528d0eaea6ee792cdf580d5ee98017b6393cf01e384e7cb175","point_ordinal":1,"zone_group_id":"461101013163","source_manage_no":"461101013163","facility_name":"미항초등학교(병설)","sgg_code":"12110","facility_type_code":"1","api_first_registered_on":"2003-03-25","api_last_modified_on":null,"updated_at":"2026-07-25T01:27:52.347112+00:00"},"geometry":{"type":"Point","coordinates":[126.439276312,34.801192695]}},{"type":"Feature","id":"751b2f5552c3ac835ccc82a785765201b1245f507d3780ab1f9e0f40886487cc-1","properties":{"facility_id":"751b2f5552c3ac835ccc82a785765201b1245f507d3780ab1f9e0f40886487cc","point_ordinal":1,"zone_group_id":"461101013164","source_manage_no":"461101013164","facility_name":"민족사관어린이집","sgg_code":"12110","facility_type_code":"1","api_first_registered_on":"2016-11-07","api_last_modified_on":null,"updated_at":"2026-07-25T01:27:52.347112+00:00"},"geometry":{"type":"Point","coordinates":[126.446131827,34.81247806]}},{"type":"Feature","id":"bd56763384e03a1ca93b43497f87194b699fc4cd4181d76468fdd074376bcb50-1","properties":{"facility_id":"bd56763384e03a1ca93b43497f87194b699fc4cd4181d76468fdd074376bcb50","point_ordinal":1,"zone_group_id":"461101013155","source_manage_no":"461101013155","facility_name":"백련초등학교","sgg_code":"12110","facility_type_code":"1","api_first_registered_on":"1990-01-01","api_last_modified_on":null,"updated_at":"2026-07-25T01:27:52.347112+00:00"},"geometry":{"type":"Point","coordinates":[126.389290598,34.817792959]}},{"type":"Feature","id":"6222dc3619947b57d535ea3a30e9dac0b94ed11833155898ee89ff326dafd06a-1","properties":{"facility_id":"6222dc3619947b57d535ea3a30e9dac0b94ed11833155898ee89ff326dafd06a","point_ordinal":1,"zone_group_id":"461101013165","source_manage_no":"461101013165","facility_name":"백합어린이집","sgg_code":"12110","facility_type_code":"1","api_first_registered_on":"2010-12-22","api_last_modified_on":null,"updated_at":"2026-07-25T01:27:52.347112+00:00"},"geometry":{"type":"Point","coordinates":[126.39943085,34.789043804]}},{"type":"Feature","id":"381c6c27641224a6a67870a484a85d2c9aec734e94e3e155c285fd7209319d83-1","properties":{"facility_id":"381c6c27641224a6a67870a484a85d2c9aec734e94e3e155c285fd7209319d83","point_ordinal":1,"zone_group_id":"461101013166","source_manage_no":"461101013166","facility_name":"베키어린이집","sgg_code":"12110","facility_type_code":"1","api_first_registered_on":"2010-12-22","api_last_modified_on":null,"updated_at":"2026-07-25T01:27:52.347112+00:00"},"geometry":{"type":"Point","coordinates":[126.431673806,34.807735179]}},{"type":"Feature","id":"c044236bcb7517155fae606a1a01c4cad1b8c5b94962e4d7ee1480c187d07ec3-1","properties":{"facility_id":"c044236bcb7517155fae606a1a01c4cad1b8c5b94962e4d7ee1480c187d07ec3","point_ordinal":1,"zone_group_id":"461101013168","source_manage_no":"461101013168","facility_name":"부영초등학교(병설)","sgg_code":"12110","facility_type_code":"1","api_first_registered_on":"1997-10-15","api_last_modified_on":null,"updated_at":"2026-07-25T01:27:52.347112+00:00"},"geometry":{"type":"Point","coordinates":[126.4333155,34.803469719]}},{"type":"Feature","id":"83ee6a84b918d527a74ab821fb3a0cd0eca78e069a393f6a5412955404680ca3-1","properties":{"facility_id":"83ee6a84b918d527a74ab821fb3a0cd0eca78e069a393f6a5412955404680ca3","point_ordinal":1,"zone_group_id":"461101013113","source_manage_no":"461101013113","facility_name":"부주초등학교","sgg_code":"12110","facility_type_code":"1","api_first_registered_on":"2016-11-07","api_last_modified_on":null,"updated_at":"2026-07-25T01:27:52.347112+00:00"},"geometry":{"type":"Point","coordinates":[126.457075311,34.808529394]}},{"type":"Feature","id":"4f81887cc2278a26da2d7d4adf26ce82e8adb2c6b1db245b961fccc399be1cb7-1","properties":{"facility_id":"4f81887cc2278a26da2d7d4adf26ce82e8adb2c6b1db245b961fccc399be1cb7","point_ordinal":1,"zone_group_id":"461101013115","source_manage_no":"461101013115","facility_name":"북교초등학교","sgg_code":"12110","facility_type_code":"1","api_first_registered_on":"1997-02-26","api_last_modified_on":null,"updated_at":"2026-07-25T01:27:52.347112+00:00"},"geometry":{"type":"Point","coordinates":[126.378475273,34.79578343]}},{"type":"Feature","id":"c0c4126c3422e7835530ca486cc957564a52a9d033bbcd54e071f8c970947fe5-1","properties":{"facility_id":"c0c4126c3422e7835530ca486cc957564a52a9d033bbcd54e071f8c970947fe5","point_ordinal":1,"zone_group_id":"461101013115","source_manage_no":"461101027791","facility_name":"북교초등학교 병설유치원","sgg_code":"12110","facility_type_code":"1","api_first_registered_on":null,"api_last_modified_on":null,"updated_at":"2026-07-25T01:27:52.347112+00:00"},"geometry":{"type":"Point","coordinates":[126.378493343,34.796104553]}},{"type":"Feature","id":"b3b31505cf7bcf8f7910aa1fdf1ef236af420c4f5c33f3c13c920263c2d2fea8-1","properties":{"facility_id":"b3b31505cf7bcf8f7910aa1fdf1ef236af420c4f5c33f3c13c920263c2d2fea8","point_ordinal":1,"zone_group_id":"461101018854","source_manage_no":"461101018854","facility_name":"산정초등학교","sgg_code":"12110","facility_type_code":"1","api_first_registered_on":"1995-05-01","api_last_modified_on":null,"updated_at":"2026-07-25T01:27:52.347112+00:00"},"geometry":{"type":"Point","coordinates":[126.389936103,34.800882547]}},{"type":"Feature","id":"b6ff7aaddd715543d942d94794fb8a636919dc202d7f28006a633f5b036f06b2-1","properties":{"facility_id":"b6ff7aaddd715543d942d94794fb8a636919dc202d7f28006a633f5b036f06b2","point_ordinal":1,"zone_group_id":"461101018854","source_manage_no":"461101027788","facility_name":"산정초등학교 병설유치원","sgg_code":"12110","facility_type_code":"1","api_first_registered_on":null,"api_last_modified_on":null,"updated_at":"2026-07-25T01:27:52.347112+00:00"},"geometry":{"type":"Point","coordinates":[126.3901559,34.801084734]}},{"type":"Feature","id":"1f027b69253ec6bd4a3e7f4393c45323b401a4eb5ffb0dcc662f3340ddcaad80-1","properties":{"facility_id":"1f027b69253ec6bd4a3e7f4393c45323b401a4eb5ffb0dcc662f3340ddcaad80","point_ordinal":1,"zone_group_id":"461102025731","source_manage_no":"461102025731","facility_name":"산책하는요양원","sgg_code":"12110","facility_type_code":"2","api_first_registered_on":null,"api_last_modified_on":null,"updated_at":"2026-07-25T01:27:52.347112+00:00"},"geometry":{"type":"Point","coordinates":[126.411092422,34.811981533]}},{"type":"Feature","id":"89bc4212a1eb9aee6b3ef13066e089b51d11d587565c0bede8e894a8c53bdcb8-1","properties":{"facility_id":"89bc4212a1eb9aee6b3ef13066e089b51d11d587565c0bede8e894a8c53bdcb8","point_ordinal":1,"zone_group_id":"461101013124","source_manage_no":"461101013124","facility_name":"삼학초등학교","sgg_code":"12110","facility_type_code":"1","api_first_registered_on":"1997-10-15","api_last_modified_on":null,"updated_at":"2026-07-25T01:27:52.347112+00:00"},"geometry":{"type":"Point","coordinates":[126.400726946,34.79109588]}},{"type":"Feature","id":"030c68d7e5e0fbf9d85a4ab4cf9f3de9211f0f4060f27b54b0d2f5822816d39b-1","properties":{"facility_id":"030c68d7e5e0fbf9d85a4ab4cf9f3de9211f0f4060f27b54b0d2f5822816d39b","point_ordinal":1,"zone_group_id":"461101013134","source_manage_no":"461101013134","facility_name":"상동초등학교(병설)","sgg_code":"12110","facility_type_code":"1","api_first_registered_on":"1998-10-01","api_last_modified_on":null,"updated_at":"2026-07-25T01:27:52.347112+00:00"},"geometry":{"type":"Point","coordinates":[126.412249535,34.813465045]}},{"type":"Feature","id":"bb80fbbf19af0a5fc4edd4d4e37d670908ee7b7a10f7387745781fc64f1ad304-1","properties":{"facility_id":"bb80fbbf19af0a5fc4edd4d4e37d670908ee7b7a10f7387745781fc64f1ad304","point_ordinal":1,"zone_group_id":"461101013117","source_manage_no":"461101013117","facility_name":"샛별어린이집","sgg_code":"12110","facility_type_code":"1","api_first_registered_on":"2010-12-22","api_last_modified_on":null,"updated_at":"2026-07-25T01:27:52.347112+00:00"},"geometry":{"type":"Point","coordinates":[126.376586644,34.806650982]}},{"type":"Feature","id":"d3efb5443b6bf6b068d3911aae9a512c6f7064e0ff7f4462e60680f160cce04d-1","properties":{"facility_id":"d3efb5443b6bf6b068d3911aae9a512c6f7064e0ff7f4462e60680f160cce04d","point_ordinal":1,"zone_group_id":"461101013126","source_manage_no":"461101013126","facility_name":"서부초등학교","sgg_code":"12110","facility_type_code":"1","api_first_registered_on":"1997-10-15","api_last_modified_on":null,"updated_at":"2026-07-25T01:27:52.347112+00:00"},"geometry":{"type":"Point","coordinates":[126.372753378,34.802925167]}},{"type":"Feature","id":"d6893ff1acd5b9dcac991cde25a8c411aa7e1f5402ecf9ec4b69e92728f96836-1","properties":{"facility_id":"d6893ff1acd5b9dcac991cde25a8c411aa7e1f5402ecf9ec4b69e92728f96836","point_ordinal":1,"zone_group_id":"461101013147","source_manage_no":"461101013147","facility_name":"서산초등학교(병설)","sgg_code":"12110","facility_type_code":"1","api_first_registered_on":"1998-10-01","api_last_modified_on":null,"updated_at":"2026-07-25T01:27:52.347112+00:00"},"geometry":{"type":"Point","coordinates":[126.374242084,34.782271377]}},{"type":"Feature","id":"9e552ec951ad9046edf51332c14c593256e0fdd9e55b62c5d01c621ad7c7b3f7-1","properties":{"facility_id":"9e552ec951ad9046edf51332c14c593256e0fdd9e55b62c5d01c621ad7c7b3f7","point_ordinal":1,"zone_group_id":"461101013159","source_manage_no":"461101027897","facility_name":"서해초등학교 병설","sgg_code":"12110","facility_type_code":"1","api_first_registered_on":"2003-03-25","api_last_modified_on":null,"updated_at":"2026-07-25T01:27:52.347112+00:00"},"geometry":{"type":"Point","coordinates":[126.381215879,34.81023283]}},{"type":"Feature","id":"d6c28438befd407b88b1f6f4868070a58aa9c60e8ffff446b137b24c5dc328e8-1","properties":{"facility_id":"d6c28438befd407b88b1f6f4868070a58aa9c60e8ffff446b137b24c5dc328e8","point_ordinal":1,"zone_group_id":"461101013159","source_manage_no":"461101013157","facility_name":"서해초등학교(병설)","sgg_code":"12110","facility_type_code":"1","api_first_registered_on":"2003-03-25","api_last_modified_on":null,"updated_at":"2026-07-25T01:27:52.347112+00:00"},"geometry":{"type":"Point","coordinates":[126.381038105,34.810369894]}},{"type":"Feature","id":"f77ab500f1402e034ae6fc07745d6782f5c2e64c237578d2ac160fdc7ac8116d-1","properties":{"facility_id":"f77ab500f1402e034ae6fc07745d6782f5c2e64c237578d2ac160fdc7ac8116d","point_ordinal":1,"zone_group_id":"461101013150","source_manage_no":"461101013150","facility_name":"석현초등학교(병설)","sgg_code":"12110","facility_type_code":"1","api_first_registered_on":"2005-07-15","api_last_modified_on":null,"updated_at":"2026-07-25T01:27:52.347112+00:00"},"geometry":{"type":"Point","coordinates":[126.424048869,34.814845658]}},{"type":"Feature","id":"8f3474c490375570377bb78d2ee746d52fd6867cc8844913e4bc7bc72725d111-1","properties":{"facility_id":"8f3474c490375570377bb78d2ee746d52fd6867cc8844913e4bc7bc72725d111","point_ordinal":1,"zone_group_id":"461101013169","source_manage_no":"461101013169","facility_name":"성균관어린이집","sgg_code":"12110","facility_type_code":"1","api_first_registered_on":"1990-01-01","api_last_modified_on":null,"updated_at":"2026-07-25T01:27:52.347112+00:00"},"geometry":{"type":"Point","coordinates":[126.446445987,34.809304633]}},{"type":"Feature","id":"d1d5caf2e22f3b21d8b28c4a5530cc4bdaf0a8d86f91e11d317a533c4757ea27-1","properties":{"facility_id":"d1d5caf2e22f3b21d8b28c4a5530cc4bdaf0a8d86f91e11d317a533c4757ea27","point_ordinal":1,"zone_group_id":"461101013194","source_manage_no":"461101013110","facility_name":"성모유치원","sgg_code":"12110","facility_type_code":"1","api_first_registered_on":"2010-12-22","api_last_modified_on":null,"updated_at":"2026-07-25T01:27:52.347112+00:00"},"geometry":{"type":"Point","coordinates":[126.380910193,34.78499093]}},{"type":"Feature","id":"3ddc627ac8a0eda11637bed123b5bce1ecde44a5149aabedb53ff9e697bb80b7-1","properties":{"facility_id":"3ddc627ac8a0eda11637bed123b5bce1ecde44a5149aabedb53ff9e697bb80b7","point_ordinal":1,"zone_group_id":"461101023135","source_manage_no":"461101023135","facility_name":"성심유치원","sgg_code":"12110","facility_type_code":"1","api_first_registered_on":null,"api_last_modified_on":null,"updated_at":"2026-07-25T01:27:52.347112+00:00"},"geometry":{"type":"Point","coordinates":[126.386428871,34.798329291]}},{"type":"Feature","id":"81b288f0f3bd5228148861b9fe7ae05c3ccd37bcdf3ee66d6504667d90af1665-1","properties":{"facility_id":"81b288f0f3bd5228148861b9fe7ae05c3ccd37bcdf3ee66d6504667d90af1665","point_ordinal":1,"zone_group_id":"461101013151","source_manage_no":"461101013151","facility_name":"솔로몬어린이집","sgg_code":"12110","facility_type_code":"1","api_first_registered_on":"2010-12-22","api_last_modified_on":null,"updated_at":"2026-07-25T01:27:52.347112+00:00"},"geometry":{"type":"Point","coordinates":[126.423494564,34.825517061]}},{"type":"Feature","id":"d0bd25b1b012508d0ff18a5e1aa7a72192154faf588c340c3b339511ac88070a-1","properties":{"facility_id":"d0bd25b1b012508d0ff18a5e1aa7a72192154faf588c340c3b339511ac88070a","point_ordinal":1,"zone_group_id":"461101013135","source_manage_no":"461101013135","facility_name":"숲속아일랜드유치원","sgg_code":"12110","facility_type_code":"1","api_first_registered_on":"2013-03-25","api_last_modified_on":null,"updated_at":"2026-07-25T01:27:52.347112+00:00"},"geometry":{"type":"Point","coordinates":[126.41961388,34.809114015]}},{"type":"Feature","id":"0fbdd615e2a36ed80b5c8ebf7616b13c8ad485573581837be35d18c30efc590a-1","properties":{"facility_id":"0fbdd615e2a36ed80b5c8ebf7616b13c8ad485573581837be35d18c30efc590a","point_ordinal":1,"zone_group_id":"461101013184","source_manage_no":"461101013186","facility_name":"신나는어린이집","sgg_code":"12110","facility_type_code":"1","api_first_registered_on":"2010-12-22","api_last_modified_on":null,"updated_at":"2026-07-25T01:27:52.347112+00:00"},"geometry":{"type":"Point","coordinates":[126.401632157,34.818378448]}},{"type":"Feature","id":"abe80541ca2bb5d8841a1f3007b6c3bca242f361ebbfd5e78e25885debaed161-1","properties":{"facility_id":"abe80541ca2bb5d8841a1f3007b6c3bca242f361ebbfd5e78e25885debaed161","point_ordinal":1,"zone_group_id":"461101013137","source_manage_no":"461101013137","facility_name":"신흥초등학교(병설)","sgg_code":"12110","facility_type_code":"1","api_first_registered_on":"2000-08-01","api_last_modified_on":null,"updated_at":"2026-07-25T01:27:52.347112+00:00"},"geometry":{"type":"Point","coordinates":[126.424502042,34.799322098]}},{"type":"Feature","id":"4dafa1eb07244abd8a986dff44e176833163228ee0e19c6e1d17234866c6841d-1","properties":{"facility_id":"4dafa1eb07244abd8a986dff44e176833163228ee0e19c6e1d17234866c6841d","point_ordinal":1,"zone_group_id":"461101018846","source_manage_no":"461101018846","facility_name":"썸머힐유치원","sgg_code":"12110","facility_type_code":"1","api_first_registered_on":null,"api_last_modified_on":null,"updated_at":"2026-07-25T01:27:52.347112+00:00"},"geometry":{"type":"Point","coordinates":[126.420669053,34.817846007]}},{"type":"Feature","id":"3377e5508aeb15365c7253b8e7627299ccb9cf79181363d062956ae952b2dfa4-1","properties":{"facility_id":"3377e5508aeb15365c7253b8e7627299ccb9cf79181363d062956ae952b2dfa4","point_ordinal":1,"zone_group_id":"461101018861","source_manage_no":"461101018861","facility_name":"아이조아어린이집","sgg_code":"12110","facility_type_code":"1","api_first_registered_on":null,"api_last_modified_on":null,"updated_at":"2026-07-25T01:27:52.347112+00:00"},"geometry":{"type":"Point","coordinates":[126.455827163,34.810082795]}},{"type":"Feature","id":"cc330052c6153f867d2c6ba8fdf066b2fd273d6ebe4de23f30a58bd2b3096239-1","properties":{"facility_id":"cc330052c6153f867d2c6ba8fdf066b2fd273d6ebe4de23f30a58bd2b3096239","point_ordinal":1,"zone_group_id":"461101013184","source_manage_no":"461101013187","facility_name":"아해누리어린이집","sgg_code":"12110","facility_type_code":"1","api_first_registered_on":"2010-12-22","api_last_modified_on":null,"updated_at":"2026-07-25T01:27:52.347112+00:00"},"geometry":{"type":"Point","coordinates":[126.400628578,34.819848193]}},{"type":"Feature","id":"1ddbaae5d4f9de2902ce1ba7fabf598a47b0a9e617638b2b6882e4854a4d373b-1","properties":{"facility_id":"1ddbaae5d4f9de2902ce1ba7fabf598a47b0a9e617638b2b6882e4854a4d373b","point_ordinal":1,"zone_group_id":"461101023136","source_manage_no":"461101023136","facility_name":"애플펀어린이집","sgg_code":"12110","facility_type_code":"1","api_first_registered_on":null,"api_last_modified_on":null,"updated_at":"2026-07-25T01:27:52.347112+00:00"},"geometry":{"type":"Point","coordinates":[126.405035561,34.799831144]}},{"type":"Feature","id":"3fe01c1721657a4b3e97e1aca514590eb4df5095817463114a6755d94d577d43-1","properties":{"facility_id":"3fe01c1721657a4b3e97e1aca514590eb4df5095817463114a6755d94d577d43","point_ordinal":1,"zone_group_id":"461101013171","source_manage_no":"461101013171","facility_name":"애향초등학교","sgg_code":"12110","facility_type_code":"1","api_first_registered_on":"2007-03-01","api_last_modified_on":null,"updated_at":"2026-07-25T01:27:52.347112+00:00"},"geometry":{"type":"Point","coordinates":[126.441478156,34.809170544]}},{"type":"Feature","id":"fb641013a3a0d877f244a09840fc89ea62260205f8d6103a351a26192ccf0ac3-1","properties":{"facility_id":"fb641013a3a0d877f244a09840fc89ea62260205f8d6103a351a26192ccf0ac3","point_ordinal":1,"zone_group_id":"461101018876","source_manage_no":"461101018876","facility_name":"엔젤유치원","sgg_code":"12110","facility_type_code":"1","api_first_registered_on":"2002-09-09","api_last_modified_on":null,"updated_at":"2026-07-25T01:27:52.347112+00:00"},"geometry":{"type":"Point","coordinates":[126.4006356,34.812782293]}},{"type":"Feature","id":"d6d31bee513693d017d8753b9dc836a231f4384af8a2230af51071efb17837cf-1","properties":{"facility_id":"d6d31bee513693d017d8753b9dc836a231f4384af8a2230af51071efb17837cf","point_ordinal":1,"zone_group_id":"461101013128","source_manage_no":"461101013128","facility_name":"연동초등학교(병설)","sgg_code":"12110","facility_type_code":"1","api_first_registered_on":"1997-10-15","api_last_modified_on":null,"updated_at":"2026-07-25T01:27:52.347112+00:00"},"geometry":{"type":"Point","coordinates":[126.394037565,34.795820232]}},{"type":"Feature","id":"febbe1e1210f9afd4b227e2383a72e18d39778e1c6908f1c54ff8dba4e3c4e46-1","properties":{"facility_id":"febbe1e1210f9afd4b227e2383a72e18d39778e1c6908f1c54ff8dba4e3c4e46","point_ordinal":1,"zone_group_id":"461101013159","source_manage_no":"461101013159","facility_name":"연산초등학교(병설)","sgg_code":"12110","facility_type_code":"1","api_first_registered_on":"1998-10-01","api_last_modified_on":null,"updated_at":"2026-07-25T01:27:52.347112+00:00"},"geometry":{"type":"Point","coordinates":[126.380474524,34.811476536]}},{"type":"Feature","id":"54a18839f638b377496520f309a1328493b13df73680fa37e35ae411f232179f-1","properties":{"facility_id":"54a18839f638b377496520f309a1328493b13df73680fa37e35ae411f232179f","point_ordinal":1,"zone_group_id":"461101013174","source_manage_no":"461101013172","facility_name":"영산초등학교","sgg_code":"12110","facility_type_code":"1","api_first_registered_on":"2011-03-22","api_last_modified_on":null,"updated_at":"2026-07-25T01:27:52.347112+00:00"},"geometry":{"type":"Point","coordinates":[126.450217803,34.807544908]}},{"type":"Feature","id":"c2b9865e185333a3388264d38ddef7869e0b416675132054ca5aed0f87250e09-1","properties":{"facility_id":"c2b9865e185333a3388264d38ddef7869e0b416675132054ca5aed0f87250e09","point_ordinal":1,"zone_group_id":"461101025695","source_manage_no":"461101025695","facility_name":"영재유치원","sgg_code":"12110","facility_type_code":"1","api_first_registered_on":null,"api_last_modified_on":null,"updated_at":"2026-07-25T01:27:52.347112+00:00"},"geometry":{"type":"Point","coordinates":[126.401771729,34.808316968]}},{"type":"Feature","id":"47a7af84a690eadebbec2ce1162d0b4a6c53eddd0b6be5e107c6c1ac0d8ceea1-1","properties":{"facility_id":"47a7af84a690eadebbec2ce1162d0b4a6c53eddd0b6be5e107c6c1ac0d8ceea1","point_ordinal":1,"zone_group_id":"461101013174","source_manage_no":"461101013173","facility_name":"옥암유치원","sgg_code":"12110","facility_type_code":"1","api_first_registered_on":"2007-03-01","api_last_modified_on":null,"updated_at":"2026-07-25T01:27:52.347112+00:00"},"geometry":{"type":"Point","coordinates":[126.451745681,34.808897802]}},{"type":"Feature","id":"0acdd3de2a322657f0c41fe92c0bef54adfd61a331366037da5c92710452c2e2-1","properties":{"facility_id":"0acdd3de2a322657f0c41fe92c0bef54adfd61a331366037da5c92710452c2e2","point_ordinal":1,"zone_group_id":"461101013174","source_manage_no":"461101013174","facility_name":"옥암초등학교","sgg_code":"12110","facility_type_code":"1","api_first_registered_on":"2009-07-01","api_last_modified_on":null,"updated_at":"2026-07-25T01:27:52.347112+00:00"},"geometry":{"type":"Point","coordinates":[126.452177149,34.810807987]}},{"type":"Feature","id":"83dd782abb7b97c2133bfc1906262c5f5f8f8080a3bfbd405f31755249f98788-1","properties":{"facility_id":"83dd782abb7b97c2133bfc1906262c5f5f8f8080a3bfbd405f31755249f98788","point_ordinal":1,"zone_group_id":"461101013190","source_manage_no":"461101013190","facility_name":"용해초등학교(병설)","sgg_code":"12110","facility_type_code":"1","api_first_registered_on":"2005-07-15","api_last_modified_on":null,"updated_at":"2026-07-25T01:27:52.347112+00:00"},"geometry":{"type":"Point","coordinates":[126.39696105,34.818904693]}},{"type":"Feature","id":"9cdf89f8c3bff6e3498874b4cb5a3b3495140e53203f79a24191a8f1c5b22476-1","properties":{"facility_id":"9cdf89f8c3bff6e3498874b4cb5a3b3495140e53203f79a24191a8f1c5b22476","point_ordinal":1,"zone_group_id":"461101013181","source_manage_no":"461101013181","facility_name":"용호초등학교","sgg_code":"12110","facility_type_code":"1","api_first_registered_on":"1997-10-15","api_last_modified_on":null,"updated_at":"2026-07-25T01:27:52.347112+00:00"},"geometry":{"type":"Point","coordinates":[126.400854939,34.799892282]}},{"type":"Feature","id":"39eb321b20de37386d680d6d8b9ee4f838466744c3a89a07262cc72f6cd94d04-1","properties":{"facility_id":"39eb321b20de37386d680d6d8b9ee4f838466744c3a89a07262cc72f6cd94d04","point_ordinal":1,"zone_group_id":"461101013194","source_manage_no":"461101013194","facility_name":"유달초등학교","sgg_code":"12110","facility_type_code":"1","api_first_registered_on":"1997-02-26","api_last_modified_on":null,"updated_at":"2026-07-25T01:27:52.347112+00:00"},"geometry":{"type":"Point","coordinates":[126.379463083,34.786176591]}},{"type":"Feature","id":"452e2a15c556ee3328ae45a13552b188cd17128ddb0808eb93726c0c6734b6ce-1","properties":{"facility_id":"452e2a15c556ee3328ae45a13552b188cd17128ddb0808eb93726c0c6734b6ce","point_ordinal":1,"zone_group_id":"461101013192","source_manage_no":"461101013192","facility_name":"이로초등학교(병설)","sgg_code":"12110","facility_type_code":"1","api_first_registered_on":"1997-10-15","api_last_modified_on":null,"updated_at":"2026-07-25T01:27:52.347112+00:00"},"geometry":{"type":"Point","coordinates":[126.40625026,34.804383881]}},{"type":"Feature","id":"9f11a0700dafd62c38a166bff7740eb86f8ca5c9b87e480e2597f0dc31b2ce39-1","properties":{"facility_id":"9f11a0700dafd62c38a166bff7740eb86f8ca5c9b87e480e2597f0dc31b2ce39","point_ordinal":1,"zone_group_id":"461101013171","source_manage_no":"461101013196","facility_name":"이지차일드유치원","sgg_code":"12110","facility_type_code":"1","api_first_registered_on":"2016-11-07","api_last_modified_on":null,"updated_at":"2026-07-25T01:27:52.347112+00:00"},"geometry":{"type":"Point","coordinates":[126.439916513,34.809475448]}},{"type":"Feature","id":"24d3d7eff51a554e27caa5c52054cadd41dbb0a2e752e27836837c959e157ec8-1","properties":{"facility_id":"24d3d7eff51a554e27caa5c52054cadd41dbb0a2e752e27836837c959e157ec8","point_ordinal":1,"zone_group_id":"461101013160","source_manage_no":"461101013160","facility_name":"일오삼유치원","sgg_code":"12110","facility_type_code":"1","api_first_registered_on":"2012-11-27","api_last_modified_on":null,"updated_at":"2026-07-25T01:27:52.347112+00:00"},"geometry":{"type":"Point","coordinates":[126.382357307,34.812594263]}},{"type":"Feature","id":"7eedf8172226f893f9d3a94deae1ff880d47db5560570a1ad26c11c8ca01645f-1","properties":{"facility_id":"7eedf8172226f893f9d3a94deae1ff880d47db5560570a1ad26c11c8ca01645f","point_ordinal":1,"zone_group_id":"461101013153","source_manage_no":"461101013153","facility_name":"임성초등학교(병설)","sgg_code":"12110","facility_type_code":"1","api_first_registered_on":"2000-08-01","api_last_modified_on":null,"updated_at":"2026-07-25T01:27:52.347112+00:00"},"geometry":{"type":"Point","coordinates":[126.436754321,34.824145843]}},{"type":"Feature","id":"8fc963a9a76f82ac9ce109fcb1d69ccafd5a939434d1c18e8c3237d70d4d04ef-1","properties":{"facility_id":"8fc963a9a76f82ac9ce109fcb1d69ccafd5a939434d1c18e8c3237d70d4d04ef","point_ordinal":1,"zone_group_id":"461101018851","source_manage_no":"461101018851","facility_name":"자연생태어린이집","sgg_code":"12110","facility_type_code":"1","api_first_registered_on":null,"api_last_modified_on":null,"updated_at":"2026-07-25T01:27:52.347112+00:00"},"geometry":{"type":"Point","coordinates":[126.423763097,34.83655334]}},{"type":"Feature","id":"5fa2597a05ad8f41edcdbcba2970aa3343deb53e5f911390b0fa70e5cae838a7-1","properties":{"facility_id":"5fa2597a05ad8f41edcdbcba2970aa3343deb53e5f911390b0fa70e5cae838a7","point_ordinal":1,"zone_group_id":"461101013130","source_manage_no":"461101013130","facility_name":"중앙영재아카데미","sgg_code":"12110","facility_type_code":"1","api_first_registered_on":"2010-12-22","api_last_modified_on":null,"updated_at":"2026-07-25T01:27:52.347112+00:00"},"geometry":{"type":"Point","coordinates":[126.369257009,34.803970087]}},{"type":"Feature","id":"cefa65c2762573b59275810945d7b2975484680fa94c881d61d1ec035d50f87f-1","properties":{"facility_id":"cefa65c2762573b59275810945d7b2975484680fa94c881d61d1ec035d50f87f","point_ordinal":1,"zone_group_id":"461101013139","source_manage_no":"461101013139","facility_name":"즐거운유치원","sgg_code":"12110","facility_type_code":"1","api_first_registered_on":"2002-09-09","api_last_modified_on":null,"updated_at":"2026-07-25T01:27:52.347112+00:00"},"geometry":{"type":"Point","coordinates":[126.422019977,34.808151215]}},{"type":"Feature","id":"a31329c9bf56492394feb564e4151214711bf8abb1dd9a51c7bfc7fb306b7cf1-1","properties":{"facility_id":"a31329c9bf56492394feb564e4151214711bf8abb1dd9a51c7bfc7fb306b7cf1","point_ordinal":1,"zone_group_id":"461101018847","source_manage_no":"461101018847","facility_name":"청운어린이집","sgg_code":"12110","facility_type_code":"1","api_first_registered_on":null,"api_last_modified_on":null,"updated_at":"2026-07-25T01:27:52.347112+00:00"},"geometry":{"type":"Point","coordinates":[126.383175233,34.808864115]}},{"type":"Feature","id":"33c7b840d495bba4d754479b3b08f85c0577763c185caecc40d5b9b95c7a67c7-1","properties":{"facility_id":"33c7b840d495bba4d754479b3b08f85c0577763c185caecc40d5b9b95c7a67c7","point_ordinal":1,"zone_group_id":"461101013176","source_manage_no":"461101013176","facility_name":"청호초등학교(병설)","sgg_code":"12110","facility_type_code":"1","api_first_registered_on":"2000-08-01","api_last_modified_on":null,"updated_at":"2026-07-25T01:27:52.347112+00:00"},"geometry":{"type":"Point","coordinates":[126.42816824,34.809976678]}},{"type":"Feature","id":"b6cf814bf1ac87733a9dabfd725127c61b9b6ee4d852e531fc0d6669789446b6-1","properties":{"facility_id":"b6cf814bf1ac87733a9dabfd725127c61b9b6ee4d852e531fc0d6669789446b6","point_ordinal":1,"zone_group_id":"461101025311","source_manage_no":"461101025311","facility_name":"토마토어린이집","sgg_code":"12110","facility_type_code":"1","api_first_registered_on":null,"api_last_modified_on":null,"updated_at":"2026-07-25T01:27:52.347112+00:00"},"geometry":{"type":"Point","coordinates":[126.388623039,34.821760346]}},{"type":"Feature","id":"8c0040e0ceee523621733f67673c02876e721f6b2ae7528e4c49a5f86e2a2993-1","properties":{"facility_id":"8c0040e0ceee523621733f67673c02876e721f6b2ae7528e4c49a5f86e2a2993","point_ordinal":1,"zone_group_id":"461102018864","source_manage_no":"461102018864","facility_name":"하나노인복지관","sgg_code":"12110","facility_type_code":"2","api_first_registered_on":"2017-12-05","api_last_modified_on":null,"updated_at":"2026-07-25T01:27:52.347112+00:00"},"geometry":{"type":"Point","coordinates":[126.385785984,34.786191454]}},{"type":"Feature","id":"0f0203c3e70f37c2278ca48d03d0c6a6d6390792d47cac62a2fe2b6ac4165cc9-1","properties":{"facility_id":"0f0203c3e70f37c2278ca48d03d0c6a6d6390792d47cac62a2fe2b6ac4165cc9","point_ordinal":1,"zone_group_id":"461102013138","source_manage_no":"461102013138","facility_name":"하당노인복지관","sgg_code":"12110","facility_type_code":"2","api_first_registered_on":"2010-06-01","api_last_modified_on":null,"updated_at":"2026-07-25T01:27:52.347112+00:00"},"geometry":{"type":"Point","coordinates":[126.418823292,34.799747377]}},{"type":"Feature","id":"b66e2f1b9e029c06050faf10c625d3912737aece8417615b296e2b23d671e962-1","properties":{"facility_id":"b66e2f1b9e029c06050faf10c625d3912737aece8417615b296e2b23d671e962","point_ordinal":1,"zone_group_id":"461101013141","source_manage_no":"461101013141","facility_name":"하당초등학교","sgg_code":"12110","facility_type_code":"1","api_first_registered_on":"1997-10-15","api_last_modified_on":null,"updated_at":"2026-07-25T01:27:52.347112+00:00"},"geometry":{"type":"Point","coordinates":[126.419502144,34.806654539]}},{"type":"Feature","id":"04faf18cb80940e7e936b085c3c4b5ac2245da4bd8f83728731c383f18cc97a8-1","properties":{"facility_id":"04faf18cb80940e7e936b085c3c4b5ac2245da4bd8f83728731c383f18cc97a8","point_ordinal":1,"zone_group_id":"461101013143","source_manage_no":"461101013143","facility_name":"한빛초등학교(병설)","sgg_code":"12110","facility_type_code":"1","api_first_registered_on":"2001-11-20","api_last_modified_on":null,"updated_at":"2026-07-25T01:27:52.347112+00:00"},"geometry":{"type":"Point","coordinates":[126.422851935,34.803482455]}},{"type":"Feature","id":"8e46cdd038a37d15b8e9ca4a2698d00e18558e12c35185c90e6eaab9962f26e6-1","properties":{"facility_id":"8e46cdd038a37d15b8e9ca4a2698d00e18558e12c35185c90e6eaab9962f26e6","point_ordinal":1,"zone_group_id":"461101013145","source_manage_no":"461101013145","facility_name":"항도초등학교(병설)","sgg_code":"12110","facility_type_code":"1","api_first_registered_on":"2007-02-01","api_last_modified_on":null,"updated_at":"2026-07-25T01:27:52.347112+00:00"},"geometry":{"type":"Point","coordinates":[126.415478693,34.81555406]}},{"type":"Feature","id":"367ec3711eac3b1d9edb59db44b399b98d35900f596d1afa28f6546e6097efa3-1","properties":{"facility_id":"367ec3711eac3b1d9edb59db44b399b98d35900f596d1afa28f6546e6097efa3","point_ordinal":1,"zone_group_id":"461101018845","source_manage_no":"461101018845","facility_name":"희망어린이집","sgg_code":"12110","facility_type_code":"1","api_first_registered_on":null,"api_last_modified_on":null,"updated_at":"2026-07-25T01:27:52.347112+00:00"},"geometry":{"type":"Point","coordinates":[126.414457598,34.809034436]}},{"type":"Feature","id":"d7155fffd640bb8fb442795f2e44cb5a4fda584dc661d13d7a0f0fdbd7f92310-1","properties":{"facility_id":"d7155fffd640bb8fb442795f2e44cb5a4fda584dc661d13d7a0f0fdbd7f92310","point_ordinal":1,"zone_group_id":"461302022694","source_manage_no":"461302022694","facility_name":"가장문화마을 노인복지관","sgg_code":"12130","facility_type_code":"2","api_first_registered_on":"2017-10-11","api_last_modified_on":null,"updated_at":"2026-07-25T01:27:52.347112+00:00"},"geometry":{"type":"Point","coordinates":[127.556449697,34.848634157]}},{"type":"Feature","id":"3def75e67749da914e7c1657d7a5fb51663a0c61de5969e8b78476acf4749ab4-1","properties":{"facility_id":"3def75e67749da914e7c1657d7a5fb51663a0c61de5969e8b78476acf4749ab4","point_ordinal":1,"zone_group_id":"461301013509","source_manage_no":"461301013509","facility_name":"관기초등학교","sgg_code":"12130","facility_type_code":"1","api_first_registered_on":"1995-10-09","api_last_modified_on":null,"updated_at":"2026-07-25T01:27:52.347112+00:00"},"geometry":{"type":"Point","coordinates":[127.626189028,34.74909086]}},{"type":"Feature","id":"d793ade4bc2887e134604c9da79b9c7d336b1b1fb6b498231b7782b31756f7ad-1","properties":{"facility_id":"d793ade4bc2887e134604c9da79b9c7d336b1b1fb6b498231b7782b31756f7ad","point_ordinal":1,"zone_group_id":"461301013452","source_manage_no":"461301013452","facility_name":"관기초등학교 병설유치원","sgg_code":"12130","facility_type_code":"1","api_first_registered_on":"1995-10-09","api_last_modified_on":null,"updated_at":"2026-07-25T01:27:52.347112+00:00"},"geometry":{"type":"Point","coordinates":[127.626189028,34.74909086]}},{"type":"Feature","id":"e969b7aa0b2a15adf20519d215e3e21716c5ce517cc6e48b8a95026c99e3252d-1","properties":{"facility_id":"e969b7aa0b2a15adf20519d215e3e21716c5ce517cc6e48b8a95026c99e3252d","point_ordinal":1,"zone_group_id":"461301013430","source_manage_no":"461301013430","facility_name":"구봉초등학교","sgg_code":"12130","facility_type_code":"1","api_first_registered_on":"1997-08-12","api_last_modified_on":null,"updated_at":"2026-07-25T01:27:52.347112+00:00"},"geometry":{"type":"Point","coordinates":[127.71523121,34.736386215]}},{"type":"Feature","id":"f4608212fc1faf871e812e96e1a19a958e8f116122641d00677ebdd0e33bb363-1","properties":{"facility_id":"f4608212fc1faf871e812e96e1a19a958e8f116122641d00677ebdd0e33bb363","point_ordinal":1,"zone_group_id":"461301013468","source_manage_no":"461301013468","facility_name":"구봉초등학교 병설유치원","sgg_code":"12130","facility_type_code":"1","api_first_registered_on":"1997-08-12","api_last_modified_on":null,"updated_at":"2026-07-25T01:27:52.347112+00:00"},"geometry":{"type":"Point","coordinates":[127.71523121,34.736386215]}},{"type":"Feature","id":"f67b4e486af1a5dd1459d5f0a911ddebfbd8074fa968c4e2cdbaa6ae95f04ed5-1","properties":{"facility_id":"f67b4e486af1a5dd1459d5f0a911ddebfbd8074fa968c4e2cdbaa6ae95f04ed5","point_ordinal":1,"zone_group_id":"461301013522","source_manage_no":"461301013522","facility_name":"꽃동산어린이집","sgg_code":"12130","facility_type_code":"1","api_first_registered_on":"2006-05-21","api_last_modified_on":null,"updated_at":"2026-07-25T01:27:52.347112+00:00"},"geometry":{"type":"Point","coordinates":[127.706044171,34.723118849]}},{"type":"Feature","id":"2aac3412567782bc8f061064a1e98b525b6d271703e189602e4a4062f78e666c-1","properties":{"facility_id":"2aac3412567782bc8f061064a1e98b525b6d271703e189602e4a4062f78e666c","point_ordinal":1,"zone_group_id":"461301013492","source_manage_no":"461301013492","facility_name":"꽃들어린이집","sgg_code":"12130","facility_type_code":"1","api_first_registered_on":"2006-05-21","api_last_modified_on":null,"updated_at":"2026-07-25T01:27:52.347112+00:00"},"geometry":{"type":"Point","coordinates":[127.706974525,34.76333667]}},{"type":"Feature","id":"224e29e220bdd1b5abfef65a84f9cfd52b6920386916a86fd6d61c9d8c566b54-1","properties":{"facility_id":"224e29e220bdd1b5abfef65a84f9cfd52b6920386916a86fd6d61c9d8c566b54","point_ordinal":1,"zone_group_id":"461301013497","source_manage_no":"461301013497","facility_name":"꿈미래재롱이어린이집","sgg_code":"12130","facility_type_code":"1","api_first_registered_on":"2006-05-21","api_last_modified_on":null,"updated_at":"2026-07-25T01:27:52.347112+00:00"},"geometry":{"type":"Point","coordinates":[127.720327706,34.742770726]}},{"type":"Feature","id":"18ea88ed9cbca04e36f6bc2f4f46490b11d07bc557af676b2a0ba559facaa85a-1","properties":{"facility_id":"18ea88ed9cbca04e36f6bc2f4f46490b11d07bc557af676b2a0ba559facaa85a","point_ordinal":1,"zone_group_id":"461301013538","source_manage_no":"461301013538","facility_name":"나진초등학교","sgg_code":"12130","facility_type_code":"1","api_first_registered_on":"1995-10-09","api_last_modified_on":null,"updated_at":"2026-07-25T01:27:52.347112+00:00"},"geometry":{"type":"Point","coordinates":[127.612291714,34.708303226]}},{"type":"Feature","id":"97400e3567f2103488a21d3ea4943b2d63d077c353ffcb1bfb4bb5b6a4258da3-1","properties":{"facility_id":"97400e3567f2103488a21d3ea4943b2d63d077c353ffcb1bfb4bb5b6a4258da3","point_ordinal":1,"zone_group_id":"461302013471","source_manage_no":"461302013471","facility_name":"남면 소유경로당","sgg_code":"12130","facility_type_code":"2","api_first_registered_on":"2016-10-05","api_last_modified_on":null,"updated_at":"2026-07-25T01:27:52.347112+00:00"},"geometry":{"type":"Point","coordinates":[127.767335786,34.530263867]}},{"type":"Feature","id":"9dcc572331a36ad0b5d609ff6535208ab96254086841f7698312be3f493583cc-1","properties":{"facility_id":"9dcc572331a36ad0b5d609ff6535208ab96254086841f7698312be3f493583cc","point_ordinal":1,"zone_group_id":"461301013432","source_manage_no":"461301013432","facility_name":"남산초등학교","sgg_code":"12130","facility_type_code":"1","api_first_registered_on":"1998-06-03","api_last_modified_on":null,"updated_at":"2026-07-25T01:27:52.347112+00:00"},"geometry":{"type":"Point","coordinates":[127.73050425,34.736971481]}},{"type":"Feature","id":"017dbc8e428ed8e48c55e4ac57b276810cf7c924fc358ac9c368ccfdcfdf3920-1","properties":{"facility_id":"017dbc8e428ed8e48c55e4ac57b276810cf7c924fc358ac9c368ccfdcfdf3920","point_ordinal":1,"zone_group_id":"461301013473","source_manage_no":"461301013473","facility_name":"남산초등학교 병설유치원","sgg_code":"12130","facility_type_code":"1","api_first_registered_on":"1998-06-03","api_last_modified_on":null,"updated_at":"2026-07-25T01:27:52.347112+00:00"},"geometry":{"type":"Point","coordinates":[127.73050425,34.736971481]}},{"type":"Feature","id":"6a4de9564cc6504fd41102df5b3eb491ec92945b107691b239b5ab961fe34089-1","properties":{"facility_id":"6a4de9564cc6504fd41102df5b3eb491ec92945b107691b239b5ab961fe34089","point_ordinal":1,"zone_group_id":"461301022441","source_manage_no":"461301022441","facility_name":"다니엘어린이집","sgg_code":"12130","facility_type_code":"1","api_first_registered_on":"2018-10-24","api_last_modified_on":null,"updated_at":"2026-07-25T01:27:52.347112+00:00"},"geometry":{"type":"Point","coordinates":[127.71255709,34.730830584]}},{"type":"Feature","id":"591887fccc5c0fbb14bc7c13c6e29b7bf6903bce7c386d1e9ccf2f82d0170bd2-1","properties":{"facility_id":"591887fccc5c0fbb14bc7c13c6e29b7bf6903bce7c386d1e9ccf2f82d0170bd2","point_ordinal":1,"zone_group_id":"461301013449","source_manage_no":"461301013449","facility_name":"도원초등학교","sgg_code":"12130","facility_type_code":"1","api_first_registered_on":"1998-06-03","api_last_modified_on":null,"updated_at":"2026-07-25T01:27:52.347112+00:00"},"geometry":{"type":"Point","coordinates":[127.650667911,34.764357212]}},{"type":"Feature","id":"23fed2b17a6e664f8da19df0435b31c11e94d9db617d6eb3b8a941f4cc82e2e6-1","properties":{"facility_id":"23fed2b17a6e664f8da19df0435b31c11e94d9db617d6eb3b8a941f4cc82e2e6","point_ordinal":1,"zone_group_id":"461301013504","source_manage_no":"461301013504","facility_name":"도원초등학교 병설유치원","sgg_code":"12130","facility_type_code":"1","api_first_registered_on":"1998-06-03","api_last_modified_on":null,"updated_at":"2026-07-25T01:27:52.347112+00:00"},"geometry":{"type":"Point","coordinates":[127.650667911,34.764357212]}},{"type":"Feature","id":"da8f46c6d24a9393e059845089ede4f0f30ba81545a105b791eb52a578364cc2-1","properties":{"facility_id":"da8f46c6d24a9393e059845089ede4f0f30ba81545a105b791eb52a578364cc2","point_ordinal":1,"zone_group_id":"461301013477","source_manage_no":"461301013477","facility_name":"돌산초등학교","sgg_code":"12130","facility_type_code":"1","api_first_registered_on":"1995-10-09","api_last_modified_on":null,"updated_at":"2026-07-25T01:27:52.347112+00:00"},"geometry":{"type":"Point","coordinates":[127.730105312,34.616520199]}},{"type":"Feature","id":"f8d3c18e759576b7974965917c975423ba610d308cf3b7cb8716fef691a018a4-1","properties":{"facility_id":"f8d3c18e759576b7974965917c975423ba610d308cf3b7cb8716fef691a018a4","point_ordinal":1,"zone_group_id":"461301013478","source_manage_no":"461301013478","facility_name":"돌산초등학교 병설유치원","sgg_code":"12130","facility_type_code":"1","api_first_registered_on":"1995-10-09","api_last_modified_on":null,"updated_at":"2026-07-25T01:27:52.347112+00:00"},"geometry":{"type":"Point","coordinates":[127.730105312,34.616520199]}},{"type":"Feature","id":"28879e47d5c0b016f35f91724bf091d1f3598a524614bc0228d02fec80565117-1","properties":{"facility_id":"28879e47d5c0b016f35f91724bf091d1f3598a524614bc0228d02fec80565117","point_ordinal":1,"zone_group_id":"461301013437","source_manage_no":"461301013437","facility_name":"동백초등학교","sgg_code":"12130","facility_type_code":"1","api_first_registered_on":"2006-05-21","api_last_modified_on":null,"updated_at":"2026-07-25T01:27:52.347112+00:00"},"geometry":{"type":"Point","coordinates":[127.752467495,34.717503562]}},{"type":"Feature","id":"1b648c3522208b7a40450b4fc3ff6327ff06fe66ffbcae72136e758e18e1345e-1","properties":{"facility_id":"1b648c3522208b7a40450b4fc3ff6327ff06fe66ffbcae72136e758e18e1345e","point_ordinal":1,"zone_group_id":"461301013479","source_manage_no":"461301013479","facility_name":"동백초등학교 병설유치원","sgg_code":"12130","facility_type_code":"1","api_first_registered_on":"2006-05-21","api_last_modified_on":null,"updated_at":"2026-07-25T01:27:52.347112+00:00"},"geometry":{"type":"Point","coordinates":[127.752467495,34.717503562]}},{"type":"Feature","id":"8980902eb693fad8ad2108b3b64e384ecfd442b0fe9ae58a468ca18be67b0e43-1","properties":{"facility_id":"8980902eb693fad8ad2108b3b64e384ecfd442b0fe9ae58a468ca18be67b0e43","point_ordinal":1,"zone_group_id":"461302024066","source_manage_no":"461302024066","facility_name":"동여수노인복지회관","sgg_code":"12130","facility_type_code":"2","api_first_registered_on":"2016-10-05","api_last_modified_on":null,"updated_at":"2026-07-25T01:27:52.347112+00:00"},"geometry":{"type":"Point","coordinates":[127.71707685,34.731808972]}},{"type":"Feature","id":"7ac50fa62939240520231bd986f844fcf92cf3c96e9a9c7190fe06326d717a6f-1","properties":{"facility_id":"7ac50fa62939240520231bd986f844fcf92cf3c96e9a9c7190fe06326d717a6f","point_ordinal":1,"zone_group_id":"461301013464","source_manage_no":"461301013464","facility_name":"무선초등학교","sgg_code":"12130","facility_type_code":"1","api_first_registered_on":"1995-10-09","api_last_modified_on":null,"updated_at":"2026-07-25T01:27:52.347112+00:00"},"geometry":{"type":"Point","coordinates":[127.646310336,34.771955493]}},{"type":"Feature","id":"4b1746c3744ec1ca2d0afed673f92d600594d5c62670513c06862a6b7a716f67-1","properties":{"facility_id":"4b1746c3744ec1ca2d0afed673f92d600594d5c62670513c06862a6b7a716f67","point_ordinal":1,"zone_group_id":"461301013484","source_manage_no":"461301013484","facility_name":"문수초등학교","sgg_code":"12130","facility_type_code":"1","api_first_registered_on":"2000-08-29","api_last_modified_on":null,"updated_at":"2026-07-25T01:27:52.347112+00:00"},"geometry":{"type":"Point","coordinates":[127.694696201,34.751065682]}},{"type":"Feature","id":"741bc79f31aa5bdffbb8766ee2d5baca642c401bce92d6d96731f3ad04e78a2d-1","properties":{"facility_id":"741bc79f31aa5bdffbb8766ee2d5baca642c401bce92d6d96731f3ad04e78a2d","point_ordinal":1,"zone_group_id":"461301013485","source_manage_no":"461301013485","facility_name":"문수초등학교 병설유치원","sgg_code":"12130","facility_type_code":"1","api_first_registered_on":"2000-08-29","api_last_modified_on":null,"updated_at":"2026-07-25T01:27:52.347112+00:00"},"geometry":{"type":"Point","coordinates":[127.694696201,34.751065682]}},{"type":"Feature","id":"68d1d3d8148f0765045579c5a2690a49fb1e9748c8d454013f56787dc8e77471-1","properties":{"facility_id":"68d1d3d8148f0765045579c5a2690a49fb1e9748c8d454013f56787dc8e77471","point_ordinal":1,"zone_group_id":"461301013524","source_manage_no":"461301013524","facility_name":"미주유치원","sgg_code":"12130","facility_type_code":"1","api_first_registered_on":"2010-06-08","api_last_modified_on":null,"updated_at":"2026-07-25T01:27:52.347112+00:00"},"geometry":{"type":"Point","coordinates":[127.652799752,34.75896192]}},{"type":"Feature","id":"8d6f9a58b7758204e7524e041ddf098abb3a16fc5c879345ad05cc85265b47da-1","properties":{"facility_id":"8d6f9a58b7758204e7524e041ddf098abb3a16fc5c879345ad05cc85265b47da","point_ordinal":1,"zone_group_id":"461301013493","source_manage_no":"461301013493","facility_name":"미평어린이집","sgg_code":"12130","facility_type_code":"1","api_first_registered_on":"2006-05-21","api_last_modified_on":null,"updated_at":"2026-07-25T01:27:52.347112+00:00"},"geometry":{"type":"Point","coordinates":[127.706142371,34.76266175]}},{"type":"Feature","id":"4d49693aec5f4e051b9466f563d9906e160908a208dca542abc5fa7fb433128d-1","properties":{"facility_id":"4d49693aec5f4e051b9466f563d9906e160908a208dca542abc5fa7fb433128d","point_ordinal":1,"zone_group_id":"461301013444","source_manage_no":"461301013444","facility_name":"미평초등학교","sgg_code":"12130","facility_type_code":"1","api_first_registered_on":"1995-10-09","api_last_modified_on":null,"updated_at":"2026-07-25T01:27:52.347112+00:00"},"geometry":{"type":"Point","coordinates":[127.70613465,34.763951304]}},{"type":"Feature","id":"eb184e512161bc020efde1dac54e6f47d8698670077c6e6d6caaa3f01bc702ba-1","properties":{"facility_id":"eb184e512161bc020efde1dac54e6f47d8698670077c6e6d6caaa3f01bc702ba","point_ordinal":1,"zone_group_id":"461301013494","source_manage_no":"461301013494","facility_name":"미평초등학교 병설유치원","sgg_code":"12130","facility_type_code":"1","api_first_registered_on":"1995-10-09","api_last_modified_on":null,"updated_at":"2026-07-25T01:27:52.347112+00:00"},"geometry":{"type":"Point","coordinates":[127.70613465,34.763951304]}},{"type":"Feature","id":"5a82928f26e02c0fa848dee60165ca23dccc5219d758137ffe55c2cb1209af2f-1","properties":{"facility_id":"5a82928f26e02c0fa848dee60165ca23dccc5219d758137ffe55c2cb1209af2f","point_ordinal":1,"zone_group_id":"461301013435","source_manage_no":"461301013435","facility_name":"백초초등학교","sgg_code":"12130","facility_type_code":"1","api_first_registered_on":"1995-10-09","api_last_modified_on":null,"updated_at":"2026-07-25T01:27:52.347112+00:00"},"geometry":{"type":"Point","coordinates":[127.743423505,34.728280232]}},{"type":"Feature","id":"9536b168c55ba7ded48e19886a0fc94d6f413ea13c5a1445ea81cb35ae3cdee9-1","properties":{"facility_id":"9536b168c55ba7ded48e19886a0fc94d6f413ea13c5a1445ea81cb35ae3cdee9","point_ordinal":1,"zone_group_id":"461301013440","source_manage_no":"461301013440","facility_name":"베타니아","sgg_code":"12130","facility_type_code":"1","api_first_registered_on":"2006-05-21","api_last_modified_on":null,"updated_at":"2026-07-25T01:27:52.347112+00:00"},"geometry":{"type":"Point","coordinates":[127.69315637,34.756054973]}},{"type":"Feature","id":"798ddeb401f83130585b3d3cf70d163d048e115fedb85ca00211b8de546082e5-1","properties":{"facility_id":"798ddeb401f83130585b3d3cf70d163d048e115fedb85ca00211b8de546082e5","point_ordinal":1,"zone_group_id":"461301013436","source_manage_no":"461301013436","facility_name":"봉덕초등학교","sgg_code":"12130","facility_type_code":"1","api_first_registered_on":"1996-06-21","api_last_modified_on":null,"updated_at":"2026-07-25T01:27:52.347112+00:00"},"geometry":{"type":"Point","coordinates":[127.778752108,34.641723124]}},{"type":"Feature","id":"ce11694933b788a804ca9e2b718916a993ec601260c9d1b8bc042ef535c828bd-1","properties":{"facility_id":"ce11694933b788a804ca9e2b718916a993ec601260c9d1b8bc042ef535c828bd","point_ordinal":1,"zone_group_id":"461301013480","source_manage_no":"461301013480","facility_name":"봉덕초등학교 병설유치원","sgg_code":"12130","facility_type_code":"1","api_first_registered_on":"1996-06-21","api_last_modified_on":null,"updated_at":"2026-07-25T01:27:52.347112+00:00"},"geometry":{"type":"Point","coordinates":[127.778752108,34.641723124]}},{"type":"Feature","id":"d33bd359de95e71427055c0c6a6479895c1a1f24fd343774a199950ff59891b8-1","properties":{"facility_id":"d33bd359de95e71427055c0c6a6479895c1a1f24fd343774a199950ff59891b8","point_ordinal":1,"zone_group_id":"461302022697","source_manage_no":"461302022697","facility_name":"봉산동 경로당","sgg_code":"12130","facility_type_code":"2","api_first_registered_on":"2019-08-05","api_last_modified_on":null,"updated_at":"2026-07-25T01:27:52.347112+00:00"},"geometry":{"type":"Point","coordinates":[127.723572753,34.736980783]}},{"type":"Feature","id":"5a0229a1488947104450ed99af69d1f548599d72b50bad99bbc3195db32f2b1b-1","properties":{"facility_id":"5a0229a1488947104450ed99af69d1f548599d72b50bad99bbc3195db32f2b1b","point_ordinal":1,"zone_group_id":"461301013500","source_manage_no":"461301013500","facility_name":"봉산초등학교","sgg_code":"12130","facility_type_code":"1","api_first_registered_on":"2001-10-09","api_last_modified_on":null,"updated_at":"2026-07-25T01:27:52.347112+00:00"},"geometry":{"type":"Point","coordinates":[127.72680504,34.734426385]}},{"type":"Feature","id":"0da07e0b4b0c5f83422b39f3eed75a9282faae5d2a45190cf8d32f255ff39856-1","properties":{"facility_id":"0da07e0b4b0c5f83422b39f3eed75a9282faae5d2a45190cf8d32f255ff39856","point_ordinal":1,"zone_group_id":"461301013501","source_manage_no":"461301013501","facility_name":"봉산초등학교 병설유치원","sgg_code":"12130","facility_type_code":"1","api_first_registered_on":"2001-10-09","api_last_modified_on":null,"updated_at":"2026-07-25T01:27:52.347112+00:00"},"geometry":{"type":"Point","coordinates":[127.72680504,34.734426385]}},{"type":"Feature","id":"e6cb605eb545d8d08bd7e8d31cb13f0b6fcb210e6e0dcaacf07b575164e1ee1f-1","properties":{"facility_id":"e6cb605eb545d8d08bd7e8d31cb13f0b6fcb210e6e0dcaacf07b575164e1ee1f","point_ordinal":1,"zone_group_id":"461301013456","source_manage_no":"461301013456","facility_name":"부영초등학교","sgg_code":"12130","facility_type_code":"1","api_first_registered_on":"1999-05-01","api_last_modified_on":null,"updated_at":"2026-07-25T01:27:52.347112+00:00"},"geometry":{"type":"Point","coordinates":[127.699763278,34.745511532]}},{"type":"Feature","id":"5d8757008940238a49e33fa7a5dede1a691dd09e274a57387315545b3272197d-1","properties":{"facility_id":"5d8757008940238a49e33fa7a5dede1a691dd09e274a57387315545b3272197d","point_ordinal":1,"zone_group_id":"461302024067","source_manage_no":"461302024067","facility_name":"상동 경로당","sgg_code":"12130","facility_type_code":"2","api_first_registered_on":"2019-08-05","api_last_modified_on":null,"updated_at":"2026-07-25T01:27:52.347112+00:00"},"geometry":{"type":"Point","coordinates":[127.775105352,34.716762068]}},{"type":"Feature","id":"60c6950e5a17faf88bd5ba23cfe156a9ac97436e53cecb8500f52611a3f98ec1-1","properties":{"facility_id":"60c6950e5a17faf88bd5ba23cfe156a9ac97436e53cecb8500f52611a3f98ec1","point_ordinal":1,"zone_group_id":"461301013445","source_manage_no":"461301013445","facility_name":"상암초등학교","sgg_code":"12130","facility_type_code":"1","api_first_registered_on":"1995-10-09","api_last_modified_on":null,"updated_at":"2026-07-25T01:27:52.347112+00:00"},"geometry":{"type":"Point","coordinates":[127.732861543,34.825629421]}},{"type":"Feature","id":"0b2f124fd61d1f88d805b9f9b066990984ed04e08c477eed304620c254888cd1-1","properties":{"facility_id":"0b2f124fd61d1f88d805b9f9b066990984ed04e08c477eed304620c254888cd1","point_ordinal":1,"zone_group_id":"461301013439","source_manage_no":"461301013439","facility_name":"상암초등학교 묘도분교","sgg_code":"12130","facility_type_code":"1","api_first_registered_on":"2005-06-30","api_last_modified_on":null,"updated_at":"2026-07-25T01:27:52.347112+00:00"},"geometry":{"type":"Point","coordinates":[127.709979872,34.875511574]}},{"type":"Feature","id":"ef35eb535736b62f6333218799ba7c822630aaf741e2155da89b37ad75e7cabe-1","properties":{"facility_id":"ef35eb535736b62f6333218799ba7c822630aaf741e2155da89b37ad75e7cabe","point_ordinal":1,"zone_group_id":"461301013502","source_manage_no":"461301013502","facility_name":"상암초등학교 병설유치원","sgg_code":"12130","facility_type_code":"1","api_first_registered_on":"1995-10-09","api_last_modified_on":null,"updated_at":"2026-07-25T01:27:52.347112+00:00"},"geometry":{"type":"Point","coordinates":[127.732861543,34.825629421]}},{"type":"Feature","id":"de0a2bdf59e54654fc92f7486fc2ba4f01808463c6ee7fd03f88fdee0959407a-1","properties":{"facility_id":"de0a2bdf59e54654fc92f7486fc2ba4f01808463c6ee7fd03f88fdee0959407a","point_ordinal":1,"zone_group_id":"461302022696","source_manage_no":"461302022696","facility_name":"상하동 노인회관","sgg_code":"12130","facility_type_code":"2","api_first_registered_on":"2019-08-05","api_last_modified_on":null,"updated_at":"2026-07-25T01:27:52.347112+00:00"},"geometry":{"type":"Point","coordinates":[127.778398727,34.714360258]}},{"type":"Feature","id":"cd8d09cc9f8c531083c86e9683698917842e271be530aa666f1319a1c18324c4-1","properties":{"facility_id":"cd8d09cc9f8c531083c86e9683698917842e271be530aa666f1319a1c18324c4","point_ordinal":1,"zone_group_id":"461301013495","source_manage_no":"461301013495","facility_name":"선경유치원","sgg_code":"12130","facility_type_code":"1","api_first_registered_on":"2010-06-08","api_last_modified_on":null,"updated_at":"2026-07-25T01:27:52.347112+00:00"},"geometry":{"type":"Point","coordinates":[127.703815461,34.771791647]}},{"type":"Feature","id":"cd650068f1f5dda36cf146950e09dcb4f02d1b5099b56f726ede9469708cf26b-1","properties":{"facility_id":"cd650068f1f5dda36cf146950e09dcb4f02d1b5099b56f726ede9469708cf26b","point_ordinal":1,"zone_group_id":"461301013542","source_manage_no":"461301013542","facility_name":"성산유치원","sgg_code":"12130","facility_type_code":"1","api_first_registered_on":"2011-01-18","api_last_modified_on":null,"updated_at":"2026-07-25T01:27:52.347112+00:00"},"geometry":{"type":"Point","coordinates":[127.641181326,34.776281059]}},{"type":"Feature","id":"b208a2e6be4cf07c1d70c1c4f3a9fa3e4ea60cd6a3cabac89236455530e1fd1e-1","properties":{"facility_id":"b208a2e6be4cf07c1d70c1c4f3a9fa3e4ea60cd6a3cabac89236455530e1fd1e","point_ordinal":1,"zone_group_id":"461301013447","source_manage_no":"461301013447","facility_name":"성산초등학교","sgg_code":"12130","facility_type_code":"1","api_first_registered_on":"2006-05-21","api_last_modified_on":null,"updated_at":"2026-07-25T01:27:52.347112+00:00"},"geometry":{"type":"Point","coordinates":[127.641181326,34.776281059]}},{"type":"Feature","id":"b2946eaf69a091c261c5e59f8f4a868c0afce56d7ffba27a6823d6ff2a7f451f-1","properties":{"facility_id":"b2946eaf69a091c261c5e59f8f4a868c0afce56d7ffba27a6823d6ff2a7f451f","point_ordinal":1,"zone_group_id":"461301022739","source_manage_no":"461301022739","facility_name":"소라어린이집","sgg_code":"12130","facility_type_code":"1","api_first_registered_on":"2018-10-24","api_last_modified_on":null,"updated_at":"2026-07-25T01:27:52.347112+00:00"},"geometry":{"type":"Point","coordinates":[127.628886213,34.781571422]}},{"type":"Feature","id":"4e3ac63ba3a70c79f2ad8276f78688348521d8e234ae85d319f291f1b7b1b067-1","properties":{"facility_id":"4e3ac63ba3a70c79f2ad8276f78688348521d8e234ae85d319f291f1b7b1b067","point_ordinal":1,"zone_group_id":"461301013451","source_manage_no":"461301013451","facility_name":"소라초등학교","sgg_code":"12130","facility_type_code":"1","api_first_registered_on":"1995-10-09","api_last_modified_on":null,"updated_at":"2026-07-25T01:27:52.347112+00:00"},"geometry":{"type":"Point","coordinates":[127.631890656,34.796256779]}},{"type":"Feature","id":"5fe97fce6139f4c7c2faabbf24f26f1c620d5ae71f84a56dd18d234ef5c2c454-1","properties":{"facility_id":"5fe97fce6139f4c7c2faabbf24f26f1c620d5ae71f84a56dd18d234ef5c2c454","point_ordinal":1,"zone_group_id":"461301013513","source_manage_no":"461301013513","facility_name":"소라초등학교 병설유치원","sgg_code":"12130","facility_type_code":"1","api_first_registered_on":"1995-10-09","api_last_modified_on":null,"updated_at":"2026-07-25T01:27:52.347112+00:00"},"geometry":{"type":"Point","coordinates":[127.631890656,34.796256779]}},{"type":"Feature","id":"5de815eb9d4b386294d14b0a5a5413cea5c0f98c7faf0c57266ccfec153dcb01-1","properties":{"facility_id":"5de815eb9d4b386294d14b0a5a5413cea5c0f98c7faf0c57266ccfec153dcb01","point_ordinal":1,"zone_group_id":"461301013514","source_manage_no":"461301013514","facility_name":"소라초등학교 사곡분교장","sgg_code":"12130","facility_type_code":"1","api_first_registered_on":"2011-01-18","api_last_modified_on":null,"updated_at":"2026-07-25T01:27:52.347112+00:00"},"geometry":{"type":"Point","coordinates":[127.583628843,34.786930069]}},{"type":"Feature","id":"384a8187d5e150756ebb7b4b9fc1c63a088d53edc547c092b3037d7d860bc648-1","properties":{"facility_id":"384a8187d5e150756ebb7b4b9fc1c63a088d53edc547c092b3037d7d860bc648","point_ordinal":1,"zone_group_id":"461301013510","source_manage_no":"461301013510","facility_name":"소라초등학교 사곡분교장병설유치원","sgg_code":"12130","facility_type_code":"1","api_first_registered_on":"1997-08-12","api_last_modified_on":null,"updated_at":"2026-07-25T01:27:52.347112+00:00"},"geometry":{"type":"Point","coordinates":[127.583628843,34.786930069]}},{"type":"Feature","id":"fb26193e2fec09817a1a976870ac7fb44bcddecef10cda8c9e367765150d4c69-1","properties":{"facility_id":"fb26193e2fec09817a1a976870ac7fb44bcddecef10cda8c9e367765150d4c69","point_ordinal":1,"zone_group_id":"461301013512","source_manage_no":"461301013512","facility_name":"소라초등학교 소라남분교장","sgg_code":"12130","facility_type_code":"1","api_first_registered_on":"1997-08-12","api_last_modified_on":null,"updated_at":"2026-07-25T01:27:52.347112+00:00"},"geometry":{"type":"Point","coordinates":[127.608396307,34.761155777]}},{"type":"Feature","id":"210f9b2e2a1798e152535d51f9db32e038dbd2ae0947c519b2302f3d6aaf4a37-1","properties":{"facility_id":"210f9b2e2a1798e152535d51f9db32e038dbd2ae0947c519b2302f3d6aaf4a37","point_ordinal":1,"zone_group_id":"461301013453","source_manage_no":"461301013453","facility_name":"소호초등학교","sgg_code":"12130","facility_type_code":"1","api_first_registered_on":"1995-10-09","api_last_modified_on":null,"updated_at":"2026-07-25T01:27:52.347112+00:00"},"geometry":{"type":"Point","coordinates":[127.654404904,34.746641584]}},{"type":"Feature","id":"c2791bfe62638b97862259c412493258ab1ca0a0f7c9a5b54ed097b509208147-1","properties":{"facility_id":"c2791bfe62638b97862259c412493258ab1ca0a0f7c9a5b54ed097b509208147","point_ordinal":1,"zone_group_id":"461301013516","source_manage_no":"461301013516","facility_name":"소호초등학교병설유치원","sgg_code":"12130","facility_type_code":"1","api_first_registered_on":"1995-10-09","api_last_modified_on":null,"updated_at":"2026-07-25T01:27:52.347112+00:00"},"geometry":{"type":"Point","coordinates":[127.654404904,34.746641584]}},{"type":"Feature","id":"dec5da2c2b6129bd9cf720bc12590fb5b8533135b53da9b4aa2593a4f76e2026-1","properties":{"facility_id":"dec5da2c2b6129bd9cf720bc12590fb5b8533135b53da9b4aa2593a4f76e2026","point_ordinal":1,"zone_group_id":"461301013525","source_manage_no":"461301013525","facility_name":"송현유치원","sgg_code":"12130","facility_type_code":"1","api_first_registered_on":"2017-07-18","api_last_modified_on":null,"updated_at":"2026-07-25T01:27:52.347112+00:00"},"geometry":{"type":"Point","coordinates":[127.685161517,34.742820247]}},{"type":"Feature","id":"a91b44f4a3f018f543d3ca22b31792562838bb9165a0e4bcecda978626c29ea0-1","properties":{"facility_id":"a91b44f4a3f018f543d3ca22b31792562838bb9165a0e4bcecda978626c29ea0","point_ordinal":1,"zone_group_id":"461301013526","source_manage_no":"461301013526","facility_name":"송현초등학교","sgg_code":"12130","facility_type_code":"1","api_first_registered_on":"2016-11-25","api_last_modified_on":null,"updated_at":"2026-07-25T01:27:52.347112+00:00"},"geometry":{"type":"Point","coordinates":[127.686545635,34.741348233]}},{"type":"Feature","id":"81e487244b132dfc8cc54265a32e75846a4a70f57a80f433aa15cec2e00a3704-1","properties":{"facility_id":"81e487244b132dfc8cc54265a32e75846a4a70f57a80f433aa15cec2e00a3704","point_ordinal":1,"zone_group_id":"461301013505","source_manage_no":"461301013505","facility_name":"시전초등학교","sgg_code":"12130","facility_type_code":"1","api_first_registered_on":"2000-08-29","api_last_modified_on":null,"updated_at":"2026-07-25T01:27:52.347112+00:00"},"geometry":{"type":"Point","coordinates":[127.671392306,34.756655671]}},{"type":"Feature","id":"9b3c6b7adb25b2ab4b1a9b0261ccf8c8e8588b95f61fc484b5c40af509fd1d0d-1","properties":{"facility_id":"9b3c6b7adb25b2ab4b1a9b0261ccf8c8e8588b95f61fc484b5c40af509fd1d0d","point_ordinal":1,"zone_group_id":"461301013519","source_manage_no":"461301013519","facility_name":"시전초등학교 병설유치원","sgg_code":"12130","facility_type_code":"1","api_first_registered_on":"2000-08-29","api_last_modified_on":null,"updated_at":"2026-07-25T01:27:52.347112+00:00"},"geometry":{"type":"Point","coordinates":[127.671392306,34.756655671]}},{"type":"Feature","id":"6338e3dec0d6aace29913d2761c6d0ed599ad323796399cb39b012a473bf1a2f-1","properties":{"facility_id":"6338e3dec0d6aace29913d2761c6d0ed599ad323796399cb39b012a473bf1a2f","point_ordinal":1,"zone_group_id":"461301013521","source_manage_no":"461301013521","facility_name":"신기초등학교","sgg_code":"12130","facility_type_code":"1","api_first_registered_on":"2003-03-07","api_last_modified_on":null,"updated_at":"2026-07-25T01:27:52.347112+00:00"},"geometry":{"type":"Point","coordinates":[127.675344269,34.760212069]}},{"type":"Feature","id":"d47974736f86b593c83332f752451bc180d48e2e999c8a535d4fbcef76615df6-1","properties":{"facility_id":"d47974736f86b593c83332f752451bc180d48e2e999c8a535d4fbcef76615df6","point_ordinal":1,"zone_group_id":"461301013520","source_manage_no":"461301013520","facility_name":"신기초등학교 병설유치원","sgg_code":"12130","facility_type_code":"1","api_first_registered_on":"2003-03-07","api_last_modified_on":null,"updated_at":"2026-07-25T01:27:52.347112+00:00"},"geometry":{"type":"Point","coordinates":[127.675344269,34.760212069]}},{"type":"Feature","id":"6e11a1aef68641c453e4b6b5fb15090a12d7a7efb547d0acd27fb1154573e960-1","properties":{"facility_id":"6e11a1aef68641c453e4b6b5fb15090a12d7a7efb547d0acd27fb1154573e960","point_ordinal":1,"zone_group_id":"461301013498","source_manage_no":"461301013498","facility_name":"신라유치원","sgg_code":"12130","facility_type_code":"1","api_first_registered_on":"2011-01-18","api_last_modified_on":null,"updated_at":"2026-07-25T01:27:52.347112+00:00"},"geometry":{"type":"Point","coordinates":[127.675698958,34.78236628]}},{"type":"Feature","id":"6948dc9325def6d2e67565376993cae8db81853b83c3060ac13baface79a486d-1","properties":{"facility_id":"6948dc9325def6d2e67565376993cae8db81853b83c3060ac13baface79a486d","point_ordinal":1,"zone_group_id":"461301013455","source_manage_no":"461301013455","facility_name":"신월초등학교","sgg_code":"12130","facility_type_code":"1","api_first_registered_on":"1998-06-03","api_last_modified_on":null,"updated_at":"2026-07-25T01:27:52.347112+00:00"},"geometry":{"type":"Point","coordinates":[127.713142782,34.727101535]}},{"type":"Feature","id":"6a43897636a57e28862a48a6f1db9a1379d89c8c06f61d6df748621945e3d56a-1","properties":{"facility_id":"6a43897636a57e28862a48a6f1db9a1379d89c8c06f61d6df748621945e3d56a","point_ordinal":1,"zone_group_id":"461301013523","source_manage_no":"461301013523","facility_name":"신월초등학교 병설유치원","sgg_code":"12130","facility_type_code":"1","api_first_registered_on":"1998-06-03","api_last_modified_on":null,"updated_at":"2026-07-25T01:27:52.347112+00:00"},"geometry":{"type":"Point","coordinates":[127.713142782,34.727101535]}},{"type":"Feature","id":"b7e46c49c67b7fd9064033f2c64a8dcbbc846226ff4d3a1a84e46d7de5bacc4e-1","properties":{"facility_id":"b7e46c49c67b7fd9064033f2c64a8dcbbc846226ff4d3a1a84e46d7de5bacc4e","point_ordinal":1,"zone_group_id":"461301013458","source_manage_no":"461301013458","facility_name":"신풍초등학교","sgg_code":"12130","facility_type_code":"1","api_first_registered_on":"1995-10-09","api_last_modified_on":null,"updated_at":"2026-07-25T01:27:52.347112+00:00"},"geometry":{"type":"Point","coordinates":[127.610647277,34.842971616]}},{"type":"Feature","id":"13861398eff90b8041249fe2ae4758f0831a26fd8b27541355c5c57c89af5b31-1","properties":{"facility_id":"13861398eff90b8041249fe2ae4758f0831a26fd8b27541355c5c57c89af5b31","point_ordinal":1,"zone_group_id":"461301013530","source_manage_no":"461301013530","facility_name":"신풍초등학교 병설유치원","sgg_code":"12130","facility_type_code":"1","api_first_registered_on":"1995-10-09","api_last_modified_on":null,"updated_at":"2026-07-25T01:27:52.347112+00:00"},"geometry":{"type":"Point","coordinates":[127.610647277,34.842971616]}},{"type":"Feature","id":"f436d624d33d8b609b902785128deeeea9b5bf33cb0061541f57247e15256935-1","properties":{"facility_id":"f436d624d33d8b609b902785128deeeea9b5bf33cb0061541f57247e15256935","point_ordinal":1,"zone_group_id":"461301013461","source_manage_no":"461301013461","facility_name":"쌍봉초등학교","sgg_code":"12130","facility_type_code":"1","api_first_registered_on":"1995-10-09","api_last_modified_on":null,"updated_at":"2026-07-25T01:27:52.347112+00:00"},"geometry":{"type":"Point","coordinates":[127.667832016,34.762909954]}},{"type":"Feature","id":"f554ee12186b64af44264de0bfc36daf4f5a500489eafd3fbf60c2ac9d1e357b-1","properties":{"facility_id":"f554ee12186b64af44264de0bfc36daf4f5a500489eafd3fbf60c2ac9d1e357b","point_ordinal":1,"zone_group_id":"461301013537","source_manage_no":"461301013537","facility_name":"쌍봉초등학교 병설유치원","sgg_code":"12130","facility_type_code":"1","api_first_registered_on":"1995-10-09","api_last_modified_on":null,"updated_at":"2026-07-25T01:27:52.347112+00:00"},"geometry":{"type":"Point","coordinates":[127.667832016,34.762909954]}},{"type":"Feature","id":"f636658b4d89b94293dc3f38c7dbdce35a802aa77ff16d7959c16202b1170bc9-1","properties":{"facility_id":"f636658b4d89b94293dc3f38c7dbdce35a802aa77ff16d7959c16202b1170bc9","point_ordinal":1,"zone_group_id":"461301013486","source_manage_no":"461301013486","facility_name":"안데리센어린이집","sgg_code":"12130","facility_type_code":"1","api_first_registered_on":"2006-05-21","api_last_modified_on":null,"updated_at":"2026-07-25T01:27:52.347112+00:00"},"geometry":{"type":"Point","coordinates":[127.69192536,34.752918728]}},{"type":"Feature","id":"9e99caba8219126df768554816492f6d9abf161a3b7086a456bab96b4b040ab2-1","properties":{"facility_id":"9e99caba8219126df768554816492f6d9abf161a3b7086a456bab96b4b040ab2","point_ordinal":1,"zone_group_id":"461301013454","source_manage_no":"461301013454","facility_name":"안심초등학교","sgg_code":"12130","facility_type_code":"1","api_first_registered_on":"2003-09-01","api_last_modified_on":null,"updated_at":"2026-07-25T01:27:52.347112+00:00"},"geometry":{"type":"Point","coordinates":[127.646953509,34.740212085]}},{"type":"Feature","id":"0c070668b1116ff3a9b5b430c9ca71b3fb071e30d45ea32afe91e220e5acf7b7-1","properties":{"facility_id":"0c070668b1116ff3a9b5b430c9ca71b3fb071e30d45ea32afe91e220e5acf7b7","point_ordinal":1,"zone_group_id":"461301013517","source_manage_no":"461301013517","facility_name":"안심초등학교 병설유치원","sgg_code":"12130","facility_type_code":"1","api_first_registered_on":"2001-10-09","api_last_modified_on":null,"updated_at":"2026-07-25T01:27:52.347112+00:00"},"geometry":{"type":"Point","coordinates":[127.646953509,34.740212085]}},{"type":"Feature","id":"67ead580c4074c97db27faefe05247cfe47e07870e5443d3cbca0d0195da2867-1","properties":{"facility_id":"67ead580c4074c97db27faefe05247cfe47e07870e5443d3cbca0d0195da2867","point_ordinal":1,"zone_group_id":"461301013462","source_manage_no":"461301013462","facility_name":"안일초등학교","sgg_code":"12130","facility_type_code":"1","api_first_registered_on":"1995-10-09","api_last_modified_on":null,"updated_at":"2026-07-25T01:27:52.347112+00:00"},"geometry":{"type":"Point","coordinates":[127.627670074,34.639305549]}},{"type":"Feature","id":"2cf5afda7e4c247ef2b455c75221b6b80e6d7ca5049e312a772bfcd8cd7a977c-1","properties":{"facility_id":"2cf5afda7e4c247ef2b455c75221b6b80e6d7ca5049e312a772bfcd8cd7a977c","point_ordinal":1,"zone_group_id":"461301013540","source_manage_no":"461301013540","facility_name":"안일초등학교 병설유치원","sgg_code":"12130","facility_type_code":"1","api_first_registered_on":"1995-10-09","api_last_modified_on":null,"updated_at":"2026-07-25T01:27:52.347112+00:00"},"geometry":{"type":"Point","coordinates":[127.627670074,34.639305549]}},{"type":"Feature","id":"aaa60b1518dec3d6fd58ac30346e7a4f6f644f1a5d37eba2f37a8f9ddde969fc-1","properties":{"facility_id":"aaa60b1518dec3d6fd58ac30346e7a4f6f644f1a5d37eba2f37a8f9ddde969fc","point_ordinal":1,"zone_group_id":"461301013443","source_manage_no":"461301013443","facility_name":"양지초등학교","sgg_code":"12130","facility_type_code":"1","api_first_registered_on":"2000-08-29","api_last_modified_on":null,"updated_at":"2026-07-25T01:27:52.347112+00:00"},"geometry":{"type":"Point","coordinates":[127.701806416,34.772525432]}},{"type":"Feature","id":"e32f04f71b2803dbc8aab37b5bc7cd9d4647c7ab46aff97b817b79789e60d837-1","properties":{"facility_id":"e32f04f71b2803dbc8aab37b5bc7cd9d4647c7ab46aff97b817b79789e60d837","point_ordinal":1,"zone_group_id":"461301013496","source_manage_no":"461301013496","facility_name":"양지초등학교 병설유치원","sgg_code":"12130","facility_type_code":"1","api_first_registered_on":"2000-08-29","api_last_modified_on":null,"updated_at":"2026-07-25T01:27:52.347112+00:00"},"geometry":{"type":"Point","coordinates":[127.701806416,34.772525432]}},{"type":"Feature","id":"8625196631b19f664c63f83044cb4d21eaba7ef93dff41cc3ebc42c70b28cfbf-1","properties":{"facility_id":"8625196631b19f664c63f83044cb4d21eaba7ef93dff41cc3ebc42c70b28cfbf","point_ordinal":1,"zone_group_id":"461301013472","source_manage_no":"461301013472","facility_name":"여남초등학교","sgg_code":"12130","facility_type_code":"1","api_first_registered_on":"2016-11-25","api_last_modified_on":null,"updated_at":"2026-07-25T01:27:52.347112+00:00"},"geometry":{"type":"Point","coordinates":[127.766572169,34.511024914]}},{"type":"Feature","id":"62daa3d49e2c5541b034efe7e209e80e7e4172f8629dde9b369018a2428d8a56-1","properties":{"facility_id":"62daa3d49e2c5541b034efe7e209e80e7e4172f8629dde9b369018a2428d8a56","point_ordinal":1,"zone_group_id":"461301013499","source_manage_no":"461301013499","facility_name":"여도초등학교","sgg_code":"12130","facility_type_code":"1","api_first_registered_on":"1999-05-01","api_last_modified_on":null,"updated_at":"2026-07-25T01:27:52.347112+00:00"},"geometry":{"type":"Point","coordinates":[127.695046184,34.7837365]}},{"type":"Feature","id":"70c9c36f4bf91e55f1d292acab61a07c1e311bbf208a48e9f4d6e9280b9b882d-1","properties":{"facility_id":"70c9c36f4bf91e55f1d292acab61a07c1e311bbf208a48e9f4d6e9280b9b882d","point_ordinal":1,"zone_group_id":"461301013441","source_manage_no":"461301013441","facility_name":"여문초등학교","sgg_code":"12130","facility_type_code":"1","api_first_registered_on":"1998-06-03","api_last_modified_on":null,"updated_at":"2026-07-25T01:27:52.347112+00:00"},"geometry":{"type":"Point","coordinates":[127.709950218,34.756072266]}},{"type":"Feature","id":"873357c2b3be239b16bab20ebcfdd070934413ab3d4653263458d6e2025219d1-1","properties":{"facility_id":"873357c2b3be239b16bab20ebcfdd070934413ab3d4653263458d6e2025219d1","point_ordinal":1,"zone_group_id":"461301013487","source_manage_no":"461301013487","facility_name":"여문초등학교 병설유치원","sgg_code":"12130","facility_type_code":"1","api_first_registered_on":"1998-06-03","api_last_modified_on":null,"updated_at":"2026-07-25T01:27:52.347112+00:00"},"geometry":{"type":"Point","coordinates":[127.709950218,34.756072266]}},{"type":"Feature","id":"aeb20dc1264f487b121e6dc883721b0602a916a8c892cb55f7854a3b788240ef-1","properties":{"facility_id":"aeb20dc1264f487b121e6dc883721b0602a916a8c892cb55f7854a3b788240ef","point_ordinal":1,"zone_group_id":"461301013431","source_manage_no":"461301013431","facility_name":"여수남초등학교","sgg_code":"12130","facility_type_code":"1","api_first_registered_on":"1995-10-09","api_last_modified_on":null,"updated_at":"2026-07-25T01:27:52.347112+00:00"},"geometry":{"type":"Point","coordinates":[127.720659159,34.731840543]}},{"type":"Feature","id":"e1633c4b22e134f7303c4ed8d10ff04d92611dd5a5fc383990aeb132d6816142-1","properties":{"facility_id":"e1633c4b22e134f7303c4ed8d10ff04d92611dd5a5fc383990aeb132d6816142","point_ordinal":1,"zone_group_id":"461301013469","source_manage_no":"461301013469","facility_name":"여수남초등학교병설유치원","sgg_code":"12130","facility_type_code":"1","api_first_registered_on":"1995-10-09","api_last_modified_on":null,"updated_at":"2026-07-25T01:27:52.347112+00:00"},"geometry":{"type":"Point","coordinates":[127.720659159,34.731840543]}},{"type":"Feature","id":"97430ef32b78c7c4f8505c299d7e092077d8e33502cdf21ebfef24d0f7508ca1-1","properties":{"facility_id":"97430ef32b78c7c4f8505c299d7e092077d8e33502cdf21ebfef24d0f7508ca1","point_ordinal":1,"zone_group_id":"461302013529","source_manage_no":"461302013529","facility_name":"여수노인전문요양원","sgg_code":"12130","facility_type_code":"2","api_first_registered_on":"2008-07-12","api_last_modified_on":null,"updated_at":"2026-07-25T01:27:52.347112+00:00"},"geometry":{"type":"Point","coordinates":[127.585303039,34.873552842]}},{"type":"Feature","id":"0e45d21eee874ee8dcb42578c44b601463ad23e8e80071f70de78012ee8c5836-1","properties":{"facility_id":"0e45d21eee874ee8dcb42578c44b601463ad23e8e80071f70de78012ee8c5836","point_ordinal":1,"zone_group_id":"461301013427","source_manage_no":"461301013427","facility_name":"여수동초등학교","sgg_code":"12130","facility_type_code":"1","api_first_registered_on":"1995-10-09","api_last_modified_on":null,"updated_at":"2026-07-25T01:27:52.347112+00:00"},"geometry":{"type":"Point","coordinates":[127.741445009,34.746545221]}},{"type":"Feature","id":"9db9b153ecf85cf32b65c09c7a085aeb20cbe174d8e72ceb0d8636a65acab1fe-1","properties":{"facility_id":"9db9b153ecf85cf32b65c09c7a085aeb20cbe174d8e72ceb0d8636a65acab1fe","point_ordinal":1,"zone_group_id":"461301013466","source_manage_no":"461301013466","facility_name":"여수동초등학교 병설유치원","sgg_code":"12130","facility_type_code":"1","api_first_registered_on":"1995-10-09","api_last_modified_on":null,"updated_at":"2026-07-25T01:27:52.347112+00:00"},"geometry":{"type":"Point","coordinates":[127.741445009,34.746545221]}},{"type":"Feature","id":"352f3ccebe5976028d8f16f8de34d9735987108119a265f951f90bb59c9fba76-1","properties":{"facility_id":"352f3ccebe5976028d8f16f8de34d9735987108119a265f951f90bb59c9fba76","point_ordinal":1,"zone_group_id":"461301013438","source_manage_no":"461301013438","facility_name":"여수북초등학교","sgg_code":"12130","facility_type_code":"1","api_first_registered_on":"1999-05-01","api_last_modified_on":null,"updated_at":"2026-07-25T01:27:52.347112+00:00"},"geometry":{"type":"Point","coordinates":[127.742201595,34.777420552]}},{"type":"Feature","id":"4dea6093ada21b621dd59a98f003c40142f87d73f290136b34aee66190781521-1","properties":{"facility_id":"4dea6093ada21b621dd59a98f003c40142f87d73f290136b34aee66190781521","point_ordinal":1,"zone_group_id":"461301013483","source_manage_no":"461301013483","facility_name":"여수북초등학교병설유치원","sgg_code":"12130","facility_type_code":"1","api_first_registered_on":"1999-05-01","api_last_modified_on":null,"updated_at":"2026-07-25T01:27:52.347112+00:00"},"geometry":{"type":"Point","coordinates":[127.742201595,34.777420552]}},{"type":"Feature","id":"fe302bd63518e27598439bd4475ff0b7091b15c7f347bac80f23b9d2dc5f14a1-1","properties":{"facility_id":"fe302bd63518e27598439bd4475ff0b7091b15c7f347bac80f23b9d2dc5f14a1","point_ordinal":1,"zone_group_id":"461301013446","source_manage_no":"461301013446","facility_name":"여수서초등학교","sgg_code":"12130","facility_type_code":"1","api_first_registered_on":"2000-08-29","api_last_modified_on":null,"updated_at":"2026-07-25T01:27:52.347112+00:00"},"geometry":{"type":"Point","coordinates":[127.72576494,34.741588455]}},{"type":"Feature","id":"779562fdd78bb2232888cd464943927feda41d9330daa0ea44ecd214fcfbd1a3-1","properties":{"facility_id":"779562fdd78bb2232888cd464943927feda41d9330daa0ea44ecd214fcfbd1a3","point_ordinal":1,"zone_group_id":"461301013503","source_manage_no":"461301013503","facility_name":"여수서초등학교 병설유치원","sgg_code":"12130","facility_type_code":"1","api_first_registered_on":"2000-08-29","api_last_modified_on":null,"updated_at":"2026-07-25T01:27:52.347112+00:00"},"geometry":{"type":"Point","coordinates":[127.72576494,34.741588455]}},{"type":"Feature","id":"47fd0ed99a6cd8ae0733aa528339a54dc0de924878c0c3a5bb74f82636828dea-1","properties":{"facility_id":"47fd0ed99a6cd8ae0733aa528339a54dc0de924878c0c3a5bb74f82636828dea","point_ordinal":1,"zone_group_id":"461302013536","source_manage_no":"461302013536","facility_name":"여수시노인복지관","sgg_code":"12130","facility_type_code":"2","api_first_registered_on":"2008-07-12","api_last_modified_on":null,"updated_at":"2026-07-25T01:27:52.347112+00:00"},"geometry":{"type":"Point","coordinates":[127.659217643,34.763850724]}},{"type":"Feature","id":"8dcd83a203eb0b5e8a925b4218088b129befe15b1419642a7d7ad504fdae0d5b-1","properties":{"facility_id":"8dcd83a203eb0b5e8a925b4218088b129befe15b1419642a7d7ad504fdae0d5b","point_ordinal":1,"zone_group_id":"461301013460","source_manage_no":"461301013460","facility_name":"여수중앙초등학교","sgg_code":"12130","facility_type_code":"1","api_first_registered_on":"1998-06-03","api_last_modified_on":null,"updated_at":"2026-07-25T01:27:52.347112+00:00"},"geometry":{"type":"Point","coordinates":[127.744201973,34.74042566]}},{"type":"Feature","id":"479865d82c39844e46c5c886324b179bf773bf3d80873842a8261db649529cc0-1","properties":{"facility_id":"479865d82c39844e46c5c886324b179bf773bf3d80873842a8261db649529cc0","point_ordinal":1,"zone_group_id":"461301013506","source_manage_no":"461301013506","facility_name":"여천어린이집","sgg_code":"12130","facility_type_code":"1","api_first_registered_on":"2010-06-08","api_last_modified_on":null,"updated_at":"2026-07-25T01:27:52.347112+00:00"},"geometry":{"type":"Point","coordinates":[127.654342718,34.771936558]}},{"type":"Feature","id":"1d3689f036a1f01dcce9902cb05749564ac2f9a0eeaaa107d3864bd20f6832d9-1","properties":{"facility_id":"1d3689f036a1f01dcce9902cb05749564ac2f9a0eeaaa107d3864bd20f6832d9","point_ordinal":1,"zone_group_id":"461301013533","source_manage_no":"461301013533","facility_name":"여천초등학교","sgg_code":"12130","facility_type_code":"1","api_first_registered_on":"1995-10-09","api_last_modified_on":null,"updated_at":"2026-07-25T01:27:52.347112+00:00"},"geometry":{"type":"Point","coordinates":[127.655015998,34.787175713]}},{"type":"Feature","id":"8d46790af2f397f99261686a989d11c6f2ce18a688cd79908286693c18753e4d-1","properties":{"facility_id":"8d46790af2f397f99261686a989d11c6f2ce18a688cd79908286693c18753e4d","point_ordinal":1,"zone_group_id":"461301013534","source_manage_no":"461301013534","facility_name":"여천초등학교 병설유치원","sgg_code":"12130","facility_type_code":"1","api_first_registered_on":"1995-10-09","api_last_modified_on":null,"updated_at":"2026-07-25T01:27:52.347112+00:00"},"geometry":{"type":"Point","coordinates":[127.655015998,34.787175713]}},{"type":"Feature","id":"644e40fdc2894a1007ffd589ba6e51e975e463cd348430919d73f9ec1ec9155f-1","properties":{"facility_id":"644e40fdc2894a1007ffd589ba6e51e975e463cd348430919d73f9ec1ec9155f","point_ordinal":1,"zone_group_id":"461301022740","source_manage_no":"461301022740","facility_name":"영재유치원","sgg_code":"12130","facility_type_code":"1","api_first_registered_on":"2018-10-24","api_last_modified_on":null,"updated_at":"2026-07-25T01:27:52.347112+00:00"},"geometry":{"type":"Point","coordinates":[127.691873118,34.751244816]}},{"type":"Feature","id":"94359c63e0c90eb9a1da6047d2b8348842c953f2d668ff9dd32a171d3120726a-1","properties":{"facility_id":"94359c63e0c90eb9a1da6047d2b8348842c953f2d668ff9dd32a171d3120726a","point_ordinal":1,"zone_group_id":"461301027685","source_manage_no":"461301027685","facility_name":"예울초등학교","sgg_code":"12130","facility_type_code":"1","api_first_registered_on":"2022-12-01","api_last_modified_on":null,"updated_at":"2026-07-25T01:27:52.347112+00:00"},"geometry":{"type":"Point","coordinates":[127.684874313,34.748257984]}},{"type":"Feature","id":"b21952a621c25d8557553d5785dc24fe48eb694cecdc8cdc873cf5b9563ba8d3-1","properties":{"facility_id":"b21952a621c25d8557553d5785dc24fe48eb694cecdc8cdc873cf5b9563ba8d3","point_ordinal":1,"zone_group_id":"461301013527","source_manage_no":"461301013527","facility_name":"웅천초등학교","sgg_code":"12130","facility_type_code":"1","api_first_registered_on":"2011-09-01","api_last_modified_on":null,"updated_at":"2026-07-25T01:27:52.347112+00:00"},"geometry":{"type":"Point","coordinates":[127.673988132,34.749221326]}},{"type":"Feature","id":"7ad5ed5acf36daeee026c828ba685b8c46f250f16d27bf96530c8c2829544c90-1","properties":{"facility_id":"7ad5ed5acf36daeee026c828ba685b8c46f250f16d27bf96530c8c2829544c90","point_ordinal":1,"zone_group_id":"461301013528","source_manage_no":"461301013528","facility_name":"웅천초등학교 병설유치원","sgg_code":"12130","facility_type_code":"1","api_first_registered_on":"2011-09-01","api_last_modified_on":null,"updated_at":"2026-07-25T01:27:52.347112+00:00"},"geometry":{"type":"Point","coordinates":[127.673988132,34.749221326]}},{"type":"Feature","id":"2a44be686435e32a49445b7dc9311ebff79cfa750e4b0455191c02858cf02d6e-1","properties":{"facility_id":"2a44be686435e32a49445b7dc9311ebff79cfa750e4b0455191c02858cf02d6e","point_ordinal":1,"zone_group_id":"461301013459","source_manage_no":"461301013459","facility_name":"율촌초등학교","sgg_code":"12130","facility_type_code":"1","api_first_registered_on":"1995-10-09","api_last_modified_on":null,"updated_at":"2026-07-25T01:27:52.347112+00:00"},"geometry":{"type":"Point","coordinates":[127.577499205,34.882801128]}},{"type":"Feature","id":"f0bb3abfb22271714371ff46d57a60987d65e18504dae0ee62d8553d1043f85c-1","properties":{"facility_id":"f0bb3abfb22271714371ff46d57a60987d65e18504dae0ee62d8553d1043f85c","point_ordinal":1,"zone_group_id":"461301013531","source_manage_no":"461301013531","facility_name":"율촌초등학교 병설유치원","sgg_code":"12130","facility_type_code":"1","api_first_registered_on":"1995-10-09","api_last_modified_on":null,"updated_at":"2026-07-25T01:27:52.347112+00:00"},"geometry":{"type":"Point","coordinates":[127.577499205,34.882801128]}},{"type":"Feature","id":"19f1f25645b806ef1a885dadd79133f0cc3a193c231cf7c79a86e6afefc97f02-1","properties":{"facility_id":"19f1f25645b806ef1a885dadd79133f0cc3a193c231cf7c79a86e6afefc97f02","point_ordinal":1,"zone_group_id":"461301013457","source_manage_no":"461301013457","facility_name":"율촌초등학교 상봉분교","sgg_code":"12130","facility_type_code":"1","api_first_registered_on":"1999-05-01","api_last_modified_on":null,"updated_at":"2026-07-25T01:27:52.347112+00:00"},"geometry":{"type":"Point","coordinates":[127.555310464,34.823260629]}},{"type":"Feature","id":"432f788c304453d77c783a800cc030664e667fc7f7c864a30e64235dbfaa2afe-1","properties":{"facility_id":"432f788c304453d77c783a800cc030664e667fc7f7c864a30e64235dbfaa2afe","point_ordinal":1,"zone_group_id":"461302022695","source_manage_no":"461302022695","facility_name":"장수마을 노인복지관","sgg_code":"12130","facility_type_code":"2","api_first_registered_on":"2017-10-11","api_last_modified_on":null,"updated_at":"2026-07-25T01:27:52.347112+00:00"},"geometry":{"type":"Point","coordinates":[127.58023165,34.652724519]}},{"type":"Feature","id":"1b5f401fbaa4e0dc1e0ced3694275ee4cc4a3aeb7f451f6e08bd7ecc36dce696-1","properties":{"facility_id":"1b5f401fbaa4e0dc1e0ced3694275ee4cc4a3aeb7f451f6e08bd7ecc36dce696","point_ordinal":1,"zone_group_id":"461302022690","source_manage_no":"461302022690","facility_name":"장척마을회관","sgg_code":"12130","facility_type_code":"2","api_first_registered_on":null,"api_last_modified_on":null,"updated_at":"2026-07-25T01:27:52.347112+00:00"},"geometry":{"type":"Point","coordinates":[127.567901215,34.790227183]}},{"type":"Feature","id":"86aed8ef9517ba8aec3e5d32805c85cf11ca0789823b95ec9f167c14a6ef96e8-1","properties":{"facility_id":"86aed8ef9517ba8aec3e5d32805c85cf11ca0789823b95ec9f167c14a6ef96e8","point_ordinal":1,"zone_group_id":"461301013488","source_manage_no":"461301013488","facility_name":"제일유치원","sgg_code":"12130","facility_type_code":"1","api_first_registered_on":"2010-06-08","api_last_modified_on":null,"updated_at":"2026-07-25T01:27:52.347112+00:00"},"geometry":{"type":"Point","coordinates":[127.693600139,34.754250711]}},{"type":"Feature","id":"949b6da10931f961d7a82dc52dd36e09037bbb6e1375ee0a2ccc06189f25401a-1","properties":{"facility_id":"949b6da10931f961d7a82dc52dd36e09037bbb6e1375ee0a2ccc06189f25401a","point_ordinal":1,"zone_group_id":"461301013433","source_manage_no":"461301013433","facility_name":"종고초등학교","sgg_code":"12130","facility_type_code":"1","api_first_registered_on":"1998-06-03","api_last_modified_on":null,"updated_at":"2026-07-25T01:27:52.347112+00:00"},"geometry":{"type":"Point","coordinates":[127.743565,34.750445702]}},{"type":"Feature","id":"b83103cca37196279223ee81ee4bed84459ec8013534156b520f6a92a5a24f7a-1","properties":{"facility_id":"b83103cca37196279223ee81ee4bed84459ec8013534156b520f6a92a5a24f7a","point_ordinal":1,"zone_group_id":"461301013474","source_manage_no":"461301013474","facility_name":"종고초등학교 병설유치원","sgg_code":"12130","facility_type_code":"1","api_first_registered_on":"1998-06-03","api_last_modified_on":null,"updated_at":"2026-07-25T01:27:52.347112+00:00"},"geometry":{"type":"Point","coordinates":[127.743565,34.750445702]}},{"type":"Feature","id":"20eef821f8b45c1521526fe881d64000a1779471bc6ba0f593907de0e276df6a-1","properties":{"facility_id":"20eef821f8b45c1521526fe881d64000a1779471bc6ba0f593907de0e276df6a","point_ordinal":1,"zone_group_id":"461301013442","source_manage_no":"461301013442","facility_name":"좌수영초등학교","sgg_code":"12130","facility_type_code":"1","api_first_registered_on":"1999-11-08","api_last_modified_on":null,"updated_at":"2026-07-25T01:27:52.347112+00:00"},"geometry":{"type":"Point","coordinates":[127.691957262,34.752539931]}},{"type":"Feature","id":"0231e01c030b007cf4e6bf829920a092cd2c21ad85920a5e4daf507db7aa2d50-1","properties":{"facility_id":"0231e01c030b007cf4e6bf829920a092cd2c21ad85920a5e4daf507db7aa2d50","point_ordinal":1,"zone_group_id":"461301013489","source_manage_no":"461301013489","facility_name":"좌수영초등학교 병설유치원","sgg_code":"12130","facility_type_code":"1","api_first_registered_on":"1999-11-08","api_last_modified_on":null,"updated_at":"2026-07-25T01:27:52.347112+00:00"},"geometry":{"type":"Point","coordinates":[127.691957262,34.752539931]}},{"type":"Feature","id":"df1dfe14cf34400b58da2bd5765c15bc7227ba9ecb71982f6d7b4320772ed6d2-1","properties":{"facility_id":"df1dfe14cf34400b58da2bd5765c15bc7227ba9ecb71982f6d7b4320772ed6d2","point_ordinal":1,"zone_group_id":"461301013515","source_manage_no":"461301013515","facility_name":"죽림초등학교","sgg_code":"12130","facility_type_code":"1","api_first_registered_on":"2014-03-11","api_last_modified_on":null,"updated_at":"2026-07-25T01:27:52.347112+00:00"},"geometry":{"type":"Point","coordinates":[127.637644396,34.765571996]}},{"type":"Feature","id":"4cf597c08c5476993412e9f8ffaa477a068f238c756fbcb5e8486514cc22c229-1","properties":{"facility_id":"4cf597c08c5476993412e9f8ffaa477a068f238c756fbcb5e8486514cc22c229","point_ordinal":1,"zone_group_id":"461301013508","source_manage_no":"461301013508","facility_name":"죽림초등학교 병설유치원","sgg_code":"12130","facility_type_code":"1","api_first_registered_on":"2014-03-11","api_last_modified_on":null,"updated_at":"2026-07-25T01:27:52.347112+00:00"},"geometry":{"type":"Point","coordinates":[127.637644396,34.765571996]}},{"type":"Feature","id":"f16392acf1d47e55afc7c55e5dc8ccb0b7980cc202b2fc8e40ece472e24943fe-1","properties":{"facility_id":"f16392acf1d47e55afc7c55e5dc8ccb0b7980cc202b2fc8e40ece472e24943fe","point_ordinal":1,"zone_group_id":"461301013532","source_manage_no":"461301013532","facility_name":"중앙초등학교 병설유치원","sgg_code":"12130","facility_type_code":"1","api_first_registered_on":"1998-06-03","api_last_modified_on":null,"updated_at":"2026-07-25T01:27:52.347112+00:00"},"geometry":{"type":"Point","coordinates":[127.744201973,34.74042566]}},{"type":"Feature","id":"292e4ba625827af039f9d4ce240f6c794f3f27786dbd78521552c6f73e67ce41-1","properties":{"facility_id":"292e4ba625827af039f9d4ce240f6c794f3f27786dbd78521552c6f73e67ce41","point_ordinal":1,"zone_group_id":"461301013428","source_manage_no":"461301013428","facility_name":"진남초등학교","sgg_code":"12130","facility_type_code":"1","api_first_registered_on":"1998-06-03","api_last_modified_on":null,"updated_at":"2026-07-25T01:27:52.347112+00:00"},"geometry":{"type":"Point","coordinates":[127.727113593,34.751379272]}},{"type":"Feature","id":"a606d59bf11fd6b818c20f9c87c807356274084f60c8fdca6eda5edb33a5d984-1","properties":{"facility_id":"a606d59bf11fd6b818c20f9c87c807356274084f60c8fdca6eda5edb33a5d984","point_ordinal":1,"zone_group_id":"461301013467","source_manage_no":"461301013467","facility_name":"진남초등학교 병설유치원","sgg_code":"12130","facility_type_code":"1","api_first_registered_on":"1998-06-03","api_last_modified_on":null,"updated_at":"2026-07-25T01:27:52.347112+00:00"},"geometry":{"type":"Point","coordinates":[127.727113593,34.751379272]}},{"type":"Feature","id":"30c0d8db926c40737ef5cca4a0e248f8fc6adc087dd2c2f65b6a7812ed896d16-1","properties":{"facility_id":"30c0d8db926c40737ef5cca4a0e248f8fc6adc087dd2c2f65b6a7812ed896d16","point_ordinal":1,"zone_group_id":"461301013535","source_manage_no":"461301013535","facility_name":"킨더숲유치원","sgg_code":"12130","facility_type_code":"1","api_first_registered_on":"2016-05-09","api_last_modified_on":null,"updated_at":"2026-07-25T01:27:52.347112+00:00"},"geometry":{"type":"Point","coordinates":[127.642638951,34.752151014]}},{"type":"Feature","id":"e0588e7240e4e6cce78139c9724767bcc50043178a653160e059ba43efd7b1f5-1","properties":{"facility_id":"e0588e7240e4e6cce78139c9724767bcc50043178a653160e059ba43efd7b1f5","point_ordinal":1,"zone_group_id":"461302013475","source_manage_no":"461302013475","facility_name":"하얀연꽃","sgg_code":"12130","facility_type_code":"2","api_first_registered_on":"2008-07-12","api_last_modified_on":null,"updated_at":"2026-07-25T01:27:52.347112+00:00"},"geometry":{"type":"Point","coordinates":[127.781575751,34.672710802]}},{"type":"Feature","id":"8250cf454adc9283b0cb585a6ee2b86affed1d1ce6f1ae0a0b9031df5c941f23-1","properties":{"facility_id":"8250cf454adc9283b0cb585a6ee2b86affed1d1ce6f1ae0a0b9031df5c941f23","point_ordinal":1,"zone_group_id":"461301013491","source_manage_no":"461301013491","facility_name":"한려초등학교","sgg_code":"12130","facility_type_code":"1","api_first_registered_on":"1996-06-21","api_last_modified_on":null,"updated_at":"2026-07-25T01:27:52.347112+00:00"},"geometry":{"type":"Point","coordinates":[127.702780244,34.755137549]}},{"type":"Feature","id":"d84e0a0c0fdc7bc96835f7695e565a70616db682529546b3475e782dc163fe2a-1","properties":{"facility_id":"d84e0a0c0fdc7bc96835f7695e565a70616db682529546b3475e782dc163fe2a","point_ordinal":1,"zone_group_id":"461301013490","source_manage_no":"461301013490","facility_name":"한려초등학교 병설유치원","sgg_code":"12130","facility_type_code":"1","api_first_registered_on":"1996-06-21","api_last_modified_on":null,"updated_at":"2026-07-25T01:27:52.347112+00:00"},"geometry":{"type":"Point","coordinates":[127.702780244,34.755137549]}},{"type":"Feature","id":"9647fb5d33774fab538f8aec96bc1c85208610d68977f561b4fac0ee3ac1c00f-1","properties":{"facility_id":"9647fb5d33774fab538f8aec96bc1c85208610d68977f561b4fac0ee3ac1c00f","point_ordinal":1,"zone_group_id":"461301013507","source_manage_no":"461301013507","facility_name":"해바라기유치원","sgg_code":"12130","facility_type_code":"1","api_first_registered_on":"2010-06-08","api_last_modified_on":null,"updated_at":"2026-07-25T01:27:52.347112+00:00"},"geometry":{"type":"Point","coordinates":[127.651713208,34.774257429]}},{"type":"Feature","id":"38dd7972bf90b944cf398bb963e6453700b5b27a51f0637a7d46feb90a67b258-1","properties":{"facility_id":"38dd7972bf90b944cf398bb963e6453700b5b27a51f0637a7d46feb90a67b258","point_ordinal":1,"zone_group_id":"461301013434","source_manage_no":"461301013434","facility_name":"홍익어린이집","sgg_code":"12130","facility_type_code":"1","api_first_registered_on":"2006-05-21","api_last_modified_on":null,"updated_at":"2026-07-25T01:27:52.347112+00:00"},"geometry":{"type":"Point","coordinates":[127.732578778,34.756103291]}},{"type":"Feature","id":"0e67ae87585e0ee5dd4b8b14f2d47e4e0fa685a7a12c0af73703b76ef5df9c8b-1","properties":{"facility_id":"0e67ae87585e0ee5dd4b8b14f2d47e4e0fa685a7a12c0af73703b76ef5df9c8b","point_ordinal":1,"zone_group_id":"461301013463","source_manage_no":"461301013463","facility_name":"화양초등학교","sgg_code":"12130","facility_type_code":"1","api_first_registered_on":"1998-01-21","api_last_modified_on":null,"updated_at":"2026-07-25T01:27:52.347112+00:00"},"geometry":{"type":"Point","coordinates":[127.595383147,34.685903707]}},{"type":"Feature","id":"f4a5f79262ecb19df11da2bed18ec95a86c0926d8ec6291e8026c5a0851471ed-1","properties":{"facility_id":"f4a5f79262ecb19df11da2bed18ec95a86c0926d8ec6291e8026c5a0851471ed","point_ordinal":1,"zone_group_id":"461301013541","source_manage_no":"461301013541","facility_name":"화양초등학교 병설유치원","sgg_code":"12130","facility_type_code":"1","api_first_registered_on":"1998-01-21","api_last_modified_on":null,"updated_at":"2026-07-25T01:27:52.347112+00:00"},"geometry":{"type":"Point","coordinates":[127.595383147,34.685903707]}},{"type":"Feature","id":"98b63922ad7bd92b0606cf90c6d47ea703b1b404a904e4017ba0775fc5020974-1","properties":{"facility_id":"98b63922ad7bd92b0606cf90c6d47ea703b1b404a904e4017ba0775fc5020974","point_ordinal":1,"zone_group_id":"461501022746","source_manage_no":"461501022746","facility_name":"기린숲유치원","sgg_code":"12150","facility_type_code":"1","api_first_registered_on":"2019-06-05","api_last_modified_on":null,"updated_at":"2026-07-25T01:27:52.347112+00:00"},"geometry":{"type":"Point","coordinates":[127.547494853,34.926776722]}},{"type":"Feature","id":"15e8ff11a9dc14d8690dab47b4bc52d384d49b0e6b1923ab93aac20dbff89b2e-1","properties":{"facility_id":"15e8ff11a9dc14d8690dab47b4bc52d384d49b0e6b1923ab93aac20dbff89b2e","point_ordinal":1,"zone_group_id":"461501027612","source_manage_no":"461501027612","facility_name":"꿈초롱유치원(미사용도로, 진입불가)","sgg_code":"12150","facility_type_code":"1","api_first_registered_on":null,"api_last_modified_on":null,"updated_at":"2026-07-25T01:27:52.347112+00:00"},"geometry":{"type":"Point","coordinates":[127.484573012,34.985582265]}},{"type":"Feature","id":"4ca09a176b852d59dc862127b47f185584ed8a8508132a90ba9f871a4351ff24-1","properties":{"facility_id":"4ca09a176b852d59dc862127b47f185584ed8a8508132a90ba9f871a4351ff24","point_ordinal":1,"zone_group_id":"461501013296","source_manage_no":"461501013296","facility_name":"낙안초등학교","sgg_code":"12150","facility_type_code":"1","api_first_registered_on":"2000-01-01","api_last_modified_on":null,"updated_at":"2026-07-25T01:27:52.347112+00:00"},"geometry":{"type":"Point","coordinates":[127.342316152,34.908026916]}},{"type":"Feature","id":"6bf21e86aa1ddd961bfd51bee8ed1229646fb9f6840c4ed60a5f6c8935768a57-1","properties":{"facility_id":"6bf21e86aa1ddd961bfd51bee8ed1229646fb9f6840c4ed60a5f6c8935768a57","point_ordinal":1,"zone_group_id":"461501013296","source_manage_no":"461501013297","facility_name":"낙안초등학교병설유치원","sgg_code":"12150","facility_type_code":"1","api_first_registered_on":"2000-01-01","api_last_modified_on":null,"updated_at":"2026-07-25T01:27:52.347112+00:00"},"geometry":{"type":"Point","coordinates":[127.342343834,34.90810571]}},{"type":"Feature","id":"40d40c9565184f36693f110cbbf0b22e3550e30812750e150d131bc88e3c931f-1","properties":{"facility_id":"40d40c9565184f36693f110cbbf0b22e3550e30812750e150d131bc88e3c931f","point_ordinal":1,"zone_group_id":"461502026732","source_manage_no":"461502026732","facility_name":"남부종합복지관","sgg_code":"12150","facility_type_code":"2","api_first_registered_on":null,"api_last_modified_on":"2025-10-20","updated_at":"2026-07-25T01:27:52.347112+00:00"},"geometry":{"type":"Point","coordinates":[127.495823303,34.944716828]}},{"type":"Feature","id":"b84e7daba8ca8e919a78db14237b62c992321f2d3e3f972e0661e4806fc1984e-1","properties":{"facility_id":"b84e7daba8ca8e919a78db14237b62c992321f2d3e3f972e0661e4806fc1984e","point_ordinal":1,"zone_group_id":"461501013374","source_manage_no":"461501013374","facility_name":"남산초등학교","sgg_code":"12150","facility_type_code":"1","api_first_registered_on":"1996-01-01","api_last_modified_on":null,"updated_at":"2026-07-25T01:27:52.347112+00:00"},"geometry":{"type":"Point","coordinates":[127.494917135,34.938350596]}},{"type":"Feature","id":"cc52eadf7f511e3a7919d8d5225113a837da4e4e45ebfd786768e4e3966ef795-1","properties":{"facility_id":"cc52eadf7f511e3a7919d8d5225113a837da4e4e45ebfd786768e4e3966ef795","point_ordinal":1,"zone_group_id":"461501013374","source_manage_no":"461501013375","facility_name":"남산초등학교병설유치원","sgg_code":"12150","facility_type_code":"1","api_first_registered_on":"1996-01-01","api_last_modified_on":null,"updated_at":"2026-07-25T01:27:52.347112+00:00"},"geometry":{"type":"Point","coordinates":[127.49495149,34.93820682]}},{"type":"Feature","id":"3dbdf2ba7cb8daaca58bd3bcdba242de766b422a6748278453ffaf4f4857742a-1","properties":{"facility_id":"3dbdf2ba7cb8daaca58bd3bcdba242de766b422a6748278453ffaf4f4857742a","point_ordinal":1,"zone_group_id":"461502029350","source_manage_no":"461502029350","facility_name":"대법경로당","sgg_code":"12150","facility_type_code":"2","api_first_registered_on":null,"api_last_modified_on":"2025-10-20","updated_at":"2026-07-25T01:27:52.347112+00:00"},"geometry":{"type":"Point","coordinates":[127.553414299,34.917733525]}},{"type":"Feature","id":"0993a36b7d650a600526ec39e0b40ae55b4b6397834ab3f61b607e36a2ed27c3-1","properties":{"facility_id":"0993a36b7d650a600526ec39e0b40ae55b4b6397834ab3f61b607e36a2ed27c3","point_ordinal":1,"zone_group_id":"461501013324","source_manage_no":"461501013324","facility_name":"대석초등학교","sgg_code":"12150","facility_type_code":"1","api_first_registered_on":"2000-01-01","api_last_modified_on":null,"updated_at":"2026-07-25T01:27:52.347112+00:00"},"geometry":{"type":"Point","coordinates":[127.52679439,34.944089068]}},{"type":"Feature","id":"bdc7fc75777650beda6af8525db448e917df95a57041fee4ec663b9b0f77f43f-1","properties":{"facility_id":"bdc7fc75777650beda6af8525db448e917df95a57041fee4ec663b9b0f77f43f","point_ordinal":1,"zone_group_id":"461501013324","source_manage_no":"461501013325","facility_name":"대석초등학교병설유치원","sgg_code":"12150","facility_type_code":"1","api_first_registered_on":"2000-01-01","api_last_modified_on":null,"updated_at":"2026-07-25T01:27:52.347112+00:00"},"geometry":{"type":"Point","coordinates":[127.527027604,34.943754546]}},{"type":"Feature","id":"79dc77c62d17076d1778855ee7623569c32386ad0a808db499b73172f430b56d-1","properties":{"facility_id":"79dc77c62d17076d1778855ee7623569c32386ad0a808db499b73172f430b56d","point_ordinal":1,"zone_group_id":"461501022833","source_manage_no":"461501022833","facility_name":"도레미어린이집","sgg_code":"12150","facility_type_code":"1","api_first_registered_on":"2019-04-12","api_last_modified_on":null,"updated_at":"2026-07-25T01:27:52.347112+00:00"},"geometry":{"type":"Point","coordinates":[127.516864159,34.964279794]}},{"type":"Feature","id":"34d2e9c05839b416006a2e0e1ec2b411422ff175b7235d23f69aa7c54773ed99-1","properties":{"facility_id":"34d2e9c05839b416006a2e0e1ec2b411422ff175b7235d23f69aa7c54773ed99","point_ordinal":1,"zone_group_id":"461501013300","source_manage_no":"461501013300","facility_name":"도사초등학교","sgg_code":"12150","facility_type_code":"1","api_first_registered_on":"1997-01-01","api_last_modified_on":null,"updated_at":"2026-07-25T01:27:52.347112+00:00"},"geometry":{"type":"Point","coordinates":[127.500787669,34.914617704]}},{"type":"Feature","id":"0532cfb021281c32daa998456d94568fbf58c663800ddbdbbf3d88c8ba375427-1","properties":{"facility_id":"0532cfb021281c32daa998456d94568fbf58c663800ddbdbbf3d88c8ba375427","point_ordinal":1,"zone_group_id":"461501013300","source_manage_no":"461501013390","facility_name":"도사초등학교병설유치원","sgg_code":"12150","facility_type_code":"1","api_first_registered_on":"1997-01-01","api_last_modified_on":null,"updated_at":"2026-07-25T01:27:52.347112+00:00"},"geometry":{"type":"Point","coordinates":[127.500864841,34.914712031]}},{"type":"Feature","id":"3577561746d240603b63888755b4a70a8f41df70ef29963a11adbe16df101359-1","properties":{"facility_id":"3577561746d240603b63888755b4a70a8f41df70ef29963a11adbe16df101359","point_ordinal":1,"zone_group_id":"461501013380","source_manage_no":"461501013380","facility_name":"동명초등학교","sgg_code":"12150","facility_type_code":"1","api_first_registered_on":"1996-01-01","api_last_modified_on":null,"updated_at":"2026-07-25T01:27:52.347112+00:00"},"geometry":{"type":"Point","coordinates":[127.527948842,34.947573892]}},{"type":"Feature","id":"f0e0c7611038154dcd3bff56ac0c88f74b5426c992cdd7dbef7fa623b1d0843a-1","properties":{"facility_id":"f0e0c7611038154dcd3bff56ac0c88f74b5426c992cdd7dbef7fa623b1d0843a","point_ordinal":1,"zone_group_id":"461501013380","source_manage_no":"461501013381","facility_name":"동명초등학교병설유치원","sgg_code":"12150","facility_type_code":"1","api_first_registered_on":"1996-01-01","api_last_modified_on":null,"updated_at":"2026-07-25T01:27:52.347112+00:00"},"geometry":{"type":"Point","coordinates":[127.528102127,34.947577732]}},{"type":"Feature","id":"6b199893a384e8577dc0244631e98e1a40da7fe22a3572351ca8e0ab064a67ed-1","properties":{"facility_id":"6b199893a384e8577dc0244631e98e1a40da7fe22a3572351ca8e0ab064a67ed","point_ordinal":1,"zone_group_id":"461502013352","source_manage_no":"461502013352","facility_name":"동부종합복지관","sgg_code":"12150","facility_type_code":"2","api_first_registered_on":"2016-01-01","api_last_modified_on":null,"updated_at":"2026-07-25T01:27:52.347112+00:00"},"geometry":{"type":"Point","coordinates":[127.52435828,34.95313333]}},{"type":"Feature","id":"d041450ff5c664f17012e1ffe2f400adb6e8956cd1f2213ca4782a3878a1af15-1","properties":{"facility_id":"d041450ff5c664f17012e1ffe2f400adb6e8956cd1f2213ca4782a3878a1af15","point_ordinal":1,"zone_group_id":"461501013311","source_manage_no":"461501013311","facility_name":"동산초등학교","sgg_code":"12150","facility_type_code":"1","api_first_registered_on":"1998-01-01","api_last_modified_on":null,"updated_at":"2026-07-25T01:27:52.347112+00:00"},"geometry":{"type":"Point","coordinates":[127.492625368,34.993578952]}},{"type":"Feature","id":"665389f0183d8510e9961c03756e553543b3d804b8660a23a9ba1d2c271c0b29-1","properties":{"facility_id":"665389f0183d8510e9961c03756e553543b3d804b8660a23a9ba1d2c271c0b29","point_ordinal":1,"zone_group_id":"461501013311","source_manage_no":"461501013312","facility_name":"동산초등학교병설유치원","sgg_code":"12150","facility_type_code":"1","api_first_registered_on":"1998-01-01","api_last_modified_on":null,"updated_at":"2026-07-25T01:27:52.347112+00:00"},"geometry":{"type":"Point","coordinates":[127.493001978,34.9933656]}},{"type":"Feature","id":"9ac086bd4ba5308aec141be0712475c1e17368d905feadaeff9a3543448ac30b-1","properties":{"facility_id":"9ac086bd4ba5308aec141be0712475c1e17368d905feadaeff9a3543448ac30b","point_ordinal":1,"zone_group_id":"461502026735","source_manage_no":"461502026735","facility_name":"동외동 만수경로당","sgg_code":"12150","facility_type_code":"2","api_first_registered_on":null,"api_last_modified_on":"2025-10-20","updated_at":"2026-07-25T01:27:52.347112+00:00"},"geometry":{"type":"Point","coordinates":[127.487588146,34.959899032]}},{"type":"Feature","id":"c8433694e7318f687a1790a9b66a34a0c08f54140110a116c1fe012b2b6d6fab-1","properties":{"facility_id":"c8433694e7318f687a1790a9b66a34a0c08f54140110a116c1fe012b2b6d6fab","point_ordinal":1,"zone_group_id":"461501013382","source_manage_no":"461501013382","facility_name":"매안초등학교","sgg_code":"12150","facility_type_code":"1","api_first_registered_on":"2015-01-01","api_last_modified_on":null,"updated_at":"2026-07-25T01:27:52.347112+00:00"},"geometry":{"type":"Point","coordinates":[127.553148846,34.930796748]}},{"type":"Feature","id":"bf34c6e7bd8dea378daf9bf1d23634594721231801f29a4db6a012abc37c60e7-1","properties":{"facility_id":"bf34c6e7bd8dea378daf9bf1d23634594721231801f29a4db6a012abc37c60e7","point_ordinal":1,"zone_group_id":"461501013306","source_manage_no":"461501013306","facility_name":"별량초등학교","sgg_code":"12150","facility_type_code":"1","api_first_registered_on":"1997-01-01","api_last_modified_on":null,"updated_at":"2026-07-25T01:27:52.347112+00:00"},"geometry":{"type":"Point","coordinates":[127.452893311,34.874845882]}},{"type":"Feature","id":"cc357f425ca0d259e5eb19bc61af4018a69aa136410a69a18a3de2672ee5bf20-1","properties":{"facility_id":"cc357f425ca0d259e5eb19bc61af4018a69aa136410a69a18a3de2672ee5bf20","point_ordinal":1,"zone_group_id":"461501013306","source_manage_no":"461501013308","facility_name":"별량초등학교병설유치원","sgg_code":"12150","facility_type_code":"1","api_first_registered_on":"1997-01-01","api_last_modified_on":null,"updated_at":"2026-07-25T01:27:52.347112+00:00"},"geometry":{"type":"Point","coordinates":[127.45305841,34.875034559]}},{"type":"Feature","id":"425395ca2d7d44259c52681df0f1c30b0695125c64bcc4f26d87ad7ec652f1fd-1","properties":{"facility_id":"425395ca2d7d44259c52681df0f1c30b0695125c64bcc4f26d87ad7ec652f1fd","point_ordinal":1,"zone_group_id":"461501013353","source_manage_no":"461501013353","facility_name":"봉화초등학교","sgg_code":"12150","facility_type_code":"1","api_first_registered_on":"2001-01-01","api_last_modified_on":null,"updated_at":"2026-07-25T01:27:52.347112+00:00"},"geometry":{"type":"Point","coordinates":[127.514304489,34.956417304]}},{"type":"Feature","id":"5386481fad570b97dda404c4f0dd36a46f03d9beab3dd6f5a2bd5fcb13cd07ae-1","properties":{"facility_id":"5386481fad570b97dda404c4f0dd36a46f03d9beab3dd6f5a2bd5fcb13cd07ae","point_ordinal":1,"zone_group_id":"461501013353","source_manage_no":"461501013354","facility_name":"봉화초등학교병설유치원","sgg_code":"12150","facility_type_code":"1","api_first_registered_on":"2001-01-01","api_last_modified_on":null,"updated_at":"2026-07-25T01:27:52.347112+00:00"},"geometry":{"type":"Point","coordinates":[127.514114642,34.956697534]}},{"type":"Feature","id":"028a41167bed7413f0b16a705af98e6c8d0dbc7c98211dd402924153b877aa93-1","properties":{"facility_id":"028a41167bed7413f0b16a705af98e6c8d0dbc7c98211dd402924153b877aa93","point_ordinal":1,"zone_group_id":"461501013326","source_manage_no":"461501013326","facility_name":"부영초등학교","sgg_code":"12150","facility_type_code":"1","api_first_registered_on":"1996-01-01","api_last_modified_on":null,"updated_at":"2026-07-25T01:27:52.347112+00:00"},"geometry":{"type":"Point","coordinates":[127.520008772,34.94745309]}},{"type":"Feature","id":"d8ab141a17da3ff6fbe40c6bf427818676aa523e682a7e01db9cbcc619a69770-1","properties":{"facility_id":"d8ab141a17da3ff6fbe40c6bf427818676aa523e682a7e01db9cbcc619a69770","point_ordinal":1,"zone_group_id":"461501013326","source_manage_no":"461501013327","facility_name":"부영초등학교병설유치원","sgg_code":"12150","facility_type_code":"1","api_first_registered_on":"1996-01-01","api_last_modified_on":null,"updated_at":"2026-07-25T01:27:52.347112+00:00"},"geometry":{"type":"Point","coordinates":[127.51996738,34.947399184]}},{"type":"Feature","id":"6eac3e2374c0d8ce23ac1f73de46f1964e0c7800f721bb06ece6abd2e5d294df-1","properties":{"facility_id":"6eac3e2374c0d8ce23ac1f73de46f1964e0c7800f721bb06ece6abd2e5d294df","point_ordinal":1,"zone_group_id":"461501013304","source_manage_no":"461501013305","facility_name":"북초등학교병설유치원","sgg_code":"12150","facility_type_code":"1","api_first_registered_on":"1996-01-01","api_last_modified_on":null,"updated_at":"2026-07-25T01:27:52.347112+00:00"},"geometry":{"type":"Point","coordinates":[127.483346475,34.965250062]}},{"type":"Feature","id":"0ea1a33e2db564a39ef6552ade8abcc65c6287e9bb97a5b2c319efb4cc68cd2e-1","properties":{"facility_id":"0ea1a33e2db564a39ef6552ade8abcc65c6287e9bb97a5b2c319efb4cc68cd2e","point_ordinal":1,"zone_group_id":"461501013355","source_manage_no":"461501013355","facility_name":"비봉초등학교","sgg_code":"12150","facility_type_code":"1","api_first_registered_on":"2008-01-01","api_last_modified_on":null,"updated_at":"2026-07-25T01:27:52.347112+00:00"},"geometry":{"type":"Point","coordinates":[127.519523271,34.965689608]}},{"type":"Feature","id":"ae6caf361efc2ef45331d9b06ba843204ba1f1f0d2b536c30746adaae8c627b2-1","properties":{"facility_id":"ae6caf361efc2ef45331d9b06ba843204ba1f1f0d2b536c30746adaae8c627b2","point_ordinal":1,"zone_group_id":"461501013355","source_manage_no":"461501013356","facility_name":"비봉초등학교병설유치원","sgg_code":"12150","facility_type_code":"1","api_first_registered_on":"2008-01-01","api_last_modified_on":null,"updated_at":"2026-07-25T01:27:52.347112+00:00"},"geometry":{"type":"Point","coordinates":[127.519607089,34.965524748]}},{"type":"Feature","id":"645f60a011eba05174fb07e07e7b50610d52dbd4af63aeeafc45e760cd9f02e3-1","properties":{"facility_id":"645f60a011eba05174fb07e07e7b50610d52dbd4af63aeeafc45e760cd9f02e3","point_ordinal":1,"zone_group_id":"461501026728","source_manage_no":"461501026728","facility_name":"사랑어린학교","sgg_code":"12150","facility_type_code":"1","api_first_registered_on":null,"api_last_modified_on":null,"updated_at":"2026-07-25T01:27:52.347112+00:00"},"geometry":{"type":"Point","coordinates":[127.537648021,34.858391077]}},{"type":"Feature","id":"7538e7f9425381ea1cd8f2a1c44774f1e8b0677787139e4ff90aa1c3096d719a-1","properties":{"facility_id":"7538e7f9425381ea1cd8f2a1c44774f1e8b0677787139e4ff90aa1c3096d719a","point_ordinal":1,"zone_group_id":"461502029348","source_manage_no":"461502029348","facility_name":"상비경로당","sgg_code":"12150","facility_type_code":"2","api_first_registered_on":null,"api_last_modified_on":"2025-07-01","updated_at":"2026-07-25T01:27:52.347112+00:00"},"geometry":{"type":"Point","coordinates":[127.5425615,34.959719103]}},{"type":"Feature","id":"a7e83a11155896d3fb00b93b96e97fc107b5107c8ccc41f5c41b78f89bdd0153-1","properties":{"facility_id":"a7e83a11155896d3fb00b93b96e97fc107b5107c8ccc41f5c41b78f89bdd0153","point_ordinal":1,"zone_group_id":"461501013309","source_manage_no":"461501013309","facility_name":"상사초등학교","sgg_code":"12150","facility_type_code":"1","api_first_registered_on":"2007-01-01","api_last_modified_on":null,"updated_at":"2026-07-25T01:27:52.347112+00:00"},"geometry":{"type":"Point","coordinates":[127.446646164,34.94364964]}},{"type":"Feature","id":"e813d185a217c56c0e9e29ae57bdcc4ea8cace7bdcde0db79ed2b4e1339763a3-1","properties":{"facility_id":"e813d185a217c56c0e9e29ae57bdcc4ea8cace7bdcde0db79ed2b4e1339763a3","point_ordinal":1,"zone_group_id":"461501013309","source_manage_no":"461501013310","facility_name":"상사초등학교병설유치원","sgg_code":"12150","facility_type_code":"1","api_first_registered_on":"2007-01-01","api_last_modified_on":null,"updated_at":"2026-07-25T01:27:52.347112+00:00"},"geometry":{"type":"Point","coordinates":[127.446835407,34.943725562]}},{"type":"Feature","id":"3a7d91f2fee99b999d809090fa0bfbc18ba0058a5123c79c037a805919f2af78-1","properties":{"facility_id":"3a7d91f2fee99b999d809090fa0bfbc18ba0058a5123c79c037a805919f2af78","point_ordinal":1,"zone_group_id":"461501013295","source_manage_no":"461501013295","facility_name":"새싹유치원","sgg_code":"12150","facility_type_code":"1","api_first_registered_on":"2016-01-01","api_last_modified_on":null,"updated_at":"2026-07-25T01:27:52.347112+00:00"},"geometry":{"type":"Point","coordinates":[127.488672936,34.969240498]}},{"type":"Feature","id":"21faa3ab689d1f8e729f70f31dcabe3b8ea99a332487aa8a618e3c125876e641-1","properties":{"facility_id":"21faa3ab689d1f8e729f70f31dcabe3b8ea99a332487aa8a618e3c125876e641","point_ordinal":1,"zone_group_id":"461501013331","source_manage_no":"461501013328","facility_name":"석화유치원","sgg_code":"12150","facility_type_code":"1","api_first_registered_on":"1999-01-01","api_last_modified_on":null,"updated_at":"2026-07-25T01:27:52.347112+00:00"},"geometry":{"type":"Point","coordinates":[127.518047946,34.945307227]}},{"type":"Feature","id":"4519036efff045d04ee81dcbc24b356250e36dc51578baa824d197a263b900d6-1","properties":{"facility_id":"4519036efff045d04ee81dcbc24b356250e36dc51578baa824d197a263b900d6","point_ordinal":1,"zone_group_id":"461501013355","source_manage_no":"461501013357","facility_name":"선혜학교","sgg_code":"12150","facility_type_code":"1","api_first_registered_on":"1997-01-01","api_last_modified_on":null,"updated_at":"2026-07-25T01:27:52.347112+00:00"},"geometry":{"type":"Point","coordinates":[127.519947348,34.965145448]}},{"type":"Feature","id":"da0539eaf19b92b423ea9af8accbb98927e94d46db7cb4fdab0dd76bba825647-1","properties":{"facility_id":"da0539eaf19b92b423ea9af8accbb98927e94d46db7cb4fdab0dd76bba825647","point_ordinal":1,"zone_group_id":"461501013298","source_manage_no":"461501013298","facility_name":"성남초등학교","sgg_code":"12150","facility_type_code":"1","api_first_registered_on":"1996-01-01","api_last_modified_on":null,"updated_at":"2026-07-25T01:27:52.347112+00:00"},"geometry":{"type":"Point","coordinates":[127.488325789,34.943033087]}},{"type":"Feature","id":"376ad4ea0ca4beb1af6bb36175eb21ac2651f5feee08ed706655c43db21381e9-1","properties":{"facility_id":"376ad4ea0ca4beb1af6bb36175eb21ac2651f5feee08ed706655c43db21381e9","point_ordinal":1,"zone_group_id":"461501013298","source_manage_no":"461501013299","facility_name":"성남초등학교병설유치원","sgg_code":"12150","facility_type_code":"1","api_first_registered_on":"1996-01-01","api_last_modified_on":null,"updated_at":"2026-07-25T01:27:52.347112+00:00"},"geometry":{"type":"Point","coordinates":[127.488260392,34.943080672]}},{"type":"Feature","id":"c6b25e940dc84ebc13603034176dd127c4f19e4ac2f387a545e4f915f04359fa-1","properties":{"facility_id":"c6b25e940dc84ebc13603034176dd127c4f19e4ac2f387a545e4f915f04359fa","point_ordinal":1,"zone_group_id":"461501013302","source_manage_no":"461501013302","facility_name":"성동초등학교","sgg_code":"12150","facility_type_code":"1","api_first_registered_on":"1996-01-01","api_last_modified_on":null,"updated_at":"2026-07-25T01:27:52.347112+00:00"},"geometry":{"type":"Point","coordinates":[127.487130652,34.954424595]}},{"type":"Feature","id":"442ea2d2ac59a4414316f52c58ea560e4d46e31bc3d80cb02864944565ada65c-1","properties":{"facility_id":"442ea2d2ac59a4414316f52c58ea560e4d46e31bc3d80cb02864944565ada65c","point_ordinal":1,"zone_group_id":"461501013302","source_manage_no":"461501013303","facility_name":"성동초등학교병설유치원","sgg_code":"12150","facility_type_code":"1","api_first_registered_on":"1996-01-01","api_last_modified_on":null,"updated_at":"2026-07-25T01:27:52.347112+00:00"},"geometry":{"type":"Point","coordinates":[127.487031642,34.954343868]}},{"type":"Feature","id":"7a6ba806d12e6840cd386b548f0b212c902f7de3b7a2aa86e2f46272a00969fc-1","properties":{"facility_id":"7a6ba806d12e6840cd386b548f0b212c902f7de3b7a2aa86e2f46272a00969fc","point_ordinal":1,"zone_group_id":"461501013317","source_manage_no":"461501013317","facility_name":"송광초등학교","sgg_code":"12150","facility_type_code":"1","api_first_registered_on":"1997-01-01","api_last_modified_on":null,"updated_at":"2026-07-25T01:27:52.347112+00:00"},"geometry":{"type":"Point","coordinates":[127.267780416,34.962266006]}},{"type":"Feature","id":"8fd1d7662d821801d1c17c4271968f5e35c224e7d1d92275f2e00d110993bc0d-1","properties":{"facility_id":"8fd1d7662d821801d1c17c4271968f5e35c224e7d1d92275f2e00d110993bc0d","point_ordinal":1,"zone_group_id":"461501013317","source_manage_no":"461501013318","facility_name":"송광초등학교병설유치원","sgg_code":"12150","facility_type_code":"1","api_first_registered_on":"1997-01-01","api_last_modified_on":null,"updated_at":"2026-07-25T01:27:52.347112+00:00"},"geometry":{"type":"Point","coordinates":[127.268056443,34.962130189]}},{"type":"Feature","id":"b9a2f40ab592115c8a3200dc521769fcad19ff4124b3b5434e8f2f07a58acbab-1","properties":{"facility_id":"b9a2f40ab592115c8a3200dc521769fcad19ff4124b3b5434e8f2f07a58acbab","point_ordinal":1,"zone_group_id":"461501013307","source_manage_no":"461501013307","facility_name":"송산초등학교","sgg_code":"12150","facility_type_code":"1","api_first_registered_on":"1998-01-01","api_last_modified_on":null,"updated_at":"2026-07-25T01:27:52.347112+00:00"},"geometry":{"type":"Point","coordinates":[127.41589199,34.849738077]}},{"type":"Feature","id":"aa9ee567d3bf404407e37c7c2c720211618b7b5bacd8f1bc37527b9702ec1737-1","properties":{"facility_id":"aa9ee567d3bf404407e37c7c2c720211618b7b5bacd8f1bc37527b9702ec1737","point_ordinal":1,"zone_group_id":"461501013350","source_manage_no":"461501013350","facility_name":"순천남초등학교","sgg_code":"12150","facility_type_code":"1","api_first_registered_on":"1996-01-01","api_last_modified_on":null,"updated_at":"2026-07-25T01:27:52.347112+00:00"},"geometry":{"type":"Point","coordinates":[127.482499459,34.949589849]}},{"type":"Feature","id":"5c0df36e39ab051f778233bc6837f733fb51b3963de184aeb125108492e38ed8-1","properties":{"facility_id":"5c0df36e39ab051f778233bc6837f733fb51b3963de184aeb125108492e38ed8","point_ordinal":1,"zone_group_id":"461501013350","source_manage_no":"461501013351","facility_name":"순천남초등학교병설유치원","sgg_code":"12150","facility_type_code":"1","api_first_registered_on":"1996-01-01","api_last_modified_on":null,"updated_at":"2026-07-25T01:27:52.347112+00:00"},"geometry":{"type":"Point","coordinates":[127.482323512,34.949455341]}},{"type":"Feature","id":"064d8e8a8d303dac2f560be03f30c55f6155dff5f51576f90062c79b083846d6-1","properties":{"facility_id":"064d8e8a8d303dac2f560be03f30c55f6155dff5f51576f90062c79b083846d6","point_ordinal":1,"zone_group_id":"461502026731","source_manage_no":"461502026731","facility_name":"순천노인회관","sgg_code":"12150","facility_type_code":"2","api_first_registered_on":null,"api_last_modified_on":"2025-10-20","updated_at":"2026-07-25T01:27:52.347112+00:00"},"geometry":{"type":"Point","coordinates":[127.486642765,34.948831081]}},{"type":"Feature","id":"d7a852b5adf1e3b3e5081d58a026e94279e95e39279b0ad0773fa433b99b1ae6-1","properties":{"facility_id":"d7a852b5adf1e3b3e5081d58a026e94279e95e39279b0ad0773fa433b99b1ae6","point_ordinal":1,"zone_group_id":"461501013304","source_manage_no":"461501013304","facility_name":"순천북초등학교","sgg_code":"12150","facility_type_code":"1","api_first_registered_on":"1996-01-01","api_last_modified_on":null,"updated_at":"2026-07-25T01:27:52.347112+00:00"},"geometry":{"type":"Point","coordinates":[127.483532626,34.965251574]}},{"type":"Feature","id":"a987a3a98acc951736cdb332fb221a11c7d893ccd505639fcef2afcb9b42d133-1","properties":{"facility_id":"a987a3a98acc951736cdb332fb221a11c7d893ccd505639fcef2afcb9b42d133","point_ordinal":1,"zone_group_id":"461501013313","source_manage_no":"461501013313","facility_name":"순천삼산초등학교","sgg_code":"12150","facility_type_code":"1","api_first_registered_on":"1997-01-01","api_last_modified_on":null,"updated_at":"2026-07-25T01:27:52.347112+00:00"},"geometry":{"type":"Point","coordinates":[127.488399573,34.965678564]}},{"type":"Feature","id":"02c55a246514d04f830196a5541214b09ef00f2619c99f86d6a083ee731e460e-1","properties":{"facility_id":"02c55a246514d04f830196a5541214b09ef00f2619c99f86d6a083ee731e460e","point_ordinal":1,"zone_group_id":"461502013344","source_manage_no":"461502013344","facility_name":"순천시용당노인복지관","sgg_code":"12150","facility_type_code":"2","api_first_registered_on":"2008-01-01","api_last_modified_on":"2025-06-30","updated_at":"2026-07-25T01:27:52.347112+00:00"},"geometry":{"type":"Point","coordinates":[127.490655828,34.968284813]}},{"type":"Feature","id":"26c65857c24314f9f4991bae5b484e683045d241e7d329c7ca2ba63ab4be81e3-1","properties":{"facility_id":"26c65857c24314f9f4991bae5b484e683045d241e7d329c7ca2ba63ab4be81e3","point_ordinal":1,"zone_group_id":"461501013340","source_manage_no":"461501013340","facility_name":"순천왕운초등학교","sgg_code":"12150","facility_type_code":"1","api_first_registered_on":"2010-01-01","api_last_modified_on":null,"updated_at":"2026-07-25T01:27:52.347112+00:00"},"geometry":{"type":"Point","coordinates":[127.525865191,34.973575681]}},{"type":"Feature","id":"f98f57a1cf35f89f3e872a4a517c445fec4a19e20977dda3d72baaaf846c1ce6-1","properties":{"facility_id":"f98f57a1cf35f89f3e872a4a517c445fec4a19e20977dda3d72baaaf846c1ce6","point_ordinal":1,"zone_group_id":"461501013377","source_manage_no":"461501026727","facility_name":"순천정원유치원","sgg_code":"12150","facility_type_code":"1","api_first_registered_on":null,"api_last_modified_on":null,"updated_at":"2026-07-25T01:27:52.347112+00:00"},"geometry":{"type":"Point","coordinates":[127.500574469,34.94314069]}},{"type":"Feature","id":"16421f8dddc1802b0289695343aa162538a06f1beb80d18f1f7ca66f8f886685-1","properties":{"facility_id":"16421f8dddc1802b0289695343aa162538a06f1beb80d18f1f7ca66f8f886685","point_ordinal":1,"zone_group_id":"461501013377","source_manage_no":"461501013377","facility_name":"순천중앙초등학교","sgg_code":"12150","facility_type_code":"1","api_first_registered_on":"1997-01-01","api_last_modified_on":null,"updated_at":"2026-07-25T01:27:52.347112+00:00"},"geometry":{"type":"Point","coordinates":[127.501243301,34.942869771]}},{"type":"Feature","id":"eeaa21155076dca4a3e8398d0c641f356df81768320f9c00e823e54ec785303b-1","properties":{"facility_id":"eeaa21155076dca4a3e8398d0c641f356df81768320f9c00e823e54ec785303b","point_ordinal":1,"zone_group_id":"461501013345","source_manage_no":"461501013345","facility_name":"숲속어린이집","sgg_code":"12150","facility_type_code":"1","api_first_registered_on":"2012-01-01","api_last_modified_on":null,"updated_at":"2026-07-25T01:27:52.347112+00:00"},"geometry":{"type":"Point","coordinates":[127.500810737,34.978961868]}},{"type":"Feature","id":"720793b357a832c200e0e44af1d14fcee220929f167f67d006fdfc480c98bec2-1","properties":{"facility_id":"720793b357a832c200e0e44af1d14fcee220929f167f67d006fdfc480c98bec2","point_ordinal":1,"zone_group_id":"461501013319","source_manage_no":"461501013319","facility_name":"승주초등학교","sgg_code":"12150","facility_type_code":"1","api_first_registered_on":"1997-01-01","api_last_modified_on":null,"updated_at":"2026-07-25T01:27:52.347112+00:00"},"geometry":{"type":"Point","coordinates":[127.380165737,35.016519755]}},{"type":"Feature","id":"0cf6c3ce8cf1762b628ef96b47caacc63104362d11e8bab526c68fb0c68d08d5-1","properties":{"facility_id":"0cf6c3ce8cf1762b628ef96b47caacc63104362d11e8bab526c68fb0c68d08d5","point_ordinal":1,"zone_group_id":"461501013319","source_manage_no":"461501013321","facility_name":"승주초등학교병설유치원","sgg_code":"12150","facility_type_code":"1","api_first_registered_on":"1997-01-01","api_last_modified_on":null,"updated_at":"2026-07-25T01:27:52.347112+00:00"},"geometry":{"type":"Point","coordinates":[127.380285703,35.016399947]}},{"type":"Feature","id":"a5dcbdf178f1a5b507545e70f23e4135350e8831e2b827ad93eea1d325fc5d2a-1","properties":{"facility_id":"a5dcbdf178f1a5b507545e70f23e4135350e8831e2b827ad93eea1d325fc5d2a","point_ordinal":1,"zone_group_id":"461501022745","source_manage_no":"461501022745","facility_name":"신대초등학교","sgg_code":"12150","facility_type_code":"1","api_first_registered_on":"2019-04-12","api_last_modified_on":null,"updated_at":"2026-07-25T01:27:52.347112+00:00"},"geometry":{"type":"Point","coordinates":[127.545916121,34.938754142]}},{"type":"Feature","id":"6fbd4c3d3cf23d2dcf45b5a3834058b2caa932b9a536d7f7acfe62d62c485565-1","properties":{"facility_id":"6fbd4c3d3cf23d2dcf45b5a3834058b2caa932b9a536d7f7acfe62d62c485565","point_ordinal":1,"zone_group_id":"461501013358","source_manage_no":"461501013358","facility_name":"신흥초등학교","sgg_code":"12150","facility_type_code":"1","api_first_registered_on":"1997-01-01","api_last_modified_on":null,"updated_at":"2026-07-25T01:27:52.347112+00:00"},"geometry":{"type":"Point","coordinates":[127.528731295,34.953887536]}},{"type":"Feature","id":"1df84046aae09fd3780fcf19f41a20104b0660e4676cb995f1430802294f3188-1","properties":{"facility_id":"1df84046aae09fd3780fcf19f41a20104b0660e4676cb995f1430802294f3188","point_ordinal":1,"zone_group_id":"461501013358","source_manage_no":"461501013359","facility_name":"신흥초등학교병설유치원","sgg_code":"12150","facility_type_code":"1","api_first_registered_on":"1997-01-01","api_last_modified_on":null,"updated_at":"2026-07-25T01:27:52.347112+00:00"},"geometry":{"type":"Point","coordinates":[127.528698857,34.953950773]}},{"type":"Feature","id":"713959294afaf0764d635c45e7a0c203cf61801a2e59c1b9ad27778e9e448424-1","properties":{"facility_id":"713959294afaf0764d635c45e7a0c203cf61801a2e59c1b9ad27778e9e448424","point_ordinal":1,"zone_group_id":"461501013339","source_manage_no":"461501013339","facility_name":"아림킨더하우스어린이집","sgg_code":"12150","facility_type_code":"1","api_first_registered_on":"2012-01-01","api_last_modified_on":null,"updated_at":"2026-07-25T01:27:52.347112+00:00"},"geometry":{"type":"Point","coordinates":[127.535824406,34.975764399]}},{"type":"Feature","id":"9da58884d61b90a3d264e1117b050dde119af02cf3dd43a564786dcdf3637f1f-1","properties":{"facility_id":"9da58884d61b90a3d264e1117b050dde119af02cf3dd43a564786dcdf3637f1f","point_ordinal":1,"zone_group_id":"461501022747","source_manage_no":"461501022747","facility_name":"아이미소유치원","sgg_code":"12150","facility_type_code":"1","api_first_registered_on":null,"api_last_modified_on":null,"updated_at":"2026-07-25T01:27:52.347112+00:00"},"geometry":{"type":"Point","coordinates":[127.553151297,34.928544848]}},{"type":"Feature","id":"1d825442f4881d9b1515b2b5621715714e0e83b634bfb971ed4c42009ca5aa1f-1","properties":{"facility_id":"1d825442f4881d9b1515b2b5621715714e0e83b634bfb971ed4c42009ca5aa1f","point_ordinal":1,"zone_group_id":"461501013330","source_manage_no":"461501013330","facility_name":"어린양유치원","sgg_code":"12150","facility_type_code":"1","api_first_registered_on":"2010-01-01","api_last_modified_on":null,"updated_at":"2026-07-25T01:27:52.347112+00:00"},"geometry":{"type":"Point","coordinates":[127.516087172,34.94290884]}},{"type":"Feature","id":"9964b635ddfd45418a62b79d97666aa9ed57eb7c512a2442e75ff0e0c0f095d6-1","properties":{"facility_id":"9964b635ddfd45418a62b79d97666aa9ed57eb7c512a2442e75ff0e0c0f095d6","point_ordinal":1,"zone_group_id":"461501013331","source_manage_no":"461501013331","facility_name":"연향초등학교","sgg_code":"12150","facility_type_code":"1","api_first_registered_on":"1997-01-01","api_last_modified_on":null,"updated_at":"2026-07-25T01:27:52.347112+00:00"},"geometry":{"type":"Point","coordinates":[127.517905215,34.943639006]}},{"type":"Feature","id":"7211029709a6ae5c6c54a77f7b935643badd0ce338898e4752ba695aea162ad5-1","properties":{"facility_id":"7211029709a6ae5c6c54a77f7b935643badd0ce338898e4752ba695aea162ad5","point_ordinal":1,"zone_group_id":"461501013331","source_manage_no":"461501013332","facility_name":"연향초등학교병설유치원","sgg_code":"12150","facility_type_code":"1","api_first_registered_on":"1997-01-01","api_last_modified_on":null,"updated_at":"2026-07-25T01:27:52.347112+00:00"},"geometry":{"type":"Point","coordinates":[127.517870432,34.943765347]}},{"type":"Feature","id":"c5732ba7f5275f2cd5a3165f56bec4d9fdf01b33bbd283fe7a2ad5d53c756225-1","properties":{"facility_id":"c5732ba7f5275f2cd5a3165f56bec4d9fdf01b33bbd283fe7a2ad5d53c756225","point_ordinal":1,"zone_group_id":"461501013379","source_manage_no":"461501013379","facility_name":"예사랑어린이집","sgg_code":"12150","facility_type_code":"1","api_first_registered_on":"2012-01-01","api_last_modified_on":null,"updated_at":"2026-07-25T01:27:52.347112+00:00"},"geometry":{"type":"Point","coordinates":[127.530774122,34.946972911]}},{"type":"Feature","id":"63ea71fe5b0dfb5267f994a96e889a651dd16f99d0b5fdecad0fc3e8a1cd3742-1","properties":{"facility_id":"63ea71fe5b0dfb5267f994a96e889a651dd16f99d0b5fdecad0fc3e8a1cd3742","point_ordinal":1,"zone_group_id":"461501013340","source_manage_no":"461501013341","facility_name":"왕운초등학교병설유치원","sgg_code":"12150","facility_type_code":"1","api_first_registered_on":"2010-01-01","api_last_modified_on":null,"updated_at":"2026-07-25T01:27:52.347112+00:00"},"geometry":{"type":"Point","coordinates":[127.525667667,34.973511187]}},{"type":"Feature","id":"060e2c4e1a288b20cfc67c0f332f29a9c573e7af2408bf96347fe736d56ad66f-1","properties":{"facility_id":"060e2c4e1a288b20cfc67c0f332f29a9c573e7af2408bf96347fe736d56ad66f","point_ordinal":1,"zone_group_id":"461501013360","source_manage_no":"461501013360","facility_name":"왕조초등학교","sgg_code":"12150","facility_type_code":"1","api_first_registered_on":"1997-01-01","api_last_modified_on":null,"updated_at":"2026-07-25T01:27:52.347112+00:00"},"geometry":{"type":"Point","coordinates":[127.514406667,34.960667269]}},{"type":"Feature","id":"1e2a2e779b40115f4233713a2ed7eb92787aa732983d8c413a763140ba0b1079-1","properties":{"facility_id":"1e2a2e779b40115f4233713a2ed7eb92787aa732983d8c413a763140ba0b1079","point_ordinal":1,"zone_group_id":"461501013360","source_manage_no":"461501023034","facility_name":"왕조초등학교 병설유치원","sgg_code":"12150","facility_type_code":"1","api_first_registered_on":null,"api_last_modified_on":null,"updated_at":"2026-07-25T01:27:52.347112+00:00"},"geometry":{"type":"Point","coordinates":[127.514451147,34.96055158]}},{"type":"Feature","id":"ecfc65a579b376901c9d524e019ae95eb1aedb6fd4b54eaf1f21fd4cbb8ae17f-1","properties":{"facility_id":"ecfc65a579b376901c9d524e019ae95eb1aedb6fd4b54eaf1f21fd4cbb8ae17f","point_ordinal":1,"zone_group_id":"461501013362","source_manage_no":"461501013362","facility_name":"왕지초등학교","sgg_code":"12150","facility_type_code":"1","api_first_registered_on":"2000-01-01","api_last_modified_on":null,"updated_at":"2026-07-25T01:27:52.347112+00:00"},"geometry":{"type":"Point","coordinates":[127.534819066,34.957418652]}},{"type":"Feature","id":"d7f352d2534b731850080833d9d97e7a16a6ea86a57eac3451efc52273629a87-1","properties":{"facility_id":"d7f352d2534b731850080833d9d97e7a16a6ea86a57eac3451efc52273629a87","point_ordinal":1,"zone_group_id":"461501013362","source_manage_no":"461501013363","facility_name":"왕지초등학교병설유치원","sgg_code":"12150","facility_type_code":"1","api_first_registered_on":"2000-01-01","api_last_modified_on":null,"updated_at":"2026-07-25T01:27:52.347112+00:00"},"geometry":{"type":"Point","coordinates":[127.534819739,34.957522308]}},{"type":"Feature","id":"d72461aecbb8f1d7a1d69a26313e2db07b2c4aa46496a29a099d035453ad4645-1","properties":{"facility_id":"d72461aecbb8f1d7a1d69a26313e2db07b2c4aa46496a29a099d035453ad4645","point_ordinal":1,"zone_group_id":"461501013342","source_manage_no":"461501013342","facility_name":"외서초등학교","sgg_code":"12150","facility_type_code":"1","api_first_registered_on":"1998-01-01","api_last_modified_on":null,"updated_at":"2026-07-25T01:27:52.347112+00:00"},"geometry":{"type":"Point","coordinates":[127.273365596,34.915582817]}},{"type":"Feature","id":"d8839a211366442860e91bb2014b41b69f727ecea59cdbf5e50f060731124a09-1","properties":{"facility_id":"d8839a211366442860e91bb2014b41b69f727ecea59cdbf5e50f060731124a09","point_ordinal":1,"zone_group_id":"461501013342","source_manage_no":"461501013343","facility_name":"외서초등학교병설유치원","sgg_code":"12150","facility_type_code":"1","api_first_registered_on":"1998-01-01","api_last_modified_on":null,"updated_at":"2026-07-25T01:27:52.347112+00:00"},"geometry":{"type":"Point","coordinates":[127.273776159,34.915642736]}},{"type":"Feature","id":"ef09cff3d1930c54f2df38cea0b82d109adbaef5c8bec564e153a81dbc56f195-1","properties":{"facility_id":"ef09cff3d1930c54f2df38cea0b82d109adbaef5c8bec564e153a81dbc56f195","point_ordinal":1,"zone_group_id":"461501013346","source_manage_no":"461501013346","facility_name":"용당초등학교","sgg_code":"12150","facility_type_code":"1","api_first_registered_on":"2010-01-01","api_last_modified_on":null,"updated_at":"2026-07-25T01:27:52.347112+00:00"},"geometry":{"type":"Point","coordinates":[127.49092894,34.975093034]}},{"type":"Feature","id":"7cc8724cc8a9750698ce59813d5641022ed209afe65435f76b93756120d33d63-1","properties":{"facility_id":"7cc8724cc8a9750698ce59813d5641022ed209afe65435f76b93756120d33d63","point_ordinal":1,"zone_group_id":"461501029352","source_manage_no":"461501029352","facility_name":"우석·가곡어린이집","sgg_code":"12150","facility_type_code":"1","api_first_registered_on":null,"api_last_modified_on":"2025-07-01","updated_at":"2026-07-25T01:27:52.347112+00:00"},"geometry":{"type":"Point","coordinates":[127.48915574,34.9854684]}},{"type":"Feature","id":"f7d74e76d2820c7a1af217061dff3fd93f7d6ad9521517c58d6d4e975c3f6640-1","properties":{"facility_id":"f7d74e76d2820c7a1af217061dff3fd93f7d6ad9521517c58d6d4e975c3f6640","point_ordinal":1,"zone_group_id":"461501013347","source_manage_no":"461501013347","facility_name":"월등초등학교","sgg_code":"12150","facility_type_code":"1","api_first_registered_on":"1998-01-01","api_last_modified_on":null,"updated_at":"2026-07-25T01:27:52.347112+00:00"},"geometry":{"type":"Point","coordinates":[127.378682169,35.092837153]}},{"type":"Feature","id":"2aa657e4bfb370e18e6d6bae09bd3d114a74d990126a331a6548775e3f1180a3-1","properties":{"facility_id":"2aa657e4bfb370e18e6d6bae09bd3d114a74d990126a331a6548775e3f1180a3","point_ordinal":1,"zone_group_id":"461501013347","source_manage_no":"461501013348","facility_name":"월등초등학교병설유치원","sgg_code":"12150","facility_type_code":"1","api_first_registered_on":"1998-01-01","api_last_modified_on":null,"updated_at":"2026-07-25T01:27:52.347112+00:00"},"geometry":{"type":"Point","coordinates":[127.37899978,35.092746024]}},{"type":"Feature","id":"e62f809744decc6234adff3e97b5bdf51d49675bc247dc1c6c4710d159de63ac-1","properties":{"facility_id":"e62f809744decc6234adff3e97b5bdf51d49675bc247dc1c6c4710d159de63ac","point_ordinal":1,"zone_group_id":"461501013333","source_manage_no":"461501013333","facility_name":"율산유치원","sgg_code":"12150","facility_type_code":"1","api_first_registered_on":"2001-01-01","api_last_modified_on":null,"updated_at":"2026-07-25T01:27:52.347112+00:00"},"geometry":{"type":"Point","coordinates":[127.526346837,34.938154811]}},{"type":"Feature","id":"295b722495814dfa6fedce3d141532e15f5d7f793127011677edd22ab4fc6679-1","properties":{"facility_id":"295b722495814dfa6fedce3d141532e15f5d7f793127011677edd22ab4fc6679","point_ordinal":1,"zone_group_id":"461501013334","source_manage_no":"461501013334","facility_name":"율산초등학교","sgg_code":"12150","facility_type_code":"1","api_first_registered_on":"2003-01-01","api_last_modified_on":null,"updated_at":"2026-07-25T01:27:52.347112+00:00"},"geometry":{"type":"Point","coordinates":[127.526346837,34.938154811]}},{"type":"Feature","id":"e27bbdefd12e59a890d99c8fc4ecdb2c47a8700ea58ed40e623b2f87710dd613-1","properties":{"facility_id":"e27bbdefd12e59a890d99c8fc4ecdb2c47a8700ea58ed40e623b2f87710dd613","point_ordinal":1,"zone_group_id":"461501013366","source_manage_no":"461501013366","facility_name":"으뜸어린이집","sgg_code":"12150","facility_type_code":"1","api_first_registered_on":"2012-01-01","api_last_modified_on":null,"updated_at":"2026-07-25T01:27:52.347112+00:00"},"geometry":{"type":"Point","coordinates":[127.520485383,34.970312379]}},{"type":"Feature","id":"26268cf5a0b6793466273972b65a7fb9d250268ed4799c1840a276126586284e-1","properties":{"facility_id":"26268cf5a0b6793466273972b65a7fb9d250268ed4799c1840a276126586284e","point_ordinal":1,"zone_group_id":"461501013364","source_manage_no":"461501013364","facility_name":"이수초등학교","sgg_code":"12150","facility_type_code":"1","api_first_registered_on":"1998-01-01","api_last_modified_on":null,"updated_at":"2026-07-25T01:27:52.347112+00:00"},"geometry":{"type":"Point","coordinates":[127.51227522,34.949997017]}},{"type":"Feature","id":"4121e378333e3680a9e871450fb8ffdbbdae00aa2a3cb8c85d0eb38994939d0a-1","properties":{"facility_id":"4121e378333e3680a9e871450fb8ffdbbdae00aa2a3cb8c85d0eb38994939d0a","point_ordinal":1,"zone_group_id":"461501013364","source_manage_no":"461501013365","facility_name":"이수초등학교병설유치원","sgg_code":"12150","facility_type_code":"1","api_first_registered_on":"1998-01-01","api_last_modified_on":null,"updated_at":"2026-07-25T01:27:52.347112+00:00"},"geometry":{"type":"Point","coordinates":[127.512277228,34.94987983]}},{"type":"Feature","id":"f5b5810eae55a26fc9f856000e7eb4796e5a2c72c27be9ec552cd97e6c4e8f55-1","properties":{"facility_id":"f5b5810eae55a26fc9f856000e7eb4796e5a2c72c27be9ec552cd97e6c4e8f55","point_ordinal":1,"zone_group_id":"461501013349","source_manage_no":"461501013349","facility_name":"인안초등학교","sgg_code":"12150","facility_type_code":"1","api_first_registered_on":"1998-01-01","api_last_modified_on":null,"updated_at":"2026-07-25T01:27:52.347112+00:00"},"geometry":{"type":"Point","coordinates":[127.480453797,34.889802717]}},{"type":"Feature","id":"9edc0c76ea5ce21d316f14b67fdac1faa073e970cb2c8e3f37fb718af485aacb-1","properties":{"facility_id":"9edc0c76ea5ce21d316f14b67fdac1faa073e970cb2c8e3f37fb718af485aacb","point_ordinal":1,"zone_group_id":"461502026733","source_manage_no":"461502026733","facility_name":"인제노인복지센터","sgg_code":"12150","facility_type_code":"2","api_first_registered_on":null,"api_last_modified_on":"2025-10-20","updated_at":"2026-07-25T01:27:52.347112+00:00"},"geometry":{"type":"Point","coordinates":[127.48426472,34.946270426]}},{"type":"Feature","id":"03b21d9162ad3a503d009ecd950fde0393ee474ea1a85a8630ed3d368bdcb795-1","properties":{"facility_id":"03b21d9162ad3a503d009ecd950fde0393ee474ea1a85a8630ed3d368bdcb795","point_ordinal":1,"zone_group_id":"461501013331","source_manage_no":"461501013335","facility_name":"장미유치원","sgg_code":"12150","facility_type_code":"1","api_first_registered_on":"1999-01-01","api_last_modified_on":null,"updated_at":"2026-07-25T01:27:52.347112+00:00"},"geometry":{"type":"Point","coordinates":[127.51805866,34.944225122]}},{"type":"Feature","id":"93fd26e879d6c14e054e28c814cc9d89bc2f7a735307028a4114cc711172882d-1","properties":{"facility_id":"93fd26e879d6c14e054e28c814cc9d89bc2f7a735307028a4114cc711172882d","point_ordinal":1,"zone_group_id":"461502026734","source_manage_no":"461502026734","facility_name":"조례노인복지센터","sgg_code":"12150","facility_type_code":"2","api_first_registered_on":null,"api_last_modified_on":"2025-10-20","updated_at":"2026-07-25T01:27:52.347112+00:00"},"geometry":{"type":"Point","coordinates":[127.516662315,34.960484802]}},{"type":"Feature","id":"18ba46454a21876dbd670b40e27d0f8562a9a5cca145b266d90e0c320c358dbd-1","properties":{"facility_id":"18ba46454a21876dbd670b40e27d0f8562a9a5cca145b266d90e0c320c358dbd","point_ordinal":1,"zone_group_id":"461501013367","source_manage_no":"461501013367","facility_name":"조례초등학교","sgg_code":"12150","facility_type_code":"1","api_first_registered_on":"2008-01-01","api_last_modified_on":null,"updated_at":"2026-07-25T01:27:52.347112+00:00"},"geometry":{"type":"Point","coordinates":[127.522820746,34.955178501]}},{"type":"Feature","id":"07a419c366902e0b531551b1432f5cdb45688a622a219893415cb0e40f92893c-1","properties":{"facility_id":"07a419c366902e0b531551b1432f5cdb45688a622a219893415cb0e40f92893c","point_ordinal":1,"zone_group_id":"461501013367","source_manage_no":"461501013368","facility_name":"조례초등학교병설유치원","sgg_code":"12150","facility_type_code":"1","api_first_registered_on":"2008-01-01","api_last_modified_on":null,"updated_at":"2026-07-25T01:27:52.347112+00:00"},"geometry":{"type":"Point","coordinates":[127.522869282,34.955063366]}},{"type":"Feature","id":"b199c0355b9fcdf3bc4882bb18820bc49e435e521637c57d517cb07a53218ab1-1","properties":{"facility_id":"b199c0355b9fcdf3bc4882bb18820bc49e435e521637c57d517cb07a53218ab1","point_ordinal":1,"zone_group_id":"461501013383","source_manage_no":"461501013383","facility_name":"좌야초등학교","sgg_code":"12150","facility_type_code":"1","api_first_registered_on":"2015-01-01","api_last_modified_on":null,"updated_at":"2026-07-25T01:27:52.347112+00:00"},"geometry":{"type":"Point","coordinates":[127.545035523,34.931259922]}},{"type":"Feature","id":"cd9de29cf7bd23016ffbf552037388b539ad18be7b92a5a0e544755591ed2836-1","properties":{"facility_id":"cd9de29cf7bd23016ffbf552037388b539ad18be7b92a5a0e544755591ed2836","point_ordinal":1,"zone_group_id":"461501013370","source_manage_no":"461501013370","facility_name":"주암창촌초등학교","sgg_code":"12150","facility_type_code":"1","api_first_registered_on":"1998-01-01","api_last_modified_on":null,"updated_at":"2026-07-25T01:27:52.347112+00:00"},"geometry":{"type":"Point","coordinates":[127.278397064,35.059702498]}},{"type":"Feature","id":"1030ef8c98f03bc83252374035283d8adddee8047f456a10b53b91437141a32d-1","properties":{"facility_id":"1030ef8c98f03bc83252374035283d8adddee8047f456a10b53b91437141a32d","point_ordinal":1,"zone_group_id":"461501013371","source_manage_no":"461501013371","facility_name":"주암초등학교","sgg_code":"12150","facility_type_code":"1","api_first_registered_on":"1997-01-01","api_last_modified_on":null,"updated_at":"2026-07-25T01:27:52.347112+00:00"},"geometry":{"type":"Point","coordinates":[127.24005011,35.075764621]}},{"type":"Feature","id":"48cf903561413c707a8c12aec618634f84ac6c4a8258eac041751b47d3a4d294-1","properties":{"facility_id":"48cf903561413c707a8c12aec618634f84ac6c4a8258eac041751b47d3a4d294","point_ordinal":1,"zone_group_id":"461501013371","source_manage_no":"461501013372","facility_name":"주암초등학교병설유치원","sgg_code":"12150","facility_type_code":"1","api_first_registered_on":"1997-01-01","api_last_modified_on":null,"updated_at":"2026-07-25T01:27:52.347112+00:00"},"geometry":{"type":"Point","coordinates":[127.239888254,35.075719873]}},{"type":"Feature","id":"a3eaf93ba12f0bf50039bdda1fdbeb98e9eb7a7f0e0079e846aff8cc4d7fe03a-1","properties":{"facility_id":"a3eaf93ba12f0bf50039bdda1fdbeb98e9eb7a7f0e0079e846aff8cc4d7fe03a","point_ordinal":1,"zone_group_id":"461501013370","source_manage_no":"461501013373","facility_name":"창촌초등학교병설유치원","sgg_code":"12150","facility_type_code":"1","api_first_registered_on":"1998-01-01","api_last_modified_on":null,"updated_at":"2026-07-25T01:27:52.347112+00:00"},"geometry":{"type":"Point","coordinates":[127.27798012,35.059590782]}},{"type":"Feature","id":"7cabcad530c97a329a9821ad09b7b08f7e22585c7cee6c398bf82392018abdf4-1","properties":{"facility_id":"7cabcad530c97a329a9821ad09b7b08f7e22585c7cee6c398bf82392018abdf4","point_ordinal":1,"zone_group_id":"461501013384","source_manage_no":"461501013384","facility_name":"코끼리어린이집","sgg_code":"12150","facility_type_code":"1","api_first_registered_on":"2012-01-01","api_last_modified_on":null,"updated_at":"2026-07-25T01:27:52.347112+00:00"},"geometry":{"type":"Point","coordinates":[127.542557013,34.944886307]}},{"type":"Feature","id":"8c7f720b7ecdaedf47a5fec871c1971ec5d2d879563974483b5600d924861f5f-1","properties":{"facility_id":"8c7f720b7ecdaedf47a5fec871c1971ec5d2d879563974483b5600d924861f5f","point_ordinal":1,"zone_group_id":"461501026729","source_manage_no":"461501026729","facility_name":"파란나라어린이집","sgg_code":"12150","facility_type_code":"1","api_first_registered_on":null,"api_last_modified_on":null,"updated_at":"2026-07-25T01:27:52.347112+00:00"},"geometry":{"type":"Point","coordinates":[127.527223565,34.960182653]}},{"type":"Feature","id":"2dc89e9d692ad8012793d74fc7bf3318d5f71082a03cff79f209def615f5a2f5-1","properties":{"facility_id":"2dc89e9d692ad8012793d74fc7bf3318d5f71082a03cff79f209def615f5a2f5","point_ordinal":1,"zone_group_id":"461501013385","source_manage_no":"461501013385","facility_name":"팔마초등학교","sgg_code":"12150","facility_type_code":"1","api_first_registered_on":"2000-01-01","api_last_modified_on":null,"updated_at":"2026-07-25T01:27:52.347112+00:00"},"geometry":{"type":"Point","coordinates":[127.530406937,34.950687502]}},{"type":"Feature","id":"5387c92da947c0c46bdb94ef53392f1879c6844e2688246fd029b544d3c1ff80-1","properties":{"facility_id":"5387c92da947c0c46bdb94ef53392f1879c6844e2688246fd029b544d3c1ff80","point_ordinal":1,"zone_group_id":"461501013385","source_manage_no":"461501013386","facility_name":"팔마초등학교병설유치원","sgg_code":"12150","facility_type_code":"1","api_first_registered_on":"2000-01-01","api_last_modified_on":null,"updated_at":"2026-07-25T01:27:52.347112+00:00"},"geometry":{"type":"Point","coordinates":[127.530206096,34.950949778]}},{"type":"Feature","id":"63b63e835c841b984fc3e86601752720a29d032bb73fb8cbce2f2f51728d730b-1","properties":{"facility_id":"63b63e835c841b984fc3e86601752720a29d032bb73fb8cbce2f2f51728d730b","point_ordinal":1,"zone_group_id":"461501026726","source_manage_no":"461501026726","facility_name":"풍덕어린이집","sgg_code":"12150","facility_type_code":"1","api_first_registered_on":null,"api_last_modified_on":null,"updated_at":"2026-07-25T01:27:52.347112+00:00"},"geometry":{"type":"Point","coordinates":[127.501362525,34.944452805]}},{"type":"Feature","id":"4bb916bfcb8936449761c391ea416a3ff90d068024e931afb4ef7c6873fbae4d-1","properties":{"facility_id":"4bb916bfcb8936449761c391ea416a3ff90d068024e931afb4ef7c6873fbae4d","point_ordinal":1,"zone_group_id":"461501013336","source_manage_no":"461501013336","facility_name":"풍덕초등학교","sgg_code":"12150","facility_type_code":"1","api_first_registered_on":"2008-01-01","api_last_modified_on":null,"updated_at":"2026-07-25T01:27:52.347112+00:00"},"geometry":{"type":"Point","coordinates":[127.512918608,34.932924703]}},{"type":"Feature","id":"81b73bbe1e75aca26f0356b651acb15a71e825113853a1792c1bdf96efa6e2fb-1","properties":{"facility_id":"81b73bbe1e75aca26f0356b651acb15a71e825113853a1792c1bdf96efa6e2fb","point_ordinal":1,"zone_group_id":"461501013336","source_manage_no":"461501013337","facility_name":"풍덕초등학교병설유치원","sgg_code":"12150","facility_type_code":"1","api_first_registered_on":"2008-01-01","api_last_modified_on":null,"updated_at":"2026-07-25T01:27:52.347112+00:00"},"geometry":{"type":"Point","coordinates":[127.512964521,34.932827611]}},{"type":"Feature","id":"02e3dc3c9dc8c4b0086b6c866b6c267f9b4abf0c4671b83a10ce0a9bc3e62634-1","properties":{"facility_id":"02e3dc3c9dc8c4b0086b6c866b6c267f9b4abf0c4671b83a10ce0a9bc3e62634","point_ordinal":1,"zone_group_id":"461501013387","source_manage_no":"461501013387","facility_name":"하나둘셋어린이집","sgg_code":"12150","facility_type_code":"1","api_first_registered_on":"2012-01-01","api_last_modified_on":null,"updated_at":"2026-07-25T01:27:52.347112+00:00"},"geometry":{"type":"Point","coordinates":[127.536489094,34.942940496]}},{"type":"Feature","id":"af18dbb29951d9082a01f19901cc9c7373f482af98a041b1f8fa0eb2868e3b2a-1","properties":{"facility_id":"af18dbb29951d9082a01f19901cc9c7373f482af98a041b1f8fa0eb2868e3b2a","point_ordinal":1,"zone_group_id":"461501013315","source_manage_no":"461501013315","facility_name":"한빛어린이집","sgg_code":"12150","facility_type_code":"1","api_first_registered_on":"2012-01-01","api_last_modified_on":null,"updated_at":"2026-07-25T01:27:52.347112+00:00"},"geometry":{"type":"Point","coordinates":[127.484936642,34.973460275]}},{"type":"Feature","id":"fb930269afd30cdc9c8dff9b93ec2813b183d0a31ec3215a88b753ea3e9f2c9c-1","properties":{"facility_id":"fb930269afd30cdc9c8dff9b93ec2813b183d0a31ec3215a88b753ea3e9f2c9c","point_ordinal":1,"zone_group_id":"461501013369","source_manage_no":"461501013369","facility_name":"해나라유치원","sgg_code":"12150","facility_type_code":"1","api_first_registered_on":"1999-01-01","api_last_modified_on":null,"updated_at":"2026-07-25T01:27:52.347112+00:00"},"geometry":{"type":"Point","coordinates":[127.529725955,34.955810335]}},{"type":"Feature","id":"cdc08f6025434ed04bfcf0791ea88303607f990824ac049ced39556c21925d65-1","properties":{"facility_id":"cdc08f6025434ed04bfcf0791ea88303607f990824ac049ced39556c21925d65","point_ordinal":1,"zone_group_id":"461501013388","source_manage_no":"461501013388","facility_name":"해룡초등학교","sgg_code":"12150","facility_type_code":"1","api_first_registered_on":"1998-01-01","api_last_modified_on":null,"updated_at":"2026-07-25T01:27:52.347112+00:00"},"geometry":{"type":"Point","coordinates":[127.536118845,34.913431214]}},{"type":"Feature","id":"a67da485bc0f4957efb90e3a4c2bc60ed58c838e174e538cacab03daba7d758f-1","properties":{"facility_id":"a67da485bc0f4957efb90e3a4c2bc60ed58c838e174e538cacab03daba7d758f","point_ordinal":1,"zone_group_id":"461501013388","source_manage_no":"461501013389","facility_name":"해룡초등학교병설유치원","sgg_code":"12150","facility_type_code":"1","api_first_registered_on":"1998-01-01","api_last_modified_on":null,"updated_at":"2026-07-25T01:27:52.347112+00:00"},"geometry":{"type":"Point","coordinates":[127.53622435,34.913669615]}},{"type":"Feature","id":"4b9ae93ba5d4bc49a97b0af084f0ed117bf10db7da7dc82bebfacf9c2427637f-1","properties":{"facility_id":"4b9ae93ba5d4bc49a97b0af084f0ed117bf10db7da7dc82bebfacf9c2427637f","point_ordinal":1,"zone_group_id":"461501013316","source_manage_no":"461501013316","facility_name":"향림초등학교","sgg_code":"12150","facility_type_code":"1","api_first_registered_on":"2006-01-01","api_last_modified_on":null,"updated_at":"2026-07-25T01:27:52.347112+00:00"},"geometry":{"type":"Point","coordinates":[127.475219549,34.972989771]}},{"type":"Feature","id":"30d8cdbc2ff6bc20371080cee36130579d34b7374739d8c8242ad4c31d31e47c-1","properties":{"facility_id":"30d8cdbc2ff6bc20371080cee36130579d34b7374739d8c8242ad4c31d31e47c","point_ordinal":1,"zone_group_id":"461501029351","source_manage_no":"461501029351","facility_name":"현대제철순천어린이집","sgg_code":"12150","facility_type_code":"1","api_first_registered_on":null,"api_last_modified_on":"2025-07-01","updated_at":"2026-07-25T01:27:52.347112+00:00"},"geometry":{"type":"Point","coordinates":[127.552359888,34.934712432]}},{"type":"Feature","id":"fc6f15c693e3994e507edcd8283e415a1bfe933039e560147e32d551393f5d4a-1","properties":{"facility_id":"fc6f15c693e3994e507edcd8283e415a1bfe933039e560147e32d551393f5d4a","point_ordinal":1,"zone_group_id":"461501013395","source_manage_no":"461501013395","facility_name":"황전초등학교","sgg_code":"12150","facility_type_code":"1","api_first_registered_on":"1998-01-01","api_last_modified_on":null,"updated_at":"2026-07-25T01:27:52.347112+00:00"},"geometry":{"type":"Point","coordinates":[127.42964705,35.10004491]}},{"type":"Feature","id":"8fb52ab1f8f0db0f0d1d68322dd545980c1af50b45bc1bcfdcb9fe9b17e90072-1","properties":{"facility_id":"8fb52ab1f8f0db0f0d1d68322dd545980c1af50b45bc1bcfdcb9fe9b17e90072","point_ordinal":1,"zone_group_id":"461501013395","source_manage_no":"461501013396","facility_name":"황전초등학교병설유치원","sgg_code":"12150","facility_type_code":"1","api_first_registered_on":"1998-01-01","api_last_modified_on":null,"updated_at":"2026-07-25T01:27:52.347112+00:00"},"geometry":{"type":"Point","coordinates":[127.429832762,35.099904541]}},{"type":"Feature","id":"85613352d928de67347973450c9d227b59ea60ec4aebe98ba6981da345dc24b3-1","properties":{"facility_id":"85613352d928de67347973450c9d227b59ea60ec4aebe98ba6981da345dc24b3","point_ordinal":1,"zone_group_id":"461502029349","source_manage_no":"461502029349","facility_name":"휴데이케어센터","sgg_code":"12150","facility_type_code":"2","api_first_registered_on":null,"api_last_modified_on":"2025-07-01","updated_at":"2026-07-25T01:27:52.347112+00:00"},"geometry":{"type":"Point","coordinates":[127.473790004,34.975296465]}},{"type":"Feature","id":"600d63000811a7aec8315cf4f87bd6c776756d5f683317fc29126bae3ddf6c1d-1","properties":{"facility_id":"600d63000811a7aec8315cf4f87bd6c776756d5f683317fc29126bae3ddf6c1d","point_ordinal":1,"zone_group_id":"461701013056","source_manage_no":"461701013056","facility_name":"공산초등학교","sgg_code":"12170","facility_type_code":"1","api_first_registered_on":"1996-06-15","api_last_modified_on":null,"updated_at":"2026-07-25T01:27:52.347112+00:00"},"geometry":{"type":"Point","coordinates":[126.612221107,34.941532555]}},{"type":"Feature","id":"d2e838ba53adb9ed8673422348cb7a4a322337f7e3563076a993db1b81f971ef-1","properties":{"facility_id":"d2e838ba53adb9ed8673422348cb7a4a322337f7e3563076a993db1b81f971ef","point_ordinal":1,"zone_group_id":"461701013056","source_manage_no":"461701023278","facility_name":"공산초등학교 병설유치원","sgg_code":"12170","facility_type_code":"1","api_first_registered_on":null,"api_last_modified_on":null,"updated_at":"2026-07-25T01:27:52.347112+00:00"},"geometry":{"type":"Point","coordinates":[126.612293365,34.941555306]}},{"type":"Feature","id":"a0bf2db2eeb9fe8f0a5f35fa720d60512b6adf65af35df158f0084135c473151-1","properties":{"facility_id":"a0bf2db2eeb9fe8f0a5f35fa720d60512b6adf65af35df158f0084135c473151","point_ordinal":1,"zone_group_id":"461701013058","source_manage_no":"461701013058","facility_name":"금천초등학교","sgg_code":"12170","facility_type_code":"1","api_first_registered_on":"1998-03-14","api_last_modified_on":null,"updated_at":"2026-07-25T01:27:52.347112+00:00"},"geometry":{"type":"Point","coordinates":[126.754096955,35.033253651]}},{"type":"Feature","id":"666006a93691fa856c1a275ae791b78fe74b94ed8dcfa6aee8fcc40368a5c03e-1","properties":{"facility_id":"666006a93691fa856c1a275ae791b78fe74b94ed8dcfa6aee8fcc40368a5c03e","point_ordinal":1,"zone_group_id":"461701013058","source_manage_no":"461701023277","facility_name":"금천초등학교 병설유치원","sgg_code":"12170","facility_type_code":"1","api_first_registered_on":null,"api_last_modified_on":null,"updated_at":"2026-07-25T01:27:52.347112+00:00"},"geometry":{"type":"Point","coordinates":[126.754137468,35.033291558]}},{"type":"Feature","id":"f01e9f90eec033e7fddc8a23ec078107017447ac0183a382a05dc55875da3486-1","properties":{"facility_id":"f01e9f90eec033e7fddc8a23ec078107017447ac0183a382a05dc55875da3486","point_ordinal":1,"zone_group_id":"461701018995","source_manage_no":"461701018995","facility_name":"나주북초등학교","sgg_code":"12170","facility_type_code":"1","api_first_registered_on":"2019-12-30","api_last_modified_on":"2025-09-18","updated_at":"2026-07-25T01:27:52.347112+00:00"},"geometry":{"type":"Point","coordinates":[126.727508566,35.04790567]}},{"type":"Feature","id":"d8af8078873901a455e2de83a4ae28ac15dcea8739db445188386560c2f2c189-1","properties":{"facility_id":"d8af8078873901a455e2de83a4ae28ac15dcea8739db445188386560c2f2c189","point_ordinal":1,"zone_group_id":"461701013059","source_manage_no":"461701023547","facility_name":"나주소영어린이집","sgg_code":"12170","facility_type_code":"1","api_first_registered_on":null,"api_last_modified_on":null,"updated_at":"2026-07-25T01:27:52.347112+00:00"},"geometry":{"type":"Point","coordinates":[126.717930072,35.028442267]}},{"type":"Feature","id":"372e6f141559e0468b9e8fab324ace0f7a0065e4ecd5f4d8d7c1c4aeeedc2f58-1","properties":{"facility_id":"372e6f141559e0468b9e8fab324ace0f7a0065e4ecd5f4d8d7c1c4aeeedc2f58","point_ordinal":1,"zone_group_id":"461702013057","source_manage_no":"461702013057","facility_name":"나주시중부노인복지회관","sgg_code":"12170","facility_type_code":"2","api_first_registered_on":"2016-01-01","api_last_modified_on":null,"updated_at":"2026-07-25T01:27:52.347112+00:00"},"geometry":{"type":"Point","coordinates":[126.717582905,35.035232886]}},{"type":"Feature","id":"2920ef027ce7f947b3ad5c8bce4cc72ad10be6c1753dab561282a9dfb24c5c4a-1","properties":{"facility_id":"2920ef027ce7f947b3ad5c8bce4cc72ad10be6c1753dab561282a9dfb24c5c4a","point_ordinal":1,"zone_group_id":"461701013059","source_manage_no":"461701023546","facility_name":"나주이화유치원","sgg_code":"12170","facility_type_code":"1","api_first_registered_on":null,"api_last_modified_on":null,"updated_at":"2026-07-25T01:27:52.347112+00:00"},"geometry":{"type":"Point","coordinates":[126.71779906,35.026706814]}},{"type":"Feature","id":"026daba35852cd0d80a26ad51953bbd3f251edb662812a2a2fca611881f0d9f6-1","properties":{"facility_id":"026daba35852cd0d80a26ad51953bbd3f251edb662812a2a2fca611881f0d9f6","point_ordinal":1,"zone_group_id":"461701013073","source_manage_no":"461701013073","facility_name":"나주이화학교","sgg_code":"12170","facility_type_code":"1","api_first_registered_on":"2014-03-07","api_last_modified_on":null,"updated_at":"2026-07-25T01:27:52.347112+00:00"},"geometry":{"type":"Point","coordinates":[126.822445328,35.011273887]}},{"type":"Feature","id":"6b7d694898865efa01eed97444f07d3a0c02a50ff3d523f117b443ffe713d61b-1","properties":{"facility_id":"6b7d694898865efa01eed97444f07d3a0c02a50ff3d523f117b443ffe713d61b","point_ordinal":1,"zone_group_id":"461701013076","source_manage_no":"461701013076","facility_name":"나주중앙초등학교","sgg_code":"12170","facility_type_code":"1","api_first_registered_on":"1996-06-15","api_last_modified_on":null,"updated_at":"2026-07-25T01:27:52.347112+00:00"},"geometry":{"type":"Point","coordinates":[126.718268238,35.038095723]}},{"type":"Feature","id":"81dd47d029c890d2998b1e7b5110e8ea7a275d1d0f5681262a3f7bba97b4099e-1","properties":{"facility_id":"81dd47d029c890d2998b1e7b5110e8ea7a275d1d0f5681262a3f7bba97b4099e","point_ordinal":1,"zone_group_id":"461701013059","source_manage_no":"461701013059","facility_name":"나주초등학교","sgg_code":"12170","facility_type_code":"1","api_first_registered_on":"1996-06-15","api_last_modified_on":null,"updated_at":"2026-07-25T01:27:52.347112+00:00"},"geometry":{"type":"Point","coordinates":[126.719073449,35.027731474]}},{"type":"Feature","id":"821434c91a7a37d2d439e968878e57a3c105131c75d5c4f37c30d3e53f3eedc5-1","properties":{"facility_id":"821434c91a7a37d2d439e968878e57a3c105131c75d5c4f37c30d3e53f3eedc5","point_ordinal":1,"zone_group_id":"461701013060","source_manage_no":"461701013060","facility_name":"남평초등학교","sgg_code":"12170","facility_type_code":"1","api_first_registered_on":"1996-06-15","api_last_modified_on":null,"updated_at":"2026-07-25T01:27:52.347112+00:00"},"geometry":{"type":"Point","coordinates":[126.845468682,35.041968535]}},{"type":"Feature","id":"ac2133af8127141e04b1bb361bae10ec7ff30a9967d0ccba4f4ff8518b3de2d0-1","properties":{"facility_id":"ac2133af8127141e04b1bb361bae10ec7ff30a9967d0ccba4f4ff8518b3de2d0","point_ordinal":1,"zone_group_id":"461701013060","source_manage_no":"461701023276","facility_name":"남평초등학교 병설유치원","sgg_code":"12170","facility_type_code":"1","api_first_registered_on":null,"api_last_modified_on":null,"updated_at":"2026-07-25T01:27:52.347112+00:00"},"geometry":{"type":"Point","coordinates":[126.84553348,35.041958076]}},{"type":"Feature","id":"7600c8815dc25185e45fa5d16a425d93c352c213b2b780f5ff2f4e812906ce57-1","properties":{"facility_id":"7600c8815dc25185e45fa5d16a425d93c352c213b2b780f5ff2f4e812906ce57","point_ordinal":1,"zone_group_id":"461701013061","source_manage_no":"461701013061","facility_name":"노안남초등학교","sgg_code":"12170","facility_type_code":"1","api_first_registered_on":"1997-03-17","api_last_modified_on":null,"updated_at":"2026-07-25T01:27:52.347112+00:00"},"geometry":{"type":"Point","coordinates":[126.750994189,35.066913416]}},{"type":"Feature","id":"aa9ee86ca38fe753b16a1b542dfc04acaca66e11e41d6084dda6e015127a115a-1","properties":{"facility_id":"aa9ee86ca38fe753b16a1b542dfc04acaca66e11e41d6084dda6e015127a115a","point_ordinal":1,"zone_group_id":"461701013061","source_manage_no":"461701023275","facility_name":"노안남초등학교 병설유치원","sgg_code":"12170","facility_type_code":"1","api_first_registered_on":null,"api_last_modified_on":null,"updated_at":"2026-07-25T01:27:52.347112+00:00"},"geometry":{"type":"Point","coordinates":[126.751038333,35.066886175]}},{"type":"Feature","id":"02b1544622dd822451d84944888011c8f1b36fd46c48846e88b530f655f1a14e-1","properties":{"facility_id":"02b1544622dd822451d84944888011c8f1b36fd46c48846e88b530f655f1a14e","point_ordinal":1,"zone_group_id":"461701013062","source_manage_no":"461701013062","facility_name":"노안초등학교","sgg_code":"12170","facility_type_code":"1","api_first_registered_on":"1998-03-14","api_last_modified_on":null,"updated_at":"2026-07-25T01:27:52.347112+00:00"},"geometry":{"type":"Point","coordinates":[126.717082988,35.079575599]}},{"type":"Feature","id":"9581de01f2392379469d1f4ee0a8d5294802c06d75bb2abe334586a6eaf90a57-1","properties":{"facility_id":"9581de01f2392379469d1f4ee0a8d5294802c06d75bb2abe334586a6eaf90a57","point_ordinal":1,"zone_group_id":"461701013062","source_manage_no":"461701023274","facility_name":"노안초등학교 병설유치원","sgg_code":"12170","facility_type_code":"1","api_first_registered_on":null,"api_last_modified_on":null,"updated_at":"2026-07-25T01:27:52.347112+00:00"},"geometry":{"type":"Point","coordinates":[126.717024934,35.079602015]}},{"type":"Feature","id":"a505b2ba227111b023de491a2d64e43ac6a6065db807b5fe027869405d433b90-1","properties":{"facility_id":"a505b2ba227111b023de491a2d64e43ac6a6065db807b5fe027869405d433b90","point_ordinal":1,"zone_group_id":"461702013078","source_manage_no":"461702013078","facility_name":"노인복지회관","sgg_code":"12170","facility_type_code":"2","api_first_registered_on":null,"api_last_modified_on":null,"updated_at":"2026-07-25T01:27:52.347112+00:00"},"geometry":{"type":"Point","coordinates":[126.713471828,34.999741962]}},{"type":"Feature","id":"cb1e444928e2a367fc38fe9716959acc5019357a4a0e821aff545bd5a8ed0b3f-1","properties":{"facility_id":"cb1e444928e2a367fc38fe9716959acc5019357a4a0e821aff545bd5a8ed0b3f","point_ordinal":1,"zone_group_id":"461701013063","source_manage_no":"461701013063","facility_name":"다도초등학교","sgg_code":"12170","facility_type_code":"1","api_first_registered_on":"1997-03-17","api_last_modified_on":null,"updated_at":"2026-07-25T01:27:52.347112+00:00"},"geometry":{"type":"Point","coordinates":[126.826710871,34.957482678]}},{"type":"Feature","id":"3c8bfea08c25676fce7c4fe32fe24e04e6d6e25c8a8df71664120b93952dd598-1","properties":{"facility_id":"3c8bfea08c25676fce7c4fe32fe24e04e6d6e25c8a8df71664120b93952dd598","point_ordinal":1,"zone_group_id":"461701013063","source_manage_no":"461701023273","facility_name":"다도초등학교 병설유치원","sgg_code":"12170","facility_type_code":"1","api_first_registered_on":null,"api_last_modified_on":null,"updated_at":"2026-07-25T01:27:52.347112+00:00"},"geometry":{"type":"Point","coordinates":[126.826693613,34.957432565]}},{"type":"Feature","id":"ededcad2078bb7889add496b6458618e1795a9abfc844a24f648b47be6d2995a-1","properties":{"facility_id":"ededcad2078bb7889add496b6458618e1795a9abfc844a24f648b47be6d2995a","point_ordinal":1,"zone_group_id":"461701013064","source_manage_no":"461701013064","facility_name":"다시초등학교","sgg_code":"12170","facility_type_code":"1","api_first_registered_on":"1997-03-17","api_last_modified_on":null,"updated_at":"2026-07-25T01:27:52.347112+00:00"},"geometry":{"type":"Point","coordinates":[126.639562632,35.017112425]}},{"type":"Feature","id":"7ecdf297cc712bc8b30a1159609fbdda3441f5962a20425b8cfbb27901921703-1","properties":{"facility_id":"7ecdf297cc712bc8b30a1159609fbdda3441f5962a20425b8cfbb27901921703","point_ordinal":1,"zone_group_id":"461701013064","source_manage_no":"461701023272","facility_name":"다시초등학교 병설유치원","sgg_code":"12170","facility_type_code":"1","api_first_registered_on":null,"api_last_modified_on":null,"updated_at":"2026-07-25T01:27:52.347112+00:00"},"geometry":{"type":"Point","coordinates":[126.639613291,35.017105242]}},{"type":"Feature","id":"2edd0c519140c001fc152598b2835abf176fd007b8d401dff22448b1195dcfc2-1","properties":{"facility_id":"2edd0c519140c001fc152598b2835abf176fd007b8d401dff22448b1195dcfc2","point_ordinal":1,"zone_group_id":"461701013065","source_manage_no":"461701013065","facility_name":"동강초등학교","sgg_code":"12170","facility_type_code":"1","api_first_registered_on":"1997-03-17","api_last_modified_on":null,"updated_at":"2026-07-25T01:27:52.347112+00:00"},"geometry":{"type":"Point","coordinates":[126.565325291,34.937147523]}},{"type":"Feature","id":"30e07a004a3b307cb711fc6cbca39cce03505bbc954eaa4f0ccd44088a265d93-1","properties":{"facility_id":"30e07a004a3b307cb711fc6cbca39cce03505bbc954eaa4f0ccd44088a265d93","point_ordinal":1,"zone_group_id":"461701013065","source_manage_no":"461701023271","facility_name":"동강초등학교 병설유치원","sgg_code":"12170","facility_type_code":"1","api_first_registered_on":null,"api_last_modified_on":null,"updated_at":"2026-07-25T01:27:52.347112+00:00"},"geometry":{"type":"Point","coordinates":[126.56526889,34.937130333]}},{"type":"Feature","id":"5d6459d527a5bc6e63371a2849c1d11bc4f0d087abf1effba41ee17584a43b1b-1","properties":{"facility_id":"5d6459d527a5bc6e63371a2849c1d11bc4f0d087abf1effba41ee17584a43b1b","point_ordinal":1,"zone_group_id":"461701013069","source_manage_no":"461701013069","facility_name":"라온초등학교","sgg_code":"12170","facility_type_code":"1","api_first_registered_on":"2017-04-07","api_last_modified_on":null,"updated_at":"2026-07-25T01:27:52.347112+00:00"},"geometry":{"type":"Point","coordinates":[126.778229893,35.013717547]}},{"type":"Feature","id":"b417bdf7eb06b3d5970b3925d0f32016d307b518dc92d9e393efbfd998b1ee50-1","properties":{"facility_id":"b417bdf7eb06b3d5970b3925d0f32016d307b518dc92d9e393efbfd998b1ee50","point_ordinal":1,"zone_group_id":"461701013066","source_manage_no":"461701013066","facility_name":"문평초등학교","sgg_code":"12170","facility_type_code":"1","api_first_registered_on":"1997-03-17","api_last_modified_on":null,"updated_at":"2026-07-25T01:27:52.347112+00:00"},"geometry":{"type":"Point","coordinates":[126.604166723,35.057685319]}},{"type":"Feature","id":"bd4867511e510da7b29a67a9378535d115cd397614b1daaaf90c8b2949f02e5c-1","properties":{"facility_id":"bd4867511e510da7b29a67a9378535d115cd397614b1daaaf90c8b2949f02e5c","point_ordinal":1,"zone_group_id":"461701013066","source_manage_no":"461701023270","facility_name":"문평초등학교 병설유치원","sgg_code":"12170","facility_type_code":"1","api_first_registered_on":null,"api_last_modified_on":null,"updated_at":"2026-07-25T01:27:52.347112+00:00"},"geometry":{"type":"Point","coordinates":[126.604277246,35.057716839]}},{"type":"Feature","id":"fc640a55f996d1dcb69780991f3f5e781a65ac21e9aebc8aab317c273c475e4b-1","properties":{"facility_id":"fc640a55f996d1dcb69780991f3f5e781a65ac21e9aebc8aab317c273c475e4b","point_ordinal":1,"zone_group_id":"461701013067","source_manage_no":"461701013067","facility_name":"반남초등학교","sgg_code":"12170","facility_type_code":"1","api_first_registered_on":"1996-06-15","api_last_modified_on":null,"updated_at":"2026-07-25T01:27:52.347112+00:00"},"geometry":{"type":"Point","coordinates":[126.657791938,34.911553211]}},{"type":"Feature","id":"983072f479b945eac8168ea02b0f5117baab4044281efdf0cc7403aa1a664729-1","properties":{"facility_id":"983072f479b945eac8168ea02b0f5117baab4044281efdf0cc7403aa1a664729","point_ordinal":1,"zone_group_id":"461701013068","source_manage_no":"461701013068","facility_name":"봉황초등학교","sgg_code":"12170","facility_type_code":"1","api_first_registered_on":"1997-03-17","api_last_modified_on":null,"updated_at":"2026-07-25T01:27:52.347112+00:00"},"geometry":{"type":"Point","coordinates":[126.787650089,34.956878933]}},{"type":"Feature","id":"31fad51fa1f77b5030717c127eaa4561115ffb79c5b3ed15e0058c23c30c0e5f-1","properties":{"facility_id":"31fad51fa1f77b5030717c127eaa4561115ffb79c5b3ed15e0058c23c30c0e5f","point_ordinal":1,"zone_group_id":"461701013068","source_manage_no":"461701023268","facility_name":"봉황초등학교 병설유치원","sgg_code":"12170","facility_type_code":"1","api_first_registered_on":null,"api_last_modified_on":null,"updated_at":"2026-07-25T01:27:52.347112+00:00"},"geometry":{"type":"Point","coordinates":[126.787663371,34.956798222]}},{"type":"Feature","id":"16778280f71b44e9e018605c2a64feff4088969b53aa9ee8f12d9df6501099d8-1","properties":{"facility_id":"16778280f71b44e9e018605c2a64feff4088969b53aa9ee8f12d9df6501099d8","point_ordinal":1,"zone_group_id":"461701013070","source_manage_no":"461701013070","facility_name":"빛가람초등학교","sgg_code":"12170","facility_type_code":"1","api_first_registered_on":"2014-08-25","api_last_modified_on":null,"updated_at":"2026-07-25T01:27:52.347112+00:00"},"geometry":{"type":"Point","coordinates":[126.78568006,35.009403919]}},{"type":"Feature","id":"8e8a77b21cd68d826c57c3f0025993b7a3a5ec5dc30cae779ec0e1c47aab1ea3-1","properties":{"facility_id":"8e8a77b21cd68d826c57c3f0025993b7a3a5ec5dc30cae779ec0e1c47aab1ea3","point_ordinal":1,"zone_group_id":"461701018996","source_manage_no":"461701018996","facility_name":"빛그린유치원","sgg_code":"12170","facility_type_code":"1","api_first_registered_on":"2020-03-02","api_last_modified_on":null,"updated_at":"2026-07-25T01:27:52.347112+00:00"},"geometry":{"type":"Point","coordinates":[126.791460384,35.027069067]}},{"type":"Feature","id":"28f568f068960f7b05ce00605d160cd728c1f8108fff0569b9a8c1d990916501-1","properties":{"facility_id":"28f568f068960f7b05ce00605d160cd728c1f8108fff0569b9a8c1d990916501","point_ordinal":1,"zone_group_id":"461701013071","source_manage_no":"461701013071","facility_name":"빛누리초등학교","sgg_code":"12170","facility_type_code":"1","api_first_registered_on":"2016-03-31","api_last_modified_on":null,"updated_at":"2026-07-25T01:27:52.347112+00:00"},"geometry":{"type":"Point","coordinates":[126.786648552,35.030392573]}},{"type":"Feature","id":"f99a252b9d8b1baec45f9803fa6f0e97a5137db11a3b5b3fa1b9156664dfd3cb-1","properties":{"facility_id":"f99a252b9d8b1baec45f9803fa6f0e97a5137db11a3b5b3fa1b9156664dfd3cb","point_ordinal":1,"zone_group_id":"461701013074","source_manage_no":"461701013074","facility_name":"산포초등학교","sgg_code":"12170","facility_type_code":"1","api_first_registered_on":"1996-06-15","api_last_modified_on":null,"updated_at":"2026-07-25T01:27:52.347112+00:00"},"geometry":{"type":"Point","coordinates":[126.804958483,35.03397044]}},{"type":"Feature","id":"eb40b38aabee7f8ba06bf61cf8cf1d387f77ef5a0b3c15694e2476e2d7cfd4e2-1","properties":{"facility_id":"eb40b38aabee7f8ba06bf61cf8cf1d387f77ef5a0b3c15694e2476e2d7cfd4e2","point_ordinal":1,"zone_group_id":"461701013074","source_manage_no":"461701023266","facility_name":"산포초등학교 병설유치원","sgg_code":"12170","facility_type_code":"1","api_first_registered_on":null,"api_last_modified_on":null,"updated_at":"2026-07-25T01:27:52.347112+00:00"},"geometry":{"type":"Point","coordinates":[126.804992699,35.033929274]}},{"type":"Feature","id":"2b004ce964388e931c18bc3f619662ddfd07e3ef2d1625c87a553b29e0956f38-1","properties":{"facility_id":"2b004ce964388e931c18bc3f619662ddfd07e3ef2d1625c87a553b29e0956f38","point_ordinal":1,"zone_group_id":"461701013077","source_manage_no":"461701013077","facility_name":"세지초등학교","sgg_code":"12170","facility_type_code":"1","api_first_registered_on":"1998-03-14","api_last_modified_on":null,"updated_at":"2026-07-25T01:27:52.347112+00:00"},"geometry":{"type":"Point","coordinates":[126.74762902,34.918244306]}},{"type":"Feature","id":"9ad72fb03bbeb960088333df855fed15dc113a18f31e607506f3695ea0cef3cb-1","properties":{"facility_id":"9ad72fb03bbeb960088333df855fed15dc113a18f31e607506f3695ea0cef3cb","point_ordinal":1,"zone_group_id":"461701013077","source_manage_no":"461701023265","facility_name":"세지초등학교 병설유치원","sgg_code":"12170","facility_type_code":"1","api_first_registered_on":null,"api_last_modified_on":null,"updated_at":"2026-07-25T01:27:52.347112+00:00"},"geometry":{"type":"Point","coordinates":[126.747704259,34.918268508]}},{"type":"Feature","id":"ca1b671f62f9964417726b5d4464ed2367fc4edbdf76440f8f221b24c9be5998-1","properties":{"facility_id":"ca1b671f62f9964417726b5d4464ed2367fc4edbdf76440f8f221b24c9be5998","point_ordinal":1,"zone_group_id":"461701013079","source_manage_no":"461701013079","facility_name":"양산초등학교","sgg_code":"12170","facility_type_code":"1","api_first_registered_on":"1998-03-14","api_last_modified_on":null,"updated_at":"2026-07-25T01:27:52.347112+00:00"},"geometry":{"type":"Point","coordinates":[126.705050009,34.970000844]}},{"type":"Feature","id":"deddb50ca0d5b3824791ede76381f12a9b987edc9f0039ea31ba48222558a619-1","properties":{"facility_id":"deddb50ca0d5b3824791ede76381f12a9b987edc9f0039ea31ba48222558a619","point_ordinal":1,"zone_group_id":"461701013079","source_manage_no":"461701023263","facility_name":"양산초등학교 병설유치원","sgg_code":"12170","facility_type_code":"1","api_first_registered_on":null,"api_last_modified_on":null,"updated_at":"2026-07-25T01:27:52.347112+00:00"},"geometry":{"type":"Point","coordinates":[126.705105039,34.970042952]}},{"type":"Feature","id":"77be56ad288b8ba459cfb84b636b0565db71b63873dbc21b96eed55ae95e391d-1","properties":{"facility_id":"77be56ad288b8ba459cfb84b636b0565db71b63873dbc21b96eed55ae95e391d","point_ordinal":1,"zone_group_id":"461701013075","source_manage_no":"461701013075","facility_name":"영강초등학교","sgg_code":"12170","facility_type_code":"1","api_first_registered_on":"1997-03-17","api_last_modified_on":null,"updated_at":"2026-07-25T01:27:52.347112+00:00"},"geometry":{"type":"Point","coordinates":[126.712258793,35.006794287]}},{"type":"Feature","id":"46c54013cf9fefe9a8a1a5d90531f7ee551050d1dcdb6f19a04d8168328c5903-1","properties":{"facility_id":"46c54013cf9fefe9a8a1a5d90531f7ee551050d1dcdb6f19a04d8168328c5903","point_ordinal":1,"zone_group_id":"461701013075","source_manage_no":"461701023256","facility_name":"영강초등학교 병설유치원","sgg_code":"12170","facility_type_code":"1","api_first_registered_on":null,"api_last_modified_on":null,"updated_at":"2026-07-25T01:27:52.347112+00:00"},"geometry":{"type":"Point","coordinates":[126.712321259,35.006834362]}},{"type":"Feature","id":"0127604c663070889f6151be2d2ff3ea0d2eba9cb4a39ae20403f35cd056f8d2-1","properties":{"facility_id":"0127604c663070889f6151be2d2ff3ea0d2eba9cb4a39ae20403f35cd056f8d2","point_ordinal":1,"zone_group_id":"461701013081","source_manage_no":"461701013081","facility_name":"영산포초등학교","sgg_code":"12170","facility_type_code":"1","api_first_registered_on":"1997-03-17","api_last_modified_on":null,"updated_at":"2026-07-25T01:27:52.347112+00:00"},"geometry":{"type":"Point","coordinates":[126.714464507,34.994482372]}},{"type":"Feature","id":"075d454f24820e96dc98cb043b34058c8a5cba332906092282114778671e59d5-1","properties":{"facility_id":"075d454f24820e96dc98cb043b34058c8a5cba332906092282114778671e59d5","point_ordinal":1,"zone_group_id":"461701013081","source_manage_no":"461701023262","facility_name":"영산포초등학교 병설유치원","sgg_code":"12170","facility_type_code":"1","api_first_registered_on":null,"api_last_modified_on":null,"updated_at":"2026-07-25T01:27:52.347112+00:00"},"geometry":{"type":"Point","coordinates":[126.7145114,34.994477113]}},{"type":"Feature","id":"cbb39219dd24642c5d75422b80d7079bf39dea82f37fca3e31176aba7456bf84-1","properties":{"facility_id":"cbb39219dd24642c5d75422b80d7079bf39dea82f37fca3e31176aba7456bf84","point_ordinal":1,"zone_group_id":"461701013080","source_manage_no":"461701013080","facility_name":"왕곡초등학교","sgg_code":"12170","facility_type_code":"1","api_first_registered_on":"1998-03-14","api_last_modified_on":null,"updated_at":"2026-07-25T01:27:52.347112+00:00"},"geometry":{"type":"Point","coordinates":[126.655574207,34.962878717]}},{"type":"Feature","id":"edad16e16b2b53261234cf372dc2696a0b4851b2e8a8d2e95ca436f836070e25-1","properties":{"facility_id":"edad16e16b2b53261234cf372dc2696a0b4851b2e8a8d2e95ca436f836070e25","point_ordinal":1,"zone_group_id":"461701013080","source_manage_no":"461701023258","facility_name":"왕곡초등학교 병설유치원","sgg_code":"12170","facility_type_code":"1","api_first_registered_on":null,"api_last_modified_on":null,"updated_at":"2026-07-25T01:27:52.347112+00:00"},"geometry":{"type":"Point","coordinates":[126.655592856,34.962971981]}},{"type":"Feature","id":"3d38e6bda23e312741d52ff908719f185dc71238dde05f33b9d3d88e3deec6ef-1","properties":{"facility_id":"3d38e6bda23e312741d52ff908719f185dc71238dde05f33b9d3d88e3deec6ef","point_ordinal":1,"zone_group_id":"461701013072","source_manage_no":"461701013072","facility_name":"한아름초등학교","sgg_code":"12170","facility_type_code":"1","api_first_registered_on":"2017-04-07","api_last_modified_on":null,"updated_at":"2026-07-25T01:27:52.347112+00:00"},"geometry":{"type":"Point","coordinates":[126.797054024,35.013501008]}},{"type":"Feature","id":"09fed7e03900ed40bfbfb4bd2edbd0e8c232e4cc842247db460c89532c7788a4-1","properties":{"facility_id":"09fed7e03900ed40bfbfb4bd2edbd0e8c232e4cc842247db460c89532c7788a4","point_ordinal":1,"zone_group_id":"462301012996","source_manage_no":"462301012996","facility_name":"가야어린이집","sgg_code":"12190","facility_type_code":"1","api_first_registered_on":"2010-12-22","api_last_modified_on":null,"updated_at":"2026-07-25T01:27:52.347112+00:00"},"geometry":{"type":"Point","coordinates":[127.703472313,34.952153779]}},{"type":"Feature","id":"7fc987b4541e55f1d754a7bcd7c2a3d227d7998253788820798255757b2d58c1-1","properties":{"facility_id":"7fc987b4541e55f1d754a7bcd7c2a3d227d7998253788820798255757b2d58c1","point_ordinal":1,"zone_group_id":"462301012954","source_manage_no":"462301012954","facility_name":"가야초등학교","sgg_code":"12190","facility_type_code":"1","api_first_registered_on":"1996-04-30","api_last_modified_on":null,"updated_at":"2026-07-25T01:27:52.347112+00:00"},"geometry":{"type":"Point","coordinates":[127.713994586,34.966865427]}},{"type":"Feature","id":"281abbaf0bf25967354e60cf46bc6b274f040e175804d38d9611a9b0d10fe54c-1","properties":{"facility_id":"281abbaf0bf25967354e60cf46bc6b274f040e175804d38d9611a9b0d10fe54c","point_ordinal":1,"zone_group_id":"462301012954","source_manage_no":"462301018973","facility_name":"가야초등학교 병설유치원","sgg_code":"12190","facility_type_code":"1","api_first_registered_on":"1996-04-30","api_last_modified_on":null,"updated_at":"2026-07-25T01:27:52.347112+00:00"},"geometry":{"type":"Point","coordinates":[127.713856124,34.966740825]}},{"type":"Feature","id":"11b2e52bcf7e1746e295c3cfa5a528068d32960c460276d019662ce559a9adcc-1","properties":{"facility_id":"11b2e52bcf7e1746e295c3cfa5a528068d32960c460276d019662ce559a9adcc","point_ordinal":1,"zone_group_id":"462301012906","source_manage_no":"462301012906","facility_name":"골약초등학교","sgg_code":"12190","facility_type_code":"1","api_first_registered_on":"1996-05-22","api_last_modified_on":null,"updated_at":"2026-07-25T01:27:52.347112+00:00"},"geometry":{"type":"Point","coordinates":[127.660588635,34.909909243]}},{"type":"Feature","id":"ebd12ecd1a39da970f472963e5ddf25e66656df08f544c00d74a9e2cd4cf18ee-1","properties":{"facility_id":"ebd12ecd1a39da970f472963e5ddf25e66656df08f544c00d74a9e2cd4cf18ee","point_ordinal":1,"zone_group_id":"462301012906","source_manage_no":"462301018976","facility_name":"골약초등학교 병설유치원","sgg_code":"12190","facility_type_code":"1","api_first_registered_on":"1996-05-22","api_last_modified_on":null,"updated_at":"2026-07-25T01:27:52.347112+00:00"},"geometry":{"type":"Point","coordinates":[127.660363576,34.909957351]}},{"type":"Feature","id":"98c041245c3eb9ffa37eb2d609162748b34d5b9c0f00ca5327210cdd0e1a4e2e-1","properties":{"facility_id":"98c041245c3eb9ffa37eb2d609162748b34d5b9c0f00ca5327210cdd0e1a4e2e","point_ordinal":1,"zone_group_id":"462301012983","source_manage_no":"462301012983","facility_name":"광산특수어린이집","sgg_code":"12190","facility_type_code":"1","api_first_registered_on":"2010-12-22","api_last_modified_on":null,"updated_at":"2026-07-25T01:27:52.347112+00:00"},"geometry":{"type":"Point","coordinates":[127.702640122,34.943327039]}},{"type":"Feature","id":"b01482984815322442e471038d4cf79ab1f54b9163d08096f0b0cd0d87b42be5-1","properties":{"facility_id":"b01482984815322442e471038d4cf79ab1f54b9163d08096f0b0cd0d87b42be5","point_ordinal":1,"zone_group_id":"462301012984","source_manage_no":"462301012984","facility_name":"광양YMCA어린이집","sgg_code":"12190","facility_type_code":"1","api_first_registered_on":"2010-12-22","api_last_modified_on":null,"updated_at":"2026-07-25T01:27:52.347112+00:00"},"geometry":{"type":"Point","coordinates":[127.697213216,34.94535589]}},{"type":"Feature","id":"5cf156df69031afedaa4cfbc592d8b8f2aed10b76357b31e1cfdbea966c0d434-1","properties":{"facility_id":"5cf156df69031afedaa4cfbc592d8b8f2aed10b76357b31e1cfdbea966c0d434","point_ordinal":1,"zone_group_id":"462302029743","source_manage_no":"462302029743","facility_name":"광양국민체육센터","sgg_code":"12190","facility_type_code":"2","api_first_registered_on":null,"api_last_modified_on":"2026-06-01","updated_at":"2026-07-25T01:27:52.347112+00:00"},"geometry":{"type":"Point","coordinates":[127.573672745,34.982288423]}},{"type":"Feature","id":"2ae9fafeb15398b114a8b96fec527e52f410b0563ad461392e17c4e0341ea268-1","properties":{"facility_id":"2ae9fafeb15398b114a8b96fec527e52f410b0563ad461392e17c4e0341ea268","point_ordinal":1,"zone_group_id":"462301012985","source_manage_no":"462301012985","facility_name":"광양근로복지공단어린이집","sgg_code":"12190","facility_type_code":"1","api_first_registered_on":"2010-12-22","api_last_modified_on":null,"updated_at":"2026-07-25T01:27:52.347112+00:00"},"geometry":{"type":"Point","coordinates":[127.6947813,34.940427237]}},{"type":"Feature","id":"7cd7e15a46bc3ce1e253daf8debe8262d160155829bec159493c16b6972ae085-1","properties":{"facility_id":"7cd7e15a46bc3ce1e253daf8debe8262d160155829bec159493c16b6972ae085","point_ordinal":1,"zone_group_id":"462302012911","source_manage_no":"462302012911","facility_name":"광양노인복지관","sgg_code":"12190","facility_type_code":"2","api_first_registered_on":null,"api_last_modified_on":null,"updated_at":"2026-07-25T01:27:52.347112+00:00"},"geometry":{"type":"Point","coordinates":[127.590771251,34.970496604]}},{"type":"Feature","id":"f14978c4982f1a3df1cf793072b773eebae50ebbedd95d5ad2e669bab50d7516-1","properties":{"facility_id":"f14978c4982f1a3df1cf793072b773eebae50ebbedd95d5ad2e669bab50d7516","point_ordinal":1,"zone_group_id":"462301012924","source_manage_no":"462301018965","facility_name":"광양덕례초등학교 병설유치원","sgg_code":"12190","facility_type_code":"1","api_first_registered_on":"1996-05-22","api_last_modified_on":null,"updated_at":"2026-07-25T01:27:52.347112+00:00"},"geometry":{"type":"Point","coordinates":[127.569968214,34.968537959]}},{"type":"Feature","id":"5f5e5a466ed6dc631ab5ff095671e60e103bc179b3b419242f65d9ad980710f0-1","properties":{"facility_id":"5f5e5a466ed6dc631ab5ff095671e60e103bc179b3b419242f65d9ad980710f0","point_ordinal":1,"zone_group_id":"462301012912","source_manage_no":"462301012912","facility_name":"광양동초등학교","sgg_code":"12190","facility_type_code":"1","api_first_registered_on":"1996-04-30","api_last_modified_on":null,"updated_at":"2026-07-25T01:27:52.347112+00:00"},"geometry":{"type":"Point","coordinates":[127.588000603,34.971346286]}},{"type":"Feature","id":"8b5d9d832e017114b1d64adb6f93a0c57f440e2e5b38b1ee91c363c4b606c782-1","properties":{"facility_id":"8b5d9d832e017114b1d64adb6f93a0c57f440e2e5b38b1ee91c363c4b606c782","point_ordinal":1,"zone_group_id":"462301012912","source_manage_no":"462301012913","facility_name":"광양동초등학교병설유치원","sgg_code":"12190","facility_type_code":"1","api_first_registered_on":"1996-04-30","api_last_modified_on":null,"updated_at":"2026-07-25T01:27:52.347112+00:00"},"geometry":{"type":"Point","coordinates":[127.587145836,34.971076378]}},{"type":"Feature","id":"1c67ae3d27fb569b8470318fc8929176670416b1a678ef704d7ca46394822ab0-1","properties":{"facility_id":"1c67ae3d27fb569b8470318fc8929176670416b1a678ef704d7ca46394822ab0","point_ordinal":1,"zone_group_id":"462301012993","source_manage_no":"462301012994","facility_name":"광양마동초등학교 병설유치원","sgg_code":"12190","facility_type_code":"1","api_first_registered_on":"2003-02-20","api_last_modified_on":null,"updated_at":"2026-07-25T01:27:52.347112+00:00"},"geometry":{"type":"Point","coordinates":[127.688572449,34.955437245]}},{"type":"Feature","id":"4942c2389a7e2c44fd6251a7c28f5c9ea4eac417785ef3111225d1d7a640638c-1","properties":{"facility_id":"4942c2389a7e2c44fd6251a7c28f5c9ea4eac417785ef3111225d1d7a640638c","point_ordinal":1,"zone_group_id":"462301012914","source_manage_no":"462301012914","facility_name":"광양마로초등학교","sgg_code":"12190","facility_type_code":"1","api_first_registered_on":"2015-02-20","api_last_modified_on":null,"updated_at":"2026-07-25T01:27:52.347112+00:00"},"geometry":{"type":"Point","coordinates":[127.612098109,34.967809645]}},{"type":"Feature","id":"ea79fd7ddf974071cb76bb34dbf6e74ead09e147351c572ac5f1b2bee3a3d266-1","properties":{"facility_id":"ea79fd7ddf974071cb76bb34dbf6e74ead09e147351c572ac5f1b2bee3a3d266","point_ordinal":1,"zone_group_id":"462301012914","source_manage_no":"462301012915","facility_name":"광양마로초등학교 병설유치원","sgg_code":"12190","facility_type_code":"1","api_first_registered_on":"2015-05-20","api_last_modified_on":null,"updated_at":"2026-07-25T01:27:52.347112+00:00"},"geometry":{"type":"Point","coordinates":[127.61208583,34.967998994]}},{"type":"Feature","id":"1dba6f2b7549bc4f9b1d5b31292c8b355d47a8d2f3d7533b0e8d144786eb5467-1","properties":{"facility_id":"1dba6f2b7549bc4f9b1d5b31292c8b355d47a8d2f3d7533b0e8d144786eb5467","point_ordinal":1,"zone_group_id":"462301012986","source_manage_no":"462301012986","facility_name":"광양보듬이나눔이어린이집","sgg_code":"12190","facility_type_code":"1","api_first_registered_on":"2010-12-22","api_last_modified_on":null,"updated_at":"2026-07-25T01:27:52.347112+00:00"},"geometry":{"type":"Point","coordinates":[127.692612068,34.940006873]}},{"type":"Feature","id":"5794c21fd6917eafe72e1239611c6ede99f6c2ec6502a9bc5313ed0c56dc9f6b-1","properties":{"facility_id":"5794c21fd6917eafe72e1239611c6ede99f6c2ec6502a9bc5313ed0c56dc9f6b","point_ordinal":1,"zone_group_id":"462301012916","source_manage_no":"462301012916","facility_name":"광양북초등학교","sgg_code":"12190","facility_type_code":"1","api_first_registered_on":"1996-04-30","api_last_modified_on":null,"updated_at":"2026-07-25T01:27:52.347112+00:00"},"geometry":{"type":"Point","coordinates":[127.593297727,34.97656345]}},{"type":"Feature","id":"d5e3e7d0234eb39728463f479cad89ca9f3bc98f92020d32e22c7462c91a02d8-1","properties":{"facility_id":"d5e3e7d0234eb39728463f479cad89ca9f3bc98f92020d32e22c7462c91a02d8","point_ordinal":1,"zone_group_id":"462301012916","source_manage_no":"462301012917","facility_name":"광양북초등학교병설유치원","sgg_code":"12190","facility_type_code":"1","api_first_registered_on":"1996-04-30","api_last_modified_on":null,"updated_at":"2026-07-25T01:27:52.347112+00:00"},"geometry":{"type":"Point","coordinates":[127.5939991,34.976752277]}},{"type":"Feature","id":"b77b7335f0eb57a72fe7c68bb57c83f61c4b396f7b29acf660f6ddf428d1e1f4-1","properties":{"facility_id":"b77b7335f0eb57a72fe7c68bb57c83f61c4b396f7b29acf660f6ddf428d1e1f4","point_ordinal":1,"zone_group_id":"462301012918","source_manage_no":"462301012918","facility_name":"광양서초등학교","sgg_code":"12190","facility_type_code":"1","api_first_registered_on":"1996-04-30","api_last_modified_on":null,"updated_at":"2026-07-25T01:27:52.347112+00:00"},"geometry":{"type":"Point","coordinates":[127.583453863,34.970889605]}},{"type":"Feature","id":"48f2b7dd48cac3ee76ce167886304008ad0a4bd8e607cfd1c4d5c970ddb1689f-1","properties":{"facility_id":"48f2b7dd48cac3ee76ce167886304008ad0a4bd8e607cfd1c4d5c970ddb1689f","point_ordinal":1,"zone_group_id":"462301012918","source_manage_no":"462301012919","facility_name":"광양서초등학교병설유치원","sgg_code":"12190","facility_type_code":"1","api_first_registered_on":null,"api_last_modified_on":null,"updated_at":"2026-07-25T01:27:52.347112+00:00"},"geometry":{"type":"Point","coordinates":[127.583497984,34.971187151]}},{"type":"Feature","id":"a8a44486a13a259c68d23f00368a5c68eb32db7c2263bbb9a43492cc2c265d2f-1","properties":{"facility_id":"a8a44486a13a259c68d23f00368a5c68eb32db7c2263bbb9a43492cc2c265d2f","point_ordinal":1,"zone_group_id":"462302012976","source_manage_no":"462302012976","facility_name":"광양시노인전문요양원","sgg_code":"12190","facility_type_code":"2","api_first_registered_on":null,"api_last_modified_on":null,"updated_at":"2026-07-25T01:27:52.347112+00:00"},"geometry":{"type":"Point","coordinates":[127.664761858,35.004369449]}},{"type":"Feature","id":"3db1d1c634013e906c488f7f6c0f7c78ead1076e09e71e3f2a71caf831db9a56-1","properties":{"facility_id":"3db1d1c634013e906c488f7f6c0f7c78ead1076e09e71e3f2a71caf831db9a56","point_ordinal":1,"zone_group_id":"462303012920","source_manage_no":"462303012920","facility_name":"광양시장애인종합복지관","sgg_code":"12190","facility_type_code":"3","api_first_registered_on":null,"api_last_modified_on":null,"updated_at":"2026-07-25T01:27:52.347112+00:00"},"geometry":{"type":"Point","coordinates":[127.574103858,34.964736726]}},{"type":"Feature","id":"1e356d1d8b8b4d1793607f8d78d9b6cad769e03d3bae780fda277f3459f978c1-1","properties":{"facility_id":"1e356d1d8b8b4d1793607f8d78d9b6cad769e03d3bae780fda277f3459f978c1","point_ordinal":1,"zone_group_id":"462301012921","source_manage_no":"462301012921","facility_name":"광양아카데미어린이집","sgg_code":"12190","facility_type_code":"1","api_first_registered_on":"2010-12-22","api_last_modified_on":null,"updated_at":"2026-07-25T01:27:52.347112+00:00"},"geometry":{"type":"Point","coordinates":[127.568879631,34.965731725]}},{"type":"Feature","id":"1fc7d251af4eea7cd88ef9b473fb0d4f213410114e0685d66261040c4de6e27e-1","properties":{"facility_id":"1fc7d251af4eea7cd88ef9b473fb0d4f213410114e0685d66261040c4de6e27e","point_ordinal":1,"zone_group_id":"462301012922","source_manage_no":"462301012922","facility_name":"광양어린이집","sgg_code":"12190","facility_type_code":"1","api_first_registered_on":"2010-12-22","api_last_modified_on":null,"updated_at":"2026-07-25T01:27:52.347112+00:00"},"geometry":{"type":"Point","coordinates":[127.578650362,34.976817293]}},{"type":"Feature","id":"f14559cdd4359b4739e5de22e75c13f3c09bccd818e4757b0a4df17f83524f9b-1","properties":{"facility_id":"f14559cdd4359b4739e5de22e75c13f3c09bccd818e4757b0a4df17f83524f9b","point_ordinal":1,"zone_group_id":"462301026292","source_manage_no":"462301026292","facility_name":"광양와우초등학교","sgg_code":"12190","facility_type_code":"1","api_first_registered_on":"2023-04-24","api_last_modified_on":null,"updated_at":"2026-07-25T01:27:52.347112+00:00"},"geometry":{"type":"Point","coordinates":[127.711933728,34.946398819]}},{"type":"Feature","id":"38b3bdc547b55dcdecd244c89b0b3e3bca95d2e459b1ece23c747158e1e06f77-1","properties":{"facility_id":"38b3bdc547b55dcdecd244c89b0b3e3bca95d2e459b1ece23c747158e1e06f77","point_ordinal":1,"zone_group_id":"462301012965","source_manage_no":"462301012964","facility_name":"광양제철유치원","sgg_code":"12190","facility_type_code":"1","api_first_registered_on":"2010-12-22","api_last_modified_on":null,"updated_at":"2026-07-25T01:27:52.347112+00:00"},"geometry":{"type":"Point","coordinates":[127.718265927,34.934507896]}},{"type":"Feature","id":"19bde8e971b26b1eff1d9ed7896d5f5b99ec1a6c42661ed5b77eb22dca051e4c-1","properties":{"facility_id":"19bde8e971b26b1eff1d9ed7896d5f5b99ec1a6c42661ed5b77eb22dca051e4c","point_ordinal":1,"zone_group_id":"462301013010","source_manage_no":"462301013011","facility_name":"광양중동초등학교 병설유치원","sgg_code":"12190","facility_type_code":"1","api_first_registered_on":"1999-03-22","api_last_modified_on":null,"updated_at":"2026-07-25T01:27:52.347112+00:00"},"geometry":{"type":"Point","coordinates":[127.695554083,34.933825173]}},{"type":"Feature","id":"9caa96f135ff625f631a524b1c75a1197e97d7ab0476328e37bae0fc610ee19e-1","properties":{"facility_id":"9caa96f135ff625f631a524b1c75a1197e97d7ab0476328e37bae0fc610ee19e","point_ordinal":1,"zone_group_id":"462301013013","source_manage_no":"462301012987","facility_name":"광양중마유치원","sgg_code":"12190","facility_type_code":"1","api_first_registered_on":"2017-12-28","api_last_modified_on":null,"updated_at":"2026-07-25T01:27:52.347112+00:00"},"geometry":{"type":"Point","coordinates":[127.68557896,34.948503295]}},{"type":"Feature","id":"40b0871f1f9e6ba2ea015dc4c6ec4a9fb77e34a0e748da778c5f13cdb4f5e824-1","properties":{"facility_id":"40b0871f1f9e6ba2ea015dc4c6ec4a9fb77e34a0e748da778c5f13cdb4f5e824","point_ordinal":1,"zone_group_id":"462301013013","source_manage_no":"462301013013","facility_name":"광양중마초등학교","sgg_code":"12190","facility_type_code":"1","api_first_registered_on":"1997-10-15","api_last_modified_on":null,"updated_at":"2026-07-25T01:27:52.347112+00:00"},"geometry":{"type":"Point","coordinates":[127.686639117,34.947545815]}},{"type":"Feature","id":"d6df4d13d23f90db585e8cb631f14babc0640d43de6fdb40a97323311fde167f-1","properties":{"facility_id":"d6df4d13d23f90db585e8cb631f14babc0640d43de6fdb40a97323311fde167f","point_ordinal":1,"zone_group_id":"462301013018","source_manage_no":"462301013018","facility_name":"광양중진초등학교","sgg_code":"12190","facility_type_code":"1","api_first_registered_on":"2001-10-01","api_last_modified_on":null,"updated_at":"2026-07-25T01:27:52.347112+00:00"},"geometry":{"type":"Point","coordinates":[127.692375422,34.932477169]}},{"type":"Feature","id":"a599fefdad4e5cb5cb0eef54307d43c922a6f5438f05d362bf240247ac6aa757-1","properties":{"facility_id":"a599fefdad4e5cb5cb0eef54307d43c922a6f5438f05d362bf240247ac6aa757","point_ordinal":1,"zone_group_id":"462301013018","source_manage_no":"462301013017","facility_name":"광양중진초등학교 병설유치원","sgg_code":"12190","facility_type_code":"1","api_first_registered_on":"2001-10-01","api_last_modified_on":null,"updated_at":"2026-07-25T01:27:52.347112+00:00"},"geometry":{"type":"Point","coordinates":[127.692389197,34.932571875]}},{"type":"Feature","id":"714400a6214c78a0ba02fa3b91268ef319d25160f72b91291270f4fc09eb525b-1","properties":{"facility_id":"714400a6214c78a0ba02fa3b91268ef319d25160f72b91291270f4fc09eb525b","point_ordinal":1,"zone_group_id":"462301012972","source_manage_no":"462301012972","facility_name":"광양초원어린이집","sgg_code":"12190","facility_type_code":"1","api_first_registered_on":"2010-12-22","api_last_modified_on":null,"updated_at":"2026-07-25T01:27:52.347112+00:00"},"geometry":{"type":"Point","coordinates":[127.570589875,34.980131658]}},{"type":"Feature","id":"42f104b523070b3e2d81530dbdb755b72249b746f67a63b8ec0cdf0424740758-1","properties":{"facility_id":"42f104b523070b3e2d81530dbdb755b72249b746f67a63b8ec0cdf0424740758","point_ordinal":1,"zone_group_id":"462301012945","source_manage_no":"462301018963","facility_name":"광양칠성초등학교 병설유치원","sgg_code":"12190","facility_type_code":"1","api_first_registered_on":"2003-04-20","api_last_modified_on":null,"updated_at":"2026-07-25T01:27:52.347112+00:00"},"geometry":{"type":"Point","coordinates":[127.57892195,34.978960529]}},{"type":"Feature","id":"5c1f65875093ab02b1bb39fc89cf9819911ef0c78d594b0056accb5c34e41338-1","properties":{"facility_id":"5c1f65875093ab02b1bb39fc89cf9819911ef0c78d594b0056accb5c34e41338","point_ordinal":1,"zone_group_id":"462301026005","source_manage_no":"462301026005","facility_name":"광양햇살학교","sgg_code":"12190","facility_type_code":"1","api_first_registered_on":null,"api_last_modified_on":null,"updated_at":"2026-07-25T01:27:52.347112+00:00"},"geometry":{"type":"Point","coordinates":[127.618867951,35.009561751]}},{"type":"Feature","id":"5a9d981a1b93b4c9d3b0d994aaf5bff5052426db24f6a09751a0c2e83d20f0b7-1","properties":{"facility_id":"5a9d981a1b93b4c9d3b0d994aaf5bff5052426db24f6a09751a0c2e83d20f0b7","point_ordinal":1,"zone_group_id":"462301012957","source_manage_no":"462301012957","facility_name":"광영초등학교","sgg_code":"12190","facility_type_code":"1","api_first_registered_on":"1996-04-30","api_last_modified_on":null,"updated_at":"2026-07-25T01:27:52.347112+00:00"},"geometry":{"type":"Point","coordinates":[127.71969563,34.963158404]}},{"type":"Feature","id":"e4ff85afc80f05dedc33640ab94fa8d25b28496806ee3e306d0f25c574e261bf-1","properties":{"facility_id":"e4ff85afc80f05dedc33640ab94fa8d25b28496806ee3e306d0f25c574e261bf","point_ordinal":1,"zone_group_id":"462301012957","source_manage_no":"462301018972","facility_name":"광영초등학교 병설유치원","sgg_code":"12190","facility_type_code":"1","api_first_registered_on":"1996-04-30","api_last_modified_on":null,"updated_at":"2026-07-25T01:27:52.347112+00:00"},"geometry":{"type":"Point","coordinates":[127.71972254,34.96331707]}},{"type":"Feature","id":"a935d9d5994b1598c9dc0a6c2f8f86d970fe5d1dd0fa85bb78f1aead7cefd62e-1","properties":{"facility_id":"a935d9d5994b1598c9dc0a6c2f8f86d970fe5d1dd0fa85bb78f1aead7cefd62e","point_ordinal":1,"zone_group_id":"462301012989","source_manage_no":"462301012989","facility_name":"꿈나무어린이집","sgg_code":"12190","facility_type_code":"1","api_first_registered_on":"2010-12-22","api_last_modified_on":null,"updated_at":"2026-07-25T01:27:52.347112+00:00"},"geometry":{"type":"Point","coordinates":[127.693790283,34.938111321]}},{"type":"Feature","id":"9a1635dc1f2016d9e77dec5e5c442f25690c191ebbc466cf1dced25f65012010-1","properties":{"facility_id":"9a1635dc1f2016d9e77dec5e5c442f25690c191ebbc466cf1dced25f65012010","point_ordinal":1,"zone_group_id":"462301012975","source_manage_no":"462301012975","facility_name":"낙원어린이집","sgg_code":"12190","facility_type_code":"1","api_first_registered_on":"2010-12-22","api_last_modified_on":null,"updated_at":"2026-07-25T01:27:52.347112+00:00"},"geometry":{"type":"Point","coordinates":[127.715846731,34.972394689]}},{"type":"Feature","id":"083b6bc489b0e5fdf831878ce494d5d74033b7f87164468a02df4ad9a71da257-1","properties":{"facility_id":"083b6bc489b0e5fdf831878ce494d5d74033b7f87164468a02df4ad9a71da257","point_ordinal":1,"zone_group_id":"462301012990","source_manage_no":"462301012990","facility_name":"내친구어린이집","sgg_code":"12190","facility_type_code":"1","api_first_registered_on":"2010-12-22","api_last_modified_on":null,"updated_at":"2026-07-25T01:27:52.347112+00:00"},"geometry":{"type":"Point","coordinates":[127.685446727,34.953981779]}},{"type":"Feature","id":"57ef7295681e11cfd51748dc6a5b1ba79b13e5d88bce7768787af93aed803be5-1","properties":{"facility_id":"57ef7295681e11cfd51748dc6a5b1ba79b13e5d88bce7768787af93aed803be5","point_ordinal":1,"zone_group_id":"462301012970","source_manage_no":"462301012970","facility_name":"다압초등학교","sgg_code":"12190","facility_type_code":"1","api_first_registered_on":"1998-04-20","api_last_modified_on":null,"updated_at":"2026-07-25T01:27:52.347112+00:00"},"geometry":{"type":"Point","coordinates":[127.691872882,35.120966565]}},{"type":"Feature","id":"225888cdbdaa87a61a0cee4052e1540c2f58a7b96d6899a46a3174a070b91df0-1","properties":{"facility_id":"225888cdbdaa87a61a0cee4052e1540c2f58a7b96d6899a46a3174a070b91df0","point_ordinal":1,"zone_group_id":"462301012970","source_manage_no":"462301018993","facility_name":"다압초등학교 병설유치원","sgg_code":"12190","facility_type_code":"1","api_first_registered_on":"1998-04-20","api_last_modified_on":null,"updated_at":"2026-07-25T01:27:52.347112+00:00"},"geometry":{"type":"Point","coordinates":[127.691802849,35.120702607]}},{"type":"Feature","id":"b06b24815f05c43f890b9fcf8749a35ec4bbe91d5f3c51ed8091ee67f4e8b57d-1","properties":{"facility_id":"b06b24815f05c43f890b9fcf8749a35ec4bbe91d5f3c51ed8091ee67f4e8b57d","point_ordinal":1,"zone_group_id":"462302029976","source_manage_no":"462302029976","facility_name":"담마루노인복지센터","sgg_code":"12190","facility_type_code":"2","api_first_registered_on":null,"api_last_modified_on":"2026-04-13","updated_at":"2026-07-25T01:27:52.347112+00:00"},"geometry":{"type":"Point","coordinates":[127.69722842,34.930293737]}},{"type":"Feature","id":"e4d0d7a0564db10dab082614573b487ce771beada792d76f9cffaf5ea62c4b86-1","properties":{"facility_id":"e4d0d7a0564db10dab082614573b487ce771beada792d76f9cffaf5ea62c4b86","point_ordinal":1,"zone_group_id":"462301012924","source_manage_no":"462301012924","facility_name":"덕례초등학교","sgg_code":"12190","facility_type_code":"1","api_first_registered_on":"1996-05-22","api_last_modified_on":null,"updated_at":"2026-07-25T01:27:52.347112+00:00"},"geometry":{"type":"Point","coordinates":[127.570994053,34.968359108]}},{"type":"Feature","id":"c8ec327e3849ae30e2153ac65ef0d42a2176df88d4a73cc4737d368ddaeefbf2-1","properties":{"facility_id":"c8ec327e3849ae30e2153ac65ef0d42a2176df88d4a73cc4737d368ddaeefbf2","point_ordinal":1,"zone_group_id":"462301012926","source_manage_no":"462301012926","facility_name":"동심어린이집","sgg_code":"12190","facility_type_code":"1","api_first_registered_on":"2010-12-22","api_last_modified_on":null,"updated_at":"2026-07-25T01:27:52.347112+00:00"},"geometry":{"type":"Point","coordinates":[127.570171972,34.965442426]}},{"type":"Feature","id":"b9a9f8c8014c7925f189753205208c5e763ed2b18a4fd1db51daceb8fd1c5ff6-1","properties":{"facility_id":"b9a9f8c8014c7925f189753205208c5e763ed2b18a4fd1db51daceb8fd1c5ff6","point_ordinal":1,"zone_group_id":"462301012992","source_manage_no":"462301012992","facility_name":"동화나라어린이집","sgg_code":"12190","facility_type_code":"1","api_first_registered_on":"2010-12-22","api_last_modified_on":null,"updated_at":"2026-07-25T01:27:52.347112+00:00"},"geometry":{"type":"Point","coordinates":[127.69914371,34.933025801]}},{"type":"Feature","id":"575959c3f84bb649d76cc0d77bcd83d28adc102a9c6610c12ad8c5a3401240e0-1","properties":{"facility_id":"575959c3f84bb649d76cc0d77bcd83d28adc102a9c6610c12ad8c5a3401240e0","point_ordinal":1,"zone_group_id":"462301012934","source_manage_no":"462301012934","facility_name":"리베어린이집","sgg_code":"12190","facility_type_code":"1","api_first_registered_on":"2010-12-22","api_last_modified_on":null,"updated_at":"2026-07-25T01:27:52.347112+00:00"},"geometry":{"type":"Point","coordinates":[127.590482882,34.978635695]}},{"type":"Feature","id":"3b17a97c8d90770b49ebc8aac9850e2fc4bcbdd983caa0ae1df90c07d2afd253-1","properties":{"facility_id":"3b17a97c8d90770b49ebc8aac9850e2fc4bcbdd983caa0ae1df90c07d2afd253","point_ordinal":1,"zone_group_id":"462301012993","source_manage_no":"462301012993","facility_name":"마동초등학교","sgg_code":"12190","facility_type_code":"1","api_first_registered_on":null,"api_last_modified_on":null,"updated_at":"2026-07-25T01:27:52.347112+00:00"},"geometry":{"type":"Point","coordinates":[127.688567618,34.955509243]}},{"type":"Feature","id":"092a94ac671bd4276f076dcb2c2a2b7967fe55392e397a8c37cfc1bd81e9f63e-1","properties":{"facility_id":"092a94ac671bd4276f076dcb2c2a2b7967fe55392e397a8c37cfc1bd81e9f63e","point_ordinal":1,"zone_group_id":"462301012998","source_manage_no":"462301012998","facility_name":"백운초등학교","sgg_code":"12190","facility_type_code":"1","api_first_registered_on":"2006-03-20","api_last_modified_on":null,"updated_at":"2026-07-25T01:27:52.347112+00:00"},"geometry":{"type":"Point","coordinates":[127.691258333,34.937078319]}},{"type":"Feature","id":"9cc023cdf5cd81dc21428e4adfd33ba23962e96dcbc4da2a1cb11748c7ef5eb6-1","properties":{"facility_id":"9cc023cdf5cd81dc21428e4adfd33ba23962e96dcbc4da2a1cb11748c7ef5eb6","point_ordinal":1,"zone_group_id":"462301012998","source_manage_no":"462301012997","facility_name":"백운초등학교 병설유치원","sgg_code":"12190","facility_type_code":"1","api_first_registered_on":"2006-03-20","api_last_modified_on":null,"updated_at":"2026-07-25T01:27:52.347112+00:00"},"geometry":{"type":"Point","coordinates":[127.691258501,34.937150459]}},{"type":"Feature","id":"6d1060267c180098394b7c05b5be1ae4812ca08a194187cad01b5956d9d1cfe8-1","properties":{"facility_id":"6d1060267c180098394b7c05b5be1ae4812ca08a194187cad01b5956d9d1cfe8","point_ordinal":1,"zone_group_id":"462301012927","source_manage_no":"462301012927","facility_name":"백합어린이집","sgg_code":"12190","facility_type_code":"1","api_first_registered_on":"2010-12-22","api_last_modified_on":null,"updated_at":"2026-07-25T01:27:52.347112+00:00"},"geometry":{"type":"Point","coordinates":[127.607524209,34.972881575]}},{"type":"Feature","id":"cc30a0652dea79873ee9e57a40b127ea6bac643fae2dc6d9619f501513db56e4-1","properties":{"facility_id":"cc30a0652dea79873ee9e57a40b127ea6bac643fae2dc6d9619f501513db56e4","point_ordinal":1,"zone_group_id":"462301012916","source_manage_no":"462301012928","facility_name":"보은어린이집","sgg_code":"12190","facility_type_code":"1","api_first_registered_on":"2010-12-22","api_last_modified_on":null,"updated_at":"2026-07-25T01:27:52.347112+00:00"},"geometry":{"type":"Point","coordinates":[127.593396788,34.976969161]}},{"type":"Feature","id":"aa1d36565a1f79e48930ff6bf6ed3ac5ae0774662ba47e9aa9f40a33195f356a-1","properties":{"facility_id":"aa1d36565a1f79e48930ff6bf6ed3ac5ae0774662ba47e9aa9f40a33195f356a","point_ordinal":1,"zone_group_id":"462301012973","source_manage_no":"462301012973","facility_name":"봉강초등학교","sgg_code":"12190","facility_type_code":"1","api_first_registered_on":"1996-05-22","api_last_modified_on":null,"updated_at":"2026-07-25T01:27:52.347112+00:00"},"geometry":{"type":"Point","coordinates":[127.581681913,35.01150768]}},{"type":"Feature","id":"4ee509de4a5e261fb82a6252d315f2d14395e48e4005d93ceb2fad375b9d943a-1","properties":{"facility_id":"4ee509de4a5e261fb82a6252d315f2d14395e48e4005d93ceb2fad375b9d943a","point_ordinal":1,"zone_group_id":"462301012973","source_manage_no":"462301018981","facility_name":"봉강초등학교 병설유치원","sgg_code":"12190","facility_type_code":"1","api_first_registered_on":"1996-05-22","api_last_modified_on":null,"updated_at":"2026-07-25T01:27:52.347112+00:00"},"geometry":{"type":"Point","coordinates":[127.581663846,35.011658075]}},{"type":"Feature","id":"ede5ee62afdacdd2cafd89268ac3982221e355db734358e4a9616f47c6012095-1","properties":{"facility_id":"ede5ee62afdacdd2cafd89268ac3982221e355db734358e4a9616f47c6012095","point_ordinal":1,"zone_group_id":"462301012993","source_manage_no":"462301013025","facility_name":"부경유치원(구 홍익유치원)","sgg_code":"12190","facility_type_code":"1","api_first_registered_on":"2010-12-22","api_last_modified_on":"2025-02-21","updated_at":"2026-07-25T01:27:52.347112+00:00"},"geometry":{"type":"Point","coordinates":[127.691560711,34.95508104]}},{"type":"Feature","id":"70bb5f43e2a26a14fbd4215097cf4542ced144bc0a28463cacc890be97e1483f-1","properties":{"facility_id":"70bb5f43e2a26a14fbd4215097cf4542ced144bc0a28463cacc890be97e1483f","point_ordinal":1,"zone_group_id":"462301012958","source_manage_no":"462301012958","facility_name":"뽀뽀뽀유치원","sgg_code":"12190","facility_type_code":"1","api_first_registered_on":"2010-12-22","api_last_modified_on":null,"updated_at":"2026-07-25T01:27:52.347112+00:00"},"geometry":{"type":"Point","coordinates":[127.710461391,34.965595954]}},{"type":"Feature","id":"836abfeeb24314e4d7aae7897ac29721aeca77b8967ac7e3c4d8013b8e44f09f-1","properties":{"facility_id":"836abfeeb24314e4d7aae7897ac29721aeca77b8967ac7e3c4d8013b8e44f09f","point_ordinal":1,"zone_group_id":"462301012907","source_manage_no":"462301012907","facility_name":"산새소리숲유치원","sgg_code":"12190","facility_type_code":"1","api_first_registered_on":"2013-12-31","api_last_modified_on":null,"updated_at":"2026-07-25T01:27:52.347112+00:00"},"geometry":{"type":"Point","coordinates":[127.657226263,34.943601705]}},{"type":"Feature","id":"1244e152ee53324590247dbc16ee4fc36515eb7c8a98d39e67ed04743ef37843-1","properties":{"facility_id":"1244e152ee53324590247dbc16ee4fc36515eb7c8a98d39e67ed04743ef37843","point_ordinal":1,"zone_group_id":"462301012959","source_manage_no":"462301012959","facility_name":"새나라어린이집","sgg_code":"12190","facility_type_code":"1","api_first_registered_on":"2010-12-22","api_last_modified_on":null,"updated_at":"2026-07-25T01:27:52.347112+00:00"},"geometry":{"type":"Point","coordinates":[127.578304641,34.981921404]}},{"type":"Feature","id":"9483f500f972edd8c8ce201aebebb20152acb8db6d27a1b3a511ea76357465f1-1","properties":{"facility_id":"9483f500f972edd8c8ce201aebebb20152acb8db6d27a1b3a511ea76357465f1","point_ordinal":1,"zone_group_id":"462301012908","source_manage_no":"462301012908","facility_name":"성황초등학교","sgg_code":"12190","facility_type_code":"1","api_first_registered_on":"1996-04-30","api_last_modified_on":null,"updated_at":"2026-07-25T01:27:52.347112+00:00"},"geometry":{"type":"Point","coordinates":[127.681962754,34.940379458]}},{"type":"Feature","id":"1340439baa1efc74df93be71f47d23e597adf23f2efbdcdde711dc9c00d9cd3c-1","properties":{"facility_id":"1340439baa1efc74df93be71f47d23e597adf23f2efbdcdde711dc9c00d9cd3c","point_ordinal":1,"zone_group_id":"462301012908","source_manage_no":"462301018975","facility_name":"성황초등학교 병설유치원","sgg_code":"12190","facility_type_code":"1","api_first_registered_on":"1996-04-30","api_last_modified_on":null,"updated_at":"2026-07-25T01:27:52.347112+00:00"},"geometry":{"type":"Point","coordinates":[127.681959617,34.940270671]}},{"type":"Feature","id":"6a348199a7ae969f052729cf404538016988609537587fb26d5067d609ef771f-1","properties":{"facility_id":"6a348199a7ae969f052729cf404538016988609537587fb26d5067d609ef771f","point_ordinal":1,"zone_group_id":"462301012930","source_manage_no":"462301012930","facility_name":"세풍초등학교","sgg_code":"12190","facility_type_code":"1","api_first_registered_on":"1996-04-30","api_last_modified_on":null,"updated_at":"2026-07-25T01:27:52.347112+00:00"},"geometry":{"type":"Point","coordinates":[127.582545732,34.943269578]}},{"type":"Feature","id":"7a720af6f41a39eac1dd58db4ad15a096850e0e55b5b163dd0a3ca5aba5ad38b-1","properties":{"facility_id":"7a720af6f41a39eac1dd58db4ad15a096850e0e55b5b163dd0a3ca5aba5ad38b","point_ordinal":1,"zone_group_id":"462301012930","source_manage_no":"462301018968","facility_name":"세풍초등학교 병설유치원","sgg_code":"12190","facility_type_code":"1","api_first_registered_on":"1996-04-30","api_last_modified_on":null,"updated_at":"2026-07-25T01:27:52.347112+00:00"},"geometry":{"type":"Point","coordinates":[127.581890506,34.943055913]}},{"type":"Feature","id":"b9d19e356e1cc1f72bfdff9b60786ddb119666b04b240108525141b870c199d2-1","properties":{"facility_id":"b9d19e356e1cc1f72bfdff9b60786ddb119666b04b240108525141b870c199d2","point_ordinal":1,"zone_group_id":"462301012910","source_manage_no":"462301012910","facility_name":"스마일어린이집","sgg_code":"12190","facility_type_code":"1","api_first_registered_on":"2015-08-31","api_last_modified_on":null,"updated_at":"2026-07-25T01:27:52.347112+00:00"},"geometry":{"type":"Point","coordinates":[127.683356853,34.939164529]}},{"type":"Feature","id":"d96d4cef50dbd7260837278b41caaea7b694224e2c7d5b73cf91f7aad616206b-1","properties":{"facility_id":"d96d4cef50dbd7260837278b41caaea7b694224e2c7d5b73cf91f7aad616206b","point_ordinal":1,"zone_group_id":"462301012943","source_manage_no":"462301012932","facility_name":"슬기어린이집","sgg_code":"12190","facility_type_code":"1","api_first_registered_on":"2015-08-31","api_last_modified_on":null,"updated_at":"2026-07-25T01:27:52.347112+00:00"},"geometry":{"type":"Point","coordinates":[127.607859562,34.969634986]}},{"type":"Feature","id":"e880c3cfc9cc9470f606e9b9b1260bdd367e00d7339f70509ae835cfd71348d7-1","properties":{"facility_id":"e880c3cfc9cc9470f606e9b9b1260bdd367e00d7339f70509ae835cfd71348d7","point_ordinal":1,"zone_group_id":"462301018908","source_manage_no":"462301018908","facility_name":"아이캐슬어린이집","sgg_code":"12190","facility_type_code":"1","api_first_registered_on":"2020-04-08","api_last_modified_on":null,"updated_at":"2026-07-25T01:27:52.347112+00:00"},"geometry":{"type":"Point","coordinates":[127.575532245,34.965223961]}},{"type":"Feature","id":"a59fdd58f6e058c91a78de6e4f65f88025edc967743defc27f736864292d3377-1","properties":{"facility_id":"a59fdd58f6e058c91a78de6e4f65f88025edc967743defc27f736864292d3377","point_ordinal":1,"zone_group_id":"462301013003","source_manage_no":"462301013003","facility_name":"안데르센어린이집","sgg_code":"12190","facility_type_code":"1","api_first_registered_on":"2010-12-22","api_last_modified_on":null,"updated_at":"2026-07-25T01:27:52.347112+00:00"},"geometry":{"type":"Point","coordinates":[127.695067978,34.932004415]}},{"type":"Feature","id":"f18e2f98a308ef1d436cad1686bd0a21f99887e7d8d6d9ea5cb4c1a12a818f85-1","properties":{"facility_id":"f18e2f98a308ef1d436cad1686bd0a21f99887e7d8d6d9ea5cb4c1a12a818f85","point_ordinal":1,"zone_group_id":"462301013004","source_manage_no":"462301013004","facility_name":"에벤에셀어린이집","sgg_code":"12190","facility_type_code":"1","api_first_registered_on":"2010-12-22","api_last_modified_on":null,"updated_at":"2026-07-25T01:27:52.347112+00:00"},"geometry":{"type":"Point","coordinates":[127.695196874,34.930949158]}},{"type":"Feature","id":"23801cc6a547b36b261b6bdb1931251a906b80b6f66c4846a9e542ff68a134f3-1","properties":{"facility_id":"23801cc6a547b36b261b6bdb1931251a906b80b6f66c4846a9e542ff68a134f3","point_ordinal":1,"zone_group_id":"462301013005","source_manage_no":"462301013005","facility_name":"엔젤어린이집","sgg_code":"12190","facility_type_code":"1","api_first_registered_on":null,"api_last_modified_on":null,"updated_at":"2026-07-25T01:27:52.347112+00:00"},"geometry":{"type":"Point","coordinates":[127.69621359,34.952976152]}},{"type":"Feature","id":"741c8cb519ee202e415e0a3e9de99a24e76c9f840e21635e8741bf26da366e7b-1","properties":{"facility_id":"741c8cb519ee202e415e0a3e9de99a24e76c9f840e21635e8741bf26da366e7b","point_ordinal":1,"zone_group_id":"462301012978","source_manage_no":"462301012978","facility_name":"옥곡초등학교","sgg_code":"12190","facility_type_code":"1","api_first_registered_on":"1996-05-22","api_last_modified_on":null,"updated_at":"2026-07-25T01:27:52.347112+00:00"},"geometry":{"type":"Point","coordinates":[127.694312675,34.990862928]}},{"type":"Feature","id":"d7cc77989437cc73e29e897c9a802b3841d261d1705859cee90c1e97379b63e0-1","properties":{"facility_id":"d7cc77989437cc73e29e897c9a802b3841d261d1705859cee90c1e97379b63e0","point_ordinal":1,"zone_group_id":"462301012978","source_manage_no":"462301018990","facility_name":"옥곡초등학교 병설유치원","sgg_code":"12190","facility_type_code":"1","api_first_registered_on":"1996-05-22","api_last_modified_on":null,"updated_at":"2026-07-25T01:27:52.347112+00:00"},"geometry":{"type":"Point","coordinates":[127.694598987,34.991114952]}},{"type":"Feature","id":"99cdb7ca38d4d20e984f783a58f0186e6991fd5ed0cfdadc699ee6b9041403ca-1","properties":{"facility_id":"99cdb7ca38d4d20e984f783a58f0186e6991fd5ed0cfdadc699ee6b9041403ca","point_ordinal":1,"zone_group_id":"462301012980","source_manage_no":"462301012980","facility_name":"옥룡북초등학교","sgg_code":"12190","facility_type_code":"1","api_first_registered_on":"1996-05-22","api_last_modified_on":null,"updated_at":"2026-07-25T01:27:52.347112+00:00"},"geometry":{"type":"Point","coordinates":[127.617158265,35.041281566]}},{"type":"Feature","id":"cc3373aa778e1c853e547f6b788d8ae118d6f6aa0cedfa98c683639e64a6527e-1","properties":{"facility_id":"cc3373aa778e1c853e547f6b788d8ae118d6f6aa0cedfa98c683639e64a6527e","point_ordinal":1,"zone_group_id":"462301012980","source_manage_no":"462301018986","facility_name":"옥룡북초등학교 병설유치원","sgg_code":"12190","facility_type_code":"1","api_first_registered_on":"1996-05-22","api_last_modified_on":null,"updated_at":"2026-07-25T01:27:52.347112+00:00"},"geometry":{"type":"Point","coordinates":[127.617176685,35.041184808]}},{"type":"Feature","id":"648d94c5d0f5c156205c699ba0f83ea8263628d23257ed3dabab51f624c85805-1","properties":{"facility_id":"648d94c5d0f5c156205c699ba0f83ea8263628d23257ed3dabab51f624c85805","point_ordinal":1,"zone_group_id":"462301012982","source_manage_no":"462301012982","facility_name":"옥룡초등학교","sgg_code":"12190","facility_type_code":"1","api_first_registered_on":"1996-05-22","api_last_modified_on":null,"updated_at":"2026-07-25T01:27:52.347112+00:00"},"geometry":{"type":"Point","coordinates":[127.618960846,35.015566365]}},{"type":"Feature","id":"8436ff7b9abe003260cea18781ca8aadc77bde4e301afed54da16fb654590cf4-1","properties":{"facility_id":"8436ff7b9abe003260cea18781ca8aadc77bde4e301afed54da16fb654590cf4","point_ordinal":1,"zone_group_id":"462301012982","source_manage_no":"462301018985","facility_name":"옥룡초등학교 병설유치원","sgg_code":"12190","facility_type_code":"1","api_first_registered_on":"1996-05-22","api_last_modified_on":null,"updated_at":"2026-07-25T01:27:52.347112+00:00"},"geometry":{"type":"Point","coordinates":[127.618807165,35.01540884]}},{"type":"Feature","id":"57962571b9b2f34d77c996d648692d71488a0e34dc7f8ab41033f463687382ed-1","properties":{"facility_id":"57962571b9b2f34d77c996d648692d71488a0e34dc7f8ab41033f463687382ed","point_ordinal":1,"zone_group_id":"462301012938","source_manage_no":"462301012938","facility_name":"온누리어린이집","sgg_code":"12190","facility_type_code":"1","api_first_registered_on":"2010-12-22","api_last_modified_on":null,"updated_at":"2026-07-25T01:27:52.347112+00:00"},"geometry":{"type":"Point","coordinates":[127.578757872,34.974680082]}},{"type":"Feature","id":"3a55a41ac0c16da691a1709cf1d405e31ff986e3d60073839c562f7f1b1d7717-1","properties":{"facility_id":"3a55a41ac0c16da691a1709cf1d405e31ff986e3d60073839c562f7f1b1d7717","point_ordinal":1,"zone_group_id":"462301012989","source_manage_no":"462301013008","facility_name":"왕자와공주꿈동산어린이집","sgg_code":"12190","facility_type_code":"1","api_first_registered_on":"2010-12-22","api_last_modified_on":null,"updated_at":"2026-07-25T01:27:52.347112+00:00"},"geometry":{"type":"Point","coordinates":[127.692410934,34.938284846]}},{"type":"Feature","id":"cbc3a42e1bf92bd9419bb18c9e5c9e4f34f8a8b9bf8484b1cbefc64591de108d-1","properties":{"facility_id":"cbc3a42e1bf92bd9419bb18c9e5c9e4f34f8a8b9bf8484b1cbefc64591de108d","point_ordinal":1,"zone_group_id":"462301012941","source_manage_no":"462301012939","facility_name":"용강어린이집","sgg_code":"12190","facility_type_code":"1","api_first_registered_on":"2010-12-22","api_last_modified_on":null,"updated_at":"2026-07-25T01:27:52.347112+00:00"},"geometry":{"type":"Point","coordinates":[127.608579812,34.975847385]}},{"type":"Feature","id":"c65a577d93a5ac6d2f4da5f43cd62354312b0e32b74d47228b9749d2216a4203-1","properties":{"facility_id":"c65a577d93a5ac6d2f4da5f43cd62354312b0e32b74d47228b9749d2216a4203","point_ordinal":1,"zone_group_id":"462301012941","source_manage_no":"462301012941","facility_name":"용강초등학교","sgg_code":"12190","facility_type_code":"1","api_first_registered_on":"2003-04-20","api_last_modified_on":null,"updated_at":"2026-07-25T01:27:52.347112+00:00"},"geometry":{"type":"Point","coordinates":[127.609740934,34.975729114]}},{"type":"Feature","id":"cc4a0397b27b31232bf689ec1b92090135ec6702547bd567f38ad99cb6db65d6-1","properties":{"facility_id":"cc4a0397b27b31232bf689ec1b92090135ec6702547bd567f38ad99cb6db65d6","point_ordinal":1,"zone_group_id":"462301012941","source_manage_no":"462301012940","facility_name":"용강초등학교 병설유치원","sgg_code":"12190","facility_type_code":"1","api_first_registered_on":"2003-04-20","api_last_modified_on":null,"updated_at":"2026-07-25T01:27:52.347112+00:00"},"geometry":{"type":"Point","coordinates":[127.609490075,34.976567966]}},{"type":"Feature","id":"da44c3783b6174b899df50b7fd56fbd5bfdd4f78f5dbe4288f2df1811a15b9b5-1","properties":{"facility_id":"da44c3783b6174b899df50b7fd56fbd5bfdd4f78f5dbe4288f2df1811a15b9b5","point_ordinal":1,"zone_group_id":"462301012943","source_manage_no":"462301012943","facility_name":"자연어린이집","sgg_code":"12190","facility_type_code":"1","api_first_registered_on":"2015-08-31","api_last_modified_on":null,"updated_at":"2026-07-25T01:27:52.347112+00:00"},"geometry":{"type":"Point","coordinates":[127.609216513,34.968560692]}},{"type":"Feature","id":"f206f8da20c972ca7eb829b67e247e1a141cb543e997353b133bd7c056ab0348-1","properties":{"facility_id":"f206f8da20c972ca7eb829b67e247e1a141cb543e997353b133bd7c056ab0348","point_ordinal":1,"zone_group_id":"462301012965","source_manage_no":"462301012965","facility_name":"제철남초등학교","sgg_code":"12190","facility_type_code":"1","api_first_registered_on":"1996-05-22","api_last_modified_on":null,"updated_at":"2026-07-25T01:27:52.347112+00:00"},"geometry":{"type":"Point","coordinates":[127.721122269,34.934306244]}},{"type":"Feature","id":"8fa6823edc564a4e576d6268ce0b0b506ff989279f354ab860c7a74d004040ea-1","properties":{"facility_id":"8fa6823edc564a4e576d6268ce0b0b506ff989279f354ab860c7a74d004040ea","point_ordinal":1,"zone_group_id":"462301012967","source_manage_no":"462301012967","facility_name":"제철초등학교","sgg_code":"12190","facility_type_code":"1","api_first_registered_on":"1996-05-22","api_last_modified_on":null,"updated_at":"2026-07-25T01:27:52.347112+00:00"},"geometry":{"type":"Point","coordinates":[127.729454296,34.945650533]}},{"type":"Feature","id":"02a87731da596f181742f81a52cf7d7381587076bec22daf18724775093dce80-1","properties":{"facility_id":"02a87731da596f181742f81a52cf7d7381587076bec22daf18724775093dce80","point_ordinal":1,"zone_group_id":"462301013010","source_manage_no":"462301013010","facility_name":"중동초등학교","sgg_code":"12190","facility_type_code":"1","api_first_registered_on":"1999-03-22","api_last_modified_on":null,"updated_at":"2026-07-25T01:27:52.347112+00:00"},"geometry":{"type":"Point","coordinates":[127.695554233,34.933888296]}},{"type":"Feature","id":"118ace52ae1b7ce1f26f687a779026378a6d2e89d6d78047c68086580ee9ac2f-1","properties":{"facility_id":"118ace52ae1b7ce1f26f687a779026378a6d2e89d6d78047c68086580ee9ac2f","point_ordinal":1,"zone_group_id":"462302013012","source_manage_no":"462302013012","facility_name":"중마복지회관","sgg_code":"12190","facility_type_code":"2","api_first_registered_on":null,"api_last_modified_on":null,"updated_at":"2026-07-25T01:27:52.347112+00:00"},"geometry":{"type":"Point","coordinates":[127.693972837,34.94123109]}},{"type":"Feature","id":"6487e7b36396c7ece580749317ddeb26d71aa0023be0448e32c4bc50d8294d0b-1","properties":{"facility_id":"6487e7b36396c7ece580749317ddeb26d71aa0023be0448e32c4bc50d8294d0b","point_ordinal":1,"zone_group_id":"462301013014","source_manage_no":"462301013014","facility_name":"중앙어린이집","sgg_code":"12190","facility_type_code":"1","api_first_registered_on":"2010-12-22","api_last_modified_on":null,"updated_at":"2026-07-25T01:27:52.347112+00:00"},"geometry":{"type":"Point","coordinates":[127.68818221,34.947065507]}},{"type":"Feature","id":"feed01392d5782b83a5aeeb6e8d86205147887658966be8d5af86ffbe83bac53-1","properties":{"facility_id":"feed01392d5782b83a5aeeb6e8d86205147887658966be8d5af86ffbe83bac53","point_ordinal":1,"zone_group_id":"462301013015","source_manage_no":"462301013015","facility_name":"중앙초등학교","sgg_code":"12190","facility_type_code":"1","api_first_registered_on":"1996-04-30","api_last_modified_on":null,"updated_at":"2026-07-25T01:27:52.347112+00:00"},"geometry":{"type":"Point","coordinates":[127.694282826,34.944818846]}},{"type":"Feature","id":"0e72dc0496a797be8964d0d03278164d282b0d6fc792e6c719231938df7ede76-1","properties":{"facility_id":"0e72dc0496a797be8964d0d03278164d282b0d6fc792e6c719231938df7ede76","point_ordinal":1,"zone_group_id":"462301013015","source_manage_no":"462301018971","facility_name":"중앙초등학교 병설유치원","sgg_code":"12190","facility_type_code":"1","api_first_registered_on":"1996-04-30","api_last_modified_on":"2026-06-23","updated_at":"2026-07-25T01:27:52.347112+00:00"},"geometry":{"type":"Point","coordinates":[127.693365237,34.944796331]}},{"type":"Feature","id":"90bf0d5a0f8d96ab81c9c19f074154b3ded7baf13d10686ca749ff427655a6d2-1","properties":{"facility_id":"90bf0d5a0f8d96ab81c9c19f074154b3ded7baf13d10686ca749ff427655a6d2","point_ordinal":1,"zone_group_id":"462301013027","source_manage_no":"462301013026","facility_name":"진상어린이집","sgg_code":"12190","facility_type_code":"1","api_first_registered_on":"2010-12-22","api_last_modified_on":null,"updated_at":"2026-07-25T01:27:52.347112+00:00"},"geometry":{"type":"Point","coordinates":[127.716838481,35.020293483]}},{"type":"Feature","id":"8920ab51f2923a6ac3c0b6027079dac873dbed064e90ec6c351fc78142bed98c-1","properties":{"facility_id":"8920ab51f2923a6ac3c0b6027079dac873dbed064e90ec6c351fc78142bed98c","point_ordinal":1,"zone_group_id":"462301013027","source_manage_no":"462301013027","facility_name":"진상초등학교","sgg_code":"12190","facility_type_code":"1","api_first_registered_on":"1996-05-22","api_last_modified_on":null,"updated_at":"2026-07-25T01:27:52.347112+00:00"},"geometry":{"type":"Point","coordinates":[127.716573079,35.019410252]}},{"type":"Feature","id":"c719c247322cbfc2243807de7571d3b8c6b27b2ef65feed9d98f0245c9689f7e-1","properties":{"facility_id":"c719c247322cbfc2243807de7571d3b8c6b27b2ef65feed9d98f0245c9689f7e","point_ordinal":1,"zone_group_id":"462301013027","source_manage_no":"462301013028","facility_name":"진상초등학교 병설유치원","sgg_code":"12190","facility_type_code":"1","api_first_registered_on":"1996-05-22","api_last_modified_on":null,"updated_at":"2026-07-25T01:27:52.347112+00:00"},"geometry":{"type":"Point","coordinates":[127.715183414,35.020332497]}},{"type":"Feature","id":"d13000037a30dbdf2f8043d080478aeb0721ec5f53d9519bb85af302e108b08f-1","properties":{"facility_id":"d13000037a30dbdf2f8043d080478aeb0721ec5f53d9519bb85af302e108b08f","point_ordinal":1,"zone_group_id":"462301013030","source_manage_no":"462301013030","facility_name":"진월초등학교","sgg_code":"12190","facility_type_code":"1","api_first_registered_on":"1996-05-22","api_last_modified_on":null,"updated_at":"2026-07-25T01:27:52.347112+00:00"},"geometry":{"type":"Point","coordinates":[127.759761732,34.977359439]}},{"type":"Feature","id":"3c06f6e4e339ce0d2854c1852eb5de77a22986c19265122c7d5b9541a27e4daa-1","properties":{"facility_id":"3c06f6e4e339ce0d2854c1852eb5de77a22986c19265122c7d5b9541a27e4daa","point_ordinal":1,"zone_group_id":"462301013030","source_manage_no":"462301018991","facility_name":"진월초등학교 병설유치원","sgg_code":"12190","facility_type_code":"1","api_first_registered_on":"1996-05-22","api_last_modified_on":null,"updated_at":"2026-07-25T01:27:52.347112+00:00"},"geometry":{"type":"Point","coordinates":[127.759581324,34.978575462]}},{"type":"Feature","id":"f9dcedf03b7fc60ddd0d682c2730c10290335554089997b94eb7edb65cc08084-1","properties":{"facility_id":"f9dcedf03b7fc60ddd0d682c2730c10290335554089997b94eb7edb65cc08084","point_ordinal":1,"zone_group_id":"462302012944","source_manage_no":"462302012944","facility_name":"칠성요양병원","sgg_code":"12190","facility_type_code":"2","api_first_registered_on":null,"api_last_modified_on":null,"updated_at":"2026-07-25T01:27:52.347112+00:00"},"geometry":{"type":"Point","coordinates":[127.584036927,34.973296869]}},{"type":"Feature","id":"f95b5cef71df51f648fe1c8e8b141512a160b2d05b2894d6576f139a0e59442b-1","properties":{"facility_id":"f95b5cef71df51f648fe1c8e8b141512a160b2d05b2894d6576f139a0e59442b","point_ordinal":1,"zone_group_id":"462301012945","source_manage_no":"462301012945","facility_name":"칠성초등학교","sgg_code":"12190","facility_type_code":"1","api_first_registered_on":"2003-04-20","api_last_modified_on":null,"updated_at":"2026-07-25T01:27:52.347112+00:00"},"geometry":{"type":"Point","coordinates":[127.578436484,34.979265379]}},{"type":"Feature","id":"0b9b2c7782fa76e98c74339577270dfa058d0c2599fb3bd51e84befd76192cac-1","properties":{"facility_id":"0b9b2c7782fa76e98c74339577270dfa058d0c2599fb3bd51e84befd76192cac","point_ordinal":1,"zone_group_id":"462301012947","source_manage_no":"462301012947","facility_name":"키즈아이원어린이집","sgg_code":"12190","facility_type_code":"1","api_first_registered_on":"2015-08-31","api_last_modified_on":null,"updated_at":"2026-07-25T01:27:52.347112+00:00"},"geometry":{"type":"Point","coordinates":[127.56316342,34.968142502]}},{"type":"Feature","id":"9abef8167ee7dfdd40de0eaa2fe11946ac52eb970267499ff99b0fc07ac1f85f-1","properties":{"facility_id":"9abef8167ee7dfdd40de0eaa2fe11946ac52eb970267499ff99b0fc07ac1f85f","point_ordinal":1,"zone_group_id":"462301013031","source_manage_no":"462301013031","facility_name":"태인어린이집","sgg_code":"12190","facility_type_code":"1","api_first_registered_on":"2010-12-22","api_last_modified_on":null,"updated_at":"2026-07-25T01:27:52.347112+00:00"},"geometry":{"type":"Point","coordinates":[127.749083961,34.943357917]}},{"type":"Feature","id":"d5300554fe555e5407f5519ad522955f11a30abb48e8b1e25dfe68487a131713-1","properties":{"facility_id":"d5300554fe555e5407f5519ad522955f11a30abb48e8b1e25dfe68487a131713","point_ordinal":1,"zone_group_id":"462301013032","source_manage_no":"462301013032","facility_name":"태인초등학교","sgg_code":"12190","facility_type_code":"1","api_first_registered_on":"2006-12-07","api_last_modified_on":null,"updated_at":"2026-07-25T01:27:52.347112+00:00"},"geometry":{"type":"Point","coordinates":[127.744606025,34.945533666]}},{"type":"Feature","id":"16c0ce137e60fc4d9b2afb25e53e2d762851eb79075ce3b552d9f55532afd7d2-1","properties":{"facility_id":"16c0ce137e60fc4d9b2afb25e53e2d762851eb79075ce3b552d9f55532afd7d2","point_ordinal":1,"zone_group_id":"462301013032","source_manage_no":"462301018979","facility_name":"태인초등학교 병설유치원","sgg_code":"12190","facility_type_code":"1","api_first_registered_on":"2006-12-07","api_last_modified_on":null,"updated_at":"2026-07-25T01:27:52.347112+00:00"},"geometry":{"type":"Point","coordinates":[127.744616808,34.945619688]}},{"type":"Feature","id":"ce8a02c88bd9687d2544d9e5c78fd7aa9894dae98bbfa1a7a76c97c26049553e-1","properties":{"facility_id":"ce8a02c88bd9687d2544d9e5c78fd7aa9894dae98bbfa1a7a76c97c26049553e","point_ordinal":1,"zone_group_id":"462301012948","source_manage_no":"462301012948","facility_name":"파랑새어린이집","sgg_code":"12190","facility_type_code":"1","api_first_registered_on":"2010-12-22","api_last_modified_on":null,"updated_at":"2026-07-25T01:27:52.347112+00:00"},"geometry":{"type":"Point","coordinates":[127.581687598,34.979367232]}},{"type":"Feature","id":"faabbba7d6ab8c91d7ffbd87eed562b64795bf16709875b079b6201f4bc8eae5-1","properties":{"facility_id":"faabbba7d6ab8c91d7ffbd87eed562b64795bf16709875b079b6201f4bc8eae5","point_ordinal":1,"zone_group_id":"462301018783","source_manage_no":"462301018783","facility_name":"포스코금당어린이집","sgg_code":"12190","facility_type_code":"1","api_first_registered_on":"2020-06-23","api_last_modified_on":null,"updated_at":"2026-07-25T01:27:52.347112+00:00"},"geometry":{"type":"Point","coordinates":[127.722084333,34.938001373]}},{"type":"Feature","id":"0d187e28b9cd54af9749557949c868062b3572f6c39f4f10b349b03a3d4c287a-1","properties":{"facility_id":"0d187e28b9cd54af9749557949c868062b3572f6c39f4f10b349b03a3d4c287a","point_ordinal":1,"zone_group_id":"462301012969","source_manage_no":"462301012969","facility_name":"포스코어린이집","sgg_code":"12190","facility_type_code":"1","api_first_registered_on":"2010-12-22","api_last_modified_on":null,"updated_at":"2026-07-25T01:27:52.347112+00:00"},"geometry":{"type":"Point","coordinates":[127.72673856,34.941508003]}},{"type":"Feature","id":"45dc5372e599fb75ea91545d8817220154097c6fefe1a8b5e1314ae672eeae3d-1","properties":{"facility_id":"45dc5372e599fb75ea91545d8817220154097c6fefe1a8b5e1314ae672eeae3d","point_ordinal":1,"zone_group_id":"462301012949","source_manage_no":"462301012949","facility_name":"피노키오유아스쿨어린이집","sgg_code":"12190","facility_type_code":"1","api_first_registered_on":"2010-12-22","api_last_modified_on":null,"updated_at":"2026-07-25T01:27:52.347112+00:00"},"geometry":{"type":"Point","coordinates":[127.609745865,34.971211355]}},{"type":"Feature","id":"ff8e60335c993e013cc941981c5efe165143491cad1381fcf80a01bfe318e56e-1","properties":{"facility_id":"ff8e60335c993e013cc941981c5efe165143491cad1381fcf80a01bfe318e56e","point_ordinal":1,"zone_group_id":"462301012950","source_manage_no":"462301012950","facility_name":"한빛어린이집","sgg_code":"12190","facility_type_code":"1","api_first_registered_on":"2010-12-22","api_last_modified_on":null,"updated_at":"2026-07-25T01:27:52.347112+00:00"},"geometry":{"type":"Point","coordinates":[127.579692672,34.978394671]}},{"type":"Feature","id":"ace7e1269808352b9bd6127c622b84d1a31f1cae6f06d90a521618feb76deeea-1","properties":{"facility_id":"ace7e1269808352b9bd6127c622b84d1a31f1cae6f06d90a521618feb76deeea","point_ordinal":1,"zone_group_id":"462301013020","source_manage_no":"462301013020","facility_name":"한솔어린이집","sgg_code":"12190","facility_type_code":"1","api_first_registered_on":"2010-12-22","api_last_modified_on":null,"updated_at":"2026-07-25T01:27:52.347112+00:00"},"geometry":{"type":"Point","coordinates":[127.697227579,34.946780633]}},{"type":"Feature","id":"4f9bd40cb28ce970e3f022d5742a55c2fba39255ce848ddc9346ca4038c48f10-1","properties":{"facility_id":"4f9bd40cb28ce970e3f022d5742a55c2fba39255ce848ddc9346ca4038c48f10","point_ordinal":1,"zone_group_id":"462301012952","source_manage_no":"462301012952","facility_name":"한올유아스쿨어린이집","sgg_code":"12190","facility_type_code":"1","api_first_registered_on":"2010-12-22","api_last_modified_on":null,"updated_at":"2026-07-25T01:27:52.347112+00:00"},"geometry":{"type":"Point","coordinates":[127.576350614,34.9778197]}},{"type":"Feature","id":"689f9b0607b8d5c8499a8befa65a4230c7310d5c887e073964b479de9488f305-1","properties":{"facility_id":"689f9b0607b8d5c8499a8befa65a4230c7310d5c887e073964b479de9488f305","point_ordinal":1,"zone_group_id":"462301012990","source_manage_no":"462301013021","facility_name":"해맑은어린이집","sgg_code":"12190","facility_type_code":"1","api_first_registered_on":"2010-12-22","api_last_modified_on":null,"updated_at":"2026-07-25T01:27:52.347112+00:00"},"geometry":{"type":"Point","coordinates":[127.687022412,34.953494156]}},{"type":"Feature","id":"f689ba4d150c46470264d5b8de7c7b76c03aa01c8e36efea85b6b373a04f2fa1-1","properties":{"facility_id":"f689ba4d150c46470264d5b8de7c7b76c03aa01c8e36efea85b6b373a04f2fa1","point_ordinal":1,"zone_group_id":"462301013022","source_manage_no":"462301013022","facility_name":"해오름어린이집","sgg_code":"12190","facility_type_code":"1","api_first_registered_on":"2010-12-22","api_last_modified_on":null,"updated_at":"2026-07-25T01:27:52.347112+00:00"},"geometry":{"type":"Point","coordinates":[127.691912665,34.950026428]}},{"type":"Feature","id":"12375334e777d2a4a6b0c4983e89794571f43f5986e190daccdd1954cd27b270-1","properties":{"facility_id":"12375334e777d2a4a6b0c4983e89794571f43f5986e190daccdd1954cd27b270","point_ordinal":1,"zone_group_id":"462301012961","source_manage_no":"462301012961","facility_name":"해처럼어린이집","sgg_code":"12190","facility_type_code":"1","api_first_registered_on":"2010-12-22","api_last_modified_on":null,"updated_at":"2026-07-25T01:27:52.347112+00:00"},"geometry":{"type":"Point","coordinates":[127.726486246,34.961256775]}},{"type":"Feature","id":"a1a2e7ea0ae855197d5f72d22ead4fe028f98d2a57885e49e358f6537f5dd55f-1","properties":{"facility_id":"a1a2e7ea0ae855197d5f72d22ead4fe028f98d2a57885e49e358f6537f5dd55f","point_ordinal":1,"zone_group_id":"462301012998","source_manage_no":"462301013023","facility_name":"햇빛어린이집","sgg_code":"12190","facility_type_code":"1","api_first_registered_on":"2010-12-22","api_last_modified_on":null,"updated_at":"2026-07-25T01:27:52.347112+00:00"},"geometry":{"type":"Point","coordinates":[127.691060329,34.936690877]}},{"type":"Feature","id":"10427bae0702bd57218cefa87aa2f7db4c4fe9573751d2fd96900f0a3df132c2-1","properties":{"facility_id":"10427bae0702bd57218cefa87aa2f7db4c4fe9573751d2fd96900f0a3df132c2","point_ordinal":1,"zone_group_id":"462301012963","source_manage_no":"462301012963","facility_name":"혜화유치원","sgg_code":"12190","facility_type_code":"1","api_first_registered_on":"2010-12-22","api_last_modified_on":null,"updated_at":"2026-07-25T01:27:52.347112+00:00"},"geometry":{"type":"Point","coordinates":[127.717373085,34.965466553]}},{"type":"Feature","id":"bae4536bbed6a0579b1611321af10d7a30dbcdac0fb6cef9342cf6000b737d6a-1","properties":{"facility_id":"bae4536bbed6a0579b1611321af10d7a30dbcdac0fb6cef9342cf6000b737d6a","point_ordinal":1,"zone_group_id":"462301012953","source_manage_no":"462301012953","facility_name":"희망찬특수어린이집","sgg_code":"12190","facility_type_code":"1","api_first_registered_on":"2020-12-22","api_last_modified_on":null,"updated_at":"2026-07-25T01:27:52.347112+00:00"},"geometry":{"type":"Point","coordinates":[127.585948163,34.98860719]}},{"type":"Feature","id":"8fe56c25f0298e977d9ca8e85f1736ea6da339e82764a493950fb6f87e7311a3-1","properties":{"facility_id":"8fe56c25f0298e977d9ca8e85f1736ea6da339e82764a493950fb6f87e7311a3","point_ordinal":1,"zone_group_id":"291101007606","source_manage_no":"291101007606","facility_name":"계림초등학교","sgg_code":"12210","facility_type_code":"1","api_first_registered_on":"1996-08-26","api_last_modified_on":null,"updated_at":"2026-07-25T01:27:52.347112+00:00"},"geometry":{"type":"Point","coordinates":[126.92243228,35.160862332]}},{"type":"Feature","id":"78fd53f5f8d6167b27ce729c0bbcfe51c4d2ada15380edd43d0dd8dc467da701-1","properties":{"facility_id":"78fd53f5f8d6167b27ce729c0bbcfe51c4d2ada15380edd43d0dd8dc467da701","point_ordinal":1,"zone_group_id":"291101028864","source_manage_no":"291101028864","facility_name":"광주계림초등학교병설유치원","sgg_code":"12210","facility_type_code":"1","api_first_registered_on":null,"api_last_modified_on":"2025-03-26","updated_at":"2026-07-25T01:27:52.347112+00:00"},"geometry":{"type":"Point","coordinates":[126.922379624,35.160698346]}},{"type":"Feature","id":"84caf95ad66ef558ed18bffdc84a304207498970ea5ce35176c5278dfeebbcf4-1","properties":{"facility_id":"84caf95ad66ef558ed18bffdc84a304207498970ea5ce35176c5278dfeebbcf4","point_ordinal":1,"zone_group_id":"291103028620","source_manage_no":"291103028620","facility_name":"광주광역시동구장애인복지관","sgg_code":"12210","facility_type_code":"3","api_first_registered_on":"2024-12-30","api_last_modified_on":"2025-03-20","updated_at":"2026-08-21T01:47:52.345433+00:00"},"geometry":{"type":"Point","coordinates":[126.926125029,35.145624308]}},{"type":"Feature","id":"43bda53240bf7793cd9648ac4035f56411a280252829a2dbd6e7188fc118fec6-1","properties":{"facility_id":"43bda53240bf7793cd9648ac4035f56411a280252829a2dbd6e7188fc118fec6","point_ordinal":1,"zone_group_id":"291101007614","source_manage_no":"291101007614","facility_name":"광주남초등학교","sgg_code":"12210","facility_type_code":"1","api_first_registered_on":"1995-09-01","api_last_modified_on":null,"updated_at":"2026-07-25T01:27:52.347112+00:00"},"geometry":{"type":"Point","coordinates":[126.932458981,35.125734261]}},{"type":"Feature","id":"baa1efa62e83f0c73baf840704c5877697ed959d9f4775f6ea117adc22c5d548-1","properties":{"facility_id":"baa1efa62e83f0c73baf840704c5877697ed959d9f4775f6ea117adc22c5d548","point_ordinal":1,"zone_group_id":"291101028866","source_manage_no":"291101028866","facility_name":"광주남초등학교병설유치원","sgg_code":"12210","facility_type_code":"1","api_first_registered_on":null,"api_last_modified_on":"2025-03-26","updated_at":"2026-07-25T01:27:52.347112+00:00"},"geometry":{"type":"Point","coordinates":[126.932459584,35.125778863]}},{"type":"Feature","id":"569ccc2ae00c806f7c9ff92d5cde8f4b642d255eacbcb21170b91117e986bd91-1","properties":{"facility_id":"569ccc2ae00c806f7c9ff92d5cde8f4b642d255eacbcb21170b91117e986bd91","point_ordinal":1,"zone_group_id":"291101028867","source_manage_no":"291101028867","facility_name":"광주동산초등학교병설유치원","sgg_code":"12210","facility_type_code":"1","api_first_registered_on":null,"api_last_modified_on":"2025-03-26","updated_at":"2026-07-25T01:27:52.347112+00:00"},"geometry":{"type":"Point","coordinates":[126.934675819,35.148018954]}},{"type":"Feature","id":"9b5fcf1864445cfdd25f48ffd525f6e814f687f99be76c9bb344eb08c42e85d2-1","properties":{"facility_id":"9b5fcf1864445cfdd25f48ffd525f6e814f687f99be76c9bb344eb08c42e85d2","point_ordinal":1,"zone_group_id":"291101007618","source_manage_no":"291101007618","facility_name":"광주법원어린이집","sgg_code":"12210","facility_type_code":"1","api_first_registered_on":null,"api_last_modified_on":null,"updated_at":"2026-07-25T01:27:52.347112+00:00"},"geometry":{"type":"Point","coordinates":[126.936571064,35.154941749]}},{"type":"Feature","id":"18e6bc1fa2a241f825b8baf2bad6aa6fe3f153da284a10492b447265883ec237-1","properties":{"facility_id":"18e6bc1fa2a241f825b8baf2bad6aa6fe3f153da284a10492b447265883ec237","point_ordinal":1,"zone_group_id":"291101028862","source_manage_no":"291101028862","facility_name":"광주산수초등학교병설유치원","sgg_code":"12210","facility_type_code":"1","api_first_registered_on":null,"api_last_modified_on":"2025-03-26","updated_at":"2026-07-25T01:27:52.347112+00:00"},"geometry":{"type":"Point","coordinates":[126.927893335,35.156336919]}},{"type":"Feature","id":"5c9c63fc1f5b9349a9eb0bd2963c964d52611c636c2148e3ba0917043697186a-1","properties":{"facility_id":"5c9c63fc1f5b9349a9eb0bd2963c964d52611c636c2148e3ba0917043697186a","point_ordinal":1,"zone_group_id":"291101007590","source_manage_no":"291101007590","facility_name":"광주삼광어린이집","sgg_code":"12210","facility_type_code":"1","api_first_registered_on":null,"api_last_modified_on":null,"updated_at":"2026-07-25T01:27:52.347112+00:00"},"geometry":{"type":"Point","coordinates":[126.938636218,35.121209389]}},{"type":"Feature","id":"266de3de4bf88afd556e2d8017e3ee7289513ff9ebf7823080498f1fa32e736e-1","properties":{"facility_id":"266de3de4bf88afd556e2d8017e3ee7289513ff9ebf7823080498f1fa32e736e","point_ordinal":1,"zone_group_id":"291101028863","source_manage_no":"291101028863","facility_name":"광주서석초등학교병설유치원","sgg_code":"12210","facility_type_code":"1","api_first_registered_on":null,"api_last_modified_on":"2025-03-26","updated_at":"2026-07-25T01:27:52.347112+00:00"},"geometry":{"type":"Point","coordinates":[126.923846254,35.147462801]}},{"type":"Feature","id":"bb0abcd6b8aa514edc704563dedbf370e3ec9572efb30d65733d87ba5fda0eaa-1","properties":{"facility_id":"bb0abcd6b8aa514edc704563dedbf370e3ec9572efb30d65733d87ba5fda0eaa","point_ordinal":1,"zone_group_id":"291101028858","source_manage_no":"291101028858","facility_name":"광주용산초등학교병설유치원","sgg_code":"12210","facility_type_code":"1","api_first_registered_on":null,"api_last_modified_on":"2025-03-26","updated_at":"2026-07-25T01:27:52.347112+00:00"},"geometry":{"type":"Point","coordinates":[126.931059759,35.118834184]}},{"type":"Feature","id":"0201d78fff83d72769dd29634083f89eeba8ea4294c6c71a1e6f6f035bc851dc-1","properties":{"facility_id":"0201d78fff83d72769dd29634083f89eeba8ea4294c6c71a1e6f6f035bc851dc","point_ordinal":1,"zone_group_id":"291101028861","source_manage_no":"291101028861","facility_name":"광주장원초등학교병설유치원","sgg_code":"12210","facility_type_code":"1","api_first_registered_on":null,"api_last_modified_on":"2025-03-26","updated_at":"2026-07-25T01:27:52.347112+00:00"},"geometry":{"type":"Point","coordinates":[126.9377338,35.156606023]}},{"type":"Feature","id":"0e4a3e5249adc18fcc55bf8cb53239fc136f1f300a722e576e4c94d95aeb5e4a-1","properties":{"facility_id":"0e4a3e5249adc18fcc55bf8cb53239fc136f1f300a722e576e4c94d95aeb5e4a","point_ordinal":1,"zone_group_id":"291101007595","source_manage_no":"291101007595","facility_name":"광주중앙초등학교","sgg_code":"12210","facility_type_code":"1","api_first_registered_on":"1995-09-01","api_last_modified_on":null,"updated_at":"2026-07-25T01:27:52.347112+00:00"},"geometry":{"type":"Point","coordinates":[126.918700933,35.150851485]}},{"type":"Feature","id":"0d9a9ad62891a19ac9542ddd22dd625114edd03768716a00444dcc92f2c8af37-1","properties":{"facility_id":"0d9a9ad62891a19ac9542ddd22dd625114edd03768716a00444dcc92f2c8af37","point_ordinal":1,"zone_group_id":"291101028860","source_manage_no":"291101028860","facility_name":"광주학운초등학교병설유치원","sgg_code":"12210","facility_type_code":"1","api_first_registered_on":null,"api_last_modified_on":"2025-03-26","updated_at":"2026-07-25T01:27:52.347112+00:00"},"geometry":{"type":"Point","coordinates":[126.945921969,35.132862452]}},{"type":"Feature","id":"23924d970621c3767d59f5c50871b63e600f7b8b16db93051c1482ebfaa4b2cc-1","properties":{"facility_id":"23924d970621c3767d59f5c50871b63e600f7b8b16db93051c1482ebfaa4b2cc","point_ordinal":1,"zone_group_id":"291102028628","source_manage_no":"291102028628","facility_name":"교동경로당","sgg_code":"12210","facility_type_code":"2","api_first_registered_on":"2024-12-30","api_last_modified_on":"2025-03-21","updated_at":"2026-08-21T01:47:52.345433+00:00"},"geometry":{"type":"Point","coordinates":[126.950875366,35.090285123]}},{"type":"Feature","id":"bd98c52b7281746f5cacb5509692a276bf29586ea2c4117e4ecbe4ca16b4f7aa-1","properties":{"facility_id":"bd98c52b7281746f5cacb5509692a276bf29586ea2c4117e4ecbe4ca16b4f7aa","point_ordinal":1,"zone_group_id":"291101007603","source_manage_no":"291101007603","facility_name":"꿈동산어린이집","sgg_code":"12210","facility_type_code":"1","api_first_registered_on":null,"api_last_modified_on":null,"updated_at":"2026-07-25T01:27:52.347112+00:00"},"geometry":{"type":"Point","coordinates":[126.923478009,35.161985589]}},{"type":"Feature","id":"774a1b68e60d214e654415558150c629d7a2069bb2bf99d3b1ae275aba9897a6-1","properties":{"facility_id":"774a1b68e60d214e654415558150c629d7a2069bb2bf99d3b1ae275aba9897a6","point_ordinal":1,"zone_group_id":"291101007616","source_manage_no":"291101007616","facility_name":"다솜어린이집","sgg_code":"12210","facility_type_code":"1","api_first_registered_on":null,"api_last_modified_on":null,"updated_at":"2026-07-25T01:27:52.347112+00:00"},"geometry":{"type":"Point","coordinates":[126.932069488,35.15811277]}},{"type":"Feature","id":"1a484b2c541d0b0f3500f89d6b23ecd58b0f08d55c0353348fe2c39d09352fec-1","properties":{"facility_id":"1a484b2c541d0b0f3500f89d6b23ecd58b0f08d55c0353348fe2c39d09352fec","point_ordinal":1,"zone_group_id":"291101007621","source_manage_no":"291101007621","facility_name":"동광어린이집","sgg_code":"12210","facility_type_code":"1","api_first_registered_on":null,"api_last_modified_on":null,"updated_at":"2026-07-25T01:27:52.347112+00:00"},"geometry":{"type":"Point","coordinates":[126.936659173,35.126222747]}},{"type":"Feature","id":"22bafb9e42ad612c5b8800c4f2e9d00dcec89fc75067bd790d7d6d4795933641-1","properties":{"facility_id":"22bafb9e42ad612c5b8800c4f2e9d00dcec89fc75067bd790d7d6d4795933641","point_ordinal":1,"zone_group_id":"291102007629","source_manage_no":"291102007629","facility_name":"동구노인종합복지관","sgg_code":"12210","facility_type_code":"2","api_first_registered_on":null,"api_last_modified_on":"2025-03-21","updated_at":"2026-07-25T01:27:52.347112+00:00"},"geometry":{"type":"Point","coordinates":[126.924403614,35.150610468]}},{"type":"Feature","id":"1b384a120512eb998360e5d857b2522f73b55c83e21c2a065e72578f97d6078d-1","properties":{"facility_id":"1b384a120512eb998360e5d857b2522f73b55c83e21c2a065e72578f97d6078d","point_ordinal":1,"zone_group_id":"291101021050","source_manage_no":"291101021050","facility_name":"동구어린이집","sgg_code":"12210","facility_type_code":"1","api_first_registered_on":"2009-02-04","api_last_modified_on":null,"updated_at":"2026-07-25T01:27:52.347112+00:00"},"geometry":{"type":"Point","coordinates":[126.916592964,35.155437189]}},{"type":"Feature","id":"0d61f1504d385ee4f5cec3c37398a29e838fa9482581d3912f966f29e9da18f8-1","properties":{"facility_id":"0d61f1504d385ee4f5cec3c37398a29e838fa9482581d3912f966f29e9da18f8","point_ordinal":1,"zone_group_id":"291101007601","source_manage_no":"291101007601","facility_name":"동산초등학교","sgg_code":"12210","facility_type_code":"1","api_first_registered_on":"1996-08-26","api_last_modified_on":null,"updated_at":"2026-07-25T01:27:52.347112+00:00"},"geometry":{"type":"Point","coordinates":[126.934611264,35.147800119]}},{"type":"Feature","id":"f2873fb0b05fe8b39fcce00e5001ac76aba0877eb9c5b19baa7cbdd35c798e03-1","properties":{"facility_id":"f2873fb0b05fe8b39fcce00e5001ac76aba0877eb9c5b19baa7cbdd35c798e03","point_ordinal":1,"zone_group_id":"291101007578","source_manage_no":"291101007578","facility_name":"무등어린이집","sgg_code":"12210","facility_type_code":"1","api_first_registered_on":null,"api_last_modified_on":null,"updated_at":"2026-07-25T01:27:52.347112+00:00"},"geometry":{"type":"Point","coordinates":[126.924375799,35.154559809]}},{"type":"Feature","id":"42da4023cfa23a596725eae5dba87a4696ac8050272f3ed0df6b2c1a061e0434-1","properties":{"facility_id":"42da4023cfa23a596725eae5dba87a4696ac8050272f3ed0df6b2c1a061e0434","point_ordinal":1,"zone_group_id":"291101007612","source_manage_no":"291101007612","facility_name":"백합어린이집","sgg_code":"12210","facility_type_code":"1","api_first_registered_on":null,"api_last_modified_on":null,"updated_at":"2026-07-25T01:27:52.347112+00:00"},"geometry":{"type":"Point","coordinates":[126.935300298,35.124331847]}},{"type":"Feature","id":"d975a49533c090fbc1da99a88055bec1330301a9b5a822639e27df3bb3e8e17a-1","properties":{"facility_id":"d975a49533c090fbc1da99a88055bec1330301a9b5a822639e27df3bb3e8e17a","point_ordinal":1,"zone_group_id":"291102007628","source_manage_no":"291102007628","facility_name":"빛고을종합사회복지관","sgg_code":"12210","facility_type_code":"2","api_first_registered_on":"2012-01-01","api_last_modified_on":null,"updated_at":"2026-07-25T01:27:52.347112+00:00"},"geometry":{"type":"Point","coordinates":[126.929715362,35.125703349]}},{"type":"Feature","id":"4fa9a9182f4027e32f3f91ca6b4593cd70a2a1f69b23e9a783daa6d03d26d962-1","properties":{"facility_id":"4fa9a9182f4027e32f3f91ca6b4593cd70a2a1f69b23e9a783daa6d03d26d962","point_ordinal":1,"zone_group_id":"291101007630","source_manage_no":"291101007630","facility_name":"사랑숲유치원","sgg_code":"12210","facility_type_code":"1","api_first_registered_on":null,"api_last_modified_on":null,"updated_at":"2026-07-25T01:27:52.347112+00:00"},"geometry":{"type":"Point","coordinates":[126.921672488,35.116098091]}},{"type":"Feature","id":"d9e8fa165d673945fd2bc05cddd169f56e1abec734271684ff5911f257341d44-1","properties":{"facility_id":"d9e8fa165d673945fd2bc05cddd169f56e1abec734271684ff5911f257341d44","point_ordinal":1,"zone_group_id":"291101007588","source_manage_no":"291101007588","facility_name":"산수초등학교","sgg_code":"12210","facility_type_code":"1","api_first_registered_on":"1996-08-26","api_last_modified_on":null,"updated_at":"2026-07-25T01:27:52.347112+00:00"},"geometry":{"type":"Point","coordinates":[126.927969567,35.156420012]}},{"type":"Feature","id":"882eb3110553701bbcef41a426cdf33de28900c3f4694d8071ff7e4870339237-1","properties":{"facility_id":"882eb3110553701bbcef41a426cdf33de28900c3f4694d8071ff7e4870339237","point_ordinal":1,"zone_group_id":"291102029334","source_manage_no":"291102029334","facility_name":"상이군경회경로당","sgg_code":"12210","facility_type_code":"2","api_first_registered_on":null,"api_last_modified_on":"2025-06-30","updated_at":"2026-08-21T01:47:52.345433+00:00"},"geometry":{"type":"Point","coordinates":[126.915055931,35.153163263]}},{"type":"Feature","id":"24f65fdbd1807592c9e1972013dd0673a5a97bdf5457648d848e4b2401d0b068-1","properties":{"facility_id":"24f65fdbd1807592c9e1972013dd0673a5a97bdf5457648d848e4b2401d0b068","point_ordinal":1,"zone_group_id":"291102007625","source_manage_no":"291102007625","facility_name":"서석경로당","sgg_code":"12210","facility_type_code":"2","api_first_registered_on":"2011-01-01","api_last_modified_on":null,"updated_at":"2026-07-25T01:27:52.347112+00:00"},"geometry":{"type":"Point","coordinates":[126.924936016,35.145157671]}},{"type":"Feature","id":"2a68027c08f92d2f6731c07649f345792c32ee26a3cada6dbbd6c6c76014fe7a-1","properties":{"facility_id":"2a68027c08f92d2f6731c07649f345792c32ee26a3cada6dbbd6c6c76014fe7a","point_ordinal":1,"zone_group_id":"291101007598","source_manage_no":"291101007598","facility_name":"서석초등학교","sgg_code":"12210","facility_type_code":"1","api_first_registered_on":"1995-09-01","api_last_modified_on":null,"updated_at":"2026-07-25T01:27:52.347112+00:00"},"geometry":{"type":"Point","coordinates":[126.92386552,35.147515058]}},{"type":"Feature","id":"d69a09dab906a405ef122d09203eee6220fe477ad5d15dc14ad2a2d7b21b0d48-1","properties":{"facility_id":"d69a09dab906a405ef122d09203eee6220fe477ad5d15dc14ad2a2d7b21b0d48","point_ordinal":1,"zone_group_id":"291101007597","source_manage_no":"291101007597","facility_name":"소화유치원","sgg_code":"12210","facility_type_code":"1","api_first_registered_on":"1996-08-22","api_last_modified_on":null,"updated_at":"2026-07-25T01:27:52.347112+00:00"},"geometry":{"type":"Point","coordinates":[126.921295357,35.144590297]}},{"type":"Feature","id":"52a948749a379adbb2dfae464b03ce8027737898bb8ea4a5fad2f90270c29fc4-1","properties":{"facility_id":"52a948749a379adbb2dfae464b03ce8027737898bb8ea4a5fad2f90270c29fc4","point_ordinal":1,"zone_group_id":"291101007627","source_manage_no":"291101007627","facility_name":"시청중앙어린이집","sgg_code":"12210","facility_type_code":"1","api_first_registered_on":"2010-09-20","api_last_modified_on":null,"updated_at":"2026-07-25T01:27:52.347112+00:00"},"geometry":{"type":"Point","coordinates":[126.917168599,35.161396343]}},{"type":"Feature","id":"1109f8aa645c4df563e9efa2f76a8e9ff80ff7da460ada52c32a689ca2bf7baf-1","properties":{"facility_id":"1109f8aa645c4df563e9efa2f76a8e9ff80ff7da460ada52c32a689ca2bf7baf","point_ordinal":1,"zone_group_id":"291101007604","source_manage_no":"291101007604","facility_name":"아이뜰호남어린이집","sgg_code":"12210","facility_type_code":"1","api_first_registered_on":null,"api_last_modified_on":null,"updated_at":"2026-07-25T01:27:52.347112+00:00"},"geometry":{"type":"Point","coordinates":[126.920151853,35.160319596]}},{"type":"Feature","id":"23f50b10d7561ae9d5340c4d18fedb9c693fdd3a601d3c9614e74239db01fa25-1","properties":{"facility_id":"23f50b10d7561ae9d5340c4d18fedb9c693fdd3a601d3c9614e74239db01fa25","point_ordinal":1,"zone_group_id":"291101007623","source_manage_no":"291101007623","facility_name":"애플B유치원","sgg_code":"12210","facility_type_code":"1","api_first_registered_on":"1996-08-22","api_last_modified_on":null,"updated_at":"2026-07-25T01:27:52.347112+00:00"},"geometry":{"type":"Point","coordinates":[126.931078503,35.117495169]}},{"type":"Feature","id":"e0e58379ade02fbacd5997f1721748cf6d953dd9df006a81e8332f24ca9af462-1","properties":{"facility_id":"e0e58379ade02fbacd5997f1721748cf6d953dd9df006a81e8332f24ca9af462","point_ordinal":1,"zone_group_id":"291101021028","source_manage_no":"291101021028","facility_name":"연화유치원","sgg_code":"12210","facility_type_code":"1","api_first_registered_on":"1996-08-22","api_last_modified_on":null,"updated_at":"2026-07-25T01:27:52.347112+00:00"},"geometry":{"type":"Point","coordinates":[126.933019701,35.149063497]}},{"type":"Feature","id":"9b363c2a93fabd9c814de071f7c7d6cadab2cfed5052b65018793fe836c2cdc5-1","properties":{"facility_id":"9b363c2a93fabd9c814de071f7c7d6cadab2cfed5052b65018793fe836c2cdc5","point_ordinal":1,"zone_group_id":"291101021113","source_manage_no":"291101021113","facility_name":"영신어린이집","sgg_code":"12210","facility_type_code":"1","api_first_registered_on":"2010-12-17","api_last_modified_on":null,"updated_at":"2026-07-25T01:27:52.347112+00:00"},"geometry":{"type":"Point","coordinates":[126.921447336,35.117657557]}},{"type":"Feature","id":"6d13bc612d945966dab778ce113393345e4c9b402aa6624e12c9998e648e5ffc-1","properties":{"facility_id":"6d13bc612d945966dab778ce113393345e4c9b402aa6624e12c9998e648e5ffc","point_ordinal":1,"zone_group_id":"291101007624","source_manage_no":"291101007624","facility_name":"용산초등학교","sgg_code":"12210","facility_type_code":"1","api_first_registered_on":"1995-09-01","api_last_modified_on":null,"updated_at":"2026-07-25T01:27:52.347112+00:00"},"geometry":{"type":"Point","coordinates":[126.931035864,35.118892622]}},{"type":"Feature","id":"119c598980c9ba91826997b9149f20197424a9089557ea9c677deaeccd0d79fc-1","properties":{"facility_id":"119c598980c9ba91826997b9149f20197424a9089557ea9c677deaeccd0d79fc","point_ordinal":1,"zone_group_id":"291102028629","source_manage_no":"291102028629","facility_name":"용연실버빌","sgg_code":"12210","facility_type_code":"2","api_first_registered_on":"2024-12-30","api_last_modified_on":"2025-03-21","updated_at":"2026-08-21T01:47:52.345433+00:00"},"geometry":{"type":"Point","coordinates":[126.963435119,35.098363577]}},{"type":"Feature","id":"c8ee551fefd228d2ed8edca8a26603c63b0d1dd8c6ba7632da5ce73b5062fdc4-1","properties":{"facility_id":"c8ee551fefd228d2ed8edca8a26603c63b0d1dd8c6ba7632da5ce73b5062fdc4","point_ordinal":1,"zone_group_id":"291101007585","source_manage_no":"291101007585","facility_name":"율곡초등학교","sgg_code":"12210","facility_type_code":"1","api_first_registered_on":"1996-08-26","api_last_modified_on":null,"updated_at":"2026-07-25T01:27:52.347112+00:00"},"geometry":{"type":"Point","coordinates":[126.935359686,35.160238139]}},{"type":"Feature","id":"d5f67f31eeca5728f14f5478e82fd819d2cd49e8c5ba73ccdbdc5491f344e5fd-1","properties":{"facility_id":"d5f67f31eeca5728f14f5478e82fd819d2cd49e8c5ba73ccdbdc5491f344e5fd","point_ordinal":1,"zone_group_id":"291101028859","source_manage_no":"291101028859","facility_name":"율곡초등학교병설유치원","sgg_code":"12210","facility_type_code":"1","api_first_registered_on":null,"api_last_modified_on":"2025-03-26","updated_at":"2026-07-25T01:27:52.347112+00:00"},"geometry":{"type":"Point","coordinates":[126.935379515,35.160187695]}},{"type":"Feature","id":"26931a924cc59ed299bb71cb23fa1f6bd918a699df4bf30c7459128ebb48907e-1","properties":{"facility_id":"26931a924cc59ed299bb71cb23fa1f6bd918a699df4bf30c7459128ebb48907e","point_ordinal":1,"zone_group_id":"291102007626","source_manage_no":"291102007626","facility_name":"이일성로원","sgg_code":"12210","facility_type_code":"2","api_first_registered_on":"2010-01-01","api_last_modified_on":null,"updated_at":"2026-07-25T01:27:52.347112+00:00"},"geometry":{"type":"Point","coordinates":[126.934082662,35.121070992]}},{"type":"Feature","id":"4851112c9e4dbc3559b5c08abce20b21cc38068605e28b9484517893c2782ddb-1","properties":{"facility_id":"4851112c9e4dbc3559b5c08abce20b21cc38068605e28b9484517893c2782ddb","point_ordinal":1,"zone_group_id":"291101007583","source_manage_no":"291101007583","facility_name":"장원초등학교","sgg_code":"12210","facility_type_code":"1","api_first_registered_on":"1995-09-01","api_last_modified_on":null,"updated_at":"2026-07-25T01:27:52.347112+00:00"},"geometry":{"type":"Point","coordinates":[126.937712744,35.156561107]}},{"type":"Feature","id":"a9ee88dfee419dbb403d94d47119fb7c2eed7e087ef7ee4e5ff527ee947e1e48-1","properties":{"facility_id":"a9ee88dfee419dbb403d94d47119fb7c2eed7e087ef7ee4e5ff527ee947e1e48","point_ordinal":1,"zone_group_id":"291101007574","source_manage_no":"291101007574","facility_name":"지한초등학교","sgg_code":"12210","facility_type_code":"1","api_first_registered_on":null,"api_last_modified_on":null,"updated_at":"2026-07-25T01:27:52.347112+00:00"},"geometry":{"type":"Point","coordinates":[126.939646828,35.093820011]}},{"type":"Feature","id":"2690176dfab10b6ca86c05d50d9255e5211dfbc23d3740ad502fa6b099759601-1","properties":{"facility_id":"2690176dfab10b6ca86c05d50d9255e5211dfbc23d3740ad502fa6b099759601","point_ordinal":1,"zone_group_id":"291101007619","source_manage_no":"291101007619","facility_name":"평화어린이집","sgg_code":"12210","facility_type_code":"1","api_first_registered_on":null,"api_last_modified_on":null,"updated_at":"2026-07-25T01:27:52.347112+00:00"},"geometry":{"type":"Point","coordinates":[126.932054676,35.131800875]}},{"type":"Feature","id":"a79100b9bff25b7bff935f04936ab8ac24a34ef5f5cf328a60027f43959339f4-1","properties":{"facility_id":"a79100b9bff25b7bff935f04936ab8ac24a34ef5f5cf328a60027f43959339f4","point_ordinal":1,"zone_group_id":"291101021116","source_manage_no":"291101021116","facility_name":"프란치스카유치원","sgg_code":"12210","facility_type_code":"1","api_first_registered_on":"1996-08-22","api_last_modified_on":null,"updated_at":"2026-07-25T01:27:52.347112+00:00"},"geometry":{"type":"Point","coordinates":[126.92311985,35.158952303]}},{"type":"Feature","id":"e8b4393ccf1b23ca4159f2d162a614871c0398b3fad24badff93c93414cc3e86-1","properties":{"facility_id":"e8b4393ccf1b23ca4159f2d162a614871c0398b3fad24badff93c93414cc3e86","point_ordinal":1,"zone_group_id":"291101007581","source_manage_no":"291101007581","facility_name":"피망어린이집","sgg_code":"12210","facility_type_code":"1","api_first_registered_on":null,"api_last_modified_on":null,"updated_at":"2026-07-25T01:27:52.347112+00:00"},"geometry":{"type":"Point","coordinates":[126.918195366,35.162149693]}},{"type":"Feature","id":"7b4e4f0afd18860bd098e43491c072083ac5010b928f310a2ff379c71ca61989-1","properties":{"facility_id":"7b4e4f0afd18860bd098e43491c072083ac5010b928f310a2ff379c71ca61989","point_ordinal":1,"zone_group_id":"291102007573","source_manage_no":"291102007573","facility_name":"하나비젼실버홈","sgg_code":"12210","facility_type_code":"2","api_first_registered_on":"2011-01-01","api_last_modified_on":null,"updated_at":"2026-07-25T01:27:52.347112+00:00"},"geometry":{"type":"Point","coordinates":[126.915651871,35.152390022]}},{"type":"Feature","id":"835b23c3d70c0583e6e1b989cebf7020cdba66d263428e9b2d39d3fa7ddcc48f-1","properties":{"facility_id":"835b23c3d70c0583e6e1b989cebf7020cdba66d263428e9b2d39d3fa7ddcc48f","point_ordinal":1,"zone_group_id":"291101007593","source_manage_no":"291101007593","facility_name":"학운초등학교","sgg_code":"12210","facility_type_code":"1","api_first_registered_on":null,"api_last_modified_on":null,"updated_at":"2026-07-25T01:27:52.347112+00:00"},"geometry":{"type":"Point","coordinates":[126.945910163,35.132892964]}},{"type":"Feature","id":"6871d585da2151be4970ea38f7436b4272602aa0ca307d475d51bc4f9950ecc4-1","properties":{"facility_id":"6871d585da2151be4970ea38f7436b4272602aa0ca307d475d51bc4f9950ecc4","point_ordinal":1,"zone_group_id":"291101007615","source_manage_no":"291101007615","facility_name":"한빛어린이집","sgg_code":"12210","facility_type_code":"1","api_first_registered_on":null,"api_last_modified_on":null,"updated_at":"2026-07-25T01:27:52.347112+00:00"},"geometry":{"type":"Point","coordinates":[126.939981566,35.12989007]}},{"type":"Feature","id":"b779306e5c937b46efa214d5a8cef8b017239e1274697cb5bf2d89e9537107d9-1","properties":{"facility_id":"b779306e5c937b46efa214d5a8cef8b017239e1274697cb5bf2d89e9537107d9","point_ordinal":1,"zone_group_id":"291101007592","source_manage_no":"291101007592","facility_name":"햇살좋은어린이집","sgg_code":"12210","facility_type_code":"1","api_first_registered_on":null,"api_last_modified_on":null,"updated_at":"2026-07-25T01:27:52.347112+00:00"},"geometry":{"type":"Point","coordinates":[126.942720476,35.135466245]}},{"type":"Feature","id":"433e7f8e372f6b98f7073fb4f30baf901724a676ca463af0da123465fdf2b4e2-1","properties":{"facility_id":"433e7f8e372f6b98f7073fb4f30baf901724a676ca463af0da123465fdf2b4e2","point_ordinal":1,"zone_group_id":"291101007610","source_manage_no":"291101007610","facility_name":"행복재활원","sgg_code":"12210","facility_type_code":"1","api_first_registered_on":null,"api_last_modified_on":null,"updated_at":"2026-07-25T01:27:52.347112+00:00"},"geometry":{"type":"Point","coordinates":[126.935199421,35.130995016]}},{"type":"Feature","id":"9df5474c357febda165cf1f702aebcbad1521a2e92f280a6d14e46295019809c-1","properties":{"facility_id":"9df5474c357febda165cf1f702aebcbad1521a2e92f280a6d14e46295019809c","point_ordinal":1,"zone_group_id":"291401007835","source_manage_no":"291401007835","facility_name":"YWCA어린이집","sgg_code":"12240","facility_type_code":"1","api_first_registered_on":null,"api_last_modified_on":"2026-02-03","updated_at":"2026-07-25T01:27:52.347112+00:00"},"geometry":{"type":"Point","coordinates":[126.864550504,35.14859215]}},{"type":"Feature","id":"a2cc05b6ce97f6e75e963c276e3afa3434058d7946593f30306e9f30470349d9-1","properties":{"facility_id":"a2cc05b6ce97f6e75e963c276e3afa3434058d7946593f30306e9f30470349d9","point_ordinal":1,"zone_group_id":"291401007921","source_manage_no":"291401007921","facility_name":"계수초등학교","sgg_code":"12240","facility_type_code":"1","api_first_registered_on":"2012-10-12","api_last_modified_on":null,"updated_at":"2026-07-25T01:27:52.347112+00:00"},"geometry":{"type":"Point","coordinates":[126.844599196,35.155386347]}},{"type":"Feature","id":"74e356b9e6d49343d45aa068147a1f4f80688831ab809d722defe7598baa7430-1","properties":{"facility_id":"74e356b9e6d49343d45aa068147a1f4f80688831ab809d722defe7598baa7430","point_ordinal":1,"zone_group_id":"291401028921","source_manage_no":"291401028921","facility_name":"계수초등학교 병설유치원","sgg_code":"12240","facility_type_code":"1","api_first_registered_on":"2025-03-27","api_last_modified_on":"2025-03-27","updated_at":"2026-08-26T01:48:52.945805+00:00"},"geometry":{"type":"Point","coordinates":[126.844867137,35.155383497]}},{"type":"Feature","id":"cf0aa5870b709cf58408f829dadee954cfb77c1588a5eecc85da27d4c24d1f35-1","properties":{"facility_id":"cf0aa5870b709cf58408f829dadee954cfb77c1588a5eecc85da27d4c24d1f35","point_ordinal":1,"zone_group_id":"291401007873","source_manage_no":"291401007873","facility_name":"광림초등학교","sgg_code":"12240","facility_type_code":"1","api_first_registered_on":null,"api_last_modified_on":null,"updated_at":"2026-07-25T01:27:52.347112+00:00"},"geometry":{"type":"Point","coordinates":[126.870092721,35.16905962]}},{"type":"Feature","id":"e1aec2f84e19fc167696f5f5b8ce1cd7b4595b04547eae24cb3d49704fdff68b-1","properties":{"facility_id":"e1aec2f84e19fc167696f5f5b8ce1cd7b4595b04547eae24cb3d49704fdff68b","point_ordinal":1,"zone_group_id":"291401007932","source_manage_no":"291401007932","facility_name":"광주서초등학교","sgg_code":"12240","facility_type_code":"1","api_first_registered_on":null,"api_last_modified_on":null,"updated_at":"2026-07-25T01:27:52.347112+00:00"},"geometry":{"type":"Point","coordinates":[126.877556335,35.155112804]}},{"type":"Feature","id":"a5bdb19ea704cb1382b1cf54f75f3760f006c94bfa3a6459bd607a29576ef716-1","properties":{"facility_id":"a5bdb19ea704cb1382b1cf54f75f3760f006c94bfa3a6459bd607a29576ef716","point_ordinal":1,"zone_group_id":"291401007871","source_manage_no":"291401007871","facility_name":"광주세광학교","sgg_code":"12240","facility_type_code":"1","api_first_registered_on":null,"api_last_modified_on":null,"updated_at":"2026-07-25T01:27:52.347112+00:00"},"geometry":{"type":"Point","coordinates":[126.836460237,35.168735791]}},{"type":"Feature","id":"6d2e336e87ded0abb1ef353c25c0dd259bc03ae2fc5c841f81719a16624ff863-1","properties":{"facility_id":"6d2e336e87ded0abb1ef353c25c0dd259bc03ae2fc5c841f81719a16624ff863","point_ordinal":1,"zone_group_id":"291401007867","source_manage_no":"291401007867","facility_name":"광천초등학교","sgg_code":"12240","facility_type_code":"1","api_first_registered_on":"2012-08-26","api_last_modified_on":null,"updated_at":"2026-07-25T01:27:52.347112+00:00"},"geometry":{"type":"Point","coordinates":[126.888754631,35.159588164]}},{"type":"Feature","id":"a836f71484e1aa63eed4e8d840ebf10f68685984a5556bb370b04bc7575573bd-1","properties":{"facility_id":"a836f71484e1aa63eed4e8d840ebf10f68685984a5556bb370b04bc7575573bd","point_ordinal":1,"zone_group_id":"291401028935","source_manage_no":"291401028935","facility_name":"광천초등학교 병설유치원","sgg_code":"12240","facility_type_code":"1","api_first_registered_on":"2025-03-27","api_last_modified_on":"2025-03-27","updated_at":"2026-08-26T01:48:52.945805+00:00"},"geometry":{"type":"Point","coordinates":[126.888775562,35.159564494]}},{"type":"Feature","id":"cc84e4cfa648c50952dce87643e16ccaefe54e4325ce079908ff00d4314c9d4f-1","properties":{"facility_id":"cc84e4cfa648c50952dce87643e16ccaefe54e4325ce079908ff00d4314c9d4f","point_ordinal":1,"zone_group_id":"291401007830","source_manage_no":"291401007830","facility_name":"그루터기어린이집","sgg_code":"12240","facility_type_code":"1","api_first_registered_on":null,"api_last_modified_on":null,"updated_at":"2026-07-25T01:27:52.347112+00:00"},"geometry":{"type":"Point","coordinates":[126.884494116,35.152343951]}},{"type":"Feature","id":"ed2893d854008f7fbf216b548445251d294e475f72e5b762ec665e358064b5b6-1","properties":{"facility_id":"ed2893d854008f7fbf216b548445251d294e475f72e5b762ec665e358064b5b6","point_ordinal":1,"zone_group_id":"291401007915","source_manage_no":"291401007915","facility_name":"극락초등학교","sgg_code":"12240","facility_type_code":"1","api_first_registered_on":"2012-08-26","api_last_modified_on":null,"updated_at":"2026-07-25T01:27:52.347112+00:00"},"geometry":{"type":"Point","coordinates":[126.857426377,35.164948185]}},{"type":"Feature","id":"85a1673290d335e9f402ce045ee6a9f74ba2c3e3cdeb617d6a56000018532a86-1","properties":{"facility_id":"85a1673290d335e9f402ce045ee6a9f74ba2c3e3cdeb617d6a56000018532a86","point_ordinal":1,"zone_group_id":"291401028938","source_manage_no":"291401028938","facility_name":"극락초등학교 병설유치원","sgg_code":"12240","facility_type_code":"1","api_first_registered_on":"2025-03-27","api_last_modified_on":"2025-03-27","updated_at":"2026-08-26T01:48:52.945805+00:00"},"geometry":{"type":"Point","coordinates":[126.857430656,35.164946574]}},{"type":"Feature","id":"77bf04cb56130e95b3c3510694fe074cd7158781bab03910c2b41e0b4f002a41-1","properties":{"facility_id":"77bf04cb56130e95b3c3510694fe074cd7158781bab03910c2b41e0b4f002a41","point_ordinal":1,"zone_group_id":"291401007929","source_manage_no":"291401007929","facility_name":"금당초등학교","sgg_code":"12240","facility_type_code":"1","api_first_registered_on":"2012-01-27","api_last_modified_on":null,"updated_at":"2026-07-25T01:27:52.347112+00:00"},"geometry":{"type":"Point","coordinates":[126.883087143,35.12637669]}},{"type":"Feature","id":"9a784eec3e81619510b5e05a97693f16bfadd4b14a4afa43d62fcde18c35861d-1","properties":{"facility_id":"9a784eec3e81619510b5e05a97693f16bfadd4b14a4afa43d62fcde18c35861d","point_ordinal":1,"zone_group_id":"291401028924","source_manage_no":"291401028924","facility_name":"금당초등학교 병설유치원","sgg_code":"12240","facility_type_code":"1","api_first_registered_on":null,"api_last_modified_on":"2025-03-27","updated_at":"2026-08-26T01:48:52.945805+00:00"},"geometry":{"type":"Point","coordinates":[126.883189678,35.126411666]}},{"type":"Feature","id":"32103f4547f4ee96d6903aa16221bb1f8884293a4c10c67ef8b4edef53f87225-1","properties":{"facility_id":"32103f4547f4ee96d6903aa16221bb1f8884293a4c10c67ef8b4edef53f87225","point_ordinal":1,"zone_group_id":"291401007858","source_manage_no":"291401007858","facility_name":"금부초등학교","sgg_code":"12240","facility_type_code":"1","api_first_registered_on":null,"api_last_modified_on":null,"updated_at":"2026-07-25T01:27:52.347112+00:00"},"geometry":{"type":"Point","coordinates":[126.861097487,35.134865336]}},{"type":"Feature","id":"a6e12d432eb2536f35c148f5c13648b327627e32a21b33244a7e7ca3dc7da376-1","properties":{"facility_id":"a6e12d432eb2536f35c148f5c13648b327627e32a21b33244a7e7ca3dc7da376","point_ordinal":1,"zone_group_id":"291401028931","source_manage_no":"291401028931","facility_name":"금부초등학교 병설유치원","sgg_code":"12240","facility_type_code":"1","api_first_registered_on":"2025-03-27","api_last_modified_on":"2025-03-27","updated_at":"2026-08-26T01:48:52.945805+00:00"},"geometry":{"type":"Point","coordinates":[126.86112877,35.134809383]}},{"type":"Feature","id":"fc18d794e1dd72d706fbdd517b08b2baccf5be9d5e3422ccc05a3fc119d201bb-1","properties":{"facility_id":"fc18d794e1dd72d706fbdd517b08b2baccf5be9d5e3422ccc05a3fc119d201bb","point_ordinal":1,"zone_group_id":"291401007901","source_manage_no":"291401007901","facility_name":"금호초등학교","sgg_code":"12240","facility_type_code":"1","api_first_registered_on":"2012-10-25","api_last_modified_on":null,"updated_at":"2026-07-25T01:27:52.347112+00:00"},"geometry":{"type":"Point","coordinates":[126.859186529,35.142156781]}},{"type":"Feature","id":"188ecb6ba41ecb69e7b14f1acf838165e74c99d943b9c801a44d4544819fbab1-1","properties":{"facility_id":"188ecb6ba41ecb69e7b14f1acf838165e74c99d943b9c801a44d4544819fbab1","point_ordinal":1,"zone_group_id":"291401028932","source_manage_no":"291401028932","facility_name":"금호초등학교 병설유치원","sgg_code":"12240","facility_type_code":"1","api_first_registered_on":"2025-03-27","api_last_modified_on":"2025-03-27","updated_at":"2026-08-26T01:48:52.945805+00:00"},"geometry":{"type":"Point","coordinates":[126.85943719,35.142263949]}},{"type":"Feature","id":"7d600e72bd1f1f5d5a514392b8d4dfd843e5b1d4d5af74ad0d6919a2179fd3b0-1","properties":{"facility_id":"7d600e72bd1f1f5d5a514392b8d4dfd843e5b1d4d5af74ad0d6919a2179fd3b0","point_ordinal":1,"zone_group_id":"291401007841","source_manage_no":"291401007841","facility_name":"꿈동산어린이집","sgg_code":"12240","facility_type_code":"1","api_first_registered_on":null,"api_last_modified_on":null,"updated_at":"2026-07-25T01:27:52.347112+00:00"},"geometry":{"type":"Point","coordinates":[126.8617892,35.14679823]}},{"type":"Feature","id":"dfac12f183395e51b060039bb737280c3b68ddd1d6c67ef8b2e7513f645920f2-1","properties":{"facility_id":"dfac12f183395e51b060039bb737280c3b68ddd1d6c67ef8b2e7513f645920f2","point_ordinal":1,"zone_group_id":"291401007840","source_manage_no":"291401007840","facility_name":"늘푸른어린이집","sgg_code":"12240","facility_type_code":"1","api_first_registered_on":null,"api_last_modified_on":null,"updated_at":"2026-07-25T01:27:52.347112+00:00"},"geometry":{"type":"Point","coordinates":[126.862559184,35.146603908]}},{"type":"Feature","id":"995029354b34ccd77b05d1e90388c8e03a4b7a60364b274d4914331f5b44df99-1","properties":{"facility_id":"995029354b34ccd77b05d1e90388c8e03a4b7a60364b274d4914331f5b44df99","point_ordinal":1,"zone_group_id":"291401007837","source_manage_no":"291401007837","facility_name":"도날드어린이집","sgg_code":"12240","facility_type_code":"1","api_first_registered_on":null,"api_last_modified_on":null,"updated_at":"2026-07-25T01:27:52.347112+00:00"},"geometry":{"type":"Point","coordinates":[126.862114502,35.16700708]}},{"type":"Feature","id":"ae3158311edf62a311cfb35c9493804c58480eed2bec79b77395bb53052de707-1","properties":{"facility_id":"ae3158311edf62a311cfb35c9493804c58480eed2bec79b77395bb53052de707","point_ordinal":1,"zone_group_id":"291401007846","source_manage_no":"291401007846","facility_name":"도화그림샘어린이집","sgg_code":"12240","facility_type_code":"1","api_first_registered_on":null,"api_last_modified_on":"2025-06-24","updated_at":"2026-07-25T01:27:52.347112+00:00"},"geometry":{"type":"Point","coordinates":[126.855305017,35.130360055]}},{"type":"Feature","id":"b401dd4165275d9b111f3e33ffd6a3c5845df2156a9a6d52b30061cea7c4cbf2-1","properties":{"facility_id":"b401dd4165275d9b111f3e33ffd6a3c5845df2156a9a6d52b30061cea7c4cbf2","point_ordinal":1,"zone_group_id":"291402007284","source_manage_no":"291402007284","facility_name":"동명전문요양원","sgg_code":"12240","facility_type_code":"2","api_first_registered_on":"2012-01-01","api_last_modified_on":null,"updated_at":"2026-07-25T01:27:52.347112+00:00"},"geometry":{"type":"Point","coordinates":[126.867988735,35.113106916]}},{"type":"Feature","id":"7bae5cc2c3c59da9585ede47673f5962d3aba33990c8b58973d9215b3245aa46-1","properties":{"facility_id":"7bae5cc2c3c59da9585ede47673f5962d3aba33990c8b58973d9215b3245aa46","point_ordinal":1,"zone_group_id":"291402007870","source_manage_no":"291402007870","facility_name":"마산경로당","sgg_code":"12240","facility_type_code":"2","api_first_registered_on":"2014-01-01","api_last_modified_on":null,"updated_at":"2026-07-25T01:27:52.347112+00:00"},"geometry":{"type":"Point","coordinates":[126.830795647,35.128308419]}},{"type":"Feature","id":"3101685ec066aa16ac03ac65cc811f11ee82fc4a20c5f9be255a2cabfe753321-1","properties":{"facility_id":"3101685ec066aa16ac03ac65cc811f11ee82fc4a20c5f9be255a2cabfe753321","point_ordinal":1,"zone_group_id":"291401007860","source_manage_no":"291401007860","facility_name":"마재초등학교","sgg_code":"12240","facility_type_code":"1","api_first_registered_on":"2012-07-24","api_last_modified_on":null,"updated_at":"2026-07-25T01:27:52.347112+00:00"},"geometry":{"type":"Point","coordinates":[126.862564637,35.130176626]}},{"type":"Feature","id":"3d9586b2636a597151ae280e775e082622cb1693c9a999c5df4bbb4ea50c47d2-1","properties":{"facility_id":"3d9586b2636a597151ae280e775e082622cb1693c9a999c5df4bbb4ea50c47d2","point_ordinal":1,"zone_group_id":"291401028923","source_manage_no":"291401028923","facility_name":"마재초등학교 병설유치원","sgg_code":"12240","facility_type_code":"1","api_first_registered_on":"2025-03-27","api_last_modified_on":"2025-03-27","updated_at":"2026-08-26T01:48:52.945805+00:00"},"geometry":{"type":"Point","coordinates":[126.862743986,35.130180471]}},{"type":"Feature","id":"30e3b88cd354f0e4570772747363d2ead31ee2880f33108a91f756b7bd605ee4-1","properties":{"facility_id":"30e3b88cd354f0e4570772747363d2ead31ee2880f33108a91f756b7bd605ee4","point_ordinal":1,"zone_group_id":"291401007864","source_manage_no":"291401007864","facility_name":"만호초등학교","sgg_code":"12240","facility_type_code":"1","api_first_registered_on":null,"api_last_modified_on":null,"updated_at":"2026-07-25T01:27:52.347112+00:00"},"geometry":{"type":"Point","coordinates":[126.854461822,35.132133777]}},{"type":"Feature","id":"c246198a51c7a424c4bd5ab1d52e5865b63d94e50605dfae46a13508a04c72bd-1","properties":{"facility_id":"c246198a51c7a424c4bd5ab1d52e5865b63d94e50605dfae46a13508a04c72bd","point_ordinal":1,"zone_group_id":"291401007875","source_manage_no":"291401007875","facility_name":"문정어린이집","sgg_code":"12240","facility_type_code":"1","api_first_registered_on":null,"api_last_modified_on":null,"updated_at":"2026-07-25T01:27:52.347112+00:00"},"geometry":{"type":"Point","coordinates":[126.851095456,35.142782957]}},{"type":"Feature","id":"f112c71ccbc68d760cc442f347c49dd6a07685dfb8c12e00daecac26441b4b0f-1","properties":{"facility_id":"f112c71ccbc68d760cc442f347c49dd6a07685dfb8c12e00daecac26441b4b0f","point_ordinal":1,"zone_group_id":"291402007910","source_manage_no":"291402007910","facility_name":"물댄동산한울교회요양원","sgg_code":"12240","facility_type_code":"2","api_first_registered_on":"2010-01-01","api_last_modified_on":null,"updated_at":"2026-07-25T01:27:52.347112+00:00"},"geometry":{"type":"Point","coordinates":[126.86799634,35.156154373]}},{"type":"Feature","id":"6afbe2f9b95dcb50126b005aef272f8c57c2eb4608b5cda1787b19b729ac0f4a-1","properties":{"facility_id":"6afbe2f9b95dcb50126b005aef272f8c57c2eb4608b5cda1787b19b729ac0f4a","point_ordinal":1,"zone_group_id":"291402007943","source_manage_no":"291402007943","facility_name":"베데스다요양원","sgg_code":"12240","facility_type_code":"2","api_first_registered_on":"2010-01-01","api_last_modified_on":null,"updated_at":"2026-07-25T01:27:52.347112+00:00"},"geometry":{"type":"Point","coordinates":[126.852731227,35.113639568]}},{"type":"Feature","id":"4510e3ee572169dc103fa8e30ce3db13d39f794e718f106c984af5d85e04fc90-1","properties":{"facility_id":"4510e3ee572169dc103fa8e30ce3db13d39f794e718f106c984af5d85e04fc90","point_ordinal":1,"zone_group_id":"291401007874","source_manage_no":"291401007874","facility_name":"빚고을유치원","sgg_code":"12240","facility_type_code":"1","api_first_registered_on":null,"api_last_modified_on":null,"updated_at":"2026-07-25T01:27:52.347112+00:00"},"geometry":{"type":"Point","coordinates":[126.866909795,35.168853671]}},{"type":"Feature","id":"d19f11de888b303dffb6696b01ce6af78cc1e657ca36006db45bb6faf0a62084-1","properties":{"facility_id":"d19f11de888b303dffb6696b01ce6af78cc1e657ca36006db45bb6faf0a62084","point_ordinal":1,"zone_group_id":"291401007872","source_manage_no":"291401007872","facility_name":"빛고을초등학교","sgg_code":"12240","facility_type_code":"1","api_first_registered_on":null,"api_last_modified_on":"2025-08-05","updated_at":"2026-07-25T01:27:52.347112+00:00"},"geometry":{"type":"Point","coordinates":[126.860051802,35.169252757]}},{"type":"Feature","id":"7d47ba48f92f72271ec4d4a326b060c6c3ef1a77dcbacb74b1b3e84b7b7bc184-1","properties":{"facility_id":"7d47ba48f92f72271ec4d4a326b060c6c3ef1a77dcbacb74b1b3e84b7b7bc184","point_ordinal":1,"zone_group_id":"291401007876","source_manage_no":"291401007876","facility_name":"살레시오초등학교","sgg_code":"12240","facility_type_code":"1","api_first_registered_on":null,"api_last_modified_on":null,"updated_at":"2026-07-25T01:27:52.347112+00:00"},"geometry":{"type":"Point","coordinates":[126.84960397,35.117752648]}},{"type":"Feature","id":"a03b4f323643e5160db6ebf12a2288720c0250a1c0030279a35b3bdd01841d92-1","properties":{"facility_id":"a03b4f323643e5160db6ebf12a2288720c0250a1c0030279a35b3bdd01841d92","point_ordinal":1,"zone_group_id":"291401007842","source_manage_no":"291401007842","facility_name":"삼삼어린이집","sgg_code":"12240","facility_type_code":"1","api_first_registered_on":null,"api_last_modified_on":null,"updated_at":"2026-07-25T01:27:52.347112+00:00"},"geometry":{"type":"Point","coordinates":[126.859281707,35.166974096]}},{"type":"Feature","id":"840db7d90feb667a57f8b57a513fd8a82c18038ea7a9a4b12906d86fd281fc63-1","properties":{"facility_id":"840db7d90feb667a57f8b57a513fd8a82c18038ea7a9a4b12906d86fd281fc63","point_ordinal":1,"zone_group_id":"291401007904","source_manage_no":"291401007904","facility_name":"상무초등학교","sgg_code":"12240","facility_type_code":"1","api_first_registered_on":"2012-10-25","api_last_modified_on":null,"updated_at":"2026-07-25T01:27:52.347112+00:00"},"geometry":{"type":"Point","coordinates":[126.856373835,35.141057944]}},{"type":"Feature","id":"7c059abd90a8e9da5078467bb3aa0d25aab4cae747a3a05edd8605166c5ae22c-1","properties":{"facility_id":"7c059abd90a8e9da5078467bb3aa0d25aab4cae747a3a05edd8605166c5ae22c","point_ordinal":1,"zone_group_id":"291401028936","source_manage_no":"291401028936","facility_name":"상무초등학교 병설유치원","sgg_code":"12240","facility_type_code":"1","api_first_registered_on":"2025-03-27","api_last_modified_on":"2025-03-27","updated_at":"2026-08-26T01:48:52.945805+00:00"},"geometry":{"type":"Point","coordinates":[126.856366776,35.141057031]}},{"type":"Feature","id":"24978f66f6df73f106fe3ef2426330e6368cb9a7c8c37eacd4626ab70b265467-1","properties":{"facility_id":"24978f66f6df73f106fe3ef2426330e6368cb9a7c8c37eacd4626ab70b265467","point_ordinal":1,"zone_group_id":"291402007912","source_manage_no":"291402007912","facility_name":"새몰경로당","sgg_code":"12240","facility_type_code":"2","api_first_registered_on":"2025-03-21","api_last_modified_on":"2025-03-21","updated_at":"2026-07-25T01:27:52.347112+00:00"},"geometry":{"type":"Point","coordinates":[126.854433423,35.165935767]}},{"type":"Feature","id":"cf46dca3a79c9df79b3822961ca6e0c3ee1eef0bc4fef03b418d54318e396f2a-1","properties":{"facility_id":"cf46dca3a79c9df79b3822961ca6e0c3ee1eef0bc4fef03b418d54318e396f2a","point_ordinal":1,"zone_group_id":"291401007903","source_manage_no":"291401007903","facility_name":"서광초등학교","sgg_code":"12240","facility_type_code":"1","api_first_registered_on":null,"api_last_modified_on":null,"updated_at":"2026-07-25T01:27:52.347112+00:00"},"geometry":{"type":"Point","coordinates":[126.86508416,35.153668482]}},{"type":"Feature","id":"c6e24b7d4f331dcd8101587fa88f8c8f52874a784e5c6d59352e1736e27e0edc-1","properties":{"facility_id":"c6e24b7d4f331dcd8101587fa88f8c8f52874a784e5c6d59352e1736e27e0edc","point_ordinal":1,"zone_group_id":"291402007935","source_manage_no":"291402007935","facility_name":"서구노인종합복지관","sgg_code":"12240","facility_type_code":"2","api_first_registered_on":null,"api_last_modified_on":"2025-03-21","updated_at":"2026-07-25T01:27:52.347112+00:00"},"geometry":{"type":"Point","coordinates":[126.880320545,35.158346054]}},{"type":"Feature","id":"278c84b694425d616f5da283ebe67d56e88dbc1e058f3513920e51878a1e436f-1","properties":{"facility_id":"278c84b694425d616f5da283ebe67d56e88dbc1e058f3513920e51878a1e436f","point_ordinal":1,"zone_group_id":"291401007938","source_manage_no":"291401007938","facility_name":"서구중앙어린이집","sgg_code":"12240","facility_type_code":"1","api_first_registered_on":null,"api_last_modified_on":null,"updated_at":"2026-07-25T01:27:52.347112+00:00"},"geometry":{"type":"Point","coordinates":[126.871980749,35.144867732]}},{"type":"Feature","id":"7aadb7186b1c4927506cdf926064d44d34fa1428708881c132d74442f486ff95-1","properties":{"facility_id":"7aadb7186b1c4927506cdf926064d44d34fa1428708881c132d74442f486ff95","point_ordinal":1,"zone_group_id":"291402028631","source_manage_no":"291402028631","facility_name":"서빛마루시니어센터","sgg_code":"12240","facility_type_code":"2","api_first_registered_on":"2024-12-30","api_last_modified_on":"2025-03-21","updated_at":"2026-08-21T01:47:52.345433+00:00"},"geometry":{"type":"Point","coordinates":[126.880558837,35.1305058]}},{"type":"Feature","id":"60d052a39653377eea6d867114676ba05a6fd08c35aed5e73c33ae00e7eff30e-1","properties":{"facility_id":"60d052a39653377eea6d867114676ba05a6fd08c35aed5e73c33ae00e7eff30e","point_ordinal":1,"zone_group_id":"291402007898","source_manage_no":"291402007898","facility_name":"서창게이트볼장","sgg_code":"12240","facility_type_code":"2","api_first_registered_on":"2012-01-01","api_last_modified_on":null,"updated_at":"2026-07-25T01:27:52.347112+00:00"},"geometry":{"type":"Point","coordinates":[126.821596476,35.109970701]}},{"type":"Feature","id":"5b30d0845c16cf06866aaa0a06aeae368c5d2b13ecd7fb2e96d13c42db6fedbe-1","properties":{"facility_id":"5b30d0845c16cf06866aaa0a06aeae368c5d2b13ecd7fb2e96d13c42db6fedbe","point_ordinal":1,"zone_group_id":"291401007934","source_manage_no":"291401007934","facility_name":"성진초등학교","sgg_code":"12240","facility_type_code":"1","api_first_registered_on":null,"api_last_modified_on":null,"updated_at":"2026-07-25T01:27:52.347112+00:00"},"geometry":{"type":"Point","coordinates":[126.866787788,35.143506184]}},{"type":"Feature","id":"06d8d92a66ef10677b4369a8623deffa4d915da098bf2adcc1203e1edabeea15-1","properties":{"facility_id":"06d8d92a66ef10677b4369a8623deffa4d915da098bf2adcc1203e1edabeea15","point_ordinal":1,"zone_group_id":"291401028918","source_manage_no":"291401028918","facility_name":"성진초등학교 병설유치원","sgg_code":"12240","facility_type_code":"1","api_first_registered_on":"2025-03-27","api_last_modified_on":"2025-03-27","updated_at":"2026-08-26T01:48:52.945805+00:00"},"geometry":{"type":"Point","coordinates":[126.866787308,35.14350261]}},{"type":"Feature","id":"2ee4f41ec680d6a6e6b0080bd92274c17141040fbafc721586aa51a42f903f93-1","properties":{"facility_id":"2ee4f41ec680d6a6e6b0080bd92274c17141040fbafc721586aa51a42f903f93","point_ordinal":1,"zone_group_id":"291402007920","source_manage_no":"291402007920","facility_name":"세실리아요양원","sgg_code":"12240","facility_type_code":"2","api_first_registered_on":"2010-01-01","api_last_modified_on":null,"updated_at":"2026-07-25T01:27:52.347112+00:00"},"geometry":{"type":"Point","coordinates":[126.885946136,35.163658674]}},{"type":"Feature","id":"5ec58862e252415f6aee12570adea3a9b3b5d29a36f5d3602cf6a627f76e4116-1","properties":{"facility_id":"5ec58862e252415f6aee12570adea3a9b3b5d29a36f5d3602cf6a627f76e4116","point_ordinal":1,"zone_group_id":"291401007894","source_manage_no":"291401007894","facility_name":"세운그림유치원","sgg_code":"12240","facility_type_code":"1","api_first_registered_on":null,"api_last_modified_on":null,"updated_at":"2026-07-25T01:27:52.347112+00:00"},"geometry":{"type":"Point","coordinates":[126.864441811,35.123313736]}},{"type":"Feature","id":"1c1d7a01062595812636e7ccf910fe9c8044a6b25d453d32bd319984dd5df7a5-1","properties":{"facility_id":"1c1d7a01062595812636e7ccf910fe9c8044a6b25d453d32bd319984dd5df7a5","point_ordinal":1,"zone_group_id":"291401007899","source_manage_no":"291401007899","facility_name":"송학초등학교","sgg_code":"12240","facility_type_code":"1","api_first_registered_on":null,"api_last_modified_on":null,"updated_at":"2026-07-25T01:27:52.347112+00:00"},"geometry":{"type":"Point","coordinates":[126.83000302,35.114163473]}},{"type":"Feature","id":"4e6b6ddc99f4cb98f549422ee545cd72954118238f92a065a82c9ddb6c9a8acd-1","properties":{"facility_id":"4e6b6ddc99f4cb98f549422ee545cd72954118238f92a065a82c9ddb6c9a8acd","point_ordinal":1,"zone_group_id":"291401028939","source_manage_no":"291401028939","facility_name":"송학초등학교 병설유치원","sgg_code":"12240","facility_type_code":"1","api_first_registered_on":"2025-03-27","api_last_modified_on":"2025-03-27","updated_at":"2026-08-26T01:48:52.945805+00:00"},"geometry":{"type":"Point","coordinates":[126.829988325,35.11415326]}},{"type":"Feature","id":"6bc5052b9ec21367308fc564b236d9e1472acad6086410cd3dc545fa829b54f5-1","properties":{"facility_id":"6bc5052b9ec21367308fc564b236d9e1472acad6086410cd3dc545fa829b54f5","point_ordinal":1,"zone_group_id":"291401007927","source_manage_no":"291401007927","facility_name":"신암초등학교","sgg_code":"12240","facility_type_code":"1","api_first_registered_on":"2012-03-01","api_last_modified_on":null,"updated_at":"2026-07-25T01:27:52.347112+00:00"},"geometry":{"type":"Point","coordinates":[126.881565506,35.122951463]}},{"type":"Feature","id":"a1526ae17b01797129f4e1aa42bc81560bc86ab4fef0865901884c26573d1e4f-1","properties":{"facility_id":"a1526ae17b01797129f4e1aa42bc81560bc86ab4fef0865901884c26573d1e4f","point_ordinal":1,"zone_group_id":"291401028922","source_manage_no":"291401028922","facility_name":"신암초등학교 병설유치원","sgg_code":"12240","facility_type_code":"1","api_first_registered_on":"2025-03-27","api_last_modified_on":"2025-03-27","updated_at":"2026-08-26T01:48:52.945805+00:00"},"geometry":{"type":"Point","coordinates":[126.881560025,35.122917298]}},{"type":"Feature","id":"d1d88c07dda1bcb037f0e8e7343521d435d40fb604fd4d7e63c92f902e6a912e-1","properties":{"facility_id":"d1d88c07dda1bcb037f0e8e7343521d435d40fb604fd4d7e63c92f902e6a912e","point_ordinal":1,"zone_group_id":"291401026366","source_manage_no":"291401026366","facility_name":"신영어린이집","sgg_code":"12240","facility_type_code":"1","api_first_registered_on":null,"api_last_modified_on":null,"updated_at":"2026-07-25T01:27:52.347112+00:00"},"geometry":{"type":"Point","coordinates":[126.873678662,35.139371058]}},{"type":"Feature","id":"d4f330c99ef53320ff7a14b5649a4392461a4f82fb4dc2101c9241ff54348566-1","properties":{"facility_id":"d4f330c99ef53320ff7a14b5649a4392461a4f82fb4dc2101c9241ff54348566","point_ordinal":1,"zone_group_id":"291402007942","source_manage_no":"291402007942","facility_name":"쌍학공원","sgg_code":"12240","facility_type_code":"2","api_first_registered_on":"2011-01-01","api_last_modified_on":null,"updated_at":"2026-07-25T01:27:52.347112+00:00"},"geometry":{"type":"Point","coordinates":[126.866565885,35.146642954]}},{"type":"Feature","id":"39ca8bb3073841952c2f0c357ea8e5f9889a08ab118f3a085568d17eade251ae-1","properties":{"facility_id":"39ca8bb3073841952c2f0c357ea8e5f9889a08ab118f3a085568d17eade251ae","point_ordinal":1,"zone_group_id":"291401007834","source_manage_no":"291401007834","facility_name":"아마란스어린이집","sgg_code":"12240","facility_type_code":"1","api_first_registered_on":null,"api_last_modified_on":null,"updated_at":"2026-07-25T01:27:52.347112+00:00"},"geometry":{"type":"Point","coordinates":[126.868542559,35.153668522]}},{"type":"Feature","id":"c8dc66e9924fb77310e6eb48dd4ffe2b6226e65cafd4f105493e3701e93cb5da-1","properties":{"facility_id":"c8dc66e9924fb77310e6eb48dd4ffe2b6226e65cafd4f105493e3701e93cb5da","point_ordinal":1,"zone_group_id":"291401020544","source_manage_no":"291401020544","facility_name":"아이숲유치원","sgg_code":"12240","facility_type_code":"1","api_first_registered_on":"2020-06-03","api_last_modified_on":null,"updated_at":"2026-07-25T01:27:52.347112+00:00"},"geometry":{"type":"Point","coordinates":[126.853121135,35.142261537]}},{"type":"Feature","id":"38745c8cd65a2cf88bf0c0c558f90b80d1c703b27212d7f404fc6da6c919c33d-1","properties":{"facility_id":"38745c8cd65a2cf88bf0c0c558f90b80d1c703b27212d7f404fc6da6c919c33d","point_ordinal":1,"zone_group_id":"291401007844","source_manage_no":"291401007844","facility_name":"아이월드어린이집","sgg_code":"12240","facility_type_code":"1","api_first_registered_on":null,"api_last_modified_on":null,"updated_at":"2026-07-25T01:27:52.347112+00:00"},"geometry":{"type":"Point","coordinates":[126.878653117,35.120592128]}},{"type":"Feature","id":"c8d219619235d428fee56b8694bb6bd24b020aa17f75815088abcbe562eafef3-1","properties":{"facility_id":"c8d219619235d428fee56b8694bb6bd24b020aa17f75815088abcbe562eafef3","point_ordinal":1,"zone_group_id":"291401007856","source_manage_no":"291401007856","facility_name":"아이위드유치원","sgg_code":"12240","facility_type_code":"1","api_first_registered_on":null,"api_last_modified_on":null,"updated_at":"2026-07-25T01:27:52.347112+00:00"},"geometry":{"type":"Point","coordinates":[126.85540686,35.134780802]}},{"type":"Feature","id":"83e436b92446e87901acebee4dc57d3381fafe6bea29eca3733cc236d2371bb2-1","properties":{"facility_id":"83e436b92446e87901acebee4dc57d3381fafe6bea29eca3733cc236d2371bb2","point_ordinal":1,"zone_group_id":"291401007909","source_manage_no":"291401007909","facility_name":"양3동어린이집","sgg_code":"12240","facility_type_code":"1","api_first_registered_on":null,"api_last_modified_on":null,"updated_at":"2026-07-25T01:27:52.347112+00:00"},"geometry":{"type":"Point","coordinates":[126.892485512,35.158416682]}},{"type":"Feature","id":"93516d225ee08ab903ee6b0d99ff2b76d6f19818dde24622a171ec48a078a268-1","properties":{"facility_id":"93516d225ee08ab903ee6b0d99ff2b76d6f19818dde24622a171ec48a078a268","point_ordinal":1,"zone_group_id":"291401007908","source_manage_no":"291401007908","facility_name":"양동초등학교","sgg_code":"12240","facility_type_code":"1","api_first_registered_on":"2012-08-26","api_last_modified_on":null,"updated_at":"2026-07-25T01:27:52.347112+00:00"},"geometry":{"type":"Point","coordinates":[126.898697168,35.153400201]}},{"type":"Feature","id":"b94776325d9f65fbb3f9daa5502ed7a02ff5b408915c08548fb4a07d4a7bd2e2-1","properties":{"facility_id":"b94776325d9f65fbb3f9daa5502ed7a02ff5b408915c08548fb4a07d4a7bd2e2","point_ordinal":1,"zone_group_id":"291401028937","source_manage_no":"291401028937","facility_name":"양동초등학교 병설유치원","sgg_code":"12240","facility_type_code":"1","api_first_registered_on":null,"api_last_modified_on":"2025-03-27","updated_at":"2026-08-26T01:48:52.945805+00:00"},"geometry":{"type":"Point","coordinates":[126.898691459,35.153421411]}},{"type":"Feature","id":"4ba93e1e232f48a00e90b893877288e5847cbd8cf7f7c46362ad5afb3c1bddb8-1","properties":{"facility_id":"4ba93e1e232f48a00e90b893877288e5847cbd8cf7f7c46362ad5afb3c1bddb8","point_ordinal":1,"zone_group_id":"291402021918","source_manage_no":"291402021918","facility_name":"양호 경로당","sgg_code":"12240","facility_type_code":"2","api_first_registered_on":null,"api_last_modified_on":"2026-08-20","updated_at":"2026-08-21T01:47:52.345433+00:00"},"geometry":{"type":"Point","coordinates":[126.901422583,35.152534038]}},{"type":"Feature","id":"a5b3c7ebd876cc789ffbe7e8c6266c1a43db59f2cc5eae055e3d1e6a2c0b9f2d-1","properties":{"facility_id":"a5b3c7ebd876cc789ffbe7e8c6266c1a43db59f2cc5eae055e3d1e6a2c0b9f2d","point_ordinal":1,"zone_group_id":"291401007939","source_manage_no":"291401007939","facility_name":"염주초등학교","sgg_code":"12240","facility_type_code":"1","api_first_registered_on":null,"api_last_modified_on":null,"updated_at":"2026-07-25T01:27:52.347112+00:00"},"geometry":{"type":"Point","coordinates":[126.879477366,35.140695393]}},{"type":"Feature","id":"45bad8b5fd7426423ce5e903d7cf5906ebbdd4c940b93e3afb7fbeba6f8f333f-1","properties":{"facility_id":"45bad8b5fd7426423ce5e903d7cf5906ebbdd4c940b93e3afb7fbeba6f8f333f","point_ordinal":1,"zone_group_id":"291401028934","source_manage_no":"291401028934","facility_name":"염주초등학교 병설유치원","sgg_code":"12240","facility_type_code":"1","api_first_registered_on":null,"api_last_modified_on":"2025-03-27","updated_at":"2026-08-26T01:48:52.945805+00:00"},"geometry":{"type":"Point","coordinates":[126.879485124,35.14064394]}},{"type":"Feature","id":"d34d0d6cc3b3f337e57efd88daec396451b8100f0f936afd52444e01315deecb-1","properties":{"facility_id":"d34d0d6cc3b3f337e57efd88daec396451b8100f0f936afd52444e01315deecb","point_ordinal":1,"zone_group_id":"291401007897","source_manage_no":"291401007897","facility_name":"예닮몬테소리유치원","sgg_code":"12240","facility_type_code":"1","api_first_registered_on":null,"api_last_modified_on":null,"updated_at":"2026-07-25T01:27:52.347112+00:00"},"geometry":{"type":"Point","coordinates":[126.883538987,35.127587277]}},{"type":"Feature","id":"f3ae90c6e7280bf5e3afbf1ea9fab1b0bc932edff34036ab9cd3a1b4b1966487-1","properties":{"facility_id":"f3ae90c6e7280bf5e3afbf1ea9fab1b0bc932edff34036ab9cd3a1b4b1966487","point_ordinal":1,"zone_group_id":"291401007827","source_manage_no":"291401007827","facility_name":"예담어린이집","sgg_code":"12240","facility_type_code":"1","api_first_registered_on":null,"api_last_modified_on":null,"updated_at":"2026-07-25T01:27:52.347112+00:00"},"geometry":{"type":"Point","coordinates":[126.857029105,35.13646659]}},{"type":"Feature","id":"d777e449043062eb97f845ce14af5d919f2cd0aa27cc4832b00022c3187dec79-1","properties":{"facility_id":"d777e449043062eb97f845ce14af5d919f2cd0aa27cc4832b00022c3187dec79","point_ordinal":1,"zone_group_id":"291401007849","source_manage_no":"291401007849","facility_name":"예지어린이집","sgg_code":"12240","facility_type_code":"1","api_first_registered_on":null,"api_last_modified_on":"2026-02-03","updated_at":"2026-07-25T01:27:52.347112+00:00"},"geometry":{"type":"Point","coordinates":[126.880894288,35.141056327]}},{"type":"Feature","id":"55405ee744ef446c903671899923976f9cfd7d33dd57464224affc7cb1c92618-1","properties":{"facility_id":"55405ee744ef446c903671899923976f9cfd7d33dd57464224affc7cb1c92618","point_ordinal":1,"zone_group_id":"291401007850","source_manage_no":"291401007850","facility_name":"우정어린이집","sgg_code":"12240","facility_type_code":"1","api_first_registered_on":null,"api_last_modified_on":null,"updated_at":"2026-07-25T01:27:52.347112+00:00"},"geometry":{"type":"Point","coordinates":[126.876552487,35.149976951]}},{"type":"Feature","id":"4dba4761eb813cd10d717a6bc867fc21ac45d46eef20d28e29e2cf89338444d8-1","properties":{"facility_id":"4dba4761eb813cd10d717a6bc867fc21ac45d46eef20d28e29e2cf89338444d8","point_ordinal":1,"zone_group_id":"291401007895","source_manage_no":"291401007895","facility_name":"운리초등학교","sgg_code":"12240","facility_type_code":"1","api_first_registered_on":null,"api_last_modified_on":null,"updated_at":"2026-07-25T01:27:52.347112+00:00"},"geometry":{"type":"Point","coordinates":[126.866286984,35.123372103]}},{"type":"Feature","id":"f2d12da280f95165eaba3608477ccb3a8b0aca3cef62bcd47bdee2a757160bde-1","properties":{"facility_id":"f2d12da280f95165eaba3608477ccb3a8b0aca3cef62bcd47bdee2a757160bde","point_ordinal":1,"zone_group_id":"291401028940","source_manage_no":"291401028940","facility_name":"운리초등학교 병설유치원","sgg_code":"12240","facility_type_code":"1","api_first_registered_on":null,"api_last_modified_on":"2025-03-27","updated_at":"2026-08-26T01:48:52.945805+00:00"},"geometry":{"type":"Point","coordinates":[126.866307216,35.123365637]}},{"type":"Feature","id":"b4eddb9d4aa00b33538c107d8bb563fde934fdad8f6086c995d064b24b556f3e-1","properties":{"facility_id":"b4eddb9d4aa00b33538c107d8bb563fde934fdad8f6086c995d064b24b556f3e","point_ordinal":1,"zone_group_id":"291401007877","source_manage_no":"291401007877","facility_name":"운천초등학교","sgg_code":"12240","facility_type_code":"1","api_first_registered_on":"2012-10-25","api_last_modified_on":null,"updated_at":"2026-07-25T01:27:52.347112+00:00"},"geometry":{"type":"Point","coordinates":[126.847253388,35.152710146]}},{"type":"Feature","id":"21635994337387760cb0363ad46fe63d0e46e579cfd9a07754d423497911788e-1","properties":{"facility_id":"21635994337387760cb0363ad46fe63d0e46e579cfd9a07754d423497911788e","point_ordinal":1,"zone_group_id":"291401028929","source_manage_no":"291401028929","facility_name":"운천초등학교 병설유치원","sgg_code":"12240","facility_type_code":"1","api_first_registered_on":"2025-03-27","api_last_modified_on":"2025-03-27","updated_at":"2026-08-26T01:48:52.945805+00:00"},"geometry":{"type":"Point","coordinates":[126.847270361,35.152619377]}},{"type":"Feature","id":"2c76c59fff77101402e3fc9fba880737be72a844db3f3cfa968c48c455723980-1","properties":{"facility_id":"2c76c59fff77101402e3fc9fba880737be72a844db3f3cfa968c48c455723980","point_ordinal":1,"zone_group_id":"291401007892","source_manage_no":"291401007892","facility_name":"워싱턴유치원","sgg_code":"12240","facility_type_code":"1","api_first_registered_on":null,"api_last_modified_on":null,"updated_at":"2026-07-25T01:27:52.347112+00:00"},"geometry":{"type":"Point","coordinates":[126.859922242,35.166508598]}},{"type":"Feature","id":"d0cb00dc84f90f849efe9037da1e4e6ffefcc921ea1a0e1bb9c46efe293b99cd-1","properties":{"facility_id":"d0cb00dc84f90f849efe9037da1e4e6ffefcc921ea1a0e1bb9c46efe293b99cd","point_ordinal":1,"zone_group_id":"291401007886","source_manage_no":"291401007886","facility_name":"월광기독학교","sgg_code":"12240","facility_type_code":"1","api_first_registered_on":null,"api_last_modified_on":null,"updated_at":"2026-07-25T01:27:52.347112+00:00"},"geometry":{"type":"Point","coordinates":[126.87249532,35.136466509]}},{"type":"Feature","id":"6ef56378549c5dc5d962874218936de06cd463f8b3fa280db648588a9ab4988e-1","properties":{"facility_id":"6ef56378549c5dc5d962874218936de06cd463f8b3fa280db648588a9ab4988e","point_ordinal":1,"zone_group_id":"291401007917","source_manage_no":"291401007917","facility_name":"유덕어린이집","sgg_code":"12240","facility_type_code":"1","api_first_registered_on":null,"api_last_modified_on":null,"updated_at":"2026-07-25T01:27:52.347112+00:00"},"geometry":{"type":"Point","coordinates":[126.851930195,35.164879114]}},{"type":"Feature","id":"268dd384b262bee17ca2e4ec3f6aa27e9baf38febda0501dbc1052150c2f0c94-1","properties":{"facility_id":"268dd384b262bee17ca2e4ec3f6aa27e9baf38febda0501dbc1052150c2f0c94","point_ordinal":1,"zone_group_id":"291401007918","source_manage_no":"291401007918","facility_name":"유덕초등학교","sgg_code":"12240","facility_type_code":"1","api_first_registered_on":"2012-11-20","api_last_modified_on":null,"updated_at":"2026-07-25T01:27:52.347112+00:00"},"geometry":{"type":"Point","coordinates":[126.862185385,35.164960593]}},{"type":"Feature","id":"745d0deddedf82835f93ba039dfcfddb2203d82422e818ebbc077a64ca692fe7-1","properties":{"facility_id":"745d0deddedf82835f93ba039dfcfddb2203d82422e818ebbc077a64ca692fe7","point_ordinal":1,"zone_group_id":"291401028926","source_manage_no":"291401028926","facility_name":"유덕초등학교 병설유치원","sgg_code":"12240","facility_type_code":"1","api_first_registered_on":"2025-03-27","api_last_modified_on":"2025-03-27","updated_at":"2026-08-26T01:48:52.945805+00:00"},"geometry":{"type":"Point","coordinates":[126.86218071,35.164932353]}},{"type":"Feature","id":"9c5d05c4e0bc64adb142bdffa80579fc8109c4a9bf578a8a4a8660c21c19d803-1","properties":{"facility_id":"9c5d05c4e0bc64adb142bdffa80579fc8109c4a9bf578a8a4a8660c21c19d803","point_ordinal":1,"zone_group_id":"291401023548","source_manage_no":"291401023548","facility_name":"유일어린이집","sgg_code":"12240","facility_type_code":"1","api_first_registered_on":null,"api_last_modified_on":null,"updated_at":"2026-07-25T01:27:52.347112+00:00"},"geometry":{"type":"Point","coordinates":[126.864030261,35.152527407]}},{"type":"Feature","id":"2625005b9989460c0f8bd2c51fec15c71fd7d8d2b2cca6d8483ddbca911ea62f-1","properties":{"facility_id":"2625005b9989460c0f8bd2c51fec15c71fd7d8d2b2cca6d8483ddbca911ea62f","point_ordinal":1,"zone_group_id":"291401007913","source_manage_no":"291401007913","facility_name":"유촌초등학교","sgg_code":"12240","facility_type_code":"1","api_first_registered_on":null,"api_last_modified_on":null,"updated_at":"2026-07-25T01:27:52.347112+00:00"},"geometry":{"type":"Point","coordinates":[126.858113022,35.159510815]}},{"type":"Feature","id":"d3ad2ddc7766fe85ed4b76a13f3e2183b67c78ed285b16d7fe949a991c3b57de-1","properties":{"facility_id":"d3ad2ddc7766fe85ed4b76a13f3e2183b67c78ed285b16d7fe949a991c3b57de","point_ordinal":1,"zone_group_id":"291401028928","source_manage_no":"291401028928","facility_name":"유촌초등학교 병설유치원","sgg_code":"12240","facility_type_code":"1","api_first_registered_on":null,"api_last_modified_on":"2025-03-27","updated_at":"2026-08-26T01:48:52.945805+00:00"},"geometry":{"type":"Point","coordinates":[126.858098592,35.159561742]}},{"type":"Feature","id":"05dcca8b01061952f615ef920291a3c7c1ae2dde8260554b11224a208abcd385-1","properties":{"facility_id":"05dcca8b01061952f615ef920291a3c7c1ae2dde8260554b11224a208abcd385","point_ordinal":1,"zone_group_id":"291402007855","source_manage_no":"291402007855","facility_name":"인화경로당","sgg_code":"12240","facility_type_code":"2","api_first_registered_on":"2011-01-01","api_last_modified_on":null,"updated_at":"2026-07-25T01:27:52.347112+00:00"},"geometry":{"type":"Point","coordinates":[126.879557161,35.167782965]}},{"type":"Feature","id":"69ffaa186e23989582d2bcb74142013cf973aeee3dcdb21103c93780e50bc1b7-1","properties":{"facility_id":"69ffaa186e23989582d2bcb74142013cf973aeee3dcdb21103c93780e50bc1b7","point_ordinal":1,"zone_group_id":"291401022502","source_manage_no":"291401022502","facility_name":"주월초등학교","sgg_code":"12240","facility_type_code":"1","api_first_registered_on":null,"api_last_modified_on":null,"updated_at":"2026-07-25T01:27:52.347112+00:00"},"geometry":{"type":"Point","coordinates":[126.883995049,35.144100715]}},{"type":"Feature","id":"d7f7fb9d510db5be9ce8ac6beba17234616fae396a9c2b6f32d783a8f6079e23-1","properties":{"facility_id":"d7f7fb9d510db5be9ce8ac6beba17234616fae396a9c2b6f32d783a8f6079e23","point_ordinal":1,"zone_group_id":"291402026385","source_manage_no":"291402026385","facility_name":"중촌경로당","sgg_code":"12240","facility_type_code":"2","api_first_registered_on":"2022-11-30","api_last_modified_on":null,"updated_at":"2026-07-25T01:27:52.347112+00:00"},"geometry":{"type":"Point","coordinates":[126.821130799,35.10748435]}},{"type":"Feature","id":"a9e65fa4a8ea5a2395be42b5cd9b49bbfee55cb84507c8bd19f209a461f10b78-1","properties":{"facility_id":"a9e65fa4a8ea5a2395be42b5cd9b49bbfee55cb84507c8bd19f209a461f10b78","point_ordinal":1,"zone_group_id":"291401007833","source_manage_no":"291401007833","facility_name":"참샘어린이집","sgg_code":"12240","facility_type_code":"1","api_first_registered_on":null,"api_last_modified_on":null,"updated_at":"2026-07-25T01:27:52.347112+00:00"},"geometry":{"type":"Point","coordinates":[126.867276217,35.156989197]}},{"type":"Feature","id":"436cb57bf6d99938075e4caf3ff3d973898cf91ac8604e16f8845ff9c4f544c1-1","properties":{"facility_id":"436cb57bf6d99938075e4caf3ff3d973898cf91ac8604e16f8845ff9c4f544c1","point_ordinal":1,"zone_group_id":"291401007891","source_manage_no":"291401007891","facility_name":"창의유치원","sgg_code":"12240","facility_type_code":"1","api_first_registered_on":"2014-01-01","api_last_modified_on":null,"updated_at":"2026-07-25T01:27:52.347112+00:00"},"geometry":{"type":"Point","coordinates":[126.847015969,35.15737763]}},{"type":"Feature","id":"0856a3d6a106c47d5c9a20f9ba79b92d6310e1f036b5daf658e12187d393f839-1","properties":{"facility_id":"0856a3d6a106c47d5c9a20f9ba79b92d6310e1f036b5daf658e12187d393f839","point_ordinal":1,"zone_group_id":"291401007923","source_manage_no":"291401007923","facility_name":"치평초등학교","sgg_code":"12240","facility_type_code":"1","api_first_registered_on":"2012-03-01","api_last_modified_on":null,"updated_at":"2026-07-25T01:27:52.347112+00:00"},"geometry":{"type":"Point","coordinates":[126.84361376,35.148175982]}},{"type":"Feature","id":"06ba18def852cb8008e8d6188eb85e3349921f4e4786b58302ece79f4c93161b-1","properties":{"facility_id":"06ba18def852cb8008e8d6188eb85e3349921f4e4786b58302ece79f4c93161b","point_ordinal":1,"zone_group_id":"291401007885","source_manage_no":"291401007885","facility_name":"큰별유치원","sgg_code":"12240","facility_type_code":"1","api_first_registered_on":null,"api_last_modified_on":null,"updated_at":"2026-07-25T01:27:52.347112+00:00"},"geometry":{"type":"Point","coordinates":[126.876931692,35.140556091]}},{"type":"Feature","id":"f852354ddc055696871acf5a0a7e3bf5606aa170141c11cc92745940b61c4306-1","properties":{"facility_id":"f852354ddc055696871acf5a0a7e3bf5606aa170141c11cc92745940b61c4306","point_ordinal":1,"zone_group_id":"291402007857","source_manage_no":"291402007857","facility_name":"푸름공원","sgg_code":"12240","facility_type_code":"2","api_first_registered_on":"2011-01-01","api_last_modified_on":null,"updated_at":"2026-07-25T01:27:52.347112+00:00"},"geometry":{"type":"Point","coordinates":[126.860873884,35.137496838]}},{"type":"Feature","id":"fbf2486d7d31c30d515414036e63f633b5c11c94e2712b8128f0775bebb00e4d-1","properties":{"facility_id":"fbf2486d7d31c30d515414036e63f633b5c11c94e2712b8128f0775bebb00e4d","point_ordinal":1,"zone_group_id":"291401007925","source_manage_no":"291401007925","facility_name":"풍암초등학교","sgg_code":"12240","facility_type_code":"1","api_first_registered_on":"2012-10-21","api_last_modified_on":null,"updated_at":"2026-07-25T01:27:52.347112+00:00"},"geometry":{"type":"Point","coordinates":[126.875243331,35.123821301]}},{"type":"Feature","id":"10678ed6751a9f05dea43243cdeda92de826f259e5dfa202e7327a40cd20bf5a-1","properties":{"facility_id":"10678ed6751a9f05dea43243cdeda92de826f259e5dfa202e7327a40cd20bf5a","point_ordinal":1,"zone_group_id":"291401028930","source_manage_no":"291401028930","facility_name":"풍암초등학교 병설유치원","sgg_code":"12240","facility_type_code":"1","api_first_registered_on":"2025-03-27","api_last_modified_on":"2025-03-27","updated_at":"2026-08-26T01:48:52.945805+00:00"},"geometry":{"type":"Point","coordinates":[126.875192927,35.123785233]}},{"type":"Feature","id":"63e59896e38fdafc454d1ced3b88de1505c209f42ac68d80ac5e029ddfe29482-1","properties":{"facility_id":"63e59896e38fdafc454d1ced3b88de1505c209f42ac68d80ac5e029ddfe29482","point_ordinal":1,"zone_group_id":"291401007828","source_manage_no":"291401007828","facility_name":"하버드어린이집","sgg_code":"12240","facility_type_code":"1","api_first_registered_on":null,"api_last_modified_on":null,"updated_at":"2026-07-25T01:27:52.347112+00:00"},"geometry":{"type":"Point","coordinates":[126.853583332,35.126628691]}},{"type":"Feature","id":"fa1f0c49ffd969145260c731393f983722b1598615215768cfa49d338f1c2d9b-1","properties":{"facility_id":"fa1f0c49ffd969145260c731393f983722b1598615215768cfa49d338f1c2d9b","point_ordinal":1,"zone_group_id":"291401026367","source_manage_no":"291401026367","facility_name":"해달어린이집","sgg_code":"12240","facility_type_code":"1","api_first_registered_on":null,"api_last_modified_on":null,"updated_at":"2026-07-25T01:27:52.347112+00:00"},"geometry":{"type":"Point","coordinates":[126.837104728,35.152313767]}},{"type":"Feature","id":"b44ceb33d5a3f25bd39de7fe86d053263cfd975d82a5d46a8ec112cc267a5938-1","properties":{"facility_id":"b44ceb33d5a3f25bd39de7fe86d053263cfd975d82a5d46a8ec112cc267a5938","point_ordinal":1,"zone_group_id":"291401007893","source_manage_no":"291401007893","facility_name":"현대리나유치원","sgg_code":"12240","facility_type_code":"1","api_first_registered_on":null,"api_last_modified_on":null,"updated_at":"2026-07-25T01:27:52.347112+00:00"},"geometry":{"type":"Point","coordinates":[126.864912538,35.167274257]}},{"type":"Feature","id":"60b440c96e42ae152fa53df02b8a3e3b028ccfbb4c8039b54dd71b7196fe9107-1","properties":{"facility_id":"60b440c96e42ae152fa53df02b8a3e3b028ccfbb4c8039b54dd71b7196fe9107","point_ordinal":1,"zone_group_id":"291401007882","source_manage_no":"291401007882","facility_name":"홉스쿨유치원","sgg_code":"12240","facility_type_code":"1","api_first_registered_on":null,"api_last_modified_on":null,"updated_at":"2026-07-25T01:27:52.347112+00:00"},"geometry":{"type":"Point","coordinates":[126.853452203,35.13211036]}},{"type":"Feature","id":"2df29c0868e215e460a114aebfb0cf89b3de19f17ffdde55a88961628953ca90-1","properties":{"facility_id":"2df29c0868e215e460a114aebfb0cf89b3de19f17ffdde55a88961628953ca90","point_ordinal":1,"zone_group_id":"291401007862","source_manage_no":"291401007862","facility_name":"화개초등학교","sgg_code":"12240","facility_type_code":"1","api_first_registered_on":"2012-10-21","api_last_modified_on":null,"updated_at":"2026-07-25T01:27:52.347112+00:00"},"geometry":{"type":"Point","coordinates":[126.856366167,35.124786094]}},{"type":"Feature","id":"1bccc76c51d8e4223eb09686fe4104f6b58cf1ade2eece347d4ef00f690d0d73-1","properties":{"facility_id":"1bccc76c51d8e4223eb09686fe4104f6b58cf1ade2eece347d4ef00f690d0d73","point_ordinal":1,"zone_group_id":"291401028925","source_manage_no":"291401028925","facility_name":"화개초등학교 병설유치원","sgg_code":"12240","facility_type_code":"1","api_first_registered_on":"2025-03-27","api_last_modified_on":"2025-03-27","updated_at":"2026-08-26T01:48:52.945805+00:00"},"geometry":{"type":"Point","coordinates":[126.856496916,35.12473576]}},{"type":"Feature","id":"f3b7bdb1ce6724ac6ddbf54150aed9645b7bd552a8e3f37dc6d747eb0725a700-1","properties":{"facility_id":"f3b7bdb1ce6724ac6ddbf54150aed9645b7bd552a8e3f37dc6d747eb0725a700","point_ordinal":1,"zone_group_id":"291401007941","source_manage_no":"291401007941","facility_name":"화정남초등학교","sgg_code":"12240","facility_type_code":"1","api_first_registered_on":null,"api_last_modified_on":null,"updated_at":"2026-07-25T01:27:52.347112+00:00"},"geometry":{"type":"Point","coordinates":[126.872725041,35.138000598]}},{"type":"Feature","id":"c75f1e4a532beead8db46a6b9fbca9722a7087b4eea0f3951520afcffe1804f0-1","properties":{"facility_id":"c75f1e4a532beead8db46a6b9fbca9722a7087b4eea0f3951520afcffe1804f0","point_ordinal":1,"zone_group_id":"291401007847","source_manage_no":"291401007847","facility_name":"화정어린이집","sgg_code":"12240","facility_type_code":"1","api_first_registered_on":null,"api_last_modified_on":null,"updated_at":"2026-07-25T01:27:52.347112+00:00"},"geometry":{"type":"Point","coordinates":[126.882160169,35.143026483]}},{"type":"Feature","id":"fb3dc885c6cb3872e225f153610dc6eaeb939cf631317bf1eba18f4ded7794dd-1","properties":{"facility_id":"fb3dc885c6cb3872e225f153610dc6eaeb939cf631317bf1eba18f4ded7794dd","point_ordinal":1,"zone_group_id":"291401007933","source_manage_no":"291401007933","facility_name":"화정초등학교","sgg_code":"12240","facility_type_code":"1","api_first_registered_on":"2012-08-26","api_last_modified_on":null,"updated_at":"2026-07-25T01:27:52.347112+00:00"},"geometry":{"type":"Point","coordinates":[126.872454883,35.148049842]}},{"type":"Feature","id":"14ce45aa2a69dd8ad2e78af3188c38beb1f89bf38367d3da7ee5518738196d16-1","properties":{"facility_id":"14ce45aa2a69dd8ad2e78af3188c38beb1f89bf38367d3da7ee5518738196d16","point_ordinal":1,"zone_group_id":"291401028920","source_manage_no":"291401028920","facility_name":"화정초등학교 병설유치원","sgg_code":"12240","facility_type_code":"1","api_first_registered_on":"2025-03-27","api_last_modified_on":"2025-03-27","updated_at":"2026-08-26T01:48:52.945805+00:00"},"geometry":{"type":"Point","coordinates":[126.87241236,35.148051523]}},{"type":"Feature","id":"eb078c2283f22c918619b869e1becff1abe5b2bc315b131ddaa0f32dc512675c-1","properties":{"facility_id":"eb078c2283f22c918619b869e1becff1abe5b2bc315b131ddaa0f32dc512675c","point_ordinal":1,"zone_group_id":"291552007563","source_manage_no":"291552007563","facility_name":"광주공원노인복지관","sgg_code":"12270","facility_type_code":"2","api_first_registered_on":"2010-01-01","api_last_modified_on":null,"updated_at":"2026-07-25T01:27:52.347112+00:00"},"geometry":{"type":"Point","coordinates":[126.907913177,35.14764555]}},{"type":"Feature","id":"fc1f3f9e8ad777ef046c8dca10ca84039d530c04d9261df4b2558582a4b1e760-1","properties":{"facility_id":"fc1f3f9e8ad777ef046c8dca10ca84039d530c04d9261df4b2558582a4b1e760","point_ordinal":1,"zone_group_id":"291551007527","source_manage_no":"291551007527","facility_name":"광주삼육유치원","sgg_code":"12270","facility_type_code":"1","api_first_registered_on":"1990-01-01","api_last_modified_on":null,"updated_at":"2026-07-25T01:27:52.347112+00:00"},"geometry":{"type":"Point","coordinates":[126.899301841,35.131805268]}},{"type":"Feature","id":"e1e5dc33ce13e27298643ab9bdce98a001beb18f462489e71baa134cc4b357cf-1","properties":{"facility_id":"e1e5dc33ce13e27298643ab9bdce98a001beb18f462489e71baa134cc4b357cf","point_ordinal":1,"zone_group_id":"291553007572","source_manage_no":"291553007572","facility_name":"광주작은예수의집","sgg_code":"12270","facility_type_code":"3","api_first_registered_on":null,"api_last_modified_on":null,"updated_at":"2026-07-25T01:27:52.347112+00:00"},"geometry":{"type":"Point","coordinates":[126.896086614,35.119805584]}},{"type":"Feature","id":"6974ba0de01cb6cca9c061f4dc26b3ed197ab6b714056c417cbe8d3dc3f02806-1","properties":{"facility_id":"6974ba0de01cb6cca9c061f4dc26b3ed197ab6b714056c417cbe8d3dc3f02806","point_ordinal":1,"zone_group_id":"291551007538","source_manage_no":"291551007538","facility_name":"까리따스유치원","sgg_code":"12270","facility_type_code":"1","api_first_registered_on":"2016-01-01","api_last_modified_on":null,"updated_at":"2026-07-25T01:27:52.347112+00:00"},"geometry":{"type":"Point","coordinates":[126.872146852,35.106068139]}},{"type":"Feature","id":"123194858040449cc52efac9efa4128edae04d95db8440aa304eb2d4c034ecfc-1","properties":{"facility_id":"123194858040449cc52efac9efa4128edae04d95db8440aa304eb2d4c034ecfc","point_ordinal":1,"zone_group_id":"291551007515","source_manage_no":"291551007515","facility_name":"꿈그린유치원","sgg_code":"12270","facility_type_code":"1","api_first_registered_on":"2010-01-01","api_last_modified_on":null,"updated_at":"2026-07-25T01:27:52.347112+00:00"},"geometry":{"type":"Point","coordinates":[126.904407691,35.127015345]}},{"type":"Feature","id":"a504961773aa053e3a2e40b35d42a4f92ee9f37f1a5255879fb14b37aa5dd8bc-1","properties":{"facility_id":"a504961773aa053e3a2e40b35d42a4f92ee9f37f1a5255879fb14b37aa5dd8bc","point_ordinal":1,"zone_group_id":"291551023024","source_manage_no":"291551023024","facility_name":"꿈드리유치원","sgg_code":"12270","facility_type_code":"1","api_first_registered_on":null,"api_last_modified_on":null,"updated_at":"2026-07-25T01:27:52.347112+00:00"},"geometry":{"type":"Point","coordinates":[126.886142177,35.099159498]}},{"type":"Feature","id":"de916889ce8c321c7d4d8d5bb984703cd1fb57650ba5c3944b108ba7d5771cfa-1","properties":{"facility_id":"de916889ce8c321c7d4d8d5bb984703cd1fb57650ba5c3944b108ba7d5771cfa","point_ordinal":1,"zone_group_id":"291551007490","source_manage_no":"291551007490","facility_name":"나라어린이집","sgg_code":"12270","facility_type_code":"1","api_first_registered_on":"2011-04-05","api_last_modified_on":null,"updated_at":"2026-07-25T01:27:52.347112+00:00"},"geometry":{"type":"Point","coordinates":[126.834489153,35.083063033]}},{"type":"Feature","id":"d5c2910a3fab90f6885dfb09a5f39fe33e1c96d3e23bc8545a0c75ed2c2ecd54-1","properties":{"facility_id":"d5c2910a3fab90f6885dfb09a5f39fe33e1c96d3e23bc8545a0c75ed2c2ecd54","point_ordinal":1,"zone_group_id":"291551007492","source_manage_no":"291551007492","facility_name":"남광유치원","sgg_code":"12270","facility_type_code":"1","api_first_registered_on":"1998-10-25","api_last_modified_on":null,"updated_at":"2026-07-25T01:27:52.347112+00:00"},"geometry":{"type":"Point","coordinates":[126.897209229,35.119369335]}},{"type":"Feature","id":"2a3693eb1ce2c790c9c5064287800f520fdd132087ac9455ef007ad16c0c660e-1","properties":{"facility_id":"2a3693eb1ce2c790c9c5064287800f520fdd132087ac9455ef007ad16c0c660e","point_ordinal":1,"zone_group_id":"291551007501","source_manage_no":"291551007501","facility_name":"남구구립어린이집","sgg_code":"12270","facility_type_code":"1","api_first_registered_on":"2011-04-05","api_last_modified_on":null,"updated_at":"2026-07-25T01:27:52.347112+00:00"},"geometry":{"type":"Point","coordinates":[126.916135171,35.132374457]}},{"type":"Feature","id":"1ef9d8e09775aaec3d4e1f1a920b776612f5e8c3b08173756e65916d5f812e63-1","properties":{"facility_id":"1ef9d8e09775aaec3d4e1f1a920b776612f5e8c3b08173756e65916d5f812e63","point_ordinal":1,"zone_group_id":"291552007564","source_manage_no":"291552007564","facility_name":"남구노인복지관","sgg_code":"12270","facility_type_code":"2","api_first_registered_on":null,"api_last_modified_on":null,"updated_at":"2026-07-25T01:27:52.347112+00:00"},"geometry":{"type":"Point","coordinates":[126.896769919,35.141738517]}},{"type":"Feature","id":"6cc9f4ae830a3b5e0fb03433862356bda362c2a3c7d43751a0360fb4d2585ac7-1","properties":{"facility_id":"6cc9f4ae830a3b5e0fb03433862356bda362c2a3c7d43751a0360fb4d2585ac7","point_ordinal":1,"zone_group_id":"291552007562","source_manage_no":"291552007562","facility_name":"남구실버타운","sgg_code":"12270","facility_type_code":"2","api_first_registered_on":"2010-01-01","api_last_modified_on":"2025-06-30","updated_at":"2026-07-25T01:27:52.347112+00:00"},"geometry":{"type":"Point","coordinates":[126.909995322,35.132948866]}},{"type":"Feature","id":"65c8eccf3ed429dc56dab5917c4d9a22f6ba9599b04207853883a000b953f4d5-1","properties":{"facility_id":"65c8eccf3ed429dc56dab5917c4d9a22f6ba9599b04207853883a000b953f4d5","point_ordinal":1,"zone_group_id":"291551007497","source_manage_no":"291551007497","facility_name":"농성초등학교","sgg_code":"12270","facility_type_code":"1","api_first_registered_on":"1996-08-26","api_last_modified_on":null,"updated_at":"2026-07-25T01:27:52.347112+00:00"},"geometry":{"type":"Point","coordinates":[126.890411729,35.148809152]}},{"type":"Feature","id":"81a7570bd427cd8ba6e306ea4d9a765621ffa3f12b315c3e01246209c60489ff-1","properties":{"facility_id":"81a7570bd427cd8ba6e306ea4d9a765621ffa3f12b315c3e01246209c60489ff","point_ordinal":1,"zone_group_id":"291551007497","source_manage_no":"291551007498","facility_name":"농성초등학교병설유치원","sgg_code":"12270","facility_type_code":"1","api_first_registered_on":"1996-01-01","api_last_modified_on":null,"updated_at":"2026-07-25T01:27:52.347112+00:00"},"geometry":{"type":"Point","coordinates":[126.890442192,35.14859736]}},{"type":"Feature","id":"f1a66edf44df8239cd6cc6f56e4228b70ed25037103dc271711d4f1493e451d4-1","properties":{"facility_id":"f1a66edf44df8239cd6cc6f56e4228b70ed25037103dc271711d4f1493e451d4","point_ordinal":1,"zone_group_id":"291551007532","source_manage_no":"291551007532","facility_name":"다온유치원","sgg_code":"12270","facility_type_code":"1","api_first_registered_on":null,"api_last_modified_on":null,"updated_at":"2026-07-25T01:27:52.347112+00:00"},"geometry":{"type":"Point","coordinates":[126.918591916,35.128012979]}},{"type":"Feature","id":"8786c96c2c9a4e7b74ac67fd889d090c3fecab9fa0edb0a9806329e5978683a6-1","properties":{"facility_id":"8786c96c2c9a4e7b74ac67fd889d090c3fecab9fa0edb0a9806329e5978683a6","point_ordinal":1,"zone_group_id":"291551007522","source_manage_no":"291551007522","facility_name":"대성초등학교","sgg_code":"12270","facility_type_code":"1","api_first_registered_on":"1996-08-26","api_last_modified_on":null,"updated_at":"2026-07-25T01:27:52.347112+00:00"},"geometry":{"type":"Point","coordinates":[126.905029656,35.143904832]}},{"type":"Feature","id":"56a79e6ef8db838a4adffeb7874e22ed324bc23f1af058fd5b15b14645d773f9-1","properties":{"facility_id":"56a79e6ef8db838a4adffeb7874e22ed324bc23f1af058fd5b15b14645d773f9","point_ordinal":1,"zone_group_id":"291551007522","source_manage_no":"291551007523","facility_name":"대성초등학교병설유치원","sgg_code":"12270","facility_type_code":"1","api_first_registered_on":"1996-01-01","api_last_modified_on":null,"updated_at":"2026-07-25T01:27:52.347112+00:00"},"geometry":{"type":"Point","coordinates":[126.904625836,35.144368716]}},{"type":"Feature","id":"893e96c8f082eb6f4feb2a83f5c59c02ef60f357e2e04d9c91c8779fe6417f1b-1","properties":{"facility_id":"893e96c8f082eb6f4feb2a83f5c59c02ef60f357e2e04d9c91c8779fe6417f1b","point_ordinal":1,"zone_group_id":"291551007488","source_manage_no":"291551007488","facility_name":"대촌중앙초등학교","sgg_code":"12270","facility_type_code":"1","api_first_registered_on":"1996-08-26","api_last_modified_on":null,"updated_at":"2026-07-25T01:27:52.347112+00:00"},"geometry":{"type":"Point","coordinates":[126.833271485,35.082014724]}},{"type":"Feature","id":"01198cef2465526aa4ff79ddc4a12c01711cb5ce2aaa90c9f017d11f7545fd2a-1","properties":{"facility_id":"01198cef2465526aa4ff79ddc4a12c01711cb5ce2aaa90c9f017d11f7545fd2a","point_ordinal":1,"zone_group_id":"291551007488","source_manage_no":"291551007489","facility_name":"대촌중앙초등학교병설유치원","sgg_code":"12270","facility_type_code":"1","api_first_registered_on":"1996-08-27","api_last_modified_on":null,"updated_at":"2026-07-25T01:27:52.347112+00:00"},"geometry":{"type":"Point","coordinates":[126.833033147,35.081937779]}},{"type":"Feature","id":"b002571caf0ccfa1ccebf4d1f586e25409a5e34ea27261284090452d827cbc91-1","properties":{"facility_id":"b002571caf0ccfa1ccebf4d1f586e25409a5e34ea27261284090452d827cbc91","point_ordinal":1,"zone_group_id":"291551007536","source_manage_no":"291551007536","facility_name":"무학초등학교","sgg_code":"12270","facility_type_code":"1","api_first_registered_on":null,"api_last_modified_on":null,"updated_at":"2026-07-25T01:27:52.347112+00:00"},"geometry":{"type":"Point","coordinates":[126.804715867,35.066662658]}},{"type":"Feature","id":"5507f848a626fa4813cd29e9337cccdcc4a8406200124c691eb8adbf8c36afac-1","properties":{"facility_id":"5507f848a626fa4813cd29e9337cccdcc4a8406200124c691eb8adbf8c36afac","point_ordinal":1,"zone_group_id":"291551007536","source_manage_no":"291551007537","facility_name":"무학초등학교병설유치원","sgg_code":"12270","facility_type_code":"1","api_first_registered_on":"1996-01-01","api_last_modified_on":null,"updated_at":"2026-07-25T01:27:52.347112+00:00"},"geometry":{"type":"Point","coordinates":[126.804362751,35.066475054]}},{"type":"Feature","id":"12f809ced0ab7fbb12f6390b9eee2f29c011d5b7517cec64a19432967ea0ae36-1","properties":{"facility_id":"12f809ced0ab7fbb12f6390b9eee2f29c011d5b7517cec64a19432967ea0ae36","point_ordinal":1,"zone_group_id":"291551007546","source_manage_no":"291551007546","facility_name":"미화어린이집","sgg_code":"12270","facility_type_code":"1","api_first_registered_on":null,"api_last_modified_on":null,"updated_at":"2026-07-25T01:27:52.347112+00:00"},"geometry":{"type":"Point","coordinates":[126.924346381,35.129113482]}},{"type":"Feature","id":"3d044c4223f1484ea04c07f9d610fc66271344d18fcee40dbd193ee9495ba19d-1","properties":{"facility_id":"3d044c4223f1484ea04c07f9d610fc66271344d18fcee40dbd193ee9495ba19d","point_ordinal":1,"zone_group_id":"291551007547","source_manage_no":"291551007547","facility_name":"방림초등학교","sgg_code":"12270","facility_type_code":"1","api_first_registered_on":null,"api_last_modified_on":null,"updated_at":"2026-07-25T01:27:52.347112+00:00"},"geometry":{"type":"Point","coordinates":[126.920886076,35.133652424]}},{"type":"Feature","id":"5d0d8b6124a21665a04e3ba96e1aa591b721a0a5a383ac63039cbb2838009a82-1","properties":{"facility_id":"5d0d8b6124a21665a04e3ba96e1aa591b721a0a5a383ac63039cbb2838009a82","point_ordinal":1,"zone_group_id":"291551007547","source_manage_no":"291551007548","facility_name":"방림초등학교병설","sgg_code":"12270","facility_type_code":"1","api_first_registered_on":"1995-01-01","api_last_modified_on":null,"updated_at":"2026-07-25T01:27:52.347112+00:00"},"geometry":{"type":"Point","coordinates":[126.921210614,35.13350177]}},{"type":"Feature","id":"99d94b15c9941fbcb902dd181bada9cfa6a86c89f2f0abac8bb654db7703b50d-1","properties":{"facility_id":"99d94b15c9941fbcb902dd181bada9cfa6a86c89f2f0abac8bb654db7703b50d","point_ordinal":1,"zone_group_id":"291551007502","source_manage_no":"291551007502","facility_name":"백운초등학교","sgg_code":"12270","facility_type_code":"1","api_first_registered_on":"1995-09-01","api_last_modified_on":null,"updated_at":"2026-07-25T01:27:52.347112+00:00"},"geometry":{"type":"Point","coordinates":[126.900497575,35.137869282]}},{"type":"Feature","id":"4a70356837ac6c65912ceb84c9ca842895f00a43c9b6c2134d199066e367b307-1","properties":{"facility_id":"4a70356837ac6c65912ceb84c9ca842895f00a43c9b6c2134d199066e367b307","point_ordinal":1,"zone_group_id":"291551007502","source_manage_no":"291551007503","facility_name":"백운초등학교병설유치원","sgg_code":"12270","facility_type_code":"1","api_first_registered_on":"1995-01-01","api_last_modified_on":null,"updated_at":"2026-07-25T01:27:52.347112+00:00"},"geometry":{"type":"Point","coordinates":[126.900276034,35.137667285]}},{"type":"Feature","id":"a664db440f70c8853675c6711b2c88d0c3c223a942a30413144abee4ccd41022-1","properties":{"facility_id":"a664db440f70c8853675c6711b2c88d0c3c223a942a30413144abee4ccd41022","point_ordinal":1,"zone_group_id":"291551007517","source_manage_no":"291551007517","facility_name":"봉선어린이집","sgg_code":"12270","facility_type_code":"1","api_first_registered_on":"2006-08-17","api_last_modified_on":null,"updated_at":"2026-07-25T01:27:52.347112+00:00"},"geometry":{"type":"Point","coordinates":[126.911935212,35.124193684]}},{"type":"Feature","id":"8fc13ac32d02a7129d0880a182e0200268a14c0189a7e03e36ac96c21831a5eb-1","properties":{"facility_id":"8fc13ac32d02a7129d0880a182e0200268a14c0189a7e03e36ac96c21831a5eb","point_ordinal":1,"zone_group_id":"291551007516","source_manage_no":"291551007516","facility_name":"봉선초등학교","sgg_code":"12270","facility_type_code":"1","api_first_registered_on":null,"api_last_modified_on":null,"updated_at":"2026-07-25T01:27:52.347112+00:00"},"geometry":{"type":"Point","coordinates":[126.911869088,35.131299034]}},{"type":"Feature","id":"5b42158c92cc0cef0aa49db705fcfbdddc3da6c29735e70989e2ced6c302ba66-1","properties":{"facility_id":"5b42158c92cc0cef0aa49db705fcfbdddc3da6c29735e70989e2ced6c302ba66","point_ordinal":1,"zone_group_id":"291551007519","source_manage_no":"291551007519","facility_name":"봉주초등학교","sgg_code":"12270","facility_type_code":"1","api_first_registered_on":"1995-09-01","api_last_modified_on":null,"updated_at":"2026-07-25T01:27:52.347112+00:00"},"geometry":{"type":"Point","coordinates":[126.890077376,35.136705805]}},{"type":"Feature","id":"b4c8037284756ca66ff6990642ac444fda8adb0054b851fbca5a971434afbb24-1","properties":{"facility_id":"b4c8037284756ca66ff6990642ac444fda8adb0054b851fbca5a971434afbb24","point_ordinal":1,"zone_group_id":"291551007519","source_manage_no":"291551007520","facility_name":"봉주초등학교병설유치원","sgg_code":"12270","facility_type_code":"1","api_first_registered_on":"1995-01-01","api_last_modified_on":null,"updated_at":"2026-07-25T01:27:52.347112+00:00"},"geometry":{"type":"Point","coordinates":[126.890669671,35.136136116]}},{"type":"Feature","id":"3a84572b00385c7d92e426346f5e9514f235c10a0a4a7c3a838b3f90ac1f3beb-1","properties":{"facility_id":"3a84572b00385c7d92e426346f5e9514f235c10a0a4a7c3a838b3f90ac1f3beb","point_ordinal":1,"zone_group_id":"291551007542","source_manage_no":"291551007542","facility_name":"불로초등학교","sgg_code":"12270","facility_type_code":"1","api_first_registered_on":null,"api_last_modified_on":null,"updated_at":"2026-07-25T01:27:52.347112+00:00"},"geometry":{"type":"Point","coordinates":[126.914339212,35.120759337]}},{"type":"Feature","id":"00df75fd4cd8c30082d831dc7f2d2df421eca05b3d885493b401958ce38d8df7-1","properties":{"facility_id":"00df75fd4cd8c30082d831dc7f2d2df421eca05b3d885493b401958ce38d8df7","point_ordinal":1,"zone_group_id":"291552007561","source_manage_no":"291552007561","facility_name":"빛고을노인건강타운","sgg_code":"12270","facility_type_code":"2","api_first_registered_on":null,"api_last_modified_on":null,"updated_at":"2026-07-25T01:27:52.347112+00:00"},"geometry":{"type":"Point","coordinates":[126.895895551,35.10108512]}},{"type":"Feature","id":"e18b7b4dcd31904e21dead8e2f5b6372bb274167664d8d39a55eb20f2c9b2a68-1","properties":{"facility_id":"e18b7b4dcd31904e21dead8e2f5b6372bb274167664d8d39a55eb20f2c9b2a68","point_ordinal":1,"zone_group_id":"291551021011","source_manage_no":"291551021011","facility_name":"빛여울초등학교","sgg_code":"12270","facility_type_code":"1","api_first_registered_on":null,"api_last_modified_on":null,"updated_at":"2026-07-25T01:27:52.347112+00:00"},"geometry":{"type":"Point","coordinates":[126.869121837,35.103366149]}},{"type":"Feature","id":"35a98a2dc96424ec61728f64278f446a0cd5909f6f4813993b5c12660a3070d2-1","properties":{"facility_id":"35a98a2dc96424ec61728f64278f446a0cd5909f6f4813993b5c12660a3070d2","point_ordinal":1,"zone_group_id":"291551007554","source_manage_no":"291551007554","facility_name":"삼육초등학교","sgg_code":"12270","facility_type_code":"1","api_first_registered_on":"2012-03-01","api_last_modified_on":null,"updated_at":"2026-07-25T01:27:52.347112+00:00"},"geometry":{"type":"Point","coordinates":[126.894374182,35.130238823]}},{"type":"Feature","id":"6085920d24ee07f666fdded83affd21e6f9c4df422ebdb0c74fa7d79c742af29-1","properties":{"facility_id":"6085920d24ee07f666fdded83affd21e6f9c4df422ebdb0c74fa7d79c742af29","point_ordinal":1,"zone_group_id":"291551007526","source_manage_no":"291551007526","facility_name":"선명학교","sgg_code":"12270","facility_type_code":"1","api_first_registered_on":"2012-03-01","api_last_modified_on":null,"updated_at":"2026-07-25T01:27:52.347112+00:00"},"geometry":{"type":"Point","coordinates":[126.893209823,35.125922836]}},{"type":"Feature","id":"11ec43db60c997118e0dedd7fbe4859c14f66d2d2161a9aa37050f92a737db7a-1","properties":{"facility_id":"11ec43db60c997118e0dedd7fbe4859c14f66d2d2161a9aa37050f92a737db7a","point_ordinal":1,"zone_group_id":"291551007538","source_manage_no":"291551007539","facility_name":"성요셉어린이집","sgg_code":"12270","facility_type_code":"1","api_first_registered_on":"2016-01-01","api_last_modified_on":null,"updated_at":"2026-07-25T01:27:52.347112+00:00"},"geometry":{"type":"Point","coordinates":[126.872041669,35.106906185]}},{"type":"Feature","id":"3b8356f2b383a9d5cf42c4fb62248da8709b372be28b3e28affd67415ae671dc-1","properties":{"facility_id":"3b8356f2b383a9d5cf42c4fb62248da8709b372be28b3e28affd67415ae671dc","point_ordinal":1,"zone_group_id":"291552007569","source_manage_no":"291552007569","facility_name":"성요셉요양원","sgg_code":"12270","facility_type_code":"2","api_first_registered_on":"2011-01-01","api_last_modified_on":null,"updated_at":"2026-07-25T01:27:52.347112+00:00"},"geometry":{"type":"Point","coordinates":[126.870320401,35.106716915]}},{"type":"Feature","id":"75324339e00e55fc4cf2bbe0882d11009d3f781d7674ecc167cc7fcd0a8f4cec-1","properties":{"facility_id":"75324339e00e55fc4cf2bbe0882d11009d3f781d7674ecc167cc7fcd0a8f4cec","point_ordinal":1,"zone_group_id":"291551007528","source_manage_no":"291551007528","facility_name":"송원초등학교","sgg_code":"12270","facility_type_code":"1","api_first_registered_on":null,"api_last_modified_on":null,"updated_at":"2026-07-25T01:27:52.347112+00:00"},"geometry":{"type":"Point","coordinates":[126.870474303,35.113814165]}},{"type":"Feature","id":"6cb359aabb296c524960bb3a6ec380ff47c01e3275acdd89f3a872f031a94d70-1","properties":{"facility_id":"6cb359aabb296c524960bb3a6ec380ff47c01e3275acdd89f3a872f031a94d70","point_ordinal":1,"zone_group_id":"291551007518","source_manage_no":"291551007518","facility_name":"슈에뜨유치원","sgg_code":"12270","facility_type_code":"1","api_first_registered_on":"1990-01-01","api_last_modified_on":null,"updated_at":"2026-07-25T01:27:52.347112+00:00"},"geometry":{"type":"Point","coordinates":[126.889517382,35.1383208]}},{"type":"Feature","id":"6ea1336f1912c984fd3245c41537f230ed1a61d097079bdc5100f56c88ce8438-1","properties":{"facility_id":"6ea1336f1912c984fd3245c41537f230ed1a61d097079bdc5100f56c88ce8438","point_ordinal":1,"zone_group_id":"291552007565","source_manage_no":"291552007565","facility_name":"시온요양원","sgg_code":"12270","facility_type_code":"2","api_first_registered_on":"2010-01-01","api_last_modified_on":"2025-06-30","updated_at":"2026-07-25T01:27:52.347112+00:00"},"geometry":{"type":"Point","coordinates":[126.893871011,35.138892694]}},{"type":"Feature","id":"2316e355317ffcfedbee10847288161124de2eece9113dd873a0cdd1ada9aff3-1","properties":{"facility_id":"2316e355317ffcfedbee10847288161124de2eece9113dd873a0cdd1ada9aff3","point_ordinal":1,"zone_group_id":"291551007555","source_manage_no":"291551007555","facility_name":"신기한나라어린이집","sgg_code":"12270","facility_type_code":"1","api_first_registered_on":null,"api_last_modified_on":null,"updated_at":"2026-07-25T01:27:52.347112+00:00"},"geometry":{"type":"Point","coordinates":[126.887012662,35.129796044]}},{"type":"Feature","id":"035df2c6788f439155a5284ec97ea803e9fd1545a2f3f0fa932cfe60f7b3cee3-1","properties":{"facility_id":"035df2c6788f439155a5284ec97ea803e9fd1545a2f3f0fa932cfe60f7b3cee3","point_ordinal":1,"zone_group_id":"291552007568","source_manage_no":"291552007568","facility_name":"아리랑요양원","sgg_code":"12270","facility_type_code":"2","api_first_registered_on":"2013-01-01","api_last_modified_on":"2025-06-30","updated_at":"2026-07-25T01:27:52.347112+00:00"},"geometry":{"type":"Point","coordinates":[126.856069408,35.089520976]}},{"type":"Feature","id":"6d4284614f1d788896d41b502825dbda9f834915c04c5a79dc1d6751e298c74d-1","properties":{"facility_id":"6d4284614f1d788896d41b502825dbda9f834915c04c5a79dc1d6751e298c74d","point_ordinal":1,"zone_group_id":"291551007500","source_manage_no":"291551007500","facility_name":"어린이마음어린이집","sgg_code":"12270","facility_type_code":"1","api_first_registered_on":"2016-01-01","api_last_modified_on":null,"updated_at":"2026-07-25T01:27:52.347112+00:00"},"geometry":{"type":"Point","coordinates":[126.913688128,35.133814393]}},{"type":"Feature","id":"1922ba35a31cffbad6c7315f95d7633e8c42d1061df6d1472f39422a227eedb1-1","properties":{"facility_id":"1922ba35a31cffbad6c7315f95d7633e8c42d1061df6d1472f39422a227eedb1","point_ordinal":1,"zone_group_id":"291551007504","source_manage_no":"291551007504","facility_name":"엔젤어린이집","sgg_code":"12270","facility_type_code":"1","api_first_registered_on":null,"api_last_modified_on":null,"updated_at":"2026-07-25T01:27:52.347112+00:00"},"geometry":{"type":"Point","coordinates":[126.904939251,35.138433577]}},{"type":"Feature","id":"0203749b59d9f3198be08a92c00e44b95590162e8ab9f378cf0a5fb0e1307c9f-1","properties":{"facility_id":"0203749b59d9f3198be08a92c00e44b95590162e8ab9f378cf0a5fb0e1307c9f","point_ordinal":1,"zone_group_id":"291551007491","source_manage_no":"291551007491","facility_name":"우리무지개어린이집","sgg_code":"12270","facility_type_code":"1","api_first_registered_on":null,"api_last_modified_on":null,"updated_at":"2026-07-25T01:27:52.347112+00:00"},"geometry":{"type":"Point","coordinates":[126.831344645,35.083947446]}},{"type":"Feature","id":"c9321a647310b0e7995f6700d8c15c7a9008c6189125590e429904f17c4bf4e1-1","properties":{"facility_id":"c9321a647310b0e7995f6700d8c15c7a9008c6189125590e429904f17c4bf4e1","point_ordinal":1,"zone_group_id":"291551007543","source_manage_no":"291551007543","facility_name":"우주어린이집","sgg_code":"12270","facility_type_code":"1","api_first_registered_on":null,"api_last_modified_on":null,"updated_at":"2026-07-25T01:27:52.347112+00:00"},"geometry":{"type":"Point","coordinates":[126.915334309,35.136924221]}},{"type":"Feature","id":"f0ed6fcf2e7ed1fb990048d39de102239bff351ddd2c630593f29ab4dc3a88d9-1","properties":{"facility_id":"f0ed6fcf2e7ed1fb990048d39de102239bff351ddd2c630593f29ab4dc3a88d9","point_ordinal":1,"zone_group_id":"291552007566","source_manage_no":"291552007566","facility_name":"월산2동경로당","sgg_code":"12270","facility_type_code":"2","api_first_registered_on":"2017-01-01","api_last_modified_on":null,"updated_at":"2026-07-25T01:27:52.347112+00:00"},"geometry":{"type":"Point","coordinates":[126.900705007,35.144030342]}},{"type":"Feature","id":"0b1f08b955676db7c67dbe0b0daef84cae3a926ce802e31754b96a00e2aa04df-1","properties":{"facility_id":"0b1f08b955676db7c67dbe0b0daef84cae3a926ce802e31754b96a00e2aa04df","point_ordinal":1,"zone_group_id":"291551007534","source_manage_no":"291551007534","facility_name":"월산초등학교","sgg_code":"12270","facility_type_code":"1","api_first_registered_on":null,"api_last_modified_on":null,"updated_at":"2026-07-25T01:27:52.347112+00:00"},"geometry":{"type":"Point","coordinates":[126.897765582,35.14814558]}},{"type":"Feature","id":"54bd180693de6d496659c326f789c534b5346fff6a8a78140bf803b16a3bac60-1","properties":{"facility_id":"54bd180693de6d496659c326f789c534b5346fff6a8a78140bf803b16a3bac60","point_ordinal":1,"zone_group_id":"291551007534","source_manage_no":"291551007535","facility_name":"월산초등학교병설유치원","sgg_code":"12270","facility_type_code":"1","api_first_registered_on":null,"api_last_modified_on":null,"updated_at":"2026-07-25T01:27:52.347112+00:00"},"geometry":{"type":"Point","coordinates":[126.89832406,35.147965777]}},{"type":"Feature","id":"2e8ad73ddfb4961cf0391742511223dd68046ce2160505c6be6e0c52c93ae836-1","properties":{"facility_id":"2e8ad73ddfb4961cf0391742511223dd68046ce2160505c6be6e0c52c93ae836","point_ordinal":1,"zone_group_id":"291551007559","source_manage_no":"291551007559","facility_name":"위즈캐슬유치원","sgg_code":"12270","facility_type_code":"1","api_first_registered_on":"2005-01-01","api_last_modified_on":null,"updated_at":"2026-07-25T01:27:52.347112+00:00"},"geometry":{"type":"Point","coordinates":[126.899837402,35.103683594]}},{"type":"Feature","id":"8a2df4cebeee3d914b1258cd687e2a977606ee9cc45afd272a502b5a1a8cb41c-1","properties":{"facility_id":"8a2df4cebeee3d914b1258cd687e2a977606ee9cc45afd272a502b5a1a8cb41c","point_ordinal":1,"zone_group_id":"291551007510","source_manage_no":"291551007510","facility_name":"유안초등학교","sgg_code":"12270","facility_type_code":"1","api_first_registered_on":"1995-09-01","api_last_modified_on":null,"updated_at":"2026-07-25T01:27:52.347112+00:00"},"geometry":{"type":"Point","coordinates":[126.914457991,35.125394053]}},{"type":"Feature","id":"dee099cba7c852ca8b5c25072a187b6643e56a94685d8b3a5489beede64881d8-1","properties":{"facility_id":"dee099cba7c852ca8b5c25072a187b6643e56a94685d8b3a5489beede64881d8","point_ordinal":1,"zone_group_id":"291551007541","source_manage_no":"291551007541","facility_name":"이화숲유치원","sgg_code":"12270","facility_type_code":"1","api_first_registered_on":"2010-01-01","api_last_modified_on":null,"updated_at":"2026-07-25T01:27:52.347112+00:00"},"geometry":{"type":"Point","coordinates":[126.908114999,35.115901681]}},{"type":"Feature","id":"aec35f5d6ae759fec3f08bfa718f1bdbcdb6fc6038709309400ee105b0708053-1","properties":{"facility_id":"aec35f5d6ae759fec3f08bfa718f1bdbcdb6fc6038709309400ee105b0708053","point_ordinal":1,"zone_group_id":"291551007533","source_manage_no":"291551007533","facility_name":"인애유치원","sgg_code":"12270","facility_type_code":"1","api_first_registered_on":"2010-01-01","api_last_modified_on":null,"updated_at":"2026-07-25T01:27:52.347112+00:00"},"geometry":{"type":"Point","coordinates":[126.918078607,35.12448134]}},{"type":"Feature","id":"ab3424480b2cdf68ddb75bed12ce8a146a4439d2a4cfe1b39eea27e56a2ea05e-1","properties":{"facility_id":"ab3424480b2cdf68ddb75bed12ce8a146a4439d2a4cfe1b39eea27e56a2ea05e","point_ordinal":1,"zone_group_id":"291551007540","source_manage_no":"291551007540","facility_name":"자연동산어린이집","sgg_code":"12270","facility_type_code":"1","api_first_registered_on":"2012-02-13","api_last_modified_on":null,"updated_at":"2026-07-25T01:27:52.347112+00:00"},"geometry":{"type":"Point","coordinates":[126.906633007,35.122571623]}},{"type":"Feature","id":"14ef9b74ee48f1549d84566d6ab8c21e334093cd1677119b37c7b23d3740e338-1","properties":{"facility_id":"14ef9b74ee48f1549d84566d6ab8c21e334093cd1677119b37c7b23d3740e338","point_ordinal":1,"zone_group_id":"291551007552","source_manage_no":"291551007552","facility_name":"장산초등학교","sgg_code":"12270","facility_type_code":"1","api_first_registered_on":"1996-08-26","api_last_modified_on":null,"updated_at":"2026-07-25T01:27:52.347112+00:00"},"geometry":{"type":"Point","coordinates":[126.895209306,35.130804919]}},{"type":"Feature","id":"6b31aee75a747443e0df629729f08e2c11ab0ef347f1c163feed6db51fdd4d22-1","properties":{"facility_id":"6b31aee75a747443e0df629729f08e2c11ab0ef347f1c163feed6db51fdd4d22","point_ordinal":1,"zone_group_id":"291551007552","source_manage_no":"291551007553","facility_name":"장산초등학교병설유치원","sgg_code":"12270","facility_type_code":"1","api_first_registered_on":"1996-01-01","api_last_modified_on":null,"updated_at":"2026-07-25T01:27:52.347112+00:00"},"geometry":{"type":"Point","coordinates":[126.895894917,35.13090466]}},{"type":"Feature","id":"43a7ddd1fc7145b2697864cfcf97ba7c478f725e3f2d7d061aaf0ca35124ce0f-1","properties":{"facility_id":"43a7ddd1fc7145b2697864cfcf97ba7c478f725e3f2d7d061aaf0ca35124ce0f","point_ordinal":1,"zone_group_id":"291551007512","source_manage_no":"291551007512","facility_name":"제석초등학교","sgg_code":"12270","facility_type_code":"1","api_first_registered_on":"1995-09-01","api_last_modified_on":null,"updated_at":"2026-07-25T01:27:52.347112+00:00"},"geometry":{"type":"Point","coordinates":[126.906605283,35.12865679]}},{"type":"Feature","id":"1c997244c819c781c877edd2421d4bc051aee295118c2831d91e76dc054c2d3e-1","properties":{"facility_id":"1c997244c819c781c877edd2421d4bc051aee295118c2831d91e76dc054c2d3e","point_ordinal":1,"zone_group_id":"291551007512","source_manage_no":"291551007513","facility_name":"제석초등학교병설유치원","sgg_code":"12270","facility_type_code":"1","api_first_registered_on":"1995-09-02","api_last_modified_on":null,"updated_at":"2026-07-25T01:27:52.347112+00:00"},"geometry":{"type":"Point","coordinates":[126.905853693,35.128907013]}},{"type":"Feature","id":"6ce0e282dcdd9a89c85cd0fe587de47145ea316eae6045f55e18d725876e19b0-1","properties":{"facility_id":"6ce0e282dcdd9a89c85cd0fe587de47145ea316eae6045f55e18d725876e19b0","point_ordinal":1,"zone_group_id":"291551007508","source_manage_no":"291551007508","facility_name":"조봉초등학교","sgg_code":"12270","facility_type_code":"1","api_first_registered_on":"1996-08-26","api_last_modified_on":null,"updated_at":"2026-07-25T01:27:52.347112+00:00"},"geometry":{"type":"Point","coordinates":[126.910868359,35.122065025]}},{"type":"Feature","id":"7100c2e2343e43263cd58679da6fa46b1580c861dbb8bbbdf36b7b726fbb3bdd-1","properties":{"facility_id":"7100c2e2343e43263cd58679da6fa46b1580c861dbb8bbbdf36b7b726fbb3bdd","point_ordinal":1,"zone_group_id":"291551007508","source_manage_no":"291551007509","facility_name":"조봉초등학교병설유치원","sgg_code":"12270","facility_type_code":"1","api_first_registered_on":"1996-01-01","api_last_modified_on":null,"updated_at":"2026-07-25T01:27:52.347112+00:00"},"geometry":{"type":"Point","coordinates":[126.910440608,35.121970066]}},{"type":"Feature","id":"988c230fbe7ff36feee77ef066c47eabb35e5e2f1dffefd32bdf1b697cbce271-1","properties":{"facility_id":"988c230fbe7ff36feee77ef066c47eabb35e5e2f1dffefd32bdf1b697cbce271","point_ordinal":1,"zone_group_id":"291551007549","source_manage_no":"291551007549","facility_name":"조하유치원","sgg_code":"12270","facility_type_code":"1","api_first_registered_on":"2010-01-01","api_last_modified_on":null,"updated_at":"2026-07-25T01:27:52.347112+00:00"},"geometry":{"type":"Point","coordinates":[126.901460701,35.112771851]}},{"type":"Feature","id":"438bff783c9f4dfc03e412dc6c2cc38d32610c8a06ba851da0c8209702a76d2c-1","properties":{"facility_id":"438bff783c9f4dfc03e412dc6c2cc38d32610c8a06ba851da0c8209702a76d2c","point_ordinal":1,"zone_group_id":"291551007505","source_manage_no":"291551007505","facility_name":"지예유치원","sgg_code":"12270","facility_type_code":"1","api_first_registered_on":"2010-01-01","api_last_modified_on":null,"updated_at":"2026-07-25T01:27:52.347112+00:00"},"geometry":{"type":"Point","coordinates":[126.906470154,35.139243605]}},{"type":"Feature","id":"58e8a5ef8bbf3844b032a37433a45a0e9272502271ded184da681790dfdf7dd3-1","properties":{"facility_id":"58e8a5ef8bbf3844b032a37433a45a0e9272502271ded184da681790dfdf7dd3","point_ordinal":1,"zone_group_id":"291551007499","source_manage_no":"291551007499","facility_name":"진남유치원","sgg_code":"12270","facility_type_code":"1","api_first_registered_on":"2010-10-13","api_last_modified_on":null,"updated_at":"2026-07-25T01:27:52.347112+00:00"},"geometry":{"type":"Point","coordinates":[126.906050348,35.103326455]}},{"type":"Feature","id":"ffabd62b63fb8bd65932fa6d2255615029c3246fb1cf648ff7ff1e77891380a0-1","properties":{"facility_id":"ffabd62b63fb8bd65932fa6d2255615029c3246fb1cf648ff7ff1e77891380a0","point_ordinal":1,"zone_group_id":"291551007560","source_manage_no":"291551007560","facility_name":"진남초등학교","sgg_code":"12270","facility_type_code":"1","api_first_registered_on":null,"api_last_modified_on":null,"updated_at":"2026-07-25T01:27:52.347112+00:00"},"geometry":{"type":"Point","coordinates":[126.90242549,35.108725586]}},{"type":"Feature","id":"367f02f46ffe06384af89a21844a93f57079c7515bab680526de360b1601c670-1","properties":{"facility_id":"367f02f46ffe06384af89a21844a93f57079c7515bab680526de360b1601c670","point_ordinal":1,"zone_group_id":"291551007544","source_manage_no":"291551007544","facility_name":"진월어린이집","sgg_code":"12270","facility_type_code":"1","api_first_registered_on":null,"api_last_modified_on":null,"updated_at":"2026-07-25T01:27:52.347112+00:00"},"geometry":{"type":"Point","coordinates":[126.901632909,35.113232573]}},{"type":"Feature","id":"b86315e53f59177ee789f18a1a990859e4b75525cc2025c45c10d4c62fd46f43-1","properties":{"facility_id":"b86315e53f59177ee789f18a1a990859e4b75525cc2025c45c10d4c62fd46f43","point_ordinal":1,"zone_group_id":"291551007494","source_manage_no":"291551007494","facility_name":"진월초등학교","sgg_code":"12270","facility_type_code":"1","api_first_registered_on":"1995-09-01","api_last_modified_on":null,"updated_at":"2026-07-25T01:27:52.347112+00:00"},"geometry":{"type":"Point","coordinates":[126.893479005,35.120831475]}},{"type":"Feature","id":"b1675073c1c4b072aaa81f8b59de0424c531879de1831870e8d36d84a248d963-1","properties":{"facility_id":"b1675073c1c4b072aaa81f8b59de0424c531879de1831870e8d36d84a248d963","point_ordinal":1,"zone_group_id":"291551007525","source_manage_no":"291551007525","facility_name":"진제초등학교","sgg_code":"12270","facility_type_code":"1","api_first_registered_on":"2009-02-27","api_last_modified_on":null,"updated_at":"2026-07-25T01:27:52.347112+00:00"},"geometry":{"type":"Point","coordinates":[126.902943571,35.115583484]}},{"type":"Feature","id":"955fe3ba58be3c056c1a8681b4e13e33e01abc7760dc8b1a78a5e8c18ddf0f19-1","properties":{"facility_id":"955fe3ba58be3c056c1a8681b4e13e33e01abc7760dc8b1a78a5e8c18ddf0f19","point_ordinal":1,"zone_group_id":"291551007524","source_manage_no":"291551007524","facility_name":"통큰어린이집","sgg_code":"12270","facility_type_code":"1","api_first_registered_on":"2009-07-03","api_last_modified_on":null,"updated_at":"2026-07-25T01:27:52.347112+00:00"},"geometry":{"type":"Point","coordinates":[126.895736375,35.110759689]}},{"type":"Feature","id":"45638ed8e69fc565141e0f5cf97914c3a3ca2cbee686271c2b0de54c4ca78976-1","properties":{"facility_id":"45638ed8e69fc565141e0f5cf97914c3a3ca2cbee686271c2b0de54c4ca78976","point_ordinal":1,"zone_group_id":"291551007493","source_manage_no":"291551007493","facility_name":"포도원어린이집","sgg_code":"12270","facility_type_code":"1","api_first_registered_on":"2008-09-08","api_last_modified_on":null,"updated_at":"2026-07-25T01:27:52.347112+00:00"},"geometry":{"type":"Point","coordinates":[126.895529931,35.11939704]}},{"type":"Feature","id":"64c97429835c01b47c984b6babb902855ecc66faca92bfd49a9ef1b5c48ef034-1","properties":{"facility_id":"64c97429835c01b47c984b6babb902855ecc66faca92bfd49a9ef1b5c48ef034","point_ordinal":1,"zone_group_id":"291551007545","source_manage_no":"291551007545","facility_name":"하버드유치원","sgg_code":"12270","facility_type_code":"1","api_first_registered_on":"2016-01-01","api_last_modified_on":null,"updated_at":"2026-07-25T01:27:52.347112+00:00"},"geometry":{"type":"Point","coordinates":[126.921222413,35.134734284]}},{"type":"Feature","id":"1c59ee7f886a0d5060792eeee65a47caa54400601c5e71cce707dd57c70b6b28-1","properties":{"facility_id":"1c59ee7f886a0d5060792eeee65a47caa54400601c5e71cce707dd57c70b6b28","point_ordinal":1,"zone_group_id":"291551007529","source_manage_no":"291551007529","facility_name":"학강초등학교","sgg_code":"12270","facility_type_code":"1","api_first_registered_on":null,"api_last_modified_on":null,"updated_at":"2026-07-25T01:27:52.347112+00:00"},"geometry":{"type":"Point","coordinates":[126.918615515,35.138590132]}},{"type":"Feature","id":"c63fc272c2110d0e7ace4f6701ce93325547a81d42884e0affa45409d0f2b60a-1","properties":{"facility_id":"c63fc272c2110d0e7ace4f6701ce93325547a81d42884e0affa45409d0f2b60a","point_ordinal":1,"zone_group_id":"291551007529","source_manage_no":"291551007530","facility_name":"학강초등학교병설유치원","sgg_code":"12270","facility_type_code":"1","api_first_registered_on":null,"api_last_modified_on":null,"updated_at":"2026-07-25T01:27:52.347112+00:00"},"geometry":{"type":"Point","coordinates":[126.918821479,35.13836493]}},{"type":"Feature","id":"5a1f9b9c3c8a90ab1ef85bace549d5af1d7151290f22ecd4238b4af6077a4f44-1","properties":{"facility_id":"5a1f9b9c3c8a90ab1ef85bace549d5af1d7151290f22ecd4238b4af6077a4f44","point_ordinal":1,"zone_group_id":"291551007495","source_manage_no":"291551007495","facility_name":"혜화유치원","sgg_code":"12270","facility_type_code":"1","api_first_registered_on":"1997-10-25","api_last_modified_on":null,"updated_at":"2026-07-25T01:27:52.347112+00:00"},"geometry":{"type":"Point","coordinates":[126.89502186,35.127257405]}},{"type":"Feature","id":"bf2a725b725ffd50bf1f2c237d4ca77ec88df8873e42e71f524518d5f14c1cfc-1","properties":{"facility_id":"bf2a725b725ffd50bf1f2c237d4ca77ec88df8873e42e71f524518d5f14c1cfc","point_ordinal":1,"zone_group_id":"291551007507","source_manage_no":"291551007507","facility_name":"화니유치원","sgg_code":"12270","facility_type_code":"1","api_first_registered_on":"2010-01-01","api_last_modified_on":null,"updated_at":"2026-07-25T01:27:52.347112+00:00"},"geometry":{"type":"Point","coordinates":[126.908810801,35.123709596]}},{"type":"Feature","id":"5f9ea13baec39803ede8def379e75156b12f6d6b5a0f67a9fabeb1ce307c88d3-1","properties":{"facility_id":"5f9ea13baec39803ede8def379e75156b12f6d6b5a0f67a9fabeb1ce307c88d3","point_ordinal":1,"zone_group_id":"291551007550","source_manage_no":"291551007550","facility_name":"효덕초등학교","sgg_code":"12270","facility_type_code":"1","api_first_registered_on":null,"api_last_modified_on":null,"updated_at":"2026-07-25T01:27:52.347112+00:00"},"geometry":{"type":"Point","coordinates":[126.89768351,35.112512014]}},{"type":"Feature","id":"76080ed214082c80661926e193275365f2788dc7fcbcc03cac33b7e1873e1d06-1","properties":{"facility_id":"76080ed214082c80661926e193275365f2788dc7fcbcc03cac33b7e1873e1d06","point_ordinal":1,"zone_group_id":"291551007550","source_manage_no":"291551007551","facility_name":"효덕초등학교병설유치원","sgg_code":"12270","facility_type_code":"1","api_first_registered_on":"1996-01-01","api_last_modified_on":null,"updated_at":"2026-07-25T01:27:52.347112+00:00"},"geometry":{"type":"Point","coordinates":[126.897722164,35.112302479]}},{"type":"Feature","id":"be860bea9131d8c8164cdbd303366a85456d1e9a19dc01bbc08a57dcd712c893-1","properties":{"facility_id":"be860bea9131d8c8164cdbd303366a85456d1e9a19dc01bbc08a57dcd712c893","point_ordinal":1,"zone_group_id":"291552007570","source_manage_no":"291552007570","facility_name":"효사랑주월의집 노인복지센터","sgg_code":"12270","facility_type_code":"2","api_first_registered_on":"2016-02-01","api_last_modified_on":"2025-03-21","updated_at":"2026-07-25T01:27:52.347112+00:00"},"geometry":{"type":"Point","coordinates":[126.888005502,35.139951105]}},{"type":"Feature","id":"ca9d4be57f03423524b05c8cfdfa7a9f9cd1ec51b42a6a32e33e33e7f9b6d5c3-1","properties":{"facility_id":"ca9d4be57f03423524b05c8cfdfa7a9f9cd1ec51b42a6a32e33e33e7f9b6d5c3","point_ordinal":1,"zone_group_id":"291551023028","source_manage_no":"291551023028","facility_name":"효천다솜유치원","sgg_code":"12270","facility_type_code":"1","api_first_registered_on":null,"api_last_modified_on":null,"updated_at":"2026-07-25T01:27:52.347112+00:00"},"geometry":{"type":"Point","coordinates":[126.892055471,35.101572303]}},{"type":"Feature","id":"c2cb5353962d07305dc150228d26903c44303152ffc5c0a92a324480982ee866-1","properties":{"facility_id":"c2cb5353962d07305dc150228d26903c44303152ffc5c0a92a324480982ee866","point_ordinal":1,"zone_group_id":"291551007557","source_manage_no":"291551007557","facility_name":"효천초등학교","sgg_code":"12270","facility_type_code":"1","api_first_registered_on":"2014-01-01","api_last_modified_on":null,"updated_at":"2026-07-25T01:27:52.347112+00:00"},"geometry":{"type":"Point","coordinates":[126.884833415,35.099938424]}},{"type":"Feature","id":"3f0099188023a1e9b37e7423e63a0c3cfd8e48129fbe6c17bb325e825244fbee-1","properties":{"facility_id":"3f0099188023a1e9b37e7423e63a0c3cfd8e48129fbe6c17bb325e825244fbee","point_ordinal":1,"zone_group_id":"291551007557","source_manage_no":"291551007558","facility_name":"효천초등학교병설유치원","sgg_code":"12270","facility_type_code":"1","api_first_registered_on":"2014-01-01","api_last_modified_on":null,"updated_at":"2026-07-25T01:27:52.347112+00:00"},"geometry":{"type":"Point","coordinates":[126.884468229,35.100300877]}},{"type":"Feature","id":"98f225e1ac50b7684c697e8be07f4385b6828728a226edb00f15e471d554e912-1","properties":{"facility_id":"98f225e1ac50b7684c697e8be07f4385b6828728a226edb00f15e471d554e912","point_ordinal":1,"zone_group_id":"291701007739","source_manage_no":"291701007739","facility_name":"W유치원","sgg_code":"12300","facility_type_code":"1","api_first_registered_on":null,"api_last_modified_on":null,"updated_at":"2026-07-25T01:27:52.347112+00:00"},"geometry":{"type":"Point","coordinates":[126.914968326,35.188049072]}},{"type":"Feature","id":"41b2b6b737091474d631add99621a93af80cfac81489e3b28e3fa71479a942b2-1","properties":{"facility_id":"41b2b6b737091474d631add99621a93af80cfac81489e3b28e3fa71479a942b2","point_ordinal":1,"zone_group_id":"291703007668","source_manage_no":"291703007668","facility_name":"가교행복빌라","sgg_code":"12300","facility_type_code":"3","api_first_registered_on":null,"api_last_modified_on":null,"updated_at":"2026-07-25T01:27:52.347112+00:00"},"geometry":{"type":"Point","coordinates":[126.884750508,35.226140246]}},{"type":"Feature","id":"fd5fac28f8146f65b4e393f96e6bd732c760d5a87e752a01c0c02d1b895cb21e-1","properties":{"facility_id":"fd5fac28f8146f65b4e393f96e6bd732c760d5a87e752a01c0c02d1b895cb21e","point_ordinal":1,"zone_group_id":"291701007632","source_manage_no":"291701007632","facility_name":"각화초등학교","sgg_code":"12300","facility_type_code":"1","api_first_registered_on":"1996-08-26","api_last_modified_on":null,"updated_at":"2026-07-25T01:27:52.347112+00:00"},"geometry":{"type":"Point","coordinates":[126.935344093,35.181554345]}},{"type":"Feature","id":"dc53dc88e084f16d67f2131a018c12b17d63067d5ae156fce899ffb9618b56e4-1","properties":{"facility_id":"dc53dc88e084f16d67f2131a018c12b17d63067d5ae156fce899ffb9618b56e4","point_ordinal":1,"zone_group_id":"291701007632","source_manage_no":"291701028725","facility_name":"각화초등학교병설유치원","sgg_code":"12300","facility_type_code":"1","api_first_registered_on":null,"api_last_modified_on":"2025-03-25","updated_at":"2026-07-25T01:27:52.347112+00:00"},"geometry":{"type":"Point","coordinates":[126.936136174,35.182124469]}},{"type":"Feature","id":"f028a8dd53d2259627bb549e73dd5b51d5eb3d8e74d08452ba27cbd1518e5a41-1","properties":{"facility_id":"f028a8dd53d2259627bb549e73dd5b51d5eb3d8e74d08452ba27cbd1518e5a41","point_ordinal":1,"zone_group_id":"291701007812","source_manage_no":"291701007811","facility_name":"건국유치원","sgg_code":"12300","facility_type_code":"1","api_first_registered_on":null,"api_last_modified_on":null,"updated_at":"2026-07-25T01:27:52.347112+00:00"},"geometry":{"type":"Point","coordinates":[126.864805207,35.210311456]}},{"type":"Feature","id":"f51de1826e5b01f8c112db22854582b9d253670b789bcc259e68a19300039d15-1","properties":{"facility_id":"f51de1826e5b01f8c112db22854582b9d253670b789bcc259e68a19300039d15","point_ordinal":1,"zone_group_id":"291701007812","source_manage_no":"291701007812","facility_name":"건국초등학교","sgg_code":"12300","facility_type_code":"1","api_first_registered_on":"2014-06-27","api_last_modified_on":null,"updated_at":"2026-07-25T01:27:52.347112+00:00"},"geometry":{"type":"Point","coordinates":[126.865062653,35.210096648]}},{"type":"Feature","id":"27432d757fe096388ec5dc1f3c5bc302d2c55afaae89fc9be47c6ebc9d21c79c-1","properties":{"facility_id":"27432d757fe096388ec5dc1f3c5bc302d2c55afaae89fc9be47c6ebc9d21c79c","point_ordinal":1,"zone_group_id":"291701007814","source_manage_no":"291701007675","facility_name":"경신유치원","sgg_code":"12300","facility_type_code":"1","api_first_registered_on":null,"api_last_modified_on":null,"updated_at":"2026-07-25T01:27:52.347112+00:00"},"geometry":{"type":"Point","coordinates":[126.891355974,35.176209482]}},{"type":"Feature","id":"2563a752160943b352e8669822868975f96563bc4bb2c2c1e2c5ffc66dbf4d54-1","properties":{"facility_id":"2563a752160943b352e8669822868975f96563bc4bb2c2c1e2c5ffc66dbf4d54","point_ordinal":1,"zone_group_id":"291701007786","source_manage_no":"291701007786","facility_name":"경양초등학교","sgg_code":"12300","facility_type_code":"1","api_first_registered_on":"1996-08-26","api_last_modified_on":null,"updated_at":"2026-07-25T01:27:52.347112+00:00"},"geometry":{"type":"Point","coordinates":[126.874967423,35.183590762]}},{"type":"Feature","id":"ca6feff768fce53caa076699f6e3989b74fc4978ec75b9a748b21b47411c6eba-1","properties":{"facility_id":"ca6feff768fce53caa076699f6e3989b74fc4978ec75b9a748b21b47411c6eba","point_ordinal":1,"zone_group_id":"291701007786","source_manage_no":"291701028796","facility_name":"경양초등학교병설유치원","sgg_code":"12300","facility_type_code":"1","api_first_registered_on":null,"api_last_modified_on":"2025-03-25","updated_at":"2026-07-25T01:27:52.347112+00:00"},"geometry":{"type":"Point","coordinates":[126.874719216,35.183507416]}},{"type":"Feature","id":"3704aa89b1a26162fc3be9241896cc81c6921e6f82682f976b97849cc7c08c2d-1","properties":{"facility_id":"3704aa89b1a26162fc3be9241896cc81c6921e6f82682f976b97849cc7c08c2d","point_ordinal":1,"zone_group_id":"291701007818","source_manage_no":"291701007818","facility_name":"광주교육대학교 광주부설초등학교","sgg_code":"12300","facility_type_code":"1","api_first_registered_on":"1998-09-21","api_last_modified_on":null,"updated_at":"2026-07-25T01:27:52.347112+00:00"},"geometry":{"type":"Point","coordinates":[126.92570529,35.164431759]}},{"type":"Feature","id":"40281fdcfed4996634287f261d3bba7d0bdd470aa52ca7781966aa3ca6e9b6e8-1","properties":{"facility_id":"40281fdcfed4996634287f261d3bba7d0bdd470aa52ca7781966aa3ca6e9b6e8","point_ordinal":1,"zone_group_id":"291701007693","source_manage_no":"291701007693","facility_name":"광주동초등학교","sgg_code":"12300","facility_type_code":"1","api_first_registered_on":"1996-08-26","api_last_modified_on":null,"updated_at":"2026-07-25T01:27:52.347112+00:00"},"geometry":{"type":"Point","coordinates":[126.951227931,35.206054483]}},{"type":"Feature","id":"ecbbfdd373973fcdbc9ec8a8d7fa451a4c5eba2ef0ff16f432ae2c8f0267c906-1","properties":{"facility_id":"ecbbfdd373973fcdbc9ec8a8d7fa451a4c5eba2ef0ff16f432ae2c8f0267c906","point_ordinal":1,"zone_group_id":"291701007693","source_manage_no":"291701028709","facility_name":"광주동초등학교병설유치원","sgg_code":"12300","facility_type_code":"1","api_first_registered_on":null,"api_last_modified_on":"2025-03-25","updated_at":"2026-07-25T01:27:52.347112+00:00"},"geometry":{"type":"Point","coordinates":[126.950462861,35.205588926]}},{"type":"Feature","id":"52b30ee1fcad6dbe3141d98816c2565b12f9f38b1c034d99840e2714916668d0-1","properties":{"facility_id":"52b30ee1fcad6dbe3141d98816c2565b12f9f38b1c034d99840e2714916668d0","point_ordinal":1,"zone_group_id":"291701007817","source_manage_no":"291701007817","facility_name":"광주동초등학교충효분교","sgg_code":"12300","facility_type_code":"1","api_first_registered_on":"1998-08-26","api_last_modified_on":null,"updated_at":"2026-07-25T01:27:52.347112+00:00"},"geometry":{"type":"Point","coordinates":[127.002482586,35.181502388]}},{"type":"Feature","id":"8395154f945189bf3a99455c0fa24bdb4b7ce590e035ddf0be91df5b8fdb8d94-1","properties":{"facility_id":"8395154f945189bf3a99455c0fa24bdb4b7ce590e035ddf0be91df5b8fdb8d94","point_ordinal":1,"zone_group_id":"291701007645","source_manage_no":"291701007645","facility_name":"광주문화초등학교","sgg_code":"12300","facility_type_code":"1","api_first_registered_on":"1996-08-26","api_last_modified_on":null,"updated_at":"2026-07-25T01:27:52.347112+00:00"},"geometry":{"type":"Point","coordinates":[126.931932495,35.173764305]}},{"type":"Feature","id":"da5b28365b7f2daf583cee6d65e3a0ce0758441a1b9861f296b1684d15e2eeea-1","properties":{"facility_id":"da5b28365b7f2daf583cee6d65e3a0ce0758441a1b9861f296b1684d15e2eeea","point_ordinal":1,"zone_group_id":"291701007645","source_manage_no":"291701028719","facility_name":"광주문화초등학교병설유치원","sgg_code":"12300","facility_type_code":"1","api_first_registered_on":null,"api_last_modified_on":"2025-03-25","updated_at":"2026-07-25T01:27:52.347112+00:00"},"geometry":{"type":"Point","coordinates":[126.931924662,35.173664069]}},{"type":"Feature","id":"dfaa02fb829261e34d02a7de4316640e481403fb9d47472098456480fae98069-1","properties":{"facility_id":"dfaa02fb829261e34d02a7de4316640e481403fb9d47472098456480fae98069","point_ordinal":1,"zone_group_id":"291703028621","source_manage_no":"291703028621","facility_name":"광주북구장애인직업재활센터","sgg_code":"12300","facility_type_code":"3","api_first_registered_on":"2024-12-30","api_last_modified_on":"2025-03-20","updated_at":"2026-08-21T01:47:52.345433+00:00"},"geometry":{"type":"Point","coordinates":[126.93244108,35.183044101]}},{"type":"Feature","id":"077c3a876443e1b6a8f10e9e81f2f05b6661d3405411f81245dfd579a21d273f-1","properties":{"facility_id":"077c3a876443e1b6a8f10e9e81f2f05b6661d3405411f81245dfd579a21d273f","point_ordinal":1,"zone_group_id":"291701026422","source_manage_no":"291701026422","facility_name":"광주북구청어린이집","sgg_code":"12300","facility_type_code":"1","api_first_registered_on":null,"api_last_modified_on":null,"updated_at":"2026-07-25T01:27:52.347112+00:00"},"geometry":{"type":"Point","coordinates":[126.911958119,35.173108291]}},{"type":"Feature","id":"65d87e8f275165bdce80d2c31d930ed8f9b46ec27fe9c8a7f7081bafe9de2946-1","properties":{"facility_id":"65d87e8f275165bdce80d2c31d930ed8f9b46ec27fe9c8a7f7081bafe9de2946","point_ordinal":1,"zone_group_id":"291701007824","source_manage_no":"291701007824","facility_name":"광주북초등학교","sgg_code":"12300","facility_type_code":"1","api_first_registered_on":"1997-10-25","api_last_modified_on":null,"updated_at":"2026-07-25T01:27:52.347112+00:00"},"geometry":{"type":"Point","coordinates":[126.914262467,35.246070596]}},{"type":"Feature","id":"9fc8d8598c0c74e9a7f9b1c1f77f392b29e5fa42fcd8570d3f00dd283a42a9b4-1","properties":{"facility_id":"9fc8d8598c0c74e9a7f9b1c1f77f392b29e5fa42fcd8570d3f00dd283a42a9b4","point_ordinal":1,"zone_group_id":"291701007824","source_manage_no":"291701028715","facility_name":"광주북초등학교병설유치원","sgg_code":"12300","facility_type_code":"1","api_first_registered_on":null,"api_last_modified_on":"2025-03-25","updated_at":"2026-07-25T01:27:52.347112+00:00"},"geometry":{"type":"Point","coordinates":[126.914232078,35.246289399]}},{"type":"Feature","id":"5c581c0edd1df001d3d915e8fbf34a174e2bf78414261562bcbb9e556e53655c-1","properties":{"facility_id":"5c581c0edd1df001d3d915e8fbf34a174e2bf78414261562bcbb9e556e53655c","point_ordinal":1,"zone_group_id":"291701007799","source_manage_no":"291701007799","facility_name":"광주서림초등학교","sgg_code":"12300","facility_type_code":"1","api_first_registered_on":"1995-09-01","api_last_modified_on":null,"updated_at":"2026-07-25T01:27:52.347112+00:00"},"geometry":{"type":"Point","coordinates":[126.898344787,35.161926497]}},{"type":"Feature","id":"18b55f5a2aaabe57dd4df12c515e3c820c722025009bc0b1ec5fc42cdb5e9f19-1","properties":{"facility_id":"18b55f5a2aaabe57dd4df12c515e3c820c722025009bc0b1ec5fc42cdb5e9f19","point_ordinal":1,"zone_group_id":"291701007799","source_manage_no":"291701028708","facility_name":"광주서림초등학교병설유치원","sgg_code":"12300","facility_type_code":"1","api_first_registered_on":null,"api_last_modified_on":"2025-03-25","updated_at":"2026-07-25T01:27:52.347112+00:00"},"geometry":{"type":"Point","coordinates":[126.898426961,35.16236575]}},{"type":"Feature","id":"0eeebfeb503a5476154f2fe2be033c8d66b5309a88fc5ba853e3cf04e5cfb7f7-1","properties":{"facility_id":"0eeebfeb503a5476154f2fe2be033c8d66b5309a88fc5ba853e3cf04e5cfb7f7","point_ordinal":1,"zone_group_id":"291701007767","source_manage_no":"291701007767","facility_name":"광주서산초등학교","sgg_code":"12300","facility_type_code":"1","api_first_registered_on":"1995-09-01","api_last_modified_on":null,"updated_at":"2026-07-25T01:27:52.347112+00:00"},"geometry":{"type":"Point","coordinates":[126.904275687,35.188545877]}},{"type":"Feature","id":"52f311dc4d6e66048074af785c2445d8a5ed329ef36383354cf4a00f1b70a03e-1","properties":{"facility_id":"52f311dc4d6e66048074af785c2445d8a5ed329ef36383354cf4a00f1b70a03e","point_ordinal":1,"zone_group_id":"291701007767","source_manage_no":"291701028717","facility_name":"광주서산초등학교병설유치원","sgg_code":"12300","facility_type_code":"1","api_first_registered_on":null,"api_last_modified_on":"2025-03-25","updated_at":"2026-07-25T01:27:52.347112+00:00"},"geometry":{"type":"Point","coordinates":[126.904665974,35.188967609]}},{"type":"Feature","id":"e8898bca9ab4a44610276c72b0cf1dfdede2e58ffdcfa112a7edd709444c49b0-1","properties":{"facility_id":"e8898bca9ab4a44610276c72b0cf1dfdede2e58ffdcfa112a7edd709444c49b0","point_ordinal":1,"zone_group_id":"291701007659","source_manage_no":"291701007659","facility_name":"광주선우학교","sgg_code":"12300","facility_type_code":"1","api_first_registered_on":null,"api_last_modified_on":null,"updated_at":"2026-07-25T01:27:52.347112+00:00"},"geometry":{"type":"Point","coordinates":[126.894380777,35.216649373]}},{"type":"Feature","id":"f818f641d4baccc90b1d2ab096e2bb6cc628b7d5cf4877dedd72d78a56192c09-1","properties":{"facility_id":"f818f641d4baccc90b1d2ab096e2bb6cc628b7d5cf4877dedd72d78a56192c09","point_ordinal":1,"zone_group_id":"291701007672","source_manage_no":"291701007672","facility_name":"광주수창초등학교","sgg_code":"12300","facility_type_code":"1","api_first_registered_on":"1995-09-01","api_last_modified_on":"2025-03-05","updated_at":"2026-07-25T01:27:52.347112+00:00"},"geometry":{"type":"Point","coordinates":[126.907108994,35.156602017]}},{"type":"Feature","id":"da1152cb8d755fc78f02d38c22c636f7df1c42999b8989d1d1508b90f1b7aa38-1","properties":{"facility_id":"da1152cb8d755fc78f02d38c22c636f7df1c42999b8989d1d1508b90f1b7aa38","point_ordinal":1,"zone_group_id":"291701007672","source_manage_no":"291701028702","facility_name":"광주수창초등학교병설유치원","sgg_code":"12300","facility_type_code":"1","api_first_registered_on":null,"api_last_modified_on":"2025-03-25","updated_at":"2026-07-25T01:27:52.347112+00:00"},"geometry":{"type":"Point","coordinates":[126.90710171,35.156718937]}},{"type":"Feature","id":"a17d82e0fe744e8576799fd22638b514afb6c35df51167421dece1e4898b1764-1","properties":{"facility_id":"a17d82e0fe744e8576799fd22638b514afb6c35df51167421dece1e4898b1764","point_ordinal":1,"zone_group_id":"291701007749","source_manage_no":"291701028790","facility_name":"광주양산초등학교병설유치원","sgg_code":"12300","facility_type_code":"1","api_first_registered_on":null,"api_last_modified_on":"2025-03-25","updated_at":"2026-07-25T01:27:52.347112+00:00"},"geometry":{"type":"Point","coordinates":[126.871410061,35.207274896]}},{"type":"Feature","id":"6c476f9a088886ac319ed68ddb023faaf221f901c50a6f1418f32394d14660c8-1","properties":{"facility_id":"6c476f9a088886ac319ed68ddb023faaf221f901c50a6f1418f32394d14660c8","point_ordinal":1,"zone_group_id":"291701007688","source_manage_no":"291701007688","facility_name":"광주외국인학교","sgg_code":"12300","facility_type_code":"1","api_first_registered_on":null,"api_last_modified_on":"2025-03-19","updated_at":"2026-07-25T01:27:52.347112+00:00"},"geometry":{"type":"Point","coordinates":[126.84703735,35.232948825]}},{"type":"Feature","id":"ef0c7ee833fa2d260b06a6e9653148c51939b3ada346206ce1360e8cc900cedc-1","properties":{"facility_id":"ef0c7ee833fa2d260b06a6e9653148c51939b3ada346206ce1360e8cc900cedc","point_ordinal":1,"zone_group_id":"291701007743","source_manage_no":"291701007743","facility_name":"광주용봉초등학교","sgg_code":"12300","facility_type_code":"1","api_first_registered_on":"1998-09-21","api_last_modified_on":null,"updated_at":"2026-07-25T01:27:52.347112+00:00"},"geometry":{"type":"Point","coordinates":[126.899883689,35.169133924]}},{"type":"Feature","id":"e64a0ffacb7edafb123e6e10b494f98a6217570c03de2ce08072648c41bcbf98-1","properties":{"facility_id":"e64a0ffacb7edafb123e6e10b494f98a6217570c03de2ce08072648c41bcbf98","point_ordinal":1,"zone_group_id":"291701007743","source_manage_no":"291701028720","facility_name":"광주용봉초등학교병설유치원","sgg_code":"12300","facility_type_code":"1","api_first_registered_on":null,"api_last_modified_on":"2025-03-25","updated_at":"2026-07-25T01:27:52.347112+00:00"},"geometry":{"type":"Point","coordinates":[126.90070989,35.169211206]}},{"type":"Feature","id":"95d47611788c953b48e192ebf78c770c0e5f08d04c8f7413416189d504b86bf6-1","properties":{"facility_id":"95d47611788c953b48e192ebf78c770c0e5f08d04c8f7413416189d504b86bf6","point_ordinal":1,"zone_group_id":"291701021215","source_manage_no":"291701028724","facility_name":"광주우산초등학교병설유치원","sgg_code":"12300","facility_type_code":"1","api_first_registered_on":null,"api_last_modified_on":"2025-03-25","updated_at":"2026-07-25T01:27:52.347112+00:00"},"geometry":{"type":"Point","coordinates":[126.920327689,35.175634349]}},{"type":"Feature","id":"7af7cea2ed7c7fd7d835bf9df8c36cebb10f526010f7a9d3e240bdf830d11be6-1","properties":{"facility_id":"7af7cea2ed7c7fd7d835bf9df8c36cebb10f526010f7a9d3e240bdf830d11be6","point_ordinal":1,"zone_group_id":"291701007690","source_manage_no":"291701028723","facility_name":"광주운암초등학교병설유치원","sgg_code":"12300","facility_type_code":"1","api_first_registered_on":null,"api_last_modified_on":"2025-03-25","updated_at":"2026-07-25T01:27:52.347112+00:00"},"geometry":{"type":"Point","coordinates":[126.870615044,35.180557922]}},{"type":"Feature","id":"5ab0f429e173bf5a41fc5e54250dc1fe139396529c5a92023716b19fbc1fb4e2-1","properties":{"facility_id":"5ab0f429e173bf5a41fc5e54250dc1fe139396529c5a92023716b19fbc1fb4e2","point_ordinal":1,"zone_group_id":"291701007790","source_manage_no":"291701007790","facility_name":"광주일곡초등학교","sgg_code":"12300","facility_type_code":"1","api_first_registered_on":"1997-10-25","api_last_modified_on":null,"updated_at":"2026-07-25T01:27:52.347112+00:00"},"geometry":{"type":"Point","coordinates":[126.897779847,35.207261154]}},{"type":"Feature","id":"026203be0395546b2109cd3e8bf2e174da14fad84d8af5c5e1ae5ab410da853d-1","properties":{"facility_id":"026203be0395546b2109cd3e8bf2e174da14fad84d8af5c5e1ae5ab410da853d","point_ordinal":1,"zone_group_id":"291701007805","source_manage_no":"291701028718","facility_name":"광주중흥초등학교병설유치원","sgg_code":"12300","facility_type_code":"1","api_first_registered_on":null,"api_last_modified_on":"2025-03-25","updated_at":"2026-07-25T01:27:52.347112+00:00"},"geometry":{"type":"Point","coordinates":[126.912916624,35.161157944]}},{"type":"Feature","id":"e97c84e2e03938bba6ec696fc3cd06b94fee83e9aa232fd50717c5124cd8a167-1","properties":{"facility_id":"e97c84e2e03938bba6ec696fc3cd06b94fee83e9aa232fd50717c5124cd8a167","point_ordinal":1,"zone_group_id":"291701007724","source_manage_no":"291701028712","facility_name":"광주지산초등학교병설유치원","sgg_code":"12300","facility_type_code":"1","api_first_registered_on":null,"api_last_modified_on":"2025-03-25","updated_at":"2026-07-25T01:27:52.347112+00:00"},"geometry":{"type":"Point","coordinates":[126.885602674,35.231009294]}},{"type":"Feature","id":"e1ac8821d38ab722fb77bfdcbc7480c4ae625e553d99fce7626f1973c3183809-1","properties":{"facility_id":"e1ac8821d38ab722fb77bfdcbc7480c4ae625e553d99fce7626f1973c3183809","point_ordinal":1,"zone_group_id":"291701007652","source_manage_no":"291701028722","facility_name":"광주풍향초등학교병설유치원","sgg_code":"12300","facility_type_code":"1","api_first_registered_on":null,"api_last_modified_on":"2025-03-25","updated_at":"2026-07-25T01:27:52.347112+00:00"},"geometry":{"type":"Point","coordinates":[126.92777483,35.167810727]}},{"type":"Feature","id":"f5fa29b1b20ddb1b8ac3c6352711f9d66cbcc46844462fc7ea3af163916aef44-1","properties":{"facility_id":"f5fa29b1b20ddb1b8ac3c6352711f9d66cbcc46844462fc7ea3af163916aef44","point_ordinal":1,"zone_group_id":"291701007807","source_manage_no":"291701007807","facility_name":"광주효동초등학교","sgg_code":"12300","facility_type_code":"1","api_first_registered_on":"1996-08-26","api_last_modified_on":null,"updated_at":"2026-07-25T01:27:52.347112+00:00"},"geometry":{"type":"Point","coordinates":[126.912568427,35.169754332]}},{"type":"Feature","id":"feb5e07ddaac3512639362ebc08950bf2be93ba5d10072d7f489fe1cbc84aad2-1","properties":{"facility_id":"feb5e07ddaac3512639362ebc08950bf2be93ba5d10072d7f489fe1cbc84aad2","point_ordinal":1,"zone_group_id":"291701007731","source_manage_no":"291701007731","facility_name":"국제영재어린이집","sgg_code":"12300","facility_type_code":"1","api_first_registered_on":null,"api_last_modified_on":null,"updated_at":"2026-07-25T01:27:52.347112+00:00"},"geometry":{"type":"Point","coordinates":[126.900634921,35.198474756]}},{"type":"Feature","id":"751e8f549d2c1193455c446d8b318c3f5c14c009bdfdfa3d510b5a3606c4e533-1","properties":{"facility_id":"751e8f549d2c1193455c446d8b318c3f5c14c009bdfdfa3d510b5a3606c4e533","point_ordinal":1,"zone_group_id":"291701007737","source_manage_no":"291701007737","facility_name":"남양유치원","sgg_code":"12300","facility_type_code":"1","api_first_registered_on":null,"api_last_modified_on":null,"updated_at":"2026-07-25T01:27:52.347112+00:00"},"geometry":{"type":"Point","coordinates":[126.878240082,35.183564979]}},{"type":"Feature","id":"d41bab57bcd1decbbd65e7626a822cbdea70bf858b6099f63383dad08ae2363e-1","properties":{"facility_id":"d41bab57bcd1decbbd65e7626a822cbdea70bf858b6099f63383dad08ae2363e","point_ordinal":1,"zone_group_id":"291701007770","source_manage_no":"291701007770","facility_name":"늘푸른어린이집","sgg_code":"12300","facility_type_code":"1","api_first_registered_on":null,"api_last_modified_on":null,"updated_at":"2026-07-25T01:27:52.347112+00:00"},"geometry":{"type":"Point","coordinates":[126.909828301,35.186482226]}},{"type":"Feature","id":"48df04920087ddfd6b1d4fa2e672666de98da0deb9167d6cd85730a5d403e52d-1","properties":{"facility_id":"48df04920087ddfd6b1d4fa2e672666de98da0deb9167d6cd85730a5d403e52d","point_ordinal":1,"zone_group_id":"291701007787","source_manage_no":"291701007787","facility_name":"대자초등학교","sgg_code":"12300","facility_type_code":"1","api_first_registered_on":"1995-09-01","api_last_modified_on":null,"updated_at":"2026-07-25T01:27:52.347112+00:00"},"geometry":{"type":"Point","coordinates":[126.873264691,35.173557524]}},{"type":"Feature","id":"6c601b729451b42355679eb26e26cebfb9dccb94c24073031465d81ec6ebedeb-1","properties":{"facility_id":"6c601b729451b42355679eb26e26cebfb9dccb94c24073031465d81ec6ebedeb","point_ordinal":1,"zone_group_id":"291701007718","source_manage_no":"291701007718","facility_name":"대현어린이집","sgg_code":"12300","facility_type_code":"1","api_first_registered_on":null,"api_last_modified_on":null,"updated_at":"2026-07-25T01:27:52.347112+00:00"},"geometry":{"type":"Point","coordinates":[126.893938252,35.18163376]}},{"type":"Feature","id":"e9ee22ffd3fdeb6695b81162faa23b834eb839fa87baf5a4253cd2d7600eb936-1","properties":{"facility_id":"e9ee22ffd3fdeb6695b81162faa23b834eb839fa87baf5a4253cd2d7600eb936","point_ordinal":1,"zone_group_id":"291701007642","source_manage_no":"291701007642","facility_name":"동림북구어린이집","sgg_code":"12300","facility_type_code":"1","api_first_registered_on":null,"api_last_modified_on":null,"updated_at":"2026-07-25T01:27:52.347112+00:00"},"geometry":{"type":"Point","coordinates":[126.863931528,35.186078552]}},{"type":"Feature","id":"0a0012c19e4fb650fc0033d7c9e9c7472bba04006a26b0edc9de31c929f4f0d1-1","properties":{"facility_id":"0a0012c19e4fb650fc0033d7c9e9c7472bba04006a26b0edc9de31c929f4f0d1","point_ordinal":1,"zone_group_id":"291701007640","source_manage_no":"291701007640","facility_name":"동림초등학교","sgg_code":"12300","facility_type_code":"1","api_first_registered_on":"1998-09-21","api_last_modified_on":null,"updated_at":"2026-07-25T01:27:52.347112+00:00"},"geometry":{"type":"Point","coordinates":[126.868098593,35.187282219]}},{"type":"Feature","id":"3e5c26d1c343db4e070af06b698546fee9278d05d168cf75cbaf8048a60b766d-1","properties":{"facility_id":"3e5c26d1c343db4e070af06b698546fee9278d05d168cf75cbaf8048a60b766d","point_ordinal":1,"zone_group_id":"291701007640","source_manage_no":"291701028780","facility_name":"동림초등학교병설유치원","sgg_code":"12300","facility_type_code":"1","api_first_registered_on":null,"api_last_modified_on":"2025-03-25","updated_at":"2026-07-25T01:27:52.347112+00:00"},"geometry":{"type":"Point","coordinates":[126.867507839,35.187504012]}},{"type":"Feature","id":"9c91eaa248b7387ce0fb3dbcb0fd692b4644a3116912155c4546058bc77226d6-1","properties":{"facility_id":"9c91eaa248b7387ce0fb3dbcb0fd692b4644a3116912155c4546058bc77226d6","point_ordinal":1,"zone_group_id":"291701007687","source_manage_no":"291701007687","facility_name":"동심유치원","sgg_code":"12300","facility_type_code":"1","api_first_registered_on":null,"api_last_modified_on":null,"updated_at":"2026-07-25T01:27:52.347112+00:00"},"geometry":{"type":"Point","coordinates":[126.926960924,35.188277733]}},{"type":"Feature","id":"5c69b1992858a4c0ff32f8094ceccff5a7994dc689037aa1eb25f4c4a578d7a8-1","properties":{"facility_id":"5c69b1992858a4c0ff32f8094ceccff5a7994dc689037aa1eb25f4c4a578d7a8","point_ordinal":1,"zone_group_id":"291701007783","source_manage_no":"291701007783","facility_name":"동운초등학교","sgg_code":"12300","facility_type_code":"1","api_first_registered_on":"1995-09-01","api_last_modified_on":null,"updated_at":"2026-07-25T01:27:52.347112+00:00"},"geometry":{"type":"Point","coordinates":[126.885131774,35.174905758]}},{"type":"Feature","id":"99c51cce49b599d515fa17d83a96e4f150b1efc2d1e40d2f5dd5e87633ae943d-1","properties":{"facility_id":"99c51cce49b599d515fa17d83a96e4f150b1efc2d1e40d2f5dd5e87633ae943d","point_ordinal":1,"zone_group_id":"291701007649","source_manage_no":"291701007649","facility_name":"두암초등학교","sgg_code":"12300","facility_type_code":"1","api_first_registered_on":"1996-08-26","api_last_modified_on":null,"updated_at":"2026-07-25T01:27:52.347112+00:00"},"geometry":{"type":"Point","coordinates":[126.934141857,35.169478972]}},{"type":"Feature","id":"309fdb9f6c027607cd49867c397f5d8aa2ae17ef57867b573097b10708acd976-1","properties":{"facility_id":"309fdb9f6c027607cd49867c397f5d8aa2ae17ef57867b573097b10708acd976","point_ordinal":1,"zone_group_id":"291701007649","source_manage_no":"291701028795","facility_name":"두암초등학교병설유치원","sgg_code":"12300","facility_type_code":"1","api_first_registered_on":null,"api_last_modified_on":"2025-03-25","updated_at":"2026-07-25T01:27:52.347112+00:00"},"geometry":{"type":"Point","coordinates":[126.933841027,35.169312699]}},{"type":"Feature","id":"5e5b8539bb2a2b677da14d6db27d7313b3279ff977df719f3fb9e95ef880cdf7-1","properties":{"facility_id":"5e5b8539bb2a2b677da14d6db27d7313b3279ff977df719f3fb9e95ef880cdf7","point_ordinal":1,"zone_group_id":"291701007658","source_manage_no":"291701007658","facility_name":"라예송유치원","sgg_code":"12300","facility_type_code":"1","api_first_registered_on":null,"api_last_modified_on":null,"updated_at":"2026-07-25T01:27:52.347112+00:00"},"geometry":{"type":"Point","coordinates":[126.927827796,35.180563267]}},{"type":"Feature","id":"3eea9c8bd860aa4b3191b0a646131a225ba20a300da166d94c68bacc6198f12b-1","properties":{"facility_id":"3eea9c8bd860aa4b3191b0a646131a225ba20a300da166d94c68bacc6198f12b","point_ordinal":1,"zone_group_id":"291702021927","source_manage_no":"291702021927","facility_name":"말바우 경로당","sgg_code":"12300","facility_type_code":"2","api_first_registered_on":null,"api_last_modified_on":null,"updated_at":"2026-07-25T01:27:52.347112+00:00"},"geometry":{"type":"Point","coordinates":[126.920291324,35.17285395]}},{"type":"Feature","id":"820ea43b95bd03ad47302e7da42b8ced211d66e2ae390889a16beae92b18a34a-1","properties":{"facility_id":"820ea43b95bd03ad47302e7da42b8ced211d66e2ae390889a16beae92b18a34a","point_ordinal":1,"zone_group_id":"123002030318","source_manage_no":"123002030318","facility_name":"말바우시장","sgg_code":"12300","facility_type_code":"2","api_first_registered_on":null,"api_last_modified_on":"2026-09-02","updated_at":"2026-09-03T04:06:02.022502+00:00"},"geometry":{"type":"Point","coordinates":[126.922290376,35.172230318]}},{"type":"Feature","id":"a2b79fdda036af1f56ebba27a3d433d51213281d18f4af34f9037325a62cb988-1","properties":{"facility_id":"a2b79fdda036af1f56ebba27a3d433d51213281d18f4af34f9037325a62cb988","point_ordinal":1,"zone_group_id":"291701007654","source_manage_no":"291701007654","facility_name":"매곡초등학교","sgg_code":"12300","facility_type_code":"1","api_first_registered_on":"1997-10-25","api_last_modified_on":null,"updated_at":"2026-07-25T01:27:52.347112+00:00"},"geometry":{"type":"Point","coordinates":[126.894281364,35.194362962]}},{"type":"Feature","id":"fd5e28af25b672ca346ffec5a8047aec6b8797c11209c4bb29a32a623be03a14-1","properties":{"facility_id":"fd5e28af25b672ca346ffec5a8047aec6b8797c11209c4bb29a32a623be03a14","point_ordinal":1,"zone_group_id":"291701007654","source_manage_no":"291701028768","facility_name":"매곡초등학교병설유치원","sgg_code":"12300","facility_type_code":"1","api_first_registered_on":null,"api_last_modified_on":"2025-03-25","updated_at":"2026-07-25T01:27:52.347112+00:00"},"geometry":{"type":"Point","coordinates":[126.894282007,35.19426008]}},{"type":"Feature","id":"f4706e5c1a6b61b457aeafa574d9e67d410fd10904007a9860950e52faf4c76d-1","properties":{"facility_id":"f4706e5c1a6b61b457aeafa574d9e67d410fd10904007a9860950e52faf4c76d","point_ordinal":1,"zone_group_id":"291701007747","source_manage_no":"291701007747","facility_name":"목련프로젝트어린이집","sgg_code":"12300","facility_type_code":"1","api_first_registered_on":null,"api_last_modified_on":null,"updated_at":"2026-07-25T01:27:52.347112+00:00"},"geometry":{"type":"Point","coordinates":[126.877119888,35.209455957]}},{"type":"Feature","id":"3d49d4979f7a131196febf2cf7b3c25a9cf1890b295176b04a2c5ee1d7858186-1","properties":{"facility_id":"3d49d4979f7a131196febf2cf7b3c25a9cf1890b295176b04a2c5ee1d7858186","point_ordinal":1,"zone_group_id":"291701007781","source_manage_no":"291701007781","facility_name":"무등초등학교","sgg_code":"12300","facility_type_code":"1","api_first_registered_on":"1996-08-26","api_last_modified_on":null,"updated_at":"2026-07-25T01:27:52.347112+00:00"},"geometry":{"type":"Point","coordinates":[126.922086374,35.178124169]}},{"type":"Feature","id":"677496fbdbe5878da98837e48ad30dd81a560b86c04fe7c5f9fee2ec0a409208-1","properties":{"facility_id":"677496fbdbe5878da98837e48ad30dd81a560b86c04fe7c5f9fee2ec0a409208","point_ordinal":1,"zone_group_id":"291701007666","source_manage_no":"291701007666","facility_name":"문산초등학교","sgg_code":"12300","facility_type_code":"1","api_first_registered_on":"1996-08-26","api_last_modified_on":null,"updated_at":"2026-07-25T01:27:52.347112+00:00"},"geometry":{"type":"Point","coordinates":[126.925224936,35.187009208]}},{"type":"Feature","id":"ac7a921b36c00f26365db41337e87441ba161db8db673bdfdf3a7652f7ced30d-1","properties":{"facility_id":"ac7a921b36c00f26365db41337e87441ba161db8db673bdfdf3a7652f7ced30d","point_ordinal":1,"zone_group_id":"291701007666","source_manage_no":"291701028763","facility_name":"문산초등학교병설유치원","sgg_code":"12300","facility_type_code":"1","api_first_registered_on":null,"api_last_modified_on":"2025-03-25","updated_at":"2026-07-25T01:27:52.347112+00:00"},"geometry":{"type":"Point","coordinates":[126.925057015,35.18691108]}},{"type":"Feature","id":"fa6780d236c59b8e79dd522739f7ffea4e0bec541064655365241f082e4834a4-1","properties":{"facility_id":"fa6780d236c59b8e79dd522739f7ffea4e0bec541064655365241f082e4834a4","point_ordinal":1,"zone_group_id":"291701007674","source_manage_no":"291701007674","facility_name":"문예동산유치원","sgg_code":"12300","facility_type_code":"1","api_first_registered_on":null,"api_last_modified_on":null,"updated_at":"2026-07-25T01:27:52.347112+00:00"},"geometry":{"type":"Point","coordinates":[126.883404713,35.177405723]}},{"type":"Feature","id":"d13ff7202267d8abaf146889cbcce074fa389d4a2545f401a5e9f710989fa0dc-1","properties":{"facility_id":"d13ff7202267d8abaf146889cbcce074fa389d4a2545f401a5e9f710989fa0dc","point_ordinal":1,"zone_group_id":"291701007762","source_manage_no":"291701007762","facility_name":"문우초등학교","sgg_code":"12300","facility_type_code":"1","api_first_registered_on":"2003-11-03","api_last_modified_on":null,"updated_at":"2026-07-25T01:27:52.347112+00:00"},"geometry":{"type":"Point","coordinates":[126.917004971,35.185858744]}},{"type":"Feature","id":"3db410c57235bba646098617080d4648d8b802ac335fec9f642a0cc2b3674796-1","properties":{"facility_id":"3db410c57235bba646098617080d4648d8b802ac335fec9f642a0cc2b3674796","point_ordinal":1,"zone_group_id":"291701007665","source_manage_no":"291701007665","facility_name":"문정초등학교","sgg_code":"12300","facility_type_code":"1","api_first_registered_on":"1997-10-25","api_last_modified_on":null,"updated_at":"2026-07-25T01:27:52.347112+00:00"},"geometry":{"type":"Point","coordinates":[126.921765961,35.189135011]}},{"type":"Feature","id":"2993f169b7dbf6cbefc691dda95350aca6b7280c8dcd42a530c081d2161df97d-1","properties":{"facility_id":"2993f169b7dbf6cbefc691dda95350aca6b7280c8dcd42a530c081d2161df97d","point_ordinal":1,"zone_group_id":"291701007665","source_manage_no":"291701028776","facility_name":"문정초등학교병설유치원","sgg_code":"12300","facility_type_code":"1","api_first_registered_on":null,"api_last_modified_on":"2025-03-25","updated_at":"2026-07-25T01:27:52.347112+00:00"},"geometry":{"type":"Point","coordinates":[126.921255828,35.18933106]}},{"type":"Feature","id":"0561aa9187119fce09a7e66f8f4c0ddda1dcfb257268f4971aa01cb567176ab2-1","properties":{"facility_id":"0561aa9187119fce09a7e66f8f4c0ddda1dcfb257268f4971aa01cb567176ab2","point_ordinal":1,"zone_group_id":"291701007634","source_manage_no":"291701007634","facility_name":"문화어린이집","sgg_code":"12300","facility_type_code":"1","api_first_registered_on":null,"api_last_modified_on":null,"updated_at":"2026-07-25T01:27:52.347112+00:00"},"geometry":{"type":"Point","coordinates":[126.932616473,35.180531692]}},{"type":"Feature","id":"309c714d7507456c0c540c7909540fffb33f07a9cf382e6a860a44cc6b5d80a7-1","properties":{"facility_id":"309c714d7507456c0c540c7909540fffb33f07a9cf382e6a860a44cc6b5d80a7","point_ordinal":1,"zone_group_id":"291701007662","source_manage_no":"291701007662","facility_name":"문흥중앙초등학교","sgg_code":"12300","facility_type_code":"1","api_first_registered_on":"1996-08-26","api_last_modified_on":null,"updated_at":"2026-07-25T01:27:52.347112+00:00"},"geometry":{"type":"Point","coordinates":[126.920578575,35.183518004]}},{"type":"Feature","id":"61a5112d47c8eaab8884fb1864612bdb16f0a164df2edad05d704da8a4e35629-1","properties":{"facility_id":"61a5112d47c8eaab8884fb1864612bdb16f0a164df2edad05d704da8a4e35629","point_ordinal":1,"zone_group_id":"291701007662","source_manage_no":"291701028792","facility_name":"문흥중앙초등학교병설유치원","sgg_code":"12300","facility_type_code":"1","api_first_registered_on":null,"api_last_modified_on":"2025-03-25","updated_at":"2026-07-25T01:27:52.347112+00:00"},"geometry":{"type":"Point","coordinates":[126.920566855,35.183688125]}},{"type":"Feature","id":"da99b8f2c8d87b78323b1aa002249b0f1591212a79bb5da64c0f6ffd756dbf21-1","properties":{"facility_id":"da99b8f2c8d87b78323b1aa002249b0f1591212a79bb5da64c0f6ffd756dbf21","point_ordinal":1,"zone_group_id":"291701007663","source_manage_no":"291701007663","facility_name":"문흥초등학교","sgg_code":"12300","facility_type_code":"1","api_first_registered_on":"1996-08-26","api_last_modified_on":null,"updated_at":"2026-07-25T01:27:52.347112+00:00"},"geometry":{"type":"Point","coordinates":[126.9138121,35.180162652]}},{"type":"Feature","id":"8666f0a2df603216c81d5cb7f4db2caa9694b71ef418f83e126ead3217003d71-1","properties":{"facility_id":"8666f0a2df603216c81d5cb7f4db2caa9694b71ef418f83e126ead3217003d71","point_ordinal":1,"zone_group_id":"291701007663","source_manage_no":"291701028791","facility_name":"문흥초등학교병설유치원","sgg_code":"12300","facility_type_code":"1","api_first_registered_on":null,"api_last_modified_on":"2025-03-25","updated_at":"2026-07-25T01:27:52.347112+00:00"},"geometry":{"type":"Point","coordinates":[126.914078916,35.180513177]}},{"type":"Feature","id":"5c94be4cac3e77b75f9d2f93610000c752503e9397f9f175abbd65f232f9f916-1","properties":{"facility_id":"5c94be4cac3e77b75f9d2f93610000c752503e9397f9f175abbd65f232f9f916","point_ordinal":1,"zone_group_id":"291701007667","source_manage_no":"291701007667","facility_name":"민족사관유치원","sgg_code":"12300","facility_type_code":"1","api_first_registered_on":null,"api_last_modified_on":null,"updated_at":"2026-07-25T01:27:52.347112+00:00"},"geometry":{"type":"Point","coordinates":[126.90356607,35.178445808]}},{"type":"Feature","id":"b6e6a99269c4ca52eb8314fbe0351e80840d4dd5c072c8c6b461d8e1d03819ec-1","properties":{"facility_id":"b6e6a99269c4ca52eb8314fbe0351e80840d4dd5c072c8c6b461d8e1d03819ec","point_ordinal":1,"zone_group_id":"291701007732","source_manage_no":"291701007732","facility_name":"배화어린이집","sgg_code":"12300","facility_type_code":"1","api_first_registered_on":null,"api_last_modified_on":null,"updated_at":"2026-07-25T01:27:52.347112+00:00"},"geometry":{"type":"Point","coordinates":[126.900515878,35.198230709]}},{"type":"Feature","id":"2bd4deba0517785ea696b1c20cfc1860df46d55b8240aa730965c5c90bdd8650-1","properties":{"facility_id":"2bd4deba0517785ea696b1c20cfc1860df46d55b8240aa730965c5c90bdd8650","point_ordinal":1,"zone_group_id":"291703007636","source_manage_no":"291703007636","facility_name":"별밭공동체","sgg_code":"12300","facility_type_code":"3","api_first_registered_on":null,"api_last_modified_on":null,"updated_at":"2026-07-25T01:27:52.347112+00:00"},"geometry":{"type":"Point","coordinates":[126.998499089,35.170245385]}},{"type":"Feature","id":"3659f8013cccdae0235e6eddd2c7db977cc28a80e196a58fd55a724d03006b7b-1","properties":{"facility_id":"3659f8013cccdae0235e6eddd2c7db977cc28a80e196a58fd55a724d03006b7b","point_ordinal":1,"zone_group_id":"291701007716","source_manage_no":"291701007716","facility_name":"보듬이나눔이어린이집","sgg_code":"12300","facility_type_code":"1","api_first_registered_on":null,"api_last_modified_on":null,"updated_at":"2026-07-25T01:27:52.347112+00:00"},"geometry":{"type":"Point","coordinates":[126.855788586,35.220002348]}},{"type":"Feature","id":"0e116424a1c0c1a46b1526bba0cc57dc9aa67d243ecfa155d4a83febb29df678-1","properties":{"facility_id":"0e116424a1c0c1a46b1526bba0cc57dc9aa67d243ecfa155d4a83febb29df678","point_ordinal":1,"zone_group_id":"291701007669","source_manage_no":"291701007669","facility_name":"본촌초등학교","sgg_code":"12300","facility_type_code":"1","api_first_registered_on":"2006-03-13","api_last_modified_on":null,"updated_at":"2026-07-25T01:27:52.347112+00:00"},"geometry":{"type":"Point","coordinates":[126.881119979,35.215050068]}},{"type":"Feature","id":"b440ff71360baaddd693936a3721280dd5a3f08171ec5e1e56bd8ad2e18a4989-1","properties":{"facility_id":"b440ff71360baaddd693936a3721280dd5a3f08171ec5e1e56bd8ad2e18a4989","point_ordinal":1,"zone_group_id":"291701007669","source_manage_no":"291701028786","facility_name":"본촌초등학교병설유치원","sgg_code":"12300","facility_type_code":"1","api_first_registered_on":null,"api_last_modified_on":"2025-03-25","updated_at":"2026-07-25T01:27:52.347112+00:00"},"geometry":{"type":"Point","coordinates":[126.881457663,35.215046348]}},{"type":"Feature","id":"796ef7b4e03e590137c8f4f37874d62e38d17c7aad970ba57381a3c03f8dc88e-1","properties":{"facility_id":"796ef7b4e03e590137c8f4f37874d62e38d17c7aad970ba57381a3c03f8dc88e","point_ordinal":1,"zone_group_id":"291702007661","source_manage_no":"291702007661","facility_name":"북구노인복지센터","sgg_code":"12300","facility_type_code":"2","api_first_registered_on":"2010-01-01","api_last_modified_on":"2025-03-21","updated_at":"2026-07-25T01:27:52.347112+00:00"},"geometry":{"type":"Point","coordinates":[126.917790439,35.183527117]}},{"type":"Feature","id":"aef9baf3c6a55b282c6cc666c834edce2eab50cb06d379676328959ae83710c9-1","properties":{"facility_id":"aef9baf3c6a55b282c6cc666c834edce2eab50cb06d379676328959ae83710c9","point_ordinal":1,"zone_group_id":"291702007648","source_manage_no":"291702007648","facility_name":"북구노인종합복지회관","sgg_code":"12300","facility_type_code":"2","api_first_registered_on":null,"api_last_modified_on":null,"updated_at":"2026-07-25T01:27:52.347112+00:00"},"geometry":{"type":"Point","coordinates":[126.93435274,35.172460555]}},{"type":"Feature","id":"a7c4406e2ed6159f0f54aaa65ef9304d3e573ae334b1625c2948d85c99f5a32c-1","properties":{"facility_id":"a7c4406e2ed6159f0f54aaa65ef9304d3e573ae334b1625c2948d85c99f5a32c","point_ordinal":1,"zone_group_id":"291701007779","source_manage_no":"291701007779","facility_name":"북문어린이집","sgg_code":"12300","facility_type_code":"1","api_first_registered_on":null,"api_last_modified_on":null,"updated_at":"2026-07-25T01:27:52.347112+00:00"},"geometry":{"type":"Point","coordinates":[126.905252663,35.182853042]}},{"type":"Feature","id":"aae28dff2ef67f02d4dbc01acfc5f1a5d0566875e252d267372e8d2fbb6e9622-1","properties":{"facility_id":"aae28dff2ef67f02d4dbc01acfc5f1a5d0566875e252d267372e8d2fbb6e9622","point_ordinal":1,"zone_group_id":"291701007765","source_manage_no":"291701007765","facility_name":"빛사랑어린이집","sgg_code":"12300","facility_type_code":"1","api_first_registered_on":null,"api_last_modified_on":null,"updated_at":"2026-07-25T01:27:52.347112+00:00"},"geometry":{"type":"Point","coordinates":[126.903413975,35.190986347]}},{"type":"Feature","id":"01088ff3d8884f6111df5d1829533a0fbc1e4c9e52538fed518cc7636db5dc4d-1","properties":{"facility_id":"01088ff3d8884f6111df5d1829533a0fbc1e4c9e52538fed518cc7636db5dc4d","point_ordinal":1,"zone_group_id":"291701007791","source_manage_no":"291701007791","facility_name":"삼각초등학교","sgg_code":"12300","facility_type_code":"1","api_first_registered_on":"1998-09-21","api_last_modified_on":null,"updated_at":"2026-07-25T01:27:52.347112+00:00"},"geometry":{"type":"Point","coordinates":[126.900500282,35.200351947]}},{"type":"Feature","id":"df7867c1c4ab8ed4d23afe58b8700a3cfee4d97a02b85ab11ea9e85e60ff77af-1","properties":{"facility_id":"df7867c1c4ab8ed4d23afe58b8700a3cfee4d97a02b85ab11ea9e85e60ff77af","point_ordinal":1,"zone_group_id":"291701007791","source_manage_no":"291701028779","facility_name":"삼각초등학교병설유치원","sgg_code":"12300","facility_type_code":"1","api_first_registered_on":null,"api_last_modified_on":"2025-03-25","updated_at":"2026-07-25T01:27:52.347112+00:00"},"geometry":{"type":"Point","coordinates":[126.900314895,35.200535238]}},{"type":"Feature","id":"9b05b80905bd1241a5d77c8ba56f3e68df692fdca9143b017970203d0779d417-1","properties":{"facility_id":"9b05b80905bd1241a5d77c8ba56f3e68df692fdca9143b017970203d0779d417","point_ordinal":1,"zone_group_id":"291701007802","source_manage_no":"291701007802","facility_name":"삼성누리유치원","sgg_code":"12300","facility_type_code":"1","api_first_registered_on":null,"api_last_modified_on":null,"updated_at":"2026-07-25T01:27:52.347112+00:00"},"geometry":{"type":"Point","coordinates":[126.921670158,35.180047103]}},{"type":"Feature","id":"69abe72f181946035cf4f155339f835c73e7a1996811adeb0e1e7ed49796f096-1","properties":{"facility_id":"69abe72f181946035cf4f155339f835c73e7a1996811adeb0e1e7ed49796f096","point_ordinal":1,"zone_group_id":"291701007647","source_manage_no":"291701007647","facility_name":"삼정초등학교","sgg_code":"12300","facility_type_code":"1","api_first_registered_on":"1996-08-26","api_last_modified_on":null,"updated_at":"2026-07-25T01:27:52.347112+00:00"},"geometry":{"type":"Point","coordinates":[126.936118691,35.165894125]}},{"type":"Feature","id":"a9c7b2791093acdec3af4640d1d4d588727b7972753886b08e17c4bead667c12-1","properties":{"facility_id":"a9c7b2791093acdec3af4640d1d4d588727b7972753886b08e17c4bead667c12","point_ordinal":1,"zone_group_id":"291701007647","source_manage_no":"291701028760","facility_name":"삼정초등학교병설유치원","sgg_code":"12300","facility_type_code":"1","api_first_registered_on":null,"api_last_modified_on":"2025-03-25","updated_at":"2026-07-25T01:27:52.347112+00:00"},"geometry":{"type":"Point","coordinates":[126.936128196,35.166005942]}},{"type":"Feature","id":"5a7090537a030f9f25078d2f4bada1844842a4341c4ddf40e78f489b224de389-1","properties":{"facility_id":"5a7090537a030f9f25078d2f4bada1844842a4341c4ddf40e78f489b224de389","point_ordinal":1,"zone_group_id":"291701007715","source_manage_no":"291701007715","facility_name":"새미르유치원","sgg_code":"12300","facility_type_code":"1","api_first_registered_on":null,"api_last_modified_on":null,"updated_at":"2026-07-25T01:27:52.347112+00:00"},"geometry":{"type":"Point","coordinates":[126.870383659,35.209646538]}},{"type":"Feature","id":"01077cf85307a4ee387676c0b520ca0e6875ad0fe0f421861e20f7af5583a432-1","properties":{"facility_id":"01077cf85307a4ee387676c0b520ca0e6875ad0fe0f421861e20f7af5583a432","point_ordinal":1,"zone_group_id":"291702007789","source_manage_no":"291702007789","facility_name":"새순시니어스쿨","sgg_code":"12300","facility_type_code":"2","api_first_registered_on":"2010-01-01","api_last_modified_on":"2025-06-30","updated_at":"2026-07-25T01:27:52.347112+00:00"},"geometry":{"type":"Point","coordinates":[126.897626778,35.216246239]}},{"type":"Feature","id":"b28de7a1d272e04d5a0208880ef81e3d31e9f1dcd0d5c0cbc7d78df97a3d60f1-1","properties":{"facility_id":"b28de7a1d272e04d5a0208880ef81e3d31e9f1dcd0d5c0cbc7d78df97a3d60f1","point_ordinal":1,"zone_group_id":"291702007635","source_manage_no":"291702007635","facility_name":"서림노인대학","sgg_code":"12300","facility_type_code":"2","api_first_registered_on":"2011-01-01","api_last_modified_on":null,"updated_at":"2026-07-25T01:27:52.347112+00:00"},"geometry":{"type":"Point","coordinates":[126.894086576,35.16164378]}},{"type":"Feature","id":"ab4ac5a36da192ade086581f866e130c5f60169971148b369181e499f4e20059-1","properties":{"facility_id":"ab4ac5a36da192ade086581f866e130c5f60169971148b369181e499f4e20059","point_ordinal":1,"zone_group_id":"291701007797","source_manage_no":"291701007797","facility_name":"서일초등학교","sgg_code":"12300","facility_type_code":"1","api_first_registered_on":"1998-09-21","api_last_modified_on":null,"updated_at":"2026-07-25T01:27:52.347112+00:00"},"geometry":{"type":"Point","coordinates":[126.898405602,35.212440664]}},{"type":"Feature","id":"627b99420a1ceb90375964ec822ae9452d8b5e59a03ff77ef944842392f4fb7c-1","properties":{"facility_id":"627b99420a1ceb90375964ec822ae9452d8b5e59a03ff77ef944842392f4fb7c","point_ordinal":1,"zone_group_id":"291701007797","source_manage_no":"291701028781","facility_name":"서일초등학교병설유치원","sgg_code":"12300","facility_type_code":"1","api_first_registered_on":null,"api_last_modified_on":"2025-03-25","updated_at":"2026-07-25T01:27:52.347112+00:00"},"geometry":{"type":"Point","coordinates":[126.898087656,35.212167588]}},{"type":"Feature","id":"9be80531a782e004d02167ffd2ce89ed9bb731fb982256c9289221b0fdb4c9b5-1","properties":{"facility_id":"9be80531a782e004d02167ffd2ce89ed9bb731fb982256c9289221b0fdb4c9b5","point_ordinal":1,"zone_group_id":"291701007738","source_manage_no":"291701007738","facility_name":"선일유치원","sgg_code":"12300","facility_type_code":"1","api_first_registered_on":null,"api_last_modified_on":null,"updated_at":"2026-07-25T01:27:52.347112+00:00"},"geometry":{"type":"Point","coordinates":[126.877554857,35.175482233]}},{"type":"Feature","id":"19c9c1de479f7807e2db7901b3387889a221708a14540989d08d2d1527139e6b-1","properties":{"facility_id":"19c9c1de479f7807e2db7901b3387889a221708a14540989d08d2d1527139e6b","point_ordinal":1,"zone_group_id":"291701007729","source_manage_no":"291701007729","facility_name":"성원어린이집","sgg_code":"12300","facility_type_code":"1","api_first_registered_on":null,"api_last_modified_on":"2025-03-19","updated_at":"2026-07-25T01:27:52.347112+00:00"},"geometry":{"type":"Point","coordinates":[126.888883462,35.180526321]}},{"type":"Feature","id":"ab9e7d26d09555934baa59a176a0bc7c6c63c19f5b3487099a17b3b3d0b167e1-1","properties":{"facility_id":"ab9e7d26d09555934baa59a176a0bc7c6c63c19f5b3487099a17b3b3d0b167e1","point_ordinal":1,"zone_group_id":"291702026386","source_manage_no":"291702026386","facility_name":"소나무데이케어센터","sgg_code":"12300","facility_type_code":"2","api_first_registered_on":"2022-11-30","api_last_modified_on":null,"updated_at":"2026-07-25T01:27:52.347112+00:00"},"geometry":{"type":"Point","coordinates":[126.907887354,35.185738059]}},{"type":"Feature","id":"383b98a8551c434eb28452186185b76a449bc978dbf627b1bfc9f5692ce3c179-1","properties":{"facility_id":"383b98a8551c434eb28452186185b76a449bc978dbf627b1bfc9f5692ce3c179","point_ordinal":1,"zone_group_id":"291701007702","source_manage_no":"291701007702","facility_name":"소나무유치원","sgg_code":"12300","facility_type_code":"1","api_first_registered_on":null,"api_last_modified_on":null,"updated_at":"2026-07-25T01:27:52.347112+00:00"},"geometry":{"type":"Point","coordinates":[126.881810881,35.210940745]}},{"type":"Feature","id":"0ad2b0c060ba134752bcc69043dc1c2378a58cfe2141b0d7ea8cb29563c6031c-1","properties":{"facility_id":"0ad2b0c060ba134752bcc69043dc1c2378a58cfe2141b0d7ea8cb29563c6031c","point_ordinal":1,"zone_group_id":"291701007664","source_manage_no":"291701007664","facility_name":"송이어린이집","sgg_code":"12300","facility_type_code":"1","api_first_registered_on":null,"api_last_modified_on":null,"updated_at":"2026-07-25T01:27:52.347112+00:00"},"geometry":{"type":"Point","coordinates":[126.927500077,35.181878203]}},{"type":"Feature","id":"95fb34d42123ee835cd4ccf8a515a8a18257bcae2ac261c8b4edbdcf8cfe732b-1","properties":{"facility_id":"95fb34d42123ee835cd4ccf8a515a8a18257bcae2ac261c8b4edbdcf8cfe732b","point_ordinal":1,"zone_group_id":"291702007816","source_manage_no":"291702007816","facility_name":"쉼터요양원","sgg_code":"12300","facility_type_code":"2","api_first_registered_on":"2012-01-01","api_last_modified_on":"2025-03-21","updated_at":"2026-07-25T01:27:52.347112+00:00"},"geometry":{"type":"Point","coordinates":[126.962213438,35.176546473]}},{"type":"Feature","id":"a1d3e6639f1b17521cc59a09c3bde8097d51bfd0de49b5c3dfdf9f25855a852c-1","properties":{"facility_id":"a1d3e6639f1b17521cc59a09c3bde8097d51bfd0de49b5c3dfdf9f25855a852c","point_ordinal":1,"zone_group_id":"291701007804","source_manage_no":"291701007804","facility_name":"신세계어린이집","sgg_code":"12300","facility_type_code":"1","api_first_registered_on":null,"api_last_modified_on":null,"updated_at":"2026-07-25T01:27:52.347112+00:00"},"geometry":{"type":"Point","coordinates":[126.893686324,35.189246116]}},{"type":"Feature","id":"1e803de9afc7fa143c6436219294292205a17c521e0ff2cb69a0699d9aca6941-1","properties":{"facility_id":"1e803de9afc7fa143c6436219294292205a17c521e0ff2cb69a0699d9aca6941","point_ordinal":1,"zone_group_id":"291701007719","source_manage_no":"291701007813","facility_name":"신용유치원","sgg_code":"12300","facility_type_code":"1","api_first_registered_on":null,"api_last_modified_on":null,"updated_at":"2026-07-25T01:27:52.347112+00:00"},"geometry":{"type":"Point","coordinates":[126.858140368,35.210186387]}},{"type":"Feature","id":"9ff60ab55b81a17fc7b6733e0748fdfdaea38ac38730a3de250e1b23fbe3583e-1","properties":{"facility_id":"9ff60ab55b81a17fc7b6733e0748fdfdaea38ac38730a3de250e1b23fbe3583e","point_ordinal":1,"zone_group_id":"291701007719","source_manage_no":"291701007719","facility_name":"신용초등학교","sgg_code":"12300","facility_type_code":"1","api_first_registered_on":"2014-06-27","api_last_modified_on":null,"updated_at":"2026-07-25T01:27:52.347112+00:00"},"geometry":{"type":"Point","coordinates":[126.857333576,35.210337535]}},{"type":"Feature","id":"4b047210920c9ca61ab9e23f9e91c906a28f887ab6046f236b233dcd7b09341f-1","properties":{"facility_id":"4b047210920c9ca61ab9e23f9e91c906a28f887ab6046f236b233dcd7b09341f","point_ordinal":1,"zone_group_id":"291703007758","source_manage_no":"291703007758","facility_name":"씨튼장애인주간보호센터","sgg_code":"12300","facility_type_code":"3","api_first_registered_on":null,"api_last_modified_on":null,"updated_at":"2026-07-25T01:27:52.347112+00:00"},"geometry":{"type":"Point","coordinates":[126.849777985,35.232422565]}},{"type":"Feature","id":"91c4a10ba699f86db2c18867a90bc80bd62d376bf554ae175b7bc1c72bf53109-1","properties":{"facility_id":"91c4a10ba699f86db2c18867a90bc80bd62d376bf554ae175b7bc1c72bf53109","point_ordinal":1,"zone_group_id":"291701007752","source_manage_no":"291701007752","facility_name":"아이림유치원","sgg_code":"12300","facility_type_code":"1","api_first_registered_on":null,"api_last_modified_on":null,"updated_at":"2026-07-25T01:27:52.347112+00:00"},"geometry":{"type":"Point","coordinates":[126.871119518,35.200144138]}},{"type":"Feature","id":"7e2f05222f2c174b5c745120615c734f911cbe179b02cdfdb80b8e3f3b9acb26-1","properties":{"facility_id":"7e2f05222f2c174b5c745120615c734f911cbe179b02cdfdb80b8e3f3b9acb26","point_ordinal":1,"zone_group_id":"291701007749","source_manage_no":"291701007749","facility_name":"양산초등학교","sgg_code":"12300","facility_type_code":"1","api_first_registered_on":"1996-08-26","api_last_modified_on":null,"updated_at":"2026-07-25T01:27:52.347112+00:00"},"geometry":{"type":"Point","coordinates":[126.871409626,35.207344103]}},{"type":"Feature","id":"db6df6b48f7be9b8677415a92f8743480c1b611b2d4106b1fb19494022e2ee12-1","properties":{"facility_id":"db6df6b48f7be9b8677415a92f8743480c1b611b2d4106b1fb19494022e2ee12","point_ordinal":1,"zone_group_id":"291701007750","source_manage_no":"291701007750","facility_name":"양지어린이집","sgg_code":"12300","facility_type_code":"1","api_first_registered_on":null,"api_last_modified_on":null,"updated_at":"2026-07-25T01:27:52.347112+00:00"},"geometry":{"type":"Point","coordinates":[126.881156411,35.20742079]}},{"type":"Feature","id":"342cdff30744d4ebe0d3e79a49e93b20f870607ae9bebb9b7746cbbbf3d5e461-1","properties":{"facility_id":"342cdff30744d4ebe0d3e79a49e93b20f870607ae9bebb9b7746cbbbf3d5e461","point_ordinal":1,"zone_group_id":"291701007751","source_manage_no":"291701007751","facility_name":"양지초등학교","sgg_code":"12300","facility_type_code":"1","api_first_registered_on":"2006-03-13","api_last_modified_on":null,"updated_at":"2026-07-25T01:27:52.347112+00:00"},"geometry":{"type":"Point","coordinates":[126.880945768,35.20847]}},{"type":"Feature","id":"2c810dc30f3cfbdc55bd03ad54f27e22655f5a4f98683b8040e593d3e3f98886-1","properties":{"facility_id":"2c810dc30f3cfbdc55bd03ad54f27e22655f5a4f98683b8040e593d3e3f98886","point_ordinal":1,"zone_group_id":"291701007751","source_manage_no":"291701028788","facility_name":"양지초등학교병설유치원","sgg_code":"12300","facility_type_code":"1","api_first_registered_on":null,"api_last_modified_on":"2025-07-11","updated_at":"2026-07-25T01:27:52.347112+00:00"},"geometry":{"type":"Point","coordinates":[126.881405003,35.208303625]}},{"type":"Feature","id":"0dabe89b1b9b96930b27de99d087477396ebb001ff46376f26ef15746e01a56b-1","properties":{"facility_id":"0dabe89b1b9b96930b27de99d087477396ebb001ff46376f26ef15746e01a56b","point_ordinal":1,"zone_group_id":"291701007757","source_manage_no":"291701007757","facility_name":"연제초등학교","sgg_code":"12300","facility_type_code":"1","api_first_registered_on":"2006-03-13","api_last_modified_on":null,"updated_at":"2026-07-25T01:27:52.347112+00:00"},"geometry":{"type":"Point","coordinates":[126.874239962,35.196557446]}},{"type":"Feature","id":"a8361016595ecedac84a64844a1c988db165b53bb810593c704e3428721a74cd-1","properties":{"facility_id":"a8361016595ecedac84a64844a1c988db165b53bb810593c704e3428721a74cd","point_ordinal":1,"zone_group_id":"291701007757","source_manage_no":"291701028787","facility_name":"연제초등학교병설유치원","sgg_code":"12300","facility_type_code":"1","api_first_registered_on":null,"api_last_modified_on":"2025-03-25","updated_at":"2026-07-25T01:27:52.347112+00:00"},"geometry":{"type":"Point","coordinates":[126.873412028,35.196348104]}},{"type":"Feature","id":"a271b723b13849df71cf48a0c553a5d46ff594cd150447f192f356cb0b772ae3-1","properties":{"facility_id":"a271b723b13849df71cf48a0c553a5d46ff594cd150447f192f356cb0b772ae3","point_ordinal":1,"zone_group_id":"291701007801","source_manage_no":"291701007801","facility_name":"예일유치원","sgg_code":"12300","facility_type_code":"1","api_first_registered_on":null,"api_last_modified_on":null,"updated_at":"2026-07-25T01:27:52.347112+00:00"},"geometry":{"type":"Point","coordinates":[126.867550442,35.212309803]}},{"type":"Feature","id":"adb665ff7eca7b2ee0822ca816c28e402cf04ab43c4657a7fa14ba9409170422-1","properties":{"facility_id":"adb665ff7eca7b2ee0822ca816c28e402cf04ab43c4657a7fa14ba9409170422","point_ordinal":1,"zone_group_id":"291701007639","source_manage_no":"291701007639","facility_name":"오정초등학교","sgg_code":"12300","facility_type_code":"1","api_first_registered_on":"1996-08-26","api_last_modified_on":null,"updated_at":"2026-07-25T01:27:52.347112+00:00"},"geometry":{"type":"Point","coordinates":[126.912429109,35.185764322]}},{"type":"Feature","id":"51115cac315f4a838aeed815ba2ea1875c5a38a4c9b3fa635d0937fc8287ac74-1","properties":{"facility_id":"51115cac315f4a838aeed815ba2ea1875c5a38a4c9b3fa635d0937fc8287ac74","point_ordinal":1,"zone_group_id":"291701007639","source_manage_no":"291701028767","facility_name":"오정초등학교병설유치원","sgg_code":"12300","facility_type_code":"1","api_first_registered_on":null,"api_last_modified_on":"2025-03-25","updated_at":"2026-07-25T01:27:52.347112+00:00"},"geometry":{"type":"Point","coordinates":[126.912168226,35.18601909]}},{"type":"Feature","id":"9f5b3f90649d945dfce109cf316e83ecb00b4ded3534ca8bd6b503198c1dcdb0-1","properties":{"facility_id":"9f5b3f90649d945dfce109cf316e83ecb00b4ded3534ca8bd6b503198c1dcdb0","point_ordinal":1,"zone_group_id":"291701007771","source_manage_no":"291701007771","facility_name":"오치초등학교","sgg_code":"12300","facility_type_code":"1","api_first_registered_on":"1996-08-26","api_last_modified_on":null,"updated_at":"2026-07-25T01:27:52.347112+00:00"},"geometry":{"type":"Point","coordinates":[126.899107588,35.1857828]}},{"type":"Feature","id":"7611cfc3b90b78c182ee7ff3e1fc3bc1751ebfd17ee74c1472922752768c6262-1","properties":{"facility_id":"7611cfc3b90b78c182ee7ff3e1fc3bc1751ebfd17ee74c1472922752768c6262","point_ordinal":1,"zone_group_id":"291701007771","source_manage_no":"291701028789","facility_name":"오치초등학교병설유치원","sgg_code":"12300","facility_type_code":"1","api_first_registered_on":null,"api_last_modified_on":"2025-03-25","updated_at":"2026-07-25T01:27:52.347112+00:00"},"geometry":{"type":"Point","coordinates":[126.899106122,35.185675412]}},{"type":"Feature","id":"365e109cfd50996cf243b8138324a76408c2ea1088da9cedc0c32e0c7ef96cf6-1","properties":{"facility_id":"365e109cfd50996cf243b8138324a76408c2ea1088da9cedc0c32e0c7ef96cf6","point_ordinal":1,"zone_group_id":"291701007761","source_manage_no":"291701007761","facility_name":"오치카리타스어린이집","sgg_code":"12300","facility_type_code":"1","api_first_registered_on":null,"api_last_modified_on":null,"updated_at":"2026-07-25T01:27:52.347112+00:00"},"geometry":{"type":"Point","coordinates":[126.901437289,35.186432029]}},{"type":"Feature","id":"6c7067837a99d5f9e46be139b0501cf3731c7301031c2741d3f9e5b6a999bef5-1","properties":{"facility_id":"6c7067837a99d5f9e46be139b0501cf3731c7301031c2741d3f9e5b6a999bef5","point_ordinal":1,"zone_group_id":"291701007774","source_manage_no":"291701007774","facility_name":"용두어린이집","sgg_code":"12300","facility_type_code":"1","api_first_registered_on":null,"api_last_modified_on":null,"updated_at":"2026-07-25T01:27:52.347112+00:00"},"geometry":{"type":"Point","coordinates":[126.873149952,35.215666175]}},{"type":"Feature","id":"4d6c863ce4f30934b05b6d76d40bd4a6bbdcff3b8c848012765759bc9961bc2a-1","properties":{"facility_id":"4d6c863ce4f30934b05b6d76d40bd4a6bbdcff3b8c848012765759bc9961bc2a","point_ordinal":1,"zone_group_id":"291701007745","source_manage_no":"291701007745","facility_name":"용두초등학교","sgg_code":"12300","facility_type_code":"1","api_first_registered_on":"2000-03-27","api_last_modified_on":null,"updated_at":"2026-07-25T01:27:52.347112+00:00"},"geometry":{"type":"Point","coordinates":[126.870661992,35.214966617]}},{"type":"Feature","id":"c59c8ff7f11fc6c706f7e5140c6bf4f51834a72c56cbbd7fb8d09419fd81a6e9-1","properties":{"facility_id":"c59c8ff7f11fc6c706f7e5140c6bf4f51834a72c56cbbd7fb8d09419fd81a6e9","point_ordinal":1,"zone_group_id":"291701007745","source_manage_no":"291701028782","facility_name":"용두초등학교병설유치원","sgg_code":"12300","facility_type_code":"1","api_first_registered_on":null,"api_last_modified_on":"2025-03-25","updated_at":"2026-07-25T01:27:52.347112+00:00"},"geometry":{"type":"Point","coordinates":[126.870606231,35.214679767]}},{"type":"Feature","id":"eff36bdf9afd67868cd3d2c30af907586e174e87ef68e13ebe8791a316d224fe-1","properties":{"facility_id":"eff36bdf9afd67868cd3d2c30af907586e174e87ef68e13ebe8791a316d224fe","point_ordinal":1,"zone_group_id":"291701007777","source_manage_no":"291701007777","facility_name":"용주초등학교","sgg_code":"12300","facility_type_code":"1","api_first_registered_on":"2000-07-24","api_last_modified_on":null,"updated_at":"2026-07-25T01:27:52.347112+00:00"},"geometry":{"type":"Point","coordinates":[126.899164155,35.181573464]}},{"type":"Feature","id":"a073e2da8ce766561cada461bf164510f76a9bb93bf0d5524d6b634e33821360-1","properties":{"facility_id":"a073e2da8ce766561cada461bf164510f76a9bb93bf0d5524d6b634e33821360","point_ordinal":1,"zone_group_id":"291701007777","source_manage_no":"291701028784","facility_name":"용주초등학교병설유치원","sgg_code":"12300","facility_type_code":"1","api_first_registered_on":null,"api_last_modified_on":"2025-03-25","updated_at":"2026-07-25T01:27:52.347112+00:00"},"geometry":{"type":"Point","coordinates":[126.899528383,35.181570088]}},{"type":"Feature","id":"81361c3bad417f32044d615cbe19261dfe61e1e2d225db49e2ea208632cd8e12-1","properties":{"facility_id":"81361c3bad417f32044d615cbe19261dfe61e1e2d225db49e2ea208632cd8e12","point_ordinal":1,"zone_group_id":"291702021929","source_manage_no":"291702021929","facility_name":"우산 경로당","sgg_code":"12300","facility_type_code":"2","api_first_registered_on":null,"api_last_modified_on":null,"updated_at":"2026-07-25T01:27:52.347112+00:00"},"geometry":{"type":"Point","coordinates":[126.924551364,35.174373707]}},{"type":"Feature","id":"1106d1802b6df40e4a7ea1c6d0a79036569d2fdf9ede6937d30357fb2e45a809-1","properties":{"facility_id":"1106d1802b6df40e4a7ea1c6d0a79036569d2fdf9ede6937d30357fb2e45a809","point_ordinal":1,"zone_group_id":"291701007736","source_manage_no":"291701007736","facility_name":"우산어린이집","sgg_code":"12300","facility_type_code":"1","api_first_registered_on":null,"api_last_modified_on":null,"updated_at":"2026-07-25T01:27:52.347112+00:00"},"geometry":{"type":"Point","coordinates":[126.935711052,35.17295381]}},{"type":"Feature","id":"82b4258622ddaa75181121657500b3955dff72f966618a10a391578faf35fc65-1","properties":{"facility_id":"82b4258622ddaa75181121657500b3955dff72f966618a10a391578faf35fc65","point_ordinal":1,"zone_group_id":"291701021215","source_manage_no":"291701021215","facility_name":"우산초등학교","sgg_code":"12300","facility_type_code":"1","api_first_registered_on":"1996-08-26","api_last_modified_on":null,"updated_at":"2026-07-25T01:27:52.347112+00:00"},"geometry":{"type":"Point","coordinates":[126.920342878,35.175823293]}},{"type":"Feature","id":"103a896c582d16eb3a8037ff1e776c128bfe242dfe2879dcab86097e81c6a9b1-1","properties":{"facility_id":"103a896c582d16eb3a8037ff1e776c128bfe242dfe2879dcab86097e81c6a9b1","point_ordinal":1,"zone_group_id":"291701007823","source_manage_no":"291701007823","facility_name":"우성어린이집","sgg_code":"12300","facility_type_code":"1","api_first_registered_on":null,"api_last_modified_on":null,"updated_at":"2026-07-25T01:27:52.347112+00:00"},"geometry":{"type":"Point","coordinates":[126.91861947,35.181240778]}},{"type":"Feature","id":"a124bc812c7a9f9d6bb3c91fb4207a12c7a61f4ac1b2f12f3df47aafd0b9d0bd-1","properties":{"facility_id":"a124bc812c7a9f9d6bb3c91fb4207a12c7a61f4ac1b2f12f3df47aafd0b9d0bd","point_ordinal":1,"zone_group_id":"291701007690","source_manage_no":"291701007785","facility_name":"운암어린이집","sgg_code":"12300","facility_type_code":"1","api_first_registered_on":null,"api_last_modified_on":null,"updated_at":"2026-07-25T01:27:52.347112+00:00"},"geometry":{"type":"Point","coordinates":[126.871100097,35.179416368]}},{"type":"Feature","id":"b123550c745e52707d5b0d775091a159677aa484dda7fb86bfa1ee83af8da26d-1","properties":{"facility_id":"b123550c745e52707d5b0d775091a159677aa484dda7fb86bfa1ee83af8da26d","point_ordinal":1,"zone_group_id":"291701007690","source_manage_no":"291701007690","facility_name":"운암초등학교","sgg_code":"12300","facility_type_code":"1","api_first_registered_on":"1996-08-26","api_last_modified_on":null,"updated_at":"2026-07-25T01:27:52.347112+00:00"},"geometry":{"type":"Point","coordinates":[126.870923689,35.179505622]}},{"type":"Feature","id":"5236a81fb8fba4fa75e2ff7b88c766d13adbae35ad39ef5bb17b281f1454412c-1","properties":{"facility_id":"5236a81fb8fba4fa75e2ff7b88c766d13adbae35ad39ef5bb17b281f1454412c","point_ordinal":1,"zone_group_id":"291701007660","source_manage_no":"291701007660","facility_name":"원광어린이집","sgg_code":"12300","facility_type_code":"1","api_first_registered_on":null,"api_last_modified_on":null,"updated_at":"2026-07-25T01:27:52.347112+00:00"},"geometry":{"type":"Point","coordinates":[126.892533158,35.166775706]}},{"type":"Feature","id":"6309ced21002cc579ebe639a4f2d73af7c4a98ffae537a2f0285898a5d781e18-1","properties":{"facility_id":"6309ced21002cc579ebe639a4f2d73af7c4a98ffae537a2f0285898a5d781e18","point_ordinal":1,"zone_group_id":"291701007658","source_manage_no":"291701007651","facility_name":"은송어린이집","sgg_code":"12300","facility_type_code":"1","api_first_registered_on":null,"api_last_modified_on":null,"updated_at":"2026-07-25T01:27:52.347112+00:00"},"geometry":{"type":"Point","coordinates":[126.927917992,35.180230063]}},{"type":"Feature","id":"a2ece3cee270a9066c6c822ddff1ff9fbe742eecfa9a165750011296d58884df-1","properties":{"facility_id":"a2ece3cee270a9066c6c822ddff1ff9fbe742eecfa9a165750011296d58884df","point_ordinal":1,"zone_group_id":"291701007759","source_manage_no":"291701007759","facility_name":"은혜학교","sgg_code":"12300","facility_type_code":"1","api_first_registered_on":null,"api_last_modified_on":null,"updated_at":"2026-07-25T01:27:52.347112+00:00"},"geometry":{"type":"Point","coordinates":[126.849972697,35.232811337]}},{"type":"Feature","id":"a667e728cc04b7c0aa63296af6528023a3cf27d84ed6fdc9efe734fcb0b4e049-1","properties":{"facility_id":"a667e728cc04b7c0aa63296af6528023a3cf27d84ed6fdc9efe734fcb0b4e049","point_ordinal":1,"zone_group_id":"291701007715","source_manage_no":"291701007821","facility_name":"이화동산유치원","sgg_code":"12300","facility_type_code":"1","api_first_registered_on":null,"api_last_modified_on":null,"updated_at":"2026-07-25T01:27:52.347112+00:00"},"geometry":{"type":"Point","coordinates":[126.871323394,35.210309658]}},{"type":"Feature","id":"07a4c6b5237c2bf5f659488431722911daf785cae7af4df5041517fb79b54e11-1","properties":{"facility_id":"07a4c6b5237c2bf5f659488431722911daf785cae7af4df5041517fb79b54e11","point_ordinal":1,"zone_group_id":"291701007792","source_manage_no":"291701007792","facility_name":"이화어린이집","sgg_code":"12300","facility_type_code":"1","api_first_registered_on":null,"api_last_modified_on":null,"updated_at":"2026-07-25T01:27:52.347112+00:00"},"geometry":{"type":"Point","coordinates":[126.891072547,35.208021101]}},{"type":"Feature","id":"6ae8a90038aa1708f5d7a0b57352901874abae0684917f9d9fd250d213002c6c-1","properties":{"facility_id":"6ae8a90038aa1708f5d7a0b57352901874abae0684917f9d9fd250d213002c6c","point_ordinal":1,"zone_group_id":"291701007727","source_manage_no":"291701007727","facility_name":"이화유치원","sgg_code":"12300","facility_type_code":"1","api_first_registered_on":null,"api_last_modified_on":null,"updated_at":"2026-07-25T01:27:52.347112+00:00"},"geometry":{"type":"Point","coordinates":[126.874409646,35.174618432]}},{"type":"Feature","id":"938e83a8e22fc993117dc5e957314192196228b1f082597345b0efb486d877eb-1","properties":{"facility_id":"938e83a8e22fc993117dc5e957314192196228b1f082597345b0efb486d877eb","point_ordinal":1,"zone_group_id":"291701026419","source_manage_no":"291701026419","facility_name":"이화정원유치원","sgg_code":"12300","facility_type_code":"1","api_first_registered_on":null,"api_last_modified_on":null,"updated_at":"2026-07-25T01:27:52.347112+00:00"},"geometry":{"type":"Point","coordinates":[126.893093707,35.208430715]}},{"type":"Feature","id":"2559bd17470acac97bde47683cb289cd162d1ade012bd74217b33c8e0fb33223-1","properties":{"facility_id":"2559bd17470acac97bde47683cb289cd162d1ade012bd74217b33c8e0fb33223","point_ordinal":1,"zone_group_id":"291701021156","source_manage_no":"291701021156","facility_name":"인양유치원","sgg_code":"12300","facility_type_code":"1","api_first_registered_on":null,"api_last_modified_on":null,"updated_at":"2026-07-25T01:27:52.347112+00:00"},"geometry":{"type":"Point","coordinates":[126.878043976,35.21222798]}},{"type":"Feature","id":"93947e454a6b355ab1ed2f6d94b7c17df3dba9e282e4d6afb4cc1f553851fd6a-1","properties":{"facility_id":"93947e454a6b355ab1ed2f6d94b7c17df3dba9e282e4d6afb4cc1f553851fd6a","point_ordinal":1,"zone_group_id":"291701007793","source_manage_no":"291701007793","facility_name":"일곡소명어린이집","sgg_code":"12300","facility_type_code":"1","api_first_registered_on":null,"api_last_modified_on":null,"updated_at":"2026-07-25T01:27:52.347112+00:00"},"geometry":{"type":"Point","coordinates":[126.892415894,35.209091851]}},{"type":"Feature","id":"226b4fc17b2f777879faa924a904ee36f4b13d370eb38c8d5d722eaacf6f3b9b-1","properties":{"facility_id":"226b4fc17b2f777879faa924a904ee36f4b13d370eb38c8d5d722eaacf6f3b9b","point_ordinal":1,"zone_group_id":"291701007790","source_manage_no":"291701028778","facility_name":"일곡초등학교병설유치원","sgg_code":"12300","facility_type_code":"1","api_first_registered_on":null,"api_last_modified_on":"2025-03-25","updated_at":"2026-07-25T01:27:52.347112+00:00"},"geometry":{"type":"Point","coordinates":[126.898066687,35.206976911]}},{"type":"Feature","id":"147e502194b753ff2470e6779e1ca11e8ebf507b27d8db0c224c734a2e8a15f1-1","properties":{"facility_id":"147e502194b753ff2470e6779e1ca11e8ebf507b27d8db0c224c734a2e8a15f1","point_ordinal":1,"zone_group_id":"291701007798","source_manage_no":"291701007798","facility_name":"일동초등학교","sgg_code":"12300","facility_type_code":"1","api_first_registered_on":"2000-03-27","api_last_modified_on":null,"updated_at":"2026-07-25T01:27:52.347112+00:00"},"geometry":{"type":"Point","coordinates":[126.893173096,35.206255305]}},{"type":"Feature","id":"2c87337970b7e96bfa15e5880c1930083062bd1cf2703c1f74e32f2dc35cb546-1","properties":{"facility_id":"2c87337970b7e96bfa15e5880c1930083062bd1cf2703c1f74e32f2dc35cb546","point_ordinal":1,"zone_group_id":"291701007798","source_manage_no":"291701028783","facility_name":"일동초등학교병설유치원","sgg_code":"12300","facility_type_code":"1","api_first_registered_on":null,"api_last_modified_on":"2025-03-25","updated_at":"2026-07-25T01:27:52.347112+00:00"},"geometry":{"type":"Point","coordinates":[126.893433202,35.206259726]}},{"type":"Feature","id":"ca6c06f1638941218ab898d08d3e72007eeffbb64bdb202ad68e7dcabea03000-1","properties":{"facility_id":"ca6c06f1638941218ab898d08d3e72007eeffbb64bdb202ad68e7dcabea03000","point_ordinal":1,"zone_group_id":"291701007796","source_manage_no":"291701007796","facility_name":"일신초등학교","sgg_code":"12300","facility_type_code":"1","api_first_registered_on":"2000-07-24","api_last_modified_on":null,"updated_at":"2026-07-25T01:27:52.347112+00:00"},"geometry":{"type":"Point","coordinates":[126.895541817,35.211280584]}},{"type":"Feature","id":"ffa862f1e70f462a9d53aa2d10649bc93d0a31c734a8d0f110766e94ab650d33-1","properties":{"facility_id":"ffa862f1e70f462a9d53aa2d10649bc93d0a31c734a8d0f110766e94ab650d33","point_ordinal":1,"zone_group_id":"291701007796","source_manage_no":"291701028785","facility_name":"일신초등학교병설유치원","sgg_code":"12300","facility_type_code":"1","api_first_registered_on":null,"api_last_modified_on":"2025-03-25","updated_at":"2026-07-25T01:27:52.347112+00:00"},"geometry":{"type":"Point","coordinates":[126.894901075,35.211268019]}},{"type":"Feature","id":"9c1c61913182bb849053d795a134234ff5aa07463058dac9ce2b42011a0df512-1","properties":{"facility_id":"9c1c61913182bb849053d795a134234ff5aa07463058dac9ce2b42011a0df512","point_ordinal":1,"zone_group_id":"291701007741","source_manage_no":"291701007741","facility_name":"전원어린이집","sgg_code":"12300","facility_type_code":"1","api_first_registered_on":null,"api_last_modified_on":null,"updated_at":"2026-07-25T01:27:52.347112+00:00"},"geometry":{"type":"Point","coordinates":[126.917948393,35.244509613]}},{"type":"Feature","id":"312720c3dd99e864403e864df713b26e19f6ab36f38807aeb97bb1411e244a40-1","properties":{"facility_id":"312720c3dd99e864403e864df713b26e19f6ab36f38807aeb97bb1411e244a40","point_ordinal":1,"zone_group_id":"291701007762","source_manage_no":"291701007637","facility_name":"정덕유치원","sgg_code":"12300","facility_type_code":"1","api_first_registered_on":null,"api_last_modified_on":null,"updated_at":"2026-07-25T01:27:52.347112+00:00"},"geometry":{"type":"Point","coordinates":[126.91695347,35.185380594]}},{"type":"Feature","id":"bb31c4ca5965a84d6386f14bc14473c43f74e32a8742497b26598fc82d35ce39-1","properties":{"facility_id":"bb31c4ca5965a84d6386f14bc14473c43f74e32a8742497b26598fc82d35ce39","point_ordinal":1,"zone_group_id":"291701007805","source_manage_no":"291701007805","facility_name":"중흥초등학교","sgg_code":"12300","facility_type_code":"1","api_first_registered_on":"1995-09-01","api_last_modified_on":null,"updated_at":"2026-07-25T01:27:52.347112+00:00"},"geometry":{"type":"Point","coordinates":[126.913025209,35.160454122]}},{"type":"Feature","id":"4a901719e7012f9d39963e4ac0c7153220418b1e84c43d5538b639bba3f664c2-1","properties":{"facility_id":"4a901719e7012f9d39963e4ac0c7153220418b1e84c43d5538b639bba3f664c2","point_ordinal":1,"zone_group_id":"291703007631","source_manage_no":"291703007631","facility_name":"즐거운집","sgg_code":"12300","facility_type_code":"3","api_first_registered_on":null,"api_last_modified_on":null,"updated_at":"2026-07-25T01:27:52.347112+00:00"},"geometry":{"type":"Point","coordinates":[126.938189922,35.178177177]}},{"type":"Feature","id":"93bd722478e4ed22f93efe8382e5bdbfc2ebd148039571c3af57bccb6dbe0f7f-1","properties":{"facility_id":"93bd722478e4ed22f93efe8382e5bdbfc2ebd148039571c3af57bccb6dbe0f7f","point_ordinal":1,"zone_group_id":"291701007724","source_manage_no":"291701007724","facility_name":"지산초등학교","sgg_code":"12300","facility_type_code":"1","api_first_registered_on":"1996-08-26","api_last_modified_on":null,"updated_at":"2026-07-25T01:27:52.347112+00:00"},"geometry":{"type":"Point","coordinates":[126.885845321,35.231175059]}},{"type":"Feature","id":"d0b9930dae07039abe65fd267cf17d609d5e9011004e832e8495cfeec334d5e6-1","properties":{"facility_id":"d0b9930dae07039abe65fd267cf17d609d5e9011004e832e8495cfeec334d5e6","point_ordinal":1,"zone_group_id":"291701030070","source_manage_no":"291701030070","facility_name":"참미르초등학교","sgg_code":"12300","facility_type_code":"1","api_first_registered_on":"2026-06-11","api_last_modified_on":"2026-06-11","updated_at":"2026-07-25T01:27:52.347112+00:00"},"geometry":{"type":"Point","coordinates":[126.870215731,35.218938793]}},{"type":"Feature","id":"a0d6990d828fb065c51b3d0ff786500e08fddaff4f2bb4c0191a9373c39ed4bf-1","properties":{"facility_id":"a0d6990d828fb065c51b3d0ff786500e08fddaff4f2bb4c0191a9373c39ed4bf","point_ordinal":1,"zone_group_id":"291702007728","source_manage_no":"291702007728","facility_name":"참빛노인대학","sgg_code":"12300","facility_type_code":"2","api_first_registered_on":"2011-01-01","api_last_modified_on":null,"updated_at":"2026-07-25T01:27:52.347112+00:00"},"geometry":{"type":"Point","coordinates":[126.870790728,35.182507588]}},{"type":"Feature","id":"db762c2c0f2abce108558ef02f0c629371779199af2e63b908cee09d8d3381ce-1","properties":{"facility_id":"db762c2c0f2abce108558ef02f0c629371779199af2e63b908cee09d8d3381ce","point_ordinal":1,"zone_group_id":"291702021952","source_manage_no":"291702021952","facility_name":"천수 경로당","sgg_code":"12300","facility_type_code":"2","api_first_registered_on":null,"api_last_modified_on":null,"updated_at":"2026-07-25T01:27:52.347112+00:00"},"geometry":{"type":"Point","coordinates":[126.915318376,35.164479494]}},{"type":"Feature","id":"ece6484450273926084d61b39e7f4611df3d1941b1351cfd8a615d05723ef427-1","properties":{"facility_id":"ece6484450273926084d61b39e7f4611df3d1941b1351cfd8a615d05723ef427","point_ordinal":1,"zone_group_id":"291701007730","source_manage_no":"291701007730","facility_name":"청담유치원","sgg_code":"12300","facility_type_code":"1","api_first_registered_on":null,"api_last_modified_on":null,"updated_at":"2026-07-25T01:27:52.347112+00:00"},"geometry":{"type":"Point","coordinates":[126.867031911,35.208339639]}},{"type":"Feature","id":"82a296f3d0e734267a91709bc6176110c82c0ecbf8a0ab5329a1f21afd863a4e-1","properties":{"facility_id":"82a296f3d0e734267a91709bc6176110c82c0ecbf8a0ab5329a1f21afd863a4e","point_ordinal":1,"zone_group_id":"291701007644","source_manage_no":"291701007644","facility_name":"청운어린이집","sgg_code":"12300","facility_type_code":"1","api_first_registered_on":null,"api_last_modified_on":null,"updated_at":"2026-07-25T01:27:52.347112+00:00"},"geometry":{"type":"Point","coordinates":[126.932173276,35.177932712]}},{"type":"Feature","id":"92d41d079b02788e99c3deb4af7ac211150663253496b628d78ffc9c1567b3f2-1","properties":{"facility_id":"92d41d079b02788e99c3deb4af7ac211150663253496b628d78ffc9c1567b3f2","point_ordinal":1,"zone_group_id":"291701007657","source_manage_no":"291701007657","facility_name":"코리아유치원","sgg_code":"12300","facility_type_code":"1","api_first_registered_on":null,"api_last_modified_on":null,"updated_at":"2026-07-25T01:27:52.347112+00:00"},"geometry":{"type":"Point","coordinates":[126.892175792,35.190360522]}},{"type":"Feature","id":"f574721ce4f0cfa77cd027752c43b567acc24f44b4d3227bb21c4156105f8d5b-1","properties":{"facility_id":"f574721ce4f0cfa77cd027752c43b567acc24f44b4d3227bb21c4156105f8d5b","point_ordinal":1,"zone_group_id":"291701026423","source_manage_no":"291701026423","facility_name":"큰솔어린이집","sgg_code":"12300","facility_type_code":"1","api_first_registered_on":null,"api_last_modified_on":null,"updated_at":"2026-07-25T01:27:52.347112+00:00"},"geometry":{"type":"Point","coordinates":[126.869575871,35.18227968]}},{"type":"Feature","id":"fceccdc995c8b603a3dd3ea4d1d07367739f75e9aab7d791b8e4f332aeaf0311-1","properties":{"facility_id":"fceccdc995c8b603a3dd3ea4d1d07367739f75e9aab7d791b8e4f332aeaf0311","point_ordinal":1,"zone_group_id":"291701007707","source_manage_no":"291701007707","facility_name":"키즈금강유치원","sgg_code":"12300","facility_type_code":"1","api_first_registered_on":null,"api_last_modified_on":null,"updated_at":"2026-07-25T01:27:52.347112+00:00"},"geometry":{"type":"Point","coordinates":[126.904879095,35.199442472]}},{"type":"Feature","id":"dc72750674fab8143bd004e3965a44aad79782930f274e696a5609f4ed2ffd32-1","properties":{"facility_id":"dc72750674fab8143bd004e3965a44aad79782930f274e696a5609f4ed2ffd32","point_ordinal":1,"zone_group_id":"291701007755","source_manage_no":"291701007755","facility_name":"키즈캐슬유치원","sgg_code":"12300","facility_type_code":"1","api_first_registered_on":null,"api_last_modified_on":null,"updated_at":"2026-07-25T01:27:52.347112+00:00"},"geometry":{"type":"Point","coordinates":[126.867667628,35.208532317]}},{"type":"Feature","id":"3f9103052f79561d9c8e517b2d6210128e2a031621d73e85c782f088ce373b58-1","properties":{"facility_id":"3f9103052f79561d9c8e517b2d6210128e2a031621d73e85c782f088ce373b58","point_ordinal":1,"zone_group_id":"291702021947","source_manage_no":"291702021947","facility_name":"태봉 생활 체육관","sgg_code":"12300","facility_type_code":"2","api_first_registered_on":null,"api_last_modified_on":null,"updated_at":"2026-07-25T01:27:52.347112+00:00"},"geometry":{"type":"Point","coordinates":[126.899091762,35.169174926]}},{"type":"Feature","id":"59cea5229f27eeb702c087303023dc6377c39002f955ae5bde37a5c0f647ba50-1","properties":{"facility_id":"59cea5229f27eeb702c087303023dc6377c39002f955ae5bde37a5c0f647ba50","point_ordinal":1,"zone_group_id":"291701007814","source_manage_no":"291701007814","facility_name":"태봉초등학교","sgg_code":"12300","facility_type_code":"1","api_first_registered_on":"1996-08-26","api_last_modified_on":null,"updated_at":"2026-07-25T01:27:52.347112+00:00"},"geometry":{"type":"Point","coordinates":[126.892804066,35.175852133]}},{"type":"Feature","id":"82437bbca9901a6ab9f62b7c8cdac82cc7489ee9b5ad425883dd0e194aa9137d-1","properties":{"facility_id":"82437bbca9901a6ab9f62b7c8cdac82cc7489ee9b5ad425883dd0e194aa9137d","point_ordinal":1,"zone_group_id":"291701007814","source_manage_no":"291701028794","facility_name":"태봉초등학교병설유치원","sgg_code":"12300","facility_type_code":"1","api_first_registered_on":null,"api_last_modified_on":"2025-07-11","updated_at":"2026-07-25T01:27:52.347112+00:00"},"geometry":{"type":"Point","coordinates":[126.892553359,35.175962172]}},{"type":"Feature","id":"5345087cd6233a58c08e30f8b43ed7f3915a92f74d58f2986b8ed05163410415-1","properties":{"facility_id":"5345087cd6233a58c08e30f8b43ed7f3915a92f74d58f2986b8ed05163410415","point_ordinal":1,"zone_group_id":"291702028630","source_manage_no":"291702028630","facility_name":"패밀리전문요양원","sgg_code":"12300","facility_type_code":"2","api_first_registered_on":"2024-12-30","api_last_modified_on":"2025-03-21","updated_at":"2026-08-21T01:47:52.345433+00:00"},"geometry":{"type":"Point","coordinates":[126.901377917,35.229557356]}},{"type":"Feature","id":"ff73b41fc853308b40e465c53f2fc6805899d93f14986224d38e354047c6c748-1","properties":{"facility_id":"ff73b41fc853308b40e465c53f2fc6805899d93f14986224d38e354047c6c748","point_ordinal":1,"zone_group_id":"291701007803","source_manage_no":"291701007803","facility_name":"평화어린이집","sgg_code":"12300","facility_type_code":"1","api_first_registered_on":null,"api_last_modified_on":null,"updated_at":"2026-07-25T01:27:52.347112+00:00"},"geometry":{"type":"Point","coordinates":[126.893071924,35.188843017]}},{"type":"Feature","id":"4dc9e9a9f2a7f62f64b89b70d62e26610cbbcd2e824ebfe710e0c2a31b6510da-1","properties":{"facility_id":"4dc9e9a9f2a7f62f64b89b70d62e26610cbbcd2e824ebfe710e0c2a31b6510da","point_ordinal":1,"zone_group_id":"291701007710","source_manage_no":"291701007710","facility_name":"푸른숲유치원","sgg_code":"12300","facility_type_code":"1","api_first_registered_on":null,"api_last_modified_on":null,"updated_at":"2026-07-25T01:27:52.347112+00:00"},"geometry":{"type":"Point","coordinates":[126.893390317,35.208068803]}},{"type":"Feature","id":"04928f12e29f4fad23d3a6b5838b81c7877efe296a3c8337fdb7dc1e258c21b9-1","properties":{"facility_id":"04928f12e29f4fad23d3a6b5838b81c7877efe296a3c8337fdb7dc1e258c21b9","point_ordinal":1,"zone_group_id":"291701007652","source_manage_no":"291701007652","facility_name":"풍향초등학교","sgg_code":"12300","facility_type_code":"1","api_first_registered_on":"1995-09-01","api_last_modified_on":null,"updated_at":"2026-07-25T01:27:52.347112+00:00"},"geometry":{"type":"Point","coordinates":[126.928916987,35.167728157]}},{"type":"Feature","id":"c3a4757e023729010299a23d0939a82ec7e068cd30b179a1a1ba39ea5a797da6-1","properties":{"facility_id":"c3a4757e023729010299a23d0939a82ec7e068cd30b179a1a1ba39ea5a797da6","point_ordinal":1,"zone_group_id":"291701007825","source_manage_no":"291701007825","facility_name":"하나둘셋어린이집","sgg_code":"12300","facility_type_code":"1","api_first_registered_on":null,"api_last_modified_on":null,"updated_at":"2026-07-25T01:27:52.347112+00:00"},"geometry":{"type":"Point","coordinates":[126.872154699,35.207933498]}},{"type":"Feature","id":"e0516caa1e4919be1d92236a010005b4da2e4922d8eff70974d8575494913c1b-1","properties":{"facility_id":"e0516caa1e4919be1d92236a010005b4da2e4922d8eff70974d8575494913c1b","point_ordinal":1,"zone_group_id":"291701007778","source_manage_no":"291701007778","facility_name":"하나유치원","sgg_code":"12300","facility_type_code":"1","api_first_registered_on":null,"api_last_modified_on":null,"updated_at":"2026-07-25T01:27:52.347112+00:00"},"geometry":{"type":"Point","coordinates":[126.887913441,35.180999324]}},{"type":"Feature","id":"4b3cff5c4ca421bf72002b1c13fa535c45ca12a4ffb00b92f5f0fd9526eac1d4-1","properties":{"facility_id":"4b3cff5c4ca421bf72002b1c13fa535c45ca12a4ffb00b92f5f0fd9526eac1d4","point_ordinal":1,"zone_group_id":"291701007656","source_manage_no":"291701007656","facility_name":"하백초등학교","sgg_code":"12300","facility_type_code":"1","api_first_registered_on":"2008-03-18","api_last_modified_on":null,"updated_at":"2026-07-25T01:27:52.347112+00:00"},"geometry":{"type":"Point","coordinates":[126.889566101,35.18806435]}},{"type":"Feature","id":"d82121d4439f888f5153ef9464b1475c832c05e88cee45a2d62c055fa245ea5b-1","properties":{"facility_id":"d82121d4439f888f5153ef9464b1475c832c05e88cee45a2d62c055fa245ea5b","point_ordinal":1,"zone_group_id":"291701007734","source_manage_no":"291701007734","facility_name":"하야예술어린이집","sgg_code":"12300","facility_type_code":"1","api_first_registered_on":null,"api_last_modified_on":null,"updated_at":"2026-07-25T01:27:52.347112+00:00"},"geometry":{"type":"Point","coordinates":[126.90147332,35.194998348]}},{"type":"Feature","id":"d8cbf46d82a61a2e465530ae5ec0e1e817bf797d33ea7294de4e139e17c59098-1","properties":{"facility_id":"d8cbf46d82a61a2e465530ae5ec0e1e817bf797d33ea7294de4e139e17c59098","point_ordinal":1,"zone_group_id":"291701007701","source_manage_no":"291701007701","facility_name":"한빛유치원","sgg_code":"12300","facility_type_code":"1","api_first_registered_on":null,"api_last_modified_on":null,"updated_at":"2026-07-25T01:27:52.347112+00:00"},"geometry":{"type":"Point","coordinates":[126.872767057,35.198306563]}},{"type":"Feature","id":"9a795ddd5080453e78e25c17319541bb8b78797708ee4f31d92235a93a803dca-1","properties":{"facility_id":"9a795ddd5080453e78e25c17319541bb8b78797708ee4f31d92235a93a803dca","point_ordinal":1,"zone_group_id":"291701007754","source_manage_no":"291701007754","facility_name":"한솔어린이집","sgg_code":"12300","facility_type_code":"1","api_first_registered_on":null,"api_last_modified_on":null,"updated_at":"2026-07-25T01:27:52.347112+00:00"},"geometry":{"type":"Point","coordinates":[126.87943483,35.214210758]}},{"type":"Feature","id":"80ae20a0fb8dcfa7bd6af75b0e8b257028cd5090ff18ec7475ef60f00c266a96-1","properties":{"facility_id":"80ae20a0fb8dcfa7bd6af75b0e8b257028cd5090ff18ec7475ef60f00c266a96","point_ordinal":1,"zone_group_id":"291701007641","source_manage_no":"291701007641","facility_name":"한울초등학교","sgg_code":"12300","facility_type_code":"1","api_first_registered_on":"2008-03-18","api_last_modified_on":null,"updated_at":"2026-07-25T01:27:52.347112+00:00"},"geometry":{"type":"Point","coordinates":[126.865765855,35.176169488]}},{"type":"Feature","id":"c15f0140f197c3589f5660ef5292439f88c9d6d0a87f616234fb29113d604279-1","properties":{"facility_id":"c15f0140f197c3589f5660ef5292439f88c9d6d0a87f616234fb29113d604279","point_ordinal":1,"zone_group_id":"291701007641","source_manage_no":"291701028793","facility_name":"한울초등학교병설유치원","sgg_code":"12300","facility_type_code":"1","api_first_registered_on":null,"api_last_modified_on":"2025-03-25","updated_at":"2026-07-25T01:27:52.347112+00:00"},"geometry":{"type":"Point","coordinates":[126.866098484,35.176548739]}},{"type":"Feature","id":"00dd78c25ffc6ddf0ddaf328b2e60f655e9c49932c191f5f2d839e2730a7cbc3-1","properties":{"facility_id":"00dd78c25ffc6ddf0ddaf328b2e60f655e9c49932c191f5f2d839e2730a7cbc3","point_ordinal":1,"zone_group_id":"291701007681","source_manage_no":"291701007681","facility_name":"해성유치원","sgg_code":"12300","facility_type_code":"1","api_first_registered_on":null,"api_last_modified_on":null,"updated_at":"2026-07-25T01:27:52.347112+00:00"},"geometry":{"type":"Point","coordinates":[126.928248612,35.173793468]}},{"type":"Feature","id":"cdeb16fb46e2162cfe6513b183b20a2095bcd90e7a4249d0309afb9e27d3d563-1","properties":{"facility_id":"cdeb16fb46e2162cfe6513b183b20a2095bcd90e7a4249d0309afb9e27d3d563","point_ordinal":1,"zone_group_id":"291701021157","source_manage_no":"291701021157","facility_name":"해솔유치원","sgg_code":"12300","facility_type_code":"1","api_first_registered_on":null,"api_last_modified_on":null,"updated_at":"2026-07-25T01:27:52.347112+00:00"},"geometry":{"type":"Point","coordinates":[126.930897042,35.165569076]}},{"type":"Feature","id":"9b1705977bbc640b0cab4aff8196167b9341a256e23eef3d1851a94bae8b9b12-1","properties":{"facility_id":"9b1705977bbc640b0cab4aff8196167b9341a256e23eef3d1851a94bae8b9b12","point_ordinal":1,"zone_group_id":"291701007721","source_manage_no":"291701007721","facility_name":"현대유치원","sgg_code":"12300","facility_type_code":"1","api_first_registered_on":null,"api_last_modified_on":null,"updated_at":"2026-07-25T01:27:52.347112+00:00"},"geometry":{"type":"Point","coordinates":[126.901806647,35.160900915]}},{"type":"Feature","id":"942db1a848d9d4e1f4f4344085658ecdb9b784b28abf1de3c3ae7f3e1ae78205-1","properties":{"facility_id":"942db1a848d9d4e1f4f4344085658ecdb9b784b28abf1de3c3ae7f3e1ae78205","point_ordinal":1,"zone_group_id":"291702007820","source_manage_no":"291702007820","facility_name":"효령노인복지타운","sgg_code":"12300","facility_type_code":"2","api_first_registered_on":"2010-01-01","api_last_modified_on":null,"updated_at":"2026-07-25T01:27:52.347112+00:00"},"geometry":{"type":"Point","coordinates":[126.912586509,35.241201548]}},{"type":"Feature","id":"e1bb3efddd5e7a7f3e18ab8794d4960cf7db803da1b767be4102700006858066-1","properties":{"facility_id":"e1bb3efddd5e7a7f3e18ab8794d4960cf7db803da1b767be4102700006858066","point_ordinal":1,"zone_group_id":"291701007776","source_manage_no":"291701007776","facility_name":"희망어린이집","sgg_code":"12300","facility_type_code":"1","api_first_registered_on":null,"api_last_modified_on":null,"updated_at":"2026-07-25T01:27:52.347112+00:00"},"geometry":{"type":"Point","coordinates":[126.906838679,35.182238646]}},{"type":"Feature","id":"a9269891a8ebfd89d32af444dba6e39b72f507106081f69fed4f7ec340908bfc-1","properties":{"facility_id":"a9269891a8ebfd89d32af444dba6e39b72f507106081f69fed4f7ec340908bfc","point_ordinal":1,"zone_group_id":"292001007475","source_manage_no":"292001007475","facility_name":"고실초등학교","sgg_code":"12330","facility_type_code":"1","api_first_registered_on":"2009-01-01","api_last_modified_on":null,"updated_at":"2026-07-25T01:27:52.347112+00:00"},"geometry":{"type":"Point","coordinates":[126.816648739,35.197804505]}},{"type":"Feature","id":"c05187e87c90517d4dd17a28c86878f4e249132b85fe3b5732ce85689c50801a-1","properties":{"facility_id":"c05187e87c90517d4dd17a28c86878f4e249132b85fe3b5732ce85689c50801a","point_ordinal":1,"zone_group_id":"292001007475","source_manage_no":"292001028840","facility_name":"고실초등학교병설유치원","sgg_code":"12330","facility_type_code":"1","api_first_registered_on":null,"api_last_modified_on":"2025-03-25","updated_at":"2026-07-25T01:27:52.347112+00:00"},"geometry":{"type":"Point","coordinates":[126.816511074,35.198455911]}},{"type":"Feature","id":"f057b5c3e7af649bf0b05d5cb99a5e59811131bd8634be2b3f75e509418c95d0-1","properties":{"facility_id":"f057b5c3e7af649bf0b05d5cb99a5e59811131bd8634be2b3f75e509418c95d0","point_ordinal":1,"zone_group_id":"292003028622","source_manage_no":"292003028622","facility_name":"광산구장애인보호작업장","sgg_code":"12330","facility_type_code":"3","api_first_registered_on":"2023-12-31","api_last_modified_on":"2025-03-20","updated_at":"2026-08-21T01:47:52.345433+00:00"},"geometry":{"type":"Point","coordinates":[126.794215749,35.184856967]}},{"type":"Feature","id":"30d39de870021ca270b39513c346eb9de620d2d4bae81e166b26881ba1337c0d-1","properties":{"facility_id":"30d39de870021ca270b39513c346eb9de620d2d4bae81e166b26881ba1337c0d","point_ordinal":1,"zone_group_id":"292001007292","source_manage_no":"292001007292","facility_name":"광산어린이집","sgg_code":"12330","facility_type_code":"1","api_first_registered_on":"2006-01-01","api_last_modified_on":null,"updated_at":"2026-07-25T01:27:52.347112+00:00"},"geometry":{"type":"Point","coordinates":[126.797746132,35.131097041]}},{"type":"Feature","id":"2d8c6da4abe1ecfde01174fceaec9e5be2c8e3cd20a2e71fcec0de82c24be49b-1","properties":{"facility_id":"2d8c6da4abe1ecfde01174fceaec9e5be2c8e3cd20a2e71fcec0de82c24be49b","point_ordinal":1,"zone_group_id":"292002007277","source_manage_no":"292002007277","facility_name":"광주보훈요양원","sgg_code":"12330","facility_type_code":"2","api_first_registered_on":null,"api_last_modified_on":null,"updated_at":"2026-07-25T01:27:52.347112+00:00"},"geometry":{"type":"Point","coordinates":[126.850477048,35.20675515]}},{"type":"Feature","id":"92ca03bf4a549d026237e0387652f61d982a565969209d37c576aff96e9e00c7-1","properties":{"facility_id":"92ca03bf4a549d026237e0387652f61d982a565969209d37c576aff96e9e00c7","point_ordinal":1,"zone_group_id":"292001007318","source_manage_no":"292001007318","facility_name":"광주선광학교","sgg_code":"12330","facility_type_code":"1","api_first_registered_on":"2006-01-01","api_last_modified_on":null,"updated_at":"2026-07-25T01:27:52.347112+00:00"},"geometry":{"type":"Point","coordinates":[126.835703518,35.183465379]}},{"type":"Feature","id":"dccd2fdd73a88a83e011f4835024495361d9ec78d5e2abd7ef22a4946b06a9b3-1","properties":{"facility_id":"dccd2fdd73a88a83e011f4835024495361d9ec78d5e2abd7ef22a4946b06a9b3","point_ordinal":1,"zone_group_id":"123303030315","source_manage_no":"123303030315","facility_name":"광주카리타스근로시설","sgg_code":"12330","facility_type_code":"3","api_first_registered_on":null,"api_last_modified_on":"2026-09-02","updated_at":"2026-09-03T04:06:02.022502+00:00"},"geometry":{"type":"Point","coordinates":[126.763985813,35.14149043]}},{"type":"Feature","id":"43b42a515a956980c91a642cde68d93928ff31a0c518180a219cfd39eaa74756-1","properties":{"facility_id":"43b42a515a956980c91a642cde68d93928ff31a0c518180a219cfd39eaa74756","point_ordinal":1,"zone_group_id":"292001021177","source_manage_no":"292001021177","facility_name":"그랜드유치원","sgg_code":"12330","facility_type_code":"1","api_first_registered_on":null,"api_last_modified_on":null,"updated_at":"2026-07-25T01:27:52.347112+00:00"},"geometry":{"type":"Point","coordinates":[126.820687852,35.20312808]}},{"type":"Feature","id":"67e32a9bcc92b532ba90aac4edcb5b47a3cd9acdce74d58637f454828605b27e-1","properties":{"facility_id":"67e32a9bcc92b532ba90aac4edcb5b47a3cd9acdce74d58637f454828605b27e","point_ordinal":1,"zone_group_id":"292001026388","source_manage_no":"292001026388","facility_name":"그린별어린이집","sgg_code":"12330","facility_type_code":"1","api_first_registered_on":null,"api_last_modified_on":null,"updated_at":"2026-07-25T01:27:52.347112+00:00"},"geometry":{"type":"Point","coordinates":[126.818371795,35.172531552]}},{"type":"Feature","id":"1b7627ae7893ea86ee074e2ca55b098101085b9afb603f623b34328a241d9469-1","properties":{"facility_id":"1b7627ae7893ea86ee074e2ca55b098101085b9afb603f623b34328a241d9469","point_ordinal":1,"zone_group_id":"292001007300","source_manage_no":"292001007300","facility_name":"금강해피랜드유치원","sgg_code":"12330","facility_type_code":"1","api_first_registered_on":"2010-01-01","api_last_modified_on":null,"updated_at":"2026-07-25T01:27:52.347112+00:00"},"geometry":{"type":"Point","coordinates":[126.818278272,35.171051381]}},{"type":"Feature","id":"3ab84af2657ae94465952f421e24978e2f7f2f18789340a709a5031bd13d6049-1","properties":{"facility_id":"3ab84af2657ae94465952f421e24978e2f7f2f18789340a709a5031bd13d6049","point_ordinal":1,"zone_group_id":"292001026425","source_manage_no":"292001026425","facility_name":"금구초등학교","sgg_code":"12330","facility_type_code":"1","api_first_registered_on":null,"api_last_modified_on":null,"updated_at":"2026-07-25T01:27:52.347112+00:00"},"geometry":{"type":"Point","coordinates":[126.814087662,35.176758231]}},{"type":"Feature","id":"57c7f946571435788b86d6eb347dfbe5d94073a6cddb62dd1f49d6e8a77a3b9b-1","properties":{"facility_id":"57c7f946571435788b86d6eb347dfbe5d94073a6cddb62dd1f49d6e8a77a3b9b","point_ordinal":1,"zone_group_id":"292001026425","source_manage_no":"292001028827","facility_name":"금구초등학교병설유치원","sgg_code":"12330","facility_type_code":"1","api_first_registered_on":null,"api_last_modified_on":"2025-03-25","updated_at":"2026-07-25T01:27:52.347112+00:00"},"geometry":{"type":"Point","coordinates":[126.814520913,35.176658141]}},{"type":"Feature","id":"50852fe599d0cf79a7a20ca7659e3984dccdb216bc75a06f3ef67696862f0619-1","properties":{"facility_id":"50852fe599d0cf79a7a20ca7659e3984dccdb216bc75a06f3ef67696862f0619","point_ordinal":1,"zone_group_id":"292001007371","source_manage_no":"292001007370","facility_name":"기쁨예능어린이집","sgg_code":"12330","facility_type_code":"1","api_first_registered_on":"2008-01-01","api_last_modified_on":null,"updated_at":"2026-07-25T01:27:52.347112+00:00"},"geometry":{"type":"Point","coordinates":[126.796606944,35.133380756]}},{"type":"Feature","id":"a8f9a3a6f23f29bb7e8f42af707215b548267430a2156e03b3e6099c2be6ab37-1","properties":{"facility_id":"a8f9a3a6f23f29bb7e8f42af707215b548267430a2156e03b3e6099c2be6ab37","point_ordinal":1,"zone_group_id":"292001007371","source_manage_no":"292001007371","facility_name":"기쁨유치원","sgg_code":"12330","facility_type_code":"1","api_first_registered_on":"2010-01-01","api_last_modified_on":null,"updated_at":"2026-07-25T01:27:52.347112+00:00"},"geometry":{"type":"Point","coordinates":[126.796595969,35.133380692]}},{"type":"Feature","id":"81d70d8046eaa9ac8833decb45f087d99e801e3ec1197592e9903465361c2316-1","properties":{"facility_id":"81d70d8046eaa9ac8833decb45f087d99e801e3ec1197592e9903465361c2316","point_ordinal":1,"zone_group_id":"292001007474","source_manage_no":"292001007474","facility_name":"꽃마리유치원","sgg_code":"12330","facility_type_code":"1","api_first_registered_on":"2010-01-01","api_last_modified_on":null,"updated_at":"2026-07-25T01:27:52.347112+00:00"},"geometry":{"type":"Point","coordinates":[126.812846561,35.18883819]}},{"type":"Feature","id":"e58ab52f3f5ff533c7e62c78cd2b68ce48cd9d3ba12cf9bb4f5e70fb5fa27f06-1","properties":{"facility_id":"e58ab52f3f5ff533c7e62c78cd2b68ce48cd9d3ba12cf9bb4f5e70fb5fa27f06","point_ordinal":1,"zone_group_id":"292001007315","source_manage_no":"292001007315","facility_name":"낙원어린이집","sgg_code":"12330","facility_type_code":"1","api_first_registered_on":"2008-01-01","api_last_modified_on":null,"updated_at":"2026-07-25T01:27:52.347112+00:00"},"geometry":{"type":"Point","coordinates":[126.836657188,35.179638395]}},{"type":"Feature","id":"4dfa809261c8651785481fedd4bb5edc6ba4141510a95ae7fe4a78c5cbb81437-1","properties":{"facility_id":"4dfa809261c8651785481fedd4bb5edc6ba4141510a95ae7fe4a78c5cbb81437","point_ordinal":1,"zone_group_id":"292001007335","source_manage_no":"292001007335","facility_name":"대반초등학교","sgg_code":"12330","facility_type_code":"1","api_first_registered_on":"2003-01-01","api_last_modified_on":null,"updated_at":"2026-07-25T01:27:52.347112+00:00"},"geometry":{"type":"Point","coordinates":[126.809898533,35.17514254]}},{"type":"Feature","id":"322c7b7f0e97f60739595eaa900e98c7b06f63737f391d7c11fd377a5c32a347-1","properties":{"facility_id":"322c7b7f0e97f60739595eaa900e98c7b06f63737f391d7c11fd377a5c32a347","point_ordinal":1,"zone_group_id":"292001007335","source_manage_no":"292001028831","facility_name":"대반초등학교병설유치원","sgg_code":"12330","facility_type_code":"1","api_first_registered_on":null,"api_last_modified_on":"2025-03-25","updated_at":"2026-07-25T01:27:52.347112+00:00"},"geometry":{"type":"Point","coordinates":[126.809138125,35.175847572]}},{"type":"Feature","id":"fee247a105b1e10b7a3e92fc3b153a677e4afa2229a3486404bd0ee2273f95d7-1","properties":{"facility_id":"fee247a105b1e10b7a3e92fc3b153a677e4afa2229a3486404bd0ee2273f95d7","point_ordinal":1,"zone_group_id":"292002007280","source_manage_no":"292002007280","facility_name":"더불어락노인복지관","sgg_code":"12330","facility_type_code":"2","api_first_registered_on":null,"api_last_modified_on":"2025-03-21","updated_at":"2026-07-25T01:27:52.347112+00:00"},"geometry":{"type":"Point","coordinates":[126.814692396,35.171761521]}},{"type":"Feature","id":"4d08e23bbeb754f7f4f14eefb0e64008515f3ec111c49d8f8f8e50e53447f3ca-1","properties":{"facility_id":"4d08e23bbeb754f7f4f14eefb0e64008515f3ec111c49d8f8f8e50e53447f3ca","point_ordinal":1,"zone_group_id":"292001007358","source_manage_no":"292001007358","facility_name":"더선우유치원","sgg_code":"12330","facility_type_code":"1","api_first_registered_on":"2015-01-01","api_last_modified_on":null,"updated_at":"2026-07-25T01:27:52.347112+00:00"},"geometry":{"type":"Point","coordinates":[126.771797437,35.148527023]}},{"type":"Feature","id":"14c8552a46b3d8dc22d378a607c0ddfce5b830c717a2a3da1132e6af938df567-1","properties":{"facility_id":"14c8552a46b3d8dc22d378a607c0ddfce5b830c717a2a3da1132e6af938df567","point_ordinal":1,"zone_group_id":"292001007361","source_manage_no":"292001007361","facility_name":"덴마크어린이집","sgg_code":"12330","facility_type_code":"1","api_first_registered_on":"2013-01-01","api_last_modified_on":null,"updated_at":"2026-07-25T01:27:52.347112+00:00"},"geometry":{"type":"Point","coordinates":[126.807203964,35.174243672]}},{"type":"Feature","id":"a807b8374f110984414dff34332e7195b1e456482fbf81a998b78d81f4c25b47-1","properties":{"facility_id":"a807b8374f110984414dff34332e7195b1e456482fbf81a998b78d81f4c25b47","point_ordinal":1,"zone_group_id":"292001026413","source_manage_no":"292001026413","facility_name":"도레미어린이집","sgg_code":"12330","facility_type_code":"1","api_first_registered_on":null,"api_last_modified_on":null,"updated_at":"2026-07-25T01:27:52.347112+00:00"},"geometry":{"type":"Point","coordinates":[126.803792876,35.151307247]}},{"type":"Feature","id":"9841fac3044848cda846c3fbad4fb139c79cbc4944cf0b94dc379ea3dd0c7bc2-1","properties":{"facility_id":"9841fac3044848cda846c3fbad4fb139c79cbc4944cf0b94dc379ea3dd0c7bc2","point_ordinal":1,"zone_group_id":"292001007377","source_manage_no":"292001007377","facility_name":"도산초등학교","sgg_code":"12330","facility_type_code":"1","api_first_registered_on":"2006-01-01","api_last_modified_on":null,"updated_at":"2026-07-25T01:27:52.347112+00:00"},"geometry":{"type":"Point","coordinates":[126.791835244,35.126698411]}},{"type":"Feature","id":"e3443d1db5e04e8a913b44a978623e13dc23dd7b0942652ae3f48c1d56b9ef3c-1","properties":{"facility_id":"e3443d1db5e04e8a913b44a978623e13dc23dd7b0942652ae3f48c1d56b9ef3c","point_ordinal":1,"zone_group_id":"292001007377","source_manage_no":"292001028838","facility_name":"도산초등학교병설유치원","sgg_code":"12330","facility_type_code":"1","api_first_registered_on":null,"api_last_modified_on":"2025-03-25","updated_at":"2026-07-25T01:27:52.347112+00:00"},"geometry":{"type":"Point","coordinates":[126.792157955,35.126294459]}},{"type":"Feature","id":"59a5f8b3ff7fb5b98acdcba22acb125830020122c63884744c51fb949e464845-1","properties":{"facility_id":"59a5f8b3ff7fb5b98acdcba22acb125830020122c63884744c51fb949e464845","point_ordinal":1,"zone_group_id":"292001007296","source_manage_no":"292001007296","facility_name":"동곡초등학교","sgg_code":"12330","facility_type_code":"1","api_first_registered_on":"1996-01-01","api_last_modified_on":null,"updated_at":"2026-07-25T01:27:52.347112+00:00"},"geometry":{"type":"Point","coordinates":[126.773619432,35.097889409]}},{"type":"Feature","id":"2fd81f28cf75d1136c7a5185ce38c5b19dbf3a04ec5882e3964b0230dc7e69e7-1","properties":{"facility_id":"2fd81f28cf75d1136c7a5185ce38c5b19dbf3a04ec5882e3964b0230dc7e69e7","point_ordinal":1,"zone_group_id":"292001007296","source_manage_no":"292001028817","facility_name":"동곡초등학교병설유치원","sgg_code":"12330","facility_type_code":"1","api_first_registered_on":null,"api_last_modified_on":"2025-03-25","updated_at":"2026-07-25T01:27:52.347112+00:00"},"geometry":{"type":"Point","coordinates":[126.77352432,35.098212868]}},{"type":"Feature","id":"b6fe2405d56eeaadb8bd6f5a99333f25a0ac87ae1cc0334b8586894ab70b681a-1","properties":{"facility_id":"b6fe2405d56eeaadb8bd6f5a99333f25a0ac87ae1cc0334b8586894ab70b681a","point_ordinal":1,"zone_group_id":"123302030317","source_manage_no":"123302030317","facility_name":"동산경로당","sgg_code":"12330","facility_type_code":"2","api_first_registered_on":null,"api_last_modified_on":"2026-09-02","updated_at":"2026-09-03T04:06:02.022502+00:00"},"geometry":{"type":"Point","coordinates":[126.721854806,35.114461055]}},{"type":"Feature","id":"c77cce3794256a02d24f7f510cb0fa51a50727e04974071d4f0c808303fe934a-1","properties":{"facility_id":"c77cce3794256a02d24f7f510cb0fa51a50727e04974071d4f0c808303fe934a","point_ordinal":1,"zone_group_id":"292001007329","source_manage_no":"292001007329","facility_name":"동심어린이집","sgg_code":"12330","facility_type_code":"1","api_first_registered_on":"2006-01-01","api_last_modified_on":null,"updated_at":"2026-07-25T01:27:52.347112+00:00"},"geometry":{"type":"Point","coordinates":[126.811248592,35.154312171]}},{"type":"Feature","id":"81287ac5bd6db2da50b2248be549571a765753ba52ab6437a862c6b4bbc5bd70-1","properties":{"facility_id":"81287ac5bd6db2da50b2248be549571a765753ba52ab6437a862c6b4bbc5bd70","point_ordinal":1,"zone_group_id":"292001007312","source_manage_no":"292001007312","facility_name":"든해솔유치원","sgg_code":"12330","facility_type_code":"1","api_first_registered_on":"2015-01-01","api_last_modified_on":null,"updated_at":"2026-07-25T01:27:52.347112+00:00"},"geometry":{"type":"Point","coordinates":[126.799049726,35.1723573]}},{"type":"Feature","id":"2783fd0f6297adf6d9d7d94d7384eeb274cae1ca54e5bb0cdd7af304296d8158-1","properties":{"facility_id":"2783fd0f6297adf6d9d7d94d7384eeb274cae1ca54e5bb0cdd7af304296d8158","point_ordinal":1,"zone_group_id":"292001007416","source_manage_no":"292001021178","facility_name":"리더스유치원","sgg_code":"12330","facility_type_code":"1","api_first_registered_on":null,"api_last_modified_on":null,"updated_at":"2026-07-25T01:27:52.347112+00:00"},"geometry":{"type":"Point","coordinates":[126.824654748,35.202912553]}},{"type":"Feature","id":"49b48e295cafd6fc94bd9b1542bcfe76b3f2561d4a277788585a33ba40e3f61d-1","properties":{"facility_id":"49b48e295cafd6fc94bd9b1542bcfe76b3f2561d4a277788585a33ba40e3f61d","point_ordinal":1,"zone_group_id":"292001007473","source_manage_no":"292001007473","facility_name":"리라어린이집","sgg_code":"12330","facility_type_code":"1","api_first_registered_on":"2012-01-01","api_last_modified_on":"2025-02-27","updated_at":"2026-07-25T01:27:52.347112+00:00"},"geometry":{"type":"Point","coordinates":[126.809923633,35.183790116]}},{"type":"Feature","id":"722ecd28ed6b296929b33c7f7e2b115dbdba1cdb2b35579e561efb594a81b7b9-1","properties":{"facility_id":"722ecd28ed6b296929b33c7f7e2b115dbdba1cdb2b35579e561efb594a81b7b9","point_ordinal":1,"zone_group_id":"292001007294","source_manage_no":"292001007294","facility_name":"리틀윌링스유치원","sgg_code":"12330","facility_type_code":"1","api_first_registered_on":"2014-01-01","api_last_modified_on":null,"updated_at":"2026-07-25T01:27:52.347112+00:00"},"geometry":{"type":"Point","coordinates":[126.826361231,35.21153101]}},{"type":"Feature","id":"2886becc1b7d2a2817717d869df128f92cb03dd58e3d7508f0f458a350175af9-1","properties":{"facility_id":"2886becc1b7d2a2817717d869df128f92cb03dd58e3d7508f0f458a350175af9","point_ordinal":1,"zone_group_id":"292001007303","source_manage_no":"292001007303","facility_name":"마지초등학교","sgg_code":"12330","facility_type_code":"1","api_first_registered_on":"2001-01-01","api_last_modified_on":null,"updated_at":"2026-07-25T01:27:52.347112+00:00"},"geometry":{"type":"Point","coordinates":[126.823495802,35.176174815]}},{"type":"Feature","id":"94f6f06b075406ebba64cb9f3af6fca3278d8020fc3c75e66e01622896920115-1","properties":{"facility_id":"94f6f06b075406ebba64cb9f3af6fca3278d8020fc3c75e66e01622896920115","point_ordinal":1,"zone_group_id":"292001007303","source_manage_no":"292001028828","facility_name":"마지초등학교병설유치원","sgg_code":"12330","facility_type_code":"1","api_first_registered_on":null,"api_last_modified_on":"2025-03-25","updated_at":"2026-07-25T01:27:52.347112+00:00"},"geometry":{"type":"Point","coordinates":[126.82448753,35.176015002]}},{"type":"Feature","id":"c368a53ba249d6a90b1a9d6a9d6cd9aa17f3bfd3e967267a71e28f303c983cc3-1","properties":{"facility_id":"c368a53ba249d6a90b1a9d6a9d6cd9aa17f3bfd3e967267a71e28f303c983cc3","point_ordinal":1,"zone_group_id":"292001007313","source_manage_no":"292001007313","facility_name":"메이플유치원","sgg_code":"12330","facility_type_code":"1","api_first_registered_on":null,"api_last_modified_on":null,"updated_at":"2026-07-25T01:27:52.347112+00:00"},"geometry":{"type":"Point","coordinates":[126.799735416,35.171793197]}},{"type":"Feature","id":"eb0473210c635164c7bba96ca3f5977c317d98dd79fe4065620c6988ee423e21-1","properties":{"facility_id":"eb0473210c635164c7bba96ca3f5977c317d98dd79fe4065620c6988ee423e21","point_ordinal":1,"zone_group_id":"292002007276","source_manage_no":"292002007276","facility_name":"명은노인전문요양원","sgg_code":"12330","facility_type_code":"2","api_first_registered_on":"2016-02-01","api_last_modified_on":null,"updated_at":"2026-07-25T01:27:52.347112+00:00"},"geometry":{"type":"Point","coordinates":[126.669868185,35.19354198]}},{"type":"Feature","id":"a628b256d55e35b2da3f9142fe4f1b30786b2d447b7f2b48db1c6505d994c28d-1","properties":{"facility_id":"a628b256d55e35b2da3f9142fe4f1b30786b2d447b7f2b48db1c6505d994c28d","point_ordinal":1,"zone_group_id":"292001007463","source_manage_no":"292001007463","facility_name":"모모유치원","sgg_code":"12330","facility_type_code":"1","api_first_registered_on":"2010-01-01","api_last_modified_on":null,"updated_at":"2026-07-25T01:27:52.347112+00:00"},"geometry":{"type":"Point","coordinates":[126.84264323,35.215017462]}},{"type":"Feature","id":"0bb7c45365f92ced9df2f4480c93e12d876b7606fc21e89d6ebb2d0c979e38ab-1","properties":{"facility_id":"0bb7c45365f92ced9df2f4480c93e12d876b7606fc21e89d6ebb2d0c979e38ab","point_ordinal":1,"zone_group_id":"292001007298","source_manage_no":"292001007298","facility_name":"목련초등학교","sgg_code":"12330","facility_type_code":"1","api_first_registered_on":"2001-01-01","api_last_modified_on":null,"updated_at":"2026-07-25T01:27:52.347112+00:00"},"geometry":{"type":"Point","coordinates":[126.814670494,35.172759979]}},{"type":"Feature","id":"324c4b4389793bd71c0bf14e01234728332389b0b660e02082b89627ede78de8-1","properties":{"facility_id":"324c4b4389793bd71c0bf14e01234728332389b0b660e02082b89627ede78de8","point_ordinal":1,"zone_group_id":"292001007298","source_manage_no":"292001028821","facility_name":"목련초등학교병설유치원","sgg_code":"12330","facility_type_code":"1","api_first_registered_on":null,"api_last_modified_on":"2025-03-25","updated_at":"2026-07-25T01:27:52.347112+00:00"},"geometry":{"type":"Point","coordinates":[126.815576326,35.172942786]}},{"type":"Feature","id":"cdcd7f5120ba901b5d42b2e9fae2abffa2dac5787a81117162e0c7efe9c4cf03-1","properties":{"facility_id":"cdcd7f5120ba901b5d42b2e9fae2abffa2dac5787a81117162e0c7efe9c4cf03","point_ordinal":1,"zone_group_id":"292001007415","source_manage_no":"292001007414","facility_name":"미라어린이집","sgg_code":"12330","facility_type_code":"1","api_first_registered_on":"2006-01-01","api_last_modified_on":null,"updated_at":"2026-07-25T01:27:52.347112+00:00"},"geometry":{"type":"Point","coordinates":[126.798523105,35.165907125]}},{"type":"Feature","id":"c4682d38c022889a8805d52cb6341e7dd70a780459d5b9fb076b968f5b0687d7-1","properties":{"facility_id":"c4682d38c022889a8805d52cb6341e7dd70a780459d5b9fb076b968f5b0687d7","point_ordinal":1,"zone_group_id":"292001007464","source_manage_no":"292001007464","facility_name":"미산초등학교","sgg_code":"12330","facility_type_code":"1","api_first_registered_on":"1998-01-01","api_last_modified_on":null,"updated_at":"2026-07-25T01:27:52.347112+00:00"},"geometry":{"type":"Point","coordinates":[126.834014336,35.219278101]}},{"type":"Feature","id":"7bcdbfd4d8a2a1be90bcb12b4a889a2c9fb214af8319ca1d051d30063ad19175-1","properties":{"facility_id":"7bcdbfd4d8a2a1be90bcb12b4a889a2c9fb214af8319ca1d051d30063ad19175","point_ordinal":1,"zone_group_id":"292001007464","source_manage_no":"292001028826","facility_name":"미산초등학교병설유치원","sgg_code":"12330","facility_type_code":"1","api_first_registered_on":null,"api_last_modified_on":"2025-03-25","updated_at":"2026-07-25T01:27:52.347112+00:00"},"geometry":{"type":"Point","coordinates":[126.834106046,35.219633748]}},{"type":"Feature","id":"20596c3addb0e1b32b89d0d288e16db0b8732d42067d115ac5df22e3a1cd536c-1","properties":{"facility_id":"20596c3addb0e1b32b89d0d288e16db0b8732d42067d115ac5df22e3a1cd536c","point_ordinal":1,"zone_group_id":"292001007385","source_manage_no":"292001007385","facility_name":"민족사관어린이집","sgg_code":"12330","facility_type_code":"1","api_first_registered_on":"2013-01-01","api_last_modified_on":null,"updated_at":"2026-07-25T01:27:52.347112+00:00"},"geometry":{"type":"Point","coordinates":[126.827491874,35.189686843]}},{"type":"Feature","id":"1c043c97de121c1851f8452354194954514f5dbe6661698b405ea30d1b4bd713-1","properties":{"facility_id":"1c043c97de121c1851f8452354194954514f5dbe6661698b405ea30d1b4bd713","point_ordinal":1,"zone_group_id":"292002007397","source_manage_no":"292002007397","facility_name":"바라밀실버하우스","sgg_code":"12330","facility_type_code":"2","api_first_registered_on":"2016-02-01","api_last_modified_on":"2025-03-21","updated_at":"2026-07-25T01:27:52.347112+00:00"},"geometry":{"type":"Point","coordinates":[126.844732207,35.186939511]}},{"type":"Feature","id":"ddf58485a63a669b3ea19e52b39b017b93b66b003990a2276057b14c8698a089-1","properties":{"facility_id":"ddf58485a63a669b3ea19e52b39b017b93b66b003990a2276057b14c8698a089","point_ordinal":1,"zone_group_id":"292003007350","source_manage_no":"292003007350","facility_name":"백선바오로의집","sgg_code":"12330","facility_type_code":"3","api_first_registered_on":null,"api_last_modified_on":null,"updated_at":"2026-07-25T01:27:52.347112+00:00"},"geometry":{"type":"Point","coordinates":[126.671844714,35.153538673]}},{"type":"Feature","id":"267397854883eb72ff8d94548f14faefa7e56cd2ca3810635dea31eb82517790-1","properties":{"facility_id":"267397854883eb72ff8d94548f14faefa7e56cd2ca3810635dea31eb82517790","point_ordinal":1,"zone_group_id":"292001007416","source_manage_no":"292001007416","facility_name":"버클리유치원","sgg_code":"12330","facility_type_code":"1","api_first_registered_on":"2010-01-01","api_last_modified_on":"2025-02-25","updated_at":"2026-07-25T01:27:52.347112+00:00"},"geometry":{"type":"Point","coordinates":[126.824161888,35.203175676]}},{"type":"Feature","id":"39028237bd0c8cb007a589cbf2b2baf33e040b2911bd25f081d11cd626fa0b81-1","properties":{"facility_id":"39028237bd0c8cb007a589cbf2b2baf33e040b2911bd25f081d11cd626fa0b81","point_ordinal":1,"zone_group_id":"292001007443","source_manage_no":"292001007443","facility_name":"베스트유치원","sgg_code":"12330","facility_type_code":"1","api_first_registered_on":"2010-01-01","api_last_modified_on":null,"updated_at":"2026-07-25T01:27:52.347112+00:00"},"geometry":{"type":"Point","coordinates":[126.825551815,35.194509136]}},{"type":"Feature","id":"b1d57b67f1ceb5dcf5c2ec7c5def4cf4e99561ed921f314e9a3361e873a68e1a-1","properties":{"facility_id":"b1d57b67f1ceb5dcf5c2ec7c5def4cf4e99561ed921f314e9a3361e873a68e1a","point_ordinal":1,"zone_group_id":"292001007365","source_manage_no":"292001007365","facility_name":"별을그리는아이어린이집","sgg_code":"12330","facility_type_code":"1","api_first_registered_on":"2011-01-01","api_last_modified_on":null,"updated_at":"2026-07-25T01:27:52.347112+00:00"},"geometry":{"type":"Point","coordinates":[126.795166174,35.151541634]}},{"type":"Feature","id":"b501a01ddda49f1f54a5827501a54ee69449a4dca4de07c7adf2122417ed5fab-1","properties":{"facility_id":"b501a01ddda49f1f54a5827501a54ee69449a4dca4de07c7adf2122417ed5fab","point_ordinal":1,"zone_group_id":"292003007288","source_manage_no":"292003007288","facility_name":"보람의집","sgg_code":"12330","facility_type_code":"3","api_first_registered_on":null,"api_last_modified_on":"2025-06-30","updated_at":"2026-07-25T01:27:52.347112+00:00"},"geometry":{"type":"Point","coordinates":[126.679373645,35.172343507]}},{"type":"Feature","id":"7ad273656cb71d0cf1d415bf2f12423b2c7053b929d4eee8256203a6fe503fc5-1","properties":{"facility_id":"7ad273656cb71d0cf1d415bf2f12423b2c7053b929d4eee8256203a6fe503fc5","point_ordinal":1,"zone_group_id":"292001007420","source_manage_no":"292001007420","facility_name":"본량어린이집","sgg_code":"12330","facility_type_code":"1","api_first_registered_on":"2008-01-01","api_last_modified_on":null,"updated_at":"2026-07-25T01:27:52.347112+00:00"},"geometry":{"type":"Point","coordinates":[126.747694159,35.192093814]}},{"type":"Feature","id":"1bd6d4298880e6bcde7313784eb073c4fcf920b8352f2ab321ecdc4fd826a453-1","properties":{"facility_id":"1bd6d4298880e6bcde7313784eb073c4fcf920b8352f2ab321ecdc4fd826a453","point_ordinal":1,"zone_group_id":"292001007422","source_manage_no":"292001007422","facility_name":"본량초등학교","sgg_code":"12330","facility_type_code":"1","api_first_registered_on":"1996-01-01","api_last_modified_on":null,"updated_at":"2026-07-25T01:27:52.347112+00:00"},"geometry":{"type":"Point","coordinates":[126.72318615,35.179658087]}},{"type":"Feature","id":"326b395e67eaca545aa61015261b2e5285ece7154b2043900a3b559c3ade74e4-1","properties":{"facility_id":"326b395e67eaca545aa61015261b2e5285ece7154b2043900a3b559c3ade74e4","point_ordinal":1,"zone_group_id":"292001007422","source_manage_no":"292001028820","facility_name":"본량초등학교병설유치원","sgg_code":"12330","facility_type_code":"1","api_first_registered_on":null,"api_last_modified_on":"2025-03-25","updated_at":"2026-07-25T01:27:52.347112+00:00"},"geometry":{"type":"Point","coordinates":[126.72316315,35.181328571]}},{"type":"Feature","id":"962d3a195dfa3a3fa3fe3b54920aea15f43ff93d2f55e367c619e3329cf2ebc5-1","properties":{"facility_id":"962d3a195dfa3a3fa3fe3b54920aea15f43ff93d2f55e367c619e3329cf2ebc5","point_ordinal":1,"zone_group_id":"292001007342","source_manage_no":"292001007342","facility_name":"봉산초등학교","sgg_code":"12330","facility_type_code":"1","api_first_registered_on":"2004-01-01","api_last_modified_on":null,"updated_at":"2026-07-25T01:27:52.347112+00:00"},"geometry":{"type":"Point","coordinates":[126.844065384,35.209073219]}},{"type":"Feature","id":"64e755c34e3403db62db61ee437ca64e61c55c05fada149900cc79ada410cb80-1","properties":{"facility_id":"64e755c34e3403db62db61ee437ca64e61c55c05fada149900cc79ada410cb80","point_ordinal":1,"zone_group_id":"292001007325","source_manage_no":"292001007325","facility_name":"비아초등학교","sgg_code":"12330","facility_type_code":"1","api_first_registered_on":"1996-01-01","api_last_modified_on":null,"updated_at":"2026-07-25T01:27:52.347112+00:00"},"geometry":{"type":"Point","coordinates":[126.82611898,35.221590106]}},{"type":"Feature","id":"c90a5c985cbb75def1bd5fa1a2fad9d2c455fd57de4e61a4c75b61becc093b59-1","properties":{"facility_id":"c90a5c985cbb75def1bd5fa1a2fad9d2c455fd57de4e61a4c75b61becc093b59","point_ordinal":1,"zone_group_id":"292001007325","source_manage_no":"292001028807","facility_name":"비아초등학교병설유치원","sgg_code":"12330","facility_type_code":"1","api_first_registered_on":null,"api_last_modified_on":"2025-03-25","updated_at":"2026-07-25T01:27:52.347112+00:00"},"geometry":{"type":"Point","coordinates":[126.825849873,35.223092348]}},{"type":"Feature","id":"8ea755ff40e4a4b9a9b9094b029c389e3dad34dea3aed4f0d9abab20cff84604-1","properties":{"facility_id":"8ea755ff40e4a4b9a9b9094b029c389e3dad34dea3aed4f0d9abab20cff84604","point_ordinal":1,"zone_group_id":"292001007327","source_manage_no":"292001007327","facility_name":"산들바람유치원","sgg_code":"12330","facility_type_code":"1","api_first_registered_on":"2011-01-01","api_last_modified_on":null,"updated_at":"2026-07-25T01:27:52.347112+00:00"},"geometry":{"type":"Point","coordinates":[126.820334156,35.223514432]}},{"type":"Feature","id":"dc3cd611d4c33f03160f2346a0b06bd1b4c92e75559dd56bbe047ab9f6ba88e3-1","properties":{"facility_id":"dc3cd611d4c33f03160f2346a0b06bd1b4c92e75559dd56bbe047ab9f6ba88e3","point_ordinal":1,"zone_group_id":"292001007447","source_manage_no":"292001007447","facility_name":"산새소리어린이집","sgg_code":"12330","facility_type_code":"1","api_first_registered_on":"2013-01-01","api_last_modified_on":null,"updated_at":"2026-07-25T01:27:52.347112+00:00"},"geometry":{"type":"Point","coordinates":[126.815858885,35.191413856]}},{"type":"Feature","id":"8c3df93e10399277479beadd6bfd96cc1f42fa29a18f672f1fb61dbe34b61277-1","properties":{"facility_id":"8c3df93e10399277479beadd6bfd96cc1f42fa29a18f672f1fb61dbe34b61277","point_ordinal":1,"zone_group_id":"292001007344","source_manage_no":"292001007344","facility_name":"산월초등학교","sgg_code":"12330","facility_type_code":"1","api_first_registered_on":"1998-01-01","api_last_modified_on":null,"updated_at":"2026-07-25T01:27:52.347112+00:00"},"geometry":{"type":"Point","coordinates":[126.838426015,35.21072047]}},{"type":"Feature","id":"6d59a949c11e6ebbfc4d1bb38962b9447482bea6a1bc9173f19b35fc6c4bf29f-1","properties":{"facility_id":"6d59a949c11e6ebbfc4d1bb38962b9447482bea6a1bc9173f19b35fc6c4bf29f","point_ordinal":1,"zone_group_id":"292001007344","source_manage_no":"292001028813","facility_name":"산월초등학교병설유치원","sgg_code":"12330","facility_type_code":"1","api_first_registered_on":null,"api_last_modified_on":"2025-03-25","updated_at":"2026-07-25T01:27:52.347112+00:00"},"geometry":{"type":"Point","coordinates":[126.838849129,35.210865511]}},{"type":"Feature","id":"c18255883a968f32fe83bfbe3e7b19c19601a5d31f8a0f0e6d0aa727a04d4744-1","properties":{"facility_id":"c18255883a968f32fe83bfbe3e7b19c19601a5d31f8a0f0e6d0aa727a04d4744","point_ordinal":1,"zone_group_id":"292001007305","source_manage_no":"292001007305","facility_name":"산정초등학교","sgg_code":"12330","facility_type_code":"1","api_first_registered_on":"2009-01-01","api_last_modified_on":null,"updated_at":"2026-07-25T01:27:52.347112+00:00"},"geometry":{"type":"Point","coordinates":[126.800412824,35.172116889]}},{"type":"Feature","id":"3756a1f09bd14065497be6806bb3073c903840f6c7cc7cd5fbdeb0da6e395e0d-1","properties":{"facility_id":"3756a1f09bd14065497be6806bb3073c903840f6c7cc7cd5fbdeb0da6e395e0d","point_ordinal":1,"zone_group_id":"292001007305","source_manage_no":"292001028842","facility_name":"산정초등학교병설유치원","sgg_code":"12330","facility_type_code":"1","api_first_registered_on":null,"api_last_modified_on":"2025-03-25","updated_at":"2026-07-25T01:27:52.347112+00:00"},"geometry":{"type":"Point","coordinates":[126.801235477,35.171891431]}},{"type":"Feature","id":"83170e5e5023d6574b47e8732a5cb388721a2f56d7d5829b5d5b8fe8ff2b5282-1","properties":{"facility_id":"83170e5e5023d6574b47e8732a5cb388721a2f56d7d5829b5d5b8fe8ff2b5282","point_ordinal":1,"zone_group_id":"292001007424","source_manage_no":"292001007424","facility_name":"삼도초등학교","sgg_code":"12330","facility_type_code":"1","api_first_registered_on":"1996-01-01","api_last_modified_on":null,"updated_at":"2026-07-25T01:27:52.347112+00:00"},"geometry":{"type":"Point","coordinates":[126.701188706,35.163906771]}},{"type":"Feature","id":"4c460f401ae9abef9a8224980cc650b70e2cb73430d81d786e44de1e24595528-1","properties":{"facility_id":"4c460f401ae9abef9a8224980cc650b70e2cb73430d81d786e44de1e24595528","point_ordinal":1,"zone_group_id":"292001007424","source_manage_no":"292001028819","facility_name":"삼도초등학교병설유치원","sgg_code":"12330","facility_type_code":"1","api_first_registered_on":null,"api_last_modified_on":"2025-03-25","updated_at":"2026-07-25T01:27:52.347112+00:00"},"geometry":{"type":"Point","coordinates":[126.7004485,35.164128526]}},{"type":"Feature","id":"e0851878247e58f33acc401f168f5e23402da5ac3f39b3460faf6979af118877-1","properties":{"facility_id":"e0851878247e58f33acc401f168f5e23402da5ac3f39b3460faf6979af118877","point_ordinal":1,"zone_group_id":"292001007468","source_manage_no":"292001007468","facility_name":"새날학교","sgg_code":"12330","facility_type_code":"1","api_first_registered_on":"2016-01-01","api_last_modified_on":null,"updated_at":"2026-07-25T01:27:52.347112+00:00"},"geometry":{"type":"Point","coordinates":[126.682638114,35.128166223]}},{"type":"Feature","id":"64b34b94ab862048deba82a571128e417366d2b2a9a9877e91096195af3631a1-1","properties":{"facility_id":"64b34b94ab862048deba82a571128e417366d2b2a9a9877e91096195af3631a1","point_ordinal":1,"zone_group_id":"292001007471","source_manage_no":"292001007471","facility_name":"새별초등학교","sgg_code":"12330","facility_type_code":"1","api_first_registered_on":"2013-01-01","api_last_modified_on":null,"updated_at":"2026-07-25T01:27:52.347112+00:00"},"geometry":{"type":"Point","coordinates":[126.813016457,35.182768827]}},{"type":"Feature","id":"6254e208db76975d0892a501bfd062d33bf066c8586d5a9d1eb374c003441ed8-1","properties":{"facility_id":"6254e208db76975d0892a501bfd062d33bf066c8586d5a9d1eb374c003441ed8","point_ordinal":1,"zone_group_id":"292001007471","source_manage_no":"292001028844","facility_name":"새별초등학교병설유치원","sgg_code":"12330","facility_type_code":"1","api_first_registered_on":null,"api_last_modified_on":"2025-03-25","updated_at":"2026-07-25T01:27:52.347112+00:00"},"geometry":{"type":"Point","coordinates":[126.812230958,35.183083527]}},{"type":"Feature","id":"a50a208987be514d270d86bd1068dcee71b9f395709f5fd2d6609ca5ac80ff58-1","properties":{"facility_id":"a50a208987be514d270d86bd1068dcee71b9f395709f5fd2d6609ca5ac80ff58","point_ordinal":1,"zone_group_id":"292001007418","source_manage_no":"292001007418","facility_name":"서정교회어린이집","sgg_code":"12330","facility_type_code":"1","api_first_registered_on":"2016-01-01","api_last_modified_on":null,"updated_at":"2026-07-25T01:27:52.347112+00:00"},"geometry":{"type":"Point","coordinates":[126.802186459,35.136821443]}},{"type":"Feature","id":"6a7c67301265c0b329e9cafd0ec300958ceaa3320a098f4a061def5510c54a4d-1","properties":{"facility_id":"6a7c67301265c0b329e9cafd0ec300958ceaa3320a098f4a061def5510c54a4d","point_ordinal":1,"zone_group_id":"292001007458","source_manage_no":"292001007323","facility_name":"선우어린이집","sgg_code":"12330","facility_type_code":"1","api_first_registered_on":"2007-01-01","api_last_modified_on":null,"updated_at":"2026-07-25T01:27:52.347112+00:00"},"geometry":{"type":"Point","coordinates":[126.833835725,35.223905077]}},{"type":"Feature","id":"19b8dd2cb184699e24bf61f5d5d9f943b10333ac702ba7ebe9133fbef5b9f01b-1","properties":{"facility_id":"19b8dd2cb184699e24bf61f5d5d9f943b10333ac702ba7ebe9133fbef5b9f01b","point_ordinal":1,"zone_group_id":"292001007458","source_manage_no":"292001007458","facility_name":"선우유치원","sgg_code":"12330","facility_type_code":"1","api_first_registered_on":"2011-01-01","api_last_modified_on":null,"updated_at":"2026-07-25T01:27:52.347112+00:00"},"geometry":{"type":"Point","coordinates":[126.834033729,35.223879115]}},{"type":"Feature","id":"e8ec6c50df017892beb7612ffddd37d08e6b0a340b815a291791d2e1e5bff5b0-1","properties":{"facility_id":"e8ec6c50df017892beb7612ffddd37d08e6b0a340b815a291791d2e1e5bff5b0","point_ordinal":1,"zone_group_id":"292001007409","source_manage_no":"292001007409","facility_name":"선운숲유치원","sgg_code":"12330","facility_type_code":"1","api_first_registered_on":"2014-01-01","api_last_modified_on":null,"updated_at":"2026-07-25T01:27:52.347112+00:00"},"geometry":{"type":"Point","coordinates":[126.780709322,35.147561338]}},{"type":"Feature","id":"bb3630637122e66101e18d6864e13517ef017ed5439faa100aec6425f67d9cfb-1","properties":{"facility_id":"bb3630637122e66101e18d6864e13517ef017ed5439faa100aec6425f67d9cfb","point_ordinal":1,"zone_group_id":"292001007359","source_manage_no":"292001007359","facility_name":"선운초등학교","sgg_code":"12330","facility_type_code":"1","api_first_registered_on":"2012-01-01","api_last_modified_on":null,"updated_at":"2026-07-25T01:27:52.347112+00:00"},"geometry":{"type":"Point","coordinates":[126.774607823,35.14977019]}},{"type":"Feature","id":"b2f96af5f9843da4f99f2618a2c97276fc4e0759c05cb84ef82d906ea33577df-1","properties":{"facility_id":"b2f96af5f9843da4f99f2618a2c97276fc4e0759c05cb84ef82d906ea33577df","point_ordinal":1,"zone_group_id":"292001007359","source_manage_no":"292001028843","facility_name":"선운초등학교병설유치원","sgg_code":"12330","facility_type_code":"1","api_first_registered_on":null,"api_last_modified_on":"2025-03-25","updated_at":"2026-07-25T01:27:52.347112+00:00"},"geometry":{"type":"Point","coordinates":[126.774400277,35.149463728]}},{"type":"Feature","id":"f5ba8798ea478dd1c10a26cd90b281eff6fc8abb0547e61b3d7a2d42cca4eaf6-1","properties":{"facility_id":"f5ba8798ea478dd1c10a26cd90b281eff6fc8abb0547e61b3d7a2d42cca4eaf6","point_ordinal":1,"zone_group_id":"292001007395","source_manage_no":"292001007395","facility_name":"선창어린이집","sgg_code":"12330","facility_type_code":"1","api_first_registered_on":"2008-01-01","api_last_modified_on":null,"updated_at":"2026-07-25T01:27:52.347112+00:00"},"geometry":{"type":"Point","coordinates":[126.835925822,35.187190602]}},{"type":"Feature","id":"14585f0f65c9fb03602d6e89325750f302df67d3c3ce7f55221a40a4d9dcb40d-1","properties":{"facility_id":"14585f0f65c9fb03602d6e89325750f302df67d3c3ce7f55221a40a4d9dcb40d","point_ordinal":1,"zone_group_id":"292001007396","source_manage_no":"292001007396","facility_name":"선창유치원","sgg_code":"12330","facility_type_code":"1","api_first_registered_on":"2011-01-01","api_last_modified_on":null,"updated_at":"2026-07-30T00:09:13.239385+00:00"},"geometry":{"type":"Point","coordinates":[126.836022249,35.187488691]}},{"type":"Feature","id":"d2066dd16941bd66b6199ae8f92172449cdc423006bf89270b6fee2e175a49ef-1","properties":{"facility_id":"d2066dd16941bd66b6199ae8f92172449cdc423006bf89270b6fee2e175a49ef","point_ordinal":1,"zone_group_id":"292001007403","source_manage_no":"292001007403","facility_name":"선창초등학교","sgg_code":"12330","facility_type_code":"1","api_first_registered_on":"2005-01-01","api_last_modified_on":null,"updated_at":"2026-07-25T01:27:52.347112+00:00"},"geometry":{"type":"Point","coordinates":[126.834455407,35.188122855]}},{"type":"Feature","id":"bcc7465e34d0f6c0001586577dff954efa54a8edd526f90d2fd13b37f526f803-1","properties":{"facility_id":"bcc7465e34d0f6c0001586577dff954efa54a8edd526f90d2fd13b37f526f803","point_ordinal":1,"zone_group_id":"292001007403","source_manage_no":"292001028836","facility_name":"선창초등학교병설유치원","sgg_code":"12330","facility_type_code":"1","api_first_registered_on":null,"api_last_modified_on":"2025-03-25","updated_at":"2026-07-25T01:27:52.347112+00:00"},"geometry":{"type":"Point","coordinates":[126.834402895,35.188386541]}},{"type":"Feature","id":"428780f6b75c3ee8d2460df294d0adf61ae27716d5bcc8f50c39330c159d1d18-1","properties":{"facility_id":"428780f6b75c3ee8d2460df294d0adf61ae27716d5bcc8f50c39330c159d1d18","point_ordinal":1,"zone_group_id":"292001007295","source_manage_no":"292001007295","facility_name":"선학어린이집","sgg_code":"12330","facility_type_code":"1","api_first_registered_on":"2008-01-01","api_last_modified_on":null,"updated_at":"2026-07-25T01:27:52.347112+00:00"},"geometry":{"type":"Point","coordinates":[126.818399118,35.215758036]}},{"type":"Feature","id":"e6fa0f47c91daef2e5bc9ec3f2d1d83be3aac3239129ac08cee1d9fa14740599-1","properties":{"facility_id":"e6fa0f47c91daef2e5bc9ec3f2d1d83be3aac3239129ac08cee1d9fa14740599","point_ordinal":1,"zone_group_id":"292001007477","source_manage_no":"292001007477","facility_name":"성덕초등학교","sgg_code":"12330","facility_type_code":"1","api_first_registered_on":"2010-01-01","api_last_modified_on":null,"updated_at":"2026-07-25T01:27:52.347112+00:00"},"geometry":{"type":"Point","coordinates":[126.814800063,35.199539677]}},{"type":"Feature","id":"c6b11d8bd8ac4461988104259333dd0ffdc166bf5c6d768694e76851ebb92752-1","properties":{"facility_id":"c6b11d8bd8ac4461988104259333dd0ffdc166bf5c6d768694e76851ebb92752","point_ordinal":1,"zone_group_id":"292001007484","source_manage_no":"292001007484","facility_name":"세종유치원","sgg_code":"12330","facility_type_code":"1","api_first_registered_on":"2011-01-01","api_last_modified_on":"2025-03-29","updated_at":"2026-07-25T01:27:52.347112+00:00"},"geometry":{"type":"Point","coordinates":[126.796451913,35.177615293]}},{"type":"Feature","id":"6a9683ff9ca7dde4dc88859a3dca29b1d550442298a6bca048cd84d9b5d595d4-1","properties":{"facility_id":"6a9683ff9ca7dde4dc88859a3dca29b1d550442298a6bca048cd84d9b5d595d4","point_ordinal":1,"zone_group_id":"292001007301","source_manage_no":"292001007301","facility_name":"세한유치원","sgg_code":"12330","facility_type_code":"1","api_first_registered_on":"2011-01-01","api_last_modified_on":null,"updated_at":"2026-07-25T01:27:52.347112+00:00"},"geometry":{"type":"Point","coordinates":[126.819245712,35.170921566]}},{"type":"Feature","id":"87643e3f5565c8aabb1066b43c228991995a154048a8965cb59e64ef56f02e01-1","properties":{"facility_id":"87643e3f5565c8aabb1066b43c228991995a154048a8965cb59e64ef56f02e01","point_ordinal":1,"zone_group_id":"292001007357","source_manage_no":"292001007357","facility_name":"세화어린이집","sgg_code":"12330","facility_type_code":"1","api_first_registered_on":"2008-01-01","api_last_modified_on":null,"updated_at":"2026-07-25T01:27:52.347112+00:00"},"geometry":{"type":"Point","coordinates":[126.787119721,35.12877173]}},{"type":"Feature","id":"f7305209ca27fdaf75d8b982534f6a9cad54d3296ba845a2b2a11ce95cb3504f-1","properties":{"facility_id":"f7305209ca27fdaf75d8b982534f6a9cad54d3296ba845a2b2a11ce95cb3504f","point_ordinal":1,"zone_group_id":"292003007289","source_manage_no":"292003007289","facility_name":"소망의집","sgg_code":"12330","facility_type_code":"3","api_first_registered_on":null,"api_last_modified_on":"2025-06-30","updated_at":"2026-07-25T01:27:52.347112+00:00"},"geometry":{"type":"Point","coordinates":[126.680422029,35.172028329]}},{"type":"Feature","id":"a23b93158ffa7fe11b8ec94e72056a5f023fceb3dbf02a3a10dbc0b31755d492-1","properties":{"facility_id":"a23b93158ffa7fe11b8ec94e72056a5f023fceb3dbf02a3a10dbc0b31755d492","point_ordinal":1,"zone_group_id":"292001007410","source_manage_no":"292001007410","facility_name":"소촌어린이집","sgg_code":"12330","facility_type_code":"1","api_first_registered_on":"2008-01-01","api_last_modified_on":null,"updated_at":"2026-07-25T01:27:52.347112+00:00"},"geometry":{"type":"Point","coordinates":[126.793782413,35.14523972]}},{"type":"Feature","id":"90329ddc01eb3270aa2fb4d37a9fdefc68e4eda8b4a266fe266ae38d38c04fdb-1","properties":{"facility_id":"90329ddc01eb3270aa2fb4d37a9fdefc68e4eda8b4a266fe266ae38d38c04fdb","point_ordinal":1,"zone_group_id":"292003007351","source_manage_no":"292003007351","facility_name":"소화성가정","sgg_code":"12330","facility_type_code":"3","api_first_registered_on":null,"api_last_modified_on":null,"updated_at":"2026-07-25T01:27:52.347112+00:00"},"geometry":{"type":"Point","coordinates":[126.66994526,35.15895384]}},{"type":"Feature","id":"ede9bf91827a4d94e34b3fc389809da9b8f1c007241e16bc544491bf364e4e70-1","properties":{"facility_id":"ede9bf91827a4d94e34b3fc389809da9b8f1c007241e16bc544491bf364e4e70","point_ordinal":1,"zone_group_id":"292002007274","source_manage_no":"292002007274","facility_name":"송산유원지","sgg_code":"12330","facility_type_code":"2","api_first_registered_on":"2012-01-01","api_last_modified_on":null,"updated_at":"2026-07-25T01:27:52.347112+00:00"},"geometry":{"type":"Point","coordinates":[126.738070593,35.158121048]}},{"type":"Feature","id":"6ae7ad1b43067bf22abbdd557d81d5f86175f67ef1a5d11691c827c759829c17-1","properties":{"facility_id":"6ae7ad1b43067bf22abbdd557d81d5f86175f67ef1a5d11691c827c759829c17","point_ordinal":1,"zone_group_id":"292001007331","source_manage_no":"292001007331","facility_name":"송우초등학교","sgg_code":"12330","facility_type_code":"1","api_first_registered_on":"1995-01-01","api_last_modified_on":"2025-03-29","updated_at":"2026-07-25T01:27:52.347112+00:00"},"geometry":{"type":"Point","coordinates":[126.809729816,35.158609936]}},{"type":"Feature","id":"7881b74a763e69ca090e7a33b2647421dc2b977963c3e22580d071dbcf517f5f-1","properties":{"facility_id":"7881b74a763e69ca090e7a33b2647421dc2b977963c3e22580d071dbcf517f5f","point_ordinal":1,"zone_group_id":"292002007278","source_manage_no":"292002007278","facility_name":"송정게이트볼장","sgg_code":"12330","facility_type_code":"2","api_first_registered_on":"2012-01-01","api_last_modified_on":"2025-06-30","updated_at":"2026-07-25T01:27:52.347112+00:00"},"geometry":{"type":"Point","coordinates":[126.800470857,35.137199283]}},{"type":"Feature","id":"1383a4a7314b3303a3ad03203da892b7cb1dbebedec7e84ba4778ea25da38190-1","properties":{"facility_id":"1383a4a7314b3303a3ad03203da892b7cb1dbebedec7e84ba4778ea25da38190","point_ordinal":1,"zone_group_id":"292001007287","source_manage_no":"292001007287","facility_name":"송정동초등학교","sgg_code":"12330","facility_type_code":"1","api_first_registered_on":"1995-01-01","api_last_modified_on":null,"updated_at":"2026-07-25T01:27:52.347112+00:00"},"geometry":{"type":"Point","coordinates":[126.805248283,35.145033244]}},{"type":"Feature","id":"dfc8e66de346fc0955ce075904e341973abeeb123031874df525cde7c4551b2a-1","properties":{"facility_id":"dfc8e66de346fc0955ce075904e341973abeeb123031874df525cde7c4551b2a","point_ordinal":1,"zone_group_id":"292001007287","source_manage_no":"292001028716","facility_name":"송정동초등학교병설유치원","sgg_code":"12330","facility_type_code":"1","api_first_registered_on":null,"api_last_modified_on":"2025-03-25","updated_at":"2026-07-25T01:27:52.347112+00:00"},"geometry":{"type":"Point","coordinates":[126.804537873,35.145676299]}},{"type":"Feature","id":"4e5034ca82bee6d3cb76d81cb41134cad42e67a1909a2e12bb67a943c70ffc4a-1","properties":{"facility_id":"4e5034ca82bee6d3cb76d81cb41134cad42e67a1909a2e12bb67a943c70ffc4a","point_ordinal":1,"zone_group_id":"292001007375","source_manage_no":"292001007375","facility_name":"송정미라어린이집","sgg_code":"12330","facility_type_code":"1","api_first_registered_on":"2006-01-01","api_last_modified_on":null,"updated_at":"2026-07-25T01:27:52.347112+00:00"},"geometry":{"type":"Point","coordinates":[126.794691216,35.137878125]}},{"type":"Feature","id":"0651b6d9341c7c4260397aa3edceb773178212304bbeab07103433237f403bca-1","properties":{"facility_id":"0651b6d9341c7c4260397aa3edceb773178212304bbeab07103433237f403bca","point_ordinal":1,"zone_group_id":"292001007352","source_manage_no":"292001007352","facility_name":"송정서초등학교","sgg_code":"12330","facility_type_code":"1","api_first_registered_on":"1996-01-01","api_last_modified_on":null,"updated_at":"2026-07-25T01:27:52.347112+00:00"},"geometry":{"type":"Point","coordinates":[126.788296243,35.129788551]}},{"type":"Feature","id":"3142c996fc5ff1850e3e3a17407a3d34a33f1f88f47f75ad2f2b43426a19b0eb-1","properties":{"facility_id":"3142c996fc5ff1850e3e3a17407a3d34a33f1f88f47f75ad2f2b43426a19b0eb","point_ordinal":1,"zone_group_id":"292001007352","source_manage_no":"292001028721","facility_name":"송정서초등학교병설유치원","sgg_code":"12330","facility_type_code":"1","api_first_registered_on":null,"api_last_modified_on":"2025-03-25","updated_at":"2026-07-25T01:27:52.347112+00:00"},"geometry":{"type":"Point","coordinates":[126.788118025,35.12939153]}},{"type":"Feature","id":"a517d45c575937430b7fd731401b56d95f84eb7fa11b1c1def7f3fa142b244b9-1","properties":{"facility_id":"a517d45c575937430b7fd731401b56d95f84eb7fa11b1c1def7f3fa142b244b9","point_ordinal":1,"zone_group_id":"292001007411","source_manage_no":"292001007411","facility_name":"송정중앙초등학교","sgg_code":"12330","facility_type_code":"1","api_first_registered_on":"1997-01-01","api_last_modified_on":null,"updated_at":"2026-07-25T01:27:52.347112+00:00"},"geometry":{"type":"Point","coordinates":[126.794177441,35.147802847]}},{"type":"Feature","id":"f8c15dd8cc56e4538361fb9d923c3dfaf1e071b1ac4706c64a15e706c1521fad-1","properties":{"facility_id":"f8c15dd8cc56e4538361fb9d923c3dfaf1e071b1ac4706c64a15e706c1521fad","point_ordinal":1,"zone_group_id":"292001007411","source_manage_no":"292001028797","facility_name":"송정중앙초등학교병설유치원","sgg_code":"12330","facility_type_code":"1","api_first_registered_on":null,"api_last_modified_on":"2025-03-25","updated_at":"2026-07-25T01:27:52.347112+00:00"},"geometry":{"type":"Point","coordinates":[126.79547607,35.147401531]}},{"type":"Feature","id":"a64dae67726dbd8bc36887ba7b1d1da977608a6abe5e4ed0e9013d4ad50c11a8-1","properties":{"facility_id":"a64dae67726dbd8bc36887ba7b1d1da977608a6abe5e4ed0e9013d4ad50c11a8","point_ordinal":1,"zone_group_id":"292001007368","source_manage_no":"292001007368","facility_name":"송정초등학교","sgg_code":"12330","facility_type_code":"1","api_first_registered_on":"1998-01-01","api_last_modified_on":null,"updated_at":"2026-07-25T01:27:52.347112+00:00"},"geometry":{"type":"Point","coordinates":[126.796060698,35.131199437]}},{"type":"Feature","id":"f4482cdd2d0652d575953a19a83686234ce5edc4e36934c774cb0928f12dfb31-1","properties":{"facility_id":"f4482cdd2d0652d575953a19a83686234ce5edc4e36934c774cb0928f12dfb31","point_ordinal":1,"zone_group_id":"292001007368","source_manage_no":"292001028802","facility_name":"송정초등학교병설유치원","sgg_code":"12330","facility_type_code":"1","api_first_registered_on":null,"api_last_modified_on":"2025-03-25","updated_at":"2026-07-25T01:27:52.347112+00:00"},"geometry":{"type":"Point","coordinates":[126.796960928,35.131683733]}},{"type":"Feature","id":"ecf39c197426a1061e310a9587aed03a130d140d9d1f03a5c2a785f02cdcf950-1","properties":{"facility_id":"ecf39c197426a1061e310a9587aed03a130d140d9d1f03a5c2a785f02cdcf950","point_ordinal":1,"zone_group_id":"292001007398","source_manage_no":"292001007398","facility_name":"수문초등학교","sgg_code":"12330","facility_type_code":"1","api_first_registered_on":"2006-01-01","api_last_modified_on":null,"updated_at":"2026-07-25T01:27:52.347112+00:00"},"geometry":{"type":"Point","coordinates":[126.837522857,35.194764572]}},{"type":"Feature","id":"8fcde24f307120b451286bd3b6c6a6a44f245e0ddd388fc688b2d79678c3de2a-1","properties":{"facility_id":"8fcde24f307120b451286bd3b6c6a6a44f245e0ddd388fc688b2d79678c3de2a","point_ordinal":1,"zone_group_id":"292001007398","source_manage_no":"292001028837","facility_name":"수문초등학교병설유치원","sgg_code":"12330","facility_type_code":"1","api_first_registered_on":null,"api_last_modified_on":"2025-03-25","updated_at":"2026-07-25T01:27:52.347112+00:00"},"geometry":{"type":"Point","coordinates":[126.836645157,35.194025301]}},{"type":"Feature","id":"4d069f08457c7065c8702e6e0ad11c8088538f31fddc2e29076f702a446f8e03-1","properties":{"facility_id":"4d069f08457c7065c8702e6e0ad11c8088538f31fddc2e29076f702a446f8e03","point_ordinal":1,"zone_group_id":"292001007354","source_manage_no":"292001007354","facility_name":"수완생태어린이집","sgg_code":"12330","facility_type_code":"1","api_first_registered_on":"2006-01-01","api_last_modified_on":null,"updated_at":"2026-07-25T01:27:52.347112+00:00"},"geometry":{"type":"Point","coordinates":[126.827658339,35.205476424]}},{"type":"Feature","id":"2e1ad2b240711707dd83a27a16dd9cb3a71b7e1b094847af4fdfc0a260351465-1","properties":{"facility_id":"2e1ad2b240711707dd83a27a16dd9cb3a71b7e1b094847af4fdfc0a260351465","point_ordinal":1,"zone_group_id":"292001007448","source_manage_no":"292001007448","facility_name":"수완초등학교","sgg_code":"12330","facility_type_code":"1","api_first_registered_on":"2008-01-01","api_last_modified_on":null,"updated_at":"2026-07-25T01:27:52.347112+00:00"},"geometry":{"type":"Point","coordinates":[126.824979343,35.197319231]}},{"type":"Feature","id":"621dfa4910fcfa266ad77bd95c1b9b5436e88c2bf779faa2f52f13d2505e1c7a-1","properties":{"facility_id":"621dfa4910fcfa266ad77bd95c1b9b5436e88c2bf779faa2f52f13d2505e1c7a","point_ordinal":1,"zone_group_id":"292001007448","source_manage_no":"292001028839","facility_name":"수완초등학교병설유치원","sgg_code":"12330","facility_type_code":"1","api_first_registered_on":null,"api_last_modified_on":"2025-03-25","updated_at":"2026-07-25T01:27:52.347112+00:00"},"geometry":{"type":"Point","coordinates":[126.823786804,35.198040827]}},{"type":"Feature","id":"62d6403a7030196c9d0594070c6466842c6777c6419fd7b23ee3ebe15438d8ec-1","properties":{"facility_id":"62d6403a7030196c9d0594070c6466842c6777c6419fd7b23ee3ebe15438d8ec","point_ordinal":1,"zone_group_id":"292001007322","source_manage_no":"292001007322","facility_name":"숲사랑어린이집","sgg_code":"12330","facility_type_code":"1","api_first_registered_on":"2008-01-01","api_last_modified_on":null,"updated_at":"2026-07-25T01:27:52.347112+00:00"},"geometry":{"type":"Point","coordinates":[126.827866463,35.22154572]}},{"type":"Feature","id":"4e000b6ec845fcf06211bfd37eb14eb070196c96888610b59df4fc79a9a06b98-1","properties":{"facility_id":"4e000b6ec845fcf06211bfd37eb14eb070196c96888610b59df4fc79a9a06b98","point_ordinal":1,"zone_group_id":"292001007389","source_manage_no":"292001007389","facility_name":"신가초등학교","sgg_code":"12330","facility_type_code":"1","api_first_registered_on":"1998-01-01","api_last_modified_on":null,"updated_at":"2026-07-25T01:27:52.347112+00:00"},"geometry":{"type":"Point","coordinates":[126.827888341,35.18289026]}},{"type":"Feature","id":"f82033e45f9c8cb8733e9db5b0b03c5a255867e20fdd26d1505ff4ea3ea0b444-1","properties":{"facility_id":"f82033e45f9c8cb8733e9db5b0b03c5a255867e20fdd26d1505ff4ea3ea0b444","point_ordinal":1,"zone_group_id":"292001007389","source_manage_no":"292001028825","facility_name":"신가초등학교병설유치원","sgg_code":"12330","facility_type_code":"1","api_first_registered_on":null,"api_last_modified_on":"2025-03-25","updated_at":"2026-07-25T01:27:52.347112+00:00"},"geometry":{"type":"Point","coordinates":[126.827884307,35.182938342]}},{"type":"Feature","id":"5e8ef073b4df5cbc99c3b18f17f129381fbb3b311abba96147038cc4349302b8-1","properties":{"facility_id":"5e8ef073b4df5cbc99c3b18f17f129381fbb3b311abba96147038cc4349302b8","point_ordinal":1,"zone_group_id":"292001007293","source_manage_no":"292001007293","facility_name":"신나는어린이집","sgg_code":"12330","facility_type_code":"1","api_first_registered_on":"2006-01-01","api_last_modified_on":null,"updated_at":"2026-07-25T01:27:52.347112+00:00"},"geometry":{"type":"Point","coordinates":[126.790157512,35.131584835]}},{"type":"Feature","id":"091e00b1561a9e07f4d0f2eadb42c46bfff52c0a80e34f89835cff100f341f1b-1","properties":{"facility_id":"091e00b1561a9e07f4d0f2eadb42c46bfff52c0a80e34f89835cff100f341f1b","point_ordinal":1,"zone_group_id":"292001007415","source_manage_no":"292001007415","facility_name":"신미라유치원","sgg_code":"12330","facility_type_code":"1","api_first_registered_on":"2011-01-01","api_last_modified_on":null,"updated_at":"2026-07-25T01:27:52.347112+00:00"},"geometry":{"type":"Point","coordinates":[126.79854429,35.165997417]}},{"type":"Feature","id":"52b02e415e2c34d26446ecec40f276681a58d5c032c3aebbe5f9f7ade97bf24f-1","properties":{"facility_id":"52b02e415e2c34d26446ecec40f276681a58d5c032c3aebbe5f9f7ade97bf24f","point_ordinal":1,"zone_group_id":"292001007373","source_manage_no":"292001007373","facility_name":"신상록어린이집","sgg_code":"12330","facility_type_code":"1","api_first_registered_on":"2008-01-01","api_last_modified_on":null,"updated_at":"2026-07-25T01:27:52.347112+00:00"},"geometry":{"type":"Point","coordinates":[126.7862853,35.126287141]}},{"type":"Feature","id":"128c850f750e80b6f99ba343c8560b275864ca847232e4716411b80233fcd96c-1","properties":{"facility_id":"128c850f750e80b6f99ba343c8560b275864ca847232e4716411b80233fcd96c","point_ordinal":1,"zone_group_id":"292001007400","source_manage_no":"292001007400","facility_name":"신창초등학교","sgg_code":"12330","facility_type_code":"1","api_first_registered_on":"2005-01-01","api_last_modified_on":null,"updated_at":"2026-07-25T01:27:52.347112+00:00"},"geometry":{"type":"Point","coordinates":[126.841381232,35.198500601]}},{"type":"Feature","id":"b7767fa91ff4bc10eefb10afedd255e0563476b01e3cb97ab79cbf7417e77f79-1","properties":{"facility_id":"b7767fa91ff4bc10eefb10afedd255e0563476b01e3cb97ab79cbf7417e77f79","point_ordinal":1,"zone_group_id":"292001007400","source_manage_no":"292001028835","facility_name":"신창초등학교병설유치원","sgg_code":"12330","facility_type_code":"1","api_first_registered_on":null,"api_last_modified_on":"2025-03-25","updated_at":"2026-07-25T01:27:52.347112+00:00"},"geometry":{"type":"Point","coordinates":[126.840798385,35.198280711]}},{"type":"Feature","id":"b83dbac585dfa3fcfbc6fc81af82165a2529784c03477bf4ad44af2f97bd9141-1","properties":{"facility_id":"b83dbac585dfa3fcfbc6fc81af82165a2529784c03477bf4ad44af2f97bd9141","point_ordinal":1,"zone_group_id":"292002026387","source_manage_no":"292002026387","facility_name":"심청이네 시니어복지센터","sgg_code":"12330","facility_type_code":"2","api_first_registered_on":"2022-11-30","api_last_modified_on":null,"updated_at":"2026-07-25T01:27:52.347112+00:00"},"geometry":{"type":"Point","coordinates":[126.789193103,35.128518523]}},{"type":"Feature","id":"b955007ca392c35448abc2545c9795dd96838cf72069c02bfd5f7330fed71835-1","properties":{"facility_id":"b955007ca392c35448abc2545c9795dd96838cf72069c02bfd5f7330fed71835","point_ordinal":1,"zone_group_id":"292001007452","source_manage_no":"292001007452","facility_name":"썸머힐어린이집","sgg_code":"12330","facility_type_code":"1","api_first_registered_on":"2012-01-01","api_last_modified_on":null,"updated_at":"2026-07-25T01:27:52.347112+00:00"},"geometry":{"type":"Point","coordinates":[126.813556501,35.191926009]}},{"type":"Feature","id":"32e56df17f6fa3c48fe0f831be3f95305f1779c1ba6f12c0374ed4f3cbaf35a8-1","properties":{"facility_id":"32e56df17f6fa3c48fe0f831be3f95305f1779c1ba6f12c0374ed4f3cbaf35a8","point_ordinal":1,"zone_group_id":"292001007405","source_manage_no":"292001007405","facility_name":"아이원어린이집","sgg_code":"12330","facility_type_code":"1","api_first_registered_on":"2006-01-01","api_last_modified_on":null,"updated_at":"2026-07-25T01:27:52.347112+00:00"},"geometry":{"type":"Point","coordinates":[126.838957026,35.188577763]}},{"type":"Feature","id":"68b42e24e79467645eec87588019356ba77bddac22befd21a97d08d9b3b5d03d-1","properties":{"facility_id":"68b42e24e79467645eec87588019356ba77bddac22befd21a97d08d9b3b5d03d","point_ordinal":1,"zone_group_id":"292001021179","source_manage_no":"292001021179","facility_name":"아이원유치원","sgg_code":"12330","facility_type_code":"1","api_first_registered_on":null,"api_last_modified_on":null,"updated_at":"2026-07-25T01:27:52.347112+00:00"},"geometry":{"type":"Point","coordinates":[126.842937034,35.189333367]}},{"type":"Feature","id":"abc49923a30a6a29adcead33493a962492c938c7391da12d89d859580631fdad-1","properties":{"facility_id":"abc49923a30a6a29adcead33493a962492c938c7391da12d89d859580631fdad","point_ordinal":1,"zone_group_id":"292001007457","source_manage_no":"292001007457","facility_name":"아일다유치원","sgg_code":"12330","facility_type_code":"1","api_first_registered_on":"2011-01-01","api_last_modified_on":null,"updated_at":"2026-07-25T01:27:52.347112+00:00"},"geometry":{"type":"Point","coordinates":[126.83239122,35.223175766]}},{"type":"Feature","id":"d192c8024e53fa74804d0d5a9465023fc59ab224b281c4b74ed6db39750c33da-1","properties":{"facility_id":"d192c8024e53fa74804d0d5a9465023fc59ab224b281c4b74ed6db39750c33da","point_ordinal":1,"zone_group_id":"292003007290","source_manage_no":"292003007290","facility_name":"애일의집","sgg_code":"12330","facility_type_code":"3","api_first_registered_on":null,"api_last_modified_on":null,"updated_at":"2026-07-25T01:27:52.347112+00:00"},"geometry":{"type":"Point","coordinates":[126.67035059,35.190389393]}},{"type":"Feature","id":"23d5872df6eac2b29d734fa4937ff583eb2fd3b31a37e495f182104aa6582e3f-1","properties":{"facility_id":"23d5872df6eac2b29d734fa4937ff583eb2fd3b31a37e495f182104aa6582e3f","point_ordinal":1,"zone_group_id":"292001007453","source_manage_no":"292001007453","facility_name":"애플유치원","sgg_code":"12330","facility_type_code":"1","api_first_registered_on":"2011-01-01","api_last_modified_on":null,"updated_at":"2026-07-25T01:27:52.347112+00:00"},"geometry":{"type":"Point","coordinates":[126.83948207,35.192917783]}},{"type":"Feature","id":"b3780c8ab6feb19dd9930a2f2e329b77691c3a8a2bc69739625e665fcc64fae8-1","properties":{"facility_id":"b3780c8ab6feb19dd9930a2f2e329b77691c3a8a2bc69739625e665fcc64fae8","point_ordinal":1,"zone_group_id":"292003007291","source_manage_no":"292003007291","facility_name":"어등재활원","sgg_code":"12330","facility_type_code":"3","api_first_registered_on":null,"api_last_modified_on":"2025-06-30","updated_at":"2026-07-25T01:27:52.347112+00:00"},"geometry":{"type":"Point","coordinates":[126.679202947,35.172339299]}},{"type":"Feature","id":"4d3ad7377d8c89e086f93404866d4410030462be670b8c7afe02d29f78193d08-1","properties":{"facility_id":"4d3ad7377d8c89e086f93404866d4410030462be670b8c7afe02d29f78193d08","point_ordinal":1,"zone_group_id":"292001007433","source_manage_no":"292001007433","facility_name":"어등초등학교","sgg_code":"12330","facility_type_code":"1","api_first_registered_on":"1996-01-01","api_last_modified_on":null,"updated_at":"2026-07-25T01:27:52.347112+00:00"},"geometry":{"type":"Point","coordinates":[126.807756074,35.166113526]}},{"type":"Feature","id":"01fe996ae2634af2a30cf6f0bd85fa631a1a12648dbfd6533d4735ddb202ee27-1","properties":{"facility_id":"01fe996ae2634af2a30cf6f0bd85fa631a1a12648dbfd6533d4735ddb202ee27","point_ordinal":1,"zone_group_id":"292001007433","source_manage_no":"292001028846","facility_name":"어등초등학교병설유치원","sgg_code":"12330","facility_type_code":"1","api_first_registered_on":null,"api_last_modified_on":"2025-03-25","updated_at":"2026-07-25T01:27:52.347112+00:00"},"geometry":{"type":"Point","coordinates":[126.807574073,35.16524064]}},{"type":"Feature","id":"a5314ddf074575671b3b19a8d7fd71ed6acb5b7d3a6c6b33a105ed777e4e8367-1","properties":{"facility_id":"a5314ddf074575671b3b19a8d7fd71ed6acb5b7d3a6c6b33a105ed777e4e8367","point_ordinal":1,"zone_group_id":"292001007363","source_manage_no":"292001007363","facility_name":"어룡초등학교","sgg_code":"12330","facility_type_code":"1","api_first_registered_on":"2004-01-01","api_last_modified_on":null,"updated_at":"2026-07-25T01:27:52.347112+00:00"},"geometry":{"type":"Point","coordinates":[126.792773781,35.155242003]}},{"type":"Feature","id":"ab183844ffbaffff84abbe25c5a0ac77b5bfcdac5ab298a01ceb9c57c708a4ec-1","properties":{"facility_id":"ab183844ffbaffff84abbe25c5a0ac77b5bfcdac5ab298a01ceb9c57c708a4ec","point_ordinal":1,"zone_group_id":"292001007363","source_manage_no":"292001028833","facility_name":"어룡초등학교병설유치원","sgg_code":"12330","facility_type_code":"1","api_first_registered_on":null,"api_last_modified_on":"2025-03-25","updated_at":"2026-07-25T01:27:52.347112+00:00"},"geometry":{"type":"Point","coordinates":[126.793602159,35.155045821]}},{"type":"Feature","id":"5427556bf8a0ecde14970b186a60c4a06ffe8a7b3af65d81c2f5ca7cdfa398e8-1","properties":{"facility_id":"5427556bf8a0ecde14970b186a60c4a06ffe8a7b3af65d81c2f5ca7cdfa398e8","point_ordinal":1,"zone_group_id":"292002026384","source_manage_no":"292002026384","facility_name":"에덴실버타운","sgg_code":"12330","facility_type_code":"2","api_first_registered_on":"2021-12-31","api_last_modified_on":null,"updated_at":"2026-07-25T01:27:52.347112+00:00"},"geometry":{"type":"Point","coordinates":[126.672260215,35.154589182]}},{"type":"Feature","id":"e904b4931d06d9a0a53d6f1accf07848a804fb847651aea6fe447b3712f82c0c-1","properties":{"facility_id":"e904b4931d06d9a0a53d6f1accf07848a804fb847651aea6fe447b3712f82c0c","point_ordinal":1,"zone_group_id":"292001007347","source_manage_no":"292001007347","facility_name":"엠마우스어린이집","sgg_code":"12330","facility_type_code":"1","api_first_registered_on":"2008-01-01","api_last_modified_on":null,"updated_at":"2026-07-25T01:27:52.347112+00:00"},"geometry":{"type":"Point","coordinates":[126.804741867,35.174500073]}},{"type":"Feature","id":"ce6c6488159e08290f051b1eaad8e766393f5caad50a94ec14328b3e00888034-1","properties":{"facility_id":"ce6c6488159e08290f051b1eaad8e766393f5caad50a94ec14328b3e00888034","point_ordinal":1,"zone_group_id":"292001007383","source_manage_no":"292001007383","facility_name":"연세어린이집","sgg_code":"12330","facility_type_code":"1","api_first_registered_on":"2006-01-01","api_last_modified_on":null,"updated_at":"2026-07-25T01:27:52.347112+00:00"},"geometry":{"type":"Point","coordinates":[126.842045834,35.184194306]}},{"type":"Feature","id":"97533688e1bde7ec41f7a5d9664c076c43fcc64afb5d2f6b06cfbdffc035d00b-1","properties":{"facility_id":"97533688e1bde7ec41f7a5d9664c076c43fcc64afb5d2f6b06cfbdffc035d00b","point_ordinal":1,"zone_group_id":"292001007428","source_manage_no":"292001007428","facility_name":"열린어린이집","sgg_code":"12330","facility_type_code":"1","api_first_registered_on":"2008-01-01","api_last_modified_on":null,"updated_at":"2026-07-25T01:27:52.347112+00:00"},"geometry":{"type":"Point","coordinates":[126.794831197,35.125462513]}},{"type":"Feature","id":"b4f961bacbe9b24197805c1f6e8b834f4cddec0a32ed06a6287399593a4c7a7e-1","properties":{"facility_id":"b4f961bacbe9b24197805c1f6e8b834f4cddec0a32ed06a6287399593a4c7a7e","point_ordinal":1,"zone_group_id":"292001007285","source_manage_no":"292001007285","facility_name":"영천초등학교","sgg_code":"12330","facility_type_code":"1","api_first_registered_on":"2004-01-01","api_last_modified_on":null,"updated_at":"2026-07-25T01:27:52.347112+00:00"},"geometry":{"type":"Point","coordinates":[126.812119653,35.172861061]}},{"type":"Feature","id":"5c6a156bf14945d408627fd4d993954103f9ae3b0ec5cc73b8a583a18be5a7f2-1","properties":{"facility_id":"5c6a156bf14945d408627fd4d993954103f9ae3b0ec5cc73b8a583a18be5a7f2","point_ordinal":1,"zone_group_id":"292001007285","source_manage_no":"292001028834","facility_name":"영천초등학교병설유치원","sgg_code":"12330","facility_type_code":"1","api_first_registered_on":null,"api_last_modified_on":"2025-03-25","updated_at":"2026-07-25T01:27:52.347112+00:00"},"geometry":{"type":"Point","coordinates":[126.811329896,35.172739075]}},{"type":"Feature","id":"c972f482d62f00f4ece86fe38d4badce97aede5c9307326bb6f542c5027d683a-1","properties":{"facility_id":"c972f482d62f00f4ece86fe38d4badce97aede5c9307326bb6f542c5027d683a","point_ordinal":1,"zone_group_id":"292001007450","source_manage_no":"292001007450","facility_name":"예향유치원","sgg_code":"12330","facility_type_code":"1","api_first_registered_on":"1996-08-27","api_last_modified_on":null,"updated_at":"2026-07-25T01:27:52.347112+00:00"},"geometry":{"type":"Point","coordinates":[126.812622957,35.195825046]}},{"type":"Feature","id":"7b4ef337a4019ff641cc35f8b978488d0b334efe024932521b708bf9ecbc0247-1","properties":{"facility_id":"7b4ef337a4019ff641cc35f8b978488d0b334efe024932521b708bf9ecbc0247","point_ordinal":1,"zone_group_id":"292001007334","source_manage_no":"292001007334","facility_name":"오색어린이집","sgg_code":"12330","facility_type_code":"1","api_first_registered_on":"2008-01-01","api_last_modified_on":null,"updated_at":"2026-07-25T01:27:52.347112+00:00"},"geometry":{"type":"Point","coordinates":[126.808302027,35.172960522]}},{"type":"Feature","id":"13d69162b48e784ca5744e071d3ebadf38e893e42ccadcf3708af6c05b2dedb8-1","properties":{"facility_id":"13d69162b48e784ca5744e071d3ebadf38e893e42ccadcf3708af6c05b2dedb8","point_ordinal":1,"zone_group_id":"292002007281","source_manage_no":"292002007281","facility_name":"운남대교 게이트볼장","sgg_code":"12330","facility_type_code":"2","api_first_registered_on":"2012-01-01","api_last_modified_on":null,"updated_at":"2026-07-25T01:27:52.347112+00:00"},"geometry":{"type":"Point","coordinates":[126.817697811,35.169551295]}},{"type":"Feature","id":"22f108bb88bf9c3d8394d5d13f959c6882c8222a647ab7066870793f749b6192-1","properties":{"facility_id":"22f108bb88bf9c3d8394d5d13f959c6882c8222a647ab7066870793f749b6192","point_ordinal":1,"zone_group_id":"292001026411","source_manage_no":"292001026411","facility_name":"운남어린이집","sgg_code":"12330","facility_type_code":"1","api_first_registered_on":null,"api_last_modified_on":null,"updated_at":"2026-07-25T01:27:52.347112+00:00"},"geometry":{"type":"Point","coordinates":[126.820966363,35.17523559]}},{"type":"Feature","id":"27bbbe3a4d8a20a313d61050d54495019fb7b26327f51a324211b5ef66bf933a-1","properties":{"facility_id":"27bbbe3a4d8a20a313d61050d54495019fb7b26327f51a324211b5ef66bf933a","point_ordinal":1,"zone_group_id":"292001007479","source_manage_no":"292001007479","facility_name":"운남초등학교","sgg_code":"12330","facility_type_code":"1","api_first_registered_on":"1997-01-01","api_last_modified_on":null,"updated_at":"2026-07-25T01:27:52.347112+00:00"},"geometry":{"type":"Point","coordinates":[126.820450038,35.177276397]}},{"type":"Feature","id":"59d6f82832b26acf119a87fbeed71838c2061c1c581f2df608c91f8cf386334e-1","properties":{"facility_id":"59d6f82832b26acf119a87fbeed71838c2061c1c581f2df608c91f8cf386334e","point_ordinal":1,"zone_group_id":"292001007479","source_manage_no":"292001028824","facility_name":"운남초등학교병설유치원","sgg_code":"12330","facility_type_code":"1","api_first_registered_on":null,"api_last_modified_on":"2025-03-25","updated_at":"2026-07-25T01:27:52.347112+00:00"},"geometry":{"type":"Point","coordinates":[126.819780357,35.177445753]}},{"type":"Feature","id":"015b47f535e5585d8f406d92478694930863867fe8ef3638d0c925e7a1d397b6-1","properties":{"facility_id":"015b47f535e5585d8f406d92478694930863867fe8ef3638d0c925e7a1d397b6","point_ordinal":1,"zone_group_id":"292001007460","source_manage_no":"292001007460","facility_name":"월계초등학교","sgg_code":"12330","facility_type_code":"1","api_first_registered_on":"1997-01-01","api_last_modified_on":null,"updated_at":"2026-07-25T01:27:52.347112+00:00"},"geometry":{"type":"Point","coordinates":[126.835477822,35.21387828]}},{"type":"Feature","id":"276cc0cb542a251bef3160e75e433ab94ff29bd9b19e0cf147f81cf238f008f6-1","properties":{"facility_id":"276cc0cb542a251bef3160e75e433ab94ff29bd9b19e0cf147f81cf238f008f6","point_ordinal":1,"zone_group_id":"292001007460","source_manage_no":"292001028822","facility_name":"월계초등학교병설유치원","sgg_code":"12330","facility_type_code":"1","api_first_registered_on":null,"api_last_modified_on":"2025-03-25","updated_at":"2026-07-25T01:27:52.347112+00:00"},"geometry":{"type":"Point","coordinates":[126.834797006,35.213359044]}},{"type":"Feature","id":"b6848519c0c00c349df17623590d09b8cf48ab52732c1ae654cd4147abae5b7b-1","properties":{"facility_id":"b6848519c0c00c349df17623590d09b8cf48ab52732c1ae654cd4147abae5b7b","point_ordinal":1,"zone_group_id":"292001007431","source_manage_no":"292001007431","facility_name":"월곡초등학교","sgg_code":"12330","facility_type_code":"1","api_first_registered_on":"1995-01-01","api_last_modified_on":null,"updated_at":"2026-07-25T01:27:52.347112+00:00"},"geometry":{"type":"Point","coordinates":[126.814071704,35.165905994]}},{"type":"Feature","id":"3fc9d3936b92c7aa9ccc96e6c3a14cc5eb507cf33028a1b5147cb5eedd39775a-1","properties":{"facility_id":"3fc9d3936b92c7aa9ccc96e6c3a14cc5eb507cf33028a1b5147cb5eedd39775a","point_ordinal":1,"zone_group_id":"292001007340","source_manage_no":"292001007340","facility_name":"월봉초등학교","sgg_code":"12330","facility_type_code":"1","api_first_registered_on":"2008-01-01","api_last_modified_on":null,"updated_at":"2026-07-25T01:27:52.347112+00:00"},"geometry":{"type":"Point","coordinates":[126.848303435,35.209089572]}},{"type":"Feature","id":"39e72df07433055d664c88bd64c512ac1274c897e817ba54ce871fba242f60c7-1","properties":{"facility_id":"39e72df07433055d664c88bd64c512ac1274c897e817ba54ce871fba242f60c7","point_ordinal":1,"zone_group_id":"292001007294","source_manage_no":"292001007444","facility_name":"윌링스플러스유치원","sgg_code":"12330","facility_type_code":"1","api_first_registered_on":"2014-01-01","api_last_modified_on":null,"updated_at":"2026-07-25T01:27:52.347112+00:00"},"geometry":{"type":"Point","coordinates":[126.826399598,35.211564866]}},{"type":"Feature","id":"464d9b5024515dbf3444e6745f1a95d06af421b8a3c1574a196b91b46ca52ba4-1","properties":{"facility_id":"464d9b5024515dbf3444e6745f1a95d06af421b8a3c1574a196b91b46ca52ba4","point_ordinal":1,"zone_group_id":"292001007388","source_manage_no":"292001007388","facility_name":"유앤미유치원","sgg_code":"12330","facility_type_code":"1","api_first_registered_on":"2002-01-01","api_last_modified_on":null,"updated_at":"2026-07-25T01:27:52.347112+00:00"},"geometry":{"type":"Point","coordinates":[126.832160504,35.18425742]}},{"type":"Feature","id":"419b1c8f04fac548b653601f9689cab02d9a0e241840240e89784c34db75a2fa-1","properties":{"facility_id":"419b1c8f04fac548b653601f9689cab02d9a0e241840240e89784c34db75a2fa","point_ordinal":1,"zone_group_id":"292001007436","source_manage_no":"292001007436","facility_name":"은광어린이집","sgg_code":"12330","facility_type_code":"1","api_first_registered_on":"2008-01-01","api_last_modified_on":null,"updated_at":"2026-07-25T01:27:52.347112+00:00"},"geometry":{"type":"Point","coordinates":[126.812311208,35.171549652]}},{"type":"Feature","id":"0862aa5a10fd5c20e0db5ea64df5868ef55ace649627c3bc8e045a2328822b4c-1","properties":{"facility_id":"0862aa5a10fd5c20e0db5ea64df5868ef55ace649627c3bc8e045a2328822b4c","point_ordinal":1,"zone_group_id":"292001007326","source_manage_no":"292001007326","facility_name":"은비어린이집","sgg_code":"12330","facility_type_code":"1","api_first_registered_on":"2008-01-01","api_last_modified_on":null,"updated_at":"2026-07-25T01:27:52.347112+00:00"},"geometry":{"type":"Point","coordinates":[126.819728769,35.223637269]}},{"type":"Feature","id":"084bba19282e7b8a05211f13ca3acc90759c1b16670c5a11df1bb239e371049d-1","properties":{"facility_id":"084bba19282e7b8a05211f13ca3acc90759c1b16670c5a11df1bb239e371049d","point_ordinal":1,"zone_group_id":"292001007386","source_manage_no":"292001007386","facility_name":"은빛초등학교","sgg_code":"12330","facility_type_code":"1","api_first_registered_on":"2013-01-01","api_last_modified_on":null,"updated_at":"2026-07-25T01:27:52.347112+00:00"},"geometry":{"type":"Point","coordinates":[126.82797678,35.188156653]}},{"type":"Feature","id":"73e78546ebd04e09df4ad8bb719117a3f6c1dc4090b2da92583f135599e4391f-1","properties":{"facility_id":"73e78546ebd04e09df4ad8bb719117a3f6c1dc4090b2da92583f135599e4391f","point_ordinal":1,"zone_group_id":"292001007307","source_manage_no":"292001007307","facility_name":"은송몬테소리유치원","sgg_code":"12330","facility_type_code":"1","api_first_registered_on":"2011-01-01","api_last_modified_on":null,"updated_at":"2026-07-25T01:27:52.347112+00:00"},"geometry":{"type":"Point","coordinates":[126.823752494,35.174364242]}},{"type":"Feature","id":"5087df390e9d329058f496d68089cb71d5cee8e3bf2af9a244da7b67b0d5cfe5-1","properties":{"facility_id":"5087df390e9d329058f496d68089cb71d5cee8e3bf2af9a244da7b67b0d5cfe5","point_ordinal":1,"zone_group_id":"292001007427","source_manage_no":"292001007427","facility_name":"은송어린이집","sgg_code":"12330","facility_type_code":"1","api_first_registered_on":"1998-01-01","api_last_modified_on":null,"updated_at":"2026-07-25T01:27:52.347112+00:00"},"geometry":{"type":"Point","coordinates":[126.824353257,35.174755325]}},{"type":"Feature","id":"09b48165f42db7de09d442a4200469764e648d904e091f1d7d8f6eaa62897304-1","properties":{"facility_id":"09b48165f42db7de09d442a4200469764e648d904e091f1d7d8f6eaa62897304","point_ordinal":1,"zone_group_id":"292001007434","source_manage_no":"292001007434","facility_name":"은송유치원","sgg_code":"12330","facility_type_code":"1","api_first_registered_on":"2011-01-01","api_last_modified_on":null,"updated_at":"2026-07-25T01:27:52.347112+00:00"},"geometry":{"type":"Point","coordinates":[126.811076534,35.16430201]}},{"type":"Feature","id":"1e996ff621996015919535e2cc3e109c30417bf9545a20eaddf0626c03b959a7-1","properties":{"facility_id":"1e996ff621996015919535e2cc3e109c30417bf9545a20eaddf0626c03b959a7","point_ordinal":1,"zone_group_id":"292002007282","source_manage_no":"292002007282","facility_name":"응암공원","sgg_code":"12330","facility_type_code":"2","api_first_registered_on":"2011-01-01","api_last_modified_on":null,"updated_at":"2026-07-25T01:27:52.347112+00:00"},"geometry":{"type":"Point","coordinates":[126.832016035,35.21666349]}},{"type":"Feature","id":"a2c86bfc84db27ef3869f4e70140c4c53affe11ca3e0c51d16252d4e93639b7d-1","properties":{"facility_id":"a2c86bfc84db27ef3869f4e70140c4c53affe11ca3e0c51d16252d4e93639b7d","point_ordinal":1,"zone_group_id":"292001007429","source_manage_no":"292001007429","facility_name":"이솝예술어린이집","sgg_code":"12330","facility_type_code":"1","api_first_registered_on":"2013-01-01","api_last_modified_on":null,"updated_at":"2026-07-25T01:27:52.347112+00:00"},"geometry":{"type":"Point","coordinates":[126.832763479,35.209913941]}},{"type":"Feature","id":"75622a0aef1623c6d6e196dfea3d65da2ef5983f881c53d91cbb1068f0d023b4-1","properties":{"facility_id":"75622a0aef1623c6d6e196dfea3d65da2ef5983f881c53d91cbb1068f0d023b4","point_ordinal":1,"zone_group_id":"292001007376","source_manage_no":"292001007376","facility_name":"인스나인유치원","sgg_code":"12330","facility_type_code":"1","api_first_registered_on":"2011-01-01","api_last_modified_on":null,"updated_at":"2026-07-25T01:27:52.347112+00:00"},"geometry":{"type":"Point","coordinates":[126.796145554,35.127048132]}},{"type":"Feature","id":"f2be82ef7981da66354746983b80da88504103890442ec66c6bce6c955463cb9-1","properties":{"facility_id":"f2be82ef7981da66354746983b80da88504103890442ec66c6bce6c955463cb9","point_ordinal":1,"zone_group_id":"292002028633","source_manage_no":"292002028633","facility_name":"임곡요양원","sgg_code":"12330","facility_type_code":"2","api_first_registered_on":null,"api_last_modified_on":"2025-03-21","updated_at":"2026-08-21T01:47:52.345433+00:00"},"geometry":{"type":"Point","coordinates":[126.75202277,35.217544279]}},{"type":"Feature","id":"d891cd48fcf0befc1b6351532e73891e263e71064264f0648c4f004201a10a7e-1","properties":{"facility_id":"d891cd48fcf0befc1b6351532e73891e263e71064264f0648c4f004201a10a7e","point_ordinal":1,"zone_group_id":"292001007486","source_manage_no":"292001007486","facility_name":"임곡초등학교","sgg_code":"12330","facility_type_code":"1","api_first_registered_on":"1996-01-01","api_last_modified_on":null,"updated_at":"2026-07-25T01:27:52.347112+00:00"},"geometry":{"type":"Point","coordinates":[126.746162291,35.219982486]}},{"type":"Feature","id":"2b9ad3a18b96a5d474c8076f41f624a0c19bbf57cad1777c373b7804b68087ae-1","properties":{"facility_id":"2b9ad3a18b96a5d474c8076f41f624a0c19bbf57cad1777c373b7804b68087ae","point_ordinal":1,"zone_group_id":"292001007486","source_manage_no":"292001028815","facility_name":"임곡초등학교병설유치원","sgg_code":"12330","facility_type_code":"1","api_first_registered_on":null,"api_last_modified_on":"2025-03-25","updated_at":"2026-07-25T01:27:52.347112+00:00"},"geometry":{"type":"Point","coordinates":[126.747286375,35.221019321]}},{"type":"Feature","id":"3b4358aaeb09966d7d7e02bcff3bd1bf2a93c26774727a2404808ee0ba60cf1b-1","properties":{"facility_id":"3b4358aaeb09966d7d7e02bcff3bd1bf2a93c26774727a2404808ee0ba60cf1b","point_ordinal":1,"zone_group_id":"292001007384","source_manage_no":"292001007384","facility_name":"장덕초등학교","sgg_code":"12330","facility_type_code":"1","api_first_registered_on":"2009-01-01","api_last_modified_on":null,"updated_at":"2026-07-25T01:27:52.347112+00:00"},"geometry":{"type":"Point","coordinates":[126.813691932,35.186278753]}},{"type":"Feature","id":"a47bd616bc7015c00a8dd3710936b88a8f8408ae12019e491b12fabde22d5d9c-1","properties":{"facility_id":"a47bd616bc7015c00a8dd3710936b88a8f8408ae12019e491b12fabde22d5d9c","point_ordinal":1,"zone_group_id":"292002007567","source_manage_no":"292002007567","facility_name":"장수실버그린노인전문병원","sgg_code":"12330","facility_type_code":"2","api_first_registered_on":"2016-02-01","api_last_modified_on":"2025-03-21","updated_at":"2026-07-25T01:27:52.347112+00:00"},"geometry":{"type":"Point","coordinates":[126.666072421,35.164707258]}},{"type":"Feature","id":"4062c5bb44db4b05a6f445f296dcac66f1bb00cbfef568516a274472135c3505-1","properties":{"facility_id":"4062c5bb44db4b05a6f445f296dcac66f1bb00cbfef568516a274472135c3505","point_ordinal":1,"zone_group_id":"292001007455","source_manage_no":"292001007455","facility_name":"정암초등학교","sgg_code":"12330","facility_type_code":"1","api_first_registered_on":"1997-01-01","api_last_modified_on":null,"updated_at":"2026-07-25T01:27:52.347112+00:00"},"geometry":{"type":"Point","coordinates":[126.837356131,35.223401417]}},{"type":"Feature","id":"4c6113903f94d2a37f6de416373d379da1bad7e18cc6612b4f201fb74729e8ae-1","properties":{"facility_id":"4c6113903f94d2a37f6de416373d379da1bad7e18cc6612b4f201fb74729e8ae","point_ordinal":1,"zone_group_id":"292001007455","source_manage_no":"292001028823","facility_name":"정암초등학교병설유치원","sgg_code":"12330","facility_type_code":"1","api_first_registered_on":null,"api_last_modified_on":"2025-03-25","updated_at":"2026-07-25T01:27:52.347112+00:00"},"geometry":{"type":"Point","coordinates":[126.837585554,35.22287431]}},{"type":"Feature","id":"8492d573d477a3a03f890a4f7f9c52d1c16d5ca4f9fa66f16ee071b1fe20cfe0-1","properties":{"facility_id":"8492d573d477a3a03f890a4f7f9c52d1c16d5ca4f9fa66f16ee071b1fe20cfe0","point_ordinal":1,"zone_group_id":"292001007462","source_manage_no":"292001007462","facility_name":"지혜숲어린이집","sgg_code":"12330","facility_type_code":"1","api_first_registered_on":"2013-01-01","api_last_modified_on":null,"updated_at":"2026-07-25T01:27:52.347112+00:00"},"geometry":{"type":"Point","coordinates":[126.835351236,35.209188787]}},{"type":"Feature","id":"4ac0fcc6e1c35cb21f91aeac104b6569bf0c6acad9346047fb92c1824323e9ea-1","properties":{"facility_id":"4ac0fcc6e1c35cb21f91aeac104b6569bf0c6acad9346047fb92c1824323e9ea","point_ordinal":1,"zone_group_id":"292001007316","source_manage_no":"292001007316","facility_name":"진만초등학교","sgg_code":"12330","facility_type_code":"1","api_first_registered_on":"2002-01-01","api_last_modified_on":null,"updated_at":"2026-07-25T01:27:52.347112+00:00"},"geometry":{"type":"Point","coordinates":[126.834661059,35.183351453]}},{"type":"Feature","id":"cbee94ab8a6cfcc8e92088b12b3533ed15f753c650dfb49f5515c17d821060c8-1","properties":{"facility_id":"cbee94ab8a6cfcc8e92088b12b3533ed15f753c650dfb49f5515c17d821060c8","point_ordinal":1,"zone_group_id":"292001007316","source_manage_no":"292001028829","facility_name":"진만초등학교병설유치원","sgg_code":"12330","facility_type_code":"1","api_first_registered_on":null,"api_last_modified_on":"2025-03-25","updated_at":"2026-07-25T01:27:52.347112+00:00"},"geometry":{"type":"Point","coordinates":[126.833699832,35.183180256]}},{"type":"Feature","id":"ca0c04c64d31d49c18bf82a678522f599be82d5b726c4760bc7ded4848b040df-1","properties":{"facility_id":"ca0c04c64d31d49c18bf82a678522f599be82d5b726c4760bc7ded4848b040df","point_ordinal":1,"zone_group_id":"292001007437","source_manage_no":"292001007437","facility_name":"첨단산월어린이집","sgg_code":"12330","facility_type_code":"1","api_first_registered_on":"2008-01-01","api_last_modified_on":null,"updated_at":"2026-07-25T01:27:52.347112+00:00"},"geometry":{"type":"Point","coordinates":[126.849137673,35.201130404]}},{"type":"Feature","id":"259f67986f61a99eb073d784622ec36549ef718119ef9aab039bfcff02b429f8-1","properties":{"facility_id":"259f67986f61a99eb073d784622ec36549ef718119ef9aab039bfcff02b429f8","point_ordinal":1,"zone_group_id":"292001007341","source_manage_no":"292001007341","facility_name":"첨단재능어린이집","sgg_code":"12330","facility_type_code":"1","api_first_registered_on":"2008-01-01","api_last_modified_on":null,"updated_at":"2026-07-25T01:27:52.347112+00:00"},"geometry":{"type":"Point","coordinates":[126.839494421,35.209031121]}},{"type":"Feature","id":"5c6141fbc83a432236303bbb7f84b9f3551b6fcc5502638b922f54797fda9149-1","properties":{"facility_id":"5c6141fbc83a432236303bbb7f84b9f3551b6fcc5502638b922f54797fda9149","point_ordinal":1,"zone_group_id":"292002007283","source_manage_no":"292002007283","facility_name":"첨단전천후게이트볼장","sgg_code":"12330","facility_type_code":"2","api_first_registered_on":"2011-01-01","api_last_modified_on":"2025-03-21","updated_at":"2026-07-25T01:27:52.347112+00:00"},"geometry":{"type":"Point","coordinates":[126.85152897,35.208483024]}},{"type":"Feature","id":"aa39ac2880c17a51234a6822e2d6e67f972d2c984541261b77a555018161bc87-1","properties":{"facility_id":"aa39ac2880c17a51234a6822e2d6e67f972d2c984541261b77a555018161bc87","point_ordinal":1,"zone_group_id":"292001007445","source_manage_no":"292001007445","facility_name":"첨단초등학교","sgg_code":"12330","facility_type_code":"1","api_first_registered_on":"2003-01-01","api_last_modified_on":null,"updated_at":"2026-07-25T01:27:52.347112+00:00"},"geometry":{"type":"Point","coordinates":[126.837244815,35.219559177]}},{"type":"Feature","id":"ea5a6d3a9946b9298c4c5e07db22b7e12510a96007896d5805cb819a2c77fccd-1","properties":{"facility_id":"ea5a6d3a9946b9298c4c5e07db22b7e12510a96007896d5805cb819a2c77fccd","point_ordinal":1,"zone_group_id":"292001007445","source_manage_no":"292001028832","facility_name":"첨단초등학교병설유치원","sgg_code":"12330","facility_type_code":"1","api_first_registered_on":null,"api_last_modified_on":"2025-03-25","updated_at":"2026-07-25T01:27:52.347112+00:00"},"geometry":{"type":"Point","coordinates":[126.837444563,35.219904175]}},{"type":"Feature","id":"70d7a8536fe7fb26cb9b1bfa02afbeaa7ca58d28baf312acb575718b530adb26-1","properties":{"facility_id":"70d7a8536fe7fb26cb9b1bfa02afbeaa7ca58d28baf312acb575718b530adb26","point_ordinal":1,"zone_group_id":"292001007459","source_manage_no":"292001007459","facility_name":"첨단해바라기어린이집","sgg_code":"12330","facility_type_code":"1","api_first_registered_on":"2008-01-01","api_last_modified_on":"2025-03-25","updated_at":"2026-07-25T01:27:52.347112+00:00"},"geometry":{"type":"Point","coordinates":[126.837108812,35.225437883]}},{"type":"Feature","id":"5e35cb43fd544d6059a729e8b815a21bd48881d261937995a7ff9f7374d40fd9-1","properties":{"facility_id":"5e35cb43fd544d6059a729e8b815a21bd48881d261937995a7ff9f7374d40fd9","point_ordinal":1,"zone_group_id":"292001007379","source_manage_no":"292001007379","facility_name":"큰별초등학교","sgg_code":"12330","facility_type_code":"1","api_first_registered_on":"2009-01-01","api_last_modified_on":null,"updated_at":"2026-07-25T01:27:52.347112+00:00"},"geometry":{"type":"Point","coordinates":[126.822082502,35.183157277]}},{"type":"Feature","id":"3ef9dfc3af9af96b0fe5898971578cb3079d55ca582646f430ac3a2dac7f126d-1","properties":{"facility_id":"3ef9dfc3af9af96b0fe5898971578cb3079d55ca582646f430ac3a2dac7f126d","point_ordinal":1,"zone_group_id":"292001007379","source_manage_no":"292001028841","facility_name":"큰별초등학교병설유치원","sgg_code":"12330","facility_type_code":"1","api_first_registered_on":null,"api_last_modified_on":"2025-03-25","updated_at":"2026-07-25T01:27:52.347112+00:00"},"geometry":{"type":"Point","coordinates":[126.82157911,35.183223848]}},{"type":"Feature","id":"9787296b7975e31ee5f3ca20e7107b8a9179e307a945a5d51e621a733dce60d1-1","properties":{"facility_id":"9787296b7975e31ee5f3ca20e7107b8a9179e307a945a5d51e621a733dce60d1","point_ordinal":1,"zone_group_id":"292001026410","source_manage_no":"292001026410","facility_name":"큰빛자연생태유치원","sgg_code":"12330","facility_type_code":"1","api_first_registered_on":null,"api_last_modified_on":null,"updated_at":"2026-07-25T01:27:52.347112+00:00"},"geometry":{"type":"Point","coordinates":[126.743283414,35.168495837]}},{"type":"Feature","id":"50e6fb9747817ca6f653f0b0e126bb3df8604e14c0c31a2222cddd232176ec54-1","properties":{"facility_id":"50e6fb9747817ca6f653f0b0e126bb3df8604e14c0c31a2222cddd232176ec54","point_ordinal":1,"zone_group_id":"292001007311","source_manage_no":"292001007311","facility_name":"큰솔유치원","sgg_code":"12330","facility_type_code":"1","api_first_registered_on":"2011-01-01","api_last_modified_on":null,"updated_at":"2026-07-25T01:27:52.347112+00:00"},"geometry":{"type":"Point","coordinates":[126.819664016,35.176072605]}},{"type":"Feature","id":"c78ec33e9ef05b246d5350ef797bc44fa7977f99fdfa852a7ff90dc7ab6bed0a-1","properties":{"facility_id":"c78ec33e9ef05b246d5350ef797bc44fa7977f99fdfa852a7ff90dc7ab6bed0a","point_ordinal":1,"zone_group_id":"292001021176","source_manage_no":"292001021176","facility_name":"파란나라유치원","sgg_code":"12330","facility_type_code":"1","api_first_registered_on":null,"api_last_modified_on":null,"updated_at":"2026-07-25T01:27:52.347112+00:00"},"geometry":{"type":"Point","coordinates":[126.810954369,35.15281095]}},{"type":"Feature","id":"f552ce8c4979cea782f964807c58c7f845ea17b2b4689f6aacea6ab5c960b502-1","properties":{"facility_id":"f552ce8c4979cea782f964807c58c7f845ea17b2b4689f6aacea6ab5c960b502","point_ordinal":1,"zone_group_id":"292001007469","source_manage_no":"292001007469","facility_name":"평동초등학교","sgg_code":"12330","facility_type_code":"1","api_first_registered_on":"1996-01-01","api_last_modified_on":"2025-04-29","updated_at":"2026-07-25T01:27:52.347112+00:00"},"geometry":{"type":"Point","coordinates":[126.75570149,35.126935195]}},{"type":"Feature","id":"960aae1772fe7dc749b8ee88ac79125f7b9f239ef339d987bb39d79c553ade78-1","properties":{"facility_id":"960aae1772fe7dc749b8ee88ac79125f7b9f239ef339d987bb39d79c553ade78","point_ordinal":1,"zone_group_id":"292001007469","source_manage_no":"292001028818","facility_name":"평동초등학교병설유치원","sgg_code":"12330","facility_type_code":"1","api_first_registered_on":null,"api_last_modified_on":"2025-03-25","updated_at":"2026-07-25T01:27:52.347112+00:00"},"geometry":{"type":"Point","coordinates":[126.756273914,35.127237138]}},{"type":"Feature","id":"55ca79799da1eb3988943e4b1b03b7968421be0a97f7af8bd4fca4a1f9c4761e-1","properties":{"facility_id":"55ca79799da1eb3988943e4b1b03b7968421be0a97f7af8bd4fca4a1f9c4761e","point_ordinal":1,"zone_group_id":"292001007381","source_manage_no":"292001007381","facility_name":"풍영초등학교","sgg_code":"12330","facility_type_code":"1","api_first_registered_on":"2002-01-01","api_last_modified_on":null,"updated_at":"2026-07-25T01:27:52.347112+00:00"},"geometry":{"type":"Point","coordinates":[126.839880669,35.182719468]}},{"type":"Feature","id":"39c931731cf02db5ef183ba320565da13b224a4544f6b17b8870499f8bc7939e-1","properties":{"facility_id":"39c931731cf02db5ef183ba320565da13b224a4544f6b17b8870499f8bc7939e","point_ordinal":1,"zone_group_id":"292001007381","source_manage_no":"292001028830","facility_name":"풍영초등학교병설유치원","sgg_code":"12330","facility_type_code":"1","api_first_registered_on":null,"api_last_modified_on":"2025-03-25","updated_at":"2026-07-25T01:27:52.347112+00:00"},"geometry":{"type":"Point","coordinates":[126.840590343,35.183219941]}},{"type":"Feature","id":"79743f444d6cd6bd2ea11d3b741a4c61b5e40fe31032bbb7b65d31ce4eeb8743-1","properties":{"facility_id":"79743f444d6cd6bd2ea11d3b741a4c61b5e40fe31032bbb7b65d31ce4eeb8743","point_ordinal":1,"zone_group_id":"292001007332","source_manage_no":"292001007332","facility_name":"피터팬어린이집","sgg_code":"12330","facility_type_code":"1","api_first_registered_on":"2006-01-01","api_last_modified_on":null,"updated_at":"2026-07-25T01:27:52.347112+00:00"},"geometry":{"type":"Point","coordinates":[126.806621905,35.166485753]}},{"type":"Feature","id":"a5733cdf23d92e1579e1ac13e813f93a105e69f722d907ca23dc2d290676f6df-1","properties":{"facility_id":"a5733cdf23d92e1579e1ac13e813f93a105e69f722d907ca23dc2d290676f6df","point_ordinal":1,"zone_group_id":"292001007349","source_manage_no":"292001007349","facility_name":"하남중앙초등학교","sgg_code":"12330","facility_type_code":"1","api_first_registered_on":"1995-01-01","api_last_modified_on":null,"updated_at":"2026-07-25T01:27:52.347112+00:00"},"geometry":{"type":"Point","coordinates":[126.804689705,35.167728036]}},{"type":"Feature","id":"45181f38d6161bdd81405f320ee087e66378ccdc3aedeab2f1444b811262ad58-1","properties":{"facility_id":"45181f38d6161bdd81405f320ee087e66378ccdc3aedeab2f1444b811262ad58","point_ordinal":1,"zone_group_id":"292001007349","source_manage_no":"292001028845","facility_name":"하남중앙초등학교병설유치원","sgg_code":"12330","facility_type_code":"1","api_first_registered_on":null,"api_last_modified_on":"2025-03-25","updated_at":"2026-07-25T01:27:52.347112+00:00"},"geometry":{"type":"Point","coordinates":[126.805370607,35.168675797]}},{"type":"Feature","id":"1b18cf4309879d6eed96a5f26f866de8af6e9de87f7318cbc9644a36b354f31e-1","properties":{"facility_id":"1b18cf4309879d6eed96a5f26f866de8af6e9de87f7318cbc9644a36b354f31e","point_ordinal":1,"zone_group_id":"292001007482","source_manage_no":"292001007482","facility_name":"하남초등학교","sgg_code":"12330","facility_type_code":"1","api_first_registered_on":"2009-01-01","api_last_modified_on":null,"updated_at":"2026-07-25T01:27:52.347112+00:00"},"geometry":{"type":"Point","coordinates":[126.79942739,35.179536978]}},{"type":"Feature","id":"bb6d25af584cf2d5073b64bb3c3bed0fc79217eb3834cce116d3495c66e70091-1","properties":{"facility_id":"bb6d25af584cf2d5073b64bb3c3bed0fc79217eb3834cce116d3495c66e70091","point_ordinal":1,"zone_group_id":"292001007482","source_manage_no":"292001028814","facility_name":"하남초등학교병설유치원","sgg_code":"12330","facility_type_code":"1","api_first_registered_on":null,"api_last_modified_on":"2025-03-25","updated_at":"2026-07-25T01:27:52.347112+00:00"},"geometry":{"type":"Point","coordinates":[126.79840192,35.179133646]}},{"type":"Feature","id":"fdc3b1c54efdaaad30ec547009406d82e7fe63291051d0b7ab851ea81ce712e0-1","properties":{"facility_id":"fdc3b1c54efdaaad30ec547009406d82e7fe63291051d0b7ab851ea81ce712e0","point_ordinal":1,"zone_group_id":"292002007273","source_manage_no":"292002007273","facility_name":"한빛노인전문요양원","sgg_code":"12330","facility_type_code":"2","api_first_registered_on":"2012-01-01","api_last_modified_on":null,"updated_at":"2026-07-25T01:27:52.347112+00:00"},"geometry":{"type":"Point","coordinates":[126.672665814,35.136412161]}},{"type":"Feature","id":"04779a67add676fcb0181e690fb50dad806161f2e08fdb79d82282bf0c15563b-1","properties":{"facility_id":"04779a67add676fcb0181e690fb50dad806161f2e08fdb79d82282bf0c15563b","point_ordinal":1,"zone_group_id":"292001007366","source_manage_no":"292001007366","facility_name":"해맑은어린이집","sgg_code":"12330","facility_type_code":"1","api_first_registered_on":"2013-01-01","api_last_modified_on":null,"updated_at":"2026-07-25T01:27:52.347112+00:00"},"geometry":{"type":"Point","coordinates":[126.794554188,35.148670672]}},{"type":"Feature","id":"321ccc8d6146b56eb608008224cd9cbd116fcd5ba37e0eaf8df92f4cfd0009ae-1","properties":{"facility_id":"321ccc8d6146b56eb608008224cd9cbd116fcd5ba37e0eaf8df92f4cfd0009ae","point_ordinal":1,"zone_group_id":"292001007314","source_manage_no":"292001007314","facility_name":"해밀유치원","sgg_code":"12330","facility_type_code":"1","api_first_registered_on":"2014-01-01","api_last_modified_on":null,"updated_at":"2026-07-25T01:27:52.347112+00:00"},"geometry":{"type":"Point","coordinates":[126.79866347,35.17130008]}},{"type":"Feature","id":"c2333e2f807c070762a6a9ef3b7190be1ffa7f5df4f0b7087acb4878291342c9-1","properties":{"facility_id":"c2333e2f807c070762a6a9ef3b7190be1ffa7f5df4f0b7087acb4878291342c9","point_ordinal":1,"zone_group_id":"292002007275","source_manage_no":"292002007275","facility_name":"해오름노인전문요양원","sgg_code":"12330","facility_type_code":"2","api_first_registered_on":"2013-01-01","api_last_modified_on":null,"updated_at":"2026-07-25T01:27:52.347112+00:00"},"geometry":{"type":"Point","coordinates":[126.68172488,35.199645926]}},{"type":"Feature","id":"cbe5c00a0a39e87b7e2e79dff174c723636d4d1473623d739089c4a610126ced-1","properties":{"facility_id":"cbe5c00a0a39e87b7e2e79dff174c723636d4d1473623d739089c4a610126ced","point_ordinal":1,"zone_group_id":"292001007417","source_manage_no":"292001007417","facility_name":"해피키즈어린이집","sgg_code":"12330","facility_type_code":"1","api_first_registered_on":"2008-01-01","api_last_modified_on":null,"updated_at":"2026-07-25T01:27:52.347112+00:00"},"geometry":{"type":"Point","coordinates":[126.837962763,35.198761485]}},{"type":"Feature","id":"d428c19aa65e40a9ed7781f4ea39aaada6e7a4c4d8b1b6d708288a880871614e-1","properties":{"facility_id":"d428c19aa65e40a9ed7781f4ea39aaada6e7a4c4d8b1b6d708288a880871614e","point_ordinal":1,"zone_group_id":"292002007279","source_manage_no":"292002007279","facility_name":"행복나루노인복지관","sgg_code":"12330","facility_type_code":"2","api_first_registered_on":"2011-01-01","api_last_modified_on":"2025-06-30","updated_at":"2026-07-25T01:27:52.347112+00:00"},"geometry":{"type":"Point","coordinates":[126.795253378,35.135059073]}},{"type":"Feature","id":"4abf12670f5686e189ad79505450d7b4b76240e9e837a27ce7318448f0deaf62-1","properties":{"facility_id":"4abf12670f5686e189ad79505450d7b4b76240e9e837a27ce7318448f0deaf62","point_ordinal":1,"zone_group_id":"292001007419","source_manage_no":"292001007419","facility_name":"혜화어린이집","sgg_code":"12330","facility_type_code":"1","api_first_registered_on":"2008-01-01","api_last_modified_on":null,"updated_at":"2026-07-25T01:27:52.347112+00:00"},"geometry":{"type":"Point","coordinates":[126.803163943,35.138044364]}},{"type":"Feature","id":"95523a726c8ab1dd6bad2154ad8edd17431c820f9b6f1bfd6f78f33f49e53389-1","properties":{"facility_id":"95523a726c8ab1dd6bad2154ad8edd17431c820f9b6f1bfd6f78f33f49e53389","point_ordinal":1,"zone_group_id":"292001007308","source_manage_no":"292001007308","facility_name":"호정어린이집","sgg_code":"12330","facility_type_code":"1","api_first_registered_on":"2008-01-01","api_last_modified_on":null,"updated_at":"2026-07-25T01:27:52.347112+00:00"},"geometry":{"type":"Point","coordinates":[126.826623346,35.175137662]}},{"type":"Feature","id":"39b79baca77e6b5d7846e60eb6c1c96f03d999896677ac24affd001d73f3f902-1","properties":{"facility_id":"39b79baca77e6b5d7846e60eb6c1c96f03d999896677ac24affd001d73f3f902","point_ordinal":1,"zone_group_id":"292002026382","source_manage_no":"292002026382","facility_name":"효정요양병원","sgg_code":"12330","facility_type_code":"2","api_first_registered_on":"2021-12-31","api_last_modified_on":null,"updated_at":"2026-07-25T01:27:52.347112+00:00"},"geometry":{"type":"Point","coordinates":[126.672624017,35.149858185]}},{"type":"Feature","id":"89d71a4a85251ea59adc194adcfda6c5071386c5fdcbd5ee0d30f14ec5fce1e0-1","properties":{"facility_id":"89d71a4a85251ea59adc194adcfda6c5071386c5fdcbd5ee0d30f14ec5fce1e0","point_ordinal":1,"zone_group_id":"467101013085","source_manage_no":"467101013085","facility_name":"가사문학초등학교","sgg_code":"12710","facility_type_code":"1","api_first_registered_on":"1996-02-04","api_last_modified_on":"2025-02-25","updated_at":"2026-08-20T01:42:42.035271+00:00"},"geometry":{"type":"Point","coordinates":[127.027364522,35.177789247]}},{"type":"Feature","id":"372cf594492247681d0f2ac0bc8e51f1f44cd8a6ef4d8a24bc2d2964b6e369a0-1","properties":{"facility_id":"372cf594492247681d0f2ac0bc8e51f1f44cd8a6ef4d8a24bc2d2964b6e369a0","point_ordinal":1,"zone_group_id":"467101013085","source_manage_no":"467101013084","facility_name":"가사문학초등학교 병설유치원","sgg_code":"12710","facility_type_code":"1","api_first_registered_on":"1996-02-04","api_last_modified_on":"2025-02-25","updated_at":"2026-07-25T01:27:52.347112+00:00"},"geometry":{"type":"Point","coordinates":[127.027361762,35.177741926]}},{"type":"Feature","id":"28ad35fba2e54f64480e8c9bb03dfafc53dc80cc8b3917d141bbb79fc18be1d2-1","properties":{"facility_id":"28ad35fba2e54f64480e8c9bb03dfafc53dc80cc8b3917d141bbb79fc18be1d2","point_ordinal":1,"zone_group_id":"467101013083","source_manage_no":"467101013083","facility_name":"고서초등학교","sgg_code":"12710","facility_type_code":"1","api_first_registered_on":"1996-02-04","api_last_modified_on":null,"updated_at":"2026-08-21T01:47:52.345433+00:00"},"geometry":{"type":"Point","coordinates":[126.974184064,35.223905052]}},{"type":"Feature","id":"3e8cb83d5e515dadce4d0967138254343df784c0510e212f0e3ca44eed1b812b-1","properties":{"facility_id":"3e8cb83d5e515dadce4d0967138254343df784c0510e212f0e3ca44eed1b812b","point_ordinal":1,"zone_group_id":"467101013083","source_manage_no":"467101013082","facility_name":"고서초등학교 병설유치원","sgg_code":"12710","facility_type_code":"1","api_first_registered_on":"1996-02-04","api_last_modified_on":null,"updated_at":"2026-07-25T01:27:52.347112+00:00"},"geometry":{"type":"Point","coordinates":[126.974186743,35.223959182]}},{"type":"Feature","id":"70c7f4c3700e314975a70628e2dfbff6d46757e2d5b285244f1304d5a9c53124-1","properties":{"facility_id":"70c7f4c3700e314975a70628e2dfbff6d46757e2d5b285244f1304d5a9c53124","point_ordinal":1,"zone_group_id":"467101023294","source_manage_no":"467101023294","facility_name":"금성초등학교","sgg_code":"12710","facility_type_code":"1","api_first_registered_on":null,"api_last_modified_on":null,"updated_at":"2026-08-21T01:47:52.345433+00:00"},"geometry":{"type":"Point","coordinates":[127.02537716,35.343911302]}},{"type":"Feature","id":"a6e3355e376b0a8d8b1fa0bc8c770f0c742032203f58723a2fecaaaf3d63d7f7-1","properties":{"facility_id":"a6e3355e376b0a8d8b1fa0bc8c770f0c742032203f58723a2fecaaaf3d63d7f7","point_ordinal":1,"zone_group_id":"467101023294","source_manage_no":"467101023296","facility_name":"금성초등학교 병설유치원","sgg_code":"12710","facility_type_code":"1","api_first_registered_on":null,"api_last_modified_on":null,"updated_at":"2026-07-25T01:27:52.347112+00:00"},"geometry":{"type":"Point","coordinates":[127.025377182,35.343978902]}},{"type":"Feature","id":"d8a416e53d7098985fb2e39927db27d8425225caa1baf56e98792daa35bc0983-1","properties":{"facility_id":"d8a416e53d7098985fb2e39927db27d8425225caa1baf56e98792daa35bc0983","point_ordinal":1,"zone_group_id":"467102029942","source_manage_no":"467102029942","facility_name":"담양군향촌노인종합복지관","sgg_code":"12710","facility_type_code":"2","api_first_registered_on":null,"api_last_modified_on":"2026-07-20","updated_at":"2026-07-25T01:27:52.347112+00:00"},"geometry":{"type":"Point","coordinates":[126.994200124,35.333717096]}},{"type":"Feature","id":"3f06658588ee4714aa37155aa7e3576fed669ede5e1a0e0d4d67650f583c272e-1","properties":{"facility_id":"3f06658588ee4714aa37155aa7e3576fed669ede5e1a0e0d4d67650f583c272e","point_ordinal":1,"zone_group_id":"467101013086","source_manage_no":"467101013086","facility_name":"담양남초등학교","sgg_code":"12710","facility_type_code":"1","api_first_registered_on":"1996-05-09","api_last_modified_on":null,"updated_at":"2026-08-20T01:42:42.035271+00:00"},"geometry":{"type":"Point","coordinates":[126.98643876,35.318321037]}},{"type":"Feature","id":"c01e0f6ae851c94bc9a66b2bba8dcde42fbaad11f697f502344b2ff26bb10837-1","properties":{"facility_id":"c01e0f6ae851c94bc9a66b2bba8dcde42fbaad11f697f502344b2ff26bb10837","point_ordinal":1,"zone_group_id":"467101013086","source_manage_no":"467101013087","facility_name":"담양남초등학교 병설유치원","sgg_code":"12710","facility_type_code":"1","api_first_registered_on":"1996-05-09","api_last_modified_on":null,"updated_at":"2026-07-25T01:27:52.347112+00:00"},"geometry":{"type":"Point","coordinates":[126.986447057,35.31838192]}},{"type":"Feature","id":"35797fe643266457bdee0cfc9e3f8181ad484c53642232aa2c5b8e281a310425-1","properties":{"facility_id":"35797fe643266457bdee0cfc9e3f8181ad484c53642232aa2c5b8e281a310425","point_ordinal":1,"zone_group_id":"467101013089","source_manage_no":"467101013089","facility_name":"담양동초등학교","sgg_code":"12710","facility_type_code":"1","api_first_registered_on":"1996-05-09","api_last_modified_on":null,"updated_at":"2026-07-25T01:27:52.347112+00:00"},"geometry":{"type":"Point","coordinates":[126.983020906,35.320100421]}},{"type":"Feature","id":"8d245ea5a250d4b37b76ccc6387a8abc8b7dfabfd466287eb5dfebcf6a531f61-1","properties":{"facility_id":"8d245ea5a250d4b37b76ccc6387a8abc8b7dfabfd466287eb5dfebcf6a531f61","point_ordinal":1,"zone_group_id":"467101013089","source_manage_no":"467101013088","facility_name":"담양동초등학교 병설유치원","sgg_code":"12710","facility_type_code":"1","api_first_registered_on":"1996-05-09","api_last_modified_on":null,"updated_at":"2026-07-25T01:27:52.347112+00:00"},"geometry":{"type":"Point","coordinates":[126.982916521,35.320149837]}},{"type":"Feature","id":"c1cfd6c5b88e077dae51b9dab34ca7533846ea5f96bbd79fe5113d7830c3f2d9-1","properties":{"facility_id":"c1cfd6c5b88e077dae51b9dab34ca7533846ea5f96bbd79fe5113d7830c3f2d9","point_ordinal":1,"zone_group_id":"467101013091","source_manage_no":"467101013091","facility_name":"담주초등학교","sgg_code":"12710","facility_type_code":"1","api_first_registered_on":"1996-05-09","api_last_modified_on":null,"updated_at":"2026-08-20T01:42:42.035271+00:00"},"geometry":{"type":"Point","coordinates":[126.975971411,35.299624504]}},{"type":"Feature","id":"ea72fec456890cede7171e9c79dbe2c6cdcc2f7c5d2d91374fe16494d2b6fcb5-1","properties":{"facility_id":"ea72fec456890cede7171e9c79dbe2c6cdcc2f7c5d2d91374fe16494d2b6fcb5","point_ordinal":1,"zone_group_id":"467101013091","source_manage_no":"467101013090","facility_name":"담주초등학교 병설유치원","sgg_code":"12710","facility_type_code":"1","api_first_registered_on":"1996-05-09","api_last_modified_on":null,"updated_at":"2026-07-25T01:27:52.347112+00:00"},"geometry":{"type":"Point","coordinates":[126.975949483,35.299579338]}},{"type":"Feature","id":"7ea2c7d05c1192dcecd7510fcef07cb2f003cfc487b044599362e7aa10b52a06-1","properties":{"facility_id":"7ea2c7d05c1192dcecd7510fcef07cb2f003cfc487b044599362e7aa10b52a06","point_ordinal":1,"zone_group_id":"467101013094","source_manage_no":"467101013094","facility_name":"만덕초등학교","sgg_code":"12710","facility_type_code":"1","api_first_registered_on":"1996-05-09","api_last_modified_on":null,"updated_at":"2026-07-25T01:27:52.347112+00:00"},"geometry":{"type":"Point","coordinates":[127.036386296,35.248915576]}},{"type":"Feature","id":"31a7fa1952c3555cea2471e8ecfc3a7ef0a3f8ed29cee60b217afb23f87a4e86-1","properties":{"facility_id":"31a7fa1952c3555cea2471e8ecfc3a7ef0a3f8ed29cee60b217afb23f87a4e86","point_ordinal":1,"zone_group_id":"467101013094","source_manage_no":"467101013093","facility_name":"만덕초등학교 병설유치원","sgg_code":"12710","facility_type_code":"1","api_first_registered_on":"1996-05-09","api_last_modified_on":null,"updated_at":"2026-07-25T01:27:52.347112+00:00"},"geometry":{"type":"Point","coordinates":[127.036361659,35.248980928]}},{"type":"Feature","id":"e43e0cdbb99175b6185c5cb7876a74924bf9cc3ab61ec1005dc5a9829e0d67c0-1","properties":{"facility_id":"e43e0cdbb99175b6185c5cb7876a74924bf9cc3ab61ec1005dc5a9829e0d67c0","point_ordinal":1,"zone_group_id":"467101013099","source_manage_no":"467101013099","facility_name":"무정초등학교","sgg_code":"12710","facility_type_code":"1","api_first_registered_on":"1996-05-09","api_last_modified_on":null,"updated_at":"2026-08-20T01:42:42.035271+00:00"},"geometry":{"type":"Point","coordinates":[127.039960166,35.290390095]}},{"type":"Feature","id":"7672a9481f4daa6f0155f291fdb6e79337cfcff6fac96ce27a9bdb1c210fa871-1","properties":{"facility_id":"7672a9481f4daa6f0155f291fdb6e79337cfcff6fac96ce27a9bdb1c210fa871","point_ordinal":1,"zone_group_id":"467101013099","source_manage_no":"467101013098","facility_name":"무정초등학교 병설유치원","sgg_code":"12710","facility_type_code":"1","api_first_registered_on":"1996-05-09","api_last_modified_on":null,"updated_at":"2026-07-25T01:27:52.347112+00:00"},"geometry":{"type":"Point","coordinates":[127.040004079,35.290268399]}},{"type":"Feature","id":"60e65344bbcecd5b6a0275e70992c1727f7dcd8586d627bc56cecd2ded1a1abd-1","properties":{"facility_id":"60e65344bbcecd5b6a0275e70992c1727f7dcd8586d627bc56cecd2ded1a1abd","point_ordinal":1,"zone_group_id":"467101013101","source_manage_no":"467101013101","facility_name":"봉산초등학교","sgg_code":"12710","facility_type_code":"1","api_first_registered_on":"1996-05-09","api_last_modified_on":null,"updated_at":"2026-08-21T01:47:52.345433+00:00"},"geometry":{"type":"Point","coordinates":[126.957208024,35.276514475]}},{"type":"Feature","id":"be4e190c1ab677c01d11aac9e7e24ce88379846ce74be87f5e242c6750841aed-1","properties":{"facility_id":"be4e190c1ab677c01d11aac9e7e24ce88379846ce74be87f5e242c6750841aed","point_ordinal":1,"zone_group_id":"467101013101","source_manage_no":"467101013100","facility_name":"봉산초등학교병설유치원","sgg_code":"12710","facility_type_code":"1","api_first_registered_on":"1996-05-09","api_last_modified_on":null,"updated_at":"2026-07-25T01:27:52.347112+00:00"},"geometry":{"type":"Point","coordinates":[126.957213599,35.276476212]}},{"type":"Feature","id":"754097f8e8f2c7c60d5bb992990026ebb0540ea1613aa59f920d955f915435d8-1","properties":{"facility_id":"754097f8e8f2c7c60d5bb992990026ebb0540ea1613aa59f920d955f915435d8","point_ordinal":1,"zone_group_id":"467101013103","source_manage_no":"467101013103","facility_name":"수북초등학교","sgg_code":"12710","facility_type_code":"1","api_first_registered_on":"1996-05-09","api_last_modified_on":null,"updated_at":"2026-08-21T01:47:52.345433+00:00"},"geometry":{"type":"Point","coordinates":[126.930960583,35.301404726]}},{"type":"Feature","id":"a718cbd2cf47be2b93f0d3426591e6e0bfdb8c199c7d321311e52743e827d367-1","properties":{"facility_id":"a718cbd2cf47be2b93f0d3426591e6e0bfdb8c199c7d321311e52743e827d367","point_ordinal":1,"zone_group_id":"467101013103","source_manage_no":"467101013102","facility_name":"수북초등학교 병설유치원","sgg_code":"12710","facility_type_code":"1","api_first_registered_on":"1996-05-09","api_last_modified_on":null,"updated_at":"2026-07-25T01:27:52.347112+00:00"},"geometry":{"type":"Point","coordinates":[126.930991624,35.301340359]}},{"type":"Feature","id":"b5a26a3304988b8e043c05fbe66d04e02078e5ca752090da0a515d27c720bf30-1","properties":{"facility_id":"b5a26a3304988b8e043c05fbe66d04e02078e5ca752090da0a515d27c720bf30","point_ordinal":1,"zone_group_id":"467101013092","source_manage_no":"467101013092","facility_name":"에덴유치원","sgg_code":"12710","facility_type_code":"1","api_first_registered_on":"1996-05-09","api_last_modified_on":null,"updated_at":"2026-08-29T06:50:38.928804+00:00"},"geometry":{"type":"Point","coordinates":[126.985238939,35.31896951]}},{"type":"Feature","id":"bd8f54f75e447059f2d504967535d1deca269c88cadbc996ca8764459e99e6c1-1","properties":{"facility_id":"bd8f54f75e447059f2d504967535d1deca269c88cadbc996ca8764459e99e6c1","point_ordinal":1,"zone_group_id":"467101013104","source_manage_no":"467101013104","facility_name":"용면초등학교","sgg_code":"12710","facility_type_code":"1","api_first_registered_on":"2013-04-26","api_last_modified_on":null,"updated_at":"2026-08-20T01:42:42.035271+00:00"},"geometry":{"type":"Point","coordinates":[126.99152938,35.362865155]}},{"type":"Feature","id":"deca65befce968bd12fd4bd56d2089a5028ebe12ee764fdb03844b44188354f6-1","properties":{"facility_id":"deca65befce968bd12fd4bd56d2089a5028ebe12ee764fdb03844b44188354f6","point_ordinal":1,"zone_group_id":"467101013104","source_manage_no":"467101013105","facility_name":"용면초등학교 병설유치원","sgg_code":"12710","facility_type_code":"1","api_first_registered_on":"2013-04-26","api_last_modified_on":null,"updated_at":"2026-07-25T01:27:52.347112+00:00"},"geometry":{"type":"Point","coordinates":[126.991485531,35.36293504]}},{"type":"Feature","id":"d6c27de0007aff4004174e2b66c0f143b7c51e3db3515cfd6f0104a8f17c43dd-1","properties":{"facility_id":"d6c27de0007aff4004174e2b66c0f143b7c51e3db3515cfd6f0104a8f17c43dd","point_ordinal":1,"zone_group_id":"467101013107","source_manage_no":"467101013107","facility_name":"월산초등학교","sgg_code":"12710","facility_type_code":"1","api_first_registered_on":"1996-05-09","api_last_modified_on":null,"updated_at":"2026-08-21T01:47:52.345433+00:00"},"geometry":{"type":"Point","coordinates":[126.950520541,35.340011886]}},{"type":"Feature","id":"7621f0231d28fc56000b0b69aee2eb6eccb0ae7ecd74bbce5df4f532161e60eb-1","properties":{"facility_id":"7621f0231d28fc56000b0b69aee2eb6eccb0ae7ecd74bbce5df4f532161e60eb","point_ordinal":1,"zone_group_id":"467101013107","source_manage_no":"467101013106","facility_name":"월산초등학교 병설유치원","sgg_code":"12710","facility_type_code":"1","api_first_registered_on":"1996-05-09","api_last_modified_on":null,"updated_at":"2026-07-25T01:27:52.347112+00:00"},"geometry":{"type":"Point","coordinates":[126.950517879,35.340126704]}},{"type":"Feature","id":"f9dcf9f7a56a43e328a56f35dc879e956e102af7875a9637e1fcc88f0e5b0626-1","properties":{"facility_id":"f9dcf9f7a56a43e328a56f35dc879e956e102af7875a9637e1fcc88f0e5b0626","point_ordinal":1,"zone_group_id":"467101013109","source_manage_no":"467101013109","facility_name":"창평초등학교","sgg_code":"12710","facility_type_code":"1","api_first_registered_on":"1996-05-09","api_last_modified_on":null,"updated_at":"2026-08-21T01:47:52.345433+00:00"},"geometry":{"type":"Point","coordinates":[127.019142638,35.239987618]}},{"type":"Feature","id":"8e26eb3c156d70267b3b55f3895e80273614e5890c7933eea9305a6fe2640f4c-1","properties":{"facility_id":"8e26eb3c156d70267b3b55f3895e80273614e5890c7933eea9305a6fe2640f4c","point_ordinal":1,"zone_group_id":"467101013109","source_manage_no":"467101013108","facility_name":"창평초등학교 병설유치원","sgg_code":"12710","facility_type_code":"1","api_first_registered_on":"1996-05-09","api_last_modified_on":null,"updated_at":"2026-07-25T01:27:52.347112+00:00"},"geometry":{"type":"Point","coordinates":[127.019301857,35.240077779]}},{"type":"Feature","id":"14c0ac33522147b4d84768dfd46f65be10d314cc02fe610166868f8d71faa149-1","properties":{"facility_id":"14c0ac33522147b4d84768dfd46f65be10d314cc02fe610166868f8d71faa149","point_ordinal":1,"zone_group_id":"467101013097","source_manage_no":"467101013097","facility_name":"한재초등학교","sgg_code":"12710","facility_type_code":"1","api_first_registered_on":"1996-05-09","api_last_modified_on":null,"updated_at":"2026-07-25T01:27:52.347112+00:00"},"geometry":{"type":"Point","coordinates":[126.889287297,35.277768172]}},{"type":"Feature","id":"fa224430cdbc3c498ad5feadca2c72078a665818fdc0f795579bd19dc729c8d8-1","properties":{"facility_id":"fa224430cdbc3c498ad5feadca2c72078a665818fdc0f795579bd19dc729c8d8","point_ordinal":1,"zone_group_id":"467101013097","source_manage_no":"467101013096","facility_name":"한재초등학교 병설유치원","sgg_code":"12710","facility_type_code":"1","api_first_registered_on":"1996-05-09","api_last_modified_on":null,"updated_at":"2026-07-25T01:27:52.347112+00:00"},"geometry":{"type":"Point","coordinates":[126.889298484,35.277711933]}},{"type":"Feature","id":"6d43a922ed41a5ca8832c9c56845152ce91058ce4cb80bf60c8a5eec0c9b4b34-1","properties":{"facility_id":"6d43a922ed41a5ca8832c9c56845152ce91058ce4cb80bf60c8a5eec0c9b4b34","point_ordinal":1,"zone_group_id":"467201012890","source_manage_no":"467201012890","facility_name":"고달초등학교","sgg_code":"12720","facility_type_code":"1","api_first_registered_on":"1996-08-03","api_last_modified_on":null,"updated_at":"2026-07-25T01:27:52.347112+00:00"},"geometry":{"type":"Point","coordinates":[127.341111338,35.295916896]}},{"type":"Feature","id":"74b96d4bacea77f151c7a74417983bef2e36217aa61d28b09871422bb6eb4c3f-1","properties":{"facility_id":"74b96d4bacea77f151c7a74417983bef2e36217aa61d28b09871422bb6eb4c3f","point_ordinal":1,"zone_group_id":"467201012890","source_manage_no":"467201012889","facility_name":"고달초등학교 병설유치원","sgg_code":"12720","facility_type_code":"1","api_first_registered_on":"1996-08-03","api_last_modified_on":null,"updated_at":"2026-07-25T01:27:52.347112+00:00"},"geometry":{"type":"Point","coordinates":[127.341125288,35.29596643]}},{"type":"Feature","id":"26d3cc9a7c24ea62c9f1429473671d3415e121ffaf566937b91f2a572dd5268a-1","properties":{"facility_id":"26d3cc9a7c24ea62c9f1429473671d3415e121ffaf566937b91f2a572dd5268a","point_ordinal":1,"zone_group_id":"467203024851","source_manage_no":"467203024851","facility_name":"곡성삼강원 장애인보호구역","sgg_code":"12720","facility_type_code":"3","api_first_registered_on":"2014-01-16","api_last_modified_on":null,"updated_at":"2026-07-25T01:27:52.347112+00:00"},"geometry":{"type":"Point","coordinates":[127.286809514,35.277571075]}},{"type":"Feature","id":"d60dfad5a50a505b8d21cc9a990896d2e1df1a7728c5b20adf255830e8b76bf6-1","properties":{"facility_id":"d60dfad5a50a505b8d21cc9a990896d2e1df1a7728c5b20adf255830e8b76bf6","point_ordinal":1,"zone_group_id":"467201012891","source_manage_no":"467201012891","facility_name":"곡성유치원","sgg_code":"12720","facility_type_code":"1","api_first_registered_on":"2009-03-01","api_last_modified_on":null,"updated_at":"2026-07-25T01:27:52.347112+00:00"},"geometry":{"type":"Point","coordinates":[127.287609358,35.279988971]}},{"type":"Feature","id":"2f82c7c6f73660e2c21d7ae19ed86a99ebbb1b63076d01ca34ead5ff172e7573-1","properties":{"facility_id":"2f82c7c6f73660e2c21d7ae19ed86a99ebbb1b63076d01ca34ead5ff172e7573","point_ordinal":1,"zone_group_id":"467202024850","source_manage_no":"467202024850","facility_name":"곡성읍 사회복지회관 노인보호구역","sgg_code":"12720","facility_type_code":"2","api_first_registered_on":"2019-07-22","api_last_modified_on":null,"updated_at":"2026-07-25T01:27:52.347112+00:00"},"geometry":{"type":"Point","coordinates":[127.296434841,35.280337854]}},{"type":"Feature","id":"e7c199440027e34a8e39d1f5af16ea5d5a46a2ea0d8d4c63c2838cc05346eb0b-1","properties":{"facility_id":"e7c199440027e34a8e39d1f5af16ea5d5a46a2ea0d8d4c63c2838cc05346eb0b","point_ordinal":1,"zone_group_id":"467201012892","source_manage_no":"467201012892","facility_name":"곡성중앙초등학교","sgg_code":"12720","facility_type_code":"1","api_first_registered_on":"1995-11-30","api_last_modified_on":null,"updated_at":"2026-07-25T01:27:52.347112+00:00"},"geometry":{"type":"Point","coordinates":[127.291381595,35.283391079]}},{"type":"Feature","id":"ea200b70ce45abc02a9622bd28a8615e84197ab228225d682e33bc797d48c140-1","properties":{"facility_id":"ea200b70ce45abc02a9622bd28a8615e84197ab228225d682e33bc797d48c140","point_ordinal":1,"zone_group_id":"467202024852","source_manage_no":"467202024852","facility_name":"목사동면 노인분회 경로당 노인보호구역","sgg_code":"12720","facility_type_code":"2","api_first_registered_on":"2019-07-22","api_last_modified_on":null,"updated_at":"2026-07-25T01:27:52.347112+00:00"},"geometry":{"type":"Point","coordinates":[127.300392769,35.120353664]}},{"type":"Feature","id":"0c88fd6ef04521ad38c4f2e9e4ab9aad25d42ccfdd69e36dddce6813bac367d5-1","properties":{"facility_id":"0c88fd6ef04521ad38c4f2e9e4ab9aad25d42ccfdd69e36dddce6813bac367d5","point_ordinal":1,"zone_group_id":"467201012894","source_manage_no":"467201012894","facility_name":"삼기초등학교","sgg_code":"12720","facility_type_code":"1","api_first_registered_on":"1996-08-06","api_last_modified_on":null,"updated_at":"2026-07-25T01:27:52.347112+00:00"},"geometry":{"type":"Point","coordinates":[127.208070687,35.23643849]}},{"type":"Feature","id":"1d512d517e8bf462eef386c42cc6cc5ced061a8ccdef47d2e5be9b663d7dc783-1","properties":{"facility_id":"1d512d517e8bf462eef386c42cc6cc5ced061a8ccdef47d2e5be9b663d7dc783","point_ordinal":1,"zone_group_id":"467201012894","source_manage_no":"467201012893","facility_name":"삼기초등학교 병설유치원","sgg_code":"12720","facility_type_code":"1","api_first_registered_on":"1996-08-06","api_last_modified_on":null,"updated_at":"2026-07-25T01:27:52.347112+00:00"},"geometry":{"type":"Point","coordinates":[127.208068153,35.236521869]}},{"type":"Feature","id":"f20a086e69291b0a74e935dbe11755989c2542586d48d98e6c0fe13d32468d60-1","properties":{"facility_id":"f20a086e69291b0a74e935dbe11755989c2542586d48d98e6c0fe13d32468d60","point_ordinal":1,"zone_group_id":"467201012896","source_manage_no":"467201012896","facility_name":"석곡초등학교","sgg_code":"12720","facility_type_code":"1","api_first_registered_on":"1996-08-06","api_last_modified_on":null,"updated_at":"2026-07-25T01:27:52.347112+00:00"},"geometry":{"type":"Point","coordinates":[127.253558437,35.134404509]}},{"type":"Feature","id":"0643efa30ebbefeb55d45366d77b991eb62d4bbb60cabbada9e26a9a32ac608d-1","properties":{"facility_id":"0643efa30ebbefeb55d45366d77b991eb62d4bbb60cabbada9e26a9a32ac608d","point_ordinal":1,"zone_group_id":"467201012896","source_manage_no":"467201012895","facility_name":"석곡초등학교 병설유치원","sgg_code":"12720","facility_type_code":"1","api_first_registered_on":"1996-08-06","api_last_modified_on":null,"updated_at":"2026-07-25T01:27:52.347112+00:00"},"geometry":{"type":"Point","coordinates":[127.253531363,35.134519489]}},{"type":"Feature","id":"0e9df3fbd552a69943043c7079be331241937a4a3c0958d793158ba9b658078e-1","properties":{"facility_id":"0e9df3fbd552a69943043c7079be331241937a4a3c0958d793158ba9b658078e","point_ordinal":1,"zone_group_id":"467201012898","source_manage_no":"467201012898","facility_name":"오산초등학교","sgg_code":"12720","facility_type_code":"1","api_first_registered_on":"1996-08-06","api_last_modified_on":null,"updated_at":"2026-07-25T01:27:52.347112+00:00"},"geometry":{"type":"Point","coordinates":[127.12089221,35.238347347]}},{"type":"Feature","id":"df0e70854ad200806ad6aa9a9862861f56aeb696390e68841228c361b5e1aca1-1","properties":{"facility_id":"df0e70854ad200806ad6aa9a9862861f56aeb696390e68841228c361b5e1aca1","point_ordinal":1,"zone_group_id":"467201012898","source_manage_no":"467201012897","facility_name":"오산초등학교 병설유치원","sgg_code":"12720","facility_type_code":"1","api_first_registered_on":"1996-08-06","api_last_modified_on":null,"updated_at":"2026-07-25T01:27:52.347112+00:00"},"geometry":{"type":"Point","coordinates":[127.120892126,35.238291013]}},{"type":"Feature","id":"010f8963973217672f69b9766e44dccf08e68c1bff825a349997c8a3f02ddb89-1","properties":{"facility_id":"010f8963973217672f69b9766e44dccf08e68c1bff825a349997c8a3f02ddb89","point_ordinal":1,"zone_group_id":"467201012900","source_manage_no":"467201012900","facility_name":"옥과초등학교","sgg_code":"12720","facility_type_code":"1","api_first_registered_on":"1995-11-30","api_last_modified_on":null,"updated_at":"2026-07-25T01:27:52.347112+00:00"},"geometry":{"type":"Point","coordinates":[127.142168225,35.27637991]}},{"type":"Feature","id":"9f9f11b40f571a6db36c1d29a30df354227809a07a2ef81f9736eabba52b3d56-1","properties":{"facility_id":"9f9f11b40f571a6db36c1d29a30df354227809a07a2ef81f9736eabba52b3d56","point_ordinal":1,"zone_group_id":"467201012900","source_manage_no":"467201012899","facility_name":"옥과초등학교 병설유치원","sgg_code":"12720","facility_type_code":"1","api_first_registered_on":"1995-11-30","api_last_modified_on":null,"updated_at":"2026-07-25T01:27:52.347112+00:00"},"geometry":{"type":"Point","coordinates":[127.142165374,35.276321326]}},{"type":"Feature","id":"ecbeac5270704a9da45e9640f3362c6b021e474a87981066180895c150ba8bff-1","properties":{"facility_id":"ecbeac5270704a9da45e9640f3362c6b021e474a87981066180895c150ba8bff","point_ordinal":1,"zone_group_id":"467201012902","source_manage_no":"467201012902","facility_name":"입면초등학교","sgg_code":"12720","facility_type_code":"1","api_first_registered_on":"2005-03-01","api_last_modified_on":null,"updated_at":"2026-07-25T01:27:52.347112+00:00"},"geometry":{"type":"Point","coordinates":[127.185902982,35.307021267]}},{"type":"Feature","id":"dfe2c928459a822c97c9058f93e3900686dcacf9df590e27508828aedb9b0f2c-1","properties":{"facility_id":"dfe2c928459a822c97c9058f93e3900686dcacf9df590e27508828aedb9b0f2c","point_ordinal":1,"zone_group_id":"467201012902","source_manage_no":"467201012901","facility_name":"입면초등학교 병설유치원","sgg_code":"12720","facility_type_code":"1","api_first_registered_on":"2005-03-01","api_last_modified_on":null,"updated_at":"2026-07-25T01:27:52.347112+00:00"},"geometry":{"type":"Point","coordinates":[127.185902858,35.306967187]}},{"type":"Feature","id":"f2333a4e299505455237b26a8c9e521b09bc1200113c74c083c9de6b3eeb0eae-1","properties":{"facility_id":"f2333a4e299505455237b26a8c9e521b09bc1200113c74c083c9de6b3eeb0eae","point_ordinal":1,"zone_group_id":"467201012904","source_manage_no":"467201012904","facility_name":"죽곡초등학교","sgg_code":"12720","facility_type_code":"1","api_first_registered_on":"1996-08-06","api_last_modified_on":null,"updated_at":"2026-07-25T01:27:52.347112+00:00"},"geometry":{"type":"Point","coordinates":[127.318673063,35.152958864]}},{"type":"Feature","id":"578d5c59081f3fe1dbf10e9af990fbabfa27237f2ac3707c102b26b6269ff3a9-1","properties":{"facility_id":"578d5c59081f3fe1dbf10e9af990fbabfa27237f2ac3707c102b26b6269ff3a9","point_ordinal":1,"zone_group_id":"467201012904","source_manage_no":"467201012903","facility_name":"죽곡초등학교 병설유치원","sgg_code":"12720","facility_type_code":"1","api_first_registered_on":"1996-08-06","api_last_modified_on":null,"updated_at":"2026-07-25T01:27:52.347112+00:00"},"geometry":{"type":"Point","coordinates":[127.318675499,35.152879989]}},{"type":"Feature","id":"e729ba163e9088b09fa54ab1c3e69b4d9eef20e03f4737e67bca103c55dc2a26-1","properties":{"facility_id":"e729ba163e9088b09fa54ab1c3e69b4d9eef20e03f4737e67bca103c55dc2a26","point_ordinal":1,"zone_group_id":"467301013034","source_manage_no":"467301013034","facility_name":"간문초등학교","sgg_code":"12730","facility_type_code":"1","api_first_registered_on":"2006-04-20","api_last_modified_on":null,"updated_at":"2026-07-25T01:27:52.347112+00:00"},"geometry":{"type":"Point","coordinates":[127.542099069,35.17759792]}},{"type":"Feature","id":"7dec9288a26835de0de4dcb112e0d06e7da25a4338a796f8829a265b00720e47-1","properties":{"facility_id":"7dec9288a26835de0de4dcb112e0d06e7da25a4338a796f8829a265b00720e47","point_ordinal":1,"zone_group_id":"467301013035","source_manage_no":"467301013035","facility_name":"간문초등학교 병설유치원","sgg_code":"12730","facility_type_code":"1","api_first_registered_on":"2006-04-20","api_last_modified_on":null,"updated_at":"2026-07-25T01:27:52.347112+00:00"},"geometry":{"type":"Point","coordinates":[127.54207318,35.177005402]}},{"type":"Feature","id":"b370de0704e8ddfe5c23f2806edf1397838c20fcd388cd11a5322efe79a61137-1","properties":{"facility_id":"b370de0704e8ddfe5c23f2806edf1397838c20fcd388cd11a5322efe79a61137","point_ordinal":1,"zone_group_id":"467301013036","source_manage_no":"467301013036","facility_name":"광의초등학교","sgg_code":"12730","facility_type_code":"1","api_first_registered_on":"2006-03-31","api_last_modified_on":null,"updated_at":"2026-07-25T01:27:52.347112+00:00"},"geometry":{"type":"Point","coordinates":[127.445590297,35.258861775]}},{"type":"Feature","id":"2072f7357ce98fef655e44c4090ae53dcce37fe6cbc8e8c0df74261b280f05e7-1","properties":{"facility_id":"2072f7357ce98fef655e44c4090ae53dcce37fe6cbc8e8c0df74261b280f05e7","point_ordinal":1,"zone_group_id":"467301013037","source_manage_no":"467301013037","facility_name":"광의초등학교 병설유치원","sgg_code":"12730","facility_type_code":"1","api_first_registered_on":"2006-03-31","api_last_modified_on":null,"updated_at":"2026-07-25T01:27:52.347112+00:00"},"geometry":{"type":"Point","coordinates":[127.445879188,35.259442072]}},{"type":"Feature","id":"fe8794f7f4b55ec360c8f80a228f219b1e68cf82e0c579dd6de1d51d23e6270d-1","properties":{"facility_id":"fe8794f7f4b55ec360c8f80a228f219b1e68cf82e0c579dd6de1d51d23e6270d","point_ordinal":1,"zone_group_id":"467301013045","source_manage_no":"467301013045","facility_name":"구례북초등학교","sgg_code":"12730","facility_type_code":"1","api_first_registered_on":"2006-03-31","api_last_modified_on":null,"updated_at":"2026-07-25T01:27:52.347112+00:00"},"geometry":{"type":"Point","coordinates":[127.461267117,35.210028729]}},{"type":"Feature","id":"ae5f80732375d1f6dc1248f121e867fddeff54a91a7274f1d21dcc440f118a5a-1","properties":{"facility_id":"ae5f80732375d1f6dc1248f121e867fddeff54a91a7274f1d21dcc440f118a5a","point_ordinal":1,"zone_group_id":"467301013046","source_manage_no":"467301013046","facility_name":"구례북초등학교 병설유치원","sgg_code":"12730","facility_type_code":"1","api_first_registered_on":"2006-03-31","api_last_modified_on":null,"updated_at":"2026-07-25T01:27:52.347112+00:00"},"geometry":{"type":"Point","coordinates":[127.461225819,35.210134794]}},{"type":"Feature","id":"9aa23f3872f4cea5f5bb30b912420f0c59b14f83dfe463a5f7798921214d772f-1","properties":{"facility_id":"9aa23f3872f4cea5f5bb30b912420f0c59b14f83dfe463a5f7798921214d772f","point_ordinal":1,"zone_group_id":"467301013042","source_manage_no":"467301013042","facility_name":"구례중앙초등학교","sgg_code":"12730","facility_type_code":"1","api_first_registered_on":"2006-03-31","api_last_modified_on":null,"updated_at":"2026-07-25T01:27:52.347112+00:00"},"geometry":{"type":"Point","coordinates":[127.464511886,35.20498895]}},{"type":"Feature","id":"cd87efdc84b08741801ad77645c79dda8f4257440c49549ff7e6f7867fe19cb3-1","properties":{"facility_id":"cd87efdc84b08741801ad77645c79dda8f4257440c49549ff7e6f7867fe19cb3","point_ordinal":1,"zone_group_id":"467301013043","source_manage_no":"467301013043","facility_name":"구례중앙초등학교 병설유치원","sgg_code":"12730","facility_type_code":"1","api_first_registered_on":"2006-03-31","api_last_modified_on":null,"updated_at":"2026-07-25T01:27:52.347112+00:00"},"geometry":{"type":"Point","coordinates":[127.464517056,35.204932597]}},{"type":"Feature","id":"fe157f1d11da54bb711df9218ea67e398046000b19ba488e80f542249a067db7-1","properties":{"facility_id":"fe157f1d11da54bb711df9218ea67e398046000b19ba488e80f542249a067db7","point_ordinal":1,"zone_group_id":"467301013040","source_manage_no":"467301013040","facility_name":"문척초등학교","sgg_code":"12730","facility_type_code":"1","api_first_registered_on":"2006-04-20","api_last_modified_on":null,"updated_at":"2026-07-25T01:27:52.347112+00:00"},"geometry":{"type":"Point","coordinates":[127.490053958,35.191661837]}},{"type":"Feature","id":"417a8613bdec2dd4f0784aeea43e32cfa08693370c0273e6674c1c03bd18f638-1","properties":{"facility_id":"417a8613bdec2dd4f0784aeea43e32cfa08693370c0273e6674c1c03bd18f638","point_ordinal":1,"zone_group_id":"467301013041","source_manage_no":"467301013041","facility_name":"문척초등학교 병설유치원","sgg_code":"12730","facility_type_code":"1","api_first_registered_on":"2006-04-20","api_last_modified_on":null,"updated_at":"2026-07-25T01:27:52.347112+00:00"},"geometry":{"type":"Point","coordinates":[127.490546965,35.192394436]}},{"type":"Feature","id":"214a594eb8fdb01603445c2b9c7ee8d527f9a29aefa79e730555a51e0126c810-1","properties":{"facility_id":"214a594eb8fdb01603445c2b9c7ee8d527f9a29aefa79e730555a51e0126c810","point_ordinal":1,"zone_group_id":"467301013051","source_manage_no":"467301013051","facility_name":"용방초등학교","sgg_code":"12730","facility_type_code":"1","api_first_registered_on":"2006-03-31","api_last_modified_on":null,"updated_at":"2026-07-25T01:27:52.347112+00:00"},"geometry":{"type":"Point","coordinates":[127.433386066,35.250323984]}},{"type":"Feature","id":"b96f9b5a52c17c40cc365b77fca3d361e8b18b6e85722f822b8e92575088b791-1","properties":{"facility_id":"b96f9b5a52c17c40cc365b77fca3d361e8b18b6e85722f822b8e92575088b791","point_ordinal":1,"zone_group_id":"467301013052","source_manage_no":"467301013052","facility_name":"용방초등학교 병설유치원","sgg_code":"12730","facility_type_code":"1","api_first_registered_on":"2006-03-31","api_last_modified_on":null,"updated_at":"2026-07-25T01:27:52.347112+00:00"},"geometry":{"type":"Point","coordinates":[127.433411399,35.250954829]}},{"type":"Feature","id":"5bca236f1b7c4cabe7e630586bbf49051b373609400e108d9589a1f12f8f8ede-1","properties":{"facility_id":"5bca236f1b7c4cabe7e630586bbf49051b373609400e108d9589a1f12f8f8ede","point_ordinal":1,"zone_group_id":"467301013047","source_manage_no":"467301013047","facility_name":"원촌초등학교","sgg_code":"12730","facility_type_code":"1","api_first_registered_on":"2006-03-31","api_last_modified_on":null,"updated_at":"2026-07-25T01:27:52.347112+00:00"},"geometry":{"type":"Point","coordinates":[127.438252406,35.317195415]}},{"type":"Feature","id":"304b3dba96b39afb3181a105b88c6cd024ca4baacdbb175d795a48ebaa836db4-1","properties":{"facility_id":"304b3dba96b39afb3181a105b88c6cd024ca4baacdbb175d795a48ebaa836db4","point_ordinal":1,"zone_group_id":"467301013047","source_manage_no":"467301013048","facility_name":"원촌초등학교 병설유치원","sgg_code":"12730","facility_type_code":"1","api_first_registered_on":"2006-03-31","api_last_modified_on":null,"updated_at":"2026-07-25T01:27:52.347112+00:00"},"geometry":{"type":"Point","coordinates":[127.438760097,35.316517578]}},{"type":"Feature","id":"9d813919de87174d2ec5456b4a7392544c973c45e09bf912bbadc19f1b3d8553-1","properties":{"facility_id":"9d813919de87174d2ec5456b4a7392544c973c45e09bf912bbadc19f1b3d8553","point_ordinal":1,"zone_group_id":"467301013049","source_manage_no":"467301013049","facility_name":"중동초등학교","sgg_code":"12730","facility_type_code":"1","api_first_registered_on":"2006-03-31","api_last_modified_on":null,"updated_at":"2026-07-25T01:27:52.347112+00:00"},"geometry":{"type":"Point","coordinates":[127.465139362,35.318962011]}},{"type":"Feature","id":"936d71eb96c0d0305bc8a54b63c01ddc2354fcef0283b9f2e7ec69a642f4ccd2-1","properties":{"facility_id":"936d71eb96c0d0305bc8a54b63c01ddc2354fcef0283b9f2e7ec69a642f4ccd2","point_ordinal":1,"zone_group_id":"467301013050","source_manage_no":"467301013050","facility_name":"중동초등학교 병설유치원","sgg_code":"12730","facility_type_code":"1","api_first_registered_on":"2006-03-31","api_last_modified_on":null,"updated_at":"2026-07-25T01:27:52.347112+00:00"},"geometry":{"type":"Point","coordinates":[127.465689575,35.318545283]}},{"type":"Feature","id":"761426e88b6d56ea2999ca771a064707d9f33b4bd444f9aa10358213c8f0f66c-1","properties":{"facility_id":"761426e88b6d56ea2999ca771a064707d9f33b4bd444f9aa10358213c8f0f66c","point_ordinal":1,"zone_group_id":"467301013044","source_manage_no":"467301013044","facility_name":"청운유치원","sgg_code":"12730","facility_type_code":"1","api_first_registered_on":"2006-03-31","api_last_modified_on":null,"updated_at":"2026-07-25T01:27:52.347112+00:00"},"geometry":{"type":"Point","coordinates":[127.461376737,35.209774282]}},{"type":"Feature","id":"50c5113f9ba87adaa8d382b7e2c1e9bbd1833544ffe17f095458c7fa166d5ad4-1","properties":{"facility_id":"50c5113f9ba87adaa8d382b7e2c1e9bbd1833544ffe17f095458c7fa166d5ad4","point_ordinal":1,"zone_group_id":"467301013038","source_manage_no":"467301013038","facility_name":"청천초등학교","sgg_code":"12730","facility_type_code":"1","api_first_registered_on":"2006-03-31","api_last_modified_on":null,"updated_at":"2026-07-25T01:27:52.347112+00:00"},"geometry":{"type":"Point","coordinates":[127.487018414,35.221186951]}},{"type":"Feature","id":"817d5769aef1ffefb6154d30102616e654dded0167abb7536710181fd56779ee-1","properties":{"facility_id":"817d5769aef1ffefb6154d30102616e654dded0167abb7536710181fd56779ee","point_ordinal":1,"zone_group_id":"467301013039","source_manage_no":"467301013039","facility_name":"청천초등학교 병설유치원","sgg_code":"12730","facility_type_code":"1","api_first_registered_on":"2006-03-31","api_last_modified_on":null,"updated_at":"2026-07-25T01:27:52.347112+00:00"},"geometry":{"type":"Point","coordinates":[127.487368654,35.2218976]}},{"type":"Feature","id":"22843e141ae89b8326e92ec70b7ff6e93869b9b51e4cf3abd3b6c0e48f54a939-1","properties":{"facility_id":"22843e141ae89b8326e92ec70b7ff6e93869b9b51e4cf3abd3b6c0e48f54a939","point_ordinal":1,"zone_group_id":"467301013054","source_manage_no":"467301013054","facility_name":"토지초등학교","sgg_code":"12730","facility_type_code":"1","api_first_registered_on":"2006-03-31","api_last_modified_on":null,"updated_at":"2026-07-25T01:27:52.347112+00:00"},"geometry":{"type":"Point","coordinates":[127.527216018,35.19717926]}},{"type":"Feature","id":"6b311bf534deddee5729278b86efaaca48779d9ddf5ad79ce2d459b75555b8ca-1","properties":{"facility_id":"6b311bf534deddee5729278b86efaaca48779d9ddf5ad79ce2d459b75555b8ca","point_ordinal":1,"zone_group_id":"467301013055","source_manage_no":"467301013055","facility_name":"토지초등학교 병설유치원","sgg_code":"12730","facility_type_code":"1","api_first_registered_on":"2006-03-31","api_last_modified_on":null,"updated_at":"2026-07-25T01:27:52.347112+00:00"},"geometry":{"type":"Point","coordinates":[127.527042721,35.197549565]}},{"type":"Feature","id":"bdd3486d5f5a3181c215ac40b7ab0c3dab4a05aa9110e748d61842543d42f510-1","properties":{"facility_id":"bdd3486d5f5a3181c215ac40b7ab0c3dab4a05aa9110e748d61842543d42f510","point_ordinal":1,"zone_group_id":"467301013053","source_manage_no":"467301013053","facility_name":"토지초등학교연곡분교장","sgg_code":"12730","facility_type_code":"1","api_first_registered_on":"2006-03-31","api_last_modified_on":null,"updated_at":"2026-07-25T01:27:52.347112+00:00"},"geometry":{"type":"Point","coordinates":[127.590218019,35.246553926]}},{"type":"Feature","id":"d2126b6c77f09cd0f88040104a216257045a7d574e6c26724fe26c88135b5a75-1","properties":{"facility_id":"d2126b6c77f09cd0f88040104a216257045a7d574e6c26724fe26c88135b5a75","point_ordinal":1,"zone_group_id":"467701024195","source_manage_no":"467701024195","facility_name":"고흥 푸른꿈유치원","sgg_code":"12740","facility_type_code":"1","api_first_registered_on":"2021-09-08","api_last_modified_on":null,"updated_at":"2026-07-25T01:27:52.347112+00:00"},"geometry":{"type":"Point","coordinates":[127.277378396,34.600996078]}},{"type":"Feature","id":"b02684dd09e76891f37d6703ba1fce90eb6f608b7999c0849c3727d7f9ade1c5-1","properties":{"facility_id":"b02684dd09e76891f37d6703ba1fce90eb6f608b7999c0849c3727d7f9ade1c5","point_ordinal":1,"zone_group_id":"467702012865","source_manage_no":"467702012865","facility_name":"고흥군노인복지타운","sgg_code":"12740","facility_type_code":"2","api_first_registered_on":"2008-08-15","api_last_modified_on":null,"updated_at":"2026-07-25T01:27:52.347112+00:00"},"geometry":{"type":"Point","coordinates":[127.294364407,34.622578403]}},{"type":"Feature","id":"7f8f5d2a399f655f1197dd3629c24a55586d2730ea1ad04c11085b4e3736cee6-1","properties":{"facility_id":"7f8f5d2a399f655f1197dd3629c24a55586d2730ea1ad04c11085b4e3736cee6","point_ordinal":1,"zone_group_id":"467701012864","source_manage_no":"467701012864","facility_name":"고흥동초등학교","sgg_code":"12740","facility_type_code":"1","api_first_registered_on":"1995-06-15","api_last_modified_on":null,"updated_at":"2026-07-25T01:27:52.347112+00:00"},"geometry":{"type":"Point","coordinates":[127.289504929,34.609196911]}},{"type":"Feature","id":"c044ef4c0a7ba8fd3be3787b348e7eefc952db03cd92ac1cf4d9e58c92d4651f-1","properties":{"facility_id":"c044ef4c0a7ba8fd3be3787b348e7eefc952db03cd92ac1cf4d9e58c92d4651f","point_ordinal":1,"zone_group_id":"467701012867","source_manage_no":"467701012867","facility_name":"과역초등학교","sgg_code":"12740","facility_type_code":"1","api_first_registered_on":"1995-06-15","api_last_modified_on":null,"updated_at":"2026-07-25T01:27:52.347112+00:00"},"geometry":{"type":"Point","coordinates":[127.358110501,34.679104031]}},{"type":"Feature","id":"d7051bc236e7ab7af9f828a763055fc119202969d26cf09ab6b9798ca58df7d0-1","properties":{"facility_id":"d7051bc236e7ab7af9f828a763055fc119202969d26cf09ab6b9798ca58df7d0","point_ordinal":1,"zone_group_id":"467701012867","source_manage_no":"467701027686","facility_name":"과역초등학교 병설유치원","sgg_code":"12740","facility_type_code":"1","api_first_registered_on":null,"api_last_modified_on":null,"updated_at":"2026-07-25T01:27:52.347112+00:00"},"geometry":{"type":"Point","coordinates":[127.358018169,34.678998597]}},{"type":"Feature","id":"6f8de868066810e71fb9d41bf57ecc225abc5b1415c041557968bf9ba6f6f63b-1","properties":{"facility_id":"6f8de868066810e71fb9d41bf57ecc225abc5b1415c041557968bf9ba6f6f63b","point_ordinal":1,"zone_group_id":"467701012868","source_manage_no":"467701012868","facility_name":"금산초등학교","sgg_code":"12740","facility_type_code":"1","api_first_registered_on":"1995-06-15","api_last_modified_on":null,"updated_at":"2026-07-25T01:27:52.347112+00:00"},"geometry":{"type":"Point","coordinates":[127.12895775,34.461862499]}},{"type":"Feature","id":"b10a73cfa61991703e500726b050e9a762a054fe1dbbb3910edc946de4aa3096-1","properties":{"facility_id":"b10a73cfa61991703e500726b050e9a762a054fe1dbbb3910edc946de4aa3096","point_ordinal":1,"zone_group_id":"467701012868","source_manage_no":"467701027687","facility_name":"금산초등학교 병설유치원","sgg_code":"12740","facility_type_code":"1","api_first_registered_on":null,"api_last_modified_on":null,"updated_at":"2026-07-25T01:27:52.347112+00:00"},"geometry":{"type":"Point","coordinates":[127.129013993,34.462000188]}},{"type":"Feature","id":"c6972a26026c3d5608fa02abdfe97b7bac8447652795f853fe8525bce8cf6988-1","properties":{"facility_id":"c6972a26026c3d5608fa02abdfe97b7bac8447652795f853fe8525bce8cf6988","point_ordinal":1,"zone_group_id":"467701012869","source_manage_no":"467701012869","facility_name":"남양초등학교","sgg_code":"12740","facility_type_code":"1","api_first_registered_on":"2008-12-05","api_last_modified_on":null,"updated_at":"2026-07-25T01:27:52.347112+00:00"},"geometry":{"type":"Point","coordinates":[127.354146028,34.728523728]}},{"type":"Feature","id":"e0c6e285399bc31232bd8346e33204279a8f59d6e5a0fddd8f608667fd51f01f-1","properties":{"facility_id":"e0c6e285399bc31232bd8346e33204279a8f59d6e5a0fddd8f608667fd51f01f","point_ordinal":1,"zone_group_id":"467701012872","source_manage_no":"467701012872","facility_name":"녹동어린이집","sgg_code":"12740","facility_type_code":"1","api_first_registered_on":"2006-10-13","api_last_modified_on":null,"updated_at":"2026-07-25T01:27:52.347112+00:00"},"geometry":{"type":"Point","coordinates":[127.143010403,34.527844742]}},{"type":"Feature","id":"c6bbd3f0f9278617e68f802bef9919d960cf04d41c97f8d68d18750089d53641-1","properties":{"facility_id":"c6bbd3f0f9278617e68f802bef9919d960cf04d41c97f8d68d18750089d53641","point_ordinal":1,"zone_group_id":"467701012873","source_manage_no":"467701012873","facility_name":"녹동중앙어린이집","sgg_code":"12740","facility_type_code":"1","api_first_registered_on":"2006-10-13","api_last_modified_on":null,"updated_at":"2026-07-25T01:27:52.347112+00:00"},"geometry":{"type":"Point","coordinates":[127.137451004,34.528400912]}},{"type":"Feature","id":"1439d76ee597910e6984d6b9bac33136d920192323366eaac4c569d3831a4f59-1","properties":{"facility_id":"1439d76ee597910e6984d6b9bac33136d920192323366eaac4c569d3831a4f59","point_ordinal":1,"zone_group_id":"467701012874","source_manage_no":"467701012874","facility_name":"녹동초등학교","sgg_code":"12740","facility_type_code":"1","api_first_registered_on":"1995-06-15","api_last_modified_on":null,"updated_at":"2026-07-25T01:27:52.347112+00:00"},"geometry":{"type":"Point","coordinates":[127.138637768,34.529902299]}},{"type":"Feature","id":"da49a8143a9327df0b7b91ab7dd692b61fa92b1308f1d053c084345d4bd9106d-1","properties":{"facility_id":"da49a8143a9327df0b7b91ab7dd692b61fa92b1308f1d053c084345d4bd9106d","point_ordinal":1,"zone_group_id":"467701012874","source_manage_no":"467701027688","facility_name":"녹동초등학교 병설유치원","sgg_code":"12740","facility_type_code":"1","api_first_registered_on":null,"api_last_modified_on":null,"updated_at":"2026-07-25T01:27:52.347112+00:00"},"geometry":{"type":"Point","coordinates":[127.13863021,34.530199268]}},{"type":"Feature","id":"11209ab86b02f7b1613a7202a95f5b9f83651ec31c1ebb1d4b7ed26e7c553e88-1","properties":{"facility_id":"11209ab86b02f7b1613a7202a95f5b9f83651ec31c1ebb1d4b7ed26e7c553e88","point_ordinal":1,"zone_group_id":"467702024063","source_manage_no":"467702024063","facility_name":"대서경로당","sgg_code":"12740","facility_type_code":"2","api_first_registered_on":"2019-07-22","api_last_modified_on":null,"updated_at":"2026-07-25T01:27:52.347112+00:00"},"geometry":{"type":"Point","coordinates":[127.28553518,34.771317528]}},{"type":"Feature","id":"03875acafd3eabfd3dc4c38ca91db32c480f67e012682b02471dec538bb412b4-1","properties":{"facility_id":"03875acafd3eabfd3dc4c38ca91db32c480f67e012682b02471dec538bb412b4","point_ordinal":1,"zone_group_id":"467701012870","source_manage_no":"467701012870","facility_name":"대서초등학교","sgg_code":"12740","facility_type_code":"1","api_first_registered_on":"1995-06-15","api_last_modified_on":null,"updated_at":"2026-07-25T01:27:52.347112+00:00"},"geometry":{"type":"Point","coordinates":[127.2838802,34.771382664]}},{"type":"Feature","id":"ab8f67e139a9c85d617218af795f86f405255046124305f1c136ee4d90ffb0c9-1","properties":{"facility_id":"ab8f67e139a9c85d617218af795f86f405255046124305f1c136ee4d90ffb0c9","point_ordinal":1,"zone_group_id":"467701012870","source_manage_no":"467701027689","facility_name":"대서초등학교 병설유치원","sgg_code":"12740","facility_type_code":"1","api_first_registered_on":null,"api_last_modified_on":null,"updated_at":"2026-07-25T01:27:52.347112+00:00"},"geometry":{"type":"Point","coordinates":[127.283896222,34.772408789]}},{"type":"Feature","id":"6c7bbbbdcb202e9e0f087ab37c1bd58a798634d956fd233fc10a4aaf24a41bd5-1","properties":{"facility_id":"6c7bbbbdcb202e9e0f087ab37c1bd58a798634d956fd233fc10a4aaf24a41bd5","point_ordinal":1,"zone_group_id":"467702024061","source_manage_no":"467702024061","facility_name":"대한노인회 고흥군지회","sgg_code":"12740","facility_type_code":"2","api_first_registered_on":"2019-01-01","api_last_modified_on":null,"updated_at":"2026-07-25T01:27:52.347112+00:00"},"geometry":{"type":"Point","coordinates":[127.300123581,34.604854525]}},{"type":"Feature","id":"6bb255adf1bf5debbada8ae6b7cf5c3646614d9d8a0377b3e534c3af016472ef-1","properties":{"facility_id":"6bb255adf1bf5debbada8ae6b7cf5c3646614d9d8a0377b3e534c3af016472ef","point_ordinal":1,"zone_group_id":"467701012871","source_manage_no":"467701012871","facility_name":"도덕초등학교","sgg_code":"12740","facility_type_code":"1","api_first_registered_on":"1995-06-15","api_last_modified_on":null,"updated_at":"2026-07-25T01:27:52.347112+00:00"},"geometry":{"type":"Point","coordinates":[127.174141316,34.566524876]}},{"type":"Feature","id":"e723464eb7a6d9ef780e1165ca0f01f349031383c667e20ac5fc458e028dbc4e-1","properties":{"facility_id":"e723464eb7a6d9ef780e1165ca0f01f349031383c667e20ac5fc458e028dbc4e","point_ordinal":1,"zone_group_id":"467701012871","source_manage_no":"467701027690","facility_name":"도덕초등학교 병설유치원","sgg_code":"12740","facility_type_code":"1","api_first_registered_on":null,"api_last_modified_on":null,"updated_at":"2026-07-25T01:27:52.347112+00:00"},"geometry":{"type":"Point","coordinates":[127.174444977,34.566656414]}},{"type":"Feature","id":"41dd2ee8ec6bc8ca35abb8ed1f4c12ab6f034cb8ecd3cc5d78544504162ec578-1","properties":{"facility_id":"41dd2ee8ec6bc8ca35abb8ed1f4c12ab6f034cb8ecd3cc5d78544504162ec578","point_ordinal":1,"zone_group_id":"467702024062","source_manage_no":"467702024062","facility_name":"도화복지회관","sgg_code":"12740","facility_type_code":"2","api_first_registered_on":"2019-07-22","api_last_modified_on":null,"updated_at":"2026-07-25T01:27:52.347112+00:00"},"geometry":{"type":"Point","coordinates":[127.320300513,34.508869287]}},{"type":"Feature","id":"86ff11395a4fbda9c1dd3e150ce093901b96189c66994f8e95e6b7b4c61a3ae4-1","properties":{"facility_id":"86ff11395a4fbda9c1dd3e150ce093901b96189c66994f8e95e6b7b4c61a3ae4","point_ordinal":1,"zone_group_id":"467701012877","source_manage_no":"467701012876","facility_name":"도화어린이집","sgg_code":"12740","facility_type_code":"1","api_first_registered_on":"2006-10-13","api_last_modified_on":null,"updated_at":"2026-07-25T01:27:52.347112+00:00"},"geometry":{"type":"Point","coordinates":[127.317551162,34.512277108]}},{"type":"Feature","id":"11819d93da844bfe3b64237983daf26ef8a3712c92c2e0eda26790587100c64d-1","properties":{"facility_id":"11819d93da844bfe3b64237983daf26ef8a3712c92c2e0eda26790587100c64d","point_ordinal":1,"zone_group_id":"467701012877","source_manage_no":"467701012877","facility_name":"도화초등학교","sgg_code":"12740","facility_type_code":"1","api_first_registered_on":null,"api_last_modified_on":null,"updated_at":"2026-07-25T01:27:52.347112+00:00"},"geometry":{"type":"Point","coordinates":[127.31795446,34.509940151]}},{"type":"Feature","id":"7c666f22992e0ba896cbcdbf1eaf5423511c64fcdbbcc795811173e813bebe33-1","properties":{"facility_id":"7c666f22992e0ba896cbcdbf1eaf5423511c64fcdbbcc795811173e813bebe33","point_ordinal":1,"zone_group_id":"467701012877","source_manage_no":"467701027691","facility_name":"도화초등학교 병설유치원","sgg_code":"12740","facility_type_code":"1","api_first_registered_on":null,"api_last_modified_on":null,"updated_at":"2026-07-25T01:27:52.347112+00:00"},"geometry":{"type":"Point","coordinates":[127.318828626,34.5107229]}},{"type":"Feature","id":"d3e29de42e5fb35f02f404e334839c3e94932457e82263cd9fcc39fd1781f4e0-1","properties":{"facility_id":"d3e29de42e5fb35f02f404e334839c3e94932457e82263cd9fcc39fd1781f4e0","point_ordinal":1,"zone_group_id":"467701012879","source_manage_no":"467701012878","facility_name":"동강유달어린이집","sgg_code":"12740","facility_type_code":"1","api_first_registered_on":"2006-10-13","api_last_modified_on":null,"updated_at":"2026-07-25T01:27:52.347112+00:00"},"geometry":{"type":"Point","coordinates":[127.333760414,34.780731247]}},{"type":"Feature","id":"1ea26c6d0a9b3f1da6363d0f7edaaaf41210f730fb018cb1de5b22264894de9c-1","properties":{"facility_id":"1ea26c6d0a9b3f1da6363d0f7edaaaf41210f730fb018cb1de5b22264894de9c","point_ordinal":1,"zone_group_id":"467701012879","source_manage_no":"467701012879","facility_name":"동강초등학교","sgg_code":"12740","facility_type_code":"1","api_first_registered_on":"1995-06-15","api_last_modified_on":null,"updated_at":"2026-07-25T01:27:52.347112+00:00"},"geometry":{"type":"Point","coordinates":[127.332874578,34.78133499]}},{"type":"Feature","id":"4a81d2c597d5f5a9fdfc540f1861f2687018441301ec8fbb93037237aa4b9374-1","properties":{"facility_id":"4a81d2c597d5f5a9fdfc540f1861f2687018441301ec8fbb93037237aa4b9374","point_ordinal":1,"zone_group_id":"467701012879","source_manage_no":"467701027692","facility_name":"동강초등학교 병설유치원","sgg_code":"12740","facility_type_code":"1","api_first_registered_on":null,"api_last_modified_on":null,"updated_at":"2026-07-25T01:27:52.347112+00:00"},"geometry":{"type":"Point","coordinates":[127.332401895,34.78158126]}},{"type":"Feature","id":"0908b17598876d10a5a7982b16c5ac38172d098663801ee1cfa5b406cb441733-1","properties":{"facility_id":"0908b17598876d10a5a7982b16c5ac38172d098663801ee1cfa5b406cb441733","point_ordinal":1,"zone_group_id":"467702024064","source_manage_no":"467702024064","facility_name":"두원면 노인복지회관(성두복지회관)","sgg_code":"12740","facility_type_code":"2","api_first_registered_on":"2019-07-22","api_last_modified_on":null,"updated_at":"2026-07-25T01:27:52.347112+00:00"},"geometry":{"type":"Point","coordinates":[127.264355867,34.675995004]}},{"type":"Feature","id":"f653b60a302d46d029c2f0671669eb5d2a1cef476ea2650e7b800a221a8478d4-1","properties":{"facility_id":"f653b60a302d46d029c2f0671669eb5d2a1cef476ea2650e7b800a221a8478d4","point_ordinal":1,"zone_group_id":"467701012881","source_manage_no":"467701012881","facility_name":"두원초등학교","sgg_code":"12740","facility_type_code":"1","api_first_registered_on":"1995-06-15","api_last_modified_on":null,"updated_at":"2026-07-25T01:27:52.347112+00:00"},"geometry":{"type":"Point","coordinates":[127.275101273,34.64667276]}},{"type":"Feature","id":"8caed12561a872148bb4a6311647b4f48ad98c11487ed3aaec69fe66871f718f-1","properties":{"facility_id":"8caed12561a872148bb4a6311647b4f48ad98c11487ed3aaec69fe66871f718f","point_ordinal":1,"zone_group_id":"467701012881","source_manage_no":"467701027693","facility_name":"두원초등학교 병설유치원","sgg_code":"12740","facility_type_code":"1","api_first_registered_on":null,"api_last_modified_on":null,"updated_at":"2026-07-25T01:27:52.347112+00:00"},"geometry":{"type":"Point","coordinates":[127.275001808,34.647241849]}},{"type":"Feature","id":"e5272f84cebca65f3539d4df52e155af7a0f28784428b516d76690d9abaf61ba-1","properties":{"facility_id":"e5272f84cebca65f3539d4df52e155af7a0f28784428b516d76690d9abaf61ba","point_ordinal":1,"zone_group_id":"467701012880","source_manage_no":"467701012880","facility_name":"백양초등학교","sgg_code":"12740","facility_type_code":"1","api_first_registered_on":"1995-06-15","api_last_modified_on":null,"updated_at":"2026-07-25T01:27:52.347112+00:00"},"geometry":{"type":"Point","coordinates":[127.467328901,34.503134485]}},{"type":"Feature","id":"0a50a4e7bfaa96dabfa91865db9c394d7c173d4acb76383459f8bdd12289d0aa-1","properties":{"facility_id":"0a50a4e7bfaa96dabfa91865db9c394d7c173d4acb76383459f8bdd12289d0aa","point_ordinal":1,"zone_group_id":"467701012880","source_manage_no":"467701027695","facility_name":"백양초등학교 병설유치원","sgg_code":"12740","facility_type_code":"1","api_first_registered_on":null,"api_last_modified_on":null,"updated_at":"2026-07-25T01:27:52.347112+00:00"},"geometry":{"type":"Point","coordinates":[127.466914926,34.503875703]}},{"type":"Feature","id":"3bc5cbc98a391587b47f22a7b2b9894c5f6ddaa6bb98086f51943b264f1399b6-1","properties":{"facility_id":"3bc5cbc98a391587b47f22a7b2b9894c5f6ddaa6bb98086f51943b264f1399b6","point_ordinal":1,"zone_group_id":"467701012882","source_manage_no":"467701012882","facility_name":"봉래초등학교","sgg_code":"12740","facility_type_code":"1","api_first_registered_on":"1995-06-15","api_last_modified_on":null,"updated_at":"2026-07-25T01:27:52.347112+00:00"},"geometry":{"type":"Point","coordinates":[127.465390022,34.468631665]}},{"type":"Feature","id":"ec28979bdd43945629e5f76a4affb325bc43d2a27440a58018b2471219487818-1","properties":{"facility_id":"ec28979bdd43945629e5f76a4affb325bc43d2a27440a58018b2471219487818","point_ordinal":1,"zone_group_id":"467701012874","source_manage_no":"467701012875","facility_name":"성바오로유치원","sgg_code":"12740","facility_type_code":"1","api_first_registered_on":null,"api_last_modified_on":null,"updated_at":"2026-07-25T01:27:52.347112+00:00"},"geometry":{"type":"Point","coordinates":[127.137507236,34.530419349]}},{"type":"Feature","id":"4bf9284b4d31ceb6bd1d00cdad2b75629c79e8b7a4e521f8e1b4d19234b7a668-1","properties":{"facility_id":"4bf9284b4d31ceb6bd1d00cdad2b75629c79e8b7a4e521f8e1b4d19234b7a668","point_ordinal":1,"zone_group_id":"467701012883","source_manage_no":"467701012883","facility_name":"영남초등학교","sgg_code":"12740","facility_type_code":"1","api_first_registered_on":"1995-06-15","api_last_modified_on":null,"updated_at":"2026-07-25T01:27:52.347112+00:00"},"geometry":{"type":"Point","coordinates":[127.456018655,34.602956651]}},{"type":"Feature","id":"6b5d3f4ae75f4f17d5543b31efd4a843e7eb1c3e4a6fc66f9bce1ce59fb36b1c-1","properties":{"facility_id":"6b5d3f4ae75f4f17d5543b31efd4a843e7eb1c3e4a6fc66f9bce1ce59fb36b1c","point_ordinal":1,"zone_group_id":"467701012884","source_manage_no":"467701012884","facility_name":"점암초등학교","sgg_code":"12740","facility_type_code":"1","api_first_registered_on":"1995-06-15","api_last_modified_on":null,"updated_at":"2026-07-25T01:27:52.347112+00:00"},"geometry":{"type":"Point","coordinates":[127.382600841,34.652211552]}},{"type":"Feature","id":"94b1879dc582d79880c8321e417be1076fce1909c25cd3dc4dcfd5098555da2c-1","properties":{"facility_id":"94b1879dc582d79880c8321e417be1076fce1909c25cd3dc4dcfd5098555da2c","point_ordinal":1,"zone_group_id":"467701012884","source_manage_no":"467701027696","facility_name":"점암초등학교 병설유치원","sgg_code":"12740","facility_type_code":"1","api_first_registered_on":null,"api_last_modified_on":null,"updated_at":"2026-07-25T01:27:52.347112+00:00"},"geometry":{"type":"Point","coordinates":[127.382195346,34.652131147]}},{"type":"Feature","id":"7a64a164bec9c361a75f08825cd7ffe122d03e6d816b56f646648ea982101760-1","properties":{"facility_id":"7a64a164bec9c361a75f08825cd7ffe122d03e6d816b56f646648ea982101760","point_ordinal":1,"zone_group_id":"467701012886","source_manage_no":"467701012886","facility_name":"포두초등학교","sgg_code":"12740","facility_type_code":"1","api_first_registered_on":"1995-06-15","api_last_modified_on":null,"updated_at":"2026-07-25T01:27:52.347112+00:00"},"geometry":{"type":"Point","coordinates":[127.341519186,34.569317507]}},{"type":"Feature","id":"38549c7826d7a8a490b89561cd2effb10cc9cc46f57ddae084b096b97ec04761-1","properties":{"facility_id":"38549c7826d7a8a490b89561cd2effb10cc9cc46f57ddae084b096b97ec04761","point_ordinal":1,"zone_group_id":"467701012886","source_manage_no":"467701027697","facility_name":"포두초등학교 병설유치원","sgg_code":"12740","facility_type_code":"1","api_first_registered_on":null,"api_last_modified_on":null,"updated_at":"2026-07-25T01:27:52.347112+00:00"},"geometry":{"type":"Point","coordinates":[127.341661669,34.568993744]}},{"type":"Feature","id":"8c9144bba563648642ba4311c4a6508c3ba51680fd1da01d68265e0dce390928-1","properties":{"facility_id":"8c9144bba563648642ba4311c4a6508c3ba51680fd1da01d68265e0dce390928","point_ordinal":1,"zone_group_id":"467701012887","source_manage_no":"467701012887","facility_name":"풍남초등학교","sgg_code":"12740","facility_type_code":"1","api_first_registered_on":null,"api_last_modified_on":null,"updated_at":"2026-07-25T01:27:52.347112+00:00"},"geometry":{"type":"Point","coordinates":[127.244934543,34.522956181]}},{"type":"Feature","id":"9aec7c41557c71454806bfab6f211ddaedef24b32f4771a9b10095611e20e93c-1","properties":{"facility_id":"9aec7c41557c71454806bfab6f211ddaedef24b32f4771a9b10095611e20e93c","point_ordinal":1,"zone_group_id":"467701012888","source_manage_no":"467701012888","facility_name":"풍양초등학교","sgg_code":"12740","facility_type_code":"1","api_first_registered_on":"1995-06-15","api_last_modified_on":null,"updated_at":"2026-07-25T01:27:52.347112+00:00"},"geometry":{"type":"Point","coordinates":[127.242866235,34.5755125]}},{"type":"Feature","id":"8b38b569c86cafb98010eace01d1c12d895536f6d7d7994a737a8bc426af17b2-1","properties":{"facility_id":"8b38b569c86cafb98010eace01d1c12d895536f6d7d7994a737a8bc426af17b2","point_ordinal":1,"zone_group_id":"467701012888","source_manage_no":"467701027698","facility_name":"풍양초등학교 병설유치원","sgg_code":"12740","facility_type_code":"1","api_first_registered_on":null,"api_last_modified_on":null,"updated_at":"2026-07-25T01:27:52.347112+00:00"},"geometry":{"type":"Point","coordinates":[127.242506606,34.57510841]}},{"type":"Feature","id":"05c900c31ba8a840682429834c6effd3435bb06006d3e2d3ba79cc7dba4dc86d-1","properties":{"facility_id":"05c900c31ba8a840682429834c6effd3435bb06006d3e2d3ba79cc7dba4dc86d","point_ordinal":1,"zone_group_id":"467701012864","source_manage_no":"467701012866","facility_name":"흥양어린이집","sgg_code":"12740","facility_type_code":"1","api_first_registered_on":"2006-10-13","api_last_modified_on":null,"updated_at":"2026-07-25T01:27:52.347112+00:00"},"geometry":{"type":"Point","coordinates":[127.288385124,34.609513399]}},{"type":"Feature","id":"e6fdbe5286eb7493cf88d892e91162eeb8d9e52b7cfd04457d632ae9049eb0b3-1","properties":{"facility_id":"e6fdbe5286eb7493cf88d892e91162eeb8d9e52b7cfd04457d632ae9049eb0b3","point_ordinal":1,"zone_group_id":"467801027752","source_manage_no":"467801027752","facility_name":"겸백초교 병설유치원","sgg_code":"12750","facility_type_code":"1","api_first_registered_on":null,"api_last_modified_on":null,"updated_at":"2026-07-30T00:09:13.239385+00:00"},"geometry":{"type":"Point","coordinates":[127.150171444,34.831456468]}},{"type":"Feature","id":"5185e4988b8d43427ef2f2826c71fb698306f6c81b7ff50bd84a2be2eba80db9-1","properties":{"facility_id":"5185e4988b8d43427ef2f2826c71fb698306f6c81b7ff50bd84a2be2eba80db9","point_ordinal":1,"zone_group_id":"467801013247","source_manage_no":"467801013247","facility_name":"겸백초등학교","sgg_code":"12750","facility_type_code":"1","api_first_registered_on":"1996-01-01","api_last_modified_on":null,"updated_at":"2026-07-30T00:09:13.239385+00:00"},"geometry":{"type":"Point","coordinates":[127.150402597,34.830643346]}},{"type":"Feature","id":"fa2906365c8727064e04bb63ecc0064890da76518fa13e31b385725dafcbf181-1","properties":{"facility_id":"fa2906365c8727064e04bb63ecc0064890da76518fa13e31b385725dafcbf181","point_ordinal":1,"zone_group_id":"467801027757","source_manage_no":"467801027757","facility_name":"낙성초교 병설유치원","sgg_code":"12750","facility_type_code":"1","api_first_registered_on":null,"api_last_modified_on":null,"updated_at":"2026-07-30T00:09:13.239385+00:00"},"geometry":{"type":"Point","coordinates":[127.314198932,34.876158053]}},{"type":"Feature","id":"cabf051117f655df31ce8345424593a2acb2dc392e027745cb72d66417872a99-1","properties":{"facility_id":"cabf051117f655df31ce8345424593a2acb2dc392e027745cb72d66417872a99","point_ordinal":1,"zone_group_id":"467801013259","source_manage_no":"467801013259","facility_name":"낙성초등학교","sgg_code":"12750","facility_type_code":"1","api_first_registered_on":"1996-01-01","api_last_modified_on":null,"updated_at":"2026-07-30T00:09:13.239385+00:00"},"geometry":{"type":"Point","coordinates":[127.314202508,34.876626108]}},{"type":"Feature","id":"3f401589304d9e49d3cdf3abd0f4acfc00647e7b74d69e22d7ebd4b81fa1c804-1","properties":{"facility_id":"3f401589304d9e49d3cdf3abd0f4acfc00647e7b74d69e22d7ebd4b81fa1c804","point_ordinal":1,"zone_group_id":"467801027753","source_manage_no":"467801027753","facility_name":"노동초교 병설유치원","sgg_code":"12750","facility_type_code":"1","api_first_registered_on":null,"api_last_modified_on":null,"updated_at":"2026-07-30T00:09:13.239385+00:00"},"geometry":{"type":"Point","coordinates":[127.049285582,34.823826861]}},{"type":"Feature","id":"3c3e30443c5e9af25b7f815a373ab7ce354b5b022c52ccce20e8c1e71a8dfe05-1","properties":{"facility_id":"3c3e30443c5e9af25b7f815a373ab7ce354b5b022c52ccce20e8c1e71a8dfe05","point_ordinal":1,"zone_group_id":"467801013249","source_manage_no":"467801013249","facility_name":"노동초등학교","sgg_code":"12750","facility_type_code":"1","api_first_registered_on":"2010-01-01","api_last_modified_on":null,"updated_at":"2026-07-30T00:09:13.239385+00:00"},"geometry":{"type":"Point","coordinates":[127.048735832,34.823455334]}},{"type":"Feature","id":"e544bfdace31b4cab88f35520bba9a5d13ef3eb87b100522aca191fa851846da-1","properties":{"facility_id":"e544bfdace31b4cab88f35520bba9a5d13ef3eb87b100522aca191fa851846da","point_ordinal":1,"zone_group_id":"467801023014","source_manage_no":"467801023014","facility_name":"동화나라어린이집","sgg_code":"12750","facility_type_code":"1","api_first_registered_on":null,"api_last_modified_on":null,"updated_at":"2026-07-25T01:27:52.347112+00:00"},"geometry":{"type":"Point","coordinates":[127.071682017,34.766832348]}},{"type":"Feature","id":"8d82fe409a149a5f2abaf246cb4770ca0484502dea359910612f9098d4efb234-1","properties":{"facility_id":"8d82fe409a149a5f2abaf246cb4770ca0484502dea359910612f9098d4efb234","point_ordinal":1,"zone_group_id":"467801027754","source_manage_no":"467801027754","facility_name":"득량남초교 병설유치원","sgg_code":"12750","facility_type_code":"1","api_first_registered_on":null,"api_last_modified_on":null,"updated_at":"2026-07-30T00:09:13.239385+00:00"},"geometry":{"type":"Point","coordinates":[127.186870921,34.753015317]}},{"type":"Feature","id":"c54bb7ae1a6fcabb45bed84a02989ee478b85954d2389742d2088dcc77d858c9-1","properties":{"facility_id":"c54bb7ae1a6fcabb45bed84a02989ee478b85954d2389742d2088dcc77d858c9","point_ordinal":1,"zone_group_id":"467801013251","source_manage_no":"467801013251","facility_name":"득량남초등학교","sgg_code":"12750","facility_type_code":"1","api_first_registered_on":"1996-01-01","api_last_modified_on":null,"updated_at":"2026-07-30T00:09:13.239385+00:00"},"geometry":{"type":"Point","coordinates":[127.187309313,34.752534923]}},{"type":"Feature","id":"32d1ead983cc87666ad043d696c163c3cc74a92e01fd8f90a6cb8fd44238892d-1","properties":{"facility_id":"32d1ead983cc87666ad043d696c163c3cc74a92e01fd8f90a6cb8fd44238892d","point_ordinal":1,"zone_group_id":"467801027755","source_manage_no":"467801027755","facility_name":"문덕초교 병설유치원","sgg_code":"12750","facility_type_code":"1","api_first_registered_on":null,"api_last_modified_on":null,"updated_at":"2026-07-30T00:09:13.239385+00:00"},"geometry":{"type":"Point","coordinates":[127.175012371,34.920240474]}},{"type":"Feature","id":"8465645e82e1a9a166153a2e740804fcb24804bb0f89bcf0f951c308a2aceddc-1","properties":{"facility_id":"8465645e82e1a9a166153a2e740804fcb24804bb0f89bcf0f951c308a2aceddc","point_ordinal":1,"zone_group_id":"467801013255","source_manage_no":"467801013255","facility_name":"문덕초등학교","sgg_code":"12750","facility_type_code":"1","api_first_registered_on":"2010-01-01","api_last_modified_on":null,"updated_at":"2026-07-30T00:09:13.239385+00:00"},"geometry":{"type":"Point","coordinates":[127.174372326,34.920028956]}},{"type":"Feature","id":"e15d600705d1549ff0a48eaefeef5ee925bcd65e776b5a959f4e9982f8db396f-1","properties":{"facility_id":"e15d600705d1549ff0a48eaefeef5ee925bcd65e776b5a959f4e9982f8db396f","point_ordinal":1,"zone_group_id":"467801027756","source_manage_no":"467801027756","facility_name":"미력초교 병설유치원","sgg_code":"12750","facility_type_code":"1","api_first_registered_on":null,"api_last_modified_on":null,"updated_at":"2026-07-30T00:09:13.239385+00:00"},"geometry":{"type":"Point","coordinates":[127.085901786,34.799344651]}},{"type":"Feature","id":"07a9168172f8df0a024b6ff9a7620af48c4e0551270f6cada8960c7a4c61a08a-1","properties":{"facility_id":"07a9168172f8df0a024b6ff9a7620af48c4e0551270f6cada8960c7a4c61a08a","point_ordinal":1,"zone_group_id":"467801013257","source_manage_no":"467801013257","facility_name":"미력초등학교","sgg_code":"12750","facility_type_code":"1","api_first_registered_on":"1996-01-01","api_last_modified_on":null,"updated_at":"2026-07-30T00:09:13.239385+00:00"},"geometry":{"type":"Point","coordinates":[127.086161292,34.799854397]}},{"type":"Feature","id":"b62445519c2fd7003bef4574e5e8c4c4b41280f67fc677fc2896be1ea21ed770-1","properties":{"facility_id":"b62445519c2fd7003bef4574e5e8c4c4b41280f67fc677fc2896be1ea21ed770","point_ordinal":1,"zone_group_id":"467802025372","source_manage_no":"467802025372","facility_name":"벌교 전천후게이트볼장","sgg_code":"12750","facility_type_code":"2","api_first_registered_on":"2017-10-16","api_last_modified_on":null,"updated_at":"2026-07-25T01:27:52.347112+00:00"},"geometry":{"type":"Point","coordinates":[127.343964255,34.84032596]}},{"type":"Feature","id":"705bc30be26af69919c3a667f49883955a33db4ec2ea6131c435930040f2d3a5-1","properties":{"facility_id":"705bc30be26af69919c3a667f49883955a33db4ec2ea6131c435930040f2d3a5","point_ordinal":1,"zone_group_id":"467801013262","source_manage_no":"467801013262","facility_name":"벌교어린이집","sgg_code":"12750","facility_type_code":"1","api_first_registered_on":"2009-01-01","api_last_modified_on":null,"updated_at":"2026-07-25T01:27:52.347112+00:00"},"geometry":{"type":"Point","coordinates":[127.341336295,34.848311022]}},{"type":"Feature","id":"4688df031c0f7ebd685965cb76665dad44aecc9620ee2f9c9a2025e0d17e6737-1","properties":{"facility_id":"4688df031c0f7ebd685965cb76665dad44aecc9620ee2f9c9a2025e0d17e6737","point_ordinal":1,"zone_group_id":"467801013263","source_manage_no":"467801013263","facility_name":"벌교중앙어린이집","sgg_code":"12750","facility_type_code":"1","api_first_registered_on":"2009-01-01","api_last_modified_on":null,"updated_at":"2026-07-25T01:27:52.347112+00:00"},"geometry":{"type":"Point","coordinates":[127.351316068,34.846186446]}},{"type":"Feature","id":"7255bb2f1d431a50400707d1d116afaaafe305c2b9c09a660f3f7bb5194ea3cf-1","properties":{"facility_id":"7255bb2f1d431a50400707d1d116afaaafe305c2b9c09a660f3f7bb5194ea3cf","point_ordinal":1,"zone_group_id":"467801027758","source_manage_no":"467801027758","facility_name":"벌교중앙초교 병설유치원","sgg_code":"12750","facility_type_code":"1","api_first_registered_on":null,"api_last_modified_on":null,"updated_at":"2026-07-30T00:09:13.239385+00:00"},"geometry":{"type":"Point","coordinates":[127.343153118,34.838378653]}},{"type":"Feature","id":"8f8efefbe8e65024b9fc7c6c6a8df315c89c26b2b457637e050a493c73d5588a-1","properties":{"facility_id":"8f8efefbe8e65024b9fc7c6c6a8df315c89c26b2b457637e050a493c73d5588a","point_ordinal":1,"zone_group_id":"467801013270","source_manage_no":"467801013270","facility_name":"벌교중앙초등학교","sgg_code":"12750","facility_type_code":"1","api_first_registered_on":"2008-01-01","api_last_modified_on":null,"updated_at":"2026-07-30T00:09:13.239385+00:00"},"geometry":{"type":"Point","coordinates":[127.343148347,34.837610272]}},{"type":"Feature","id":"0850e4a7d2dbd29ccc52e57e24cd321a33cf1afb7132d793222404d687af66bb-1","properties":{"facility_id":"0850e4a7d2dbd29ccc52e57e24cd321a33cf1afb7132d793222404d687af66bb","point_ordinal":1,"zone_group_id":"467801027759","source_manage_no":"467801027759","facility_name":"벌교초교 병설유치원","sgg_code":"12750","facility_type_code":"1","api_first_registered_on":null,"api_last_modified_on":null,"updated_at":"2026-07-30T00:09:13.239385+00:00"},"geometry":{"type":"Point","coordinates":[127.342112047,34.844204278]}},{"type":"Feature","id":"895113e2e5aa8b2523a977986fe5d697490039b046b3329b91145b647a38ebf7-1","properties":{"facility_id":"895113e2e5aa8b2523a977986fe5d697490039b046b3329b91145b647a38ebf7","point_ordinal":1,"zone_group_id":"467801013264","source_manage_no":"467801013264","facility_name":"벌교초등학교","sgg_code":"12750","facility_type_code":"1","api_first_registered_on":"1996-01-01","api_last_modified_on":null,"updated_at":"2026-07-30T00:09:13.239385+00:00"},"geometry":{"type":"Point","coordinates":[127.342854347,34.844270731]}},{"type":"Feature","id":"ce08b1887dc395e80df6bdd0113069e3a5dc8220c384315a7c8f13df8f1c541d-1","properties":{"facility_id":"ce08b1887dc395e80df6bdd0113069e3a5dc8220c384315a7c8f13df8f1c541d","point_ordinal":1,"zone_group_id":"467801027766","source_manage_no":"467801027766","facility_name":"보둠이나눔이어린이집","sgg_code":"12750","facility_type_code":"1","api_first_registered_on":null,"api_last_modified_on":null,"updated_at":"2026-07-25T01:27:52.347112+00:00"},"geometry":{"type":"Point","coordinates":[127.082718038,34.771461631]}},{"type":"Feature","id":"2fc9c16cc0098e103330caeade09305b72b8b3c3bac7ffd353ce82bcebad7f48-1","properties":{"facility_id":"2fc9c16cc0098e103330caeade09305b72b8b3c3bac7ffd353ce82bcebad7f48","point_ordinal":1,"zone_group_id":"467802025371","source_manage_no":"467802025371","facility_name":"보성 시니어클럽","sgg_code":"12750","facility_type_code":"2","api_first_registered_on":"2017-10-16","api_last_modified_on":null,"updated_at":"2026-07-25T01:27:52.347112+00:00"},"geometry":{"type":"Point","coordinates":[127.339520655,34.848278439]}},{"type":"Feature","id":"72e91fd58dab710e16b92000190b88ed8350741eeb62ab39c6ddc91fb0dee627-1","properties":{"facility_id":"72e91fd58dab710e16b92000190b88ed8350741eeb62ab39c6ddc91fb0dee627","point_ordinal":1,"zone_group_id":"467803025463","source_manage_no":"467803025463","facility_name":"보성군 장애인생활관","sgg_code":"12750","facility_type_code":"3","api_first_registered_on":"2020-11-27","api_last_modified_on":null,"updated_at":"2026-07-25T01:27:52.347112+00:00"},"geometry":{"type":"Point","coordinates":[127.086594576,34.774153725]}},{"type":"Feature","id":"8592c5d9be81b7e5a55ea52fbd9c79f08e8f7bc3dd98fed16d73b2a41647a811-1","properties":{"facility_id":"8592c5d9be81b7e5a55ea52fbd9c79f08e8f7bc3dd98fed16d73b2a41647a811","point_ordinal":1,"zone_group_id":"467802013268","source_manage_no":"467802013268","facility_name":"보성군노인복지관","sgg_code":"12750","facility_type_code":"2","api_first_registered_on":"2011-01-01","api_last_modified_on":null,"updated_at":"2026-07-25T01:27:52.347112+00:00"},"geometry":{"type":"Point","coordinates":[127.351568554,34.845681766]}},{"type":"Feature","id":"6748ab8d897566f195a9dfcd704451f3f5ca404fbc0e47cbf0c971f98ac9bcdd-1","properties":{"facility_id":"6748ab8d897566f195a9dfcd704451f3f5ca404fbc0e47cbf0c971f98ac9bcdd","point_ordinal":1,"zone_group_id":"467802013281","source_manage_no":"467802013281","facility_name":"보성군행복노인전문요양원","sgg_code":"12750","facility_type_code":"2","api_first_registered_on":"2011-01-01","api_last_modified_on":null,"updated_at":"2026-07-25T01:27:52.347112+00:00"},"geometry":{"type":"Point","coordinates":[127.094594631,34.844203985]}},{"type":"Feature","id":"578de9534865512b4c3d53aa5f9d88b958d302f4bdfae9dadf7e06b085a2ce61-1","properties":{"facility_id":"578de9534865512b4c3d53aa5f9d88b958d302f4bdfae9dadf7e06b085a2ce61","point_ordinal":1,"zone_group_id":"467801027750","source_manage_no":"467801027750","facility_name":"보성남초등학교","sgg_code":"12750","facility_type_code":"1","api_first_registered_on":null,"api_last_modified_on":null,"updated_at":"2026-07-30T00:09:13.239385+00:00"},"geometry":{"type":"Point","coordinates":[127.077646964,34.770662263]}},{"type":"Feature","id":"d85c644241df8655d09ba6caa784965d8602065c12ec94d4a6b1dc66054c926d-1","properties":{"facility_id":"d85c644241df8655d09ba6caa784965d8602065c12ec94d4a6b1dc66054c926d","point_ordinal":1,"zone_group_id":"467801027749","source_manage_no":"467801027749","facility_name":"보성남초등학교 병설유치원","sgg_code":"12750","facility_type_code":"1","api_first_registered_on":null,"api_last_modified_on":null,"updated_at":"2026-07-30T00:09:13.239385+00:00"},"geometry":{"type":"Point","coordinates":[127.077903571,34.770549422]}},{"type":"Feature","id":"4236dc4f0d28722c75347f243cd4bc90b4edc8a4544399761e2d6beb30a3dd56-1","properties":{"facility_id":"4236dc4f0d28722c75347f243cd4bc90b4edc8a4544399761e2d6beb30a3dd56","point_ordinal":1,"zone_group_id":"467802013275","source_manage_no":"467802013275","facility_name":"보성종합사회복지관","sgg_code":"12750","facility_type_code":"2","api_first_registered_on":"2011-01-01","api_last_modified_on":null,"updated_at":"2026-07-25T01:27:52.347112+00:00"},"geometry":{"type":"Point","coordinates":[127.083497064,34.770540732]}},{"type":"Feature","id":"b2a5cb98b941ab73f3cf60d453f5adef5cc430392e6dbe218b37aa4c849d7c65-1","properties":{"facility_id":"b2a5cb98b941ab73f3cf60d453f5adef5cc430392e6dbe218b37aa4c849d7c65","point_ordinal":1,"zone_group_id":"467801023068","source_manage_no":"467801023068","facility_name":"보성초등학교","sgg_code":"12750","facility_type_code":"1","api_first_registered_on":"1996-04-01","api_last_modified_on":null,"updated_at":"2026-07-30T00:09:13.239385+00:00"},"geometry":{"type":"Point","coordinates":[127.079274696,34.770888307]}},{"type":"Feature","id":"ee38529b60e3e2074f19bae650a36b13af7b7408593054cb890bc773c45555a4-1","properties":{"facility_id":"ee38529b60e3e2074f19bae650a36b13af7b7408593054cb890bc773c45555a4","point_ordinal":1,"zone_group_id":"467801028045","source_manage_no":"467801028045","facility_name":"보성초등학교 병설유치원","sgg_code":"12750","facility_type_code":"1","api_first_registered_on":null,"api_last_modified_on":null,"updated_at":"2026-07-30T00:09:13.239385+00:00"},"geometry":{"type":"Point","coordinates":[127.079274831,34.771029153]}},{"type":"Feature","id":"b9e8e530594936240271a9a9def56b5142e97ce6a0fa413d2fe45e0652104900-1","properties":{"facility_id":"b9e8e530594936240271a9a9def56b5142e97ce6a0fa413d2fe45e0652104900","point_ordinal":1,"zone_group_id":"467801027760","source_manage_no":"467801027760","facility_name":"복내초교 병설유치원","sgg_code":"12750","facility_type_code":"1","api_first_registered_on":null,"api_last_modified_on":null,"updated_at":"2026-07-30T00:09:13.239385+00:00"},"geometry":{"type":"Point","coordinates":[127.127351673,34.898292773]}},{"type":"Feature","id":"79f1b7a7c2874f28077f6e687c071040ec92ee30fc6cbb6db9a8f60b520aac8e-1","properties":{"facility_id":"79f1b7a7c2874f28077f6e687c071040ec92ee30fc6cbb6db9a8f60b520aac8e","point_ordinal":1,"zone_group_id":"467801013278","source_manage_no":"467801013278","facility_name":"복내초등학교","sgg_code":"12750","facility_type_code":"1","api_first_registered_on":"1997-01-01","api_last_modified_on":null,"updated_at":"2026-07-30T00:09:13.239385+00:00"},"geometry":{"type":"Point","coordinates":[127.127881994,34.898522358]}},{"type":"Feature","id":"aa4d8782333628dff3119d57849696f5942371a0bb8821167ce173bb48a10ac3-1","properties":{"facility_id":"aa4d8782333628dff3119d57849696f5942371a0bb8821167ce173bb48a10ac3","point_ordinal":1,"zone_group_id":"467801013280","source_manage_no":"467801013280","facility_name":"삼광어린이집","sgg_code":"12750","facility_type_code":"1","api_first_registered_on":"2010-01-01","api_last_modified_on":null,"updated_at":"2026-07-25T01:27:52.347112+00:00"},"geometry":{"type":"Point","coordinates":[127.141252825,34.900313584]}},{"type":"Feature","id":"3ecf27b9589aa6080edf525149a9e0f443748aa9d605b52e6cacd34ecf487cad-1","properties":{"facility_id":"3ecf27b9589aa6080edf525149a9e0f443748aa9d605b52e6cacd34ecf487cad","point_ordinal":1,"zone_group_id":"467801023019","source_manage_no":"467801023019","facility_name":"새싹어린이집","sgg_code":"12750","facility_type_code":"1","api_first_registered_on":null,"api_last_modified_on":null,"updated_at":"2026-07-25T01:27:52.347112+00:00"},"geometry":{"type":"Point","coordinates":[127.08266368,34.764988748]}},{"type":"Feature","id":"1af4070d4ae6d7c4646ee43c03045361be0f4668293c10a6bec3f1afb302a014-1","properties":{"facility_id":"1af4070d4ae6d7c4646ee43c03045361be0f4668293c10a6bec3f1afb302a014","point_ordinal":1,"zone_group_id":"467801013253","source_manage_no":"467801013253","facility_name":"예당초등학교","sgg_code":"12750","facility_type_code":"1","api_first_registered_on":"1996-01-01","api_last_modified_on":null,"updated_at":"2026-07-25T01:27:52.347112+00:00"},"geometry":{"type":"Point","coordinates":[127.197345722,34.778394454]}},{"type":"Feature","id":"ba05c2f71ea126ec223d658b6ed2f5f6b3d8ed77798b38df780d2d2e071d2efb-1","properties":{"facility_id":"ba05c2f71ea126ec223d658b6ed2f5f6b3d8ed77798b38df780d2d2e071d2efb","point_ordinal":1,"zone_group_id":"467801027761","source_manage_no":"467801027761","facility_name":"율어초교 병설유치원","sgg_code":"12750","facility_type_code":"1","api_first_registered_on":null,"api_last_modified_on":null,"updated_at":"2026-07-30T00:09:13.239385+00:00"},"geometry":{"type":"Point","coordinates":[127.185760797,34.872436654]}},{"type":"Feature","id":"fa23014183fe4e0af4a4dd61060c830da3cfc8722f9e50d1395e5233ff25be46-1","properties":{"facility_id":"fa23014183fe4e0af4a4dd61060c830da3cfc8722f9e50d1395e5233ff25be46","point_ordinal":1,"zone_group_id":"467801013284","source_manage_no":"467801013284","facility_name":"율어초등학교","sgg_code":"12750","facility_type_code":"1","api_first_registered_on":"2010-01-01","api_last_modified_on":null,"updated_at":"2026-07-30T00:09:13.239385+00:00"},"geometry":{"type":"Point","coordinates":[127.186760779,34.872250475]}},{"type":"Feature","id":"d30dc91dc148f49fa0e3f4cd9df6ac60d6a2acdbe1fb81c15e367e08c474b933-1","properties":{"facility_id":"d30dc91dc148f49fa0e3f4cd9df6ac60d6a2acdbe1fb81c15e367e08c474b933","point_ordinal":1,"zone_group_id":"467802013269","source_manage_no":"467802013269","facility_name":"작은자의집","sgg_code":"12750","facility_type_code":"2","api_first_registered_on":"2011-01-01","api_last_modified_on":null,"updated_at":"2026-07-25T01:27:52.347112+00:00"},"geometry":{"type":"Point","coordinates":[127.383592754,34.801070008]}},{"type":"Feature","id":"bdd781be258ef1c9dd891e0c9db38f5e5fcd725c7e2add28b1f350e8493389b5-1","properties":{"facility_id":"bdd781be258ef1c9dd891e0c9db38f5e5fcd725c7e2add28b1f350e8493389b5","point_ordinal":1,"zone_group_id":"467801027762","source_manage_no":"467801027762","facility_name":"조성남초교 병설유치원","sgg_code":"12750","facility_type_code":"1","api_first_registered_on":null,"api_last_modified_on":null,"updated_at":"2026-07-30T00:09:13.239385+00:00"},"geometry":{"type":"Point","coordinates":[127.215025444,34.789786303]}},{"type":"Feature","id":"c72ea7f51ff32cbf86400cbb532420e87bc25ce295dc8dcc12c6289a3ff09ff5-1","properties":{"facility_id":"c72ea7f51ff32cbf86400cbb532420e87bc25ce295dc8dcc12c6289a3ff09ff5","point_ordinal":1,"zone_group_id":"467801013287","source_manage_no":"467801013287","facility_name":"조성남초등학교","sgg_code":"12750","facility_type_code":"1","api_first_registered_on":"1996-01-01","api_last_modified_on":null,"updated_at":"2026-07-30T00:09:13.239385+00:00"},"geometry":{"type":"Point","coordinates":[127.215776108,34.789994492]}},{"type":"Feature","id":"10a263568939d145b20a27f9c421bd9fe55f165d154831c68ffa5cfb1ba0c874-1","properties":{"facility_id":"10a263568939d145b20a27f9c421bd9fe55f165d154831c68ffa5cfb1ba0c874","point_ordinal":1,"zone_group_id":"467801013288","source_manage_no":"467801013288","facility_name":"조성초등학교","sgg_code":"12750","facility_type_code":"1","api_first_registered_on":"1996-01-01","api_last_modified_on":"2026-07-28","updated_at":"2026-07-30T00:09:13.239385+00:00"},"geometry":{"type":"Point","coordinates":[127.242929295,34.807958491]}},{"type":"Feature","id":"6529811794c40377d6941b42c523a4b329ff7099eef084b1f83e28e081b9c9de-1","properties":{"facility_id":"6529811794c40377d6941b42c523a4b329ff7099eef084b1f83e28e081b9c9de","point_ordinal":1,"zone_group_id":"467801013290","source_manage_no":"467801013290","facility_name":"초동친구어린이집","sgg_code":"12750","facility_type_code":"1","api_first_registered_on":"2013-01-01","api_last_modified_on":null,"updated_at":"2026-07-25T01:27:52.347112+00:00"},"geometry":{"type":"Point","coordinates":[127.246978924,34.809501622]}},{"type":"Feature","id":"9846dbb34133cd1f6a3ded5d6bef0f4cac44c3fdc126ca005e5cdf4bafae8c39-1","properties":{"facility_id":"9846dbb34133cd1f6a3ded5d6bef0f4cac44c3fdc126ca005e5cdf4bafae8c39","point_ordinal":1,"zone_group_id":"467801013272","source_manage_no":"467801013272","facility_name":"해아뜰어린이집","sgg_code":"12750","facility_type_code":"1","api_first_registered_on":"2009-01-01","api_last_modified_on":"2025-10-30","updated_at":"2026-07-25T01:27:52.347112+00:00"},"geometry":{"type":"Point","coordinates":[127.071799671,34.76394098]}},{"type":"Feature","id":"5d0300b2575f239111d0721b890b344348b3b9f3ceda62cfb3d103275ad2611c-1","properties":{"facility_id":"5d0300b2575f239111d0721b890b344348b3b9f3ceda62cfb3d103275ad2611c","point_ordinal":1,"zone_group_id":"467802025374","source_manage_no":"467802025374","facility_name":"회천 군농경로당","sgg_code":"12750","facility_type_code":"2","api_first_registered_on":"2018-04-23","api_last_modified_on":null,"updated_at":"2026-07-25T01:27:52.347112+00:00"},"geometry":{"type":"Point","coordinates":[127.111422799,34.690094585]}},{"type":"Feature","id":"fcd0c167b56a20d98528616b04c26d5930c6563c01bfb2c68e8bd58060eb867d-1","properties":{"facility_id":"fcd0c167b56a20d98528616b04c26d5930c6563c01bfb2c68e8bd58060eb867d","point_ordinal":1,"zone_group_id":"467802025373","source_manage_no":"467802025373","facility_name":"회천 회령경로당","sgg_code":"12750","facility_type_code":"2","api_first_registered_on":"2017-10-16","api_last_modified_on":null,"updated_at":"2026-07-25T01:27:52.347112+00:00"},"geometry":{"type":"Point","coordinates":[127.062686198,34.66979085]}},{"type":"Feature","id":"eddaf93130de5ab3d794cd3c62f317c49a4077c07a288ea2d32ddec5eb877a13-1","properties":{"facility_id":"eddaf93130de5ab3d794cd3c62f317c49a4077c07a288ea2d32ddec5eb877a13","point_ordinal":1,"zone_group_id":"467801027765","source_manage_no":"467801027765","facility_name":"회천초교 병설유치원","sgg_code":"12750","facility_type_code":"1","api_first_registered_on":null,"api_last_modified_on":null,"updated_at":"2026-07-30T00:09:13.239385+00:00"},"geometry":{"type":"Point","coordinates":[127.085068936,34.672850138]}},{"type":"Feature","id":"c9454ab485a995f8b450ca3a91b2de8511e1aea1a61b0261ae116606acf64d25-1","properties":{"facility_id":"c9454ab485a995f8b450ca3a91b2de8511e1aea1a61b0261ae116606acf64d25","point_ordinal":1,"zone_group_id":"467801013293","source_manage_no":"467801013293","facility_name":"회천초등학교","sgg_code":"12750","facility_type_code":"1","api_first_registered_on":null,"api_last_modified_on":"2025-02-26","updated_at":"2026-07-25T01:27:52.347112+00:00"},"geometry":{"type":"Point","coordinates":[127.085463467,34.673259456]}},{"type":"Feature","id":"1351e7e0f67eeb372ee8fa190745eb353083208d3aaf82c649a10addc896c450-1","properties":{"facility_id":"1351e7e0f67eeb372ee8fa190745eb353083208d3aaf82c649a10addc896c450","point_ordinal":1,"zone_group_id":"467901013826","source_manage_no":"467901013826","facility_name":"나라어린이집","sgg_code":"12760","facility_type_code":"1","api_first_registered_on":"2010-12-13","api_last_modified_on":null,"updated_at":"2026-07-25T01:27:52.347112+00:00"},"geometry":{"type":"Point","coordinates":[126.980578367,35.059448354]}},{"type":"Feature","id":"336697589409ce3330cada79caee0954a2da95e2ebd96c8306661360ba4c85ee-1","properties":{"facility_id":"336697589409ce3330cada79caee0954a2da95e2ebd96c8306661360ba4c85ee","point_ordinal":1,"zone_group_id":"467901013827","source_manage_no":"467901013827","facility_name":"낙원어린이집","sgg_code":"12760","facility_type_code":"1","api_first_registered_on":"2011-01-13","api_last_modified_on":null,"updated_at":"2026-07-25T01:27:52.347112+00:00"},"geometry":{"type":"Point","coordinates":[127.057536727,35.035902778]}},{"type":"Feature","id":"569e27fe9d65705044edc947275be15a3186e95fb4f157f560ec3b69de1e0862-1","properties":{"facility_id":"569e27fe9d65705044edc947275be15a3186e95fb4f157f560ec3b69de1e0862","point_ordinal":1,"zone_group_id":"467901013804","source_manage_no":"467901013804","facility_name":"능주초등학교","sgg_code":"12760","facility_type_code":"1","api_first_registered_on":"1996-09-20","api_last_modified_on":null,"updated_at":"2026-07-25T01:27:52.347112+00:00"},"geometry":{"type":"Point","coordinates":[126.957147628,34.987442069]}},{"type":"Feature","id":"aacca5372a2a25580c99fe68693a15c32f7121aa02bd77e8fdafbe08393a9d90-1","properties":{"facility_id":"aacca5372a2a25580c99fe68693a15c32f7121aa02bd77e8fdafbe08393a9d90","point_ordinal":1,"zone_group_id":"467901013804","source_manage_no":"467901027890","facility_name":"능주초등학교 병설유치원","sgg_code":"12760","facility_type_code":"1","api_first_registered_on":"1996-09-20","api_last_modified_on":null,"updated_at":"2026-07-25T01:27:52.347112+00:00"},"geometry":{"type":"Point","coordinates":[126.957189194,34.98750401]}},{"type":"Feature","id":"7c5d150d6c9df742a8bd97508f3d1da5f87adb22a2986dbb5cd4d49e26a99adf-1","properties":{"facility_id":"7c5d150d6c9df742a8bd97508f3d1da5f87adb22a2986dbb5cd4d49e26a99adf","point_ordinal":1,"zone_group_id":"467901013806","source_manage_no":"467901013806","facility_name":"도곡중앙초등학교","sgg_code":"12760","facility_type_code":"1","api_first_registered_on":"2006-04-10","api_last_modified_on":null,"updated_at":"2026-07-25T01:27:52.347112+00:00"},"geometry":{"type":"Point","coordinates":[126.910888008,34.987415785]}},{"type":"Feature","id":"3906ecb381491273cc1ce7f8d93f85038de1a1daade48a4336841016dd5c46be-1","properties":{"facility_id":"3906ecb381491273cc1ce7f8d93f85038de1a1daade48a4336841016dd5c46be","point_ordinal":1,"zone_group_id":"467901013806","source_manage_no":"467901027889","facility_name":"도곡중앙초등학교 병설유치원","sgg_code":"12760","facility_type_code":"1","api_first_registered_on":"2006-04-10","api_last_modified_on":null,"updated_at":"2026-07-25T01:27:52.347112+00:00"},"geometry":{"type":"Point","coordinates":[126.910958801,34.98735742]}},{"type":"Feature","id":"a82f4cc9ea609751bca1a503fd942b2b9918b714d0e7145e0047f52d9962c074-1","properties":{"facility_id":"a82f4cc9ea609751bca1a503fd942b2b9918b714d0e7145e0047f52d9962c074","point_ordinal":1,"zone_group_id":"467901013808","source_manage_no":"467901013808","facility_name":"도곡초등학교","sgg_code":"12760","facility_type_code":"1","api_first_registered_on":"1997-09-27","api_last_modified_on":null,"updated_at":"2026-07-25T01:27:52.347112+00:00"},"geometry":{"type":"Point","coordinates":[126.909673885,35.013064038]}},{"type":"Feature","id":"adab7dff6e1130e02d78fbccd857984aa24280d43860e9050cc6085a3fdc7b65-1","properties":{"facility_id":"adab7dff6e1130e02d78fbccd857984aa24280d43860e9050cc6085a3fdc7b65","point_ordinal":1,"zone_group_id":"467901013808","source_manage_no":"467901027888","facility_name":"도곡초등학교 병설유치원","sgg_code":"12760","facility_type_code":"1","api_first_registered_on":"1997-09-27","api_last_modified_on":null,"updated_at":"2026-07-25T01:27:52.347112+00:00"},"geometry":{"type":"Point","coordinates":[126.909669464,35.013151713]}},{"type":"Feature","id":"8ea60af4213c83869ed5932e70287c017733a6cfb68428b5f390074590dc5dd4-1","properties":{"facility_id":"8ea60af4213c83869ed5932e70287c017733a6cfb68428b5f390074590dc5dd4","point_ordinal":1,"zone_group_id":"467901013812","source_manage_no":"467901013812","facility_name":"동면초등학교","sgg_code":"12760","facility_type_code":"1","api_first_registered_on":"1996-09-20","api_last_modified_on":null,"updated_at":"2026-07-25T01:27:52.347112+00:00"},"geometry":{"type":"Point","coordinates":[127.042599003,35.031005101]}},{"type":"Feature","id":"1a00826ed311c85b10b3901d721385b787fa9a66598109ff5ed067a394ee758c-1","properties":{"facility_id":"1a00826ed311c85b10b3901d721385b787fa9a66598109ff5ed067a394ee758c","point_ordinal":1,"zone_group_id":"467901013812","source_manage_no":"467901027883","facility_name":"동면초등학교 병설유치원","sgg_code":"12760","facility_type_code":"1","api_first_registered_on":"1996-09-20","api_last_modified_on":null,"updated_at":"2026-07-25T01:27:52.347112+00:00"},"geometry":{"type":"Point","coordinates":[127.042540211,35.030997478]}},{"type":"Feature","id":"4cb48a8bcf0880893c71e560770cb132880449de183df324f5f9c90342f755a6-1","properties":{"facility_id":"4cb48a8bcf0880893c71e560770cb132880449de183df324f5f9c90342f755a6","point_ordinal":1,"zone_group_id":"467901013814","source_manage_no":"467901013814","facility_name":"동복초등학교","sgg_code":"12760","facility_type_code":"1","api_first_registered_on":"1997-09-27","api_last_modified_on":null,"updated_at":"2026-07-25T01:27:52.347112+00:00"},"geometry":{"type":"Point","coordinates":[127.12781402,35.071738975]}},{"type":"Feature","id":"747106f4bfe5dd5d436bfd5c30ac39a01e5af61dba684ef3867315ab18dcdb3e-1","properties":{"facility_id":"747106f4bfe5dd5d436bfd5c30ac39a01e5af61dba684ef3867315ab18dcdb3e","point_ordinal":1,"zone_group_id":"467901013814","source_manage_no":"467901027884","facility_name":"동복초등학교병설","sgg_code":"12760","facility_type_code":"1","api_first_registered_on":"1997-09-27","api_last_modified_on":null,"updated_at":"2026-07-25T01:27:52.347112+00:00"},"geometry":{"type":"Point","coordinates":[127.127802836,35.071790985]}},{"type":"Feature","id":"381ea79af6d0dd6f33b62bc64c91caf22842ef06a81897b345b485dbc4da1c78-1","properties":{"facility_id":"381ea79af6d0dd6f33b62bc64c91caf22842ef06a81897b345b485dbc4da1c78","point_ordinal":1,"zone_group_id":"467901013828","source_manage_no":"467901013828","facility_name":"동화나라어린이집","sgg_code":"12760","facility_type_code":"1","api_first_registered_on":"2010-06-18","api_last_modified_on":null,"updated_at":"2026-07-25T01:27:52.347112+00:00"},"geometry":{"type":"Point","coordinates":[126.996080925,35.061894294]}},{"type":"Feature","id":"328ec7ef65073b84156a7f21791b5b5e4ac349cd953b61a81385cc88e8f2a7f4-1","properties":{"facility_id":"328ec7ef65073b84156a7f21791b5b5e4ac349cd953b61a81385cc88e8f2a7f4","point_ordinal":1,"zone_group_id":"467901013830","source_manage_no":"467901013830","facility_name":"로뎀나무어린이집","sgg_code":"12760","facility_type_code":"1","api_first_registered_on":"2011-01-13","api_last_modified_on":null,"updated_at":"2026-07-25T01:27:52.347112+00:00"},"geometry":{"type":"Point","coordinates":[126.999562863,35.053811231]}},{"type":"Feature","id":"cae1a618d6f9cba2a0354dc698a1f1d72ea9c72ead086b37107fa15e523e658b-1","properties":{"facility_id":"cae1a618d6f9cba2a0354dc698a1f1d72ea9c72ead086b37107fa15e523e658b","point_ordinal":1,"zone_group_id":"467901013802","source_manage_no":"467901013802","facility_name":"사평초등학교","sgg_code":"12760","facility_type_code":"1","api_first_registered_on":"1997-09-27","api_last_modified_on":null,"updated_at":"2026-07-25T01:27:52.347112+00:00"},"geometry":{"type":"Point","coordinates":[127.093602318,35.007957691]}},{"type":"Feature","id":"18bf0dd2da8223b310b4e08d9a62d3147adfaa137a796d4daf8cd21cfd357489-1","properties":{"facility_id":"18bf0dd2da8223b310b4e08d9a62d3147adfaa137a796d4daf8cd21cfd357489","point_ordinal":1,"zone_group_id":"467901013802","source_manage_no":"467901013803","facility_name":"사평초등학교 병설유치원","sgg_code":"12760","facility_type_code":"1","api_first_registered_on":"1997-09-27","api_last_modified_on":null,"updated_at":"2026-07-25T01:27:52.347112+00:00"},"geometry":{"type":"Point","coordinates":[127.093536535,35.007912672]}},{"type":"Feature","id":"b2cfa8cf77871841a9b24697e414ce3c0e7cee518be4cb3509b09b363f7cba43-1","properties":{"facility_id":"b2cfa8cf77871841a9b24697e414ce3c0e7cee518be4cb3509b09b363f7cba43","point_ordinal":1,"zone_group_id":"467901013843","source_manage_no":"467901013843","facility_name":"신현대어린이집","sgg_code":"12760","facility_type_code":"1","api_first_registered_on":"2010-06-18","api_last_modified_on":"2025-07-17","updated_at":"2026-07-25T01:27:52.347112+00:00"},"geometry":{"type":"Point","coordinates":[126.991805327,35.056348894]}},{"type":"Feature","id":"8e2ebba6295ad1437bf2d1a11f9220a076993f4ab874031e2e795325b08c7675-1","properties":{"facility_id":"8e2ebba6295ad1437bf2d1a11f9220a076993f4ab874031e2e795325b08c7675","point_ordinal":1,"zone_group_id":"467901013816","source_manage_no":"467901013816","facility_name":"아산초등학교","sgg_code":"12760","facility_type_code":"1","api_first_registered_on":"1997-09-27","api_last_modified_on":null,"updated_at":"2026-07-25T01:27:52.347112+00:00"},"geometry":{"type":"Point","coordinates":[127.133567013,35.168376012]}},{"type":"Feature","id":"8e0072fcac37eade138adc3dba5d4043fa246983cfbc17a6e9cc1d83ccf22505-1","properties":{"facility_id":"8e0072fcac37eade138adc3dba5d4043fa246983cfbc17a6e9cc1d83ccf22505","point_ordinal":1,"zone_group_id":"467901013816","source_manage_no":"467901013817","facility_name":"아산초등학교 병설유치원","sgg_code":"12760","facility_type_code":"1","api_first_registered_on":"1997-09-27","api_last_modified_on":null,"updated_at":"2026-07-25T01:27:52.347112+00:00"},"geometry":{"type":"Point","coordinates":[127.133610994,35.168421031]}},{"type":"Feature","id":"26d5158254b7f92c215eb01d7f7c8561f7f1c500c6f522e949946762b8fd2950-1","properties":{"facility_id":"26d5158254b7f92c215eb01d7f7c8561f7f1c500c6f522e949946762b8fd2950","point_ordinal":1,"zone_group_id":"467901013831","source_manage_no":"467901013831","facility_name":"아이샘터어린이집","sgg_code":"12760","facility_type_code":"1","api_first_registered_on":"2010-12-13","api_last_modified_on":null,"updated_at":"2026-07-25T01:27:52.347112+00:00"},"geometry":{"type":"Point","coordinates":[126.990226112,35.068713902]}},{"type":"Feature","id":"6c2ff4533b7b81fd9e0abf0bd327d5a5b90f7f17e88da12628043631f62476a2-1","properties":{"facility_id":"6c2ff4533b7b81fd9e0abf0bd327d5a5b90f7f17e88da12628043631f62476a2","point_ordinal":1,"zone_group_id":"467901013832","source_manage_no":"467901013832","facility_name":"아테네어린이집","sgg_code":"12760","facility_type_code":"1","api_first_registered_on":"2011-01-13","api_last_modified_on":null,"updated_at":"2026-07-25T01:27:52.347112+00:00"},"geometry":{"type":"Point","coordinates":[126.980071188,35.0581477]}},{"type":"Feature","id":"6d57f353fbf34ed0a8389169cffc3fddc0f08ab5a0c84eaf60167092281d6667-1","properties":{"facility_id":"6d57f353fbf34ed0a8389169cffc3fddc0f08ab5a0c84eaf60167092281d6667","point_ordinal":1,"zone_group_id":"467901013834","source_manage_no":"467901013834","facility_name":"오성초등학교","sgg_code":"12760","facility_type_code":"1","api_first_registered_on":"1996-09-20","api_last_modified_on":null,"updated_at":"2026-07-25T01:27:52.347112+00:00"},"geometry":{"type":"Point","coordinates":[126.964718905,35.053022264]}},{"type":"Feature","id":"157eb2bd6f9575a92b7335c2d2f09e74883afc12235f23017d8c956d4ebff88f-1","properties":{"facility_id":"157eb2bd6f9575a92b7335c2d2f09e74883afc12235f23017d8c956d4ebff88f","point_ordinal":1,"zone_group_id":"467901013834","source_manage_no":"467901027887","facility_name":"오성초등학교 병설유치원","sgg_code":"12760","facility_type_code":"1","api_first_registered_on":"1996-09-20","api_last_modified_on":null,"updated_at":"2026-07-25T01:27:52.347112+00:00"},"geometry":{"type":"Point","coordinates":[126.964908322,35.053047081]}},{"type":"Feature","id":"98233d144336195ca574bc1d6f56af55c00ca6ecbf872239e689750fd4ba9ab5-1","properties":{"facility_id":"98233d144336195ca574bc1d6f56af55c00ca6ecbf872239e689750fd4ba9ab5","point_ordinal":1,"zone_group_id":"467901013835","source_manage_no":"467901013835","facility_name":"요셉유치원","sgg_code":"12760","facility_type_code":"1","api_first_registered_on":"2011-01-13","api_last_modified_on":null,"updated_at":"2026-07-25T01:27:52.347112+00:00"},"geometry":{"type":"Point","coordinates":[126.985215313,35.059747654]}},{"type":"Feature","id":"55771f4ef738ab1f789304062fc6e9186f12085b793a0d3090cbbe06fad0a293-1","properties":{"facility_id":"55771f4ef738ab1f789304062fc6e9186f12085b793a0d3090cbbe06fad0a293","point_ordinal":1,"zone_group_id":"467901013818","source_manage_no":"467901013818","facility_name":"이양초등학교","sgg_code":"12760","facility_type_code":"1","api_first_registered_on":"1996-09-20","api_last_modified_on":null,"updated_at":"2026-07-25T01:27:52.347112+00:00"},"geometry":{"type":"Point","coordinates":[126.988089039,34.883587668]}},{"type":"Feature","id":"8f283f76e2d9965baf3eb34a798ff35c20c6deccc666cc956e2f732440c72cc2-1","properties":{"facility_id":"8f283f76e2d9965baf3eb34a798ff35c20c6deccc666cc956e2f732440c72cc2","point_ordinal":1,"zone_group_id":"467901013818","source_manage_no":"467901027896","facility_name":"이양초등학교 병설유치원","sgg_code":"12760","facility_type_code":"1","api_first_registered_on":"1996-09-20","api_last_modified_on":null,"updated_at":"2026-07-25T01:27:52.347112+00:00"},"geometry":{"type":"Point","coordinates":[126.988057196,34.883488911]}},{"type":"Feature","id":"27e0a1285a575ef9db7d5947359f5203dba5dfd83cec8cac7d0a14592fb5c435-1","properties":{"facility_id":"27e0a1285a575ef9db7d5947359f5203dba5dfd83cec8cac7d0a14592fb5c435","point_ordinal":1,"zone_group_id":"467901013838","source_manage_no":"467901013838","facility_name":"제일초등학교","sgg_code":"12760","facility_type_code":"1","api_first_registered_on":"2002-07-15","api_last_modified_on":null,"updated_at":"2026-07-25T01:27:52.347112+00:00"},"geometry":{"type":"Point","coordinates":[126.995607921,35.054994144]}},{"type":"Feature","id":"8d8af5ad7658fafa864df88b1ae6058f0515e856b88e90671f8512850224cadd-1","properties":{"facility_id":"8d8af5ad7658fafa864df88b1ae6058f0515e856b88e90671f8512850224cadd","point_ordinal":1,"zone_group_id":"467901013838","source_manage_no":"467901027885","facility_name":"제일초등학교 병설유치원","sgg_code":"12760","facility_type_code":"1","api_first_registered_on":"2002-07-15","api_last_modified_on":null,"updated_at":"2026-07-25T01:27:52.347112+00:00"},"geometry":{"type":"Point","coordinates":[126.995690659,35.0549793]}},{"type":"Feature","id":"4a913fe5b452d0737b1e3fac89bba0c32a481faf96b45921c7821ef2012c38c3-1","properties":{"facility_id":"4a913fe5b452d0737b1e3fac89bba0c32a481faf96b45921c7821ef2012c38c3","point_ordinal":1,"zone_group_id":"467901023115","source_manage_no":"467901023115","facility_name":"지오학교","sgg_code":"12760","facility_type_code":"1","api_first_registered_on":"2020-12-11","api_last_modified_on":null,"updated_at":"2026-07-25T01:27:52.347112+00:00"},"geometry":{"type":"Point","coordinates":[127.066030764,35.064336406]}},{"type":"Feature","id":"2382d21c431a594e76884f65bf134500ecac1923d20c6ebd132246f288108493-1","properties":{"facility_id":"2382d21c431a594e76884f65bf134500ecac1923d20c6ebd132246f288108493","point_ordinal":1,"zone_group_id":"467901013840","source_manage_no":"467901013840","facility_name":"천재어린이집","sgg_code":"12760","facility_type_code":"1","api_first_registered_on":"2010-12-13","api_last_modified_on":null,"updated_at":"2026-07-25T01:27:52.347112+00:00"},"geometry":{"type":"Point","coordinates":[126.991563518,35.06705133]}},{"type":"Feature","id":"ed4482beca72d816fff3c510b4e2b983d28e75e690f64add6871423b62c6f49d-1","properties":{"facility_id":"ed4482beca72d816fff3c510b4e2b983d28e75e690f64add6871423b62c6f49d","point_ordinal":1,"zone_group_id":"467901013810","source_manage_no":"467901013810","facility_name":"천태초등학교","sgg_code":"12760","facility_type_code":"1","api_first_registered_on":"1996-09-20","api_last_modified_on":null,"updated_at":"2026-07-25T01:27:52.347112+00:00"},"geometry":{"type":"Point","coordinates":[126.893255842,34.944686057]}},{"type":"Feature","id":"526145524ec5f4d17e601da1b57d069aebb57c0d4c32c6c996a912d46f9a8f66-1","properties":{"facility_id":"526145524ec5f4d17e601da1b57d069aebb57c0d4c32c6c996a912d46f9a8f66","point_ordinal":1,"zone_group_id":"467901013810","source_manage_no":"467901027892","facility_name":"천태초등학교 병설유치원","sgg_code":"12760","facility_type_code":"1","api_first_registered_on":"1996-09-20","api_last_modified_on":null,"updated_at":"2026-07-25T01:27:52.347112+00:00"},"geometry":{"type":"Point","coordinates":[126.893179618,34.944804661]}},{"type":"Feature","id":"4dab108fa5893274943a55273552110d7b559f6d7ba8554da2347e1efd518da0-1","properties":{"facility_id":"4dab108fa5893274943a55273552110d7b559f6d7ba8554da2347e1efd518da0","point_ordinal":1,"zone_group_id":"467901013820","source_manage_no":"467901013820","facility_name":"청풍초등학교","sgg_code":"12760","facility_type_code":"1","api_first_registered_on":"1996-09-20","api_last_modified_on":null,"updated_at":"2026-07-25T01:27:52.347112+00:00"},"geometry":{"type":"Point","coordinates":[126.971452515,34.875517966]}},{"type":"Feature","id":"0b4564d8fc50d57bb8de6c5ed84e8b6fe3527efb382de1a50d9c20c164c5f949-1","properties":{"facility_id":"0b4564d8fc50d57bb8de6c5ed84e8b6fe3527efb382de1a50d9c20c164c5f949","point_ordinal":1,"zone_group_id":"467901013820","source_manage_no":"467901027895","facility_name":"청풍초등학교 병설유치원","sgg_code":"12760","facility_type_code":"1","api_first_registered_on":"1996-09-20","api_last_modified_on":null,"updated_at":"2026-07-25T01:27:52.347112+00:00"},"geometry":{"type":"Point","coordinates":[126.971390764,34.875594656]}},{"type":"Feature","id":"d18cf81c5fa072ca9d2ead90d1fa9ad66aaba0b55be9cc9ee2f81b7bb41d3770-1","properties":{"facility_id":"d18cf81c5fa072ca9d2ead90d1fa9ad66aaba0b55be9cc9ee2f81b7bb41d3770","point_ordinal":1,"zone_group_id":"467901013841","source_manage_no":"467901013841","facility_name":"초록어린이집","sgg_code":"12760","facility_type_code":"1","api_first_registered_on":"2010-06-18","api_last_modified_on":null,"updated_at":"2026-07-25T01:27:52.347112+00:00"},"geometry":{"type":"Point","coordinates":[126.972171894,35.053586938]}},{"type":"Feature","id":"ef04062af748c0662e5b7b6c18b9fc5c52b003f829a0d39bd73e1a592c02f554-1","properties":{"facility_id":"ef04062af748c0662e5b7b6c18b9fc5c52b003f829a0d39bd73e1a592c02f554","point_ordinal":1,"zone_group_id":"467901027894","source_manage_no":"467901027894","facility_name":"춘양초등학교","sgg_code":"12760","facility_type_code":"1","api_first_registered_on":"1996-09-20","api_last_modified_on":null,"updated_at":"2026-07-25T01:27:52.347112+00:00"},"geometry":{"type":"Point","coordinates":[126.959753385,34.948855525]}},{"type":"Feature","id":"4b907984ebf7f41649c9ecd064d345b2ca483c6a6a5149ace90534f9d72ff5b2-1","properties":{"facility_id":"4b907984ebf7f41649c9ecd064d345b2ca483c6a6a5149ace90534f9d72ff5b2","point_ordinal":1,"zone_group_id":"467901027894","source_manage_no":"467901013823","facility_name":"춘양초등학교 병설유치원","sgg_code":"12760","facility_type_code":"1","api_first_registered_on":"1996-09-20","api_last_modified_on":null,"updated_at":"2026-07-25T01:27:52.347112+00:00"},"geometry":{"type":"Point","coordinates":[126.959625762,34.948786725]}},{"type":"Feature","id":"6e020051659aa2c1b6d842d44fa336dc9bfde1cb3114a9cacc714a1c82a085da-1","properties":{"facility_id":"6e020051659aa2c1b6d842d44fa336dc9bfde1cb3114a9cacc714a1c82a085da","point_ordinal":1,"zone_group_id":"467901013842","source_manage_no":"467901013842","facility_name":"푸른솔어린이집","sgg_code":"12760","facility_type_code":"1","api_first_registered_on":"2010-12-13","api_last_modified_on":null,"updated_at":"2026-07-25T01:27:52.347112+00:00"},"geometry":{"type":"Point","coordinates":[126.995492634,35.07016966]}},{"type":"Feature","id":"f16cfd3ff4011d5af75833f7d6a54fc768e137b5918effd0d1180b9fe0ec573e-1","properties":{"facility_id":"f16cfd3ff4011d5af75833f7d6a54fc768e137b5918effd0d1180b9fe0ec573e","point_ordinal":1,"zone_group_id":"467901013824","source_manage_no":"467901027891","facility_name":"한천초등하교 병설유치원","sgg_code":"12760","facility_type_code":"1","api_first_registered_on":"2009-07-14","api_last_modified_on":null,"updated_at":"2026-07-25T01:27:52.347112+00:00"},"geometry":{"type":"Point","coordinates":[127.003553881,34.979729878]}},{"type":"Feature","id":"766bf510b4c14fb7cd9d4f2cd3c3f17463af4c24704da25e7d0696cce20983de-1","properties":{"facility_id":"766bf510b4c14fb7cd9d4f2cd3c3f17463af4c24704da25e7d0696cce20983de","point_ordinal":1,"zone_group_id":"467901013824","source_manage_no":"467901013824","facility_name":"한천초등학교","sgg_code":"12760","facility_type_code":"1","api_first_registered_on":"2009-07-14","api_last_modified_on":null,"updated_at":"2026-07-25T01:27:52.347112+00:00"},"geometry":{"type":"Point","coordinates":[127.003366028,34.979803844]}},{"type":"Feature","id":"5abe58f7f2e1e1103a8ef2552001b2b062f99eea2a47d5267b53c9c8a922e3cd-1","properties":{"facility_id":"5abe58f7f2e1e1103a8ef2552001b2b062f99eea2a47d5267b53c9c8a922e3cd","point_ordinal":1,"zone_group_id":"467901013829","source_manage_no":"467901013829","facility_name":"화순만연초등학교","sgg_code":"12760","facility_type_code":"1","api_first_registered_on":"1998-06-12","api_last_modified_on":null,"updated_at":"2026-07-25T01:27:52.347112+00:00"},"geometry":{"type":"Point","coordinates":[126.994713163,35.061392657]}},{"type":"Feature","id":"391122b4771586976ad567676e5b37f511c578bdb49c27bfd202ee1134743e02-1","properties":{"facility_id":"391122b4771586976ad567676e5b37f511c578bdb49c27bfd202ee1134743e02","point_ordinal":1,"zone_group_id":"467901013844","source_manage_no":"467901013844","facility_name":"화순어린이집","sgg_code":"12760","facility_type_code":"1","api_first_registered_on":"2010-06-18","api_last_modified_on":null,"updated_at":"2026-07-25T01:27:52.347112+00:00"},"geometry":{"type":"Point","coordinates":[126.993604923,35.068592798]}},{"type":"Feature","id":"d32a5dfc179016729e3cc1afc72e14342d3feba3022ee48b51ac88030d01db83-1","properties":{"facility_id":"d32a5dfc179016729e3cc1afc72e14342d3feba3022ee48b51ac88030d01db83","point_ordinal":1,"zone_group_id":"467901013845","source_manage_no":"467901013845","facility_name":"화순초등학교","sgg_code":"12760","facility_type_code":"1","api_first_registered_on":"1996-09-20","api_last_modified_on":null,"updated_at":"2026-07-25T01:27:52.347112+00:00"},"geometry":{"type":"Point","coordinates":[126.98471334,35.064587772]}},{"type":"Feature","id":"e3805df5262ff6bb52b4a240a41ba509feb38c2ec84c35edc819c020263c1ccb-1","properties":{"facility_id":"e3805df5262ff6bb52b4a240a41ba509feb38c2ec84c35edc819c020263c1ccb","point_ordinal":1,"zone_group_id":"467901013845","source_manage_no":"467901027893","facility_name":"화순초등학교 병설유치원","sgg_code":"12760","facility_type_code":"1","api_first_registered_on":"1996-09-20","api_last_modified_on":null,"updated_at":"2026-07-25T01:27:52.347112+00:00"},"geometry":{"type":"Point","coordinates":[126.98413055,35.064829589]}},{"type":"Feature","id":"0c822f30d48842e86ddfe89b01f4695ca54e4150dd2c3d10fceaad0081c3d9b3-1","properties":{"facility_id":"0c822f30d48842e86ddfe89b01f4695ca54e4150dd2c3d10fceaad0081c3d9b3","point_ordinal":1,"zone_group_id":"467901023168","source_manage_no":"467901023168","facility_name":"화순초등학교 이서분교","sgg_code":"12760","facility_type_code":"1","api_first_registered_on":"2020-01-14","api_last_modified_on":null,"updated_at":"2026-07-25T01:27:52.347112+00:00"},"geometry":{"type":"Point","coordinates":[127.044229511,35.117394184]}},{"type":"Feature","id":"0893e9958b94c127c95be69bb9e7838afa264a39391f077798066592ac5eca32-1","properties":{"facility_id":"0893e9958b94c127c95be69bb9e7838afa264a39391f077798066592ac5eca32","point_ordinal":1,"zone_group_id":"468001013691","source_manage_no":"468001013691","facility_name":"관산남초등학교","sgg_code":"12770","facility_type_code":"1","api_first_registered_on":"1996-07-01","api_last_modified_on":null,"updated_at":"2026-07-25T01:27:52.347112+00:00"},"geometry":{"type":"Point","coordinates":[126.954073786,34.526842707]}},{"type":"Feature","id":"e8dd5cdfb383190fa87adfa2eed1129b7a6e11ced6257b003e0e04e102aff431-1","properties":{"facility_id":"e8dd5cdfb383190fa87adfa2eed1129b7a6e11ced6257b003e0e04e102aff431","point_ordinal":1,"zone_group_id":"468001013692","source_manage_no":"468001013692","facility_name":"관산남초등학교 병설유치원","sgg_code":"12770","facility_type_code":"1","api_first_registered_on":"1996-07-01","api_last_modified_on":null,"updated_at":"2026-07-25T01:27:52.347112+00:00"},"geometry":{"type":"Point","coordinates":[126.954133638,34.526941889]}},{"type":"Feature","id":"9176aefada0d05e93724cfdc77c573989cbebedc9287e149382ac7ea8eb2079d-1","properties":{"facility_id":"9176aefada0d05e93724cfdc77c573989cbebedc9287e149382ac7ea8eb2079d","point_ordinal":1,"zone_group_id":"468002013711","source_manage_no":"468002013711","facility_name":"관산노인회관","sgg_code":"12770","facility_type_code":"2","api_first_registered_on":"2017-01-01","api_last_modified_on":null,"updated_at":"2026-07-25T01:27:52.347112+00:00"},"geometry":{"type":"Point","coordinates":[126.934932972,34.563377268]}},{"type":"Feature","id":"9bba681bc3b1c95d217858dd86836959ac9ddbaf3a2776cabd7acf728c1c6f4f-1","properties":{"facility_id":"9bba681bc3b1c95d217858dd86836959ac9ddbaf3a2776cabd7acf728c1c6f4f","point_ordinal":1,"zone_group_id":"468001013693","source_manage_no":"468001013693","facility_name":"관산초등학교","sgg_code":"12770","facility_type_code":"1","api_first_registered_on":"1996-07-01","api_last_modified_on":null,"updated_at":"2026-07-25T01:27:52.347112+00:00"},"geometry":{"type":"Point","coordinates":[126.939652555,34.561202873]}},{"type":"Feature","id":"be07a908b093b7db603d6cb26a593b4c820ddde0740f5a4134fc391f67d93a13-1","properties":{"facility_id":"be07a908b093b7db603d6cb26a593b4c820ddde0740f5a4134fc391f67d93a13","point_ordinal":1,"zone_group_id":"468001013694","source_manage_no":"468001013694","facility_name":"관산초등학교 병설유치원","sgg_code":"12770","facility_type_code":"1","api_first_registered_on":"1996-07-01","api_last_modified_on":"2025-11-25","updated_at":"2026-07-25T01:27:52.347112+00:00"},"geometry":{"type":"Point","coordinates":[126.939663523,34.561103719]}},{"type":"Feature","id":"a56c242235a337222c048b1c5ec3682214ed3ec470d702804697a9022fcf5e0d-1","properties":{"facility_id":"a56c242235a337222c048b1c5ec3682214ed3ec470d702804697a9022fcf5e0d","point_ordinal":1,"zone_group_id":"468001013695","source_manage_no":"468001013695","facility_name":"대덕초등학교","sgg_code":"12770","facility_type_code":"1","api_first_registered_on":"1996-07-01","api_last_modified_on":null,"updated_at":"2026-07-25T01:27:52.347112+00:00"},"geometry":{"type":"Point","coordinates":[126.890441165,34.499094809]}},{"type":"Feature","id":"c846d3cd3802972e57682edd8683b33441a198bf631724f34cea772f08b1494c-1","properties":{"facility_id":"c846d3cd3802972e57682edd8683b33441a198bf631724f34cea772f08b1494c","point_ordinal":1,"zone_group_id":"468001023114","source_manage_no":"468001023114","facility_name":"대덕초등학교 병설유치원","sgg_code":"12770","facility_type_code":"1","api_first_registered_on":"1996-07-01","api_last_modified_on":null,"updated_at":"2026-07-25T01:27:52.347112+00:00"},"geometry":{"type":"Point","coordinates":[126.890427992,34.499197338]}},{"type":"Feature","id":"bf0c9bfe43db0559d0997e7d8d7c18cec5e8e9c04f03e0d814e6d4a624257f89-1","properties":{"facility_id":"bf0c9bfe43db0559d0997e7d8d7c18cec5e8e9c04f03e0d814e6d4a624257f89","point_ordinal":1,"zone_group_id":"468001013721","source_manage_no":"468001013721","facility_name":"동화어린이집","sgg_code":"12770","facility_type_code":"1","api_first_registered_on":"2014-08-22","api_last_modified_on":null,"updated_at":"2026-07-25T01:27:52.347112+00:00"},"geometry":{"type":"Point","coordinates":[126.918934,34.688916163]}},{"type":"Feature","id":"f1628fc34fc15d55d36b0e40e7ba22446127cdff937f7cd3c4ae34a7630aee4e-1","properties":{"facility_id":"f1628fc34fc15d55d36b0e40e7ba22446127cdff937f7cd3c4ae34a7630aee4e","point_ordinal":1,"zone_group_id":"468001013723","source_manage_no":"468001013723","facility_name":"명덕초등학교","sgg_code":"12770","facility_type_code":"1","api_first_registered_on":"1997-03-01","api_last_modified_on":null,"updated_at":"2026-07-25T01:27:52.347112+00:00"},"geometry":{"type":"Point","coordinates":[126.967562268,34.479038697]}},{"type":"Feature","id":"cbe9f7c6aaa055bd618bdcb610e5317d73158ec8eb292f4757fea9cc1d3985a0-1","properties":{"facility_id":"cbe9f7c6aaa055bd618bdcb610e5317d73158ec8eb292f4757fea9cc1d3985a0","point_ordinal":1,"zone_group_id":"468001013697","source_manage_no":"468001013697","facility_name":"부산초등학교","sgg_code":"12770","facility_type_code":"1","api_first_registered_on":"1997-03-01","api_last_modified_on":null,"updated_at":"2026-07-25T01:27:52.347112+00:00"},"geometry":{"type":"Point","coordinates":[126.902038001,34.722385153]}},{"type":"Feature","id":"1b148c63ff3404997751273c6552edb6b6211b9855ea4ef0b1e67fdaf5e848d0-1","properties":{"facility_id":"1b148c63ff3404997751273c6552edb6b6211b9855ea4ef0b1e67fdaf5e848d0","point_ordinal":1,"zone_group_id":"468001013698","source_manage_no":"468001013698","facility_name":"부산초등학교 병설유치원","sgg_code":"12770","facility_type_code":"1","api_first_registered_on":"1997-03-01","api_last_modified_on":null,"updated_at":"2026-07-25T01:27:52.347112+00:00"},"geometry":{"type":"Point","coordinates":[126.902043276,34.722540653]}},{"type":"Feature","id":"3ab66385240c7509bc7d71d63d77defcf5acf00f3c377a06ba6abcbea81d53b0-1","properties":{"facility_id":"3ab66385240c7509bc7d71d63d77defcf5acf00f3c377a06ba6abcbea81d53b0","point_ordinal":1,"zone_group_id":"468001013701","source_manage_no":"468001013701","facility_name":"안양초등학교","sgg_code":"12770","facility_type_code":"1","api_first_registered_on":"2009-10-08","api_last_modified_on":null,"updated_at":"2026-07-25T01:27:52.347112+00:00"},"geometry":{"type":"Point","coordinates":[126.97346322,34.651169344]}},{"type":"Feature","id":"20f0c82f0cce1827db5875ee8f4e240e45d8d516e6a59bf700ea61cbd216bb7e-1","properties":{"facility_id":"20f0c82f0cce1827db5875ee8f4e240e45d8d516e6a59bf700ea61cbd216bb7e","point_ordinal":1,"zone_group_id":"468001013702","source_manage_no":"468001013702","facility_name":"안양초등학교 병설유치원","sgg_code":"12770","facility_type_code":"1","api_first_registered_on":"2009-10-08","api_last_modified_on":null,"updated_at":"2026-07-25T01:27:52.347112+00:00"},"geometry":{"type":"Point","coordinates":[126.973392318,34.651164821]}},{"type":"Feature","id":"13a81e6305d275cd9a56e2c1137fef2a2a409502b16edf0d3178ea6ac9fed98f-1","properties":{"facility_id":"13a81e6305d275cd9a56e2c1137fef2a2a409502b16edf0d3178ea6ac9fed98f","point_ordinal":1,"zone_group_id":"468001021902","source_manage_no":"468001021902","facility_name":"에덴어린이집","sgg_code":"12770","facility_type_code":"1","api_first_registered_on":"2014-08-22","api_last_modified_on":null,"updated_at":"2026-07-25T01:27:52.347112+00:00"},"geometry":{"type":"Point","coordinates":[126.902928874,34.685765368]}},{"type":"Feature","id":"46dfeb78216bbbd78b6f70275283991baf891fd4b5baf69280774a3451df2551-1","properties":{"facility_id":"46dfeb78216bbbd78b6f70275283991baf891fd4b5baf69280774a3451df2551","point_ordinal":1,"zone_group_id":"468002013712","source_manage_no":"468002013712","facility_name":"용산노인복지관","sgg_code":"12770","facility_type_code":"2","api_first_registered_on":"2017-01-01","api_last_modified_on":null,"updated_at":"2026-07-25T01:27:52.347112+00:00"},"geometry":{"type":"Point","coordinates":[126.913698026,34.616148969]}},{"type":"Feature","id":"c4f8fc723c55b6d5cfc0d119ca3388312ba53721d3f08b5044d6280ff217e793-1","properties":{"facility_id":"c4f8fc723c55b6d5cfc0d119ca3388312ba53721d3f08b5044d6280ff217e793","point_ordinal":1,"zone_group_id":"468001027423","source_manage_no":"468001027423","facility_name":"용산초등학교 병설유치원","sgg_code":"12770","facility_type_code":"1","api_first_registered_on":"2023-11-06","api_last_modified_on":"2025-11-25","updated_at":"2026-07-25T01:27:52.347112+00:00"},"geometry":{"type":"Point","coordinates":[126.914912185,34.613482806]}},{"type":"Feature","id":"e45797b15b2d0bc2ace74e873f8b2568e68b0d3e0b9e96affe3d6ae14411c7f8-1","properties":{"facility_id":"e45797b15b2d0bc2ace74e873f8b2568e68b0d3e0b9e96affe3d6ae14411c7f8","point_ordinal":1,"zone_group_id":"468001026813","source_manage_no":"468001026813","facility_name":"용산초등학교(통폐합)","sgg_code":"12770","facility_type_code":"1","api_first_registered_on":null,"api_last_modified_on":"2025-11-25","updated_at":"2026-07-25T01:27:52.347112+00:00"},"geometry":{"type":"Point","coordinates":[126.914693999,34.613599841]}},{"type":"Feature","id":"e01b4aa0cdceff29d679ed1fa8a7037e352eb2bbd001e089a3e2e6616db51548-1","properties":{"facility_id":"e01b4aa0cdceff29d679ed1fa8a7037e352eb2bbd001e089a3e2e6616db51548","point_ordinal":1,"zone_group_id":"468001013705","source_manage_no":"468001013705","facility_name":"유치초등학교","sgg_code":"12770","facility_type_code":"1","api_first_registered_on":"1996-07-01","api_last_modified_on":null,"updated_at":"2026-07-25T01:27:52.347112+00:00"},"geometry":{"type":"Point","coordinates":[126.835925919,34.802256104]}},{"type":"Feature","id":"9d16eaa998382811720c5802888c62a3407c8882772815316b858bc53341b42a-1","properties":{"facility_id":"9d16eaa998382811720c5802888c62a3407c8882772815316b858bc53341b42a","point_ordinal":1,"zone_group_id":"468001013706","source_manage_no":"468001013706","facility_name":"유치초등학교 병설유치원","sgg_code":"12770","facility_type_code":"1","api_first_registered_on":"1996-07-01","api_last_modified_on":null,"updated_at":"2026-07-25T01:27:52.347112+00:00"},"geometry":{"type":"Point","coordinates":[126.835991367,34.802317037]}},{"type":"Feature","id":"e35f9c9296d7378b8d36b71ce59a9c7bcf94cf63875e12e51540c1545da58396-1","properties":{"facility_id":"e35f9c9296d7378b8d36b71ce59a9c7bcf94cf63875e12e51540c1545da58396","point_ordinal":1,"zone_group_id":"468001013707","source_manage_no":"468001013707","facility_name":"장동초등학교","sgg_code":"12770","facility_type_code":"1","api_first_registered_on":"1996-07-01","api_last_modified_on":null,"updated_at":"2026-07-25T01:27:52.347112+00:00"},"geometry":{"type":"Point","coordinates":[126.993698602,34.74655136]}},{"type":"Feature","id":"de29de6fbf9ee354590a513dfe048c9ac3730dae1dae4e6a1aef337f44867e87-1","properties":{"facility_id":"de29de6fbf9ee354590a513dfe048c9ac3730dae1dae4e6a1aef337f44867e87","point_ordinal":1,"zone_group_id":"468001013708","source_manage_no":"468001013708","facility_name":"장동초등학교 병설유치원","sgg_code":"12770","facility_type_code":"1","api_first_registered_on":"1996-07-01","api_last_modified_on":null,"updated_at":"2026-07-25T01:27:52.347112+00:00"},"geometry":{"type":"Point","coordinates":[126.99368769,34.746434175]}},{"type":"Feature","id":"5eab97ee58ccbaf3d7ba31ab3ac07c46e02fc4cff9a20211ec9523ba9d084493-1","properties":{"facility_id":"5eab97ee58ccbaf3d7ba31ab3ac07c46e02fc4cff9a20211ec9523ba9d084493","point_ordinal":1,"zone_group_id":"468001013709","source_manage_no":"468001013709","facility_name":"장평초등학교","sgg_code":"12770","facility_type_code":"1","api_first_registered_on":"1996-07-01","api_last_modified_on":null,"updated_at":"2026-07-25T01:27:52.347112+00:00"},"geometry":{"type":"Point","coordinates":[126.971932752,34.775508217]}},{"type":"Feature","id":"66c34999d8773c2f8b7240ad4648c9c86b94c77de6bc3ab255966f84333add62-1","properties":{"facility_id":"66c34999d8773c2f8b7240ad4648c9c86b94c77de6bc3ab255966f84333add62","point_ordinal":1,"zone_group_id":"468001013710","source_manage_no":"468001013710","facility_name":"장평초등학교 병설유치원","sgg_code":"12770","facility_type_code":"1","api_first_registered_on":"1996-07-01","api_last_modified_on":null,"updated_at":"2026-07-25T01:27:52.347112+00:00"},"geometry":{"type":"Point","coordinates":[126.971880869,34.775481162]}},{"type":"Feature","id":"726e6ca354202283761ae9f4840cf435eb84bb25daaf9d03dd1fbeeb0b44305d-1","properties":{"facility_id":"726e6ca354202283761ae9f4840cf435eb84bb25daaf9d03dd1fbeeb0b44305d","point_ordinal":1,"zone_group_id":"468001013717","source_manage_no":"468001013717","facility_name":"장흥남초등학교","sgg_code":"12770","facility_type_code":"1","api_first_registered_on":"1996-07-01","api_last_modified_on":null,"updated_at":"2026-07-25T01:27:52.347112+00:00"},"geometry":{"type":"Point","coordinates":[126.889742694,34.666309659]}},{"type":"Feature","id":"76d6a5848c80e457a79df49850a473f1090a3fc15f7eb58a1ddc4fe5f5b0e14e-1","properties":{"facility_id":"76d6a5848c80e457a79df49850a473f1090a3fc15f7eb58a1ddc4fe5f5b0e14e","point_ordinal":1,"zone_group_id":"468001013718","source_manage_no":"468001013718","facility_name":"장흥남초등학교 병설유치원","sgg_code":"12770","facility_type_code":"1","api_first_registered_on":"1996-07-01","api_last_modified_on":null,"updated_at":"2026-07-25T01:27:52.347112+00:00"},"geometry":{"type":"Point","coordinates":[126.889671951,34.666178888]}},{"type":"Feature","id":"f39d69a7dd9ccc6e15cb62aa51cc5eb535a97bc31e3fe0892bc275350bff0abd-1","properties":{"facility_id":"f39d69a7dd9ccc6e15cb62aa51cc5eb535a97bc31e3fe0892bc275350bff0abd","point_ordinal":1,"zone_group_id":"468002013713","source_manage_no":"468002013713","facility_name":"장흥노인복지회관","sgg_code":"12770","facility_type_code":"2","api_first_registered_on":"2016-01-01","api_last_modified_on":null,"updated_at":"2026-07-25T01:27:52.347112+00:00"},"geometry":{"type":"Point","coordinates":[126.911150003,34.678801356]}},{"type":"Feature","id":"c81311bc5dfa57b2e6627adfda4a9e72e4ea539d95fb4b66cf0806be67fbef35-1","properties":{"facility_id":"c81311bc5dfa57b2e6627adfda4a9e72e4ea539d95fb4b66cf0806be67fbef35","point_ordinal":1,"zone_group_id":"468001013719","source_manage_no":"468001013719","facility_name":"장흥서초등학교","sgg_code":"12770","facility_type_code":"1","api_first_registered_on":"1997-03-01","api_last_modified_on":null,"updated_at":"2026-07-25T01:27:52.347112+00:00"},"geometry":{"type":"Point","coordinates":[126.901605604,34.675436024]}},{"type":"Feature","id":"df26820c83eea7eaed7849e61b197122559adae78fb72658f4346d4a54d9d991-1","properties":{"facility_id":"df26820c83eea7eaed7849e61b197122559adae78fb72658f4346d4a54d9d991","point_ordinal":1,"zone_group_id":"468001013720","source_manage_no":"468001013720","facility_name":"장흥서초등학교 병설유치원","sgg_code":"12770","facility_type_code":"1","api_first_registered_on":"1997-03-01","api_last_modified_on":null,"updated_at":"2026-07-25T01:27:52.347112+00:00"},"geometry":{"type":"Point","coordinates":[126.901678838,34.675535736]}},{"type":"Feature","id":"94cd9a019d7f475895cbb64840edddf5cc8f0372eb75ff596c46839487bb7f3d-1","properties":{"facility_id":"94cd9a019d7f475895cbb64840edddf5cc8f0372eb75ff596c46839487bb7f3d","point_ordinal":1,"zone_group_id":"468001013714","source_manage_no":"468001013714","facility_name":"장흥초등학교","sgg_code":"12770","facility_type_code":"1","api_first_registered_on":"1995-07-01","api_last_modified_on":null,"updated_at":"2026-07-25T01:27:52.347112+00:00"},"geometry":{"type":"Point","coordinates":[126.907430713,34.682793756]}},{"type":"Feature","id":"b22a2fe40153e94432ff7ea6ca4f1fd5b45a97d3b0b3a45441146e333b977a02-1","properties":{"facility_id":"b22a2fe40153e94432ff7ea6ca4f1fd5b45a97d3b0b3a45441146e333b977a02","point_ordinal":1,"zone_group_id":"468001013715","source_manage_no":"468001013715","facility_name":"장흥초등학교 병설유치원","sgg_code":"12770","facility_type_code":"1","api_first_registered_on":"1995-07-01","api_last_modified_on":null,"updated_at":"2026-07-25T01:27:52.347112+00:00"},"geometry":{"type":"Point","coordinates":[126.907381683,34.682726112]}},{"type":"Feature","id":"38f4155bf9c13be9228ba7a337df8e45601e7b788a87c6dc46a724e770865613-1","properties":{"facility_id":"38f4155bf9c13be9228ba7a337df8e45601e7b788a87c6dc46a724e770865613","point_ordinal":1,"zone_group_id":"468001013716","source_manage_no":"468001013716","facility_name":"중앙유치원","sgg_code":"12770","facility_type_code":"1","api_first_registered_on":"1998-12-01","api_last_modified_on":null,"updated_at":"2026-07-25T01:27:52.347112+00:00"},"geometry":{"type":"Point","coordinates":[126.901333009,34.679249484]}},{"type":"Feature","id":"e206c5fa914360ff5a329996ad9ac340767be8298eb139c22aa9497a82f3de19-1","properties":{"facility_id":"e206c5fa914360ff5a329996ad9ac340767be8298eb139c22aa9497a82f3de19","point_ordinal":1,"zone_group_id":"468001013724","source_manage_no":"468001013724","facility_name":"회진초등학교","sgg_code":"12770","facility_type_code":"1","api_first_registered_on":"1996-07-01","api_last_modified_on":null,"updated_at":"2026-07-25T01:27:52.347112+00:00"},"geometry":{"type":"Point","coordinates":[126.937182329,34.480148609]}},{"type":"Feature","id":"2ebfb197e4905cb59279d374b81a85326659cdc7954922bc12081a0957d563e9-1","properties":{"facility_id":"2ebfb197e4905cb59279d374b81a85326659cdc7954922bc12081a0957d563e9","point_ordinal":1,"zone_group_id":"468001013725","source_manage_no":"468001013725","facility_name":"회진초등학교 병설유치원","sgg_code":"12770","facility_type_code":"1","api_first_registered_on":"1996-07-01","api_last_modified_on":null,"updated_at":"2026-07-25T01:27:52.347112+00:00"},"geometry":{"type":"Point","coordinates":[126.93718241,34.480040434]}},{"type":"Feature","id":"98d347adafa4ae61e7c9bc8e6c6ab60d1ba655c372658ee1ae712531b637434b-1","properties":{"facility_id":"98d347adafa4ae61e7c9bc8e6c6ab60d1ba655c372658ee1ae712531b637434b","point_ordinal":1,"zone_group_id":"468001013722","source_manage_no":"468001013722","facility_name":"효성유치원","sgg_code":"12770","facility_type_code":"1","api_first_registered_on":"2014-08-22","api_last_modified_on":null,"updated_at":"2026-07-25T01:27:52.347112+00:00"},"geometry":{"type":"Point","coordinates":[126.907252108,34.675860713]}},{"type":"Feature","id":"0ee76d28ff1487fb05056284500fdac72cce0860eb3a4b3e185b8367c32a15ee-1","properties":{"facility_id":"0ee76d28ff1487fb05056284500fdac72cce0860eb3a4b3e185b8367c32a15ee","point_ordinal":1,"zone_group_id":"468101012845","source_manage_no":"468101012845","facility_name":"강진대구초등학교","sgg_code":"12780","facility_type_code":"1","api_first_registered_on":null,"api_last_modified_on":null,"updated_at":"2026-07-25T01:27:52.347112+00:00"},"geometry":{"type":"Point","coordinates":[126.799224331,34.492389225]}},{"type":"Feature","id":"88225300cbc393586c2531b9220682bce35cc0cdc2af08a6ff9c6e0f7322675e-1","properties":{"facility_id":"88225300cbc393586c2531b9220682bce35cc0cdc2af08a6ff9c6e0f7322675e","point_ordinal":1,"zone_group_id":"468101012845","source_manage_no":"468101012846","facility_name":"강진대구초등학교 병설유치원","sgg_code":"12780","facility_type_code":"1","api_first_registered_on":null,"api_last_modified_on":null,"updated_at":"2026-07-25T01:27:52.347112+00:00"},"geometry":{"type":"Point","coordinates":[126.799232707,34.492301347]}},{"type":"Feature","id":"c6b327e7ec477befe7adcc087b148649908b98605712447d6f269561c77e5769-1","properties":{"facility_id":"c6b327e7ec477befe7adcc087b148649908b98605712447d6f269561c77e5769","point_ordinal":1,"zone_group_id":"468101012833","source_manage_no":"468101012833","facility_name":"강진동초등학교","sgg_code":"12780","facility_type_code":"1","api_first_registered_on":null,"api_last_modified_on":null,"updated_at":"2026-07-25T01:27:52.347112+00:00"},"geometry":{"type":"Point","coordinates":[126.77571849,34.641432942]}},{"type":"Feature","id":"7a213294affe03aeac1d8765e4b6ed550417960c78c47a4cc608ca560c060cff-1","properties":{"facility_id":"7a213294affe03aeac1d8765e4b6ed550417960c78c47a4cc608ca560c060cff","point_ordinal":1,"zone_group_id":"468101012833","source_manage_no":"468101012834","facility_name":"강진동초등학교 병설유치원","sgg_code":"12780","facility_type_code":"1","api_first_registered_on":null,"api_last_modified_on":null,"updated_at":"2026-07-25T01:27:52.347112+00:00"},"geometry":{"type":"Point","coordinates":[126.77571863,34.64138111]}},{"type":"Feature","id":"f36c85b8dbecb7eec258cde642767f9626ec742aa84dd66b365f3d1ca517fafd-1","properties":{"facility_id":"f36c85b8dbecb7eec258cde642767f9626ec742aa84dd66b365f3d1ca517fafd","point_ordinal":1,"zone_group_id":"468101012835","source_manage_no":"468101012835","facility_name":"강진북초등학교(폐교)","sgg_code":"12780","facility_type_code":"1","api_first_registered_on":null,"api_last_modified_on":null,"updated_at":"2026-07-25T01:27:52.347112+00:00"},"geometry":{"type":"Point","coordinates":[126.734367016,34.64122135]}},{"type":"Feature","id":"38b563fbec5827f69a22aa9cea330397d5ccafae65ef3f807b6ac04b67d3eba7-1","properties":{"facility_id":"38b563fbec5827f69a22aa9cea330397d5ccafae65ef3f807b6ac04b67d3eba7","point_ordinal":1,"zone_group_id":"468101012836","source_manage_no":"468101012836","facility_name":"강진중앙초등학교","sgg_code":"12780","facility_type_code":"1","api_first_registered_on":null,"api_last_modified_on":null,"updated_at":"2026-07-25T01:27:52.347112+00:00"},"geometry":{"type":"Point","coordinates":[126.766159374,34.636909896]}},{"type":"Feature","id":"ad3b3fb13ea8b672e745fe329624f838c33cee0a2a04cb8dc6350b9e77e58304-1","properties":{"facility_id":"ad3b3fb13ea8b672e745fe329624f838c33cee0a2a04cb8dc6350b9e77e58304","point_ordinal":1,"zone_group_id":"468101012836","source_manage_no":"468101012837","facility_name":"강진중앙초등학교 병설유치원","sgg_code":"12780","facility_type_code":"1","api_first_registered_on":null,"api_last_modified_on":null,"updated_at":"2026-07-25T01:27:52.347112+00:00"},"geometry":{"type":"Point","coordinates":[126.766102603,34.636736261]}},{"type":"Feature","id":"cc4fbf7ce312e23ae0ee5f194d1d5d655f9b6abf461b79ca125704eb09e8f9a9-1","properties":{"facility_id":"cc4fbf7ce312e23ae0ee5f194d1d5d655f9b6abf461b79ca125704eb09e8f9a9","point_ordinal":1,"zone_group_id":"468101012841","source_manage_no":"468101012841","facility_name":"계산초등학교","sgg_code":"12780","facility_type_code":"1","api_first_registered_on":null,"api_last_modified_on":null,"updated_at":"2026-07-25T01:27:52.347112+00:00"},"geometry":{"type":"Point","coordinates":[126.785872588,34.645226023]}},{"type":"Feature","id":"ed8d6593b7264b11c8014562bd17ad1c0225453409028ba3ccbeb3a2a4cee0f1-1","properties":{"facility_id":"ed8d6593b7264b11c8014562bd17ad1c0225453409028ba3ccbeb3a2a4cee0f1","point_ordinal":1,"zone_group_id":"468101012841","source_manage_no":"468101012842","facility_name":"계산초등학교 병설유치원","sgg_code":"12780","facility_type_code":"1","api_first_registered_on":null,"api_last_modified_on":null,"updated_at":"2026-07-25T01:27:52.347112+00:00"},"geometry":{"type":"Point","coordinates":[126.785878245,34.645147158]}},{"type":"Feature","id":"2fafdd326a35c7a10f38c0ac2575d1c9c2db88fcba0b03729af4ce78abbd411e-1","properties":{"facility_id":"2fafdd326a35c7a10f38c0ac2575d1c9c2db88fcba0b03729af4ce78abbd411e","point_ordinal":1,"zone_group_id":"468101012843","source_manage_no":"468101012843","facility_name":"군동초등학교","sgg_code":"12780","facility_type_code":"1","api_first_registered_on":null,"api_last_modified_on":null,"updated_at":"2026-07-25T01:27:52.347112+00:00"},"geometry":{"type":"Point","coordinates":[126.817193422,34.647999379]}},{"type":"Feature","id":"5188ae94c13d8359d9cfdf0b3e8397b6e1c41a2845a379983a56c17af6c71e12-1","properties":{"facility_id":"5188ae94c13d8359d9cfdf0b3e8397b6e1c41a2845a379983a56c17af6c71e12","point_ordinal":1,"zone_group_id":"468101012843","source_manage_no":"468101012844","facility_name":"군동초등학교 병설유치원","sgg_code":"12780","facility_type_code":"1","api_first_registered_on":null,"api_last_modified_on":null,"updated_at":"2026-07-25T01:27:52.347112+00:00"},"geometry":{"type":"Point","coordinates":[126.817185092,34.648066974]}},{"type":"Feature","id":"2b883ac2c50017cf32ae5e94af71829817467b3c5ee4186719d602c8e1012574-1","properties":{"facility_id":"2b883ac2c50017cf32ae5e94af71829817467b3c5ee4186719d602c8e1012574","point_ordinal":1,"zone_group_id":"468101012847","source_manage_no":"468101012847","facility_name":"도암초등학교","sgg_code":"12780","facility_type_code":"1","api_first_registered_on":null,"api_last_modified_on":null,"updated_at":"2026-07-25T01:27:52.347112+00:00"},"geometry":{"type":"Point","coordinates":[126.725712771,34.55033611]}},{"type":"Feature","id":"1dd3e144e612a1b6a3c5716817316c71a412920289d68a7e7ed01429aee12d7c-1","properties":{"facility_id":"1dd3e144e612a1b6a3c5716817316c71a412920289d68a7e7ed01429aee12d7c","point_ordinal":1,"zone_group_id":"468101012847","source_manage_no":"468101012848","facility_name":"도암초등학교 병설유치원","sgg_code":"12780","facility_type_code":"1","api_first_registered_on":null,"api_last_modified_on":null,"updated_at":"2026-07-25T01:27:52.347112+00:00"},"geometry":{"type":"Point","coordinates":[126.725721238,34.550245984]}},{"type":"Feature","id":"29a4e5f77ab2ab6e10a4bdc93a7f93ae9d7b96b8e0730a8a526729944f753292-1","properties":{"facility_id":"29a4e5f77ab2ab6e10a4bdc93a7f93ae9d7b96b8e0730a8a526729944f753292","point_ordinal":1,"zone_group_id":"468101012850","source_manage_no":"468101012850","facility_name":"마량초등학교","sgg_code":"12780","facility_type_code":"1","api_first_registered_on":null,"api_last_modified_on":null,"updated_at":"2026-07-25T01:27:52.347112+00:00"},"geometry":{"type":"Point","coordinates":[126.811938568,34.45607397]}},{"type":"Feature","id":"27ef417daf315430c8960109132cd304a6937eac2f6601551a1ce2d1eed01450-1","properties":{"facility_id":"27ef417daf315430c8960109132cd304a6937eac2f6601551a1ce2d1eed01450","point_ordinal":1,"zone_group_id":"468101012851","source_manage_no":"468101012851","facility_name":"마량초등학교병설유치원","sgg_code":"12780","facility_type_code":"1","api_first_registered_on":null,"api_last_modified_on":null,"updated_at":"2026-07-25T01:27:52.347112+00:00"},"geometry":{"type":"Point","coordinates":[126.811938705,34.456013122]}},{"type":"Feature","id":"d5546e7593da8a5f190a7c5f37b4a00fcf0c218d592037333a47eee404bb37e8-1","properties":{"facility_id":"d5546e7593da8a5f190a7c5f37b4a00fcf0c218d592037333a47eee404bb37e8","point_ordinal":1,"zone_group_id":"468101012852","source_manage_no":"468101012852","facility_name":"병영초등학교","sgg_code":"12780","facility_type_code":"1","api_first_registered_on":null,"api_last_modified_on":null,"updated_at":"2026-07-25T01:27:52.347112+00:00"},"geometry":{"type":"Point","coordinates":[126.812837625,34.71425537]}},{"type":"Feature","id":"6152f642b59cdc17075ac01b7063bb9e8ce43152b4b1f12cadf8b553e3d81059-1","properties":{"facility_id":"6152f642b59cdc17075ac01b7063bb9e8ce43152b4b1f12cadf8b553e3d81059","point_ordinal":1,"zone_group_id":"468101012852","source_manage_no":"468101012853","facility_name":"병영초등학교 병설유치원","sgg_code":"12780","facility_type_code":"1","api_first_registered_on":null,"api_last_modified_on":null,"updated_at":"2026-07-25T01:27:52.347112+00:00"},"geometry":{"type":"Point","coordinates":[126.812826373,34.714404088]}},{"type":"Feature","id":"3e67639d8fbb9be9049ce0f7511bdcab07d4cf2f59d3e78dd0fa275eb54babb3-1","properties":{"facility_id":"3e67639d8fbb9be9049ce0f7511bdcab07d4cf2f59d3e78dd0fa275eb54babb3","point_ordinal":1,"zone_group_id":"468101012854","source_manage_no":"468101012854","facility_name":"성전초등학교","sgg_code":"12780","facility_type_code":"1","api_first_registered_on":null,"api_last_modified_on":null,"updated_at":"2026-07-25T01:27:52.347112+00:00"},"geometry":{"type":"Point","coordinates":[126.70751958,34.69306203]}},{"type":"Feature","id":"78b864309981ffc6a6f3e907012148dc0ec6f77fde87b1b0f94179eb15e4131e-1","properties":{"facility_id":"78b864309981ffc6a6f3e907012148dc0ec6f77fde87b1b0f94179eb15e4131e","point_ordinal":1,"zone_group_id":"468101012854","source_manage_no":"468101012855","facility_name":"성전초등학교 병설유치원","sgg_code":"12780","facility_type_code":"1","api_first_registered_on":null,"api_last_modified_on":null,"updated_at":"2026-07-25T01:27:52.347112+00:00"},"geometry":{"type":"Point","coordinates":[126.707503717,34.692917764]}},{"type":"Feature","id":"5a38108a78c2c6ec2ba02c9109029a0258f6da866a5dff203fc6e115ed2338df-1","properties":{"facility_id":"5a38108a78c2c6ec2ba02c9109029a0258f6da866a5dff203fc6e115ed2338df","point_ordinal":1,"zone_group_id":"468101023721","source_manage_no":"468101023721","facility_name":"성화어린이집","sgg_code":"12780","facility_type_code":"1","api_first_registered_on":null,"api_last_modified_on":null,"updated_at":"2026-07-25T01:27:52.347112+00:00"},"geometry":{"type":"Point","coordinates":[126.767072279,34.640330878]}},{"type":"Feature","id":"760f95da7a64de75d807708b02a1ea467603b2d177c74731877f0ee5bceb4712-1","properties":{"facility_id":"760f95da7a64de75d807708b02a1ea467603b2d177c74731877f0ee5bceb4712","point_ordinal":1,"zone_group_id":"468101012856","source_manage_no":"468101012856","facility_name":"신전초등학교","sgg_code":"12780","facility_type_code":"1","api_first_registered_on":null,"api_last_modified_on":null,"updated_at":"2026-07-25T01:27:52.347112+00:00"},"geometry":{"type":"Point","coordinates":[126.709930597,34.49959512]}},{"type":"Feature","id":"16b7dcd1e51c5a209abba2b9e435a62fd2f4af00e7f8b66b4f2901d6d6c5fad7-1","properties":{"facility_id":"16b7dcd1e51c5a209abba2b9e435a62fd2f4af00e7f8b66b4f2901d6d6c5fad7","point_ordinal":1,"zone_group_id":"468101012856","source_manage_no":"468101012857","facility_name":"신전초등학교 병설유치원","sgg_code":"12780","facility_type_code":"1","api_first_registered_on":null,"api_last_modified_on":null,"updated_at":"2026-07-25T01:27:52.347112+00:00"},"geometry":{"type":"Point","coordinates":[126.709928094,34.499532012]}},{"type":"Feature","id":"b4f0524b535bf6fd2a1fe55eeee0160c18785ece0659500c0aa7bedc8fd2c732-1","properties":{"facility_id":"b4f0524b535bf6fd2a1fe55eeee0160c18785ece0659500c0aa7bedc8fd2c732","point_ordinal":1,"zone_group_id":"468101012858","source_manage_no":"468101012858","facility_name":"옴천초등학교","sgg_code":"12780","facility_type_code":"1","api_first_registered_on":null,"api_last_modified_on":null,"updated_at":"2026-07-25T01:27:52.347112+00:00"},"geometry":{"type":"Point","coordinates":[126.795329655,34.744442057]}},{"type":"Feature","id":"90d72656453dbea1927781eaa3cd29c547fc2ba40fec9915e8eb73e6ce3f0ac4-1","properties":{"facility_id":"90d72656453dbea1927781eaa3cd29c547fc2ba40fec9915e8eb73e6ce3f0ac4","point_ordinal":1,"zone_group_id":"468101012858","source_manage_no":"468101012859","facility_name":"옴천초등학교 병설유치원","sgg_code":"12780","facility_type_code":"1","api_first_registered_on":null,"api_last_modified_on":null,"updated_at":"2026-07-25T01:27:52.347112+00:00"},"geometry":{"type":"Point","coordinates":[126.795329794,34.744385718]}},{"type":"Feature","id":"daff744f38ec70f4054db1c5d4dbfd756081a63ce909639214afaa0a20c3edba-1","properties":{"facility_id":"daff744f38ec70f4054db1c5d4dbfd756081a63ce909639214afaa0a20c3edba","point_ordinal":1,"zone_group_id":"468101021165","source_manage_no":"468101021165","facility_name":"은파어린이집","sgg_code":"12780","facility_type_code":"1","api_first_registered_on":"2017-12-04","api_last_modified_on":null,"updated_at":"2026-07-25T01:27:52.347112+00:00"},"geometry":{"type":"Point","coordinates":[126.774544125,34.645846026]}},{"type":"Feature","id":"c7f48f21a62effa7e8a8adf0850773d1126793fa225b56e9d8c34f0c5678b06a-1","properties":{"facility_id":"c7f48f21a62effa7e8a8adf0850773d1126793fa225b56e9d8c34f0c5678b06a","point_ordinal":1,"zone_group_id":"468101012860","source_manage_no":"468101012860","facility_name":"작천초등학교","sgg_code":"12780","facility_type_code":"1","api_first_registered_on":null,"api_last_modified_on":null,"updated_at":"2026-07-25T01:27:52.347112+00:00"},"geometry":{"type":"Point","coordinates":[126.771556663,34.703574373]}},{"type":"Feature","id":"c89a313faf180b346c9b33c58fa0a77bfe1401c0f8501779bec1c2fbba1bfc6e-1","properties":{"facility_id":"c89a313faf180b346c9b33c58fa0a77bfe1401c0f8501779bec1c2fbba1bfc6e","point_ordinal":1,"zone_group_id":"468101012860","source_manage_no":"468101012861","facility_name":"작천초등학교 병설유치원","sgg_code":"12780","facility_type_code":"1","api_first_registered_on":null,"api_last_modified_on":null,"updated_at":"2026-07-25T01:27:52.347112+00:00"},"geometry":{"type":"Point","coordinates":[126.771556366,34.703682544]}},{"type":"Feature","id":"dcebd01270ce8489181caf584fac614e7e36efa8ee9a05a8687e2230ec947d54-1","properties":{"facility_id":"dcebd01270ce8489181caf584fac614e7e36efa8ee9a05a8687e2230ec947d54","point_ordinal":1,"zone_group_id":"468101012862","source_manage_no":"468101012862","facility_name":"칠량초등학교","sgg_code":"12780","facility_type_code":"1","api_first_registered_on":null,"api_last_modified_on":null,"updated_at":"2026-07-25T01:27:52.347112+00:00"},"geometry":{"type":"Point","coordinates":[126.799402662,34.573177534]}},{"type":"Feature","id":"43b3926026e1d2c2702e94930f597c4ebf9c9dd006db9604b5a54435c8eee50d-1","properties":{"facility_id":"43b3926026e1d2c2702e94930f597c4ebf9c9dd006db9604b5a54435c8eee50d","point_ordinal":1,"zone_group_id":"468101012862","source_manage_no":"468101012863","facility_name":"칠량초등학교 병설유치원","sgg_code":"12780","facility_type_code":"1","api_first_registered_on":null,"api_last_modified_on":null,"updated_at":"2026-07-25T01:27:52.347112+00:00"},"geometry":{"type":"Point","coordinates":[126.799405668,34.573060352]}},{"type":"Feature","id":"7f7d841d96e25ff6caf02f28fff6f03723ad1115a480295b7ff62e20c44dbb35-1","properties":{"facility_id":"7f7d841d96e25ff6caf02f28fff6f03723ad1115a480295b7ff62e20c44dbb35","point_ordinal":1,"zone_group_id":"468101023608","source_manage_no":"468101023608","facility_name":"파랑새어린이집","sgg_code":"12780","facility_type_code":"1","api_first_registered_on":"2017-12-04","api_last_modified_on":null,"updated_at":"2026-07-25T01:27:52.347112+00:00"},"geometry":{"type":"Point","coordinates":[126.785296564,34.647596908]}},{"type":"Feature","id":"a5b9e10b9293e06c88788f34c39d32960326546a638078f99747d659fd9198d8-1","properties":{"facility_id":"a5b9e10b9293e06c88788f34c39d32960326546a638078f99747d659fd9198d8","point_ordinal":1,"zone_group_id":"468101012838","source_manage_no":"468101012838","facility_name":"푸른들어린이집","sgg_code":"12780","facility_type_code":"1","api_first_registered_on":null,"api_last_modified_on":null,"updated_at":"2026-07-25T01:27:52.347112+00:00"},"geometry":{"type":"Point","coordinates":[126.761600599,34.63925832]}},{"type":"Feature","id":"0dc4d03ca1998073cc1eae9dce469bb9ad9cf4768110782e5456e1190121d31b-1","properties":{"facility_id":"0dc4d03ca1998073cc1eae9dce469bb9ad9cf4768110782e5456e1190121d31b","point_ordinal":1,"zone_group_id":"468101012839","source_manage_no":"468101012839","facility_name":"한별어린이집","sgg_code":"12780","facility_type_code":"1","api_first_registered_on":null,"api_last_modified_on":null,"updated_at":"2026-07-25T01:27:52.347112+00:00"},"geometry":{"type":"Point","coordinates":[126.76262427,34.636712148]}},{"type":"Feature","id":"d83ea96447ff73d7a1a3bd0a0fb0ba89479614a19a888d77cf4a001e563f9fe0-1","properties":{"facility_id":"d83ea96447ff73d7a1a3bd0a0fb0ba89479614a19a888d77cf4a001e563f9fe0","point_ordinal":1,"zone_group_id":"468101012840","source_manage_no":"468101012840","facility_name":"호산나어린이집","sgg_code":"12780","facility_type_code":"1","api_first_registered_on":null,"api_last_modified_on":null,"updated_at":"2026-07-25T01:27:52.347112+00:00"},"geometry":{"type":"Point","coordinates":[126.761379494,34.642437663]}},{"type":"Feature","id":"fafdf6f0f637bbafe954fccba40955c9d53de54afbe8f8924817900a2f0dc3ef-1","properties":{"facility_id":"fafdf6f0f637bbafe954fccba40955c9d53de54afbe8f8924817900a2f0dc3ef","point_ordinal":1,"zone_group_id":"468202028230","source_manage_no":"468202028230","facility_name":"경수마을회관","sgg_code":"12790","facility_type_code":"2","api_first_registered_on":null,"api_last_modified_on":null,"updated_at":"2026-08-06T02:25:07.888122+00:00"},"geometry":{"type":"Point","coordinates":[126.52636742,34.427865248]}},{"type":"Feature","id":"5c2fb5a2094aed6ef1e06b18409ec524c050add6b88e427662cecff1538ef399-1","properties":{"facility_id":"5c2fb5a2094aed6ef1e06b18409ec524c050add6b88e427662cecff1538ef399","point_ordinal":1,"zone_group_id":"468202028223","source_manage_no":"468202028223","facility_name":"동리보건진료소","sgg_code":"12790","facility_type_code":"2","api_first_registered_on":null,"api_last_modified_on":null,"updated_at":"2026-08-06T02:25:07.888122+00:00"},"geometry":{"type":"Point","coordinates":[126.679208033,34.554152768]}},{"type":"Feature","id":"6b341e80227c490e5a01eec3d57bfb1b8f0a26749c1e7b6bbbb39e04178176e1-1","properties":{"facility_id":"6b341e80227c490e5a01eec3d57bfb1b8f0a26749c1e7b6bbbb39e04178176e1","point_ordinal":1,"zone_group_id":"468202030065","source_manage_no":"468202030065","facility_name":"마산월곡마을","sgg_code":"12790","facility_type_code":"2","api_first_registered_on":"2025-06-23","api_last_modified_on":"2026-06-02","updated_at":"2026-08-06T02:25:07.888122+00:00"},"geometry":{"type":"Point","coordinates":[126.628358831,34.61092178]}},{"type":"Feature","id":"5edfd8f756ab68159166e26a267e02e8878dc0904844d066c3867e439e5dd3b8-1","properties":{"facility_id":"5edfd8f756ab68159166e26a267e02e8878dc0904844d066c3867e439e5dd3b8","point_ordinal":1,"zone_group_id":"468201013778","source_manage_no":"468201013778","facility_name":"마산초등학교","sgg_code":"12790","facility_type_code":"1","api_first_registered_on":"1997-07-01","api_last_modified_on":null,"updated_at":"2026-08-06T02:25:07.888122+00:00"},"geometry":{"type":"Point","coordinates":[126.572098097,34.618519699]}},{"type":"Feature","id":"5215763dde27ef70e6a02e21c5dd057203772210a284c267b7d96a6947b06a68-1","properties":{"facility_id":"5215763dde27ef70e6a02e21c5dd057203772210a284c267b7d96a6947b06a68","point_ordinal":1,"zone_group_id":"468201013778","source_manage_no":"468201028443","facility_name":"마산초등학교 병설유치원","sgg_code":"12790","facility_type_code":"1","api_first_registered_on":null,"api_last_modified_on":null,"updated_at":"2026-07-25T01:27:52.347112+00:00"},"geometry":{"type":"Point","coordinates":[126.572569281,34.618599099]}},{"type":"Feature","id":"abf536c06090dbede35feb7d1181c3f7e0466839081dab1bbcaeb595591915f8-1","properties":{"facility_id":"abf536c06090dbede35feb7d1181c3f7e0466839081dab1bbcaeb595591915f8","point_ordinal":1,"zone_group_id":"468201013777","source_manage_no":"468201013777","facility_name":"마산초등학교 용전분교장","sgg_code":"12790","facility_type_code":"1","api_first_registered_on":"1997-07-01","api_last_modified_on":null,"updated_at":"2026-08-06T02:25:07.888122+00:00"},"geometry":{"type":"Point","coordinates":[126.546361508,34.595118981]}},{"type":"Feature","id":"c537cfaaa80d6287b66b9ebcc7b2b7b64e3be555d2bca43162f6bc4af1c04c19-1","properties":{"facility_id":"c537cfaaa80d6287b66b9ebcc7b2b7b64e3be555d2bca43162f6bc4af1c04c19","point_ordinal":1,"zone_group_id":"468202030067","source_manage_no":"468202030067","facility_name":"문내동리마을","sgg_code":"12790","facility_type_code":"2","api_first_registered_on":"2025-06-23","api_last_modified_on":"2026-06-02","updated_at":"2026-08-06T02:25:07.888122+00:00"},"geometry":{"type":"Point","coordinates":[126.29914653,34.608210937]}},{"type":"Feature","id":"8f42c4d774503ff3cafbe9cb4f5fbf2db7c6d33d1f83e18e9e25a31a0b0536a1-1","properties":{"facility_id":"8f42c4d774503ff3cafbe9cb4f5fbf2db7c6d33d1f83e18e9e25a31a0b0536a1","point_ordinal":1,"zone_group_id":"468201013790","source_manage_no":"468201013790","facility_name":"미래클유치원","sgg_code":"12790","facility_type_code":"1","api_first_registered_on":"2006-12-12","api_last_modified_on":null,"updated_at":"2026-08-06T02:25:07.888122+00:00"},"geometry":{"type":"Point","coordinates":[126.592455232,34.578129577]}},{"type":"Feature","id":"749d24c0da3fb6e396ce254cf8c99071a85a1a4d1bde890708cfe5e1ab1bc906-1","properties":{"facility_id":"749d24c0da3fb6e396ce254cf8c99071a85a1a4d1bde890708cfe5e1ab1bc906","point_ordinal":1,"zone_group_id":"468201013780","source_manage_no":"468201013780","facility_name":"북일초등학교","sgg_code":"12790","facility_type_code":"1","api_first_registered_on":"1996-06-01","api_last_modified_on":null,"updated_at":"2026-08-06T02:25:07.888122+00:00"},"geometry":{"type":"Point","coordinates":[126.67728238,34.46681979]}},{"type":"Feature","id":"77a0392c2403d5037e0a58c68444663e4b64b413f2e29a49cec2abbbc71b2649-1","properties":{"facility_id":"77a0392c2403d5037e0a58c68444663e4b64b413f2e29a49cec2abbbc71b2649","point_ordinal":1,"zone_group_id":"468201013780","source_manage_no":"468201028445","facility_name":"북일초등학교 병설","sgg_code":"12790","facility_type_code":"1","api_first_registered_on":null,"api_last_modified_on":null,"updated_at":"2026-07-25T01:27:52.347112+00:00"},"geometry":{"type":"Point","coordinates":[126.677050565,34.46695665]}},{"type":"Feature","id":"d05fa8121aae32a6d9d1656f4190421a3ef6291f3c44e0e881174aa747837b96-1","properties":{"facility_id":"d05fa8121aae32a6d9d1656f4190421a3ef6291f3c44e0e881174aa747837b96","point_ordinal":1,"zone_group_id":"468201013781","source_manage_no":"468201013781","facility_name":"북평초등학교","sgg_code":"12790","facility_type_code":"1","api_first_registered_on":"1997-07-01","api_last_modified_on":null,"updated_at":"2026-08-06T02:25:07.888122+00:00"},"geometry":{"type":"Point","coordinates":[126.630287096,34.40820274]}},{"type":"Feature","id":"54cbebe7fedb109e356fb5aaa35506de74d6f7f7e602f448a7aed92502313d61-1","properties":{"facility_id":"54cbebe7fedb109e356fb5aaa35506de74d6f7f7e602f448a7aed92502313d61","point_ordinal":1,"zone_group_id":"468201013781","source_manage_no":"468201028446","facility_name":"북평초등학교 병설","sgg_code":"12790","facility_type_code":"1","api_first_registered_on":null,"api_last_modified_on":null,"updated_at":"2026-07-25T01:27:52.347112+00:00"},"geometry":{"type":"Point","coordinates":[126.630486433,34.408011781]}},{"type":"Feature","id":"1d5caafc21fcd70a1e17f52036f700c60a20d971979e59efc5f22ce6ded01342-1","properties":{"facility_id":"1d5caafc21fcd70a1e17f52036f700c60a20d971979e59efc5f22ce6ded01342","point_ordinal":1,"zone_group_id":"468201013782","source_manage_no":"468201013782","facility_name":"산이서초등학교","sgg_code":"12790","facility_type_code":"1","api_first_registered_on":"1996-06-01","api_last_modified_on":null,"updated_at":"2026-08-06T02:25:07.888122+00:00"},"geometry":{"type":"Point","coordinates":[126.410905038,34.675998408]}},{"type":"Feature","id":"86f1a660b42d1891f8f45cc66ea8886727aa9f48560bd11e9f4180d1aa347d3c-1","properties":{"facility_id":"86f1a660b42d1891f8f45cc66ea8886727aa9f48560bd11e9f4180d1aa347d3c","point_ordinal":1,"zone_group_id":"468201013782","source_manage_no":"468201028447","facility_name":"산이서초등학교 병설","sgg_code":"12790","facility_type_code":"1","api_first_registered_on":null,"api_last_modified_on":null,"updated_at":"2026-07-25T01:27:52.347112+00:00"},"geometry":{"type":"Point","coordinates":[126.410965925,34.676260113]}},{"type":"Feature","id":"86a2cd9f441c51ef7442000fb7e1d7704da33f1c8fcebbdfcc606b8845431121-1","properties":{"facility_id":"86a2cd9f441c51ef7442000fb7e1d7704da33f1c8fcebbdfcc606b8845431121","point_ordinal":1,"zone_group_id":"468201013783","source_manage_no":"468201013783","facility_name":"산이초등학교","sgg_code":"12790","facility_type_code":"1","api_first_registered_on":"1996-06-01","api_last_modified_on":null,"updated_at":"2026-08-06T02:25:07.888122+00:00"},"geometry":{"type":"Point","coordinates":[126.448179801,34.644088545]}},{"type":"Feature","id":"752e9d04dfcd65b4430a8a5f4d437d219e8de1b4ca0363fbe9eb418081b65e98-1","properties":{"facility_id":"752e9d04dfcd65b4430a8a5f4d437d219e8de1b4ca0363fbe9eb418081b65e98","point_ordinal":1,"zone_group_id":"468201013783","source_manage_no":"468201028448","facility_name":"산이초등학교 병설","sgg_code":"12790","facility_type_code":"1","api_first_registered_on":null,"api_last_modified_on":null,"updated_at":"2026-07-25T01:27:52.347112+00:00"},"geometry":{"type":"Point","coordinates":[126.447606081,34.643842564]}},{"type":"Feature","id":"b75f1af3fafc55df94ad807c353616dd4e70bb49a16adb20fc9c53a8576d95be-1","properties":{"facility_id":"b75f1af3fafc55df94ad807c353616dd4e70bb49a16adb20fc9c53a8576d95be","point_ordinal":1,"zone_group_id":"468201013784","source_manage_no":"468201028449","facility_name":"삼산초 병설유치원","sgg_code":"12790","facility_type_code":"1","api_first_registered_on":null,"api_last_modified_on":null,"updated_at":"2026-07-25T01:27:52.347112+00:00"},"geometry":{"type":"Point","coordinates":[126.608407902,34.515043202]}},{"type":"Feature","id":"c175fd8e62333c4ee2a4db6837bfb9a5936ce142b751a4e63432b5e69ce5dba7-1","properties":{"facility_id":"c175fd8e62333c4ee2a4db6837bfb9a5936ce142b751a4e63432b5e69ce5dba7","point_ordinal":1,"zone_group_id":"468201013784","source_manage_no":"468201013784","facility_name":"삼산초등학교","sgg_code":"12790","facility_type_code":"1","api_first_registered_on":"1996-06-01","api_last_modified_on":null,"updated_at":"2026-08-06T02:25:07.888122+00:00"},"geometry":{"type":"Point","coordinates":[126.608707003,34.515125291]}},{"type":"Feature","id":"0cd414e576d9887a6cae365ec98e1403cb3400a65f8e08760dfb87babf1fee03-1","properties":{"facility_id":"0cd414e576d9887a6cae365ec98e1403cb3400a65f8e08760dfb87babf1fee03","point_ordinal":1,"zone_group_id":"468202028212","source_manage_no":"468202028212","facility_name":"서림공원","sgg_code":"12790","facility_type_code":"2","api_first_registered_on":null,"api_last_modified_on":null,"updated_at":"2026-08-06T02:25:07.888122+00:00"},"geometry":{"type":"Point","coordinates":[126.592839359,34.57320865]}},{"type":"Feature","id":"75535a127189d9bc6465329c9b41753caed513392bf2b7437b0afac68f1029dd-1","properties":{"facility_id":"75535a127189d9bc6465329c9b41753caed513392bf2b7437b0afac68f1029dd","point_ordinal":1,"zone_group_id":"468201013785","source_manage_no":"468201013785","facility_name":"서정초등학교","sgg_code":"12790","facility_type_code":"1","api_first_registered_on":"2000-07-01","api_last_modified_on":null,"updated_at":"2026-08-06T02:25:07.888122+00:00"},"geometry":{"type":"Point","coordinates":[126.560426391,34.388496017]}},{"type":"Feature","id":"b9534c1a9b3a8b3d8ff600d11eb77418d2c8fa6981e001903057f43bc4b148f8-1","properties":{"facility_id":"b9534c1a9b3a8b3d8ff600d11eb77418d2c8fa6981e001903057f43bc4b148f8","point_ordinal":1,"zone_group_id":"468201013788","source_manage_no":"468201028450","facility_name":"송지초 병설","sgg_code":"12790","facility_type_code":"1","api_first_registered_on":null,"api_last_modified_on":null,"updated_at":"2026-07-25T01:27:52.347112+00:00"},"geometry":{"type":"Point","coordinates":[126.519847865,34.369292833]}},{"type":"Feature","id":"f878736e9cbfe32ee123223a55a2b18cf36bcf0a556266fab5c244db1a971315-1","properties":{"facility_id":"f878736e9cbfe32ee123223a55a2b18cf36bcf0a556266fab5c244db1a971315","point_ordinal":1,"zone_group_id":"468201013788","source_manage_no":"468201013788","facility_name":"송지초등학교","sgg_code":"12790","facility_type_code":"1","api_first_registered_on":"1996-06-01","api_last_modified_on":null,"updated_at":"2026-08-06T02:25:07.888122+00:00"},"geometry":{"type":"Point","coordinates":[126.519511424,34.369192352]}},{"type":"Feature","id":"80723163a0103eeb4c14847c9510c7997e7d2e37deef2fdd202df68b75e7776c-1","properties":{"facility_id":"80723163a0103eeb4c14847c9510c7997e7d2e37deef2fdd202df68b75e7776c","point_ordinal":1,"zone_group_id":"468201013786","source_manage_no":"468201013786","facility_name":"송호초등학교","sgg_code":"12790","facility_type_code":"1","api_first_registered_on":"1996-06-01","api_last_modified_on":null,"updated_at":"2026-08-06T02:25:07.888122+00:00"},"geometry":{"type":"Point","coordinates":[126.518595231,34.316231719]}},{"type":"Feature","id":"afe2ea6d177e9e578a81dab8a2440979b66403ca1ef66be8cec82d6e3d58f3be-1","properties":{"facility_id":"afe2ea6d177e9e578a81dab8a2440979b66403ca1ef66be8cec82d6e3d58f3be","point_ordinal":1,"zone_group_id":"468201013786","source_manage_no":"468201028451","facility_name":"송호초등학교 병설","sgg_code":"12790","facility_type_code":"1","api_first_registered_on":null,"api_last_modified_on":null,"updated_at":"2026-07-25T01:27:52.347112+00:00"},"geometry":{"type":"Point","coordinates":[126.518534666,34.316373463]}},{"type":"Feature","id":"0bd146eeda83d4a91d5a364536ed3a8a56a2583b0a5f57955c7285a344db5358-1","properties":{"facility_id":"0bd146eeda83d4a91d5a364536ed3a8a56a2583b0a5f57955c7285a344db5358","point_ordinal":1,"zone_group_id":"468202028229","source_manage_no":"468202028229","facility_name":"신평마을경로당","sgg_code":"12790","facility_type_code":"2","api_first_registered_on":null,"api_last_modified_on":null,"updated_at":"2026-08-06T02:25:07.888122+00:00"},"geometry":{"type":"Point","coordinates":[126.601123824,34.374332525]}},{"type":"Feature","id":"7bcd07674dd9d523c21f7a80530ea490819d27995a13926a0deed5d09ad1f668-1","properties":{"facility_id":"7bcd07674dd9d523c21f7a80530ea490819d27995a13926a0deed5d09ad1f668","point_ordinal":1,"zone_group_id":"468201013791","source_manage_no":"468201013791","facility_name":"아트빌어린이집","sgg_code":"12790","facility_type_code":"1","api_first_registered_on":"2006-09-27","api_last_modified_on":null,"updated_at":"2026-08-06T02:25:07.888122+00:00"},"geometry":{"type":"Point","coordinates":[126.593254971,34.574762915]}},{"type":"Feature","id":"61ba3b21f62c582a76a101a887b4e1b99708f6547e8a177198f5abb9f95bfe1c-1","properties":{"facility_id":"61ba3b21f62c582a76a101a887b4e1b99708f6547e8a177198f5abb9f95bfe1c","point_ordinal":1,"zone_group_id":"468201013787","source_manage_no":"468201028453","facility_name":"어란진초 병설","sgg_code":"12790","facility_type_code":"1","api_first_registered_on":null,"api_last_modified_on":null,"updated_at":"2026-07-25T01:27:52.347112+00:00"},"geometry":{"type":"Point","coordinates":[126.476954107,34.351682676]}},{"type":"Feature","id":"3014c1819d3d51ebd15216b0b3eff482436c04be55efac7dbe71b86526ae1593-1","properties":{"facility_id":"3014c1819d3d51ebd15216b0b3eff482436c04be55efac7dbe71b86526ae1593","point_ordinal":1,"zone_group_id":"468201013787","source_manage_no":"468201013787","facility_name":"어란진초등학교","sgg_code":"12790","facility_type_code":"1","api_first_registered_on":"1996-06-01","api_last_modified_on":null,"updated_at":"2026-08-06T02:25:07.888122+00:00"},"geometry":{"type":"Point","coordinates":[126.476592501,34.351716063]}},{"type":"Feature","id":"b3dd1b0d87d4aad792f5178de81026b1630e6142c65b4824063ab535e9827ab1-1","properties":{"facility_id":"b3dd1b0d87d4aad792f5178de81026b1630e6142c65b4824063ab535e9827ab1","point_ordinal":1,"zone_group_id":"468201013789","source_manage_no":"468201013789","facility_name":"옥천초등학교","sgg_code":"12790","facility_type_code":"1","api_first_registered_on":"1996-06-01","api_last_modified_on":null,"updated_at":"2026-08-06T02:25:07.888122+00:00"},"geometry":{"type":"Point","coordinates":[126.649096463,34.567202342]}},{"type":"Feature","id":"d64d6910204f45b04336b0859ca28fc39e3c2ef5e6ebf8c7375814c07d13550f-1","properties":{"facility_id":"d64d6910204f45b04336b0859ca28fc39e3c2ef5e6ebf8c7375814c07d13550f","point_ordinal":1,"zone_group_id":"468201013789","source_manage_no":"468201028455","facility_name":"옥천초등학교 병설","sgg_code":"12790","facility_type_code":"1","api_first_registered_on":null,"api_last_modified_on":null,"updated_at":"2026-07-25T01:27:52.347112+00:00"},"geometry":{"type":"Point","coordinates":[126.649389345,34.567522068]}},{"type":"Feature","id":"feba6777847a09ab4f95ab23bd987a62614a574ec216641ca4199bd4702a3ede-1","properties":{"facility_id":"feba6777847a09ab4f95ab23bd987a62614a574ec216641ca4199bd4702a3ede","point_ordinal":1,"zone_group_id":"468201013779","source_manage_no":"468201013779","facility_name":"우수영초등학교","sgg_code":"12790","facility_type_code":"1","api_first_registered_on":"2001-05-10","api_last_modified_on":null,"updated_at":"2026-08-06T02:25:07.888122+00:00"},"geometry":{"type":"Point","coordinates":[126.313157601,34.605751903]}},{"type":"Feature","id":"39901bfad9114890e94976812db410eb2d7d8f4779f5f1f7a0218dcca6f14b74-1","properties":{"facility_id":"39901bfad9114890e94976812db410eb2d7d8f4779f5f1f7a0218dcca6f14b74","point_ordinal":1,"zone_group_id":"468201013779","source_manage_no":"468201028444","facility_name":"우수영초등학교 병설","sgg_code":"12790","facility_type_code":"1","api_first_registered_on":null,"api_last_modified_on":null,"updated_at":"2026-07-25T01:27:52.347112+00:00"},"geometry":{"type":"Point","coordinates":[126.312973389,34.605615653]}},{"type":"Feature","id":"c666804ede481f0571c0546c5040bcf5f174a49997254666a9e0f1f6362f6e62-1","properties":{"facility_id":"c666804ede481f0571c0546c5040bcf5f174a49997254666a9e0f1f6362f6e62","point_ordinal":1,"zone_group_id":"468201013792","source_manage_no":"468201013792","facility_name":"원광유치원","sgg_code":"12790","facility_type_code":"1","api_first_registered_on":"1996-06-01","api_last_modified_on":null,"updated_at":"2026-08-06T02:25:07.888122+00:00"},"geometry":{"type":"Point","coordinates":[126.599261184,34.576863417]}},{"type":"Feature","id":"3174d877f63d4ae2b67661a287151adf2fd380cc534dd0f4e2145f30796a2673-1","properties":{"facility_id":"3174d877f63d4ae2b67661a287151adf2fd380cc534dd0f4e2145f30796a2673","point_ordinal":1,"zone_group_id":"468202028225","source_manage_no":"468202028225","facility_name":"잠두리회관","sgg_code":"12790","facility_type_code":"2","api_first_registered_on":null,"api_last_modified_on":null,"updated_at":"2026-08-06T02:25:07.888122+00:00"},"geometry":{"type":"Point","coordinates":[126.570830939,34.659012624]}},{"type":"Feature","id":"9296ff5c7a0610fc63ad9057b4b4aafc7a2da6755fbe1d81a6532c2de5ad50e6-1","properties":{"facility_id":"9296ff5c7a0610fc63ad9057b4b4aafc7a2da6755fbe1d81a6532c2de5ad50e6","point_ordinal":1,"zone_group_id":"468202028227","source_manage_no":"468202028227","facility_name":"차경마을경로당","sgg_code":"12790","facility_type_code":"2","api_first_registered_on":null,"api_last_modified_on":null,"updated_at":"2026-08-06T02:25:07.888122+00:00"},"geometry":{"type":"Point","coordinates":[126.633212615,34.417399034]}},{"type":"Feature","id":"3c1c19cdb2a94be85724c5c6b31c41999138f2ac02c36f32ebec93cd8925291f-1","properties":{"facility_id":"3c1c19cdb2a94be85724c5c6b31c41999138f2ac02c36f32ebec93cd8925291f","point_ordinal":1,"zone_group_id":"468201013793","source_manage_no":"468201013793","facility_name":"해남동초등학교","sgg_code":"12790","facility_type_code":"1","api_first_registered_on":"1996-06-01","api_last_modified_on":null,"updated_at":"2026-08-06T02:25:07.888122+00:00"},"geometry":{"type":"Point","coordinates":[126.604741116,34.570970746]}},{"type":"Feature","id":"2dc80eb6300487931362d91aacc5aa43b4e3ab2864eedf3bfdc16363e675af2f-1","properties":{"facility_id":"2dc80eb6300487931362d91aacc5aa43b4e3ab2864eedf3bfdc16363e675af2f","point_ordinal":1,"zone_group_id":"468201021257","source_manage_no":"468201021257","facility_name":"해남동초등학교","sgg_code":"12790","facility_type_code":"1","api_first_registered_on":null,"api_last_modified_on":null,"updated_at":"2026-08-06T02:25:07.888122+00:00"},"geometry":{"type":"Point","coordinates":[126.605096712,34.570964426]}},{"type":"Feature","id":"6a748f011b8abc827ebb95abdbcac6e5689455dfbbd5e10817857b705afd935b-1","properties":{"facility_id":"6a748f011b8abc827ebb95abdbcac6e5689455dfbbd5e10817857b705afd935b","point_ordinal":1,"zone_group_id":"468201013794","source_manage_no":"468201013794","facility_name":"해남서초등학교","sgg_code":"12790","facility_type_code":"1","api_first_registered_on":"1996-06-01","api_last_modified_on":null,"updated_at":"2026-08-06T02:25:07.888122+00:00"},"geometry":{"type":"Point","coordinates":[126.5974915,34.572143119]}},{"type":"Feature","id":"3c90682d6fddfcedf6f83deb597c588050059c93b2b5bfd34d49eec060b1f969-1","properties":{"facility_id":"3c90682d6fddfcedf6f83deb597c588050059c93b2b5bfd34d49eec060b1f969","point_ordinal":1,"zone_group_id":"468201028454","source_manage_no":"468201028454","facility_name":"해남서초등학교 후문","sgg_code":"12790","facility_type_code":"1","api_first_registered_on":null,"api_last_modified_on":"2025-06-30","updated_at":"2026-08-06T02:25:07.888122+00:00"},"geometry":{"type":"Point","coordinates":[126.596618169,34.573121492]}},{"type":"Feature","id":"c64931030451e82a6884fe7c3839b842cdaf2a39ada5ee7053299ca5a697a2e6-1","properties":{"facility_id":"c64931030451e82a6884fe7c3839b842cdaf2a39ada5ee7053299ca5a697a2e6","point_ordinal":1,"zone_group_id":"468201013795","source_manage_no":"468201013795","facility_name":"해오름유치원","sgg_code":"12790","facility_type_code":"1","api_first_registered_on":"2011-11-22","api_last_modified_on":null,"updated_at":"2026-08-06T02:25:07.888122+00:00"},"geometry":{"type":"Point","coordinates":[126.591603994,34.576202482]}},{"type":"Feature","id":"36f76f5b94134926d4c66b6245bb9ba09b3f067fda955ec688d9315b21bc2817-1","properties":{"facility_id":"36f76f5b94134926d4c66b6245bb9ba09b3f067fda955ec688d9315b21bc2817","point_ordinal":1,"zone_group_id":"468201013796","source_manage_no":"468201013796","facility_name":"현산남초등학교","sgg_code":"12790","facility_type_code":"1","api_first_registered_on":"1998-07-26","api_last_modified_on":null,"updated_at":"2026-08-06T02:25:07.888122+00:00"},"geometry":{"type":"Point","coordinates":[126.585027194,34.42892032]}},{"type":"Feature","id":"c9d5d81b94bfc30b5cd086a4cca25b4ec5c1a1ed188f79963353dad4181e54db-1","properties":{"facility_id":"c9d5d81b94bfc30b5cd086a4cca25b4ec5c1a1ed188f79963353dad4181e54db","point_ordinal":1,"zone_group_id":"468202030066","source_manage_no":"468202030066","facility_name":"현산만안마을","sgg_code":"12790","facility_type_code":"2","api_first_registered_on":"2025-06-23","api_last_modified_on":"2026-06-02","updated_at":"2026-08-06T02:25:07.888122+00:00"},"geometry":{"type":"Point","coordinates":[126.583217005,34.493230288]}},{"type":"Feature","id":"b4b9cffabce101b83b4d84712c2efdde41c5caa31be97df3cff0f8a1287fcab2-1","properties":{"facility_id":"b4b9cffabce101b83b4d84712c2efdde41c5caa31be97df3cff0f8a1287fcab2","point_ordinal":1,"zone_group_id":"468201013797","source_manage_no":"468201028456","facility_name":"현산초 병설","sgg_code":"12790","facility_type_code":"1","api_first_registered_on":null,"api_last_modified_on":null,"updated_at":"2026-07-25T01:27:52.347112+00:00"},"geometry":{"type":"Point","coordinates":[126.552995963,34.458826695]}},{"type":"Feature","id":"8fe05b1a9899324270db514ee5898caeb1de4b118b8875a11ec03c5efa738067-1","properties":{"facility_id":"8fe05b1a9899324270db514ee5898caeb1de4b118b8875a11ec03c5efa738067","point_ordinal":1,"zone_group_id":"468201013797","source_manage_no":"468201013797","facility_name":"현산초등학교","sgg_code":"12790","facility_type_code":"1","api_first_registered_on":"1996-06-01","api_last_modified_on":null,"updated_at":"2026-08-06T02:25:07.888122+00:00"},"geometry":{"type":"Point","coordinates":[126.553619298,34.458773758]}},{"type":"Feature","id":"e62d8ddd7b32c4312486279e87473cf0a2d67ab9e1d49673758d654665e7abd7-1","properties":{"facility_id":"e62d8ddd7b32c4312486279e87473cf0a2d67ab9e1d49673758d654665e7abd7","point_ordinal":1,"zone_group_id":"468202030064","source_manage_no":"468202030064","facility_name":"화산관동마을","sgg_code":"12790","facility_type_code":"2","api_first_registered_on":"2025-06-23","api_last_modified_on":"2026-06-02","updated_at":"2026-08-06T02:25:07.888122+00:00"},"geometry":{"type":"Point","coordinates":[126.478931638,34.477127554]}},{"type":"Feature","id":"851c1ef43ed3c7e5d2b55b4645f3891a64621b9281a8f60898598aafb5ffe408-1","properties":{"facility_id":"851c1ef43ed3c7e5d2b55b4645f3891a64621b9281a8f60898598aafb5ffe408","point_ordinal":1,"zone_group_id":"468201013799","source_manage_no":"468201028457","facility_name":"화산초 병설","sgg_code":"12790","facility_type_code":"1","api_first_registered_on":null,"api_last_modified_on":null,"updated_at":"2026-07-25T01:27:52.347112+00:00"},"geometry":{"type":"Point","coordinates":[126.516017901,34.491880759]}},{"type":"Feature","id":"cbbcfd807b37e37611105ee1d51e065873998e2c6b6d87b2c39bd01a6767b947-1","properties":{"facility_id":"cbbcfd807b37e37611105ee1d51e065873998e2c6b6d87b2c39bd01a6767b947","point_ordinal":1,"zone_group_id":"468201013799","source_manage_no":"468201013799","facility_name":"화산초등학교","sgg_code":"12790","facility_type_code":"1","api_first_registered_on":"1996-06-01","api_last_modified_on":null,"updated_at":"2026-08-06T02:25:07.888122+00:00"},"geometry":{"type":"Point","coordinates":[126.515749977,34.491614898]}},{"type":"Feature","id":"afd25962b22ebf44db405b4bdae658d3e48a5f09a319d095eaba84015ce67ba6-1","properties":{"facility_id":"afd25962b22ebf44db405b4bdae658d3e48a5f09a319d095eaba84015ce67ba6","point_ordinal":1,"zone_group_id":"468201013800","source_manage_no":"468201028460","facility_name":"화원초 병설","sgg_code":"12790","facility_type_code":"1","api_first_registered_on":null,"api_last_modified_on":null,"updated_at":"2026-07-25T01:27:52.347112+00:00"},"geometry":{"type":"Point","coordinates":[126.333108883,34.672816877]}},{"type":"Feature","id":"ffda98ee01d8a7656212ee883672d2fb8bddc8a02a6c43e3644c64098c64e067-1","properties":{"facility_id":"ffda98ee01d8a7656212ee883672d2fb8bddc8a02a6c43e3644c64098c64e067","point_ordinal":1,"zone_group_id":"468201013800","source_manage_no":"468201013800","facility_name":"화원초등학교","sgg_code":"12790","facility_type_code":"1","api_first_registered_on":"1996-06-01","api_last_modified_on":null,"updated_at":"2026-08-06T02:25:07.888122+00:00"},"geometry":{"type":"Point","coordinates":[126.333420035,34.672792663]}},{"type":"Feature","id":"291a985c2b75c27fa30de50d3ef02d35ddc70cc247314b14f401ca4eb0bbe566-1","properties":{"facility_id":"291a985c2b75c27fa30de50d3ef02d35ddc70cc247314b14f401ca4eb0bbe566","point_ordinal":1,"zone_group_id":"468201013801","source_manage_no":"468201013801","facility_name":"황산초등학교","sgg_code":"12790","facility_type_code":"1","api_first_registered_on":"1996-06-01","api_last_modified_on":null,"updated_at":"2026-08-06T02:25:07.888122+00:00"},"geometry":{"type":"Point","coordinates":[126.42793778,34.575532891]}},{"type":"Feature","id":"34a9aae035993015a771e9b2fb97864862f4f09b454353f8b731be6c844d749e-1","properties":{"facility_id":"34a9aae035993015a771e9b2fb97864862f4f09b454353f8b731be6c844d749e","point_ordinal":1,"zone_group_id":"468201013801","source_manage_no":"468201028461","facility_name":"황산초등학교 병설","sgg_code":"12790","facility_type_code":"1","api_first_registered_on":null,"api_last_modified_on":null,"updated_at":"2026-07-25T01:27:52.347112+00:00"},"geometry":{"type":"Point","coordinates":[126.428124092,34.575778277]}},{"type":"Feature","id":"1cf9ec73294c1fc3fd2287fdee30c328f07427e9f4be9e489b3585fa30bc06bd-1","properties":{"facility_id":"1cf9ec73294c1fc3fd2287fdee30c328f07427e9f4be9e489b3585fa30bc06bd","point_ordinal":1,"zone_group_id":"468301013579","source_manage_no":"468301013579","facility_name":"구림초등학교","sgg_code":"12800","facility_type_code":"1","api_first_registered_on":null,"api_last_modified_on":null,"updated_at":"2026-07-25T01:27:52.347112+00:00"},"geometry":{"type":"Point","coordinates":[126.632584184,34.76273135]}},{"type":"Feature","id":"bb1cedf23579c6581022135b5bef4e8c2c0614c1d5f8c433f3e4983c7f3af3eb-1","properties":{"facility_id":"bb1cedf23579c6581022135b5bef4e8c2c0614c1d5f8c433f3e4983c7f3af3eb","point_ordinal":1,"zone_group_id":"468301013580","source_manage_no":"468301013580","facility_name":"구림초등학교병설유치원","sgg_code":"12800","facility_type_code":"1","api_first_registered_on":null,"api_last_modified_on":null,"updated_at":"2026-07-25T01:27:52.347112+00:00"},"geometry":{"type":"Point","coordinates":[126.632203532,34.762975836]}},{"type":"Feature","id":"75213084b1bd0706d96a93e1ae227f8e3a103736a511783b128d9cbbcb253478-1","properties":{"facility_id":"75213084b1bd0706d96a93e1ae227f8e3a103736a511783b128d9cbbcb253478","point_ordinal":1,"zone_group_id":"468302013581","source_manage_no":"468302013581","facility_name":"군서면동계마을회관","sgg_code":"12800","facility_type_code":"2","api_first_registered_on":null,"api_last_modified_on":null,"updated_at":"2026-07-25T01:27:52.347112+00:00"},"geometry":{"type":"Point","coordinates":[126.625805039,34.762123785]}},{"type":"Feature","id":"8d69b922a577930f466fbaaac57fbaf471634fd6ed644dd215b54dc5a394a1c7-1","properties":{"facility_id":"8d69b922a577930f466fbaaac57fbaf471634fd6ed644dd215b54dc5a394a1c7","point_ordinal":1,"zone_group_id":"468302013582","source_manage_no":"468302013582","facility_name":"군서면복지회관","sgg_code":"12800","facility_type_code":"2","api_first_registered_on":null,"api_last_modified_on":null,"updated_at":"2026-07-25T01:27:52.347112+00:00"},"geometry":{"type":"Point","coordinates":[126.650851395,34.780038328]}},{"type":"Feature","id":"40f645150b1eaf7f0dd38c40246b4414afc1744d1f75464a3cd4fe06bcb1dae8-1","properties":{"facility_id":"40f645150b1eaf7f0dd38c40246b4414afc1744d1f75464a3cd4fe06bcb1dae8","point_ordinal":1,"zone_group_id":"468301013583","source_manage_no":"468301013583","facility_name":"금정초등학교","sgg_code":"12800","facility_type_code":"1","api_first_registered_on":null,"api_last_modified_on":null,"updated_at":"2026-07-25T01:27:52.347112+00:00"},"geometry":{"type":"Point","coordinates":[126.753119609,34.860756572]}},{"type":"Feature","id":"668478fc5e2ccab284964249831bea617bd5de74894337b8364008403da04d4e-1","properties":{"facility_id":"668478fc5e2ccab284964249831bea617bd5de74894337b8364008403da04d4e","point_ordinal":1,"zone_group_id":"468301013584","source_manage_no":"468301013584","facility_name":"금정초등학교병설유치원","sgg_code":"12800","facility_type_code":"1","api_first_registered_on":null,"api_last_modified_on":null,"updated_at":"2026-07-25T01:27:52.347112+00:00"},"geometry":{"type":"Point","coordinates":[126.75324209,34.860756821]}},{"type":"Feature","id":"7f5e112e9c68a5ac97ef5e3a1be51cba40c0318b838b55308572340199cf06e0-1","properties":{"facility_id":"7f5e112e9c68a5ac97ef5e3a1be51cba40c0318b838b55308572340199cf06e0","point_ordinal":1,"zone_group_id":"468301013590","source_manage_no":"468301013590","facility_name":"대불초등학교","sgg_code":"12800","facility_type_code":"1","api_first_registered_on":null,"api_last_modified_on":null,"updated_at":"2026-07-25T01:27:52.347112+00:00"},"geometry":{"type":"Point","coordinates":[126.460431958,34.756389706]}},{"type":"Feature","id":"d5134e06b9da7ba254afd95a04a2d0eab9d0633b66d8b5d42189f7ad5fdace77-1","properties":{"facility_id":"d5134e06b9da7ba254afd95a04a2d0eab9d0633b66d8b5d42189f7ad5fdace77","point_ordinal":1,"zone_group_id":"468301027534","source_manage_no":"468301027534","facility_name":"대불초등학교병설유치원","sgg_code":"12800","facility_type_code":"1","api_first_registered_on":null,"api_last_modified_on":null,"updated_at":"2026-07-25T01:27:52.347112+00:00"},"geometry":{"type":"Point","coordinates":[126.46057462,34.756820937]}},{"type":"Feature","id":"8cafc91e76cbd9a97a23c4246e7facfc9a6cbe501bff1debda233c4ed7792ab9-1","properties":{"facility_id":"8cafc91e76cbd9a97a23c4246e7facfc9a6cbe501bff1debda233c4ed7792ab9","point_ordinal":1,"zone_group_id":"468301013585","source_manage_no":"468301013585","facility_name":"덕진초등학교","sgg_code":"12800","facility_type_code":"1","api_first_registered_on":null,"api_last_modified_on":null,"updated_at":"2026-07-25T01:27:52.347112+00:00"},"geometry":{"type":"Point","coordinates":[126.698774134,34.820869478]}},{"type":"Feature","id":"9b5b9ea423983697f20c487ed7cf63792c777a23c8a84edd21e4fdb4a8e1d8d5-1","properties":{"facility_id":"9b5b9ea423983697f20c487ed7cf63792c777a23c8a84edd21e4fdb4a8e1d8d5","point_ordinal":1,"zone_group_id":"468301013586","source_manage_no":"468301013586","facility_name":"덕진초등학교병설유치원","sgg_code":"12800","facility_type_code":"1","api_first_registered_on":null,"api_last_modified_on":null,"updated_at":"2026-07-25T01:27:52.347112+00:00"},"geometry":{"type":"Point","coordinates":[126.698774134,34.820869478]}},{"type":"Feature","id":"35bac4c98972eacd7a90453a83ff1b615be7804b57597216d15463ca5af9a94c-1","properties":{"facility_id":"35bac4c98972eacd7a90453a83ff1b615be7804b57597216d15463ca5af9a94c","point_ordinal":1,"zone_group_id":"468301013587","source_manage_no":"468301013587","facility_name":"도포초등학교","sgg_code":"12800","facility_type_code":"1","api_first_registered_on":null,"api_last_modified_on":null,"updated_at":"2026-07-25T01:27:52.347112+00:00"},"geometry":{"type":"Point","coordinates":[126.636321276,34.836087247]}},{"type":"Feature","id":"3e94924858d40ea264219e78fafc659f685e384a5f31f82e5d86c04030a48ed8-1","properties":{"facility_id":"3e94924858d40ea264219e78fafc659f685e384a5f31f82e5d86c04030a48ed8","point_ordinal":1,"zone_group_id":"468301013588","source_manage_no":"468301013588","facility_name":"도포초등학교병설유치원","sgg_code":"12800","facility_type_code":"1","api_first_registered_on":null,"api_last_modified_on":null,"updated_at":"2026-07-25T01:27:52.347112+00:00"},"geometry":{"type":"Point","coordinates":[126.636229239,34.836133845]}},{"type":"Feature","id":"99b740c59fbcdaaaddb4f5bbab34796d74094771f8982360322031eea76289d3-1","properties":{"facility_id":"99b740c59fbcdaaaddb4f5bbab34796d74094771f8982360322031eea76289d3","point_ordinal":1,"zone_group_id":"468301013613","source_manage_no":"468301013613","facility_name":"독천초등학교","sgg_code":"12800","facility_type_code":"1","api_first_registered_on":null,"api_last_modified_on":null,"updated_at":"2026-07-25T01:27:52.347112+00:00"},"geometry":{"type":"Point","coordinates":[126.565140525,34.727172545]}},{"type":"Feature","id":"e03878606405afdf596122aab29e8d067ee8af61266710ed09eb386140d6d07a-1","properties":{"facility_id":"e03878606405afdf596122aab29e8d067ee8af61266710ed09eb386140d6d07a","point_ordinal":1,"zone_group_id":"468301013614","source_manage_no":"468301013614","facility_name":"독천초등학교병설유치원","sgg_code":"12800","facility_type_code":"1","api_first_registered_on":null,"api_last_modified_on":null,"updated_at":"2026-07-25T01:27:52.347112+00:00"},"geometry":{"type":"Point","coordinates":[126.565292455,34.727348863]}},{"type":"Feature","id":"5ffa00b6f4c43d190870ce867dc118763af786ce6d637aaa6f154797b405646b-1","properties":{"facility_id":"5ffa00b6f4c43d190870ce867dc118763af786ce6d637aaa6f154797b405646b","point_ordinal":1,"zone_group_id":"468301013589","source_manage_no":"468301013589","facility_name":"미암초등학교","sgg_code":"12800","facility_type_code":"1","api_first_registered_on":null,"api_last_modified_on":null,"updated_at":"2026-07-25T01:27:52.347112+00:00"},"geometry":{"type":"Point","coordinates":[126.574209721,34.699386907]}},{"type":"Feature","id":"06e52e304768928f57165d293a4b5e23050bed3c4d5a03821b6c4ba713d957bb-1","properties":{"facility_id":"06e52e304768928f57165d293a4b5e23050bed3c4d5a03821b6c4ba713d957bb","point_ordinal":1,"zone_group_id":"468301023074","source_manage_no":"468301023074","facility_name":"삼호서초등학교","sgg_code":"12800","facility_type_code":"1","api_first_registered_on":null,"api_last_modified_on":null,"updated_at":"2026-07-25T01:27:52.347112+00:00"},"geometry":{"type":"Point","coordinates":[126.379137921,34.745910011]}},{"type":"Feature","id":"1a5901100027237f5040ad3c42745618fa6a3366e5fe81bcba9f8cba70c1c984-1","properties":{"facility_id":"1a5901100027237f5040ad3c42745618fa6a3366e5fe81bcba9f8cba70c1c984","point_ordinal":1,"zone_group_id":"468301013594","source_manage_no":"468301013594","facility_name":"삼호어린이집","sgg_code":"12800","facility_type_code":"1","api_first_registered_on":null,"api_last_modified_on":null,"updated_at":"2026-07-25T01:27:52.347112+00:00"},"geometry":{"type":"Point","coordinates":[126.468241612,34.747292465]}},{"type":"Feature","id":"4b8aa5fd8fef7152828d34d68c435b3c4aefbb44ec35196d4d758cba65b60655-1","properties":{"facility_id":"4b8aa5fd8fef7152828d34d68c435b3c4aefbb44ec35196d4d758cba65b60655","point_ordinal":1,"zone_group_id":"468301023075","source_manage_no":"468301023075","facility_name":"삼호유치원","sgg_code":"12800","facility_type_code":"1","api_first_registered_on":"2020-12-01","api_last_modified_on":null,"updated_at":"2026-07-25T01:27:52.347112+00:00"},"geometry":{"type":"Point","coordinates":[126.377900745,34.746266782]}},{"type":"Feature","id":"888c02eb0310d4aea447f60168f9ca98075d0fccb9eab85e575b79ca207cfa1a-1","properties":{"facility_id":"888c02eb0310d4aea447f60168f9ca98075d0fccb9eab85e575b79ca207cfa1a","point_ordinal":1,"zone_group_id":"468301013596","source_manage_no":"468301013596","facility_name":"삼호중앙초등학교","sgg_code":"12800","facility_type_code":"1","api_first_registered_on":null,"api_last_modified_on":null,"updated_at":"2026-07-25T01:27:52.347112+00:00"},"geometry":{"type":"Point","coordinates":[126.470065753,34.746293196]}},{"type":"Feature","id":"4972aaa7351f0110c532c2127b6478763cbcd5a8115d20b0a724bc4a2b4cfffb-1","properties":{"facility_id":"4972aaa7351f0110c532c2127b6478763cbcd5a8115d20b0a724bc4a2b4cfffb","point_ordinal":1,"zone_group_id":"468301013601","source_manage_no":"468301013601","facility_name":"삼호중앙초등학교병설유치원","sgg_code":"12800","facility_type_code":"1","api_first_registered_on":null,"api_last_modified_on":null,"updated_at":"2026-07-25T01:27:52.347112+00:00"},"geometry":{"type":"Point","coordinates":[126.47025448,34.746191356]}},{"type":"Feature","id":"eb2ed1ad513697f70813b337c7d9d3bc325780f123f57cde4cf80075a8aec3bc-1","properties":{"facility_id":"eb2ed1ad513697f70813b337c7d9d3bc325780f123f57cde4cf80075a8aec3bc","point_ordinal":1,"zone_group_id":"468301013598","source_manage_no":"468301013598","facility_name":"서창초등학교","sgg_code":"12800","facility_type_code":"1","api_first_registered_on":null,"api_last_modified_on":null,"updated_at":"2026-07-25T01:27:52.347112+00:00"},"geometry":{"type":"Point","coordinates":[126.532823477,34.727707561]}},{"type":"Feature","id":"0a244394909c0c25b8291206109c6e2342e035be2f8ae4d0f670134488416f17-1","properties":{"facility_id":"0a244394909c0c25b8291206109c6e2342e035be2f8ae4d0f670134488416f17","point_ordinal":1,"zone_group_id":"468301013597","source_manage_no":"468301013597","facility_name":"서창초등학교병설유치원","sgg_code":"12800","facility_type_code":"1","api_first_registered_on":null,"api_last_modified_on":null,"updated_at":"2026-07-25T01:27:52.347112+00:00"},"geometry":{"type":"Point","coordinates":[126.532771582,34.727767456]}},{"type":"Feature","id":"7c59d7ff42cdfe12d0c651680ad06b01364eeaeb7f87f2755e5eaf54bcf254ad-1","properties":{"facility_id":"7c59d7ff42cdfe12d0c651680ad06b01364eeaeb7f87f2755e5eaf54bcf254ad","point_ordinal":1,"zone_group_id":"468301013604","source_manage_no":"468301013604","facility_name":"시종초등학교","sgg_code":"12800","facility_type_code":"1","api_first_registered_on":null,"api_last_modified_on":null,"updated_at":"2026-07-25T01:27:52.347112+00:00"},"geometry":{"type":"Point","coordinates":[126.608213146,34.866624335]}},{"type":"Feature","id":"67b4a507502dd5787268e20d4b5009290bc9956e97db6ee94b61b0198324d05e-1","properties":{"facility_id":"67b4a507502dd5787268e20d4b5009290bc9956e97db6ee94b61b0198324d05e","point_ordinal":1,"zone_group_id":"468301013605","source_manage_no":"468301013605","facility_name":"시종초등학교병설유치원","sgg_code":"12800","facility_type_code":"1","api_first_registered_on":null,"api_last_modified_on":null,"updated_at":"2026-07-25T01:27:52.347112+00:00"},"geometry":{"type":"Point","coordinates":[126.608213146,34.866624335]}},{"type":"Feature","id":"21795afe906ff1d972b0d327d9f6444cf5d8af57dca91a6e8667863c0c630f87-1","properties":{"facility_id":"21795afe906ff1d972b0d327d9f6444cf5d8af57dca91a6e8667863c0c630f87","point_ordinal":1,"zone_group_id":"468301013606","source_manage_no":"468301013606","facility_name":"신북초등학교","sgg_code":"12800","facility_type_code":"1","api_first_registered_on":null,"api_last_modified_on":null,"updated_at":"2026-07-25T01:27:52.347112+00:00"},"geometry":{"type":"Point","coordinates":[126.696335758,34.890554259]}},{"type":"Feature","id":"8386af2236827a7b9a08abe9665bbe71c362b02508b054ae476dfc6cf6a76da3-1","properties":{"facility_id":"8386af2236827a7b9a08abe9665bbe71c362b02508b054ae476dfc6cf6a76da3","point_ordinal":1,"zone_group_id":"468301013607","source_manage_no":"468301013607","facility_name":"신북초등학교병설유치원","sgg_code":"12800","facility_type_code":"1","api_first_registered_on":null,"api_last_modified_on":null,"updated_at":"2026-07-25T01:27:52.347112+00:00"},"geometry":{"type":"Point","coordinates":[126.696094846,34.890619008]}},{"type":"Feature","id":"645061eddbb68877427db868127b72b63f5a4868e049b093741aff5f69e2b68e-1","properties":{"facility_id":"645061eddbb68877427db868127b72b63f5a4868e049b093741aff5f69e2b68e","point_ordinal":1,"zone_group_id":"468302013608","source_manage_no":"468302013608","facility_name":"영암군노인복지관","sgg_code":"12800","facility_type_code":"2","api_first_registered_on":null,"api_last_modified_on":null,"updated_at":"2026-07-25T01:27:52.347112+00:00"},"geometry":{"type":"Point","coordinates":[126.704372927,34.794952659]}},{"type":"Feature","id":"3227f260ee042e75702f008f01748949e5f2372be3172d8fcb183d0eba70691f-1","properties":{"facility_id":"3227f260ee042e75702f008f01748949e5f2372be3172d8fcb183d0eba70691f","point_ordinal":1,"zone_group_id":"468302013609","source_manage_no":"468302013609","facility_name":"영암읍복지회관","sgg_code":"12800","facility_type_code":"2","api_first_registered_on":null,"api_last_modified_on":null,"updated_at":"2026-07-25T01:27:52.347112+00:00"},"geometry":{"type":"Point","coordinates":[126.699269437,34.799059612]}},{"type":"Feature","id":"1bb438b00138adb1fd4cd18764db1e118ceb5654c058332e1518fdfa43934c5d-1","properties":{"facility_id":"1bb438b00138adb1fd4cd18764db1e118ceb5654c058332e1518fdfa43934c5d","point_ordinal":1,"zone_group_id":"468301013610","source_manage_no":"468301013610","facility_name":"영암초등학교","sgg_code":"12800","facility_type_code":"1","api_first_registered_on":null,"api_last_modified_on":null,"updated_at":"2026-07-25T01:27:52.347112+00:00"},"geometry":{"type":"Point","coordinates":[126.68900272,34.796445514]}},{"type":"Feature","id":"ef83b29a98492edce42ca6e54cb1fa76cbc1e09a4f966d3c97029bf77fbc7ee1-1","properties":{"facility_id":"ef83b29a98492edce42ca6e54cb1fa76cbc1e09a4f966d3c97029bf77fbc7ee1","point_ordinal":1,"zone_group_id":"468301013611","source_manage_no":"468301013611","facility_name":"영암초등학교병설유치원","sgg_code":"12800","facility_type_code":"1","api_first_registered_on":null,"api_last_modified_on":null,"updated_at":"2026-07-25T01:27:52.347112+00:00"},"geometry":{"type":"Point","coordinates":[126.68917156,34.796521979]}},{"type":"Feature","id":"797537cd0ae5174f4e92589c7a5ce830aae4eed3861f9d8902943c31def45656-1","properties":{"facility_id":"797537cd0ae5174f4e92589c7a5ce830aae4eed3861f9d8902943c31def45656","point_ordinal":1,"zone_group_id":"468301013599","source_manage_no":"468301013599","facility_name":"용당초등학교","sgg_code":"12800","facility_type_code":"1","api_first_registered_on":null,"api_last_modified_on":null,"updated_at":"2026-07-25T01:27:52.347112+00:00"},"geometry":{"type":"Point","coordinates":[126.399626265,34.761081428]}},{"type":"Feature","id":"1f85663f461404a59e376fa43c5add5a1419c443e9ad2a8cb9fddb6e1feff49c-1","properties":{"facility_id":"1f85663f461404a59e376fa43c5add5a1419c443e9ad2a8cb9fddb6e1feff49c","point_ordinal":1,"zone_group_id":"468301013600","source_manage_no":"468301013600","facility_name":"용당초등학교병설유치원","sgg_code":"12800","facility_type_code":"1","api_first_registered_on":null,"api_last_modified_on":null,"updated_at":"2026-07-25T01:27:52.347112+00:00"},"geometry":{"type":"Point","coordinates":[126.399364241,34.761149243]}},{"type":"Feature","id":"dc18c3f5d55516bf17f5e274aad72b38ade7be4d260769618f3e235b0dd62f35-1","properties":{"facility_id":"dc18c3f5d55516bf17f5e274aad72b38ade7be4d260769618f3e235b0dd62f35","point_ordinal":1,"zone_group_id":"468301013612","source_manage_no":"468301013612","facility_name":"원광어린이집","sgg_code":"12800","facility_type_code":"1","api_first_registered_on":null,"api_last_modified_on":null,"updated_at":"2026-07-25T01:27:52.347112+00:00"},"geometry":{"type":"Point","coordinates":[126.69629509,34.796902875]}},{"type":"Feature","id":"8c743f9bcadeade59a6999d9d131db181a16b675d8d99eeaed8ed67bacfd7102-1","properties":{"facility_id":"8c743f9bcadeade59a6999d9d131db181a16b675d8d99eeaed8ed67bacfd7102","point_ordinal":1,"zone_group_id":"468301013595","source_manage_no":"468301013595","facility_name":"일오삼어린이집","sgg_code":"12800","facility_type_code":"1","api_first_registered_on":null,"api_last_modified_on":null,"updated_at":"2026-07-25T01:27:52.347112+00:00"},"geometry":{"type":"Point","coordinates":[126.458944305,34.743455643]}},{"type":"Feature","id":"1eecb9bc0d5d808b7a909a3d683f4b3a0931f4a30f5ef96aaa2530fd9e9a92c5-1","properties":{"facility_id":"1eecb9bc0d5d808b7a909a3d683f4b3a0931f4a30f5ef96aaa2530fd9e9a92c5","point_ordinal":1,"zone_group_id":"468301013602","source_manage_no":"468301013602","facility_name":"장천초등학교","sgg_code":"12800","facility_type_code":"1","api_first_registered_on":null,"api_last_modified_on":null,"updated_at":"2026-07-25T01:27:52.347112+00:00"},"geometry":{"type":"Point","coordinates":[126.582342865,34.75532698]}},{"type":"Feature","id":"538eb7a95257de3208ed9876501a0caa7fe2f08d81b77e41859a993ad7035f81-1","properties":{"facility_id":"538eb7a95257de3208ed9876501a0caa7fe2f08d81b77e41859a993ad7035f81","point_ordinal":1,"zone_group_id":"468301013603","source_manage_no":"468301013603","facility_name":"장천초등학교병설유치원","sgg_code":"12800","facility_type_code":"1","api_first_registered_on":null,"api_last_modified_on":null,"updated_at":"2026-07-25T01:27:52.347112+00:00"},"geometry":{"type":"Point","coordinates":[126.582282876,34.755310999]}},{"type":"Feature","id":"beeecbea8d5944f6fc5ab80efdfa0e49e4748d5204bb681d41b330553c6124a6-1","properties":{"facility_id":"beeecbea8d5944f6fc5ab80efdfa0e49e4748d5204bb681d41b330553c6124a6","point_ordinal":1,"zone_group_id":"468301013615","source_manage_no":"468301013615","facility_name":"학산초등학교","sgg_code":"12800","facility_type_code":"1","api_first_registered_on":null,"api_last_modified_on":null,"updated_at":"2026-07-25T01:27:52.347112+00:00"},"geometry":{"type":"Point","coordinates":[126.597381508,34.719748187]}},{"type":"Feature","id":"c3c9e2c3bc4ce064aaadd8043e0fc5985e5cb9fc092359219cac9adc591a5e21-1","properties":{"facility_id":"c3c9e2c3bc4ce064aaadd8043e0fc5985e5cb9fc092359219cac9adc591a5e21","point_ordinal":1,"zone_group_id":"468301013616","source_manage_no":"468301013616","facility_name":"학산초등학교병설유치원","sgg_code":"12800","facility_type_code":"1","api_first_registered_on":null,"api_last_modified_on":null,"updated_at":"2026-07-25T01:27:52.347112+00:00"},"geometry":{"type":"Point","coordinates":[126.597278005,34.719705027]}},{"type":"Feature","id":"26c6cb5d2ca139346541bc3bd0cc55607b8c788b10de234ad77030198d7dff70-1","properties":{"facility_id":"26c6cb5d2ca139346541bc3bd0cc55607b8c788b10de234ad77030198d7dff70","point_ordinal":1,"zone_group_id":"468401027305","source_manage_no":"468401027305","facility_name":"꿈자람어린이집","sgg_code":"12810","facility_type_code":"1","api_first_registered_on":"2021-04-01","api_last_modified_on":null,"updated_at":"2026-07-25T01:27:52.347112+00:00"},"geometry":{"type":"Point","coordinates":[126.469968459,34.815174168]}},{"type":"Feature","id":"4e5aa0f54cb5f99c37c8138fee1b5736a4f383f27a07ad3457bd33697f30ea85-1","properties":{"facility_id":"4e5aa0f54cb5f99c37c8138fee1b5736a4f383f27a07ad3457bd33697f30ea85","point_ordinal":1,"zone_group_id":"468401027309","source_manage_no":"468401027309","facility_name":"남악유치원","sgg_code":"12810","facility_type_code":"1","api_first_registered_on":null,"api_last_modified_on":null,"updated_at":"2026-07-25T01:27:52.347112+00:00"},"geometry":{"type":"Point","coordinates":[126.474599051,34.811605656]}},{"type":"Feature","id":"8302b9e0cc4647661be0e09a5de478c99ec44f5155a8517b3391f8faa8117f1d-1","properties":{"facility_id":"8302b9e0cc4647661be0e09a5de478c99ec44f5155a8517b3391f8faa8117f1d","point_ordinal":1,"zone_group_id":"468401027307","source_manage_no":"468401027307","facility_name":"남악초등학교","sgg_code":"12810","facility_type_code":"1","api_first_registered_on":null,"api_last_modified_on":null,"updated_at":"2026-07-25T01:27:52.347112+00:00"},"geometry":{"type":"Point","coordinates":[126.473478085,34.812578828]}},{"type":"Feature","id":"a4c4112fb7dcc1bf0ff1be4a87d877b08b4230e4bc396420e20032956885c4d1-1","properties":{"facility_id":"a4c4112fb7dcc1bf0ff1be4a87d877b08b4230e4bc396420e20032956885c4d1","point_ordinal":1,"zone_group_id":"468401027313","source_manage_no":"468401027313","facility_name":"둥지어린이집","sgg_code":"12810","facility_type_code":"1","api_first_registered_on":"2022-07-05","api_last_modified_on":null,"updated_at":"2026-07-25T01:27:52.347112+00:00"},"geometry":{"type":"Point","coordinates":[126.424660364,34.907462017]}},{"type":"Feature","id":"826a595fda1038b151d8e93ced9d443fde0e8a2482fc6f09f0c3fc0de20f0b0f-1","properties":{"facility_id":"826a595fda1038b151d8e93ced9d443fde0e8a2482fc6f09f0c3fc0de20f0b0f","point_ordinal":1,"zone_group_id":"468401013202","source_manage_no":"468401013202","facility_name":"망운초등학교","sgg_code":"12810","facility_type_code":"1","api_first_registered_on":"1996-06-20","api_last_modified_on":null,"updated_at":"2026-07-25T01:27:52.347112+00:00"},"geometry":{"type":"Point","coordinates":[126.392010856,35.01527282]}},{"type":"Feature","id":"20fab9269dbd8a1fedb4f286c988f68dc0930b82daaa51c2140879c1541a2618-1","properties":{"facility_id":"20fab9269dbd8a1fedb4f286c988f68dc0930b82daaa51c2140879c1541a2618","point_ordinal":1,"zone_group_id":"468401013203","source_manage_no":"468401013203","facility_name":"망운초등학교 병설유치원","sgg_code":"12810","facility_type_code":"1","api_first_registered_on":"1996-06-20","api_last_modified_on":null,"updated_at":"2026-07-25T01:27:52.347112+00:00"},"geometry":{"type":"Point","coordinates":[126.392008801,35.01518042]}},{"type":"Feature","id":"ebb16dd9713f5fa123bf4bb9f8648f3a4179b536337e31be89814c881dd543f2-1","properties":{"facility_id":"ebb16dd9713f5fa123bf4bb9f8648f3a4179b536337e31be89814c881dd543f2","point_ordinal":1,"zone_group_id":"468401013205","source_manage_no":"468401013205","facility_name":"몽탄초등학교","sgg_code":"12810","facility_type_code":"1","api_first_registered_on":"1996-06-30","api_last_modified_on":null,"updated_at":"2026-07-25T01:27:52.347112+00:00"},"geometry":{"type":"Point","coordinates":[126.502220297,34.929255176]}},{"type":"Feature","id":"e67b4a864927fc0758230ad72b0e96dfec84d9a7666dc7c7918d87e39255ee15-1","properties":{"facility_id":"e67b4a864927fc0758230ad72b0e96dfec84d9a7666dc7c7918d87e39255ee15","point_ordinal":1,"zone_group_id":"468401013206","source_manage_no":"468401013206","facility_name":"몽탄초등학교 병설유치원","sgg_code":"12810","facility_type_code":"1","api_first_registered_on":"1996-06-30","api_last_modified_on":null,"updated_at":"2026-07-25T01:27:52.347112+00:00"},"geometry":{"type":"Point","coordinates":[126.502226504,34.929133515]}},{"type":"Feature","id":"c68d109ec6d1daeff54793508c2f54dcef4cef4ceca8182d115b1ddd7579369b-1","properties":{"facility_id":"c68d109ec6d1daeff54793508c2f54dcef4cef4ceca8182d115b1ddd7579369b","point_ordinal":1,"zone_group_id":"468402027290","source_manage_no":"468402027290","facility_name":"무안군 노인복지회관","sgg_code":"12810","facility_type_code":"2","api_first_registered_on":null,"api_last_modified_on":null,"updated_at":"2026-07-25T01:27:52.347112+00:00"},"geometry":{"type":"Point","coordinates":[126.47281055,34.990061445]}},{"type":"Feature","id":"9d2c4fe3023bc2d404df6a287ee34fd0d90785e663ebcb8dbba11ce9e71a72c3-1","properties":{"facility_id":"9d2c4fe3023bc2d404df6a287ee34fd0d90785e663ebcb8dbba11ce9e71a72c3","point_ordinal":1,"zone_group_id":"468402027296","source_manage_no":"468402027296","facility_name":"무안군 종합사회복지관","sgg_code":"12810","facility_type_code":"2","api_first_registered_on":null,"api_last_modified_on":null,"updated_at":"2026-07-25T01:27:52.347112+00:00"},"geometry":{"type":"Point","coordinates":[126.490170702,34.850878976]}},{"type":"Feature","id":"471b28e6a40665dd38faa918c9b756cc6bd2df7f34630e456d8cc00f04697174-1","properties":{"facility_id":"471b28e6a40665dd38faa918c9b756cc6bd2df7f34630e456d8cc00f04697174","point_ordinal":1,"zone_group_id":"468401013207","source_manage_no":"468401013207","facility_name":"무안어린이집","sgg_code":"12810","facility_type_code":"1","api_first_registered_on":"2014-02-18","api_last_modified_on":null,"updated_at":"2026-07-25T01:27:52.347112+00:00"},"geometry":{"type":"Point","coordinates":[126.471583274,34.990774197]}},{"type":"Feature","id":"6a2f80904b59863979afae62fe783f5a1da4cc6118fb656d6a480723036cd342-1","properties":{"facility_id":"6a2f80904b59863979afae62fe783f5a1da4cc6118fb656d6a480723036cd342","point_ordinal":1,"zone_group_id":"468401013208","source_manage_no":"468401013208","facility_name":"무안초등학교","sgg_code":"12810","facility_type_code":"1","api_first_registered_on":"1996-06-20","api_last_modified_on":null,"updated_at":"2026-07-25T01:27:52.347112+00:00"},"geometry":{"type":"Point","coordinates":[126.477014158,34.990944694]}},{"type":"Feature","id":"e7af9a2de1372521ccc4a977e8e30dbc2b3fb16300eba4574efebd1a8fcf68b8-1","properties":{"facility_id":"e7af9a2de1372521ccc4a977e8e30dbc2b3fb16300eba4574efebd1a8fcf68b8","point_ordinal":1,"zone_group_id":"468401013209","source_manage_no":"468401013209","facility_name":"무안초등학교 병설유치원","sgg_code":"12810","facility_type_code":"1","api_first_registered_on":"1996-06-20","api_last_modified_on":null,"updated_at":"2026-07-25T01:27:52.347112+00:00"},"geometry":{"type":"Point","coordinates":[126.477010962,34.99101679]}},{"type":"Feature","id":"17007707d7b9e6f2e7a0493ed5e05792b9b673793ca00949ecdbcb93185db2e1-1","properties":{"facility_id":"17007707d7b9e6f2e7a0493ed5e05792b9b673793ca00949ecdbcb93185db2e1","point_ordinal":1,"zone_group_id":"468401027304","source_manage_no":"468401027304","facility_name":"산들바람어린이집","sgg_code":"12810","facility_type_code":"1","api_first_registered_on":"2014-02-18","api_last_modified_on":null,"updated_at":"2026-07-25T01:27:52.347112+00:00"},"geometry":{"type":"Point","coordinates":[126.4821771,34.818986215]}},{"type":"Feature","id":"303f81c79e4a5f4e34ffd7c2406154ee5684daaca85f5d9242430a7a23edb555-1","properties":{"facility_id":"303f81c79e4a5f4e34ffd7c2406154ee5684daaca85f5d9242430a7a23edb555","point_ordinal":1,"zone_group_id":"468402027294","source_manage_no":"468402027294","facility_name":"산정3리마을회관","sgg_code":"12810","facility_type_code":"2","api_first_registered_on":null,"api_last_modified_on":null,"updated_at":"2026-07-25T01:27:52.347112+00:00"},"geometry":{"type":"Point","coordinates":[126.520254392,34.859023292]}},{"type":"Feature","id":"e141f98f7ea6fb590894016402e77bb365ffbf13ea5567de60d0858ca956c592-1","properties":{"facility_id":"e141f98f7ea6fb590894016402e77bb365ffbf13ea5567de60d0858ca956c592","point_ordinal":1,"zone_group_id":"468401027301","source_manage_no":"468401027301","facility_name":"삼향동초등학교","sgg_code":"12810","facility_type_code":"1","api_first_registered_on":null,"api_last_modified_on":null,"updated_at":"2026-07-25T01:27:52.347112+00:00"},"geometry":{"type":"Point","coordinates":[126.477832307,34.837519286]}},{"type":"Feature","id":"b9e75dfdb7b3035cf3065990ed88651982a181c5d0d2af11df7da79c91547bfe-1","properties":{"facility_id":"b9e75dfdb7b3035cf3065990ed88651982a181c5d0d2af11df7da79c91547bfe","point_ordinal":1,"zone_group_id":"468401027302","source_manage_no":"468401027302","facility_name":"삼향동초등학교 병설유치원","sgg_code":"12810","facility_type_code":"1","api_first_registered_on":null,"api_last_modified_on":null,"updated_at":"2026-07-25T01:27:52.347112+00:00"},"geometry":{"type":"Point","coordinates":[126.477832677,34.837460697]}},{"type":"Feature","id":"febcbfb2eb0507a1264ba0bce586059fc0d2cfa84fd317193f68e74a9387ba65-1","properties":{"facility_id":"febcbfb2eb0507a1264ba0bce586059fc0d2cfa84fd317193f68e74a9387ba65","point_ordinal":1,"zone_group_id":"468401027316","source_manage_no":"468401027316","facility_name":"삼향북초등학교","sgg_code":"12810","facility_type_code":"1","api_first_registered_on":null,"api_last_modified_on":"2025-11-26","updated_at":"2026-07-25T01:27:52.347112+00:00"},"geometry":{"type":"Point","coordinates":[126.419881868,34.878989016]}},{"type":"Feature","id":"5d2b050787850f6cc41617b51771f0296ef0a8e43d6ac68728c92547b1bfee02-1","properties":{"facility_id":"5d2b050787850f6cc41617b51771f0296ef0a8e43d6ac68728c92547b1bfee02","point_ordinal":1,"zone_group_id":"468401027317","source_manage_no":"468401027317","facility_name":"삼향북초등학교 병설유치원","sgg_code":"12810","facility_type_code":"1","api_first_registered_on":null,"api_last_modified_on":null,"updated_at":"2026-07-25T01:27:52.347112+00:00"},"geometry":{"type":"Point","coordinates":[126.419890546,34.878921454]}},{"type":"Feature","id":"84bcfda8c4da75c6692d1ccd0da650e1efcef912fb4010a43e2dc354321de242-1","properties":{"facility_id":"84bcfda8c4da75c6692d1ccd0da650e1efcef912fb4010a43e2dc354321de242","point_ordinal":1,"zone_group_id":"468401027318","source_manage_no":"468401027318","facility_name":"삼향초등학교","sgg_code":"12810","facility_type_code":"1","api_first_registered_on":null,"api_last_modified_on":null,"updated_at":"2026-07-25T01:27:52.347112+00:00"},"geometry":{"type":"Point","coordinates":[126.433103587,34.843061765]}},{"type":"Feature","id":"331a573a81d7d40a91db3b06e620d5350bff122ed54a1c48e3ec818301036139-1","properties":{"facility_id":"331a573a81d7d40a91db3b06e620d5350bff122ed54a1c48e3ec818301036139","point_ordinal":1,"zone_group_id":"468401027319","source_manage_no":"468401027319","facility_name":"삼향초등학교 병설유치원","sgg_code":"12810","facility_type_code":"1","api_first_registered_on":null,"api_last_modified_on":null,"updated_at":"2026-07-25T01:27:52.347112+00:00"},"geometry":{"type":"Point","coordinates":[126.433104205,34.842971629]}},{"type":"Feature","id":"d1a4edad7a2e481e24f77f1f13c7e6acc592fbd32a2f6c13955c4c122dbf9c07-1","properties":{"facility_id":"d1a4edad7a2e481e24f77f1f13c7e6acc592fbd32a2f6c13955c4c122dbf9c07","point_ordinal":1,"zone_group_id":"468401013210","source_manage_no":"468401013210","facility_name":"소화어린이집","sgg_code":"12810","facility_type_code":"1","api_first_registered_on":"2014-02-18","api_last_modified_on":null,"updated_at":"2026-07-25T01:27:52.347112+00:00"},"geometry":{"type":"Point","coordinates":[126.479243245,34.989785274]}},{"type":"Feature","id":"16d77560b29966142bb72fb0272e5395cfc03b670c24f2d0aa4b707c662b2805-1","properties":{"facility_id":"16d77560b29966142bb72fb0272e5395cfc03b670c24f2d0aa4b707c662b2805","point_ordinal":1,"zone_group_id":"468401027289","source_manage_no":"468401027289","facility_name":"영재어린이집","sgg_code":"12810","facility_type_code":"1","api_first_registered_on":"2021-07-20","api_last_modified_on":null,"updated_at":"2026-07-25T01:27:52.347112+00:00"},"geometry":{"type":"Point","coordinates":[126.343568449,34.958176114]}},{"type":"Feature","id":"3cdfdcc280fe2f5584960d50dacf48a8eab3691862a48ee4abf5055683f88833-1","properties":{"facility_id":"3cdfdcc280fe2f5584960d50dacf48a8eab3691862a48ee4abf5055683f88833","point_ordinal":1,"zone_group_id":"468401027308","source_manage_no":"468401027308","facility_name":"오룡유치원","sgg_code":"12810","facility_type_code":"1","api_first_registered_on":null,"api_last_modified_on":null,"updated_at":"2026-07-25T01:27:52.347112+00:00"},"geometry":{"type":"Point","coordinates":[126.473207894,34.812530335]}},{"type":"Feature","id":"5286b96c16edf0d7729570f9464b576b261443b89058e335bac98c2d184882a0-1","properties":{"facility_id":"5286b96c16edf0d7729570f9464b576b261443b89058e335bac98c2d184882a0","point_ordinal":1,"zone_group_id":"468401027310","source_manage_no":"468401027310","facility_name":"오룡초등학교","sgg_code":"12810","facility_type_code":"1","api_first_registered_on":"2014-02-18","api_last_modified_on":null,"updated_at":"2026-07-25T01:27:52.347112+00:00"},"geometry":{"type":"Point","coordinates":[126.47421889,34.807675187]}},{"type":"Feature","id":"b943eccef7bafc08309d27c8b630dce4bdd87627f3533f0c7bc8ec026a12c864-1","properties":{"facility_id":"b943eccef7bafc08309d27c8b630dce4bdd87627f3533f0c7bc8ec026a12c864","point_ordinal":1,"zone_group_id":"468401013222","source_manage_no":"468401013222","facility_name":"운남초등학교","sgg_code":"12810","facility_type_code":"1","api_first_registered_on":"1997-09-26","api_last_modified_on":null,"updated_at":"2026-07-25T01:27:52.347112+00:00"},"geometry":{"type":"Point","coordinates":[126.338024871,34.958437043]}},{"type":"Feature","id":"ec243b840451a2b5c8227a727a468397092ba61c4d0265d19cf2142ebcf8617c-1","properties":{"facility_id":"ec243b840451a2b5c8227a727a468397092ba61c4d0265d19cf2142ebcf8617c","point_ordinal":1,"zone_group_id":"468401013223","source_manage_no":"468401013223","facility_name":"운남초등학교 병설유치원","sgg_code":"12810","facility_type_code":"1","api_first_registered_on":"1997-09-26","api_last_modified_on":null,"updated_at":"2026-07-25T01:27:52.347112+00:00"},"geometry":{"type":"Point","coordinates":[126.338030888,34.958369473]}},{"type":"Feature","id":"5b82e284006bdebd19d87b28f44a6ec23128dcd2bf6b1d76b25e55259ccdd530-1","properties":{"facility_id":"5b82e284006bdebd19d87b28f44a6ec23128dcd2bf6b1d76b25e55259ccdd530","point_ordinal":1,"zone_group_id":"468401013204","source_manage_no":"468401013204","facility_name":"은경어린이집","sgg_code":"12810","facility_type_code":"1","api_first_registered_on":"2014-02-18","api_last_modified_on":null,"updated_at":"2026-07-25T01:27:52.347112+00:00"},"geometry":{"type":"Point","coordinates":[126.394942413,35.013041947]}},{"type":"Feature","id":"d61d95b009bde41a030adf11ce61c36376c41821f0154771121151847c6e68a0-1","properties":{"facility_id":"d61d95b009bde41a030adf11ce61c36376c41821f0154771121151847c6e68a0","point_ordinal":1,"zone_group_id":"468401027293","source_manage_no":"468401027293","facility_name":"일로동초등학교","sgg_code":"12810","facility_type_code":"1","api_first_registered_on":"2014-02-18","api_last_modified_on":null,"updated_at":"2026-07-25T01:27:52.347112+00:00"},"geometry":{"type":"Point","coordinates":[126.508350289,34.872387288]}},{"type":"Feature","id":"321a3ab4e100777965452ce7bd82d4d383b3d736f68e129243de1d31901db25d-1","properties":{"facility_id":"321a3ab4e100777965452ce7bd82d4d383b3d736f68e129243de1d31901db25d","point_ordinal":1,"zone_group_id":"468401027321","source_manage_no":"468401027321","facility_name":"일로동초등학교 병설유치원","sgg_code":"12810","facility_type_code":"1","api_first_registered_on":"2014-02-18","api_last_modified_on":null,"updated_at":"2026-07-25T01:27:52.347112+00:00"},"geometry":{"type":"Point","coordinates":[126.508350798,34.872301658]}},{"type":"Feature","id":"bd6458f09daa49a01f7f17e4316618551e4f01e7fa657f860b7f788eb663df74-1","properties":{"facility_id":"bd6458f09daa49a01f7f17e4316618551e4f01e7fa657f860b7f788eb663df74","point_ordinal":1,"zone_group_id":"468401027297","source_manage_no":"468401027297","facility_name":"일로초등학교","sgg_code":"12810","facility_type_code":"1","api_first_registered_on":null,"api_last_modified_on":null,"updated_at":"2026-07-25T01:27:52.347112+00:00"},"geometry":{"type":"Point","coordinates":[126.494546068,34.850062631]}},{"type":"Feature","id":"2d5aeaf9739675e332d93b2be65dce0157867df96066e3c76df0772d11a81771-1","properties":{"facility_id":"2d5aeaf9739675e332d93b2be65dce0157867df96066e3c76df0772d11a81771","point_ordinal":1,"zone_group_id":"468401027298","source_manage_no":"468401027298","facility_name":"일로초등학교병설유치원","sgg_code":"12810","facility_type_code":"1","api_first_registered_on":null,"api_last_modified_on":null,"updated_at":"2026-07-25T01:27:52.347112+00:00"},"geometry":{"type":"Point","coordinates":[126.494546357,34.850015309]}},{"type":"Feature","id":"4fe93bfd656b561de53b9f859075e82b69069804c51e6795ffba2bc6cd74a0ac-1","properties":{"facility_id":"4fe93bfd656b561de53b9f859075e82b69069804c51e6795ffba2bc6cd74a0ac","point_ordinal":1,"zone_group_id":"468401027299","source_manage_no":"468401027299","facility_name":"자연나라숲속유치원","sgg_code":"12810","facility_type_code":"1","api_first_registered_on":"2023-03-09","api_last_modified_on":null,"updated_at":"2026-07-25T01:27:52.347112+00:00"},"geometry":{"type":"Point","coordinates":[126.498549052,34.844357277]}},{"type":"Feature","id":"26afbbb67c3b954d3dae610cd98878189a00aaa8b06450af569292e65581ea83-1","properties":{"facility_id":"26afbbb67c3b954d3dae610cd98878189a00aaa8b06450af569292e65581ea83","point_ordinal":1,"zone_group_id":"468401027303","source_manage_no":"468401027303","facility_name":"제일로유치원","sgg_code":"12810","facility_type_code":"1","api_first_registered_on":"2023-03-09","api_last_modified_on":null,"updated_at":"2026-07-25T01:27:52.347112+00:00"},"geometry":{"type":"Point","coordinates":[126.48358345,34.805140776]}},{"type":"Feature","id":"5205be2f9f098bfde7062fa77a75fffc4104dc560068d347fa40dd83fc644d6d-1","properties":{"facility_id":"5205be2f9f098bfde7062fa77a75fffc4104dc560068d347fa40dd83fc644d6d","point_ordinal":1,"zone_group_id":"468401027300","source_manage_no":"468401027300","facility_name":"중앙어린이집","sgg_code":"12810","facility_type_code":"1","api_first_registered_on":"2023-03-09","api_last_modified_on":null,"updated_at":"2026-07-25T01:27:52.347112+00:00"},"geometry":{"type":"Point","coordinates":[126.498561666,34.844530848]}},{"type":"Feature","id":"586c84036a6928dcb178baf035d62e59ecb6c10b0e5953aaa703db28afb65579-1","properties":{"facility_id":"586c84036a6928dcb178baf035d62e59ecb6c10b0e5953aaa703db28afb65579","point_ordinal":1,"zone_group_id":"468401027314","source_manage_no":"468401027314","facility_name":"청계남초등학교","sgg_code":"12810","facility_type_code":"1","api_first_registered_on":null,"api_last_modified_on":null,"updated_at":"2026-07-25T01:27:52.347112+00:00"},"geometry":{"type":"Point","coordinates":[126.437670136,34.8840032]}},{"type":"Feature","id":"d10604dc5818b0ae6ee9d6301dbd7ea332abb9d340fdf71009dfb5a726448d49-1","properties":{"facility_id":"d10604dc5818b0ae6ee9d6301dbd7ea332abb9d340fdf71009dfb5a726448d49","point_ordinal":1,"zone_group_id":"468401027315","source_manage_no":"468401027315","facility_name":"청계남초등학교 병설유치원","sgg_code":"12810","facility_type_code":"1","api_first_registered_on":null,"api_last_modified_on":null,"updated_at":"2026-07-25T01:27:52.347112+00:00"},"geometry":{"type":"Point","coordinates":[126.437670934,34.883886024]}},{"type":"Feature","id":"3ab64c8ee27ea4cafd6a3817624f902daff72fca9272f92198afa7564247c60e-1","properties":{"facility_id":"3ab64c8ee27ea4cafd6a3817624f902daff72fca9272f92198afa7564247c60e","point_ordinal":1,"zone_group_id":"468401013232","source_manage_no":"468401013232","facility_name":"청계북초등학교","sgg_code":"12810","facility_type_code":"1","api_first_registered_on":"2007-08-30","api_last_modified_on":null,"updated_at":"2026-07-25T01:27:52.347112+00:00"},"geometry":{"type":"Point","coordinates":[126.446073882,34.956707487]}},{"type":"Feature","id":"6343d06ff41c95bf75afac0a889003a64946d69ebbc601e561996b012c6ae5c5-1","properties":{"facility_id":"6343d06ff41c95bf75afac0a889003a64946d69ebbc601e561996b012c6ae5c5","point_ordinal":1,"zone_group_id":"468401013233","source_manage_no":"468401013233","facility_name":"청계북초등학교 병설유치원","sgg_code":"12810","facility_type_code":"1","api_first_registered_on":"2007-08-30","api_last_modified_on":null,"updated_at":"2026-07-25T01:27:52.347112+00:00"},"geometry":{"type":"Point","coordinates":[126.446076149,34.956777354]}},{"type":"Feature","id":"f72d1b6038298e49989a59612d2f59e3cd594e95582f40c3624dfe2823380af4-1","properties":{"facility_id":"f72d1b6038298e49989a59612d2f59e3cd594e95582f40c3624dfe2823380af4","point_ordinal":1,"zone_group_id":"468401013235","source_manage_no":"468401013235","facility_name":"청계초등학교","sgg_code":"12810","facility_type_code":"1","api_first_registered_on":"2007-08-30","api_last_modified_on":null,"updated_at":"2026-07-25T01:27:52.347112+00:00"},"geometry":{"type":"Point","coordinates":[126.42811328,34.925155651]}},{"type":"Feature","id":"93957b162aa79f4d5f7bae51af98aa1d31f48fd01167470ebc5016bf619acbcf-1","properties":{"facility_id":"93957b162aa79f4d5f7bae51af98aa1d31f48fd01167470ebc5016bf619acbcf","point_ordinal":1,"zone_group_id":"468401027306","source_manage_no":"468401027306","facility_name":"친환경녹색어린이집","sgg_code":"12810","facility_type_code":"1","api_first_registered_on":"2014-02-18","api_last_modified_on":null,"updated_at":"2026-07-25T01:27:52.347112+00:00"},"geometry":{"type":"Point","coordinates":[126.46887691,34.811944364]}},{"type":"Feature","id":"967cb99fbebe16607a45d4a4375eb884ae714c8713f02fb9e8893299570b9f96-1","properties":{"facility_id":"967cb99fbebe16607a45d4a4375eb884ae714c8713f02fb9e8893299570b9f96","point_ordinal":1,"zone_group_id":"468401027312","source_manage_no":"468401027312","facility_name":"푸른솔어린이집","sgg_code":"12810","facility_type_code":"1","api_first_registered_on":"2022-07-05","api_last_modified_on":null,"updated_at":"2026-07-25T01:27:52.347112+00:00"},"geometry":{"type":"Point","coordinates":[126.424803986,34.907264393]}},{"type":"Feature","id":"92609a8e0bdc5231222c3b735a7d460b8bb2f8c78f794b0df55213b79907a97b-1","properties":{"facility_id":"92609a8e0bdc5231222c3b735a7d460b8bb2f8c78f794b0df55213b79907a97b","point_ordinal":1,"zone_group_id":"468401027295","source_manage_no":"468401027295","facility_name":"하얀어린이집","sgg_code":"12810","facility_type_code":"1","api_first_registered_on":"2014-02-18","api_last_modified_on":null,"updated_at":"2026-07-25T01:27:52.347112+00:00"},"geometry":{"type":"Point","coordinates":[126.491514897,34.850109405]}},{"type":"Feature","id":"49cca7420d0ce128ef0558291960b6dbbbe34aa25f85d9c27546340500e4bf56-1","properties":{"facility_id":"49cca7420d0ce128ef0558291960b6dbbbe34aa25f85d9c27546340500e4bf56","point_ordinal":1,"zone_group_id":"468401013237","source_manage_no":"468401013237","facility_name":"한나어린이집","sgg_code":"12810","facility_type_code":"1","api_first_registered_on":"2014-02-18","api_last_modified_on":null,"updated_at":"2026-07-25T01:27:52.347112+00:00"},"geometry":{"type":"Point","coordinates":[126.312965871,35.10569645]}},{"type":"Feature","id":"d697916c1881fad0fe167b91b8ddf21312457970aa871bb0018b6a8053733638-1","properties":{"facility_id":"d697916c1881fad0fe167b91b8ddf21312457970aa871bb0018b6a8053733638","point_ordinal":1,"zone_group_id":"468401013238","source_manage_no":"468401013238","facility_name":"해제남초등학교","sgg_code":"12810","facility_type_code":"1","api_first_registered_on":"1997-09-26","api_last_modified_on":null,"updated_at":"2026-07-25T01:27:52.347112+00:00"},"geometry":{"type":"Point","coordinates":[126.29458378,35.081198041]}},{"type":"Feature","id":"3b6c6704017b123bc4f9592f94c405bd869abfe1a76131b58d9a0dc7b0acb8e6-1","properties":{"facility_id":"3b6c6704017b123bc4f9592f94c405bd869abfe1a76131b58d9a0dc7b0acb8e6","point_ordinal":1,"zone_group_id":"468401013239","source_manage_no":"468401013239","facility_name":"해제남초등학교 병설유치원","sgg_code":"12810","facility_type_code":"1","api_first_registered_on":"1997-09-26","api_last_modified_on":null,"updated_at":"2026-07-25T01:27:52.347112+00:00"},"geometry":{"type":"Point","coordinates":[126.294584304,35.081137203]}},{"type":"Feature","id":"99b2914b9ce64d550679383e1878eb43a31e4ca1f9c149cb614a3874320df1d2-1","properties":{"facility_id":"99b2914b9ce64d550679383e1878eb43a31e4ca1f9c149cb614a3874320df1d2","point_ordinal":1,"zone_group_id":"468401013240","source_manage_no":"468401013240","facility_name":"해제초등학교","sgg_code":"12810","facility_type_code":"1","api_first_registered_on":"1997-09-26","api_last_modified_on":null,"updated_at":"2026-07-25T01:27:52.347112+00:00"},"geometry":{"type":"Point","coordinates":[126.296320746,35.113960562]}},{"type":"Feature","id":"286d96c1727331778354d3a27e032ac8d809a57f13ed6da879226928434533e7-1","properties":{"facility_id":"286d96c1727331778354d3a27e032ac8d809a57f13ed6da879226928434533e7","point_ordinal":1,"zone_group_id":"468401013241","source_manage_no":"468401013241","facility_name":"해제초등학교 병설유치원","sgg_code":"12810","facility_type_code":"1","api_first_registered_on":"1997-09-26","api_last_modified_on":null,"updated_at":"2026-07-25T01:27:52.347112+00:00"},"geometry":{"type":"Point","coordinates":[126.29632407,35.113892981]}},{"type":"Feature","id":"0fb3e84b570c43c90d669f6dd3774f47a5be177dd316f32b9320786716293c9d-1","properties":{"facility_id":"0fb3e84b570c43c90d669f6dd3774f47a5be177dd316f32b9320786716293c9d","point_ordinal":1,"zone_group_id":"468401027311","source_manage_no":"468401027311","facility_name":"행복초등학교","sgg_code":"12810","facility_type_code":"1","api_first_registered_on":"2022-07-05","api_last_modified_on":null,"updated_at":"2026-07-25T01:27:52.347112+00:00"},"geometry":{"type":"Point","coordinates":[126.485397609,34.806215657]}},{"type":"Feature","id":"959528c1c1e3d578a764108940373db2b56337e15d109341a0b92f90ca57e412-1","properties":{"facility_id":"959528c1c1e3d578a764108940373db2b56337e15d109341a0b92f90ca57e412","point_ordinal":1,"zone_group_id":"468401027785","source_manage_no":"468401027785","facility_name":"행복초등학교 병설유치원","sgg_code":"12810","facility_type_code":"1","api_first_registered_on":null,"api_last_modified_on":null,"updated_at":"2026-07-25T01:27:52.347112+00:00"},"geometry":{"type":"Point","coordinates":[126.485489161,34.806431253]}},{"type":"Feature","id":"f875e3073aa789a3f87834453657e0d8c7f9b6200edc60180b5485ce05e68c87-1","properties":{"facility_id":"f875e3073aa789a3f87834453657e0d8c7f9b6200edc60180b5485ce05e68c87","point_ordinal":1,"zone_group_id":"468402027291","source_manage_no":"468402027291","facility_name":"행복한요양원","sgg_code":"12810","facility_type_code":"2","api_first_registered_on":null,"api_last_modified_on":null,"updated_at":"2026-07-25T01:27:52.347112+00:00"},"geometry":{"type":"Point","coordinates":[126.355870236,34.997974052]}},{"type":"Feature","id":"c12b5979c6b80b12929303520d5410f5398aab1f5ae08098438c9034abdb69e7-1","properties":{"facility_id":"c12b5979c6b80b12929303520d5410f5398aab1f5ae08098438c9034abdb69e7","point_ordinal":1,"zone_group_id":"468401013242","source_manage_no":"468401013242","facility_name":"현경북초등학교","sgg_code":"12810","facility_type_code":"1","api_first_registered_on":"1996-06-20","api_last_modified_on":null,"updated_at":"2026-07-25T01:27:52.347112+00:00"},"geometry":{"type":"Point","coordinates":[126.361530295,35.058993564]}},{"type":"Feature","id":"78b174324dcca90dcbe398d0f9222490e277d3348f22f48872fa5d6896913a3b-1","properties":{"facility_id":"78b174324dcca90dcbe398d0f9222490e277d3348f22f48872fa5d6896913a3b","point_ordinal":1,"zone_group_id":"468401013243","source_manage_no":"468401013243","facility_name":"현경북초등학교 병설유치원","sgg_code":"12810","facility_type_code":"1","api_first_registered_on":"1996-06-20","api_last_modified_on":null,"updated_at":"2026-07-25T01:27:52.347112+00:00"},"geometry":{"type":"Point","coordinates":[126.361519737,35.058941681]}},{"type":"Feature","id":"cf57166fdbc56b905c2b6a0db7bb0396b1b106ff645d0c62df0a4b8bd9b7eeb4-1","properties":{"facility_id":"cf57166fdbc56b905c2b6a0db7bb0396b1b106ff645d0c62df0a4b8bd9b7eeb4","point_ordinal":1,"zone_group_id":"468401013244","source_manage_no":"468401013244","facility_name":"현경어린이집","sgg_code":"12810","facility_type_code":"1","api_first_registered_on":"2014-02-18","api_last_modified_on":null,"updated_at":"2026-07-25T01:27:52.347112+00:00"},"geometry":{"type":"Point","coordinates":[126.407170466,35.019435107]}},{"type":"Feature","id":"d23e68b2cd069474f2d3df3a2f11589f64bbd51b22ff36f66e9a4c8a46fa3818-1","properties":{"facility_id":"d23e68b2cd069474f2d3df3a2f11589f64bbd51b22ff36f66e9a4c8a46fa3818","point_ordinal":1,"zone_group_id":"468401013245","source_manage_no":"468401013245","facility_name":"현경초등학교","sgg_code":"12810","facility_type_code":"1","api_first_registered_on":"1998-06-24","api_last_modified_on":null,"updated_at":"2026-07-25T01:27:52.347112+00:00"},"geometry":{"type":"Point","coordinates":[126.413387617,35.019247481]}},{"type":"Feature","id":"c7d47c3798de42aa3a60e97cfc356497032518cb6cd9c79974ccbd3dc15151f9-1","properties":{"facility_id":"c7d47c3798de42aa3a60e97cfc356497032518cb6cd9c79974ccbd3dc15151f9","point_ordinal":1,"zone_group_id":"468401027320","source_manage_no":"468401027320","facility_name":"현경초등학교 병설유치원","sgg_code":"12810","facility_type_code":"1","api_first_registered_on":null,"api_last_modified_on":null,"updated_at":"2026-07-25T01:27:52.347112+00:00"},"geometry":{"type":"Point","coordinates":[126.413408144,35.01916376]}},{"type":"Feature","id":"b34caf8564eca1499a10e44f8c3a45041df042b9356df212600244b941014d00-1","properties":{"facility_id":"b34caf8564eca1499a10e44f8c3a45041df042b9356df212600244b941014d00","point_ordinal":1,"zone_group_id":"128202030309","source_manage_no":"128202030309","facility_name":"고양촌경로당","sgg_code":"12820","facility_type_code":"2","api_first_registered_on":null,"api_last_modified_on":"2026-09-01","updated_at":"2026-09-03T04:06:02.022502+00:00"},"geometry":{"type":"Point","coordinates":[126.501736535,35.081801758]}},{"type":"Feature","id":"bb8339a818c99df3b1a24488374b77834c136a6480b53dd8680218e9d68bd596-1","properties":{"facility_id":"bb8339a818c99df3b1a24488374b77834c136a6480b53dd8680218e9d68bd596","point_ordinal":1,"zone_group_id":"468601013765","source_manage_no":"468601013765","facility_name":"기산초등학교","sgg_code":"12820","facility_type_code":"1","api_first_registered_on":"1996-03-18","api_last_modified_on":null,"updated_at":"2026-08-04T02:23:07.003660+00:00"},"geometry":{"type":"Point","coordinates":[126.51756445,35.067797162]}},{"type":"Feature","id":"d85a005c3d1fa7b3f6b664d374043282d323f78881d58c497739264ee0dc2bc0-1","properties":{"facility_id":"d85a005c3d1fa7b3f6b664d374043282d323f78881d58c497739264ee0dc2bc0","point_ordinal":1,"zone_group_id":"468601013765","source_manage_no":"468601013766","facility_name":"기산초등학교 병설유치원","sgg_code":"12820","facility_type_code":"1","api_first_registered_on":"1996-03-18","api_last_modified_on":null,"updated_at":"2026-07-25T01:27:52.347112+00:00"},"geometry":{"type":"Point","coordinates":[126.517570449,35.067709303]}},{"type":"Feature","id":"402a0cd0b7352c9367e9dd395c5ed57c10889e8abf11a9a2260c85e617059c78-1","properties":{"facility_id":"402a0cd0b7352c9367e9dd395c5ed57c10889e8abf11a9a2260c85e617059c78","point_ordinal":1,"zone_group_id":"128202030247","source_manage_no":"128202030247","facility_name":"나막경로당","sgg_code":"12820","facility_type_code":"2","api_first_registered_on":null,"api_last_modified_on":"2026-08-09","updated_at":"2026-08-11T01:28:57.901206+00:00"},"geometry":{"type":"Point","coordinates":[126.575748651,35.077036262]}},{"type":"Feature","id":"f93f03c8f2956b050ef48c115d0204f4b0d9bd9d3c38a9f11ee774f21ce26685-1","properties":{"facility_id":"f93f03c8f2956b050ef48c115d0204f4b0d9bd9d3c38a9f11ee774f21ce26685","point_ordinal":1,"zone_group_id":"468601013747","source_manage_no":"468601013747","facility_name":"나산어린이집","sgg_code":"12820","facility_type_code":"1","api_first_registered_on":"2009-10-24","api_last_modified_on":null,"updated_at":"2026-08-04T02:23:07.003660+00:00"},"geometry":{"type":"Point","coordinates":[126.608955168,35.113177177]}},{"type":"Feature","id":"44a6ec95bd79f761e40c2c2a369dbed56d81686c823988def0c4db689899f692-1","properties":{"facility_id":"44a6ec95bd79f761e40c2c2a369dbed56d81686c823988def0c4db689899f692","point_ordinal":1,"zone_group_id":"468601013748","source_manage_no":"468601013748","facility_name":"나산초등학교","sgg_code":"12820","facility_type_code":"1","api_first_registered_on":"1996-03-18","api_last_modified_on":null,"updated_at":"2026-08-04T02:23:07.003660+00:00"},"geometry":{"type":"Point","coordinates":[126.606417274,35.11587955]}},{"type":"Feature","id":"5119b071cf55336de958383fc410f0643f802a0e0773ca5ec9d8250c5a16fa28-1","properties":{"facility_id":"5119b071cf55336de958383fc410f0643f802a0e0773ca5ec9d8250c5a16fa28","point_ordinal":1,"zone_group_id":"468601013748","source_manage_no":"468601013749","facility_name":"나산초등학교 병설유치원","sgg_code":"12820","facility_type_code":"1","api_first_registered_on":"1996-03-18","api_last_modified_on":null,"updated_at":"2026-07-25T01:27:52.347112+00:00"},"geometry":{"type":"Point","coordinates":[126.606412136,35.115807424]}},{"type":"Feature","id":"e7edccdf6e7e0020fe4f272006c298fcc6ac3f011fd7652c46da499c43c62c0b-1","properties":{"facility_id":"e7edccdf6e7e0020fe4f272006c298fcc6ac3f011fd7652c46da499c43c62c0b","point_ordinal":1,"zone_group_id":"468601027980","source_manage_no":"468601027980","facility_name":"대동어린이집","sgg_code":"12820","facility_type_code":"1","api_first_registered_on":null,"api_last_modified_on":null,"updated_at":"2026-08-04T02:23:07.003660+00:00"},"geometry":{"type":"Point","coordinates":[126.534282034,35.06570227]}},{"type":"Feature","id":"59876b68b88b15197234fcb68b7eb2553e68813352cd957b3ca79a7b631e40bc-1","properties":{"facility_id":"59876b68b88b15197234fcb68b7eb2553e68813352cd957b3ca79a7b631e40bc","point_ordinal":1,"zone_group_id":"468601013750","source_manage_no":"468601013750","facility_name":"대동향교초등학교","sgg_code":"12820","facility_type_code":"1","api_first_registered_on":"2004-03-31","api_last_modified_on":null,"updated_at":"2026-08-04T02:23:07.003660+00:00"},"geometry":{"type":"Point","coordinates":[126.531756242,35.067719358]}},{"type":"Feature","id":"509ed5825c1816d5585f5dd959a495ca2b7c888ab0a2f76ec4635f7da7666dcb-1","properties":{"facility_id":"509ed5825c1816d5585f5dd959a495ca2b7c888ab0a2f76ec4635f7da7666dcb","point_ordinal":1,"zone_group_id":"468601013750","source_manage_no":"468601013751","facility_name":"대동향교초등학교 병설유치원","sgg_code":"12820","facility_type_code":"1","api_first_registered_on":"2004-03-31","api_last_modified_on":null,"updated_at":"2026-07-25T01:27:52.347112+00:00"},"geometry":{"type":"Point","coordinates":[126.531756473,35.067678797]}},{"type":"Feature","id":"f8b35c4b84fd80da8bae4982ae64099a536def2087ac3ae735b45f19b84314db-1","properties":{"facility_id":"f8b35c4b84fd80da8bae4982ae64099a536def2087ac3ae735b45f19b84314db","point_ordinal":1,"zone_group_id":"468601023599","source_manage_no":"468601023599","facility_name":"명성어린이집","sgg_code":"12820","facility_type_code":"1","api_first_registered_on":"2018-03-27","api_last_modified_on":null,"updated_at":"2026-07-25T01:27:52.347112+00:00"},"geometry":{"type":"Point","coordinates":[126.629560806,35.179796655]}},{"type":"Feature","id":"cd9d85a9e5cb6d661d597890022c25b89526ce763205daad412e2c9022151dab-1","properties":{"facility_id":"cd9d85a9e5cb6d661d597890022c25b89526ce763205daad412e2c9022151dab","point_ordinal":1,"zone_group_id":"468601013768","source_manage_no":"468601013768","facility_name":"삼애어린이집","sgg_code":"12820","facility_type_code":"1","api_first_registered_on":"2009-10-24","api_last_modified_on":null,"updated_at":"2026-08-04T02:23:07.003660+00:00"},"geometry":{"type":"Point","coordinates":[126.515856684,35.063567673]}},{"type":"Feature","id":"27db8558a0021067b24c83ffd7465b30787c49984078ec281fc9aeeaf8033108-1","properties":{"facility_id":"27db8558a0021067b24c83ffd7465b30787c49984078ec281fc9aeeaf8033108","point_ordinal":1,"zone_group_id":"128202030237","source_manage_no":"128202030237","facility_name":"성애노인요양센터","sgg_code":"12820","facility_type_code":"2","api_first_registered_on":null,"api_last_modified_on":"2026-08-04","updated_at":"2026-08-05T02:22:12.413708+00:00"},"geometry":{"type":"Point","coordinates":[126.512649184,35.065982454]}},{"type":"Feature","id":"51007344ca86dd746b741d79448f0b9788f76fd6fabc4f6c6b87fbf83fcb8f97-1","properties":{"facility_id":"51007344ca86dd746b741d79448f0b9788f76fd6fabc4f6c6b87fbf83fcb8f97","point_ordinal":1,"zone_group_id":"468601013752","source_manage_no":"468601013752","facility_name":"손불서초등학교","sgg_code":"12820","facility_type_code":"1","api_first_registered_on":"1998-08-26","api_last_modified_on":null,"updated_at":"2026-08-04T02:23:07.003660+00:00"},"geometry":{"type":"Point","coordinates":[126.407209917,35.156331878]}},{"type":"Feature","id":"f73f47c65127f3b5a986707a689309f000d10eb3d18b86c96c5866132f60f171-1","properties":{"facility_id":"f73f47c65127f3b5a986707a689309f000d10eb3d18b86c96c5866132f60f171","point_ordinal":1,"zone_group_id":"468601013752","source_manage_no":"468601013753","facility_name":"손불서초등학교 병설유치원","sgg_code":"12820","facility_type_code":"1","api_first_registered_on":"1998-08-26","api_last_modified_on":null,"updated_at":"2026-07-25T01:27:52.347112+00:00"},"geometry":{"type":"Point","coordinates":[126.40721596,35.156255293]}},{"type":"Feature","id":"d84d1a02c5e0a6ea5a33ca1f316f4d4dd899ce56c931e57b5d08928d3012e5e1-1","properties":{"facility_id":"d84d1a02c5e0a6ea5a33ca1f316f4d4dd899ce56c931e57b5d08928d3012e5e1","point_ordinal":1,"zone_group_id":"468601013754","source_manage_no":"468601013754","facility_name":"손불초등학교","sgg_code":"12820","facility_type_code":"1","api_first_registered_on":"1997-04-20","api_last_modified_on":null,"updated_at":"2026-08-04T02:23:07.003660+00:00"},"geometry":{"type":"Point","coordinates":[126.432955128,35.144859584]}},{"type":"Feature","id":"72f20079c0c5a686a8514a6b89a32d44949e37e321ebbd2beaecb12f5b69c01c-1","properties":{"facility_id":"72f20079c0c5a686a8514a6b89a32d44949e37e321ebbd2beaecb12f5b69c01c","point_ordinal":1,"zone_group_id":"468601013754","source_manage_no":"468601013755","facility_name":"손불초등학교 병설유치원","sgg_code":"12820","facility_type_code":"1","api_first_registered_on":"1997-04-20","api_last_modified_on":null,"updated_at":"2026-07-25T01:27:52.347112+00:00"},"geometry":{"type":"Point","coordinates":[126.432958231,35.144807771]}},{"type":"Feature","id":"e3c864f2a6fc52c6ba9c5715d16183343728a52d05e5029df2ddd74b291bf405-1","properties":{"facility_id":"e3c864f2a6fc52c6ba9c5715d16183343728a52d05e5029df2ddd74b291bf405","point_ordinal":1,"zone_group_id":"128202030242","source_manage_no":"128202030242","facility_name":"신광노인복지센터","sgg_code":"12820","facility_type_code":"2","api_first_registered_on":null,"api_last_modified_on":"2026-08-09","updated_at":"2026-08-11T01:28:57.901206+00:00"},"geometry":{"type":"Point","coordinates":[126.496229341,35.152779241]}},{"type":"Feature","id":"e873bb5fd00dd03f49e1f51e4ca90e252c0f175f9eb692e535263d8844a6892f-1","properties":{"facility_id":"e873bb5fd00dd03f49e1f51e4ca90e252c0f175f9eb692e535263d8844a6892f","point_ordinal":1,"zone_group_id":"468601013756","source_manage_no":"468601013756","facility_name":"신광초등학교","sgg_code":"12820","facility_type_code":"1","api_first_registered_on":"1996-03-18","api_last_modified_on":null,"updated_at":"2026-08-04T02:23:07.003660+00:00"},"geometry":{"type":"Point","coordinates":[126.498675856,35.157120672]}},{"type":"Feature","id":"5bd121b6c8824f1adfe72121f695ec8db94a330de34aacad425ee154d0a6c664-1","properties":{"facility_id":"5bd121b6c8824f1adfe72121f695ec8db94a330de34aacad425ee154d0a6c664","point_ordinal":1,"zone_group_id":"468601013756","source_manage_no":"468601013757","facility_name":"신광초등학교 병설유치원","sgg_code":"12820","facility_type_code":"1","api_first_registered_on":"1996-03-18","api_last_modified_on":null,"updated_at":"2026-07-25T01:27:52.347112+00:00"},"geometry":{"type":"Point","coordinates":[126.498675234,35.157222072]}},{"type":"Feature","id":"ca985564f15a3e6c0abdb4a5a92d1fe9e7b2e34832f21cabfa21f919243b365e-1","properties":{"facility_id":"ca985564f15a3e6c0abdb4a5a92d1fe9e7b2e34832f21cabfa21f919243b365e","point_ordinal":1,"zone_group_id":"128202030243","source_manage_no":"128202030243","facility_name":"엄다면복지회관","sgg_code":"12820","facility_type_code":"2","api_first_registered_on":null,"api_last_modified_on":"2026-08-09","updated_at":"2026-08-11T01:28:57.901206+00:00"},"geometry":{"type":"Point","coordinates":[126.516184719,35.010064721]}},{"type":"Feature","id":"b51aa882fe6b42ed979f129f312454748254af2cb8fd74c4b426fb5c020c771d-1","properties":{"facility_id":"b51aa882fe6b42ed979f129f312454748254af2cb8fd74c4b426fb5c020c771d","point_ordinal":1,"zone_group_id":"468601013759","source_manage_no":"468601013759","facility_name":"엄다어린이집","sgg_code":"12820","facility_type_code":"1","api_first_registered_on":"1998-10-20","api_last_modified_on":null,"updated_at":"2026-08-04T02:23:07.003660+00:00"},"geometry":{"type":"Point","coordinates":[126.509509457,35.012301284]}},{"type":"Feature","id":"8deb5d74d6a6922f4a74148b526fb5bf4c075f7f50d4c416793391a3840acd3f-1","properties":{"facility_id":"8deb5d74d6a6922f4a74148b526fb5bf4c075f7f50d4c416793391a3840acd3f","point_ordinal":1,"zone_group_id":"468601013758","source_manage_no":"468601013758","facility_name":"엄다초등학교","sgg_code":"12820","facility_type_code":"1","api_first_registered_on":"1998-10-20","api_last_modified_on":null,"updated_at":"2026-08-04T02:23:07.003660+00:00"},"geometry":{"type":"Point","coordinates":[126.513949529,35.010679908]}},{"type":"Feature","id":"18f92992a10d7bbad72fb0d1f90b76d789a71f73ecdf7bf071fa8173e602cc1e-1","properties":{"facility_id":"18f92992a10d7bbad72fb0d1f90b76d789a71f73ecdf7bf071fa8173e602cc1e","point_ordinal":1,"zone_group_id":"468601013758","source_manage_no":"468601023605","facility_name":"엄다초등학교 병설유치원","sgg_code":"12820","facility_type_code":"1","api_first_registered_on":"1998-10-20","api_last_modified_on":null,"updated_at":"2026-07-25T01:27:52.347112+00:00"},"geometry":{"type":"Point","coordinates":[126.513949102,35.010752016]}},{"type":"Feature","id":"d1c9e236242eba89eab39be59acbb63ad73709c76276da747cca537682a8f61c-1","properties":{"facility_id":"d1c9e236242eba89eab39be59acbb63ad73709c76276da747cca537682a8f61c","point_ordinal":1,"zone_group_id":"128202030308","source_manage_no":"128202030308","facility_name":"옥동마을회관","sgg_code":"12820","facility_type_code":"2","api_first_registered_on":"2015-02-01","api_last_modified_on":"2026-09-01","updated_at":"2026-09-03T04:06:02.022502+00:00"},"geometry":{"type":"Point","coordinates":[126.588479251,35.07966797]}},{"type":"Feature","id":"f6f8c122e21e429364c76ac62fd5f480c5373b9fecc94bd227fb128ef9885881-1","properties":{"facility_id":"f6f8c122e21e429364c76ac62fd5f480c5373b9fecc94bd227fb128ef9885881","point_ordinal":1,"zone_group_id":"468601013760","source_manage_no":"468601013760","facility_name":"월야초등학교","sgg_code":"12820","facility_type_code":"1","api_first_registered_on":"1996-03-18","api_last_modified_on":null,"updated_at":"2026-07-25T01:27:52.347112+00:00"},"geometry":{"type":"Point","coordinates":[126.633349616,35.177675362]}},{"type":"Feature","id":"25548c4b375685ad15bfad3edaece6e619a6199e89b8b4a939014334c37906e4-1","properties":{"facility_id":"25548c4b375685ad15bfad3edaece6e619a6199e89b8b4a939014334c37906e4","point_ordinal":1,"zone_group_id":"468601013760","source_manage_no":"468601013761","facility_name":"월야초등학교 병설유치원","sgg_code":"12820","facility_type_code":"1","api_first_registered_on":"1996-03-18","api_last_modified_on":null,"updated_at":"2026-07-25T01:27:52.347112+00:00"},"geometry":{"type":"Point","coordinates":[126.633247696,35.177758428]}},{"type":"Feature","id":"0ac83769edd623534ec0a2a0bf742e6d4fefed7db8a80222cf6859675172ffe2-1","properties":{"facility_id":"0ac83769edd623534ec0a2a0bf742e6d4fefed7db8a80222cf6859675172ffe2","point_ordinal":1,"zone_group_id":"468601023602","source_manage_no":"468601023602","facility_name":"자광어린이집","sgg_code":"12820","facility_type_code":"1","api_first_registered_on":"2018-11-20","api_last_modified_on":null,"updated_at":"2026-08-04T02:23:07.003660+00:00"},"geometry":{"type":"Point","coordinates":[126.522134502,35.064783294]}},{"type":"Feature","id":"3a3eeeafd088ee86ab0fb5fb3905b7327aa5261a3002102eed06743acd7f6db4-1","properties":{"facility_id":"3a3eeeafd088ee86ab0fb5fb3905b7327aa5261a3002102eed06743acd7f6db4","point_ordinal":1,"zone_group_id":"128202030244","source_manage_no":"128202030244","facility_name":"저수마을경로당","sgg_code":"12820","facility_type_code":"2","api_first_registered_on":null,"api_last_modified_on":"2026-08-09","updated_at":"2026-08-11T01:28:57.901206+00:00"},"geometry":{"type":"Point","coordinates":[126.414287487,35.145626502]}},{"type":"Feature","id":"146d2da098d91f264b2b153a9c7b92f6b74acb024905664e97bde884565cf2d6-1","properties":{"facility_id":"146d2da098d91f264b2b153a9c7b92f6b74acb024905664e97bde884565cf2d6","point_ordinal":1,"zone_group_id":"128202030246","source_manage_no":"128202030246","facility_name":"죽림경로당","sgg_code":"12820","facility_type_code":"2","api_first_registered_on":null,"api_last_modified_on":"2026-08-09","updated_at":"2026-08-11T01:28:57.901206+00:00"},"geometry":{"type":"Point","coordinates":[126.477796564,35.119799923]}},{"type":"Feature","id":"756e494194139f7a29ff6ee1ff491c62a4e02f7edf2ef6732d56d27b84ba3db1-1","properties":{"facility_id":"756e494194139f7a29ff6ee1ff491c62a4e02f7edf2ef6732d56d27b84ba3db1","point_ordinal":1,"zone_group_id":"468601013762","source_manage_no":"468601013762","facility_name":"학다리중앙초등학교","sgg_code":"12820","facility_type_code":"1","api_first_registered_on":"2004-03-31","api_last_modified_on":null,"updated_at":"2026-08-04T02:23:07.003660+00:00"},"geometry":{"type":"Point","coordinates":[126.536358043,35.013938634]}},{"type":"Feature","id":"381352ea34f221d1c0001f32c3f4bfc187227f590ecf351bf68f382aed7f8480-1","properties":{"facility_id":"381352ea34f221d1c0001f32c3f4bfc187227f590ecf351bf68f382aed7f8480","point_ordinal":1,"zone_group_id":"468601013762","source_manage_no":"468601013763","facility_name":"학다리중앙초등학교 병설유치원","sgg_code":"12820","facility_type_code":"1","api_first_registered_on":"2004-03-31","api_last_modified_on":null,"updated_at":"2026-07-25T01:27:52.347112+00:00"},"geometry":{"type":"Point","coordinates":[126.536354935,35.014003971]}},{"type":"Feature","id":"b53ec0c57297ef2eaa4b6586dcf855a72d175a89933f19c0a1649c64a10653ae-1","properties":{"facility_id":"b53ec0c57297ef2eaa4b6586dcf855a72d175a89933f19c0a1649c64a10653ae","point_ordinal":1,"zone_group_id":"468601013772","source_manage_no":"468601013772","facility_name":"함평군공립어린이집","sgg_code":"12820","facility_type_code":"1","api_first_registered_on":"2009-10-24","api_last_modified_on":"2026-06-01","updated_at":"2026-08-04T02:23:07.003660+00:00"},"geometry":{"type":"Point","coordinates":[126.520394329,35.061398131]}},{"type":"Feature","id":"445d344e3ce68775c241d11ab2aa5773f90a37c2a7308c16efbcdbbd2861b641-1","properties":{"facility_id":"445d344e3ce68775c241d11ab2aa5773f90a37c2a7308c16efbcdbbd2861b641","point_ordinal":1,"zone_group_id":"468602013769","source_manage_no":"468602013769","facility_name":"함평노인복지회관","sgg_code":"12820","facility_type_code":"2","api_first_registered_on":"2015-02-01","api_last_modified_on":null,"updated_at":"2026-07-25T01:27:52.347112+00:00"},"geometry":{"type":"Point","coordinates":[126.522893881,35.061746652]}},{"type":"Feature","id":"2399443958ba066927a3ffb74ef06d2233f64cf487927b0714b3946da4a0fc6f-1","properties":{"facility_id":"2399443958ba066927a3ffb74ef06d2233f64cf487927b0714b3946da4a0fc6f","point_ordinal":1,"zone_group_id":"468601013764","source_manage_no":"468601013764","facility_name":"함평어린이집","sgg_code":"12820","facility_type_code":"1","api_first_registered_on":"2009-10-24","api_last_modified_on":null,"updated_at":"2026-08-04T02:23:07.003660+00:00"},"geometry":{"type":"Point","coordinates":[126.539589869,35.027134171]}},{"type":"Feature","id":"efe186379df7934df0aa88e4df2743ef4d22d8b48871250b33ff05af39265579-1","properties":{"facility_id":"efe186379df7934df0aa88e4df2743ef4d22d8b48871250b33ff05af39265579","point_ordinal":1,"zone_group_id":"468601023597","source_manage_no":"468601023597","facility_name":"함평영화학교","sgg_code":"12820","facility_type_code":"1","api_first_registered_on":"2018-03-27","api_last_modified_on":null,"updated_at":"2026-07-25T01:27:52.347112+00:00"},"geometry":{"type":"Point","coordinates":[126.493490803,35.103190623]}},{"type":"Feature","id":"4789edb13ded687851b48efc25fde0a25589b6564b1d1ab026b11bf54e799a74-1","properties":{"facility_id":"4789edb13ded687851b48efc25fde0a25589b6564b1d1ab026b11bf54e799a74","point_ordinal":1,"zone_group_id":"468601013770","source_manage_no":"468601013770","facility_name":"함평초등학교","sgg_code":"12820","facility_type_code":"1","api_first_registered_on":"1996-03-18","api_last_modified_on":null,"updated_at":"2026-08-04T02:23:07.003660+00:00"},"geometry":{"type":"Point","coordinates":[126.513305124,35.062166978]}},{"type":"Feature","id":"a4c1e6fe3a2658c1cb9c482ecf1d121312fd21f63ff9f8d89deeb0a56d9235c5-1","properties":{"facility_id":"a4c1e6fe3a2658c1cb9c482ecf1d121312fd21f63ff9f8d89deeb0a56d9235c5","point_ordinal":1,"zone_group_id":"468601013770","source_manage_no":"468601013771","facility_name":"함평초등학교 병설유치원","sgg_code":"12820","facility_type_code":"1","api_first_registered_on":"1996-03-18","api_last_modified_on":null,"updated_at":"2026-07-25T01:27:52.347112+00:00"},"geometry":{"type":"Point","coordinates":[126.513387822,35.062086187]}},{"type":"Feature","id":"27b0b8c2b0bfc4ca1ee3c772398bfa1d7f83a2e61cfa42467d10a0c35fe43724-1","properties":{"facility_id":"27b0b8c2b0bfc4ca1ee3c772398bfa1d7f83a2e61cfa42467d10a0c35fe43724","point_ordinal":1,"zone_group_id":"468601013773","source_manage_no":"468601013773","facility_name":"해보어린이집","sgg_code":"12820","facility_type_code":"1","api_first_registered_on":"2009-10-24","api_last_modified_on":null,"updated_at":"2026-07-25T01:27:52.347112+00:00"},"geometry":{"type":"Point","coordinates":[126.600672047,35.179189055]}},{"type":"Feature","id":"c48f69e50b549a89faf9d86f1aed1969554a450bce9cb40c108dac673082b8cd-1","properties":{"facility_id":"c48f69e50b549a89faf9d86f1aed1969554a450bce9cb40c108dac673082b8cd","point_ordinal":1,"zone_group_id":"468601013774","source_manage_no":"468601013774","facility_name":"해보초등학교","sgg_code":"12820","facility_type_code":"1","api_first_registered_on":"1996-03-18","api_last_modified_on":null,"updated_at":"2026-07-25T01:27:52.347112+00:00"},"geometry":{"type":"Point","coordinates":[126.60313711,35.177050828]}},{"type":"Feature","id":"1e4d6ae91246c65799e8a7be3870f68d75721f39279fa7407fa1cc984f0477ae-1","properties":{"facility_id":"1e4d6ae91246c65799e8a7be3870f68d75721f39279fa7407fa1cc984f0477ae","point_ordinal":1,"zone_group_id":"468601013774","source_manage_no":"468601013775","facility_name":"해보초등학교 병설유치원","sgg_code":"12820","facility_type_code":"1","api_first_registered_on":"1996-03-18","api_last_modified_on":null,"updated_at":"2026-07-25T01:27:52.347112+00:00"},"geometry":{"type":"Point","coordinates":[126.603134048,35.177116166]}},{"type":"Feature","id":"ce422469d95b1e1b3c7de8c47e7fd0a19b05c5aba1ba060fc4fa67fece0356a0-1","properties":{"facility_id":"ce422469d95b1e1b3c7de8c47e7fd0a19b05c5aba1ba060fc4fa67fece0356a0","point_ordinal":1,"zone_group_id":"128202030245","source_manage_no":"128202030245","facility_name":"해석경로당","sgg_code":"12820","facility_type_code":"2","api_first_registered_on":null,"api_last_modified_on":"2026-08-09","updated_at":"2026-08-11T01:28:57.901206+00:00"},"geometry":{"type":"Point","coordinates":[126.44547755,35.107466423]}},{"type":"Feature","id":"0c093a69d94e1568bd707e46746bef6a45d13edb8aa1ae413515cc89a1e88449-1","properties":{"facility_id":"0c093a69d94e1568bd707e46746bef6a45d13edb8aa1ae413515cc89a1e88449","point_ordinal":1,"zone_group_id":"468701013543","source_manage_no":"468701013543","facility_name":"군남초등학교","sgg_code":"12830","facility_type_code":"1","api_first_registered_on":"1997-06-11","api_last_modified_on":null,"updated_at":"2026-07-25T01:27:52.347112+00:00"},"geometry":{"type":"Point","coordinates":[126.45769049,35.235433804]}},{"type":"Feature","id":"c2c4e6c98b24506ed8773e0c2b39b7522bc43049f632ce3907badea760bb473d-1","properties":{"facility_id":"c2c4e6c98b24506ed8773e0c2b39b7522bc43049f632ce3907badea760bb473d","point_ordinal":1,"zone_group_id":"468701013543","source_manage_no":"468701013544","facility_name":"군남초등학교 병설유치원","sgg_code":"12830","facility_type_code":"1","api_first_registered_on":null,"api_last_modified_on":null,"updated_at":"2026-07-25T01:27:52.347112+00:00"},"geometry":{"type":"Point","coordinates":[126.457868942,35.235443616]}},{"type":"Feature","id":"03c02bde409e8311c7b2ce726e030df892ac4f00651f20f5568ed67c23057cdb-1","properties":{"facility_id":"03c02bde409e8311c7b2ce726e030df892ac4f00651f20f5568ed67c23057cdb","point_ordinal":1,"zone_group_id":"468701013545","source_manage_no":"468701013545","facility_name":"군서초등학교","sgg_code":"12830","facility_type_code":"1","api_first_registered_on":"1997-06-11","api_last_modified_on":"2026-03-31","updated_at":"2026-07-25T01:27:52.347112+00:00"},"geometry":{"type":"Point","coordinates":[126.477584569,35.257166601]}},{"type":"Feature","id":"c9fc7cf81722b06e00c3f77d3bf5de84bdf76cec79a4c1087adb186a7e34b0f7-1","properties":{"facility_id":"c9fc7cf81722b06e00c3f77d3bf5de84bdf76cec79a4c1087adb186a7e34b0f7","point_ordinal":1,"zone_group_id":"468701013545","source_manage_no":"468701013546","facility_name":"군서초등학교 병설유치원","sgg_code":"12830","facility_type_code":"1","api_first_registered_on":null,"api_last_modified_on":null,"updated_at":"2026-07-25T01:27:52.347112+00:00"},"geometry":{"type":"Point","coordinates":[126.477074786,35.256553747]}},{"type":"Feature","id":"c6ec8467abc932a3976edc6f8142cb88b540a9ba875678f23a7d95305c690569-1","properties":{"facility_id":"c6ec8467abc932a3976edc6f8142cb88b540a9ba875678f23a7d95305c690569","point_ordinal":1,"zone_group_id":"468701023023","source_manage_no":"468701023023","facility_name":"대마초등학교","sgg_code":"12830","facility_type_code":"1","api_first_registered_on":"1996-03-20","api_last_modified_on":null,"updated_at":"2026-07-25T01:27:52.347112+00:00"},"geometry":{"type":"Point","coordinates":[126.581167362,35.302212504]}},{"type":"Feature","id":"4a243a22cb0733747d55e3e1c4e93c85a931e1273c300e90848a0a738ece956f-1","properties":{"facility_id":"4a243a22cb0733747d55e3e1c4e93c85a931e1273c300e90848a0a738ece956f","point_ordinal":1,"zone_group_id":"468701023023","source_manage_no":"468701023029","facility_name":"대마초등학교 병설유치원","sgg_code":"12830","facility_type_code":"1","api_first_registered_on":null,"api_last_modified_on":null,"updated_at":"2026-07-25T01:27:52.347112+00:00"},"geometry":{"type":"Point","coordinates":[126.581186498,35.30223285]}},{"type":"Feature","id":"5cf4c757de1c633c63f93d1388bffe87ec54bd55d1fb3456bfd753088b8a4cc2-1","properties":{"facility_id":"5cf4c757de1c633c63f93d1388bffe87ec54bd55d1fb3456bfd753088b8a4cc2","point_ordinal":1,"zone_group_id":"468701013549","source_manage_no":"468701013549","facility_name":"묘랑중앙초등학교","sgg_code":"12830","facility_type_code":"1","api_first_registered_on":"2008-04-24","api_last_modified_on":null,"updated_at":"2026-07-25T01:27:52.347112+00:00"},"geometry":{"type":"Point","coordinates":[126.551656886,35.267151715]}},{"type":"Feature","id":"0747fd281c8e51f7436c4dd1a763f877340d3cfd55a0c73462f8c68cdd69ecd7-1","properties":{"facility_id":"0747fd281c8e51f7436c4dd1a763f877340d3cfd55a0c73462f8c68cdd69ecd7","point_ordinal":1,"zone_group_id":"468701013549","source_manage_no":"468701013550","facility_name":"묘량중앙초등학교 병설유치원","sgg_code":"12830","facility_type_code":"1","api_first_registered_on":null,"api_last_modified_on":null,"updated_at":"2026-07-25T01:27:52.347112+00:00"},"geometry":{"type":"Point","coordinates":[126.551590687,35.267198789]}},{"type":"Feature","id":"f726885194f299f5cd0fa96402e4374c4970669d278b6a3ccc1fefac10eea8e7-1","properties":{"facility_id":"f726885194f299f5cd0fa96402e4374c4970669d278b6a3ccc1fefac10eea8e7","point_ordinal":1,"zone_group_id":"468701013551","source_manage_no":"468701013551","facility_name":"백수서초등학교","sgg_code":"12830","facility_type_code":"1","api_first_registered_on":"1996-03-20","api_last_modified_on":null,"updated_at":"2026-07-25T01:27:52.347112+00:00"},"geometry":{"type":"Point","coordinates":[126.396827611,35.28285324]}},{"type":"Feature","id":"434cc6016a648a8041ccd8e2ae330b37448f8fd9982f0e7107258c427b90eeaa-1","properties":{"facility_id":"434cc6016a648a8041ccd8e2ae330b37448f8fd9982f0e7107258c427b90eeaa","point_ordinal":1,"zone_group_id":"468701013551","source_manage_no":"468701023128","facility_name":"백수서초등학교 병설유치원","sgg_code":"12830","facility_type_code":"1","api_first_registered_on":null,"api_last_modified_on":null,"updated_at":"2026-07-25T01:27:52.347112+00:00"},"geometry":{"type":"Point","coordinates":[126.396868516,35.282855304]}},{"type":"Feature","id":"57f9bbb78d7c9c607d7396b9ec29909e41956595294cdb5e77b55b574a26fc19-1","properties":{"facility_id":"57f9bbb78d7c9c607d7396b9ec29909e41956595294cdb5e77b55b574a26fc19","point_ordinal":1,"zone_group_id":"468701013553","source_manage_no":"468701013553","facility_name":"백수어린이집","sgg_code":"12830","facility_type_code":"1","api_first_registered_on":"2017-06-14","api_last_modified_on":null,"updated_at":"2026-07-25T01:27:52.347112+00:00"},"geometry":{"type":"Point","coordinates":[126.413786713,35.282402451]}},{"type":"Feature","id":"1a5e0c3bcb0771894236a6d33ea9314015a7133ea2d047aebb6217f51ce424c5-1","properties":{"facility_id":"1a5e0c3bcb0771894236a6d33ea9314015a7133ea2d047aebb6217f51ce424c5","point_ordinal":1,"zone_group_id":"468701013554","source_manage_no":"468701013554","facility_name":"백수초등학교","sgg_code":"12830","facility_type_code":"1","api_first_registered_on":"1996-07-30","api_last_modified_on":null,"updated_at":"2026-07-25T01:27:52.347112+00:00"},"geometry":{"type":"Point","coordinates":[126.420832862,35.281744202]}},{"type":"Feature","id":"e0e8d189d312ede1e623a933361e7acaf71a6fbfaad7996475f68abb1305fd16-1","properties":{"facility_id":"e0e8d189d312ede1e623a933361e7acaf71a6fbfaad7996475f68abb1305fd16","point_ordinal":1,"zone_group_id":"468701013554","source_manage_no":"468701013555","facility_name":"백수초등학교 병설유치원","sgg_code":"12830","facility_type_code":"1","api_first_registered_on":"1996-07-30","api_last_modified_on":null,"updated_at":"2026-07-25T01:27:52.347112+00:00"},"geometry":{"type":"Point","coordinates":[126.420863185,35.281730827]}},{"type":"Feature","id":"df25f3adbad52be7f31c9448dca3727de6e78bd26e22f202feb8385997bd1dc2-1","properties":{"facility_id":"df25f3adbad52be7f31c9448dca3727de6e78bd26e22f202feb8385997bd1dc2","point_ordinal":1,"zone_group_id":"468701013556","source_manage_no":"468701013556","facility_name":"법성어린이집","sgg_code":"12830","facility_type_code":"1","api_first_registered_on":"2007-11-08","api_last_modified_on":null,"updated_at":"2026-07-25T01:27:52.347112+00:00"},"geometry":{"type":"Point","coordinates":[126.446661317,35.362389612]}},{"type":"Feature","id":"d01d889a1d4d7d0d6724819592ef7d71d79e4b3548ef0f4735dc56c904e7a04f-1","properties":{"facility_id":"d01d889a1d4d7d0d6724819592ef7d71d79e4b3548ef0f4735dc56c904e7a04f","point_ordinal":1,"zone_group_id":"468701013557","source_manage_no":"468701013557","facility_name":"법성포초등학교","sgg_code":"12830","facility_type_code":"1","api_first_registered_on":"1996-07-30","api_last_modified_on":null,"updated_at":"2026-07-25T01:27:52.347112+00:00"},"geometry":{"type":"Point","coordinates":[126.454383971,35.358680577]}},{"type":"Feature","id":"40f4b5357a3a4369b79857cfa05afb8a3d03cc4704458991cc230fdf034981ac-1","properties":{"facility_id":"40f4b5357a3a4369b79857cfa05afb8a3d03cc4704458991cc230fdf034981ac","point_ordinal":1,"zone_group_id":"468701013557","source_manage_no":"468701013558","facility_name":"법성포초등학교 병설유치원","sgg_code":"12830","facility_type_code":"1","api_first_registered_on":"1996-07-30","api_last_modified_on":null,"updated_at":"2026-07-25T01:27:52.347112+00:00"},"geometry":{"type":"Point","coordinates":[126.454271579,35.358623737]}},{"type":"Feature","id":"de51d1e071e9e03b3614ce1490f91493c0ab216d5a436fe41c82a3df1cdf4f07-1","properties":{"facility_id":"de51d1e071e9e03b3614ce1490f91493c0ab216d5a436fe41c82a3df1cdf4f07","point_ordinal":1,"zone_group_id":"468701013559","source_manage_no":"468701013559","facility_name":"불갑초등학교","sgg_code":"12830","facility_type_code":"1","api_first_registered_on":"1996-07-30","api_last_modified_on":null,"updated_at":"2026-07-25T01:27:52.347112+00:00"},"geometry":{"type":"Point","coordinates":[126.507729537,35.210878233]}},{"type":"Feature","id":"63ef30a65b2b2cf52fa7a49570a7a0d59bb51080b6091bd32b4eeb21d2bd8cef-1","properties":{"facility_id":"63ef30a65b2b2cf52fa7a49570a7a0d59bb51080b6091bd32b4eeb21d2bd8cef","point_ordinal":1,"zone_group_id":"468701013559","source_manage_no":"468701013560","facility_name":"불갑초등학교 병설유치원","sgg_code":"12830","facility_type_code":"1","api_first_registered_on":"1996-07-30","api_last_modified_on":null,"updated_at":"2026-07-25T01:27:52.347112+00:00"},"geometry":{"type":"Point","coordinates":[126.507727118,35.210824142]}},{"type":"Feature","id":"01a2372342e159a135fb4b6eefcaf829fcfa8823dd34ad4eb503c804d0fa9fd5-1","properties":{"facility_id":"01a2372342e159a135fb4b6eefcaf829fcfa8823dd34ad4eb503c804d0fa9fd5","point_ordinal":1,"zone_group_id":"468701013561","source_manage_no":"468701013561","facility_name":"새염산어린이집","sgg_code":"12830","facility_type_code":"1","api_first_registered_on":"2017-06-14","api_last_modified_on":null,"updated_at":"2026-07-25T01:27:52.347112+00:00"},"geometry":{"type":"Point","coordinates":[126.371559951,35.218332481]}},{"type":"Feature","id":"7c14fe16e7e2b8d7558cc0a52af488b00e492c46ef5afddc3fd67542a27267d0-1","properties":{"facility_id":"7c14fe16e7e2b8d7558cc0a52af488b00e492c46ef5afddc3fd67542a27267d0","point_ordinal":1,"zone_group_id":"468701013564","source_manage_no":"468701013564","facility_name":"아람어린이집","sgg_code":"12830","facility_type_code":"1","api_first_registered_on":"2017-06-14","api_last_modified_on":null,"updated_at":"2026-07-25T01:27:52.347112+00:00"},"geometry":{"type":"Point","coordinates":[126.50315272,35.270620883]}},{"type":"Feature","id":"a1d1a79b8e63ce97e5ba387102aecdf0ddc066e7188a1e9d196d195038b2cd42-1","properties":{"facility_id":"a1d1a79b8e63ce97e5ba387102aecdf0ddc066e7188a1e9d196d195038b2cd42","point_ordinal":1,"zone_group_id":"468701013562","source_manage_no":"468701013562","facility_name":"염산초등학교","sgg_code":"12830","facility_type_code":"1","api_first_registered_on":"1996-07-30","api_last_modified_on":null,"updated_at":"2026-07-25T01:27:52.347112+00:00"},"geometry":{"type":"Point","coordinates":[126.367809963,35.220154868]}},{"type":"Feature","id":"40b4f299d907ebec4021be4020c67b77257fe5847b492f9bc839e8c6ef76fbf4-1","properties":{"facility_id":"40b4f299d907ebec4021be4020c67b77257fe5847b492f9bc839e8c6ef76fbf4","point_ordinal":1,"zone_group_id":"468701013562","source_manage_no":"468701013563","facility_name":"염산초등학교 병설유치원","sgg_code":"12830","facility_type_code":"1","api_first_registered_on":"1996-07-30","api_last_modified_on":null,"updated_at":"2026-07-25T01:27:52.347112+00:00"},"geometry":{"type":"Point","coordinates":[126.367579002,35.220194222]}},{"type":"Feature","id":"522dee99cd4842a5cf0aa7ac6358cdefbe5cece66e48bfc7da7b713df052ce6e-1","properties":{"facility_id":"522dee99cd4842a5cf0aa7ac6358cdefbe5cece66e48bfc7da7b713df052ce6e","point_ordinal":1,"zone_group_id":"468702013565","source_manage_no":"468702013565","facility_name":"영광 노인복지회관","sgg_code":"12830","facility_type_code":"2","api_first_registered_on":"2018-03-15","api_last_modified_on":null,"updated_at":"2026-07-25T01:27:52.347112+00:00"},"geometry":{"type":"Point","coordinates":[126.497793739,35.272785667]}},{"type":"Feature","id":"1ce60fb258bc562f0ad6bbb3835fbe5ad294645fd6312d8572d3428ad97c6eea-1","properties":{"facility_id":"1ce60fb258bc562f0ad6bbb3835fbe5ad294645fd6312d8572d3428ad97c6eea","point_ordinal":1,"zone_group_id":"468701013566","source_manage_no":"468701013566","facility_name":"영광어린이집","sgg_code":"12830","facility_type_code":"1","api_first_registered_on":"2009-08-03","api_last_modified_on":null,"updated_at":"2026-07-25T01:27:52.347112+00:00"},"geometry":{"type":"Point","coordinates":[126.508908698,35.27645682]}},{"type":"Feature","id":"b6c5ae26b2d236a3b184797bfae4f6bbe7f3abdbc3e842ba888e52a621c23e4c-1","properties":{"facility_id":"b6c5ae26b2d236a3b184797bfae4f6bbe7f3abdbc3e842ba888e52a621c23e4c","point_ordinal":1,"zone_group_id":"468701013567","source_manage_no":"468701013567","facility_name":"영광유치원","sgg_code":"12830","facility_type_code":"1","api_first_registered_on":"1997-06-11","api_last_modified_on":null,"updated_at":"2026-07-25T01:27:52.347112+00:00"},"geometry":{"type":"Point","coordinates":[126.513676782,35.276775304]}},{"type":"Feature","id":"f84394999ab30292468330722b3a2f1a811ccfc92a61962119f91070c1598a48-1","properties":{"facility_id":"f84394999ab30292468330722b3a2f1a811ccfc92a61962119f91070c1598a48","point_ordinal":1,"zone_group_id":"468701013568","source_manage_no":"468701013568","facility_name":"영광중앙초등학교","sgg_code":"12830","facility_type_code":"1","api_first_registered_on":"1997-06-11","api_last_modified_on":null,"updated_at":"2026-07-25T01:27:52.347112+00:00"},"geometry":{"type":"Point","coordinates":[126.506830435,35.278504462]}},{"type":"Feature","id":"f93205407e319225d50c58e0981277b7ba958fdbf95dc05270df625997a28217-1","properties":{"facility_id":"f93205407e319225d50c58e0981277b7ba958fdbf95dc05270df625997a28217","point_ordinal":1,"zone_group_id":"468701013568","source_manage_no":"468701027719","facility_name":"영광중앙초등학교 병설유치원","sgg_code":"12830","facility_type_code":"1","api_first_registered_on":"1997-06-11","api_last_modified_on":null,"updated_at":"2026-07-25T01:27:52.347112+00:00"},"geometry":{"type":"Point","coordinates":[126.506805147,35.278486296]}},{"type":"Feature","id":"130d4fc4cb2a4330c58a6746e4de65d89bfa571f4538d98000c2b2457fd949b1-1","properties":{"facility_id":"130d4fc4cb2a4330c58a6746e4de65d89bfa571f4538d98000c2b2457fd949b1","point_ordinal":1,"zone_group_id":"468701013569","source_manage_no":"468701013569","facility_name":"영광초등학교","sgg_code":"12830","facility_type_code":"1","api_first_registered_on":"1997-06-11","api_last_modified_on":null,"updated_at":"2026-07-25T01:27:52.347112+00:00"},"geometry":{"type":"Point","coordinates":[126.513404236,35.277931834]}},{"type":"Feature","id":"b1b3f88dcf65e596f989ffd5c02bf2c91b02f29547b34f0485e59ec98c968487-1","properties":{"facility_id":"b1b3f88dcf65e596f989ffd5c02bf2c91b02f29547b34f0485e59ec98c968487","point_ordinal":1,"zone_group_id":"468701013569","source_manage_no":"468701013570","facility_name":"영광초등학교 병설유치원","sgg_code":"12830","facility_type_code":"1","api_first_registered_on":"1997-06-11","api_last_modified_on":null,"updated_at":"2026-07-25T01:27:52.347112+00:00"},"geometry":{"type":"Point","coordinates":[126.513431579,35.277954477]}},{"type":"Feature","id":"50dc321781146afb65acd190b440cb2dd58e0ea048b46eda0c813609a4194f1a-1","properties":{"facility_id":"50dc321781146afb65acd190b440cb2dd58e0ea048b46eda0c813609a4194f1a","point_ordinal":1,"zone_group_id":"468701013571","source_manage_no":"468701013571","facility_name":"원광어린이집","sgg_code":"12830","facility_type_code":"1","api_first_registered_on":"2007-11-08","api_last_modified_on":null,"updated_at":"2026-07-25T01:27:52.347112+00:00"},"geometry":{"type":"Point","coordinates":[126.511464534,35.276955612]}},{"type":"Feature","id":"7e020792690c8a74ed95e9e8b418da7af797f112aeaa6a80ae7483bacbe78683-1","properties":{"facility_id":"7e020792690c8a74ed95e9e8b418da7af797f112aeaa6a80ae7483bacbe78683","point_ordinal":1,"zone_group_id":"468701013574","source_manage_no":"468701013574","facility_name":"중앙어린이집","sgg_code":"12830","facility_type_code":"1","api_first_registered_on":"1996-03-20","api_last_modified_on":null,"updated_at":"2026-07-25T01:27:52.347112+00:00"},"geometry":{"type":"Point","coordinates":[126.508775089,35.286518216]}},{"type":"Feature","id":"f8b71eecd66d809963990ad9e4cb790ecf61aee63ed900026308409449f53d38-1","properties":{"facility_id":"f8b71eecd66d809963990ad9e4cb790ecf61aee63ed900026308409449f53d38","point_ordinal":1,"zone_group_id":"468701013575","source_manage_no":"468701013575","facility_name":"푸른어린이집","sgg_code":"12830","facility_type_code":"1","api_first_registered_on":"2008-11-08","api_last_modified_on":null,"updated_at":"2026-07-25T01:27:52.347112+00:00"},"geometry":{"type":"Point","coordinates":[126.498999153,35.282046644]}},{"type":"Feature","id":"af10207811540fee228b3c26ab2ba082c370ddcdbfc2a958f65ef61c5324b3b8-1","properties":{"facility_id":"af10207811540fee228b3c26ab2ba082c370ddcdbfc2a958f65ef61c5324b3b8","point_ordinal":1,"zone_group_id":"468701013576","source_manage_no":"468701013576","facility_name":"홍농서초등학교","sgg_code":"12830","facility_type_code":"1","api_first_registered_on":"1996-07-30","api_last_modified_on":null,"updated_at":"2026-07-25T01:27:52.347112+00:00"},"geometry":{"type":"Point","coordinates":[126.439614799,35.418067039]}},{"type":"Feature","id":"03e28f1ea4c3f920cb56f61414025094fab98e9b90989bd5eb1344eac31c5e6e-1","properties":{"facility_id":"03e28f1ea4c3f920cb56f61414025094fab98e9b90989bd5eb1344eac31c5e6e","point_ordinal":1,"zone_group_id":"468701013577","source_manage_no":"468701013577","facility_name":"홍농아이원","sgg_code":"12830","facility_type_code":"1","api_first_registered_on":"2007-11-08","api_last_modified_on":null,"updated_at":"2026-07-25T01:27:52.347112+00:00"},"geometry":{"type":"Point","coordinates":[126.447605438,35.396488732]}},{"type":"Feature","id":"b486d0b634ec80d05f24aa98d090fcc3ca38b13a8bb2104fd78d969bb9a75d1a-1","properties":{"facility_id":"b486d0b634ec80d05f24aa98d090fcc3ca38b13a8bb2104fd78d969bb9a75d1a","point_ordinal":1,"zone_group_id":"468701013578","source_manage_no":"468701013578","facility_name":"홍농초등학교","sgg_code":"12830","facility_type_code":"1","api_first_registered_on":"1996-07-30","api_last_modified_on":null,"updated_at":"2026-07-25T01:27:52.347112+00:00"},"geometry":{"type":"Point","coordinates":[126.447581875,35.39906487]}},{"type":"Feature","id":"ba3258bbbd4303b30bbc9cb8d44acf6bbf889f2b114120c1012c2f3f9c643f09-1","properties":{"facility_id":"ba3258bbbd4303b30bbc9cb8d44acf6bbf889f2b114120c1012c2f3f9c643f09","point_ordinal":1,"zone_group_id":"468801013675","source_manage_no":"468801013675","facility_name":"기독어린이집","sgg_code":"12840","facility_type_code":"1","api_first_registered_on":"2010-12-16","api_last_modified_on":null,"updated_at":"2026-07-25T01:27:52.347112+00:00"},"geometry":{"type":"Point","coordinates":[126.783992131,35.300362251]}},{"type":"Feature","id":"60acff5ce56ef5b98001489bda505654be451d01420fd3b023afe983b234eb35-1","properties":{"facility_id":"60acff5ce56ef5b98001489bda505654be451d01420fd3b023afe983b234eb35","point_ordinal":1,"zone_group_id":"468802027372","source_manage_no":"468802027372","facility_name":"남부경로당","sgg_code":"12840","facility_type_code":"2","api_first_registered_on":null,"api_last_modified_on":null,"updated_at":"2026-07-25T01:27:52.347112+00:00"},"geometry":{"type":"Point","coordinates":[126.80699846,35.373382948]}},{"type":"Feature","id":"e6376a13fcbee49f79074b51e84e5eedd7ef18d1cbd815944198861c76da3e01-1","properties":{"facility_id":"e6376a13fcbee49f79074b51e84e5eedd7ef18d1cbd815944198861c76da3e01","point_ordinal":1,"zone_group_id":"468801013676","source_manage_no":"468801013676","facility_name":"늘푸른어린이집","sgg_code":"12840","facility_type_code":"1","api_first_registered_on":"2010-12-16","api_last_modified_on":null,"updated_at":"2026-07-25T01:27:52.347112+00:00"},"geometry":{"type":"Point","coordinates":[126.799069563,35.323560903]}},{"type":"Feature","id":"61c2a005d08944f9b951b6c6133e33ef447199f36eae1c9d51f45a0aecbceecc-1","properties":{"facility_id":"61c2a005d08944f9b951b6c6133e33ef447199f36eae1c9d51f45a0aecbceecc","point_ordinal":1,"zone_group_id":"468802027383","source_manage_no":"468802027383","facility_name":"능성경로당","sgg_code":"12840","facility_type_code":"2","api_first_registered_on":null,"api_last_modified_on":null,"updated_at":"2026-07-25T01:27:52.347112+00:00"},"geometry":{"type":"Point","coordinates":[126.703103539,35.260165564]}},{"type":"Feature","id":"56e3e25b58d0d7f3add88cf51de8587019ed4e4c94cd795fb81b032374628a4e-1","properties":{"facility_id":"56e3e25b58d0d7f3add88cf51de8587019ed4e4c94cd795fb81b032374628a4e","point_ordinal":1,"zone_group_id":"468801013659","source_manage_no":"468801013659","facility_name":"동화초등학교","sgg_code":"12840","facility_type_code":"1","api_first_registered_on":"1999-06-30","api_last_modified_on":null,"updated_at":"2026-07-25T01:27:52.347112+00:00"},"geometry":{"type":"Point","coordinates":[126.736037242,35.273789827]}},{"type":"Feature","id":"4bc1eca65794254b6724d0d8e7df747c717dff262af616a4a658d0ed888f87aa-1","properties":{"facility_id":"4bc1eca65794254b6724d0d8e7df747c717dff262af616a4a658d0ed888f87aa","point_ordinal":1,"zone_group_id":"468801013659","source_manage_no":"468801013660","facility_name":"동화초등학교 병설유치원","sgg_code":"12840","facility_type_code":"1","api_first_registered_on":null,"api_last_modified_on":null,"updated_at":"2026-07-25T01:27:52.347112+00:00"},"geometry":{"type":"Point","coordinates":[126.736009458,35.273884407]}},{"type":"Feature","id":"066c95984a2362a0caf76a6a890d493290150d22f7706cb50f68aefed9fe048c-1","properties":{"facility_id":"066c95984a2362a0caf76a6a890d493290150d22f7706cb50f68aefed9fe048c","point_ordinal":1,"zone_group_id":"468802027373","source_manage_no":"468802027373","facility_name":"만화경로당","sgg_code":"12840","facility_type_code":"2","api_first_registered_on":null,"api_last_modified_on":null,"updated_at":"2026-07-25T01:27:52.347112+00:00"},"geometry":{"type":"Point","coordinates":[126.66828555,35.312431465]}},{"type":"Feature","id":"debcd956f1939b77537ee995456134eaa8baecde6b774b447a38f3d7c76dd9f4-1","properties":{"facility_id":"debcd956f1939b77537ee995456134eaa8baecde6b774b447a38f3d7c76dd9f4","point_ordinal":1,"zone_group_id":"468802027388","source_manage_no":"468802027388","facility_name":"모현마을경로당","sgg_code":"12840","facility_type_code":"2","api_first_registered_on":null,"api_last_modified_on":null,"updated_at":"2026-07-25T01:27:52.347112+00:00"},"geometry":{"type":"Point","coordinates":[126.79625734,35.404300993]}},{"type":"Feature","id":"7528d110c99621a61ee823eb82f2e0c94b93db5f3019b1739677eff245f16a32-1","properties":{"facility_id":"7528d110c99621a61ee823eb82f2e0c94b93db5f3019b1739677eff245f16a32","point_ordinal":1,"zone_group_id":"468802027379","source_manage_no":"468802027379","facility_name":"복암여성노인정","sgg_code":"12840","facility_type_code":"2","api_first_registered_on":null,"api_last_modified_on":null,"updated_at":"2026-07-25T01:27:52.347112+00:00"},"geometry":{"type":"Point","coordinates":[126.808480819,35.427124383]}},{"type":"Feature","id":"8a268ea25cb5b190308ffb4e7569d65162cafcb33fed59aab8677d7759affac2-1","properties":{"facility_id":"8a268ea25cb5b190308ffb4e7569d65162cafcb33fed59aab8677d7759affac2","point_ordinal":1,"zone_group_id":"468802023520","source_manage_no":"468802023520","facility_name":"북이면 전천후게이트볼장","sgg_code":"12840","facility_type_code":"2","api_first_registered_on":null,"api_last_modified_on":null,"updated_at":"2026-07-25T01:27:52.347112+00:00"},"geometry":{"type":"Point","coordinates":[126.806297932,35.427037529]}},{"type":"Feature","id":"b61c510e42964b5fe86d23e90ae57f7f0a725faec037d968d63b4bff8f0466a4-1","properties":{"facility_id":"b61c510e42964b5fe86d23e90ae57f7f0a725faec037d968d63b4bff8f0466a4","point_ordinal":1,"zone_group_id":"468801013661","source_manage_no":"468801013661","facility_name":"북이초등학교","sgg_code":"12840","facility_type_code":"1","api_first_registered_on":"1998-12-30","api_last_modified_on":null,"updated_at":"2026-07-25T01:27:52.347112+00:00"},"geometry":{"type":"Point","coordinates":[126.804837835,35.432914371]}},{"type":"Feature","id":"b67a30170bacaf2c07981ca59a5a37aa2a2e7234533b8fcff2e87828af7e9217-1","properties":{"facility_id":"b67a30170bacaf2c07981ca59a5a37aa2a2e7234533b8fcff2e87828af7e9217","point_ordinal":1,"zone_group_id":"468801013661","source_manage_no":"468801013662","facility_name":"북이초등학교 병설유치원","sgg_code":"12840","facility_type_code":"1","api_first_registered_on":null,"api_last_modified_on":null,"updated_at":"2026-07-25T01:27:52.347112+00:00"},"geometry":{"type":"Point","coordinates":[126.804834929,35.432977458]}},{"type":"Feature","id":"c94ead029e367ab509cb06ddfada10cb6a49c71af2e0555e9d0640b89cae2eec-1","properties":{"facility_id":"c94ead029e367ab509cb06ddfada10cb6a49c71af2e0555e9d0640b89cae2eec","point_ordinal":1,"zone_group_id":"468801013663","source_manage_no":"468801013663","facility_name":"북일초등학교","sgg_code":"12840","facility_type_code":"1","api_first_registered_on":"1998-06-30","api_last_modified_on":null,"updated_at":"2026-07-25T01:27:52.347112+00:00"},"geometry":{"type":"Point","coordinates":[126.793620922,35.384436618]}},{"type":"Feature","id":"f23645acdd41a4d640a1f6d324dc78ecdf1cd5a43af96dea967668afbc0a20ef-1","properties":{"facility_id":"f23645acdd41a4d640a1f6d324dc78ecdf1cd5a43af96dea967668afbc0a20ef","point_ordinal":1,"zone_group_id":"468801013663","source_manage_no":"468801013664","facility_name":"북일초등학교 병설유치원","sgg_code":"12840","facility_type_code":"1","api_first_registered_on":null,"api_last_modified_on":null,"updated_at":"2026-07-25T01:27:52.347112+00:00"},"geometry":{"type":"Point","coordinates":[126.793610082,35.384371254]}},{"type":"Feature","id":"b633d9cbcee5d5bc7813b65807db1627dbac0ac81f99886bc574dadc88499f34-1","properties":{"facility_id":"b633d9cbcee5d5bc7813b65807db1627dbac0ac81f99886bc574dadc88499f34","point_ordinal":1,"zone_group_id":"468801013657","source_manage_no":"468801013658","facility_name":"분항초등학교병설유치원","sgg_code":"12840","facility_type_code":"1","api_first_registered_on":null,"api_last_modified_on":null,"updated_at":"2026-07-25T01:27:52.347112+00:00"},"geometry":{"type":"Point","coordinates":[126.800783418,35.2394984]}},{"type":"Feature","id":"df1732a01fa13539010a7ac378a88306b79ce9d3b4d61165874f77dfdfdb204a-1","properties":{"facility_id":"df1732a01fa13539010a7ac378a88306b79ce9d3b4d61165874f77dfdfdb204a","point_ordinal":1,"zone_group_id":"468801013657","source_manage_no":"468801013657","facility_name":"분향초등학교","sgg_code":"12840","facility_type_code":"1","api_first_registered_on":"1995-09-30","api_last_modified_on":null,"updated_at":"2026-07-25T01:27:52.347112+00:00"},"geometry":{"type":"Point","coordinates":[126.800777727,35.239579512]}},{"type":"Feature","id":"242cb8ac5e5e6dc1b3a7603454044715ac3d3e3f859daa48b6d51a12d72873dc-1","properties":{"facility_id":"242cb8ac5e5e6dc1b3a7603454044715ac3d3e3f859daa48b6d51a12d72873dc","point_ordinal":1,"zone_group_id":"468802027378","source_manage_no":"468802027378","facility_name":"사창경로당","sgg_code":"12840","facility_type_code":"2","api_first_registered_on":null,"api_last_modified_on":null,"updated_at":"2026-07-25T01:27:52.347112+00:00"},"geometry":{"type":"Point","coordinates":[126.662393577,35.261638427]}},{"type":"Feature","id":"5cd1cd8cf51422a909516dc79c3c707e5d77f55fa83f76295dd45621486e4012-1","properties":{"facility_id":"5cd1cd8cf51422a909516dc79c3c707e5d77f55fa83f76295dd45621486e4012","point_ordinal":1,"zone_group_id":"468801013667","source_manage_no":"468801013667","facility_name":"사창초등학교","sgg_code":"12840","facility_type_code":"1","api_first_registered_on":"2001-03-30","api_last_modified_on":null,"updated_at":"2026-07-25T01:27:52.347112+00:00"},"geometry":{"type":"Point","coordinates":[126.666450311,35.260308925]}},{"type":"Feature","id":"501620ebd0cfc74ef86b93aa23b7293014208491b36f8143e2ff00f4a643b518-1","properties":{"facility_id":"501620ebd0cfc74ef86b93aa23b7293014208491b36f8143e2ff00f4a643b518","point_ordinal":1,"zone_group_id":"468801013667","source_manage_no":"468801013668","facility_name":"사창초등학교 병설유치원","sgg_code":"12840","facility_type_code":"1","api_first_registered_on":null,"api_last_modified_on":null,"updated_at":"2026-07-25T01:27:52.347112+00:00"},"geometry":{"type":"Point","coordinates":[126.666453464,35.260209786]}},{"type":"Feature","id":"0b6333c35bd1c8fb62caec8559ac8ac329ec5b496878cf4057c15dce5e56bab6-1","properties":{"facility_id":"0b6333c35bd1c8fb62caec8559ac8ac329ec5b496878cf4057c15dce5e56bab6","point_ordinal":1,"zone_group_id":"468801025509","source_manage_no":"468801025509","facility_name":"삼계어린이집","sgg_code":"12840","facility_type_code":"1","api_first_registered_on":null,"api_last_modified_on":null,"updated_at":"2026-07-25T01:27:52.347112+00:00"},"geometry":{"type":"Point","coordinates":[126.662008612,35.262935426]}},{"type":"Feature","id":"48202cc52f6dea9c20ef4995589126787106b5c3195578b4365dcfd4e315185d-1","properties":{"facility_id":"48202cc52f6dea9c20ef4995589126787106b5c3195578b4365dcfd4e315185d","point_ordinal":1,"zone_group_id":"468801013671","source_manage_no":"468801013671","facility_name":"삼서초등학교","sgg_code":"12840","facility_type_code":"1","api_first_registered_on":"1999-03-30","api_last_modified_on":null,"updated_at":"2026-07-25T01:27:52.347112+00:00"},"geometry":{"type":"Point","coordinates":[126.65269778,35.229694811]}},{"type":"Feature","id":"1e8c3ec4265bb4b4aa2b7661264f456f27add4413cb2f422cdf603e8ff0af092-1","properties":{"facility_id":"1e8c3ec4265bb4b4aa2b7661264f456f27add4413cb2f422cdf603e8ff0af092","point_ordinal":1,"zone_group_id":"468801013671","source_manage_no":"468801013672","facility_name":"삼서초등학교 병설유치원","sgg_code":"12840","facility_type_code":"1","api_first_registered_on":null,"api_last_modified_on":null,"updated_at":"2026-07-25T01:27:52.347112+00:00"},"geometry":{"type":"Point","coordinates":[126.652697482,35.229764664]}},{"type":"Feature","id":"d7472ce3bf1dabcb529900f41d0e6d5bf6cfa88801de269c8ce81a426c5c2c72-1","properties":{"facility_id":"d7472ce3bf1dabcb529900f41d0e6d5bf6cfa88801de269c8ce81a426c5c2c72","point_ordinal":1,"zone_group_id":"468801013673","source_manage_no":"468801013673","facility_name":"서삼초등학교","sgg_code":"12840","facility_type_code":"1","api_first_registered_on":"1998-06-30","api_last_modified_on":null,"updated_at":"2026-07-25T01:27:52.347112+00:00"},"geometry":{"type":"Point","coordinates":[126.767423187,35.333915227]}},{"type":"Feature","id":"3dab346b71c57930c0ad7896245a42b63efe89d2a8fb79d40aa3ec5ac4fe2b44-1","properties":{"facility_id":"3dab346b71c57930c0ad7896245a42b63efe89d2a8fb79d40aa3ec5ac4fe2b44","point_ordinal":1,"zone_group_id":"468801013673","source_manage_no":"468801013674","facility_name":"서삼초등학교 병설유치원","sgg_code":"12840","facility_type_code":"1","api_first_registered_on":null,"api_last_modified_on":null,"updated_at":"2026-07-25T01:27:52.347112+00:00"},"geometry":{"type":"Point","coordinates":[126.767426163,35.333836366]}},{"type":"Feature","id":"04c97d79e54a3f72a6dd169f4d993e80edb5fd1cec3c50c3e1301c00cb080c45-1","properties":{"facility_id":"04c97d79e54a3f72a6dd169f4d993e80edb5fd1cec3c50c3e1301c00cb080c45","point_ordinal":1,"zone_group_id":"468801013677","source_manage_no":"468801013677","facility_name":"성산초등학교","sgg_code":"12840","facility_type_code":"1","api_first_registered_on":"1997-09-01","api_last_modified_on":null,"updated_at":"2026-07-25T01:27:52.347112+00:00"},"geometry":{"type":"Point","coordinates":[126.805523627,35.325557553]}},{"type":"Feature","id":"ce37a05bb8c50f00fd3ec50c20d96d3fc32d3e6b191056a4dbf683a20e953ac4-1","properties":{"facility_id":"ce37a05bb8c50f00fd3ec50c20d96d3fc32d3e6b191056a4dbf683a20e953ac4","point_ordinal":1,"zone_group_id":"468801013677","source_manage_no":"468801013678","facility_name":"성산초등학교 병설유치원","sgg_code":"12840","facility_type_code":"1","api_first_registered_on":null,"api_last_modified_on":null,"updated_at":"2026-07-25T01:27:52.347112+00:00"},"geometry":{"type":"Point","coordinates":[126.805521045,35.325487696]}},{"type":"Feature","id":"f2f71a4d9e9b9509cf8c61eab71132a5f14b71dee0d4e4e2e51b3e9ef5aab3a4-1","properties":{"facility_id":"f2f71a4d9e9b9509cf8c61eab71132a5f14b71dee0d4e4e2e51b3e9ef5aab3a4","point_ordinal":1,"zone_group_id":"468802027376","source_manage_no":"468802027376","facility_name":"아계경로당","sgg_code":"12840","facility_type_code":"2","api_first_registered_on":null,"api_last_modified_on":null,"updated_at":"2026-07-25T01:27:52.347112+00:00"},"geometry":{"type":"Point","coordinates":[126.650771915,35.272622048]}},{"type":"Feature","id":"1955a403c9d9d45ea7992ebcdef469b554ff68b70b63b009fb8f7c8a5609421f-1","properties":{"facility_id":"1955a403c9d9d45ea7992ebcdef469b554ff68b70b63b009fb8f7c8a5609421f","point_ordinal":1,"zone_group_id":"468802027382","source_manage_no":"468802027382","facility_name":"안평1리경로당","sgg_code":"12840","facility_type_code":"2","api_first_registered_on":null,"api_last_modified_on":null,"updated_at":"2026-07-25T01:27:52.347112+00:00"},"geometry":{"type":"Point","coordinates":[126.782297884,35.330681079]}},{"type":"Feature","id":"28f98a4289ce6bafdf815cbb936fa0ed535212300107bd0edbf6518476e693f8-1","properties":{"facility_id":"28f98a4289ce6bafdf815cbb936fa0ed535212300107bd0edbf6518476e693f8","point_ordinal":1,"zone_group_id":"468801013666","source_manage_no":"468801013666","facility_name":"약수초등학교","sgg_code":"12840","facility_type_code":"1","api_first_registered_on":"1995-05-15","api_last_modified_on":null,"updated_at":"2026-07-25T01:27:52.347112+00:00"},"geometry":{"type":"Point","coordinates":[126.880632356,35.407705987]}},{"type":"Feature","id":"897970f3358d45963c4c5bd8e9fc22749106151c1a62a935ddd402b0e676292f-1","properties":{"facility_id":"897970f3358d45963c4c5bd8e9fc22749106151c1a62a935ddd402b0e676292f","point_ordinal":1,"zone_group_id":"468801013666","source_manage_no":"468801013665","facility_name":"약수초등학교 병설유치원","sgg_code":"12840","facility_type_code":"1","api_first_registered_on":"1999-05-15","api_last_modified_on":null,"updated_at":"2026-07-25T01:27:52.347112+00:00"},"geometry":{"type":"Point","coordinates":[126.880629487,35.40778485]}},{"type":"Feature","id":"a74a63e262a76d47af0359b3e562fcf6d4cc63fc6d649c75c49c353eedb1827a-1","properties":{"facility_id":"a74a63e262a76d47af0359b3e562fcf6d4cc63fc6d649c75c49c353eedb1827a","point_ordinal":1,"zone_group_id":"468802013679","source_manage_no":"468802013679","facility_name":"영락양로원","sgg_code":"12840","facility_type_code":"2","api_first_registered_on":null,"api_last_modified_on":null,"updated_at":"2026-07-25T01:27:52.347112+00:00"},"geometry":{"type":"Point","coordinates":[126.846026814,35.426857667]}},{"type":"Feature","id":"2241c96d095c888126b03f68d0167177468af5407ed51f582323689163e11e72-1","properties":{"facility_id":"2241c96d095c888126b03f68d0167177468af5407ed51f582323689163e11e72","point_ordinal":1,"zone_group_id":"468802027384","source_manage_no":"468802027384","facility_name":"원황룡경로당","sgg_code":"12840","facility_type_code":"2","api_first_registered_on":null,"api_last_modified_on":null,"updated_at":"2026-07-25T01:27:52.347112+00:00"},"geometry":{"type":"Point","coordinates":[126.747366781,35.278238801]}},{"type":"Feature","id":"def4966d02e709fe96fbe1d91dfcdbbc4e7a17c1daf593c7dcb836d2a63dd3b9-1","properties":{"facility_id":"def4966d02e709fe96fbe1d91dfcdbbc4e7a17c1daf593c7dcb836d2a63dd3b9","point_ordinal":1,"zone_group_id":"468802027377","source_manage_no":"468802027377","facility_name":"월산경로당","sgg_code":"12840","facility_type_code":"2","api_first_registered_on":null,"api_last_modified_on":null,"updated_at":"2026-07-25T01:27:52.347112+00:00"},"geometry":{"type":"Point","coordinates":[126.668367822,35.25249508]}},{"type":"Feature","id":"4cd45d60257d97d6f6f8a4782152f9ffe61ab62d0fb7ffda3c33b983ea502932-1","properties":{"facility_id":"4cd45d60257d97d6f6f8a4782152f9ffe61ab62d0fb7ffda3c33b983ea502932","point_ordinal":1,"zone_group_id":"468802027381","source_manage_no":"468802027381","facility_name":"월산경로당","sgg_code":"12840","facility_type_code":"2","api_first_registered_on":null,"api_last_modified_on":null,"updated_at":"2026-07-25T01:27:52.347112+00:00"},"geometry":{"type":"Point","coordinates":[126.685122783,35.240204968]}},{"type":"Feature","id":"464957e7657bb4d5e79283e08a05332f85be4fdd016dbe2b76c5c1e96936911e-1","properties":{"facility_id":"464957e7657bb4d5e79283e08a05332f85be4fdd016dbe2b76c5c1e96936911e","point_ordinal":1,"zone_group_id":"468801013689","source_manage_no":"468801013689","facility_name":"월평초등학교","sgg_code":"12840","facility_type_code":"1","api_first_registered_on":"1999-03-30","api_last_modified_on":null,"updated_at":"2026-07-25T01:27:52.347112+00:00"},"geometry":{"type":"Point","coordinates":[126.776100431,35.290281336]}},{"type":"Feature","id":"f1feafd31bb2116d7fbb34019504f51cf9c6669bd2fdd9c19f64f5101679da42-1","properties":{"facility_id":"f1feafd31bb2116d7fbb34019504f51cf9c6669bd2fdd9c19f64f5101679da42","point_ordinal":1,"zone_group_id":"468801013689","source_manage_no":"468801013690","facility_name":"월평초등학교 병설유치원","sgg_code":"12840","facility_type_code":"1","api_first_registered_on":null,"api_last_modified_on":null,"updated_at":"2026-07-25T01:27:52.347112+00:00"},"geometry":{"type":"Point","coordinates":[126.776103384,35.290206981]}},{"type":"Feature","id":"46378c97e49e42c931da4eedde2bd9b1f118a9d7da1b101236fbd3f4d8bc28b0-1","properties":{"facility_id":"46378c97e49e42c931da4eedde2bd9b1f118a9d7da1b101236fbd3f4d8bc28b0","point_ordinal":1,"zone_group_id":"468802027374","source_manage_no":"468802027374","facility_name":"익수경로당","sgg_code":"12840","facility_type_code":"2","api_first_registered_on":null,"api_last_modified_on":null,"updated_at":"2026-07-25T01:27:52.347112+00:00"},"geometry":{"type":"Point","coordinates":[126.68864741,35.279523788]}},{"type":"Feature","id":"6b314f88a73a6cf7c256265d064cd199017f99241de6d9f2cba3fae57dac52b6-1","properties":{"facility_id":"6b314f88a73a6cf7c256265d064cd199017f99241de6d9f2cba3fae57dac52b6","point_ordinal":1,"zone_group_id":"468802027386","source_manage_no":"468802027386","facility_name":"장산3리경로당","sgg_code":"12840","facility_type_code":"2","api_first_registered_on":null,"api_last_modified_on":null,"updated_at":"2026-07-25T01:27:52.347112+00:00"},"geometry":{"type":"Point","coordinates":[126.749571184,35.296790661]}},{"type":"Feature","id":"94fbd369115f340fe4b50435e813fa9dc3163e7eea997818b027410b624916d4-1","properties":{"facility_id":"94fbd369115f340fe4b50435e813fa9dc3163e7eea997818b027410b624916d4","point_ordinal":1,"zone_group_id":"468802013680","source_manage_no":"468802013680","facility_name":"장서읍게이트볼장","sgg_code":"12840","facility_type_code":"2","api_first_registered_on":null,"api_last_modified_on":null,"updated_at":"2026-07-25T01:27:52.347112+00:00"},"geometry":{"type":"Point","coordinates":[126.771278608,35.302477761]}},{"type":"Feature","id":"4ea47034dc45d0658397b75fe99df06f23d227a3448de94b448fecaa9018d881-1","properties":{"facility_id":"4ea47034dc45d0658397b75fe99df06f23d227a3448de94b448fecaa9018d881","point_ordinal":1,"zone_group_id":"468802023519","source_manage_no":"468802023519","facility_name":"장성공공실버주택","sgg_code":"12840","facility_type_code":"2","api_first_registered_on":null,"api_last_modified_on":null,"updated_at":"2026-07-25T01:27:52.347112+00:00"},"geometry":{"type":"Point","coordinates":[126.782501374,35.303979425]}},{"type":"Feature","id":"aa07c6433c993375cd6f1e221050233cd82c45f995d3e65d0c3e91845f3c3175-1","properties":{"facility_id":"aa07c6433c993375cd6f1e221050233cd82c45f995d3e65d0c3e91845f3c3175","point_ordinal":1,"zone_group_id":"468802013681","source_manage_no":"468802013681","facility_name":"장성공원","sgg_code":"12840","facility_type_code":"2","api_first_registered_on":null,"api_last_modified_on":null,"updated_at":"2026-07-25T01:27:52.347112+00:00"},"geometry":{"type":"Point","coordinates":[126.782716775,35.298700795]}},{"type":"Feature","id":"8c7a5030eda1fb61ce400c5bdbc5979c793693a6d81cff9b17e6bbfb69d32e03-1","properties":{"facility_id":"8c7a5030eda1fb61ce400c5bdbc5979c793693a6d81cff9b17e6bbfb69d32e03","point_ordinal":1,"zone_group_id":"468801013682","source_manage_no":"468801013682","facility_name":"장성어린이집","sgg_code":"12840","facility_type_code":"1","api_first_registered_on":"2010-12-16","api_last_modified_on":null,"updated_at":"2026-07-25T01:27:52.347112+00:00"},"geometry":{"type":"Point","coordinates":[126.783013381,35.295138103]}},{"type":"Feature","id":"4d6a9f07bf894fe5bb7ae3d4abab3752f816f87d8f2d47267658a67d43d1658d-1","properties":{"facility_id":"4d6a9f07bf894fe5bb7ae3d4abab3752f816f87d8f2d47267658a67d43d1658d","point_ordinal":1,"zone_group_id":"468801025510","source_manage_no":"468801025510","facility_name":"정다운상무어린이집","sgg_code":"12840","facility_type_code":"1","api_first_registered_on":null,"api_last_modified_on":null,"updated_at":"2026-07-25T01:27:52.347112+00:00"},"geometry":{"type":"Point","coordinates":[126.656769149,35.259726557]}},{"type":"Feature","id":"a55dd359355ad379e03b417237474c0226ecec44e300d1476aefd1662ec850f1-1","properties":{"facility_id":"a55dd359355ad379e03b417237474c0226ecec44e300d1476aefd1662ec850f1","point_ordinal":1,"zone_group_id":"468801013683","source_manage_no":"468801013683","facility_name":"중앙초등학교","sgg_code":"12840","facility_type_code":"1","api_first_registered_on":"1995-04-01","api_last_modified_on":null,"updated_at":"2026-07-25T01:27:52.347112+00:00"},"geometry":{"type":"Point","coordinates":[126.786301097,35.299203671]}},{"type":"Feature","id":"7456986d684f89856490a72d9aaa6607cb394bde2da724d56986eeaaa21a3b62-1","properties":{"facility_id":"7456986d684f89856490a72d9aaa6607cb394bde2da724d56986eeaaa21a3b62","point_ordinal":1,"zone_group_id":"468801013683","source_manage_no":"468801013684","facility_name":"중앙초등학교 병설유치원","sgg_code":"12840","facility_type_code":"1","api_first_registered_on":null,"api_last_modified_on":null,"updated_at":"2026-07-25T01:27:52.347112+00:00"},"geometry":{"type":"Point","coordinates":[126.786306417,35.299271281]}},{"type":"Feature","id":"6986913682831a6af4ab8b8c87e0c70f4c43c94b505641fd758f48f87d9b24e8-1","properties":{"facility_id":"6986913682831a6af4ab8b8c87e0c70f4c43c94b505641fd758f48f87d9b24e8","point_ordinal":1,"zone_group_id":"468801013685","source_manage_no":"468801013685","facility_name":"진원동초등학교","sgg_code":"12840","facility_type_code":"1","api_first_registered_on":"1996-12-06","api_last_modified_on":null,"updated_at":"2026-07-25T01:27:52.347112+00:00"},"geometry":{"type":"Point","coordinates":[126.863590523,35.260005468]}},{"type":"Feature","id":"30bb0ea909b23c1bef777cf24161197d2816069ec4be2379684b3d7f9348e6f3-1","properties":{"facility_id":"30bb0ea909b23c1bef777cf24161197d2816069ec4be2379684b3d7f9348e6f3","point_ordinal":1,"zone_group_id":"468801013685","source_manage_no":"468801013686","facility_name":"진원동초등학교 병설유치원","sgg_code":"12840","facility_type_code":"1","api_first_registered_on":null,"api_last_modified_on":null,"updated_at":"2026-07-25T01:27:52.347112+00:00"},"geometry":{"type":"Point","coordinates":[126.863593372,35.259944631]}},{"type":"Feature","id":"03b09246fea742565a3ffdf19672d08f6d025d855cbca78a44ccee7baeb1ab74-1","properties":{"facility_id":"03b09246fea742565a3ffdf19672d08f6d025d855cbca78a44ccee7baeb1ab74","point_ordinal":1,"zone_group_id":"468802027380","source_manage_no":"468802027380","facility_name":"진원리복지회관","sgg_code":"12840","facility_type_code":"2","api_first_registered_on":null,"api_last_modified_on":null,"updated_at":"2026-07-25T01:27:52.347112+00:00"},"geometry":{"type":"Point","coordinates":[126.844668897,35.27317959]}},{"type":"Feature","id":"932d67e38e2569108ff43178c408ed324a50b1b245cf7f47467dc6cfa88b69e2-1","properties":{"facility_id":"932d67e38e2569108ff43178c408ed324a50b1b245cf7f47467dc6cfa88b69e2","point_ordinal":1,"zone_group_id":"468801013687","source_manage_no":"468801013687","facility_name":"진원초등학교","sgg_code":"12840","facility_type_code":"1","api_first_registered_on":"1995-12-06","api_last_modified_on":null,"updated_at":"2026-07-25T01:27:52.347112+00:00"},"geometry":{"type":"Point","coordinates":[126.822116707,35.262317198]}},{"type":"Feature","id":"6c88cf9d11a9b2e23cc605f251d0776b84fbb146fa6a36a703863769c2314058-1","properties":{"facility_id":"6c88cf9d11a9b2e23cc605f251d0776b84fbb146fa6a36a703863769c2314058","point_ordinal":1,"zone_group_id":"468801013687","source_manage_no":"468801013688","facility_name":"진원초등학교 병설유치원","sgg_code":"12840","facility_type_code":"1","api_first_registered_on":null,"api_last_modified_on":null,"updated_at":"2026-07-25T01:27:52.347112+00:00"},"geometry":{"type":"Point","coordinates":[126.822116845,35.262254104]}},{"type":"Feature","id":"3571930ddf2fc149dca8e8a08267331300f5dc091f0df59d991930191bc41fe4-1","properties":{"facility_id":"3571930ddf2fc149dca8e8a08267331300f5dc091f0df59d991930191bc41fe4","point_ordinal":1,"zone_group_id":"468802027389","source_manage_no":"468802027389","facility_name":"프란치스꼬의집","sgg_code":"12840","facility_type_code":"2","api_first_registered_on":null,"api_last_modified_on":null,"updated_at":"2026-07-25T01:27:52.347112+00:00"},"geometry":{"type":"Point","coordinates":[126.83284208,35.274781736]}},{"type":"Feature","id":"e0a3a5def8f4ef6b487aecbcae9ea91c216c90b99e5ab69b03beab44997458ae-1","properties":{"facility_id":"e0a3a5def8f4ef6b487aecbcae9ea91c216c90b99e5ab69b03beab44997458ae","point_ordinal":1,"zone_group_id":"468802027375","source_manage_no":"468802027375","facility_name":"화산1리경로당","sgg_code":"12840","facility_type_code":"2","api_first_registered_on":null,"api_last_modified_on":null,"updated_at":"2026-07-25T01:27:52.347112+00:00"},"geometry":{"type":"Point","coordinates":[126.643087099,35.285655473]}},{"type":"Feature","id":"c376f8e70c27f2531db3fb64fe0e2c90a49288411cd05cf26aeb5761f2d37e99-1","properties":{"facility_id":"c376f8e70c27f2531db3fb64fe0e2c90a49288411cd05cf26aeb5761f2d37e99","point_ordinal":1,"zone_group_id":"468802027387","source_manage_no":"468802027387","facility_name":"화해마을회관","sgg_code":"12840","facility_type_code":"2","api_first_registered_on":null,"api_last_modified_on":null,"updated_at":"2026-07-25T01:27:52.347112+00:00"},"geometry":{"type":"Point","coordinates":[126.631894086,35.215121377]}},{"type":"Feature","id":"bc736d144dacfe5c3f3bd26bd519b592f7a33b3ab90e07cdb3d6f0b4e2f75d2d-1","properties":{"facility_id":"bc736d144dacfe5c3f3bd26bd519b592f7a33b3ab90e07cdb3d6f0b4e2f75d2d","point_ordinal":1,"zone_group_id":"468802027385","source_manage_no":"468802027385","facility_name":"회사촌경로당","sgg_code":"12840","facility_type_code":"2","api_first_registered_on":null,"api_last_modified_on":null,"updated_at":"2026-07-25T01:27:52.347112+00:00"},"geometry":{"type":"Point","coordinates":[126.751570408,35.277557981]}},{"type":"Feature","id":"c0a4028aaa1d59e23efe7cf6029e1a734c29cffcd9298ba2560acf97f8967439-1","properties":{"facility_id":"c0a4028aaa1d59e23efe7cf6029e1a734c29cffcd9298ba2560acf97f8967439","point_ordinal":1,"zone_group_id":"468901013617","source_manage_no":"468901013617","facility_name":"고금초등학교","sgg_code":"12850","facility_type_code":"1","api_first_registered_on":"2010-08-20","api_last_modified_on":null,"updated_at":"2026-07-25T01:27:52.347112+00:00"},"geometry":{"type":"Point","coordinates":[126.800461143,34.396811224]}},{"type":"Feature","id":"053a0d9f0e808f0a921ff2d169657f14c1bd0e0c890029924655a5ca1b298d1c-1","properties":{"facility_id":"053a0d9f0e808f0a921ff2d169657f14c1bd0e0c890029924655a5ca1b298d1c","point_ordinal":1,"zone_group_id":"468901013617","source_manage_no":"468901013618","facility_name":"고금초등학교 병설유치원","sgg_code":"12850","facility_type_code":"1","api_first_registered_on":"2010-08-20","api_last_modified_on":null,"updated_at":"2026-07-25T01:27:52.347112+00:00"},"geometry":{"type":"Point","coordinates":[126.800509882,34.39689469]}},{"type":"Feature","id":"2c90269ac0ae9cc1cd426241b5d517cb9e875f7de24270c2f58599a6f6d80c02-1","properties":{"facility_id":"2c90269ac0ae9cc1cd426241b5d517cb9e875f7de24270c2f58599a6f6d80c02","point_ordinal":1,"zone_group_id":"468901023097","source_manage_no":"468901023097","facility_name":"군외초등학교","sgg_code":"12850","facility_type_code":"1","api_first_registered_on":"1995-06-10","api_last_modified_on":null,"updated_at":"2026-07-25T01:27:52.347112+00:00"},"geometry":{"type":"Point","coordinates":[126.646474669,34.379101113]}},{"type":"Feature","id":"95cd3d8c045a751f2533e8b42dbc5a14e733e96c24c9beff2d514b6cfa149761-1","properties":{"facility_id":"95cd3d8c045a751f2533e8b42dbc5a14e733e96c24c9beff2d514b6cfa149761","point_ordinal":1,"zone_group_id":"468901023097","source_manage_no":"468901023100","facility_name":"군외초등학교 병설유치원","sgg_code":"12850","facility_type_code":"1","api_first_registered_on":"1995-06-10","api_last_modified_on":null,"updated_at":"2026-07-25T01:27:52.347112+00:00"},"geometry":{"type":"Point","coordinates":[126.646957277,34.379458902]}},{"type":"Feature","id":"00b6f41513d845301e33d794f1ff2c92b419924f8f4e61fa9c6c198a768b13b3-1","properties":{"facility_id":"00b6f41513d845301e33d794f1ff2c92b419924f8f4e61fa9c6c198a768b13b3","point_ordinal":1,"zone_group_id":"468901013621","source_manage_no":"468901013621","facility_name":"금당초등학교","sgg_code":"12850","facility_type_code":"1","api_first_registered_on":"2007-10-01","api_last_modified_on":null,"updated_at":"2026-07-25T01:27:52.347112+00:00"},"geometry":{"type":"Point","coordinates":[127.061070234,34.440348195]}},{"type":"Feature","id":"d11cb7ee4fdf6da102e1f6ea123afff13e08842924845b548898353b038db1f2-1","properties":{"facility_id":"d11cb7ee4fdf6da102e1f6ea123afff13e08842924845b548898353b038db1f2","point_ordinal":1,"zone_group_id":"468901013621","source_manage_no":"468901013622","facility_name":"금당초등학교 병설유치원","sgg_code":"12850","facility_type_code":"1","api_first_registered_on":"2007-10-01","api_last_modified_on":null,"updated_at":"2026-07-25T01:27:52.347112+00:00"},"geometry":{"type":"Point","coordinates":[127.061187203,34.440348136]}},{"type":"Feature","id":"f789094db7bd927023da4e24a36c374fd0936b54edec9c7a3fc98dd1596265fb-1","properties":{"facility_id":"f789094db7bd927023da4e24a36c374fd0936b54edec9c7a3fc98dd1596265fb","point_ordinal":1,"zone_group_id":"468901023130","source_manage_no":"468901023130","facility_name":"금일동초등학교","sgg_code":"12850","facility_type_code":"1","api_first_registered_on":null,"api_last_modified_on":null,"updated_at":"2026-07-25T01:27:52.347112+00:00"},"geometry":{"type":"Point","coordinates":[127.055439727,34.339827762]}},{"type":"Feature","id":"518f7fe365cf4d417d4b7e9c9b6e3a1568042691f326a73a4dd1692d5a8810d5-1","properties":{"facility_id":"518f7fe365cf4d417d4b7e9c9b6e3a1568042691f326a73a4dd1692d5a8810d5","point_ordinal":1,"zone_group_id":"468901023130","source_manage_no":"468901023131","facility_name":"금일동초등학교 병설유치원","sgg_code":"12850","facility_type_code":"1","api_first_registered_on":null,"api_last_modified_on":null,"updated_at":"2026-07-25T01:27:52.347112+00:00"},"geometry":{"type":"Point","coordinates":[127.055188484,34.339816922]}},{"type":"Feature","id":"cee8ff896331efdbb93a6a9a6578003ccaf7fecc73b99990ee13a4e27ac9d787-1","properties":{"facility_id":"cee8ff896331efdbb93a6a9a6578003ccaf7fecc73b99990ee13a4e27ac9d787","point_ordinal":1,"zone_group_id":"468902021363","source_manage_no":"468902021363","facility_name":"금일읍노인분회","sgg_code":"12850","facility_type_code":"2","api_first_registered_on":"2019-08-12","api_last_modified_on":null,"updated_at":"2026-07-25T01:27:52.347112+00:00"},"geometry":{"type":"Point","coordinates":[127.028343436,34.349484712]}},{"type":"Feature","id":"18323cd10f71d8cf57dbdda281757915ca8e885ac41b7c734903ad452fa43d24-1","properties":{"facility_id":"18323cd10f71d8cf57dbdda281757915ca8e885ac41b7c734903ad452fa43d24","point_ordinal":1,"zone_group_id":"468901013623","source_manage_no":"468901013623","facility_name":"금일제일어린이집","sgg_code":"12850","facility_type_code":"1","api_first_registered_on":"2010-08-20","api_last_modified_on":null,"updated_at":"2026-07-25T01:27:52.347112+00:00"},"geometry":{"type":"Point","coordinates":[127.021365317,34.355653418]}},{"type":"Feature","id":"5afdbc5ffe6b6d7da4fcb7095b8c3cbce365715a401b8ccdbc2c9b9beb570828-1","properties":{"facility_id":"5afdbc5ffe6b6d7da4fcb7095b8c3cbce365715a401b8ccdbc2c9b9beb570828","point_ordinal":1,"zone_group_id":"468901013624","source_manage_no":"468901013624","facility_name":"금일초등학교","sgg_code":"12850","facility_type_code":"1","api_first_registered_on":"1996-07-30","api_last_modified_on":null,"updated_at":"2026-07-25T01:27:52.347112+00:00"},"geometry":{"type":"Point","coordinates":[127.033659088,34.354546526]}},{"type":"Feature","id":"17bc2089300c86eddb4ab6fe9565189597a2362dcee70779d6a1f28529e4e5ea-1","properties":{"facility_id":"17bc2089300c86eddb4ab6fe9565189597a2362dcee70779d6a1f28529e4e5ea","point_ordinal":1,"zone_group_id":"468901013624","source_manage_no":"468901013625","facility_name":"금일초등학교병설","sgg_code":"12850","facility_type_code":"1","api_first_registered_on":"1996-07-30","api_last_modified_on":null,"updated_at":"2026-07-25T01:27:52.347112+00:00"},"geometry":{"type":"Point","coordinates":[127.033558562,34.354591628]}},{"type":"Feature","id":"18c52b1e5bbe43df970f68508e7829abc9bc03a72b776cff7ec40c5ba8ac98de-1","properties":{"facility_id":"18c52b1e5bbe43df970f68508e7829abc9bc03a72b776cff7ec40c5ba8ac98de","point_ordinal":1,"zone_group_id":"468901013626","source_manage_no":"468901013626","facility_name":"넙도초등학교","sgg_code":"12850","facility_type_code":"1","api_first_registered_on":"2010-08-20","api_last_modified_on":null,"updated_at":"2026-07-25T01:27:52.347112+00:00"},"geometry":{"type":"Point","coordinates":[126.504489018,34.188309308]}},{"type":"Feature","id":"b03397761ca9e63150b0832a5aafdb640f4766b00a24e913af2e1a5b40ac3f8c-1","properties":{"facility_id":"b03397761ca9e63150b0832a5aafdb640f4766b00a24e913af2e1a5b40ac3f8c","point_ordinal":1,"zone_group_id":"468901013626","source_manage_no":"468901013627","facility_name":"넙도초등학교 병설유치원","sgg_code":"12850","facility_type_code":"1","api_first_registered_on":"2010-08-20","api_last_modified_on":null,"updated_at":"2026-07-25T01:27:52.347112+00:00"},"geometry":{"type":"Point","coordinates":[126.503896957,34.18798914]}},{"type":"Feature","id":"154d4287ff1d8983f3f5312882eebf533877dc9e884a06122b5539959a529fd4-1","properties":{"facility_id":"154d4287ff1d8983f3f5312882eebf533877dc9e884a06122b5539959a529fd4","point_ordinal":1,"zone_group_id":"468901021720","source_manage_no":"468901021720","facility_name":"노화북초등학교","sgg_code":"12850","facility_type_code":"1","api_first_registered_on":"2020-12-28","api_last_modified_on":null,"updated_at":"2026-07-25T01:27:52.347112+00:00"},"geometry":{"type":"Point","coordinates":[126.577540484,34.215736629]}},{"type":"Feature","id":"fdf32ca95cb79199b5dcb8211a504d1b823a5cdda6bedf4539c1f1bf08431d22-1","properties":{"facility_id":"fdf32ca95cb79199b5dcb8211a504d1b823a5cdda6bedf4539c1f1bf08431d22","point_ordinal":1,"zone_group_id":"468901021720","source_manage_no":"468901022709","facility_name":"노화북초등학교 병설유치원","sgg_code":"12850","facility_type_code":"1","api_first_registered_on":"2020-12-28","api_last_modified_on":null,"updated_at":"2026-07-25T01:27:52.347112+00:00"},"geometry":{"type":"Point","coordinates":[126.577613792,34.215618879]}},{"type":"Feature","id":"ccd6bf66cd833158c8de8e26fbe1a79069d863b7b4a22e25f54bae4ba7ba5356-1","properties":{"facility_id":"ccd6bf66cd833158c8de8e26fbe1a79069d863b7b4a22e25f54bae4ba7ba5356","point_ordinal":1,"zone_group_id":"468901013628","source_manage_no":"468901013628","facility_name":"노화초등학교","sgg_code":"12850","facility_type_code":"1","api_first_registered_on":"2010-08-20","api_last_modified_on":null,"updated_at":"2026-07-25T01:27:52.347112+00:00"},"geometry":{"type":"Point","coordinates":[126.570604886,34.195398027]}},{"type":"Feature","id":"179bada4d4a75edaf617c7b361cee6f065b3ebe3352313a9936362e02d3e41dd-1","properties":{"facility_id":"179bada4d4a75edaf617c7b361cee6f065b3ebe3352313a9936362e02d3e41dd","point_ordinal":1,"zone_group_id":"468901013628","source_manage_no":"468901013629","facility_name":"노화초등학교 병설유치원","sgg_code":"12850","facility_type_code":"1","api_first_registered_on":"2010-08-20","api_last_modified_on":null,"updated_at":"2026-07-25T01:27:52.347112+00:00"},"geometry":{"type":"Point","coordinates":[126.570295915,34.19487263]}},{"type":"Feature","id":"0e41a9ff45f5287ade1965b7dbf5960ed4473d204794b3ec574c9e9c153c0574-1","properties":{"facility_id":"0e41a9ff45f5287ade1965b7dbf5960ed4473d204794b3ec574c9e9c153c0574","point_ordinal":1,"zone_group_id":"468901013630","source_manage_no":"468901013630","facility_name":"보길동초등학교","sgg_code":"12850","facility_type_code":"1","api_first_registered_on":"2010-08-20","api_last_modified_on":null,"updated_at":"2026-07-25T01:27:52.347112+00:00"},"geometry":{"type":"Point","coordinates":[126.591854527,34.163116724]}},{"type":"Feature","id":"c13cfa07df3b2b6dbae3d654bc1b0f93a252224f94dbc7493981f76a911ffed0-1","properties":{"facility_id":"c13cfa07df3b2b6dbae3d654bc1b0f93a252224f94dbc7493981f76a911ffed0","point_ordinal":1,"zone_group_id":"468901013630","source_manage_no":"468901023156","facility_name":"보길동초등학교 병설유치원","sgg_code":"12850","facility_type_code":"1","api_first_registered_on":null,"api_last_modified_on":null,"updated_at":"2026-07-25T01:27:52.347112+00:00"},"geometry":{"type":"Point","coordinates":[126.591894668,34.163232181]}},{"type":"Feature","id":"d94043c1b6de5316dba7ea7f7e8ddfcbb4aa57b6c7fada062e3a16d7e47e3de3-1","properties":{"facility_id":"d94043c1b6de5316dba7ea7f7e8ddfcbb4aa57b6c7fada062e3a16d7e47e3de3","point_ordinal":1,"zone_group_id":"468901013632","source_manage_no":"468901013632","facility_name":"보길성신어린이집","sgg_code":"12850","facility_type_code":"1","api_first_registered_on":"2010-08-20","api_last_modified_on":null,"updated_at":"2026-07-25T01:27:52.347112+00:00"},"geometry":{"type":"Point","coordinates":[126.573100174,34.158766855]}},{"type":"Feature","id":"3d5a0c9931a2642ee602fa06f47ec32b9887e5168b4779a92c4d8f1b83386685-1","properties":{"facility_id":"3d5a0c9931a2642ee602fa06f47ec32b9887e5168b4779a92c4d8f1b83386685","point_ordinal":1,"zone_group_id":"468901013633","source_manage_no":"468901013633","facility_name":"보길초등학교","sgg_code":"12850","facility_type_code":"1","api_first_registered_on":"2007-10-01","api_last_modified_on":null,"updated_at":"2026-07-25T01:27:52.347112+00:00"},"geometry":{"type":"Point","coordinates":[126.555173097,34.162909824]}},{"type":"Feature","id":"4dc62f0dd20fa30ca0bb7fca977ef4017a0ca8ea10cc92cb714e9a4e72d94837-1","properties":{"facility_id":"4dc62f0dd20fa30ca0bb7fca977ef4017a0ca8ea10cc92cb714e9a4e72d94837","point_ordinal":1,"zone_group_id":"468901013633","source_manage_no":"468901013634","facility_name":"보길초등학교 병설유치원","sgg_code":"12850","facility_type_code":"1","api_first_registered_on":"2007-10-01","api_last_modified_on":null,"updated_at":"2026-07-25T01:27:52.347112+00:00"},"geometry":{"type":"Point","coordinates":[126.555294888,34.162950833]}},{"type":"Feature","id":"ada9ca3d654e14bb2221972dbbe6ab16dc229066421f64a28bb34723aac28c8c-1","properties":{"facility_id":"ada9ca3d654e14bb2221972dbbe6ab16dc229066421f64a28bb34723aac28c8c","point_ordinal":1,"zone_group_id":"468901013635","source_manage_no":"468901013635","facility_name":"생영초등학교","sgg_code":"12850","facility_type_code":"1","api_first_registered_on":"2010-08-20","api_last_modified_on":null,"updated_at":"2026-07-25T01:27:52.347112+00:00"},"geometry":{"type":"Point","coordinates":[126.996895385,34.33292804]}},{"type":"Feature","id":"d76e52ec10bd2845fd02312b8e62f259b1f359f9a0d152af3ffe7b33deeb12a2-1","properties":{"facility_id":"d76e52ec10bd2845fd02312b8e62f259b1f359f9a0d152af3ffe7b33deeb12a2","point_ordinal":1,"zone_group_id":"468901013635","source_manage_no":"468901013636","facility_name":"생영초등학교 병설유치원","sgg_code":"12850","facility_type_code":"1","api_first_registered_on":"2010-08-20","api_last_modified_on":null,"updated_at":"2026-07-25T01:27:52.347112+00:00"},"geometry":{"type":"Point","coordinates":[126.996794863,34.333009171]}},{"type":"Feature","id":"d3f35e070d9f3e2924895df73b510a89a786c287a392931837060a9f970ddbbb-1","properties":{"facility_id":"d3f35e070d9f3e2924895df73b510a89a786c287a392931837060a9f970ddbbb","point_ordinal":1,"zone_group_id":"468901019001","source_manage_no":"468901019001","facility_name":"성광어린이집","sgg_code":"12850","facility_type_code":"1","api_first_registered_on":"2020-03-16","api_last_modified_on":null,"updated_at":"2026-07-25T01:27:52.347112+00:00"},"geometry":{"type":"Point","coordinates":[126.7420249,34.325302238]}},{"type":"Feature","id":"1dfe2d61bb04651257044a241b64e26a63e32300494ba0cf7aac1548e47abe65-1","properties":{"facility_id":"1dfe2d61bb04651257044a241b64e26a63e32300494ba0cf7aac1548e47abe65","point_ordinal":1,"zone_group_id":"468901013637","source_manage_no":"468901013637","facility_name":"소안중앙어린이집","sgg_code":"12850","facility_type_code":"1","api_first_registered_on":"2010-08-20","api_last_modified_on":null,"updated_at":"2026-07-25T01:27:52.347112+00:00"},"geometry":{"type":"Point","coordinates":[126.655510519,34.172311826]}},{"type":"Feature","id":"a0dddb553cd522363431b9d26a884e5e1027584ecf35933c65f4a308a9e9d5cb-1","properties":{"facility_id":"a0dddb553cd522363431b9d26a884e5e1027584ecf35933c65f4a308a9e9d5cb","point_ordinal":1,"zone_group_id":"468901013638","source_manage_no":"468901013638","facility_name":"소안초등학교","sgg_code":"12850","facility_type_code":"1","api_first_registered_on":"1996-07-30","api_last_modified_on":null,"updated_at":"2026-07-25T01:27:52.347112+00:00"},"geometry":{"type":"Point","coordinates":[126.652706644,34.171471675]}},{"type":"Feature","id":"153728571b220f2a85571b85ad42cd3409868970b9ae101589bdeeec138842a4-1","properties":{"facility_id":"153728571b220f2a85571b85ad42cd3409868970b9ae101589bdeeec138842a4","point_ordinal":1,"zone_group_id":"468901013638","source_manage_no":"468901013639","facility_name":"소안초등학교 병설유치원","sgg_code":"12850","facility_type_code":"1","api_first_registered_on":"1996-07-30","api_last_modified_on":null,"updated_at":"2026-07-25T01:27:52.347112+00:00"},"geometry":{"type":"Point","coordinates":[126.652677261,34.171363411]}},{"type":"Feature","id":"c6e120bfdce8382f2e0618e94ab20eb79b887b042f76ea518ba0ec2f8073f868-1","properties":{"facility_id":"c6e120bfdce8382f2e0618e94ab20eb79b887b042f76ea518ba0ec2f8073f868","point_ordinal":1,"zone_group_id":"468901013640","source_manage_no":"468901013640","facility_name":"신지동초등학교","sgg_code":"12850","facility_type_code":"1","api_first_registered_on":"1996-07-30","api_last_modified_on":null,"updated_at":"2026-07-25T01:27:52.347112+00:00"},"geometry":{"type":"Point","coordinates":[126.851166384,34.32686513]}},{"type":"Feature","id":"1cba2ec6bc540ee31cb6fc535c627f6f68c172c091e80b71ecb889842ec04c5b-1","properties":{"facility_id":"1cba2ec6bc540ee31cb6fc535c627f6f68c172c091e80b71ecb889842ec04c5b","point_ordinal":1,"zone_group_id":"468901013640","source_manage_no":"468901022710","facility_name":"신지동초등학교 병설유치원","sgg_code":"12850","facility_type_code":"1","api_first_registered_on":"1996-07-30","api_last_modified_on":null,"updated_at":"2026-07-25T01:27:52.347112+00:00"},"geometry":{"type":"Point","coordinates":[126.851173858,34.326984929]}},{"type":"Feature","id":"35eda4dfc16db75cd9c9c0e79159f10d7f7617f56e34bd0e76cd5eadf2e9707f-1","properties":{"facility_id":"35eda4dfc16db75cd9c9c0e79159f10d7f7617f56e34bd0e76cd5eadf2e9707f","point_ordinal":1,"zone_group_id":"468901019000","source_manage_no":"468901019000","facility_name":"신지초등학교","sgg_code":"12850","facility_type_code":"1","api_first_registered_on":"2019-08-26","api_last_modified_on":null,"updated_at":"2026-07-25T01:27:52.347112+00:00"},"geometry":{"type":"Point","coordinates":[126.830479223,34.337065439]}},{"type":"Feature","id":"5a90160401646c19314d7e7c08f42344aa5a1b1d16ed64d9620f9639537234eb-1","properties":{"facility_id":"5a90160401646c19314d7e7c08f42344aa5a1b1d16ed64d9620f9639537234eb","point_ordinal":1,"zone_group_id":"468901019000","source_manage_no":"468901022707","facility_name":"신지초등학교 병설유치원","sgg_code":"12850","facility_type_code":"1","api_first_registered_on":"2019-08-26","api_last_modified_on":null,"updated_at":"2026-07-25T01:27:52.347112+00:00"},"geometry":{"type":"Point","coordinates":[126.830372849,34.336956289]}},{"type":"Feature","id":"d5bc733c6cfec43f382eedb3f747e9dc69f31e1d27f968aa92f2462ea3543313-1","properties":{"facility_id":"d5bc733c6cfec43f382eedb3f747e9dc69f31e1d27f968aa92f2462ea3543313","point_ordinal":1,"zone_group_id":"468901021305","source_manage_no":"468901021305","facility_name":"약산초등학교","sgg_code":"12850","facility_type_code":"1","api_first_registered_on":"1996-07-30","api_last_modified_on":null,"updated_at":"2026-07-25T01:27:52.347112+00:00"},"geometry":{"type":"Point","coordinates":[126.897393803,34.393371836]}},{"type":"Feature","id":"624e15c7f84e10d2d443aa15b0d0fb466582d35db30975bc3e524dec645e675c-1","properties":{"facility_id":"624e15c7f84e10d2d443aa15b0d0fb466582d35db30975bc3e524dec645e675c","point_ordinal":1,"zone_group_id":"468901021305","source_manage_no":"468901022706","facility_name":"약산초등학교 병설유치원","sgg_code":"12850","facility_type_code":"1","api_first_registered_on":"1996-07-30","api_last_modified_on":null,"updated_at":"2026-07-25T01:27:52.347112+00:00"},"geometry":{"type":"Point","coordinates":[126.897328556,34.393449225]}},{"type":"Feature","id":"56cc96cd3bfe926811ba2b3c7b7618e8d4196fd07d5be4e412a6449d3739e857-1","properties":{"facility_id":"56cc96cd3bfe926811ba2b3c7b7618e8d4196fd07d5be4e412a6449d3739e857","point_ordinal":1,"zone_group_id":"468901023569","source_manage_no":"468901023569","facility_name":"옥토어린이집","sgg_code":"12850","facility_type_code":"1","api_first_registered_on":"2021-05-21","api_last_modified_on":null,"updated_at":"2026-07-25T01:27:52.347112+00:00"},"geometry":{"type":"Point","coordinates":[126.734883981,34.328204625]}},{"type":"Feature","id":"bef215867adfeab52190b9e788558a035102c3315ab9e302d0fa15dd8075c237-1","properties":{"facility_id":"bef215867adfeab52190b9e788558a035102c3315ab9e302d0fa15dd8075c237","point_ordinal":1,"zone_group_id":"468902021364","source_manage_no":"468902021364","facility_name":"완도군종합복지회관","sgg_code":"12850","facility_type_code":"2","api_first_registered_on":"2019-08-12","api_last_modified_on":null,"updated_at":"2026-07-25T01:27:52.347112+00:00"},"geometry":{"type":"Point","coordinates":[126.755014511,34.3123904]}},{"type":"Feature","id":"f9e3317ac50e16b3dcc6b7a4967239ff38159206ac9e9d1d1e67bd03ff110c94-1","properties":{"facility_id":"f9e3317ac50e16b3dcc6b7a4967239ff38159206ac9e9d1d1e67bd03ff110c94","point_ordinal":1,"zone_group_id":"468901013644","source_manage_no":"468901013644","facility_name":"완도어린이집","sgg_code":"12850","facility_type_code":"1","api_first_registered_on":"2010-08-20","api_last_modified_on":null,"updated_at":"2026-07-25T01:27:52.347112+00:00"},"geometry":{"type":"Point","coordinates":[126.759597213,34.311126057]}},{"type":"Feature","id":"818bb2847cb325f77002f686ae95fbc409e5e8634391d818d62b7c32654eace6-1","properties":{"facility_id":"818bb2847cb325f77002f686ae95fbc409e5e8634391d818d62b7c32654eace6","point_ordinal":1,"zone_group_id":"468901013645","source_manage_no":"468901013645","facility_name":"완도유치원","sgg_code":"12850","facility_type_code":"1","api_first_registered_on":"2007-10-07","api_last_modified_on":null,"updated_at":"2026-07-25T01:27:52.347112+00:00"},"geometry":{"type":"Point","coordinates":[126.742823804,34.322830326]}},{"type":"Feature","id":"6a19135b79aed5a5a2e7766eee07b07c7c6d9e4a21806acfbd9f6f29e3240eb1-1","properties":{"facility_id":"6a19135b79aed5a5a2e7766eee07b07c7c6d9e4a21806acfbd9f6f29e3240eb1","point_ordinal":1,"zone_group_id":"468902021366","source_manage_no":"468902021366","facility_name":"완도제일교회(제일노인대학)","sgg_code":"12850","facility_type_code":"2","api_first_registered_on":"2019-08-12","api_last_modified_on":null,"updated_at":"2026-07-25T01:27:52.347112+00:00"},"geometry":{"type":"Point","coordinates":[126.757176432,34.312880378]}},{"type":"Feature","id":"324124a9d778252e306b66ce6b71495da6cd23ff6ce0da9b7e8d80db777df63b-1","properties":{"facility_id":"324124a9d778252e306b66ce6b71495da6cd23ff6ce0da9b7e8d80db777df63b","point_ordinal":1,"zone_group_id":"468901013646","source_manage_no":"468901013646","facility_name":"완도중앙초등학교","sgg_code":"12850","facility_type_code":"1","api_first_registered_on":"1996-07-30","api_last_modified_on":null,"updated_at":"2026-07-25T01:27:52.347112+00:00"},"geometry":{"type":"Point","coordinates":[126.740417443,34.321722197]}},{"type":"Feature","id":"0cec0865975c68bf17aedbbb253166c83d612f972e3fb3124adf3f972d030f9b-1","properties":{"facility_id":"0cec0865975c68bf17aedbbb253166c83d612f972e3fb3124adf3f972d030f9b","point_ordinal":1,"zone_group_id":"468901013646","source_manage_no":"468901013647","facility_name":"완도중앙초등학교병설","sgg_code":"12850","facility_type_code":"1","api_first_registered_on":"1996-07-30","api_last_modified_on":null,"updated_at":"2026-07-25T01:27:52.347112+00:00"},"geometry":{"type":"Point","coordinates":[126.740281925,34.322048156]}},{"type":"Feature","id":"4f1e0ec1bb5a18caa887c07d3e8837f3a721563ce8ce5678bab24c5d3f0b3001-1","properties":{"facility_id":"4f1e0ec1bb5a18caa887c07d3e8837f3a721563ce8ce5678bab24c5d3f0b3001","point_ordinal":1,"zone_group_id":"468901013648","source_manage_no":"468901013648","facility_name":"완도초등학교","sgg_code":"12850","facility_type_code":"1","api_first_registered_on":"1995-06-10","api_last_modified_on":null,"updated_at":"2026-07-25T01:27:52.347112+00:00"},"geometry":{"type":"Point","coordinates":[126.760421358,34.312573945]}},{"type":"Feature","id":"3a2396fab689a7816c91661c66efe0ec72fbf1247335dcddb66cd2453b15d9b7-1","properties":{"facility_id":"3a2396fab689a7816c91661c66efe0ec72fbf1247335dcddb66cd2453b15d9b7","point_ordinal":1,"zone_group_id":"468901013648","source_manage_no":"468901013649","facility_name":"완도초등학교 병설유치원","sgg_code":"12850","facility_type_code":"1","api_first_registered_on":"1995-06-10","api_last_modified_on":null,"updated_at":"2026-07-25T01:27:52.347112+00:00"},"geometry":{"type":"Point","coordinates":[126.760318443,34.312470073]}},{"type":"Feature","id":"8ea0f9be5d77a93f09c57a579aaced98e36775bf10079cd1ba5ee02d5b60e74f-1","properties":{"facility_id":"8ea0f9be5d77a93f09c57a579aaced98e36775bf10079cd1ba5ee02d5b60e74f","point_ordinal":1,"zone_group_id":"468901013655","source_manage_no":"468901013655","facility_name":"청산초등학교","sgg_code":"12850","facility_type_code":"1","api_first_registered_on":"2007-10-01","api_last_modified_on":null,"updated_at":"2026-07-25T01:27:52.347112+00:00"},"geometry":{"type":"Point","coordinates":[126.85949234,34.182659968]}},{"type":"Feature","id":"d160521d7f09d492100c8f57d99cc69ed3d7589e05f1e1be65c6432f29827d60-1","properties":{"facility_id":"d160521d7f09d492100c8f57d99cc69ed3d7589e05f1e1be65c6432f29827d60","point_ordinal":1,"zone_group_id":"468901013655","source_manage_no":"468901013656","facility_name":"청산초등학교 병설유치원","sgg_code":"12850","facility_type_code":"1","api_first_registered_on":"2007-10-01","api_last_modified_on":null,"updated_at":"2026-07-25T01:27:52.347112+00:00"},"geometry":{"type":"Point","coordinates":[126.859687439,34.182754849]}},{"type":"Feature","id":"f6b745158513aff0faa88cc32d45e9505f403827bdd626305b1dccdb86236da8-1","properties":{"facility_id":"f6b745158513aff0faa88cc32d45e9505f403827bdd626305b1dccdb86236da8","point_ordinal":1,"zone_group_id":"468901019002","source_manage_no":"468901019002","facility_name":"청해어린이집","sgg_code":"12850","facility_type_code":"1","api_first_registered_on":"2019-05-23","api_last_modified_on":null,"updated_at":"2026-07-25T01:27:52.347112+00:00"},"geometry":{"type":"Point","coordinates":[126.730874795,34.316488809]}},{"type":"Feature","id":"5fdbc94060e9befa2d55c006dbdc922bfa4624d9de5f667c71ad1aca65d6a5be-1","properties":{"facility_id":"5fdbc94060e9befa2d55c006dbdc922bfa4624d9de5f667c71ad1aca65d6a5be","point_ordinal":1,"zone_group_id":"468901013651","source_manage_no":"468901013651","facility_name":"청해초등학교","sgg_code":"12850","facility_type_code":"1","api_first_registered_on":"1996-07-30","api_last_modified_on":null,"updated_at":"2026-07-25T01:27:52.347112+00:00"},"geometry":{"type":"Point","coordinates":[126.728112354,34.358965764]}},{"type":"Feature","id":"56f42e5509360835f8fa4091dd104d925e913f7163ecaf1ed66083f5963f136e-1","properties":{"facility_id":"56f42e5509360835f8fa4091dd104d925e913f7163ecaf1ed66083f5963f136e","point_ordinal":1,"zone_group_id":"468901013651","source_manage_no":"468901013652","facility_name":"청해초등학교 병설유치원","sgg_code":"12850","facility_type_code":"1","api_first_registered_on":"1996-07-30","api_last_modified_on":null,"updated_at":"2026-07-25T01:27:52.347112+00:00"},"geometry":{"type":"Point","coordinates":[126.728108685,34.358856294]}},{"type":"Feature","id":"b381e4534d852a7d769a781158ed70a3622456e6ce18cd509c265d0f26bb5cdc-1","properties":{"facility_id":"b381e4534d852a7d769a781158ed70a3622456e6ce18cd509c265d0f26bb5cdc","point_ordinal":1,"zone_group_id":"468901013643","source_manage_no":"468901013643","facility_name":"하나둘셋유치원","sgg_code":"12850","facility_type_code":"1","api_first_registered_on":"2007-10-01","api_last_modified_on":null,"updated_at":"2026-07-25T01:27:52.347112+00:00"},"geometry":{"type":"Point","coordinates":[126.739398549,34.311768841]}},{"type":"Feature","id":"5bf16fe6304f2dba63c7dcec4d9701fb6c3860b655b4c63b0c9c9502cc99b0a1-1","properties":{"facility_id":"5bf16fe6304f2dba63c7dcec4d9701fb6c3860b655b4c63b0c9c9502cc99b0a1","point_ordinal":1,"zone_group_id":"468901013653","source_manage_no":"468901013653","facility_name":"화흥초등학교","sgg_code":"12850","facility_type_code":"1","api_first_registered_on":"1995-06-10","api_last_modified_on":null,"updated_at":"2026-07-25T01:27:52.347112+00:00"},"geometry":{"type":"Point","coordinates":[126.701110319,34.325028673]}},{"type":"Feature","id":"d5aedf0e15dd943d59b59ac9e99765f2990c09b2eaae2f84f0a1411a9726f906-1","properties":{"facility_id":"d5aedf0e15dd943d59b59ac9e99765f2990c09b2eaae2f84f0a1411a9726f906","point_ordinal":1,"zone_group_id":"468901013653","source_manage_no":"468901013654","facility_name":"화흥초등학교 병설유치원","sgg_code":"12850","facility_type_code":"1","api_first_registered_on":"1995-06-10","api_last_modified_on":null,"updated_at":"2026-07-25T01:27:52.347112+00:00"},"geometry":{"type":"Point","coordinates":[126.701067399,34.32545783]}},{"type":"Feature","id":"4f890e7c430eaa90e6119b540b5b9eb17b8673ff4402240699b9bcaa8f7d538e-1","properties":{"facility_id":"4f890e7c430eaa90e6119b540b5b9eb17b8673ff4402240699b9bcaa8f7d538e","point_ordinal":1,"zone_group_id":"469001013726","source_manage_no":"469001013726","facility_name":"고성초등학교","sgg_code":"12860","facility_type_code":"1","api_first_registered_on":null,"api_last_modified_on":null,"updated_at":"2026-08-07T03:20:32.518807+00:00"},"geometry":{"type":"Point","coordinates":[126.321759355,34.498676817]}},{"type":"Feature","id":"d6ea0c2a976c2266f48e9e6fa6133265b73bf8c620968e9fff2a62b2533a7c75-1","properties":{"facility_id":"d6ea0c2a976c2266f48e9e6fa6133265b73bf8c620968e9fff2a62b2533a7c75","point_ordinal":1,"zone_group_id":"469001027773","source_manage_no":"469001027773","facility_name":"고성초등학교 병설유치원","sgg_code":"12860","facility_type_code":"1","api_first_registered_on":null,"api_last_modified_on":null,"updated_at":"2026-08-07T03:20:32.518807+00:00"},"geometry":{"type":"Point","coordinates":[126.321816283,34.498369518]}},{"type":"Feature","id":"2644396dcd8ff03688ca37f79b4bac5b7bbdf6b1bd065d4cfc8824b78a1d4f65-1","properties":{"facility_id":"2644396dcd8ff03688ca37f79b4bac5b7bbdf6b1bd065d4cfc8824b78a1d4f65","point_ordinal":1,"zone_group_id":"469001013731","source_manage_no":"469001013731","facility_name":"군내북초등학교","sgg_code":"12860","facility_type_code":"1","api_first_registered_on":null,"api_last_modified_on":null,"updated_at":"2026-08-07T03:20:32.518807+00:00"},"geometry":{"type":"Point","coordinates":[126.289278001,34.563401361]}},{"type":"Feature","id":"55ae475df11c578e603d9cdf45bd7b67514a68e341097d1fc813de0ec8b6b119-1","properties":{"facility_id":"55ae475df11c578e603d9cdf45bd7b67514a68e341097d1fc813de0ec8b6b119","point_ordinal":1,"zone_group_id":"469001027774","source_manage_no":"469001027774","facility_name":"군내북초등학교 병설유치원","sgg_code":"12860","facility_type_code":"1","api_first_registered_on":null,"api_last_modified_on":null,"updated_at":"2026-08-07T03:20:32.518807+00:00"},"geometry":{"type":"Point","coordinates":[126.288319072,34.56372592]}},{"type":"Feature","id":"7baae9b77c02614980a2fe3b5ef62aeb4e8571efce254f07af447d2c255807d7-1","properties":{"facility_id":"7baae9b77c02614980a2fe3b5ef62aeb4e8571efce254f07af447d2c255807d7","point_ordinal":1,"zone_group_id":"469001013733","source_manage_no":"469001013733","facility_name":"금성초등학교","sgg_code":"12860","facility_type_code":"1","api_first_registered_on":null,"api_last_modified_on":null,"updated_at":"2026-08-07T03:20:32.518807+00:00"},"geometry":{"type":"Point","coordinates":[126.293529815,34.536901195]}},{"type":"Feature","id":"f99d8460f977dd555a1cd4bf8ca4841b2401ca5f707130e5cbbb6c3ba819e4b9-1","properties":{"facility_id":"f99d8460f977dd555a1cd4bf8ca4841b2401ca5f707130e5cbbb6c3ba819e4b9","point_ordinal":1,"zone_group_id":"469001013736","source_manage_no":"469001013736","facility_name":"석교초등학교","sgg_code":"12860","facility_type_code":"1","api_first_registered_on":null,"api_last_modified_on":null,"updated_at":"2026-08-07T03:20:32.518807+00:00"},"geometry":{"type":"Point","coordinates":[126.191196613,34.405239558]}},{"type":"Feature","id":"7c0badc9230910c5d1dcfe6651c1316c45438424e1b62fa86a6423c8833e89b8-1","properties":{"facility_id":"7c0badc9230910c5d1dcfe6651c1316c45438424e1b62fa86a6423c8833e89b8","point_ordinal":1,"zone_group_id":"469001013728","source_manage_no":"469001013728","facility_name":"오산초등학교","sgg_code":"12860","facility_type_code":"1","api_first_registered_on":null,"api_last_modified_on":null,"updated_at":"2026-08-07T03:20:32.518807+00:00"},"geometry":{"type":"Point","coordinates":[126.341804011,34.491901548]}},{"type":"Feature","id":"5d682d15c5018edfe02a2ca8aa6d1d36ccc3613ef833b9c80f8570485728d824-1","properties":{"facility_id":"5d682d15c5018edfe02a2ca8aa6d1d36ccc3613ef833b9c80f8570485728d824","point_ordinal":1,"zone_group_id":"469001027775","source_manage_no":"469001027775","facility_name":"오산초등학교 병설유치원","sgg_code":"12860","facility_type_code":"1","api_first_registered_on":null,"api_last_modified_on":null,"updated_at":"2026-08-07T03:20:32.518807+00:00"},"geometry":{"type":"Point","coordinates":[126.34189361,34.491583147]}},{"type":"Feature","id":"5d7eafe1466d4f6d72eaa9ef1e199157878c6b09467907b7422090f8f14be619-1","properties":{"facility_id":"5d7eafe1466d4f6d72eaa9ef1e199157878c6b09467907b7422090f8f14be619","point_ordinal":1,"zone_group_id":"469001022670","source_manage_no":"469001022670","facility_name":"왕고개어린이집","sgg_code":"12860","facility_type_code":"1","api_first_registered_on":null,"api_last_modified_on":null,"updated_at":"2026-08-07T03:20:32.518807+00:00"},"geometry":{"type":"Point","coordinates":[126.275167708,34.467022566]}},{"type":"Feature","id":"2882cac19f22c8e3ed84265ed859efe8a7a1bcc4b2cfe48c0cc77b66eac6bbb6-1","properties":{"facility_id":"2882cac19f22c8e3ed84265ed859efe8a7a1bcc4b2cfe48c0cc77b66eac6bbb6","point_ordinal":1,"zone_group_id":"469001013730","source_manage_no":"469001013730","facility_name":"은혜어린이집","sgg_code":"12860","facility_type_code":"1","api_first_registered_on":null,"api_last_modified_on":null,"updated_at":"2026-08-07T03:20:32.518807+00:00"},"geometry":{"type":"Point","coordinates":[126.317018249,34.499501139]}},{"type":"Feature","id":"e86a8dba4ebc03e9ee997ea54a376872fe95c4241944e382899cf1f9a4f5296a-1","properties":{"facility_id":"e86a8dba4ebc03e9ee997ea54a376872fe95c4241944e382899cf1f9a4f5296a","point_ordinal":1,"zone_group_id":"469001022671","source_manage_no":"469001022671","facility_name":"의신어린이집","sgg_code":"12860","facility_type_code":"1","api_first_registered_on":null,"api_last_modified_on":null,"updated_at":"2026-08-07T03:20:32.518807+00:00"},"geometry":{"type":"Point","coordinates":[126.285912573,34.438929358]}},{"type":"Feature","id":"26503f5d3ed4f5902e1a5b8f2fa0975775e230645d8ecf5891425b1ec1fea145-1","properties":{"facility_id":"26503f5d3ed4f5902e1a5b8f2fa0975775e230645d8ecf5891425b1ec1fea145","point_ordinal":1,"zone_group_id":"469001013734","source_manage_no":"469001013734","facility_name":"의신초등학교","sgg_code":"12860","facility_type_code":"1","api_first_registered_on":null,"api_last_modified_on":null,"updated_at":"2026-08-07T03:20:32.518807+00:00"},"geometry":{"type":"Point","coordinates":[126.278020532,34.440663415]}},{"type":"Feature","id":"420a3fa9dc2ba967364f2e0fbe15213b027ee504e2422818ec9dec87f6518d62-1","properties":{"facility_id":"420a3fa9dc2ba967364f2e0fbe15213b027ee504e2422818ec9dec87f6518d62","point_ordinal":1,"zone_group_id":"469001022669","source_manage_no":"469001022669","facility_name":"의신초등학교 접도분교장","sgg_code":"12860","facility_type_code":"1","api_first_registered_on":null,"api_last_modified_on":null,"updated_at":"2026-08-07T03:20:32.518807+00:00"},"geometry":{"type":"Point","coordinates":[126.295798831,34.385864495]}},{"type":"Feature","id":"2774b7e8bd9ba29bc43895ed1c175dc31eefaff1247cfb5685e7810a8198bda2-1","properties":{"facility_id":"2774b7e8bd9ba29bc43895ed1c175dc31eefaff1247cfb5685e7810a8198bda2","point_ordinal":1,"zone_group_id":"469001013737","source_manage_no":"469001013737","facility_name":"조도초등학교","sgg_code":"12860","facility_type_code":"1","api_first_registered_on":null,"api_last_modified_on":null,"updated_at":"2026-08-07T03:20:32.518807+00:00"},"geometry":{"type":"Point","coordinates":[126.048333447,34.295854526]}},{"type":"Feature","id":"81c328d00dffa5672cf0a9b29464ca8a4fdb3047f4b285360fd257a6e060d96a-1","properties":{"facility_id":"81c328d00dffa5672cf0a9b29464ca8a4fdb3047f4b285360fd257a6e060d96a","point_ordinal":1,"zone_group_id":"469001027777","source_manage_no":"469001027777","facility_name":"조도초등학교 병설유치원","sgg_code":"12860","facility_type_code":"1","api_first_registered_on":null,"api_last_modified_on":"2025-08-19","updated_at":"2026-08-07T03:20:32.518807+00:00"},"geometry":{"type":"Point","coordinates":[126.048712923,34.295673805]}},{"type":"Feature","id":"8ee58ad7378091ea5f1e76c47c0e1ac8c1b10d96a759caf179511234ff7c7d1e-1","properties":{"facility_id":"8ee58ad7378091ea5f1e76c47c0e1ac8c1b10d96a759caf179511234ff7c7d1e","point_ordinal":1,"zone_group_id":"469001013739","source_manage_no":"469001013739","facility_name":"지산초등학교","sgg_code":"12860","facility_type_code":"1","api_first_registered_on":null,"api_last_modified_on":null,"updated_at":"2026-08-07T03:20:32.518807+00:00"},"geometry":{"type":"Point","coordinates":[126.166748049,34.422523417]}},{"type":"Feature","id":"69f6a406970e593d532610931d14eb079d137d5d42045380f02e9bbe7e94a6f3-1","properties":{"facility_id":"69f6a406970e593d532610931d14eb079d137d5d42045380f02e9bbe7e94a6f3","point_ordinal":1,"zone_group_id":"469001013742","source_manage_no":"469001013742","facility_name":"진도서초등학교","sgg_code":"12860","facility_type_code":"1","api_first_registered_on":null,"api_last_modified_on":null,"updated_at":"2026-08-07T03:20:32.518807+00:00"},"geometry":{"type":"Point","coordinates":[126.241075331,34.498432409]}},{"type":"Feature","id":"55699df588cf1c67e264a132de45aeee5aa1e4d2ec4ddd0e1f766c8352db8bf0-1","properties":{"facility_id":"55699df588cf1c67e264a132de45aeee5aa1e4d2ec4ddd0e1f766c8352db8bf0","point_ordinal":1,"zone_group_id":"469001027776","source_manage_no":"469001027776","facility_name":"진도서초등학교 병설유치원","sgg_code":"12860","facility_type_code":"1","api_first_registered_on":null,"api_last_modified_on":null,"updated_at":"2026-08-07T03:20:32.518807+00:00"},"geometry":{"type":"Point","coordinates":[126.240334491,34.498483018]}},{"type":"Feature","id":"1e9b19bcef04197d0c1be3ebd30ce04caacf6d3bb8db84292063580ff4914784-1","properties":{"facility_id":"1e9b19bcef04197d0c1be3ebd30ce04caacf6d3bb8db84292063580ff4914784","point_ordinal":1,"zone_group_id":"469001013744","source_manage_no":"469001013744","facility_name":"진도어린이집","sgg_code":"12860","facility_type_code":"1","api_first_registered_on":null,"api_last_modified_on":null,"updated_at":"2026-08-07T03:20:32.518807+00:00"},"geometry":{"type":"Point","coordinates":[126.275112473,34.485661186]}},{"type":"Feature","id":"4ae65cbe5f31c7fdd0ecf89ca0eac3bc1d0c42c424307f60dadab2d9e4ac5e39-1","properties":{"facility_id":"4ae65cbe5f31c7fdd0ecf89ca0eac3bc1d0c42c424307f60dadab2d9e4ac5e39","point_ordinal":1,"zone_group_id":"469001013745","source_manage_no":"469001013745","facility_name":"진도유치원","sgg_code":"12860","facility_type_code":"1","api_first_registered_on":null,"api_last_modified_on":null,"updated_at":"2026-08-07T03:20:32.518807+00:00"},"geometry":{"type":"Point","coordinates":[126.267038637,34.482991974]}},{"type":"Feature","id":"d9595b2add03b8cb42cace3668c23aacdba281f3992591335850dfff924c2ba8-1","properties":{"facility_id":"d9595b2add03b8cb42cace3668c23aacdba281f3992591335850dfff924c2ba8","point_ordinal":1,"zone_group_id":"469001013741","source_manage_no":"469001013741","facility_name":"진도중앙유치원","sgg_code":"12860","facility_type_code":"1","api_first_registered_on":null,"api_last_modified_on":null,"updated_at":"2026-08-07T03:20:32.518807+00:00"},"geometry":{"type":"Point","coordinates":[126.26279312,34.485104231]}},{"type":"Feature","id":"487b769989e110d149615ff6268793f086aec3b7f445ebd5b0697dbb3d2f3fab-1","properties":{"facility_id":"487b769989e110d149615ff6268793f086aec3b7f445ebd5b0697dbb3d2f3fab","point_ordinal":1,"zone_group_id":"469001013746","source_manage_no":"469001013746","facility_name":"진도초등학교","sgg_code":"12860","facility_type_code":"1","api_first_registered_on":null,"api_last_modified_on":null,"updated_at":"2026-08-07T03:20:32.518807+00:00"},"geometry":{"type":"Point","coordinates":[126.265387577,34.486412535]}},{"type":"Feature","id":"a9ae55305a6032e31636df9c4a6c1b049c27b37cdd09aae19622ee3d4997075d-1","properties":{"facility_id":"a9ae55305a6032e31636df9c4a6c1b049c27b37cdd09aae19622ee3d4997075d","point_ordinal":1,"zone_group_id":"469102021358","source_manage_no":"469102021358","facility_name":"금포경로당","sgg_code":"12870","facility_type_code":"2","api_first_registered_on":"2020-07-14","api_last_modified_on":null,"updated_at":"2026-07-25T01:27:52.347112+00:00"},"geometry":{"type":"Point","coordinates":[126.046503321,34.869984758]}},{"type":"Feature","id":"bded061a264fd17f606421e6900232603969a906588171239544b60812057764-1","properties":{"facility_id":"bded061a264fd17f606421e6900232603969a906588171239544b60812057764","point_ordinal":1,"zone_group_id":"469102024060","source_manage_no":"469102024060","facility_name":"기동경로당","sgg_code":"12870","facility_type_code":"2","api_first_registered_on":"2021-05-01","api_last_modified_on":null,"updated_at":"2026-07-25T01:27:52.347112+00:00"},"geometry":{"type":"Point","coordinates":[126.051521005,34.559482103]}},{"type":"Feature","id":"a3d89160928c5c75270ec9d444e921c87a78db65a40c47edf92f2d8b1bdc1067-1","properties":{"facility_id":"a3d89160928c5c75270ec9d444e921c87a78db65a40c47edf92f2d8b1bdc1067","point_ordinal":1,"zone_group_id":"469102021359","source_manage_no":"469102021359","facility_name":"대리경로당","sgg_code":"12870","facility_type_code":"2","api_first_registered_on":"2020-07-14","api_last_modified_on":null,"updated_at":"2026-07-25T01:27:52.347112+00:00"},"geometry":{"type":"Point","coordinates":[126.169222777,34.714716584]}},{"type":"Feature","id":"f187a6f2622425aea2edec2465fecbefa66e672c019f319a51d6847eac6ce30d-1","properties":{"facility_id":"f187a6f2622425aea2edec2465fecbefa66e672c019f319a51d6847eac6ce30d","point_ordinal":1,"zone_group_id":"469102021356","source_manage_no":"469102021356","facility_name":"대산두경로회관","sgg_code":"12870","facility_type_code":"2","api_first_registered_on":"2019-12-30","api_last_modified_on":null,"updated_at":"2026-07-25T01:27:52.347112+00:00"},"geometry":{"type":"Point","coordinates":[126.131664222,34.780114495]}},{"type":"Feature","id":"539794218c78bf7b2ea95f2a9c6c71703285894866a29f5137332488f49142c5-1","properties":{"facility_id":"539794218c78bf7b2ea95f2a9c6c71703285894866a29f5137332488f49142c5","point_ordinal":1,"zone_group_id":"469101013397","source_manage_no":"469101013397","facility_name":"도초초등학교","sgg_code":"12870","facility_type_code":"1","api_first_registered_on":"2012-05-01","api_last_modified_on":"2025-05-30","updated_at":"2026-07-25T01:27:52.347112+00:00"},"geometry":{"type":"Point","coordinates":[125.963848318,34.690396309]}},{"type":"Feature","id":"183a2d87541e1a7163bad598e9b2714d6e9593f1dab5146106a10b340daff230-1","properties":{"facility_id":"183a2d87541e1a7163bad598e9b2714d6e9593f1dab5146106a10b340daff230","point_ordinal":1,"zone_group_id":"469101013397","source_manage_no":"469101013398","facility_name":"도초초등학교 병설유치원","sgg_code":"12870","facility_type_code":"1","api_first_registered_on":"2012-05-01","api_last_modified_on":"2025-05-30","updated_at":"2026-07-25T01:27:52.347112+00:00"},"geometry":{"type":"Point","coordinates":[125.96383887,34.690497633]}},{"type":"Feature","id":"52cd89b2828df29e750d177a4b3947c8a53cc1ebf53171fc73dcf14cb6831136-1","properties":{"facility_id":"52cd89b2828df29e750d177a4b3947c8a53cc1ebf53171fc73dcf14cb6831136","point_ordinal":1,"zone_group_id":"469102024058","source_manage_no":"469102024058","facility_name":"모룡경로당","sgg_code":"12870","facility_type_code":"2","api_first_registered_on":"2021-05-01","api_last_modified_on":null,"updated_at":"2026-07-25T01:27:52.347112+00:00"},"geometry":{"type":"Point","coordinates":[126.093520933,34.585623107]}},{"type":"Feature","id":"953a4de83b7d2e1598c9b091da937ac0ab05fc3c0e9a552341feda6d82aeb0d1-1","properties":{"facility_id":"953a4de83b7d2e1598c9b091da937ac0ab05fc3c0e9a552341feda6d82aeb0d1","point_ordinal":1,"zone_group_id":"469101021347","source_manage_no":"469101021347","facility_name":"비금동초등학교","sgg_code":"12870","facility_type_code":"1","api_first_registered_on":"2020-08-19","api_last_modified_on":"2025-05-30","updated_at":"2026-07-25T01:27:52.347112+00:00"},"geometry":{"type":"Point","coordinates":[125.979967908,34.784146012]}},{"type":"Feature","id":"17a43390dff6092dce203276e46e2eaf26f2725fb5aef7917d38a59ac07cbfbd-1","properties":{"facility_id":"17a43390dff6092dce203276e46e2eaf26f2725fb5aef7917d38a59ac07cbfbd","point_ordinal":1,"zone_group_id":"469101013400","source_manage_no":"469101013400","facility_name":"비금초등학교","sgg_code":"12870","facility_type_code":"1","api_first_registered_on":"2015-10-12","api_last_modified_on":"2025-05-30","updated_at":"2026-07-25T01:27:52.347112+00:00"},"geometry":{"type":"Point","coordinates":[125.920571157,34.76014996]}},{"type":"Feature","id":"b7d5b29bcbe1a36b411dd7eab96a6fdde43da8fe53381d6e1c39b2f4a7e7fea9-1","properties":{"facility_id":"b7d5b29bcbe1a36b411dd7eab96a6fdde43da8fe53381d6e1c39b2f4a7e7fea9","point_ordinal":1,"zone_group_id":"469101013400","source_manage_no":"469101013399","facility_name":"비금초등학교 병설유치원","sgg_code":"12870","facility_type_code":"1","api_first_registered_on":"2015-10-12","api_last_modified_on":"2025-05-30","updated_at":"2026-07-25T01:27:52.347112+00:00"},"geometry":{"type":"Point","coordinates":[125.920493159,34.760268699]}},{"type":"Feature","id":"d35257cdd7ff60a9ec0c301c0aa7b4ab71d425bae122421b298d06c5a1211947-1","properties":{"facility_id":"d35257cdd7ff60a9ec0c301c0aa7b4ab71d425bae122421b298d06c5a1211947","point_ordinal":1,"zone_group_id":"469102021351","source_manage_no":"469102021351","facility_name":"신석경로당","sgg_code":"12870","facility_type_code":"2","api_first_registered_on":"2019-12-30","api_last_modified_on":null,"updated_at":"2026-07-25T01:27:52.347112+00:00"},"geometry":{"type":"Point","coordinates":[126.128867195,34.858802737]}},{"type":"Feature","id":"2d1dd1bf3df24dfa7e302df1f89e3e7f1a99edc4cebc85397283f7e821578b99-1","properties":{"facility_id":"2d1dd1bf3df24dfa7e302df1f89e3e7f1a99edc4cebc85397283f7e821578b99","point_ordinal":1,"zone_group_id":"469101025571","source_manage_no":"469101025571","facility_name":"신안 북부 하나 어린이집","sgg_code":"12870","facility_type_code":"1","api_first_registered_on":"2022-05-16","api_last_modified_on":"2025-05-30","updated_at":"2026-07-25T01:27:52.347112+00:00"},"geometry":{"type":"Point","coordinates":[126.203480742,35.060187445]}},{"type":"Feature","id":"520ae8cfda7ef596ccc4e1f97e8a15b1a2f32c43d4c5f303d36f33b1db9ea275-1","properties":{"facility_id":"520ae8cfda7ef596ccc4e1f97e8a15b1a2f32c43d4c5f303d36f33b1db9ea275","point_ordinal":1,"zone_group_id":"469101013402","source_manage_no":"469101013402","facility_name":"신의초등학교","sgg_code":"12870","facility_type_code":"1","api_first_registered_on":"2015-10-12","api_last_modified_on":"2025-05-30","updated_at":"2026-07-25T01:27:52.347112+00:00"},"geometry":{"type":"Point","coordinates":[126.095265694,34.582905651]}},{"type":"Feature","id":"f75f87fe2af06cd0682edd43dae756b61b1766ccfe122033e05b6fb3250b2c49-1","properties":{"facility_id":"f75f87fe2af06cd0682edd43dae756b61b1766ccfe122033e05b6fb3250b2c49","point_ordinal":1,"zone_group_id":"469101013402","source_manage_no":"469101013401","facility_name":"신의초등학교 병설유치원","sgg_code":"12870","facility_type_code":"1","api_first_registered_on":"2015-10-12","api_last_modified_on":"2025-05-30","updated_at":"2026-07-25T01:27:52.347112+00:00"},"geometry":{"type":"Point","coordinates":[126.095221272,34.582981942]}},{"type":"Feature","id":"d53c25f069fcd51672b9f0fc35761ed9a66114c9d5e59bc7de34b37f0d2e6c10-1","properties":{"facility_id":"d53c25f069fcd51672b9f0fc35761ed9a66114c9d5e59bc7de34b37f0d2e6c10","point_ordinal":1,"zone_group_id":"469101013403","source_manage_no":"469101013403","facility_name":"안좌초등학교","sgg_code":"12870","facility_type_code":"1","api_first_registered_on":"2012-05-01","api_last_modified_on":"2025-05-30","updated_at":"2026-07-25T01:27:52.347112+00:00"},"geometry":{"type":"Point","coordinates":[126.125149287,34.754156544]}},{"type":"Feature","id":"d760fab51bdd353b1a2371c639076ed920f8d8df0bc9a02ba83e7129fc68d8ff-1","properties":{"facility_id":"d760fab51bdd353b1a2371c639076ed920f8d8df0bc9a02ba83e7129fc68d8ff","point_ordinal":1,"zone_group_id":"469101013403","source_manage_no":"469101013404","facility_name":"안좌초등학교 병설유치원","sgg_code":"12870","facility_type_code":"1","api_first_registered_on":"2012-05-01","api_last_modified_on":"2025-05-30","updated_at":"2026-07-25T01:27:52.347112+00:00"},"geometry":{"type":"Point","coordinates":[126.12505231,34.754031907]}},{"type":"Feature","id":"5b801cf04b492a6040bee8d8778d90872615904c478c60ce863e1ed51c549046-1","properties":{"facility_id":"5b801cf04b492a6040bee8d8778d90872615904c478c60ce863e1ed51c549046","point_ordinal":1,"zone_group_id":"469101021345","source_manage_no":"469101021345","facility_name":"암태초등학교","sgg_code":"12870","facility_type_code":"1","api_first_registered_on":"2020-08-19","api_last_modified_on":"2025-05-30","updated_at":"2026-07-25T01:27:52.347112+00:00"},"geometry":{"type":"Point","coordinates":[126.10823181,34.828895573]}},{"type":"Feature","id":"b635627ecc27cfda67a918bb76d031a2b0c64c39838eb07fa9230422b82cc74a-1","properties":{"facility_id":"b635627ecc27cfda67a918bb76d031a2b0c64c39838eb07fa9230422b82cc74a","point_ordinal":1,"zone_group_id":"469101013408","source_manage_no":"469101013408","facility_name":"압해동초등학교","sgg_code":"12870","facility_type_code":"1","api_first_registered_on":"2009-07-01","api_last_modified_on":"2025-05-30","updated_at":"2026-07-25T01:27:52.347112+00:00"},"geometry":{"type":"Point","coordinates":[126.354143093,34.840717549]}},{"type":"Feature","id":"b6bf8572b4dcabcab4f751ab4dd784dda50c58682e3a88e19e5911993e5dfd5d-1","properties":{"facility_id":"b6bf8572b4dcabcab4f751ab4dd784dda50c58682e3a88e19e5911993e5dfd5d","point_ordinal":1,"zone_group_id":"469101013408","source_manage_no":"469101013405","facility_name":"압해동초등학교 병설유치원","sgg_code":"12870","facility_type_code":"1","api_first_registered_on":"2009-07-01","api_last_modified_on":"2025-05-30","updated_at":"2026-07-25T01:27:52.347112+00:00"},"geometry":{"type":"Point","coordinates":[126.354304576,34.840689111]}},{"type":"Feature","id":"9c2f7704b124a40dc67806130bbd62ac4cf93f41a90d0fbd9058b065fccca0bf-1","properties":{"facility_id":"9c2f7704b124a40dc67806130bbd62ac4cf93f41a90d0fbd9058b065fccca0bf","point_ordinal":1,"zone_group_id":"469101013409","source_manage_no":"469101013409","facility_name":"압해서초등학교","sgg_code":"12870","facility_type_code":"1","api_first_registered_on":"2009-07-01","api_last_modified_on":"2025-06-09","updated_at":"2026-07-25T01:27:52.347112+00:00"},"geometry":{"type":"Point","coordinates":[126.273304559,34.862066919]}},{"type":"Feature","id":"bd8a226b8948d696cd3fc968172b0a20012071b37eac5fd7c393ae7ae0921c92-1","properties":{"facility_id":"bd8a226b8948d696cd3fc968172b0a20012071b37eac5fd7c393ae7ae0921c92","point_ordinal":1,"zone_group_id":"469101013409","source_manage_no":"469101013406","facility_name":"압해서초등학교 병설유치원","sgg_code":"12870","facility_type_code":"1","api_first_registered_on":"2010-12-22","api_last_modified_on":"2025-12-03","updated_at":"2026-07-25T01:27:52.347112+00:00"},"geometry":{"type":"Point","coordinates":[126.273304435,34.862081002]}},{"type":"Feature","id":"b0e41732a280243c8998af0154abf747e47b52b520c9d8d22a8b32deb3aa33e0-1","properties":{"facility_id":"b0e41732a280243c8998af0154abf747e47b52b520c9d8d22a8b32deb3aa33e0","point_ordinal":1,"zone_group_id":"469101013410","source_manage_no":"469101013410","facility_name":"압해초등학교","sgg_code":"12870","facility_type_code":"1","api_first_registered_on":"2009-07-01","api_last_modified_on":"2025-05-30","updated_at":"2026-07-25T01:27:52.347112+00:00"},"geometry":{"type":"Point","coordinates":[126.309296982,34.867091991]}},{"type":"Feature","id":"74d81bdcdd8acc70510b6478559f998ed88cc3f77f1a3dd92cc7440a210c1087-1","properties":{"facility_id":"74d81bdcdd8acc70510b6478559f998ed88cc3f77f1a3dd92cc7440a210c1087","point_ordinal":1,"zone_group_id":"469101013410","source_manage_no":"469101013407","facility_name":"압해초등학교 병설유치원","sgg_code":"12870","facility_type_code":"1","api_first_registered_on":"2010-12-22","api_last_modified_on":"2025-05-30","updated_at":"2026-07-25T01:27:52.347112+00:00"},"geometry":{"type":"Point","coordinates":[126.309329073,34.867177804]}},{"type":"Feature","id":"4fa2fde64b0a64696fcf1a3deea9c8b964515a8513f017eaa23ecdc4f4b79d9e-1","properties":{"facility_id":"4fa2fde64b0a64696fcf1a3deea9c8b964515a8513f017eaa23ecdc4f4b79d9e","point_ordinal":1,"zone_group_id":"469102024056","source_manage_no":"469102024056","facility_name":"오림4구 경로당","sgg_code":"12870","facility_type_code":"2","api_first_registered_on":"2021-05-01","api_last_modified_on":null,"updated_at":"2026-07-25T01:27:52.347112+00:00"},"geometry":{"type":"Point","coordinates":[126.046883687,34.583458215]}},{"type":"Feature","id":"2053e8ffa01659533d466524a7849a69dcbbeb807935d11adc213a19ee4f309d-1","properties":{"facility_id":"2053e8ffa01659533d466524a7849a69dcbbeb807935d11adc213a19ee4f309d","point_ordinal":1,"zone_group_id":"469101021344","source_manage_no":"469101021344","facility_name":"임자남초등학교","sgg_code":"12870","facility_type_code":"1","api_first_registered_on":"2020-08-19","api_last_modified_on":"2025-06-09","updated_at":"2026-07-25T01:27:52.347112+00:00"},"geometry":{"type":"Point","coordinates":[126.077460154,35.084207111]}},{"type":"Feature","id":"477f5599a3c1cf9f54c9df50116da00174fad229464642622f8f4867c9623521-1","properties":{"facility_id":"477f5599a3c1cf9f54c9df50116da00174fad229464642622f8f4867c9623521","point_ordinal":1,"zone_group_id":"469101013411","source_manage_no":"469101013411","facility_name":"임자초등학교","sgg_code":"12870","facility_type_code":"1","api_first_registered_on":"2010-12-22","api_last_modified_on":"2025-05-30","updated_at":"2026-07-25T01:27:52.347112+00:00"},"geometry":{"type":"Point","coordinates":[126.101177556,35.089703204]}},{"type":"Feature","id":"98393991624b68e0575a24d01766463d0781921519b601eaf17c589488efc7ec-1","properties":{"facility_id":"98393991624b68e0575a24d01766463d0781921519b601eaf17c589488efc7ec","point_ordinal":1,"zone_group_id":"469101013411","source_manage_no":"469101013412","facility_name":"임자초등학교 병설유치원","sgg_code":"12870","facility_type_code":"1","api_first_registered_on":"2010-12-22","api_last_modified_on":"2025-05-30","updated_at":"2026-07-25T01:27:52.347112+00:00"},"geometry":{"type":"Point","coordinates":[126.101290194,35.089681505]}},{"type":"Feature","id":"5206442de03d9da2e0d131ce583bcc35dc3fc2e6bde517e102dadc56007baf61-1","properties":{"facility_id":"5206442de03d9da2e0d131ce583bcc35dc3fc2e6bde517e102dadc56007baf61","point_ordinal":1,"zone_group_id":"469101013414","source_manage_no":"469101013414","facility_name":"자은초등학교","sgg_code":"12870","facility_type_code":"1","api_first_registered_on":"2015-10-12","api_last_modified_on":"2025-05-30","updated_at":"2026-07-25T01:27:52.347112+00:00"},"geometry":{"type":"Point","coordinates":[126.047483618,34.89078885]}},{"type":"Feature","id":"e36b7a7b0306fd304bd78dd2094c3cdf2537e936c2023ac08cd61a57d6843bd6-1","properties":{"facility_id":"e36b7a7b0306fd304bd78dd2094c3cdf2537e936c2023ac08cd61a57d6843bd6","point_ordinal":1,"zone_group_id":"469101013414","source_manage_no":"469101013413","facility_name":"자은초등학교 병설유치원","sgg_code":"12870","facility_type_code":"1","api_first_registered_on":"2015-10-12","api_last_modified_on":"2025-05-30","updated_at":"2026-07-25T01:27:52.347112+00:00"},"geometry":{"type":"Point","coordinates":[126.047501616,34.890888141]}},{"type":"Feature","id":"30c6d2cfd0110a9a75bc0e3dc7da237a4f34948d5669c4d19f9a338a31c3cfff-1","properties":{"facility_id":"30c6d2cfd0110a9a75bc0e3dc7da237a4f34948d5669c4d19f9a338a31c3cfff","point_ordinal":1,"zone_group_id":"469101013416","source_manage_no":"469101013416","facility_name":"장산초등학교","sgg_code":"12870","facility_type_code":"1","api_first_registered_on":"2015-10-12","api_last_modified_on":"2025-05-30","updated_at":"2026-07-25T01:27:52.347112+00:00"},"geometry":{"type":"Point","coordinates":[126.144833035,34.638019618]}},{"type":"Feature","id":"0486afb05053b11b4ad4ff70c6e2d2c596a260198473351b5ae040a484f13638-1","properties":{"facility_id":"0486afb05053b11b4ad4ff70c6e2d2c596a260198473351b5ae040a484f13638","point_ordinal":1,"zone_group_id":"469101013416","source_manage_no":"469101013415","facility_name":"장산초등학교 병설유치원","sgg_code":"12870","facility_type_code":"1","api_first_registered_on":"2015-10-12","api_last_modified_on":"2025-05-30","updated_at":"2026-07-25T01:27:52.347112+00:00"},"geometry":{"type":"Point","coordinates":[126.144806419,34.637956333]}},{"type":"Feature","id":"eaf9693b280575a9d97a4683a6447557b775ebede48d14c49073d7e8adb6c9f0-1","properties":{"facility_id":"eaf9693b280575a9d97a4683a6447557b775ebede48d14c49073d7e8adb6c9f0","point_ordinal":1,"zone_group_id":"469101013418","source_manage_no":"469101013418","facility_name":"증도초등학교","sgg_code":"12870","facility_type_code":"1","api_first_registered_on":"2011-12-31","api_last_modified_on":"2025-05-30","updated_at":"2026-07-25T01:27:52.347112+00:00"},"geometry":{"type":"Point","coordinates":[126.137068315,35.001683377]}},{"type":"Feature","id":"7c8c31f0d99821c74303877865c17026481af33d52fa655a479b3da16533809d-1","properties":{"facility_id":"7c8c31f0d99821c74303877865c17026481af33d52fa655a479b3da16533809d","point_ordinal":1,"zone_group_id":"469101013418","source_manage_no":"469101013417","facility_name":"증도초등학교병설유치원","sgg_code":"12870","facility_type_code":"1","api_first_registered_on":"2011-07-01","api_last_modified_on":null,"updated_at":"2026-07-25T01:27:52.347112+00:00"},"geometry":{"type":"Point","coordinates":[126.137215735,35.001727239]}},{"type":"Feature","id":"f911b21ca59d09bc96fc634268d2feaff0710593a25cbc5c157355e925e24666-1","properties":{"facility_id":"f911b21ca59d09bc96fc634268d2feaff0710593a25cbc5c157355e925e24666","point_ordinal":1,"zone_group_id":"469101025540","source_manage_no":"469101025540","facility_name":"지도 천사어린이집","sgg_code":"12870","facility_type_code":"1","api_first_registered_on":"2021-05-01","api_last_modified_on":"2025-05-30","updated_at":"2026-07-25T01:27:52.347112+00:00"},"geometry":{"type":"Point","coordinates":[126.227287868,35.060436083]}},{"type":"Feature","id":"e14228a0920d71638f8a5ba0986083e2d86e7c3269fe2acd8aee90787389e7ae-1","properties":{"facility_id":"e14228a0920d71638f8a5ba0986083e2d86e7c3269fe2acd8aee90787389e7ae","point_ordinal":1,"zone_group_id":"469101013420","source_manage_no":"469101013420","facility_name":"지도초등학교","sgg_code":"12870","facility_type_code":"1","api_first_registered_on":"2015-10-12","api_last_modified_on":"2025-05-30","updated_at":"2026-07-25T01:27:52.347112+00:00"},"geometry":{"type":"Point","coordinates":[126.206769111,35.062561401]}},{"type":"Feature","id":"ba4e22aeadfd7bc7b36414e37a149ffb39bcee062245581b8e445d3120ecce6d-1","properties":{"facility_id":"ba4e22aeadfd7bc7b36414e37a149ffb39bcee062245581b8e445d3120ecce6d","point_ordinal":1,"zone_group_id":"469101013420","source_manage_no":"469101013419","facility_name":"지도초등학교 병설유치원","sgg_code":"12870","facility_type_code":"1","api_first_registered_on":"2015-10-12","api_last_modified_on":"2025-05-30","updated_at":"2026-07-25T01:27:52.347112+00:00"},"geometry":{"type":"Point","coordinates":[126.206952282,35.062607666]}},{"type":"Feature","id":"7146825664b0957f45801f90fece50a18fe39e0bd4e268b627c7cc2129dfee6a-1","properties":{"facility_id":"7146825664b0957f45801f90fece50a18fe39e0bd4e268b627c7cc2129dfee6a","point_ordinal":1,"zone_group_id":"469101013422","source_manage_no":"469101013422","facility_name":"팔금초등학교","sgg_code":"12870","facility_type_code":"1","api_first_registered_on":"2015-10-12","api_last_modified_on":"2025-05-30","updated_at":"2026-07-25T01:27:52.347112+00:00"},"geometry":{"type":"Point","coordinates":[126.144245799,34.78527565]}},{"type":"Feature","id":"2aff182081cacc7163548911ed5f5cab762d61e768f23935759be465f0881619-1","properties":{"facility_id":"2aff182081cacc7163548911ed5f5cab762d61e768f23935759be465f0881619","point_ordinal":1,"zone_group_id":"469101013422","source_manage_no":"469101013421","facility_name":"팔금초등학교병설유치원","sgg_code":"12870","facility_type_code":"1","api_first_registered_on":"2015-10-12","api_last_modified_on":"2025-05-30","updated_at":"2026-07-25T01:27:52.347112+00:00"},"geometry":{"type":"Point","coordinates":[126.144104384,34.785216066]}},{"type":"Feature","id":"08c4c794d1195e867afe4cd2d62d812b233558526b78dc38b9565809e57a5f69-1","properties":{"facility_id":"08c4c794d1195e867afe4cd2d62d812b233558526b78dc38b9565809e57a5f69","point_ordinal":1,"zone_group_id":"469102021357","source_manage_no":"469102021357","facility_name":"하동3구 원목노인정(하태경로당)","sgg_code":"12870","facility_type_code":"2","api_first_registered_on":"2019-12-30","api_last_modified_on":null,"updated_at":"2026-07-25T01:27:52.347112+00:00"},"geometry":{"type":"Point","coordinates":[126.064994057,34.552909461]}},{"type":"Feature","id":"a5d9fa906b2593ae3ca9efd3f29537fbc0632a3ba18c2f30018712805e116c71-1","properties":{"facility_id":"a5d9fa906b2593ae3ca9efd3f29537fbc0632a3ba18c2f30018712805e116c71","point_ordinal":1,"zone_group_id":"469101013423","source_manage_no":"469101013423","facility_name":"하의초등학교","sgg_code":"12870","facility_type_code":"1","api_first_registered_on":"2011-12-31","api_last_modified_on":"2025-05-30","updated_at":"2026-07-25T01:27:52.347112+00:00"},"geometry":{"type":"Point","coordinates":[126.035409859,34.601002352]}},{"type":"Feature","id":"1d171ed376a9b73c8c79978a00f1446b883f79d648f3b85c3ba8143174064004-1","properties":{"facility_id":"1d171ed376a9b73c8c79978a00f1446b883f79d648f3b85c3ba8143174064004","point_ordinal":1,"zone_group_id":"469101013423","source_manage_no":"469101013424","facility_name":"하의초등학교 병설유치원","sgg_code":"12870","facility_type_code":"1","api_first_registered_on":"2011-12-31","api_last_modified_on":"2025-05-30","updated_at":"2026-07-25T01:27:52.347112+00:00"},"geometry":{"type":"Point","coordinates":[126.035338367,34.600821508]}},{"type":"Feature","id":"f6b0fd6b0d90f54235703215f95d7ded70bb7043e08f2cf5fa1bcae0f64e0612-1","properties":{"facility_id":"f6b0fd6b0d90f54235703215f95d7ded70bb7043e08f2cf5fa1bcae0f64e0612","point_ordinal":1,"zone_group_id":"469102021355","source_manage_no":"469102021355","facility_name":"활목경로당","sgg_code":"12870","facility_type_code":"2","api_first_registered_on":"2019-12-30","api_last_modified_on":null,"updated_at":"2026-07-25T01:27:52.347112+00:00"},"geometry":{"type":"Point","coordinates":[126.122798262,34.847843609]}},{"type":"Feature","id":"d6287eaad1d183dc48152d04da5fad8e71e9a04a3a608f39b686a54d6701f5e8-1","properties":{"facility_id":"d6287eaad1d183dc48152d04da5fad8e71e9a04a3a608f39b686a54d6701f5e8","point_ordinal":1,"zone_group_id":"469101013426","source_manage_no":"469101013426","facility_name":"흑산초등학교","sgg_code":"12870","facility_type_code":"1","api_first_registered_on":"2015-10-12","api_last_modified_on":"2025-05-30","updated_at":"2026-07-25T01:27:52.347112+00:00"},"geometry":{"type":"Point","coordinates":[125.427755245,34.684324427]}},{"type":"Feature","id":"d6a1b7183854da9e3a0e7b2d0819143787079b7f10ab19f7ee6090fcb1f3bfb1-1","properties":{"facility_id":"d6a1b7183854da9e3a0e7b2d0819143787079b7f10ab19f7ee6090fcb1f3bfb1","point_ordinal":1,"zone_group_id":"469101013426","source_manage_no":"469101013425","facility_name":"흑산초등학교 병설유치원","sgg_code":"12870","facility_type_code":"1","api_first_registered_on":"2015-10-12","api_last_modified_on":"2025-05-30","updated_at":"2026-07-25T01:27:52.347112+00:00"},"geometry":{"type":"Point","coordinates":[125.427750601,34.684425765]}}]}