{"type":"FeatureCollection","features":[{"type":"Feature","id":"c8f09a29d3ca4dea027c5a8eb62484a811965c6a76d671d9a20296d861a87108-1","properties":{"facility_id":"c8f09a29d3ca4dea027c5a8eb62484a811965c6a76d671d9a20296d861a87108","point_ordinal":1,"zone_group_id":"271102008644","source_manage_no":"271102008644","facility_name":"달성공원","sgg_code":"27110","facility_type_code":"2","api_first_registered_on":"2014-01-13","api_last_modified_on":null,"updated_at":"2026-07-25T01:27:52.347112+00:00"},"geometry":{"type":"Point","coordinates":[128.579904259,35.873686818]}},{"type":"Feature","id":"ea6a7d9d76985d1a9d51be5da2f2caa2a8b46a464f793882677707118548059c-1","properties":{"facility_id":"ea6a7d9d76985d1a9d51be5da2f2caa2a8b46a464f793882677707118548059c","point_ordinal":1,"zone_group_id":"271102027963","source_manage_no":"271102027963","facility_name":"대구향교","sgg_code":"27110","facility_type_code":"2","api_first_registered_on":"2024-07-01","api_last_modified_on":null,"updated_at":"2026-07-25T01:27:52.347112+00:00"},"geometry":{"type":"Point","coordinates":[128.596032647,35.859622942]}},{"type":"Feature","id":"3de4c8e06834415195475bdbfa42d6eeff23ef49b0803f4f571de25eef06bd73-1","properties":{"facility_id":"3de4c8e06834415195475bdbfa42d6eeff23ef49b0803f4f571de25eef06bd73","point_ordinal":1,"zone_group_id":"271101026588","source_manage_no":"271101026588","facility_name":"계성유치원","sgg_code":"27110","facility_type_code":"1","api_first_registered_on":"1997-10-10","api_last_modified_on":null,"updated_at":"2026-07-25T01:27:52.347112+00:00"},"geometry":{"type":"Point","coordinates":[128.581637779,35.866096809]}},{"type":"Feature","id":"46011bbb4f8d13582b4a8b2fe6af77796d871af61e85c213132acab446b72317-1","properties":{"facility_id":"46011bbb4f8d13582b4a8b2fe6af77796d871af61e85c213132acab446b72317","point_ordinal":1,"zone_group_id":"271101008640","source_manage_no":"271101008640","facility_name":"보나유치원","sgg_code":"27110","facility_type_code":"1","api_first_registered_on":"2006-12-15","api_last_modified_on":null,"updated_at":"2026-07-25T01:27:52.347112+00:00"},"geometry":{"type":"Point","coordinates":[128.579114428,35.860368803]}},{"type":"Feature","id":"5b172c9685f619dbce78142822d1751434be2482f806b41ec84b09990e9d2c4a-1","properties":{"facility_id":"5b172c9685f619dbce78142822d1751434be2482f806b41ec84b09990e9d2c4a","point_ordinal":1,"zone_group_id":"271101008642","source_manage_no":"271101008642","facility_name":"성모유치원","sgg_code":"27110","facility_type_code":"1","api_first_registered_on":"2001-09-25","api_last_modified_on":null,"updated_at":"2026-07-25T01:27:52.347112+00:00"},"geometry":{"type":"Point","coordinates":[128.585688995,35.860877551]}},{"type":"Feature","id":"a3c93185f7204ce4b7df41ca357bfb240fe17eef855076b46edce9709125696e-1","properties":{"facility_id":"a3c93185f7204ce4b7df41ca357bfb240fe17eef855076b46edce9709125696e","point_ordinal":1,"zone_group_id":"271102008634","source_manage_no":"271102008634","facility_name":"경상감영공원","sgg_code":"27110","facility_type_code":"2","api_first_registered_on":"2014-01-13","api_last_modified_on":null,"updated_at":"2026-07-25T01:27:52.347112+00:00"},"geometry":{"type":"Point","coordinates":[128.592927948,35.871856055]}},{"type":"Feature","id":"c92274eb3c01043fd76023fed6e8378b8456506d13b4c6e4bf1a5720026f4948-1","properties":{"facility_id":"c92274eb3c01043fd76023fed6e8378b8456506d13b4c6e4bf1a5720026f4948","point_ordinal":1,"zone_group_id":"271101008645","source_manage_no":"271101008645","facility_name":"계성초등학교","sgg_code":"27110","facility_type_code":"1","api_first_registered_on":"1997-10-10","api_last_modified_on":null,"updated_at":"2026-07-25T01:27:52.347112+00:00"},"geometry":{"type":"Point","coordinates":[128.582109092,35.86639136]}},{"type":"Feature","id":"4fbc09e637eb762f2f40641742845817dbd35b8fc02e19728697df3b2e555676-1","properties":{"facility_id":"4fbc09e637eb762f2f40641742845817dbd35b8fc02e19728697df3b2e555676","point_ordinal":1,"zone_group_id":"271101008637","source_manage_no":"271101008637","facility_name":"남산초등학교","sgg_code":"27110","facility_type_code":"1","api_first_registered_on":"1996-01-10","api_last_modified_on":null,"updated_at":"2026-07-25T01:27:52.347112+00:00"},"geometry":{"type":"Point","coordinates":[128.582644922,35.862627011]}},{"type":"Feature","id":"8d32f0b7298480661e9c5e4ca8a616e17f6021bebeb5cd40b867970f837a510e-1","properties":{"facility_id":"8d32f0b7298480661e9c5e4ca8a616e17f6021bebeb5cd40b867970f837a510e","point_ordinal":1,"zone_group_id":"271101008650","source_manage_no":"271101008650","facility_name":"대구초등학교","sgg_code":"27110","facility_type_code":"1","api_first_registered_on":"1996-05-28","api_last_modified_on":null,"updated_at":"2026-07-25T01:27:52.347112+00:00"},"geometry":{"type":"Point","coordinates":[128.595677345,35.863176011]}},{"type":"Feature","id":"26005530eb96a04241600f87afe6d1ac4da6264fb1b319dff9d637fb0702dd47-1","properties":{"facility_id":"26005530eb96a04241600f87afe6d1ac4da6264fb1b319dff9d637fb0702dd47","point_ordinal":1,"zone_group_id":"271101008652","source_manage_no":"271101008652","facility_name":"동덕초등학교","sgg_code":"27110","facility_type_code":"1","api_first_registered_on":"1998-09-08","api_last_modified_on":null,"updated_at":"2026-07-25T01:27:52.347112+00:00"},"geometry":{"type":"Point","coordinates":[128.604491101,35.865394282]}},{"type":"Feature","id":"8b49ed8c59d10101e153f9b16a4a2533ed817f0a6df93e817d9d61cb6af2ce6b-1","properties":{"facility_id":"8b49ed8c59d10101e153f9b16a4a2533ed817f0a6df93e817d9d61cb6af2ce6b","point_ordinal":1,"zone_group_id":"271101008649","source_manage_no":"271101008649","facility_name":"동인초등학교","sgg_code":"27110","facility_type_code":"1","api_first_registered_on":"1997-10-10","api_last_modified_on":null,"updated_at":"2026-07-25T01:27:52.347112+00:00"},"geometry":{"type":"Point","coordinates":[128.610226402,35.868424752]}},{"type":"Feature","id":"edf6b46a0ee7ec765b426ddec0dacaec46dd7d26c1c599020a2f698ca781e472-1","properties":{"facility_id":"edf6b46a0ee7ec765b426ddec0dacaec46dd7d26c1c599020a2f698ca781e472","point_ordinal":1,"zone_group_id":"271101008638","source_manage_no":"271101008638","facility_name":"명덕초등학교","sgg_code":"27110","facility_type_code":"1","api_first_registered_on":"1996-05-28","api_last_modified_on":null,"updated_at":"2026-07-25T01:27:52.347112+00:00"},"geometry":{"type":"Point","coordinates":[128.589838758,35.857386988]}},{"type":"Feature","id":"c3467ecbcf1487509b1c138f4febee6280e2a1b2ab45222b635e6151a34c09fd-1","properties":{"facility_id":"c3467ecbcf1487509b1c138f4febee6280e2a1b2ab45222b635e6151a34c09fd","point_ordinal":1,"zone_group_id":"271101008639","source_manage_no":"271101008639","facility_name":"백합어린이집","sgg_code":"27110","facility_type_code":"1","api_first_registered_on":"2008-09-26","api_last_modified_on":null,"updated_at":"2026-07-25T01:27:52.347112+00:00"},"geometry":{"type":"Point","coordinates":[128.585507016,35.863003741]}},{"type":"Feature","id":"2564026d91eb32c4a7c977f5e77a774351104b96ad8445b7f031cd4818f5b59f-1","properties":{"facility_id":"2564026d91eb32c4a7c977f5e77a774351104b96ad8445b7f031cd4818f5b59f","point_ordinal":1,"zone_group_id":"271101008653","source_manage_no":"271101008653","facility_name":"삼덕초등학교","sgg_code":"27110","facility_type_code":"1","api_first_registered_on":"1997-10-10","api_last_modified_on":null,"updated_at":"2026-07-25T01:27:52.347112+00:00"},"geometry":{"type":"Point","coordinates":[128.607964955,35.862720717]}},{"type":"Feature","id":"051efa4d350c10d95555ddcd4a47d59862b7e2f4e173796c642a24e995607d75-1","properties":{"facility_id":"051efa4d350c10d95555ddcd4a47d59862b7e2f4e173796c642a24e995607d75","point_ordinal":1,"zone_group_id":"271101008656","source_manage_no":"271101008656","facility_name":"수창초등학교","sgg_code":"27110","facility_type_code":"1","api_first_registered_on":"1995-12-30","api_last_modified_on":null,"updated_at":"2026-07-25T01:27:52.347112+00:00"},"geometry":{"type":"Point","coordinates":[128.58388608,35.874877078]}},{"type":"Feature","id":"bcb79dc129264b9ae69e795dfc13f65281507cc302d709172eab31e1d52515a3-1","properties":{"facility_id":"bcb79dc129264b9ae69e795dfc13f65281507cc302d709172eab31e1d52515a3","point_ordinal":1,"zone_group_id":"271101008648","source_manage_no":"271101008648","facility_name":"원만사유치원","sgg_code":"27110","facility_type_code":"1","api_first_registered_on":"2001-09-25","api_last_modified_on":null,"updated_at":"2026-07-25T01:27:52.347112+00:00"},"geometry":{"type":"Point","coordinates":[128.584048055,35.865625581]}},{"type":"Feature","id":"bd3fdeea1ae711fcfd825b953b61ff03e84fdd84eb28e78befcdefcff67f9304-1","properties":{"facility_id":"bd3fdeea1ae711fcfd825b953b61ff03e84fdd84eb28e78befcdefcff67f9304","point_ordinal":1,"zone_group_id":"271101008654","source_manage_no":"271101008654","facility_name":"종로초등학교","sgg_code":"27110","facility_type_code":"1","api_first_registered_on":"1996-05-28","api_last_modified_on":null,"updated_at":"2026-07-25T01:27:52.347112+00:00"},"geometry":{"type":"Point","coordinates":[128.590164721,35.871484478]}},{"type":"Feature","id":"a37e66b4d6e10a5ce880b2c17f166e999d31f4e7b3427123648da5f3e6b78ff8-1","properties":{"facility_id":"a37e66b4d6e10a5ce880b2c17f166e999d31f4e7b3427123648da5f3e6b78ff8","point_ordinal":1,"zone_group_id":"271101008635","source_manage_no":"271101008635","facility_name":"꿈나무어린이집","sgg_code":"27110","facility_type_code":"1","api_first_registered_on":"2008-09-26","api_last_modified_on":null,"updated_at":"2026-07-25T01:27:52.347112+00:00"},"geometry":{"type":"Point","coordinates":[128.580607815,35.858606343]}},{"type":"Feature","id":"37eedd2319a304d898286eadb0a3136a8ca43118396ae2d06a4ad7acb175842e-1","properties":{"facility_id":"37eedd2319a304d898286eadb0a3136a8ca43118396ae2d06a4ad7acb175842e","point_ordinal":1,"zone_group_id":"271101008643","source_manage_no":"271101008643","facility_name":"아이비어린이집","sgg_code":"27110","facility_type_code":"1","api_first_registered_on":"2008-09-26","api_last_modified_on":null,"updated_at":"2026-07-25T01:27:52.347112+00:00"},"geometry":{"type":"Point","coordinates":[128.577529148,35.860256813]}},{"type":"Feature","id":"d6da9046f0ce3d432c5dfe3407be3792beedf5dd3d39cb13096578e8162aef7c-1","properties":{"facility_id":"d6da9046f0ce3d432c5dfe3407be3792beedf5dd3d39cb13096578e8162aef7c","point_ordinal":1,"zone_group_id":"271101008636","source_manage_no":"271101008636","facility_name":"남산교회어린이집","sgg_code":"27110","facility_type_code":"1","api_first_registered_on":"2008-09-26","api_last_modified_on":null,"updated_at":"2026-07-25T01:27:52.347112+00:00"},"geometry":{"type":"Point","coordinates":[128.590819911,35.865140545]}},{"type":"Feature","id":"936c02a83f901f72b13c07422bf5093b4cbebcf86a9e1db2616a7d68ed230f35-1","properties":{"facility_id":"936c02a83f901f72b13c07422bf5093b4cbebcf86a9e1db2616a7d68ed230f35","point_ordinal":1,"zone_group_id":"271101008641","source_manage_no":"271101008641","facility_name":"대구삼성어린이집","sgg_code":"27110","facility_type_code":"1","api_first_registered_on":"2008-09-26","api_last_modified_on":null,"updated_at":"2026-07-25T01:27:52.347112+00:00"},"geometry":{"type":"Point","coordinates":[128.5844101,35.864558468]}},{"type":"Feature","id":"62bec00dd1e91ccde0ba48f81223cd029e203a8579348cbf34fc2b67e450e1f3-1","properties":{"facility_id":"62bec00dd1e91ccde0ba48f81223cd029e203a8579348cbf34fc2b67e450e1f3","point_ordinal":1,"zone_group_id":"271101008655","source_manage_no":"271101008655","facility_name":"한국대구화교소학교","sgg_code":"27110","facility_type_code":"1","api_first_registered_on":"2016-12-02","api_last_modified_on":null,"updated_at":"2026-07-25T01:27:52.347112+00:00"},"geometry":{"type":"Point","coordinates":[128.591768512,35.868891444]}},{"type":"Feature","id":"beeef82f33dcdc7f604447d9f32af91a1426b88e9cc70295fadf8f9706e2eed7-1","properties":{"facility_id":"beeef82f33dcdc7f604447d9f32af91a1426b88e9cc70295fadf8f9706e2eed7","point_ordinal":1,"zone_group_id":"271101020247","source_manage_no":"271101020247","facility_name":"대구초등학교 병설유치원","sgg_code":"27110","facility_type_code":"1","api_first_registered_on":null,"api_last_modified_on":null,"updated_at":"2026-07-25T01:27:52.347112+00:00"},"geometry":{"type":"Point","coordinates":[128.59500929,35.863934992]}},{"type":"Feature","id":"2d8cfb5c41f5d2d6c5166cb9df337f8501d73c2b5ca7e8aad91bad9d38fc8474-1","properties":{"facility_id":"2d8cfb5c41f5d2d6c5166cb9df337f8501d73c2b5ca7e8aad91bad9d38fc8474","point_ordinal":1,"zone_group_id":"271101020248","source_manage_no":"271101020248","facility_name":"동덕초등학교 병설유치원","sgg_code":"27110","facility_type_code":"1","api_first_registered_on":null,"api_last_modified_on":null,"updated_at":"2026-07-25T01:27:52.347112+00:00"},"geometry":{"type":"Point","coordinates":[128.604782467,35.864651888]}},{"type":"Feature","id":"d49012680b232c963b89b548c389985a08bd649b141d0b35f0d8a3c6825cc4c1-1","properties":{"facility_id":"d49012680b232c963b89b548c389985a08bd649b141d0b35f0d8a3c6825cc4c1","point_ordinal":1,"zone_group_id":"271101020249","source_manage_no":"271101020249","facility_name":"동인초등학교 병설유치원","sgg_code":"27110","facility_type_code":"1","api_first_registered_on":null,"api_last_modified_on":null,"updated_at":"2026-07-25T01:27:52.347112+00:00"},"geometry":{"type":"Point","coordinates":[128.610828902,35.867614556]}},{"type":"Feature","id":"fbb20581d6d1aeed98e5de2dc614da56f0b23233a2a596de260f4f5e550e2425-1","properties":{"facility_id":"fbb20581d6d1aeed98e5de2dc614da56f0b23233a2a596de260f4f5e550e2425","point_ordinal":1,"zone_group_id":"271101026586","source_manage_no":"271101026586","facility_name":"수창초등학교 병설유치원","sgg_code":"27110","facility_type_code":"1","api_first_registered_on":null,"api_last_modified_on":null,"updated_at":"2026-07-25T01:27:52.347112+00:00"},"geometry":{"type":"Point","coordinates":[128.5842056,35.874823218]}},{"type":"Feature","id":"4e7c7cadf702036fc06a3d7bbfb2ec30a250d62e9d84cf19247b59b9849739bc-1","properties":{"facility_id":"4e7c7cadf702036fc06a3d7bbfb2ec30a250d62e9d84cf19247b59b9849739bc","point_ordinal":1,"zone_group_id":"271101020250","source_manage_no":"271101020250","facility_name":"종로초등학교 병설유치원","sgg_code":"27110","facility_type_code":"1","api_first_registered_on":null,"api_last_modified_on":null,"updated_at":"2026-07-25T01:27:52.347112+00:00"},"geometry":{"type":"Point","coordinates":[128.589213431,35.872507352]}},{"type":"Feature","id":"72f7aedad84fdea65fdeb31d36c47e35130fffbff5a4a5226180da5c097f89ee-1","properties":{"facility_id":"72f7aedad84fdea65fdeb31d36c47e35130fffbff5a4a5226180da5c097f89ee","point_ordinal":1,"zone_group_id":"271101008651","source_manage_no":"271101008651","facility_name":"경북대학교 사범대학 부설초등학교","sgg_code":"27110","facility_type_code":"1","api_first_registered_on":"1997-10-10","api_last_modified_on":null,"updated_at":"2026-07-25T01:27:52.347112+00:00"},"geometry":{"type":"Point","coordinates":[128.598470912,35.864160249]}},{"type":"Feature","id":"16047652671bbfdc4425198aa628aa84bfddc527d91d79221fc8cae3c3b2e1ab-1","properties":{"facility_id":"16047652671bbfdc4425198aa628aa84bfddc527d91d79221fc8cae3c3b2e1ab","point_ordinal":1,"zone_group_id":"271101008647","source_manage_no":"271101008647","facility_name":"YMCA유치원","sgg_code":"27110","facility_type_code":"1","api_first_registered_on":"2001-09-25","api_last_modified_on":null,"updated_at":"2026-07-25T01:27:52.347112+00:00"},"geometry":{"type":"Point","coordinates":[128.593377278,35.866667984]}},{"type":"Feature","id":"fb2c29a57139ae8ccff1c3aa6d03e6829bb1b45678c34905f0390d9af16874df-1","properties":{"facility_id":"fb2c29a57139ae8ccff1c3aa6d03e6829bb1b45678c34905f0390d9af16874df","point_ordinal":1,"zone_group_id":"271401008283","source_manage_no":"271401008283","facility_name":"강남유치원","sgg_code":"27140","facility_type_code":"1","api_first_registered_on":null,"api_last_modified_on":null,"updated_at":"2026-07-25T01:27:52.347112+00:00"},"geometry":{"type":"Point","coordinates":[128.612414622,35.877582386]}},{"type":"Feature","id":"c7aea32c99d6963d31449f292b4514b82fb2d9bed987f63b61a46e4bc4da5b3a-1","properties":{"facility_id":"c7aea32c99d6963d31449f292b4514b82fb2d9bed987f63b61a46e4bc4da5b3a","point_ordinal":1,"zone_group_id":"271401008242","source_manage_no":"271401008242","facility_name":"금빛유치원","sgg_code":"27140","facility_type_code":"1","api_first_registered_on":null,"api_last_modified_on":null,"updated_at":"2026-07-25T01:27:52.347112+00:00"},"geometry":{"type":"Point","coordinates":[128.711190455,35.871578265]}},{"type":"Feature","id":"23e192c477cc188e1d2fb932417c2fcf503ea5056a6d5694e38a33346994b8ca-1","properties":{"facility_id":"23e192c477cc188e1d2fb932417c2fcf503ea5056a6d5694e38a33346994b8ca","point_ordinal":1,"zone_group_id":"271401008273","source_manage_no":"271401008271","facility_name":"무산유치원","sgg_code":"27140","facility_type_code":"1","api_first_registered_on":null,"api_last_modified_on":null,"updated_at":"2026-07-25T01:27:52.347112+00:00"},"geometry":{"type":"Point","coordinates":[128.711811805,35.868010875]}},{"type":"Feature","id":"406070410d2b38d876b81fa0ac1009e22ddbf5fc4d6b1cd00a5b3ef7bd01e3d8-1","properties":{"facility_id":"406070410d2b38d876b81fa0ac1009e22ddbf5fc4d6b1cd00a5b3ef7bd01e3d8","point_ordinal":1,"zone_group_id":"271401008274","source_manage_no":"271401020536","facility_name":"바움유치원","sgg_code":"27140","facility_type_code":"1","api_first_registered_on":null,"api_last_modified_on":"2026-07-16","updated_at":"2026-07-25T01:27:52.347112+00:00"},"geometry":{"type":"Point","coordinates":[128.75072095,35.875735022]}},{"type":"Feature","id":"6157c398656e4749cf1a3b72487e0333291d1e8dc4ebb4a8b0105feecb91e218-1","properties":{"facility_id":"6157c398656e4749cf1a3b72487e0333291d1e8dc4ebb4a8b0105feecb91e218","point_ordinal":1,"zone_group_id":"271402008257","source_manage_no":"271402008257","facility_name":"백안경로당","sgg_code":"27140","facility_type_code":"2","api_first_registered_on":null,"api_last_modified_on":null,"updated_at":"2026-07-25T01:27:52.347112+00:00"},"geometry":{"type":"Point","coordinates":[128.693365367,35.955510295]}},{"type":"Feature","id":"13909ac203399180574fa40785cc2216347f35832d8569e47e8676001fd3d45c-1","properties":{"facility_id":"13909ac203399180574fa40785cc2216347f35832d8569e47e8676001fd3d45c","point_ordinal":1,"zone_group_id":"271401008319","source_manage_no":"271401008319","facility_name":"봄어린이집","sgg_code":"27140","facility_type_code":"1","api_first_registered_on":null,"api_last_modified_on":null,"updated_at":"2026-07-25T01:27:52.347112+00:00"},"geometry":{"type":"Point","coordinates":[128.649778959,35.889816223]}},{"type":"Feature","id":"55400380a74afc6c15b9cf0b74a13312e4366878b49783dcd677466eaff55797-1","properties":{"facility_id":"55400380a74afc6c15b9cf0b74a13312e4366878b49783dcd677466eaff55797","point_ordinal":1,"zone_group_id":"271402008263","source_manage_no":"271402008263","facility_name":"부동경로당","sgg_code":"27140","facility_type_code":"2","api_first_registered_on":null,"api_last_modified_on":null,"updated_at":"2026-07-25T01:27:52.347112+00:00"},"geometry":{"type":"Point","coordinates":[128.697117082,35.89031833]}},{"type":"Feature","id":"bd6f710aaa8d841a4ab08f4869ee2647e87263bfcf0896615f01321a45d7c4e7-1","properties":{"facility_id":"bd6f710aaa8d841a4ab08f4869ee2647e87263bfcf0896615f01321a45d7c4e7","point_ordinal":1,"zone_group_id":"271401008294","source_manage_no":"271401008331","facility_name":"소원유치원","sgg_code":"27140","facility_type_code":"1","api_first_registered_on":null,"api_last_modified_on":null,"updated_at":"2026-07-25T01:27:52.347112+00:00"},"geometry":{"type":"Point","coordinates":[128.636847814,35.885828239]}},{"type":"Feature","id":"333c051d1b50eb21c1e229b717f4222b0931581ad317facb8d585a594dd66157-1","properties":{"facility_id":"333c051d1b50eb21c1e229b717f4222b0931581ad317facb8d585a594dd66157","point_ordinal":1,"zone_group_id":"271401008307","source_manage_no":"271401008307","facility_name":"아인유치원","sgg_code":"27140","facility_type_code":"1","api_first_registered_on":null,"api_last_modified_on":null,"updated_at":"2026-07-25T01:27:52.347112+00:00"},"geometry":{"type":"Point","coordinates":[128.68477246,35.874546404]}},{"type":"Feature","id":"42a9a9dbdc800b7bb3e63d321f5c59cfcf2a7dca7517b8bfb3d63db4b340c58a-1","properties":{"facility_id":"42a9a9dbdc800b7bb3e63d321f5c59cfcf2a7dca7517b8bfb3d63db4b340c58a","point_ordinal":1,"zone_group_id":"271402008264","source_manage_no":"271402008264","facility_name":"월천경로당","sgg_code":"27140","facility_type_code":"2","api_first_registered_on":null,"api_last_modified_on":null,"updated_at":"2026-07-25T01:27:52.347112+00:00"},"geometry":{"type":"Point","coordinates":[128.683523252,35.889605613]}},{"type":"Feature","id":"3bfa74c62b8877f2eee7f120e3c7f9657a367da4f34be967a29442f8808ba049-1","properties":{"facility_id":"3bfa74c62b8877f2eee7f120e3c7f9657a367da4f34be967a29442f8808ba049","point_ordinal":1,"zone_group_id":"271401008316","source_manage_no":"271401008316","facility_name":"율하유치원","sgg_code":"27140","facility_type_code":"1","api_first_registered_on":null,"api_last_modified_on":null,"updated_at":"2026-07-25T01:27:52.347112+00:00"},"geometry":{"type":"Point","coordinates":[128.694528762,35.866254665]}},{"type":"Feature","id":"69db9bb6ade584f15cf42a600c8cf5bec4b33cc8dd0295ef899855818acc099a-1","properties":{"facility_id":"69db9bb6ade584f15cf42a600c8cf5bec4b33cc8dd0295ef899855818acc099a","point_ordinal":1,"zone_group_id":"271401008260","source_manage_no":"271401008260","facility_name":"으뜸유치원","sgg_code":"27140","facility_type_code":"1","api_first_registered_on":null,"api_last_modified_on":null,"updated_at":"2026-07-25T01:27:52.347112+00:00"},"geometry":{"type":"Point","coordinates":[128.634886103,35.93078017]}},{"type":"Feature","id":"997625444fc15fa516a1892847e78ba3bdacc3baa495accc7178e8eb2bd7bb70-1","properties":{"facility_id":"997625444fc15fa516a1892847e78ba3bdacc3baa495accc7178e8eb2bd7bb70","point_ordinal":1,"zone_group_id":"271401008268","source_manage_no":"271401008268","facility_name":"이본유치원","sgg_code":"27140","facility_type_code":"1","api_first_registered_on":null,"api_last_modified_on":null,"updated_at":"2026-07-25T01:27:52.347112+00:00"},"geometry":{"type":"Point","coordinates":[128.644047787,35.914230907]}},{"type":"Feature","id":"e8c62958f3b4831f9ab095861bdf34a4045573ac01b8d2eafc9477eb59aa5203-1","properties":{"facility_id":"e8c62958f3b4831f9ab095861bdf34a4045573ac01b8d2eafc9477eb59aa5203","point_ordinal":1,"zone_group_id":"271401008236","source_manage_no":"271401008236","facility_name":"정원유치원","sgg_code":"27140","facility_type_code":"1","api_first_registered_on":null,"api_last_modified_on":null,"updated_at":"2026-07-25T01:27:52.347112+00:00"},"geometry":{"type":"Point","coordinates":[128.713699279,35.885734304]}},{"type":"Feature","id":"f6e4855af3dc970ef0ca49b1078cea137a33f0fdd695d74739faaf60abc12217-1","properties":{"facility_id":"f6e4855af3dc970ef0ca49b1078cea137a33f0fdd695d74739faaf60abc12217","point_ordinal":1,"zone_group_id":"271401008298","source_manage_no":"271401008298","facility_name":"행복유치원","sgg_code":"27140","facility_type_code":"1","api_first_registered_on":null,"api_last_modified_on":null,"updated_at":"2026-07-25T01:27:52.347112+00:00"},"geometry":{"type":"Point","coordinates":[128.618045768,35.888880714]}},{"type":"Feature","id":"86599b8efc01a62cf9e3fa0f5b999ac9923e7f65747f19bc180e92b5591137df-1","properties":{"facility_id":"86599b8efc01a62cf9e3fa0f5b999ac9923e7f65747f19bc180e92b5591137df","point_ordinal":1,"zone_group_id":"271401008262","source_manage_no":"271401008262","facility_name":"호수유치원","sgg_code":"27140","facility_type_code":"1","api_first_registered_on":null,"api_last_modified_on":null,"updated_at":"2026-07-25T01:27:52.347112+00:00"},"geometry":{"type":"Point","coordinates":[128.642836843,35.929433554]}},{"type":"Feature","id":"bd64b5193aa4f0792aa90146b1e127f88f2d78e211e48300a05d9d031ae30c80-1","properties":{"facility_id":"bd64b5193aa4f0792aa90146b1e127f88f2d78e211e48300a05d9d031ae30c80","point_ordinal":1,"zone_group_id":"271401008253","source_manage_no":"271401008248","facility_name":"꽃동산유치원","sgg_code":"27140","facility_type_code":"1","api_first_registered_on":null,"api_last_modified_on":null,"updated_at":"2026-07-25T01:27:52.347112+00:00"},"geometry":{"type":"Point","coordinates":[128.665116777,35.880265201]}},{"type":"Feature","id":"5976e0aa743c61425e1e162e42ea97424a2bbbbd360b36d024cf5a84d707b576-1","properties":{"facility_id":"5976e0aa743c61425e1e162e42ea97424a2bbbbd360b36d024cf5a84d707b576","point_ordinal":1,"zone_group_id":"271401008290","source_manage_no":"271401008284","facility_name":"꿈꽃어린이집","sgg_code":"27140","facility_type_code":"1","api_first_registered_on":null,"api_last_modified_on":null,"updated_at":"2026-07-25T01:27:52.347112+00:00"},"geometry":{"type":"Point","coordinates":[128.616779589,35.876820634]}},{"type":"Feature","id":"ae087dbe14752510ef7c619557ec0ca17ee329b3ff94ebae2cbd3651574ec64c-1","properties":{"facility_id":"ae087dbe14752510ef7c619557ec0ca17ee329b3ff94ebae2cbd3651574ec64c","point_ordinal":1,"zone_group_id":"271401008240","source_manage_no":"271401008240","facility_name":"대구선명학교","sgg_code":"27140","facility_type_code":"1","api_first_registered_on":null,"api_last_modified_on":"2026-02-03","updated_at":"2026-07-25T01:27:52.347112+00:00"},"geometry":{"type":"Point","coordinates":[128.612552457,35.995792423]}},{"type":"Feature","id":"6a3549b28de781a6b6e06e16e2b2ed0616d1fc975df8355f79210a3c23f372cf-1","properties":{"facility_id":"6a3549b28de781a6b6e06e16e2b2ed0616d1fc975df8355f79210a3c23f372cf","point_ordinal":1,"zone_group_id":"271401008242","source_manage_no":"271401008244","facility_name":"동호어린이집","sgg_code":"27140","facility_type_code":"1","api_first_registered_on":null,"api_last_modified_on":null,"updated_at":"2026-07-25T01:27:52.347112+00:00"},"geometry":{"type":"Point","coordinates":[128.713028622,35.871541685]}},{"type":"Feature","id":"08174b3ede1a1bbeae869c13cac0e98bf43119278228899dbd4db03eb7c210dc-1","properties":{"facility_id":"08174b3ede1a1bbeae869c13cac0e98bf43119278228899dbd4db03eb7c210dc","point_ordinal":1,"zone_group_id":"271401008274","source_manage_no":"271401008269","facility_name":"바움어린이집","sgg_code":"27140","facility_type_code":"1","api_first_registered_on":null,"api_last_modified_on":"2026-07-16","updated_at":"2026-07-25T01:27:52.347112+00:00"},"geometry":{"type":"Point","coordinates":[128.75067741,35.875726412]}},{"type":"Feature","id":"94354330ff74e8ba442cd62f4d530d35b282aa4eb96ae0dd4dd3c3609b9d9b69-1","properties":{"facility_id":"94354330ff74e8ba442cd62f4d530d35b282aa4eb96ae0dd4dd3c3609b9d9b69","point_ordinal":1,"zone_group_id":"271401008276","source_manage_no":"271401008276","facility_name":"소명어린이집","sgg_code":"27140","facility_type_code":"1","api_first_registered_on":null,"api_last_modified_on":null,"updated_at":"2026-07-25T01:27:52.347112+00:00"},"geometry":{"type":"Point","coordinates":[128.70698839,35.871314036]}},{"type":"Feature","id":"9e20068c5a2b191875fd173dbf01d7e10f24ce17d2516add5c12e1c3202ab848-1","properties":{"facility_id":"9e20068c5a2b191875fd173dbf01d7e10f24ce17d2516add5c12e1c3202ab848","point_ordinal":1,"zone_group_id":"271401008286","source_manage_no":"271401008286","facility_name":"신암어린이집","sgg_code":"27140","facility_type_code":"1","api_first_registered_on":null,"api_last_modified_on":"2026-07-16","updated_at":"2026-07-25T01:27:52.347112+00:00"},"geometry":{"type":"Point","coordinates":[128.63211466,35.884872222]}},{"type":"Feature","id":"0bff72392603d6b80589ca25f2642ecb621074de5e117d503fa56954e0743ebf-1","properties":{"facility_id":"0bff72392603d6b80589ca25f2642ecb621074de5e117d503fa56954e0743ebf","point_ordinal":1,"zone_group_id":"271401008235","source_manage_no":"271401008235","facility_name":"싱어송유치원","sgg_code":"27140","facility_type_code":"1","api_first_registered_on":null,"api_last_modified_on":null,"updated_at":"2026-07-25T01:27:52.347112+00:00"},"geometry":{"type":"Point","coordinates":[128.720969161,35.875058412]}},{"type":"Feature","id":"dd9dc3daf0d78866166277da52f98779a3ea2ca70f47663f750553a07248fcf2-1","properties":{"facility_id":"dd9dc3daf0d78866166277da52f98779a3ea2ca70f47663f750553a07248fcf2","point_ordinal":1,"zone_group_id":"271401008259","source_manage_no":"271401008259","facility_name":"영신초등학교","sgg_code":"27140","facility_type_code":"1","api_first_registered_on":null,"api_last_modified_on":"2026-07-16","updated_at":"2026-07-25T01:27:52.347112+00:00"},"geometry":{"type":"Point","coordinates":[128.644946354,35.920443038]}},{"type":"Feature","id":"77caa2bd86414dfcea903fda2136c9a381fe33ff95343ccb2a8226a846d96e2a-1","properties":{"facility_id":"77caa2bd86414dfcea903fda2136c9a381fe33ff95343ccb2a8226a846d96e2a","point_ordinal":1,"zone_group_id":"271401008301","source_manage_no":"271401008301","facility_name":"예일어린이집","sgg_code":"27140","facility_type_code":"1","api_first_registered_on":null,"api_last_modified_on":null,"updated_at":"2026-07-25T01:27:52.347112+00:00"},"geometry":{"type":"Point","coordinates":[128.619897732,35.875454778]}},{"type":"Feature","id":"6efc9dd2f144daba8df8909163ab2c70ffdb209a1479a0ba73079f5339c731b3-1","properties":{"facility_id":"6efc9dd2f144daba8df8909163ab2c70ffdb209a1479a0ba73079f5339c731b3","point_ordinal":1,"zone_group_id":"271401008309","source_manage_no":"271401008309","facility_name":"온누리유치원","sgg_code":"27140","facility_type_code":"1","api_first_registered_on":null,"api_last_modified_on":null,"updated_at":"2026-07-25T01:27:52.347112+00:00"},"geometry":{"type":"Point","coordinates":[128.693455585,35.872242623]}},{"type":"Feature","id":"106771b1f5b5a3de4bb5a2805a6ee6a5342d88592ed06d50fbe063db92b6a278-1","properties":{"facility_id":"106771b1f5b5a3de4bb5a2805a6ee6a5342d88592ed06d50fbe063db92b6a278","point_ordinal":1,"zone_group_id":"271401008323","source_manage_no":"271401008323","facility_name":"위즈숲유치원","sgg_code":"27140","facility_type_code":"1","api_first_registered_on":null,"api_last_modified_on":null,"updated_at":"2026-07-25T01:27:52.347112+00:00"},"geometry":{"type":"Point","coordinates":[128.636184849,35.942524075]}},{"type":"Feature","id":"b673a8643a1f6315fc446d5d05d6ed4f012beeec6f875f79681473531ca78774-1","properties":{"facility_id":"b673a8643a1f6315fc446d5d05d6ed4f012beeec6f875f79681473531ca78774","point_ordinal":1,"zone_group_id":"271402008326","source_manage_no":"271402008326","facility_name":"지저동경로당","sgg_code":"27140","facility_type_code":"2","api_first_registered_on":null,"api_last_modified_on":null,"updated_at":"2026-07-25T01:27:52.347112+00:00"},"geometry":{"type":"Point","coordinates":[128.636566671,35.896388107]}},{"type":"Feature","id":"dff7f445cb289e7a2353329b38d29774457492774a90748814d07b5ead38c520-1","properties":{"facility_id":"dff7f445cb289e7a2353329b38d29774457492774a90748814d07b5ead38c520","point_ordinal":1,"zone_group_id":"271401008302","source_manage_no":"271401008302","facility_name":"청구어린이집","sgg_code":"27140","facility_type_code":"1","api_first_registered_on":null,"api_last_modified_on":null,"updated_at":"2026-07-25T01:27:52.347112+00:00"},"geometry":{"type":"Point","coordinates":[128.618315734,35.868334018]}},{"type":"Feature","id":"cd6b000a0dd3a872721ebbb1d25fbc001f0b3c15913f5dbbbcddc92d9cc36d0f-1","properties":{"facility_id":"cd6b000a0dd3a872721ebbb1d25fbc001f0b3c15913f5dbbbcddc92d9cc36d0f","point_ordinal":1,"zone_group_id":"271401008303","source_manage_no":"271401008303","facility_name":"청산어린이집","sgg_code":"27140","facility_type_code":"1","api_first_registered_on":null,"api_last_modified_on":null,"updated_at":"2026-07-25T01:27:52.347112+00:00"},"geometry":{"type":"Point","coordinates":[128.619114255,35.869541352]}},{"type":"Feature","id":"5f81a3794108da3e5d695efc9cb654f0322915d02fe694fb7921a90200f944c4-1","properties":{"facility_id":"5f81a3794108da3e5d695efc9cb654f0322915d02fe694fb7921a90200f944c4","point_ordinal":1,"zone_group_id":"271401008334","source_manage_no":"271401008334","facility_name":"효목어린이집","sgg_code":"27140","facility_type_code":"1","api_first_registered_on":null,"api_last_modified_on":null,"updated_at":"2026-07-25T01:27:52.347112+00:00"},"geometry":{"type":"Point","coordinates":[128.639983402,35.878892599]}},{"type":"Feature","id":"570825702d3e21d7778c1e1232dc3224cf48cb686d8214e51914109eb4d2edd7-1","properties":{"facility_id":"570825702d3e21d7778c1e1232dc3224cf48cb686d8214e51914109eb4d2edd7","point_ordinal":1,"zone_group_id":"271401008335","source_manage_no":"271401008335","facility_name":"효성어린이집","sgg_code":"27140","facility_type_code":"1","api_first_registered_on":null,"api_last_modified_on":null,"updated_at":"2026-07-25T01:27:52.347112+00:00"},"geometry":{"type":"Point","coordinates":[128.641987585,35.881145481]}},{"type":"Feature","id":"69adf4e788e4c1b0777974fcfc2be1de4c5a90cbdf3c0315d0eedf7124d3d5bf-1","properties":{"facility_id":"69adf4e788e4c1b0777974fcfc2be1de4c5a90cbdf3c0315d0eedf7124d3d5bf","point_ordinal":1,"zone_group_id":"271402008275","source_manage_no":"271402008275","facility_name":"강동노인복지관","sgg_code":"27140","facility_type_code":"2","api_first_registered_on":null,"api_last_modified_on":"2026-07-16","updated_at":"2026-07-25T01:27:52.347112+00:00"},"geometry":{"type":"Point","coordinates":[128.705464807,35.865793813]}},{"type":"Feature","id":"94d69865584ec5b6742e2860060560e9501ca2c033a9e5365c28c6ea6b21ed69-1","properties":{"facility_id":"94d69865584ec5b6742e2860060560e9501ca2c033a9e5365c28c6ea6b21ed69","point_ordinal":1,"zone_group_id":"271401008234","source_manage_no":"271401029510","facility_name":"대구새론유치원","sgg_code":"27140","facility_type_code":"1","api_first_registered_on":null,"api_last_modified_on":"2026-04-23","updated_at":"2026-07-25T01:27:52.347112+00:00"},"geometry":{"type":"Point","coordinates":[128.717205035,35.883800234]}},{"type":"Feature","id":"062042ca706d38763c140f81e4e618ce91ab2438da156fcd975ba57d90a485a4-1","properties":{"facility_id":"062042ca706d38763c140f81e4e618ce91ab2438da156fcd975ba57d90a485a4","point_ordinal":1,"zone_group_id":"271401008274","source_manage_no":"271401029515","facility_name":"대구숙천유치원","sgg_code":"27140","facility_type_code":"1","api_first_registered_on":null,"api_last_modified_on":"2026-07-16","updated_at":"2026-07-25T01:27:52.347112+00:00"},"geometry":{"type":"Point","coordinates":[128.753019225,35.876285899]}},{"type":"Feature","id":"7a8e3efae028ccae28faf4f64c62fd128bf7514bb26f53fd1e7b7f3e62ab8bc3-1","properties":{"facility_id":"7a8e3efae028ccae28faf4f64c62fd128bf7514bb26f53fd1e7b7f3e62ab8bc3","point_ordinal":1,"zone_group_id":"271401008313","source_manage_no":"271401008313","facility_name":"대구율빛유치원","sgg_code":"27140","facility_type_code":"1","api_first_registered_on":null,"api_last_modified_on":"2026-07-16","updated_at":"2026-07-25T01:27:52.347112+00:00"},"geometry":{"type":"Point","coordinates":[128.688121099,35.860674487]}},{"type":"Feature","id":"2fa294ba2bed30ba0275ac7d43184dc21eb61f610aa7f04586590ff9c1c00ea6-1","properties":{"facility_id":"2fa294ba2bed30ba0275ac7d43184dc21eb61f610aa7f04586590ff9c1c00ea6","point_ordinal":1,"zone_group_id":"271401008290","source_manage_no":"271401008287","facility_name":"동대구초등학교","sgg_code":"27140","facility_type_code":"1","api_first_registered_on":null,"api_last_modified_on":null,"updated_at":"2026-07-25T01:27:52.347112+00:00"},"geometry":{"type":"Point","coordinates":[128.621050552,35.878827384]}},{"type":"Feature","id":"a6415c30f30ad0b99ed1a8699474c08e16478dbb7c5d123e802ba6fead8d0b6c-1","properties":{"facility_id":"a6415c30f30ad0b99ed1a8699474c08e16478dbb7c5d123e802ba6fead8d0b6c","point_ordinal":1,"zone_group_id":"271401008238","source_manage_no":"271401008238","facility_name":"동촌성모유치원","sgg_code":"27140","facility_type_code":"1","api_first_registered_on":null,"api_last_modified_on":null,"updated_at":"2026-07-25T01:27:52.347112+00:00"},"geometry":{"type":"Point","coordinates":[128.652447101,35.885093553]}},{"type":"Feature","id":"3fd436f1e6f0350c81c868f62b840265f680d975fd4b9e371329b07898df2609-1","properties":{"facility_id":"3fd436f1e6f0350c81c868f62b840265f680d975fd4b9e371329b07898df2609","point_ordinal":1,"zone_group_id":"271401008290","source_manage_no":"271401008291","facility_name":"사과나무유치원","sgg_code":"27140","facility_type_code":"1","api_first_registered_on":null,"api_last_modified_on":null,"updated_at":"2026-07-25T01:27:52.347112+00:00"},"geometry":{"type":"Point","coordinates":[128.620819954,35.879758141]}},{"type":"Feature","id":"ef87984fae6c25e4b2a4f1d6408283f2e3dfba6b81a9a746f8d5e69a6c29d96c-1","properties":{"facility_id":"ef87984fae6c25e4b2a4f1d6408283f2e3dfba6b81a9a746f8d5e69a6c29d96c","point_ordinal":1,"zone_group_id":"271401008300","source_manage_no":"271401029518","facility_name":"신천가온유치원","sgg_code":"27140","facility_type_code":"1","api_first_registered_on":null,"api_last_modified_on":"2026-04-23","updated_at":"2026-07-25T01:27:52.347112+00:00"},"geometry":{"type":"Point","coordinates":[128.62064041,35.871549806]}},{"type":"Feature","id":"6ed44d9f62664efde774e3fd2e99ecf7a9cc1c898ead753342e9030fe327fe3d-1","properties":{"facility_id":"6ed44d9f62664efde774e3fd2e99ecf7a9cc1c898ead753342e9030fe327fe3d","point_ordinal":1,"zone_group_id":"271401008280","source_manage_no":"271401008280","facility_name":"에벤에셀유치원","sgg_code":"27140","facility_type_code":"1","api_first_registered_on":null,"api_last_modified_on":null,"updated_at":"2026-07-25T01:27:52.347112+00:00"},"geometry":{"type":"Point","coordinates":[128.732485622,35.864449814]}},{"type":"Feature","id":"381f388e61377c435b124954017bc17c7697e6d06d9d7f53cd26889960af55b5-1","properties":{"facility_id":"381f388e61377c435b124954017bc17c7697e6d06d9d7f53cd26889960af55b5","point_ordinal":1,"zone_group_id":"271401008250","source_manage_no":"271401008250","facility_name":"우리나현유치원","sgg_code":"27140","facility_type_code":"1","api_first_registered_on":null,"api_last_modified_on":"2026-07-16","updated_at":"2026-07-25T01:27:52.347112+00:00"},"geometry":{"type":"Point","coordinates":[128.664567388,35.875275921]}},{"type":"Feature","id":"2f82d5c3516ecb37dc41fb561479ea8d912696a364244217a2fb2bdd8e3fc71e-1","properties":{"facility_id":"2f82d5c3516ecb37dc41fb561479ea8d912696a364244217a2fb2bdd8e3fc71e","point_ordinal":1,"zone_group_id":"271401008273","source_manage_no":"271401008273","facility_name":"자연동화유치원","sgg_code":"27140","facility_type_code":"1","api_first_registered_on":null,"api_last_modified_on":null,"updated_at":"2026-07-25T01:27:52.347112+00:00"},"geometry":{"type":"Point","coordinates":[128.712479195,35.86674197]}},{"type":"Feature","id":"a767747b7c7f3917cb597abe643c18da72759056793009a5e3cbc42e5a8cd208-1","properties":{"facility_id":"a767747b7c7f3917cb597abe643c18da72759056793009a5e3cbc42e5a8cd208","point_ordinal":1,"zone_group_id":"271402008297","source_manage_no":"271402008297","facility_name":"팔공노인복지관","sgg_code":"27140","facility_type_code":"2","api_first_registered_on":null,"api_last_modified_on":null,"updated_at":"2026-07-25T01:27:52.347112+00:00"},"geometry":{"type":"Point","coordinates":[128.630976249,35.887398289]}},{"type":"Feature","id":"9e307ffa48b4b7fcf39563afff12437a3d08c4da586a4abebc0470bc5eaa52e6-1","properties":{"facility_id":"9e307ffa48b4b7fcf39563afff12437a3d08c4da586a4abebc0470bc5eaa52e6","point_ordinal":1,"zone_group_id":"271401008305","source_manage_no":"271401008305","facility_name":"하나린어린이집","sgg_code":"27140","facility_type_code":"1","api_first_registered_on":null,"api_last_modified_on":null,"updated_at":"2026-07-25T01:27:52.347112+00:00"},"geometry":{"type":"Point","coordinates":[128.611895271,35.875297234]}},{"type":"Feature","id":"5dd4ba3883da9bfe7d34078916559e5ba7dccae79b834394c9ee51c4e2bcd893-1","properties":{"facility_id":"5dd4ba3883da9bfe7d34078916559e5ba7dccae79b834394c9ee51c4e2bcd893","point_ordinal":1,"zone_group_id":"271401008279","source_manage_no":"271401008279","facility_name":"대구강동초등학교","sgg_code":"27140","facility_type_code":"1","api_first_registered_on":null,"api_last_modified_on":null,"updated_at":"2026-07-25T01:27:52.347112+00:00"},"geometry":{"type":"Point","coordinates":[128.730785619,35.868034335]}},{"type":"Feature","id":"bac41b770689e3d3f6319fdd86b1f68d047b06bba516156ce401022aed9841d8-1","properties":{"facility_id":"bac41b770689e3d3f6319fdd86b1f68d047b06bba516156ce401022aed9841d8","point_ordinal":1,"zone_group_id":"271401008256","source_manage_no":"271401008256","facility_name":"대구공산초등학교","sgg_code":"27140","facility_type_code":"1","api_first_registered_on":null,"api_last_modified_on":null,"updated_at":"2026-07-25T01:27:52.347112+00:00"},"geometry":{"type":"Point","coordinates":[128.690332062,35.955837929]}},{"type":"Feature","id":"ec5ae7ef6ce82331829ed7de09714ed4fcecbc176c42315858ab7e076dc46d4d-1","properties":{"facility_id":"ec5ae7ef6ce82331829ed7de09714ed4fcecbc176c42315858ab7e076dc46d4d","point_ordinal":1,"zone_group_id":"271401008285","source_manage_no":"271401008285","facility_name":"대구덕성초등학교","sgg_code":"27140","facility_type_code":"1","api_first_registered_on":null,"api_last_modified_on":null,"updated_at":"2026-07-25T01:27:52.347112+00:00"},"geometry":{"type":"Point","coordinates":[128.628166155,35.881429368]}},{"type":"Feature","id":"689ff8d0da09f5619e62349ed5651445fc4f22a0a929dec6924180572f4b38fd-1","properties":{"facility_id":"689ff8d0da09f5619e62349ed5651445fc4f22a0a929dec6924180572f4b38fd","point_ordinal":1,"zone_group_id":"271402020543","source_manage_no":"271402020543","facility_name":"대구동구노인회관","sgg_code":"27140","facility_type_code":"2","api_first_registered_on":null,"api_last_modified_on":null,"updated_at":"2026-07-25T01:27:52.347112+00:00"},"geometry":{"type":"Point","coordinates":[128.675199315,35.878395984]}},{"type":"Feature","id":"529f9f35e3eba2d1488862be7fa2c04625e977454a74b7ab7da5ee9ba38f4f49-1","properties":{"facility_id":"529f9f35e3eba2d1488862be7fa2c04625e977454a74b7ab7da5ee9ba38f4f49","point_ordinal":1,"zone_group_id":"271401008289","source_manage_no":"271401008289","facility_name":"대구동부초등학교","sgg_code":"27140","facility_type_code":"1","api_first_registered_on":null,"api_last_modified_on":null,"updated_at":"2026-07-25T01:27:52.347112+00:00"},"geometry":{"type":"Point","coordinates":[128.619607766,35.888081807]}},{"type":"Feature","id":"398f0f59cf756d7f944e69415fc3e01182f3b02ee0d02ba067f64c90c3737f6e-1","properties":{"facility_id":"398f0f59cf756d7f944e69415fc3e01182f3b02ee0d02ba067f64c90c3737f6e","point_ordinal":1,"zone_group_id":"271401008290","source_manage_no":"271401008290","facility_name":"대구동신초등학교","sgg_code":"27140","facility_type_code":"1","api_first_registered_on":null,"api_last_modified_on":null,"updated_at":"2026-07-25T01:27:52.347112+00:00"},"geometry":{"type":"Point","coordinates":[128.615900584,35.877333676]}},{"type":"Feature","id":"5deedf2931635e84126d279a847aae50c6032f7a8b9410b771b1205dfbb90ed5-1","properties":{"facility_id":"5deedf2931635e84126d279a847aae50c6032f7a8b9410b771b1205dfbb90ed5","point_ordinal":1,"zone_group_id":"271401008251","source_manage_no":"271401008251","facility_name":"대구동촌초등학교","sgg_code":"27140","facility_type_code":"1","api_first_registered_on":null,"api_last_modified_on":null,"updated_at":"2026-07-25T01:27:52.347112+00:00"},"geometry":{"type":"Point","coordinates":[128.658871229,35.883472049]}},{"type":"Feature","id":"75808d379888abab1aac885425b007701ee8ca2479bf515c8e1d0b971c7311fe-1","properties":{"facility_id":"75808d379888abab1aac885425b007701ee8ca2479bf515c8e1d0b971c7311fe","point_ordinal":1,"zone_group_id":"271401008245","source_manage_no":"271401008245","facility_name":"대구동호초등학교","sgg_code":"27140","facility_type_code":"1","api_first_registered_on":null,"api_last_modified_on":null,"updated_at":"2026-07-25T01:27:52.347112+00:00"},"geometry":{"type":"Point","coordinates":[128.720455615,35.864686798]}},{"type":"Feature","id":"12a89ebef77accef9f3718f0a393c5f0dc5cf4e3de3ada3877d0d3478b8f0cb1-1","properties":{"facility_id":"12a89ebef77accef9f3718f0a393c5f0dc5cf4e3de3ada3877d0d3478b8f0cb1","point_ordinal":1,"zone_group_id":"271401008253","source_manage_no":"271401008253","facility_name":"대구방촌초등학교","sgg_code":"27140","facility_type_code":"1","api_first_registered_on":null,"api_last_modified_on":null,"updated_at":"2026-07-25T01:27:52.347112+00:00"},"geometry":{"type":"Point","coordinates":[128.662388687,35.880823552]}},{"type":"Feature","id":"95c33d19a709d6e9d81efa5969b20a3b8cb2f39274de02a6db2c09e1fd16ae08-1","properties":{"facility_id":"95c33d19a709d6e9d81efa5969b20a3b8cb2f39274de02a6db2c09e1fd16ae08","point_ordinal":1,"zone_group_id":"271401008258","source_manage_no":"271401008258","facility_name":"대구봉무초등학교","sgg_code":"27140","facility_type_code":"1","api_first_registered_on":null,"api_last_modified_on":null,"updated_at":"2026-07-25T01:27:52.347112+00:00"},"geometry":{"type":"Point","coordinates":[128.637700115,35.925254082]}},{"type":"Feature","id":"1a76de49af35261124f94e24b44d4a0063636e69b4b74fb79248142ec4834ba9-1","properties":{"facility_id":"1a76de49af35261124f94e24b44d4a0063636e69b4b74fb79248142ec4834ba9","point_ordinal":1,"zone_group_id":"271401008267","source_manage_no":"271401008267","facility_name":"대구불로초등학교","sgg_code":"27140","facility_type_code":"1","api_first_registered_on":null,"api_last_modified_on":null,"updated_at":"2026-07-25T01:27:52.347112+00:00"},"geometry":{"type":"Point","coordinates":[128.632350775,35.897563894]}},{"type":"Feature","id":"e669d65945ac900a52530efda97667d98dbb953f1d27bdd9fc95c486510e4df0-1","properties":{"facility_id":"e669d65945ac900a52530efda97667d98dbb953f1d27bdd9fc95c486510e4df0","point_ordinal":1,"zone_group_id":"271401008234","source_manage_no":"271401008234","facility_name":"대구새론초등학교","sgg_code":"27140","facility_type_code":"1","api_first_registered_on":null,"api_last_modified_on":null,"updated_at":"2026-07-25T01:27:52.347112+00:00"},"geometry":{"type":"Point","coordinates":[128.717747668,35.884593435]}},{"type":"Feature","id":"b1740099947367f82157f143d9de01bd1ec11e09cd837007dae43e9a9e1fc605-1","properties":{"facility_id":"b1740099947367f82157f143d9de01bd1ec11e09cd837007dae43e9a9e1fc605","point_ordinal":1,"zone_group_id":"271401008239","source_manage_no":"271401008239","facility_name":"대구송정초등학교","sgg_code":"27140","facility_type_code":"1","api_first_registered_on":null,"api_last_modified_on":null,"updated_at":"2026-07-25T01:27:52.347112+00:00"},"geometry":{"type":"Point","coordinates":[128.733121356,35.870092955]}},{"type":"Feature","id":"4acd003d79bd4dcbfbd49c732f7ce246e105da2d8458db85e6723955c99f9fbd-1","properties":{"facility_id":"4acd003d79bd4dcbfbd49c732f7ce246e105da2d8458db85e6723955c99f9fbd","point_ordinal":1,"zone_group_id":"271401008274","source_manage_no":"271401008274","facility_name":"대구숙천초등학교","sgg_code":"27140","facility_type_code":"1","api_first_registered_on":null,"api_last_modified_on":"2026-07-16","updated_at":"2026-07-25T01:27:52.347112+00:00"},"geometry":{"type":"Point","coordinates":[128.754302048,35.876581143]}},{"type":"Feature","id":"15dab887085ced2b372963cd56ee25b2db61a831c51ae7608fc36437ae317daa-1","properties":{"facility_id":"15dab887085ced2b372963cd56ee25b2db61a831c51ae7608fc36437ae317daa","point_ordinal":1,"zone_group_id":"271401008293","source_manage_no":"271401008293","facility_name":"대구신성초등학교","sgg_code":"27140","facility_type_code":"1","api_first_registered_on":null,"api_last_modified_on":null,"updated_at":"2026-07-25T01:27:52.347112+00:00"},"geometry":{"type":"Point","coordinates":[128.629375058,35.89010901]}},{"type":"Feature","id":"1195ef6b7a2f0823a7235baf72e167fb998b7b04b13282ab527c51ac654566ce-1","properties":{"facility_id":"1195ef6b7a2f0823a7235baf72e167fb998b7b04b13282ab527c51ac654566ce","point_ordinal":1,"zone_group_id":"271401008300","source_manage_no":"271401008300","facility_name":"대구신천초등학교","sgg_code":"27140","facility_type_code":"1","api_first_registered_on":null,"api_last_modified_on":null,"updated_at":"2026-07-25T01:27:52.347112+00:00"},"geometry":{"type":"Point","coordinates":[128.620361479,35.870800925]}},{"type":"Feature","id":"1337c5070a337ab62dfc206b3f28c7e84b9512fd301a62c07c863463096af145-1","properties":{"facility_id":"1337c5070a337ab62dfc206b3f28c7e84b9512fd301a62c07c863463096af145","point_ordinal":1,"zone_group_id":"271401008294","source_manage_no":"271401008294","facility_name":"대구아양초등학교","sgg_code":"27140","facility_type_code":"1","api_first_registered_on":null,"api_last_modified_on":null,"updated_at":"2026-07-25T01:27:52.347112+00:00"},"geometry":{"type":"Point","coordinates":[128.636988345,35.886358826]}},{"type":"Feature","id":"8cb4c365bfff1d765de0347ad1cde01bf4fc3f23a9b795524db2c3547e6aa410-1","properties":{"facility_id":"8cb4c365bfff1d765de0347ad1cde01bf4fc3f23a9b795524db2c3547e6aa410","point_ordinal":1,"zone_group_id":"271401008311","source_manage_no":"271401008311","facility_name":"대구안일초등학교","sgg_code":"27140","facility_type_code":"1","api_first_registered_on":null,"api_last_modified_on":null,"updated_at":"2026-07-25T01:27:52.347112+00:00"},"geometry":{"type":"Point","coordinates":[128.694739442,35.870697223]}},{"type":"Feature","id":"e20cd49f323bafd5f3e1516c1ce0c3e93058086e2f763d48616bcf6c7cd50df0-1","properties":{"facility_id":"e20cd49f323bafd5f3e1516c1ce0c3e93058086e2f763d48616bcf6c7cd50df0","point_ordinal":1,"zone_group_id":"271401008255","source_manage_no":"271401008255","facility_name":"대구용호초등학교","sgg_code":"27140","facility_type_code":"1","api_first_registered_on":null,"api_last_modified_on":null,"updated_at":"2026-07-25T01:27:52.347112+00:00"},"geometry":{"type":"Point","coordinates":[128.6720537,35.877402893]}},{"type":"Feature","id":"35524b5bdc4ba682686b5d110e8a00d4b64204b809b4edcf430bf00f6d95f7db-1","properties":{"facility_id":"35524b5bdc4ba682686b5d110e8a00d4b64204b809b4edcf430bf00f6d95f7db","point_ordinal":1,"zone_group_id":"271401008312","source_manage_no":"271401008312","facility_name":"대구율금초등학교","sgg_code":"27140","facility_type_code":"1","api_first_registered_on":null,"api_last_modified_on":null,"updated_at":"2026-07-25T01:27:52.347112+00:00"},"geometry":{"type":"Point","coordinates":[128.692558749,35.861919737]}},{"type":"Feature","id":"2258bbe6bac97e9ea641ce5eaf77a5b5f8705fdd65a422cddea63fa9c4a91258-1","properties":{"facility_id":"2258bbe6bac97e9ea641ce5eaf77a5b5f8705fdd65a422cddea63fa9c4a91258","point_ordinal":1,"zone_group_id":"271401008314","source_manage_no":"271401008314","facility_name":"대구율원초등학교","sgg_code":"27140","facility_type_code":"1","api_first_registered_on":null,"api_last_modified_on":null,"updated_at":"2026-07-25T01:27:52.347112+00:00"},"geometry":{"type":"Point","coordinates":[128.701202032,35.864421078]}},{"type":"Feature","id":"5c07a44c0e0b2087076eddf93d4e86dadabe0946de8284dc3e1e077433fcc6c0-1","properties":{"facility_id":"5c07a44c0e0b2087076eddf93d4e86dadabe0946de8284dc3e1e077433fcc6c0","point_ordinal":1,"zone_group_id":"271401008315","source_manage_no":"271401008315","facility_name":"대구율하초등학교","sgg_code":"27140","facility_type_code":"1","api_first_registered_on":null,"api_last_modified_on":"2026-07-16","updated_at":"2026-07-25T01:27:52.347112+00:00"},"geometry":{"type":"Point","coordinates":[128.701651509,35.867049114]}},{"type":"Feature","id":"6322a4f4e434aa04a36c6d9382ecd30a2e3c3b01c2d150c7175d018da9cfccb1-1","properties":{"facility_id":"6322a4f4e434aa04a36c6d9382ecd30a2e3c3b01c2d150c7175d018da9cfccb1","point_ordinal":1,"zone_group_id":"271401008320","source_manage_no":"271401008320","facility_name":"대구입석초등학교","sgg_code":"27140","facility_type_code":"1","api_first_registered_on":null,"api_last_modified_on":null,"updated_at":"2026-07-25T01:27:52.347112+00:00"},"geometry":{"type":"Point","coordinates":[128.643316352,35.891122068]}},{"type":"Feature","id":"36cc08f32064566340682806a7460326fba381cf541924673566ea721c285204-1","properties":{"facility_id":"36cc08f32064566340682806a7460326fba381cf541924673566ea721c285204","point_ordinal":1,"zone_group_id":"271401008325","source_manage_no":"271401008325","facility_name":"대구지묘초등학교","sgg_code":"27140","facility_type_code":"1","api_first_registered_on":null,"api_last_modified_on":null,"updated_at":"2026-07-25T01:27:52.347112+00:00"},"geometry":{"type":"Point","coordinates":[128.63830893,35.942206437]}},{"type":"Feature","id":"5f2a2827ab1809607831d944aaafe80c7006c1ce3ca6d93eb3b8a8b9811a7dc1-1","properties":{"facility_id":"5f2a2827ab1809607831d944aaafe80c7006c1ce3ca6d93eb3b8a8b9811a7dc1","point_ordinal":1,"zone_group_id":"271401025943","source_manage_no":"271401025943","facility_name":"대구팔공초등학교","sgg_code":"27140","facility_type_code":"1","api_first_registered_on":null,"api_last_modified_on":"2026-07-16","updated_at":"2026-07-25T01:27:52.347112+00:00"},"geometry":{"type":"Point","coordinates":[128.626867956,35.947235637]}},{"type":"Feature","id":"c1e1e610475dc7bbd6f5c7ef07b7810546ea0509ec126e156a1791075e61cb25-1","properties":{"facility_id":"c1e1e610475dc7bbd6f5c7ef07b7810546ea0509ec126e156a1791075e61cb25","point_ordinal":1,"zone_group_id":"271401008259","source_manage_no":"271401008261","facility_name":"대구해서초등학교","sgg_code":"27140","facility_type_code":"1","api_first_registered_on":null,"api_last_modified_on":null,"updated_at":"2026-07-25T01:27:52.347112+00:00"},"geometry":{"type":"Point","coordinates":[128.643577706,35.917760448]}},{"type":"Feature","id":"d6c0528363be13d3e32faf7fa1de9bfc09aea052a6ac0e9d52d6734f02339686-1","properties":{"facility_id":"d6c0528363be13d3e32faf7fa1de9bfc09aea052a6ac0e9d52d6734f02339686","point_ordinal":1,"zone_group_id":"271401008265","source_manage_no":"271401008265","facility_name":"대구해안초등학교","sgg_code":"27140","facility_type_code":"1","api_first_registered_on":null,"api_last_modified_on":null,"updated_at":"2026-07-25T01:27:52.347112+00:00"},"geometry":{"type":"Point","coordinates":[128.682187608,35.895154286]}},{"type":"Feature","id":"ac6f27b6497601b6b2dd2ed007cbd1d8efc7d0467e844d85bbc2445d8c79bdd0-1","properties":{"facility_id":"ac6f27b6497601b6b2dd2ed007cbd1d8efc7d0467e844d85bbc2445d8c79bdd0","point_ordinal":1,"zone_group_id":"271401008332","source_manage_no":"271401008332","facility_name":"대구효동초등학교","sgg_code":"27140","facility_type_code":"1","api_first_registered_on":null,"api_last_modified_on":"2026-07-16","updated_at":"2026-07-25T01:27:52.347112+00:00"},"geometry":{"type":"Point","coordinates":[128.644275421,35.883855419]}},{"type":"Feature","id":"9d89e2e3d9c773f5cbc2c4f276140f2927db76de55182ef0669d4eef438a328e-1","properties":{"facility_id":"9d89e2e3d9c773f5cbc2c4f276140f2927db76de55182ef0669d4eef438a328e","point_ordinal":1,"zone_group_id":"271401008333","source_manage_no":"271401008333","facility_name":"대구효목초등학교","sgg_code":"27140","facility_type_code":"1","api_first_registered_on":null,"api_last_modified_on":null,"updated_at":"2026-07-25T01:27:52.347112+00:00"},"geometry":{"type":"Point","coordinates":[128.642649814,35.877118243]}},{"type":"Feature","id":"5df346527ba357827d4c81201750d6feb36527197d241e41447b71e9487bec34-1","properties":{"facility_id":"5df346527ba357827d4c81201750d6feb36527197d241e41447b71e9487bec34","point_ordinal":1,"zone_group_id":"271401008306","source_manage_no":"271401008306","facility_name":"대구효신초등학교","sgg_code":"27140","facility_type_code":"1","api_first_registered_on":"1996-05-28","api_last_modified_on":null,"updated_at":"2026-07-25T01:27:52.347112+00:00"},"geometry":{"type":"Point","coordinates":[128.63272079,35.872199631]}},{"type":"Feature","id":"f24e9e58818d6eb9e388b240693b5f6c2bde0f7b8aef7048ba79a56ae2baa5c2-1","properties":{"facility_id":"f24e9e58818d6eb9e388b240693b5f6c2bde0f7b8aef7048ba79a56ae2baa5c2","point_ordinal":1,"zone_group_id":"271401008335","source_manage_no":"271401008329","facility_name":"국공립세원어린이집","sgg_code":"27140","facility_type_code":"1","api_first_registered_on":null,"api_last_modified_on":"2026-07-16","updated_at":"2026-07-25T01:27:52.347112+00:00"},"geometry":{"type":"Point","coordinates":[128.64004741,35.881813033]}},{"type":"Feature","id":"cbd18238a7a3aad735a7862be06e618fada76ff4b469e13f35a12a67b5126bc8-1","properties":{"facility_id":"cbd18238a7a3aad735a7862be06e618fada76ff4b469e13f35a12a67b5126bc8","point_ordinal":1,"zone_group_id":"271401008272","source_manage_no":"271401008272","facility_name":"대구반야월초등학교","sgg_code":"27140","facility_type_code":"1","api_first_registered_on":null,"api_last_modified_on":null,"updated_at":"2026-07-25T01:27:52.347112+00:00"},"geometry":{"type":"Point","coordinates":[128.710607052,35.868906543]}},{"type":"Feature","id":"76eb10085e3fe54741c19c9a9830980694df8b2cb291f7babc8262f397f93ec9-1","properties":{"facility_id":"76eb10085e3fe54741c19c9a9830980694df8b2cb291f7babc8262f397f93ec9","point_ordinal":1,"zone_group_id":"271402008266","source_manage_no":"271402008266","facility_name":"동구노인종합복지관","sgg_code":"27140","facility_type_code":"2","api_first_registered_on":null,"api_last_modified_on":null,"updated_at":"2026-07-25T01:27:52.347112+00:00"},"geometry":{"type":"Point","coordinates":[128.63006343,35.901903886]}},{"type":"Feature","id":"fe5aeb68311955c72bc8e2b80167a9b3147580ccbbcdf03a02371c03c8b753fe-1","properties":{"facility_id":"fe5aeb68311955c72bc8e2b80167a9b3147580ccbbcdf03a02371c03c8b753fe","point_ordinal":1,"zone_group_id":"271401008295","source_manage_no":"271401008295","facility_name":"온뜨레피움어린이집","sgg_code":"27140","facility_type_code":"1","api_first_registered_on":null,"api_last_modified_on":null,"updated_at":"2026-07-25T01:27:52.347112+00:00"},"geometry":{"type":"Point","coordinates":[128.636645336,35.887164457]}},{"type":"Feature","id":"6403647e671342bbdcf240388e568a03eaa454df2b9acb37c907add305b10a42-1","properties":{"facility_id":"6403647e671342bbdcf240388e568a03eaa454df2b9acb37c907add305b10a42","point_ordinal":1,"zone_group_id":"271401020537","source_manage_no":"271401020537","facility_name":"키즈로스쿨어린이집","sgg_code":"27140","facility_type_code":"1","api_first_registered_on":null,"api_last_modified_on":null,"updated_at":"2026-07-25T01:27:52.347112+00:00"},"geometry":{"type":"Point","coordinates":[128.701407586,35.87023278]}},{"type":"Feature","id":"f8776677dbf71b9fa637fd036ed1317fc93a1b20f6223017d243b2fb73be868d-1","properties":{"facility_id":"f8776677dbf71b9fa637fd036ed1317fc93a1b20f6223017d243b2fb73be868d","point_ordinal":1,"zone_group_id":"271401008314","source_manage_no":"271401008317","facility_name":"키즈하버드어린이집","sgg_code":"27140","facility_type_code":"1","api_first_registered_on":null,"api_last_modified_on":null,"updated_at":"2026-07-25T01:27:52.347112+00:00"},"geometry":{"type":"Point","coordinates":[128.702022189,35.864457951]}},{"type":"Feature","id":"e0ae7194e16d12f2565ff22e969942e61bee3b7838ed758385c689d3e188781b-1","properties":{"facility_id":"e0ae7194e16d12f2565ff22e969942e61bee3b7838ed758385c689d3e188781b","point_ordinal":1,"zone_group_id":"271402008328","source_manage_no":"271402008328","facility_name":"대한노인회동구노인회관","sgg_code":"27140","facility_type_code":"2","api_first_registered_on":null,"api_last_modified_on":null,"updated_at":"2026-07-25T01:27:52.347112+00:00"},"geometry":{"type":"Point","coordinates":[128.640389389,35.884802951]}},{"type":"Feature","id":"efabf0dd9c4bb42f2701223d567ab7d522158448eb997ffbdb34e76314f70f52-1","properties":{"facility_id":"efabf0dd9c4bb42f2701223d567ab7d522158448eb997ffbdb34e76314f70f52","point_ordinal":1,"zone_group_id":"271401008245","source_manage_no":"271401008243","facility_name":"대구가톨릭대학교부설유치원","sgg_code":"27140","facility_type_code":"1","api_first_registered_on":null,"api_last_modified_on":null,"updated_at":"2026-07-25T01:27:52.347112+00:00"},"geometry":{"type":"Point","coordinates":[128.717540911,35.865293369]}},{"type":"Feature","id":"8ade93e8a9178c613a0e5357827f74a5b73d851d362574ec41b57aeaa1bf7916-1","properties":{"facility_id":"8ade93e8a9178c613a0e5357827f74a5b73d851d362574ec41b57aeaa1bf7916","point_ordinal":1,"zone_group_id":"271401008279","source_manage_no":"271401029533","facility_name":"대구강동초등학교 병설유치원","sgg_code":"27140","facility_type_code":"1","api_first_registered_on":null,"api_last_modified_on":"2026-07-16","updated_at":"2026-07-25T01:27:52.347112+00:00"},"geometry":{"type":"Point","coordinates":[128.730786311,35.868074115]}},{"type":"Feature","id":"c016a5ead2d8551a8fcc8947f12ea411e9fd4dfc3fda15fb1e274c887109ed86-1","properties":{"facility_id":"c016a5ead2d8551a8fcc8947f12ea411e9fd4dfc3fda15fb1e274c887109ed86","point_ordinal":1,"zone_group_id":"271401008256","source_manage_no":"271401029532","facility_name":"대구공산초등학교 병설유치원","sgg_code":"27140","facility_type_code":"1","api_first_registered_on":null,"api_last_modified_on":"2026-07-16","updated_at":"2026-07-25T01:27:52.347112+00:00"},"geometry":{"type":"Point","coordinates":[128.689768224,35.956249955]}},{"type":"Feature","id":"0d0dbfe3d883d89c154f6c7386b77aa38960ff6fc4ceac16775cda2df5d60188-1","properties":{"facility_id":"0d0dbfe3d883d89c154f6c7386b77aa38960ff6fc4ceac16775cda2df5d60188","point_ordinal":1,"zone_group_id":"271401008285","source_manage_no":"271401029531","facility_name":"대구덕성초등학교 병설유치원","sgg_code":"27140","facility_type_code":"1","api_first_registered_on":null,"api_last_modified_on":"2026-07-16","updated_at":"2026-07-25T01:27:52.347112+00:00"},"geometry":{"type":"Point","coordinates":[128.628271014,35.881891306]}},{"type":"Feature","id":"275fe03e84a74d0f1b8c7af9b725c0177c2dc132911c0bc4d0b158085a141a58-1","properties":{"facility_id":"275fe03e84a74d0f1b8c7af9b725c0177c2dc132911c0bc4d0b158085a141a58","point_ordinal":1,"zone_group_id":"271401008290","source_manage_no":"271401029529","facility_name":"대구동신초등학교 병설유치원","sgg_code":"27140","facility_type_code":"1","api_first_registered_on":null,"api_last_modified_on":"2026-07-16","updated_at":"2026-07-25T01:27:52.347112+00:00"},"geometry":{"type":"Point","coordinates":[128.61563362,35.877538598]}},{"type":"Feature","id":"5eeeaacef9d3f0e8f8ee7c1b7b1baa819b60ef3ad849a0dac1284584ec163378-1","properties":{"facility_id":"5eeeaacef9d3f0e8f8ee7c1b7b1baa819b60ef3ad849a0dac1284584ec163378","point_ordinal":1,"zone_group_id":"271401008245","source_manage_no":"271401029528","facility_name":"대구동호초등학교 병설유치원","sgg_code":"27140","facility_type_code":"1","api_first_registered_on":null,"api_last_modified_on":"2026-07-16","updated_at":"2026-07-25T01:27:52.347112+00:00"},"geometry":{"type":"Point","coordinates":[128.720668321,35.865150528]}},{"type":"Feature","id":"99d1006557001a0a6229a818fd0d4ba365ceb691a7a8d337213d3cfeb5a9679e-1","properties":{"facility_id":"99d1006557001a0a6229a818fd0d4ba365ceb691a7a8d337213d3cfeb5a9679e","point_ordinal":1,"zone_group_id":"271401008258","source_manage_no":"271401029511","facility_name":"대구봉무초등학교 병설유치원","sgg_code":"27140","facility_type_code":"1","api_first_registered_on":null,"api_last_modified_on":"2026-07-16","updated_at":"2026-07-25T01:27:52.347112+00:00"},"geometry":{"type":"Point","coordinates":[128.637851299,35.925605286]}},{"type":"Feature","id":"7b359d5e727d48e2f97f80595dc9ae3f8775c33d3580f66995f0f9ba8924fb4c-1","properties":{"facility_id":"7b359d5e727d48e2f97f80595dc9ae3f8775c33d3580f66995f0f9ba8924fb4c","point_ordinal":1,"zone_group_id":"271401008267","source_manage_no":"271401029527","facility_name":"대구불로초등학교 병설유치원","sgg_code":"27140","facility_type_code":"1","api_first_registered_on":null,"api_last_modified_on":"2026-07-16","updated_at":"2026-07-25T01:27:52.347112+00:00"},"geometry":{"type":"Point","coordinates":[128.633260954,35.897045097]}},{"type":"Feature","id":"cbec985c14fc0ae173e1dd1a81f3ba6520432b14e92c9cba86af7ae415e8418d-1","properties":{"facility_id":"cbec985c14fc0ae173e1dd1a81f3ba6520432b14e92c9cba86af7ae415e8418d","point_ordinal":1,"zone_group_id":"271401008294","source_manage_no":"271401029524","facility_name":"대구아양초등학교 병설유치원","sgg_code":"27140","facility_type_code":"1","api_first_registered_on":null,"api_last_modified_on":"2026-07-16","updated_at":"2026-07-25T01:27:52.347112+00:00"},"geometry":{"type":"Point","coordinates":[128.636886284,35.886434179]}},{"type":"Feature","id":"823b8476042c543b5866b1799a5c7543f99e293159c0efe78c8c94632dc0c318-1","properties":{"facility_id":"823b8476042c543b5866b1799a5c7543f99e293159c0efe78c8c94632dc0c318","point_ordinal":1,"zone_group_id":"271401008255","source_manage_no":"271401029517","facility_name":"대구용호초등학교 병설유치원","sgg_code":"27140","facility_type_code":"1","api_first_registered_on":null,"api_last_modified_on":"2026-07-16","updated_at":"2026-07-25T01:27:52.347112+00:00"},"geometry":{"type":"Point","coordinates":[128.672294972,35.876986217]}},{"type":"Feature","id":"42fce7c9fe64b7012624dad98b644caf84cf8be203dd5d90fa083ab6b18636e3-1","properties":{"facility_id":"42fce7c9fe64b7012624dad98b644caf84cf8be203dd5d90fa083ab6b18636e3","point_ordinal":1,"zone_group_id":"271401008265","source_manage_no":"271401029521","facility_name":"대구해안초등학교 병설유치원","sgg_code":"27140","facility_type_code":"1","api_first_registered_on":null,"api_last_modified_on":"2026-07-16","updated_at":"2026-07-25T01:27:52.347112+00:00"},"geometry":{"type":"Point","coordinates":[128.682858239,35.896173129]}},{"type":"Feature","id":"ebe43aee5c5ed3886e328f0465ac5371f69780546eef61e868d1a43b022a5368-1","properties":{"facility_id":"ebe43aee5c5ed3886e328f0465ac5371f69780546eef61e868d1a43b022a5368","point_ordinal":1,"zone_group_id":"271401008332","source_manage_no":"271401029520","facility_name":"대구효동초등학교 병설유치원","sgg_code":"27140","facility_type_code":"1","api_first_registered_on":null,"api_last_modified_on":"2026-07-16","updated_at":"2026-07-25T01:27:52.347112+00:00"},"geometry":{"type":"Point","coordinates":[128.644823998,35.884177734]}},{"type":"Feature","id":"9207996f1ac1491ca04f3de67245e8c1a14bbde9ec43a969e3c5c7dc5a1296fb-1","properties":{"facility_id":"9207996f1ac1491ca04f3de67245e8c1a14bbde9ec43a969e3c5c7dc5a1296fb","point_ordinal":1,"zone_group_id":"271401008306","source_manage_no":"271401029519","facility_name":"대구효신초등학교 병설유치원","sgg_code":"27140","facility_type_code":"1","api_first_registered_on":null,"api_last_modified_on":"2026-07-16","updated_at":"2026-07-25T01:27:52.347112+00:00"},"geometry":{"type":"Point","coordinates":[128.632236475,35.872858149]}},{"type":"Feature","id":"52efe93787788b3a599c75dde9029cc77708284a6d38bc97248acd25806426e6-1","properties":{"facility_id":"52efe93787788b3a599c75dde9029cc77708284a6d38bc97248acd25806426e6","point_ordinal":1,"zone_group_id":"271401008290","source_manage_no":"271401029530","facility_name":"동대구초등학교 병설유치원","sgg_code":"27140","facility_type_code":"1","api_first_registered_on":null,"api_last_modified_on":"2025-12-10","updated_at":"2026-07-25T01:27:52.347112+00:00"},"geometry":{"type":"Point","coordinates":[128.620248795,35.879258234]}},{"type":"Feature","id":"2e0beb4377653ac961650a51a042cfb12e6a93c843856d0efcff0fedd8a9f323-1","properties":{"facility_id":"2e0beb4377653ac961650a51a042cfb12e6a93c843856d0efcff0fedd8a9f323","point_ordinal":1,"zone_group_id":"271402029514","source_manage_no":"271402029514","facility_name":"신암3동경로당","sgg_code":"27140","facility_type_code":"2","api_first_registered_on":null,"api_last_modified_on":"2026-07-20","updated_at":"2026-07-25T01:27:52.347112+00:00"},"geometry":{"type":"Point","coordinates":[128.618933793,35.881061083]}},{"type":"Feature","id":"9a97963ebebd45ad0f8117cc70862daa7fad5fce65b2df20be86b126a21f0f08-1","properties":{"facility_id":"9a97963ebebd45ad0f8117cc70862daa7fad5fce65b2df20be86b126a21f0f08","point_ordinal":1,"zone_group_id":"271402008237","source_manage_no":"271402008237","facility_name":"SOS프란치스카의집","sgg_code":"27140","facility_type_code":"2","api_first_registered_on":null,"api_last_modified_on":null,"updated_at":"2026-07-25T01:27:52.347112+00:00"},"geometry":{"type":"Point","coordinates":[128.657778682,35.887566624]}},{"type":"Feature","id":"b2952472f5daac915706294e289baa14f3919063897d0bab869153adfb4e692c-1","properties":{"facility_id":"b2952472f5daac915706294e289baa14f3919063897d0bab869153adfb4e692c","point_ordinal":1,"zone_group_id":"271701008478","source_manage_no":"271701008478","facility_name":"달서유치원","sgg_code":"27170","facility_type_code":"1","api_first_registered_on":null,"api_last_modified_on":null,"updated_at":"2026-07-25T01:27:52.347112+00:00"},"geometry":{"type":"Point","coordinates":[128.568128881,35.87200701]}},{"type":"Feature","id":"a5a843c6430a1cb3dbd32438b8c0cf81f98bff96b710a9e34aacfd07adaf86fc-1","properties":{"facility_id":"a5a843c6430a1cb3dbd32438b8c0cf81f98bff96b710a9e34aacfd07adaf86fc","point_ordinal":1,"zone_group_id":"271701008471","source_manage_no":"271701008471","facility_name":"동양유치원","sgg_code":"27170","facility_type_code":"1","api_first_registered_on":null,"api_last_modified_on":null,"updated_at":"2026-07-25T01:27:52.347112+00:00"},"geometry":{"type":"Point","coordinates":[128.565190189,35.865336686]}},{"type":"Feature","id":"03c61e2acd3fe48b342073ade754326e690e992e9ec95ab1446de3d24c5011e6-1","properties":{"facility_id":"03c61e2acd3fe48b342073ade754326e690e992e9ec95ab1446de3d24c5011e6","point_ordinal":1,"zone_group_id":"271701008474","source_manage_no":"271701008474","facility_name":"상지유치원","sgg_code":"27170","facility_type_code":"1","api_first_registered_on":null,"api_last_modified_on":null,"updated_at":"2026-07-25T01:27:52.347112+00:00"},"geometry":{"type":"Point","coordinates":[128.570929292,35.865222137]}},{"type":"Feature","id":"f523238142458e10146199cd5af84a5b4d70d8a559a4fcab00ccf45b50d0f228-1","properties":{"facility_id":"f523238142458e10146199cd5af84a5b4d70d8a559a4fcab00ccf45b50d0f228","point_ordinal":1,"zone_group_id":"271701008476","source_manage_no":"271701008476","facility_name":"세화유치원","sgg_code":"27170","facility_type_code":"1","api_first_registered_on":null,"api_last_modified_on":null,"updated_at":"2026-07-25T01:27:52.347112+00:00"},"geometry":{"type":"Point","coordinates":[128.550455732,35.859827486]}},{"type":"Feature","id":"34b37d601d298c9d8817e0f209838586e94114f3e17b3c458eb92f0de3540bad-1","properties":{"facility_id":"34b37d601d298c9d8817e0f209838586e94114f3e17b3c458eb92f0de3540bad","point_ordinal":1,"zone_group_id":"271701008467","source_manage_no":"271701008467","facility_name":"경운초등학교","sgg_code":"27170","facility_type_code":"1","api_first_registered_on":null,"api_last_modified_on":null,"updated_at":"2026-07-25T01:27:52.347112+00:00"},"geometry":{"type":"Point","coordinates":[128.553690865,35.861604234]}},{"type":"Feature","id":"7ec416d74048ca1b89ed39962431503f22132c7f63aa415a1ea192c6f99ddef7-1","properties":{"facility_id":"7ec416d74048ca1b89ed39962431503f22132c7f63aa415a1ea192c6f99ddef7","point_ordinal":1,"zone_group_id":"271701008500","source_manage_no":"271701008500","facility_name":"궁전어린이집","sgg_code":"27170","facility_type_code":"1","api_first_registered_on":null,"api_last_modified_on":null,"updated_at":"2026-07-25T01:27:52.347112+00:00"},"geometry":{"type":"Point","coordinates":[128.564564072,35.874202317]}},{"type":"Feature","id":"280c318182efc383fe5d1382c2b024708537ad52daf107869dc85e66e75f4e2b-1","properties":{"facility_id":"280c318182efc383fe5d1382c2b024708537ad52daf107869dc85e66e75f4e2b","point_ordinal":1,"zone_group_id":"271701008469","source_manage_no":"271701008469","facility_name":"내서초등학교","sgg_code":"27170","facility_type_code":"1","api_first_registered_on":null,"api_last_modified_on":null,"updated_at":"2026-07-25T01:27:52.347112+00:00"},"geometry":{"type":"Point","coordinates":[128.567183418,35.864279987]}},{"type":"Feature","id":"e8e29695f2107ee8a4f4fb0418ab86dca6310f1941343cbd8fe74f52222a74ad-1","properties":{"facility_id":"e8e29695f2107ee8a4f4fb0418ab86dca6310f1941343cbd8fe74f52222a74ad","point_ordinal":1,"zone_group_id":"271701008470","source_manage_no":"271701008470","facility_name":"다인어린이집","sgg_code":"27170","facility_type_code":"1","api_first_registered_on":null,"api_last_modified_on":null,"updated_at":"2026-07-25T01:27:52.347112+00:00"},"geometry":{"type":"Point","coordinates":[128.570073088,35.865020612]}},{"type":"Feature","id":"5ea5ada848743487bd049b352a5b646b7e655b6fa955fb0f630dc3246f9dd21a-1","properties":{"facility_id":"5ea5ada848743487bd049b352a5b646b7e655b6fa955fb0f630dc3246f9dd21a","point_ordinal":1,"zone_group_id":"271701008496","source_manage_no":"271701008496","facility_name":"달서초등학교","sgg_code":"27170","facility_type_code":"1","api_first_registered_on":null,"api_last_modified_on":null,"updated_at":"2026-07-25T01:27:52.347112+00:00"},"geometry":{"type":"Point","coordinates":[128.549992443,35.866146102]}},{"type":"Feature","id":"676cb21c2dfadac6af3e7b25911049baff8137f3057e1e08b7ebeb641efa1bb5-1","properties":{"facility_id":"676cb21c2dfadac6af3e7b25911049baff8137f3057e1e08b7ebeb641efa1bb5","point_ordinal":1,"zone_group_id":"271701008492","source_manage_no":"271701008492","facility_name":"달성초등학교","sgg_code":"27170","facility_type_code":"1","api_first_registered_on":null,"api_last_modified_on":null,"updated_at":"2026-07-25T01:27:52.347112+00:00"},"geometry":{"type":"Point","coordinates":[128.57969206,35.881721645]}},{"type":"Feature","id":"b6b0278b07976a93d888f34f626b340e732915cf0744f2b7b69a1aa194f0167d-1","properties":{"facility_id":"b6b0278b07976a93d888f34f626b340e732915cf0744f2b7b69a1aa194f0167d","point_ordinal":1,"zone_group_id":"271701008479","source_manage_no":"271701008479","facility_name":"대성초등학교","sgg_code":"27170","facility_type_code":"1","api_first_registered_on":null,"api_last_modified_on":null,"updated_at":"2026-07-25T01:27:52.347112+00:00"},"geometry":{"type":"Point","coordinates":[128.577191823,35.871383311]}},{"type":"Feature","id":"ef89483b64d0ab5388f9640d382d8d7e66563b91db42d83038e630b4c50dbe4e-1","properties":{"facility_id":"ef89483b64d0ab5388f9640d382d8d7e66563b91db42d83038e630b4c50dbe4e","point_ordinal":1,"zone_group_id":"271701008472","source_manage_no":"271701008472","facility_name":"두류초등학교","sgg_code":"27170","facility_type_code":"1","api_first_registered_on":null,"api_last_modified_on":null,"updated_at":"2026-07-25T01:27:52.347112+00:00"},"geometry":{"type":"Point","coordinates":[128.559442164,35.861418108]}},{"type":"Feature","id":"24ccb6b54ff0d5d134c338e2b3f5457cd07251fcc9d9e152fd252563bad65814-1","properties":{"facility_id":"24ccb6b54ff0d5d134c338e2b3f5457cd07251fcc9d9e152fd252563bad65814","point_ordinal":1,"zone_group_id":"271701008512","source_manage_no":"271701008512","facility_name":"서도초등학교","sgg_code":"27170","facility_type_code":"1","api_first_registered_on":null,"api_last_modified_on":null,"updated_at":"2026-07-25T01:27:52.347112+00:00"},"geometry":{"type":"Point","coordinates":[128.565902009,35.866367992]}},{"type":"Feature","id":"2b0c1dd586fc4ecebac0975d2d42889e3ade2e9a889f3616ca9f30eca8125f5b-1","properties":{"facility_id":"2b0c1dd586fc4ecebac0975d2d42889e3ade2e9a889f3616ca9f30eca8125f5b","point_ordinal":1,"zone_group_id":"271701008484","source_manage_no":"271701008484","facility_name":"서부초등학교","sgg_code":"27170","facility_type_code":"1","api_first_registered_on":null,"api_last_modified_on":null,"updated_at":"2026-07-25T01:27:52.347112+00:00"},"geometry":{"type":"Point","coordinates":[128.573897877,35.872850257]}},{"type":"Feature","id":"8c6c40c685d895d91734e1e7ff32b413d1442190e50ac6ff7a1d78688fdcb598-1","properties":{"facility_id":"8c6c40c685d895d91734e1e7ff32b413d1442190e50ac6ff7a1d78688fdcb598","point_ordinal":1,"zone_group_id":"271701008506","source_manage_no":"271701008506","facility_name":"서평초등학교","sgg_code":"27170","facility_type_code":"1","api_first_registered_on":null,"api_last_modified_on":null,"updated_at":"2026-07-25T01:27:52.347112+00:00"},"geometry":{"type":"Point","coordinates":[128.548054725,35.878075374]}},{"type":"Feature","id":"f00c0819582ba3668cd59a03a86d1a10328074055c9a847def7348aceaef51b1-1","properties":{"facility_id":"f00c0819582ba3668cd59a03a86d1a10328074055c9a847def7348aceaef51b1","point_ordinal":1,"zone_group_id":"271701008493","source_manage_no":"271701008493","facility_name":"성산어린이집","sgg_code":"27170","facility_type_code":"1","api_first_registered_on":null,"api_last_modified_on":null,"updated_at":"2026-07-25T01:27:52.347112+00:00"},"geometry":{"type":"Point","coordinates":[128.578762823,35.885904224]}},{"type":"Feature","id":"f3ca4fa75c5a1cb4c8b6ad6344cb559d9cc69b0a1364c5c589e33c050cf5d5d1-1","properties":{"facility_id":"f3ca4fa75c5a1cb4c8b6ad6344cb559d9cc69b0a1364c5c589e33c050cf5d5d1","point_ordinal":1,"zone_group_id":"271701008498","source_manage_no":"271701008498","facility_name":"영재어린이집","sgg_code":"27170","facility_type_code":"1","api_first_registered_on":null,"api_last_modified_on":null,"updated_at":"2026-07-25T01:27:52.347112+00:00"},"geometry":{"type":"Point","coordinates":[128.540405816,35.858636658]}},{"type":"Feature","id":"13e6ca8a17830d9951bb440323d93eafe90656eecaae8595fb6b387b56cfe232-1","properties":{"facility_id":"13e6ca8a17830d9951bb440323d93eafe90656eecaae8595fb6b387b56cfe232","point_ordinal":1,"zone_group_id":"271701008507","source_manage_no":"271701008507","facility_name":"이현초등학교","sgg_code":"27170","facility_type_code":"1","api_first_registered_on":"1997-10-10","api_last_modified_on":null,"updated_at":"2026-07-25T01:27:52.347112+00:00"},"geometry":{"type":"Point","coordinates":[128.551306353,35.873106867]}},{"type":"Feature","id":"41027942b408c5e3fcc1d9cb9148ac9a672c78a7b95a0c99501840dc16d48642-1","properties":{"facility_id":"41027942b408c5e3fcc1d9cb9148ac9a672c78a7b95a0c99501840dc16d48642","point_ordinal":1,"zone_group_id":"271701008488","source_manage_no":"271701008488","facility_name":"인지초등학교","sgg_code":"27170","facility_type_code":"1","api_first_registered_on":null,"api_last_modified_on":null,"updated_at":"2026-07-25T01:27:52.347112+00:00"},"geometry":{"type":"Point","coordinates":[128.567158808,35.887245362]}},{"type":"Feature","id":"5e28bc9fa84f3501f8f84e4880e9732d65cfb6e81f68b601a22377ca4c8506e9-1","properties":{"facility_id":"5e28bc9fa84f3501f8f84e4880e9732d65cfb6e81f68b601a22377ca4c8506e9","point_ordinal":1,"zone_group_id":"271701008494","source_manage_no":"271701008494","facility_name":"중리초등학교","sgg_code":"27170","facility_type_code":"1","api_first_registered_on":null,"api_last_modified_on":null,"updated_at":"2026-07-25T01:27:52.347112+00:00"},"geometry":{"type":"Point","coordinates":[128.545826597,35.869061396]}},{"type":"Feature","id":"e1d64b417b2278322b97e419df413428336c32dd661f2891f5c95b590d29474a-1","properties":{"facility_id":"e1d64b417b2278322b97e419df413428336c32dd661f2891f5c95b590d29474a","point_ordinal":1,"zone_group_id":"271701008511","source_manage_no":"271701008511","facility_name":"평리초등학교","sgg_code":"27170","facility_type_code":"1","api_first_registered_on":null,"api_last_modified_on":null,"updated_at":"2026-07-25T01:27:52.347112+00:00"},"geometry":{"type":"Point","coordinates":[128.560085238,35.871870907]}},{"type":"Feature","id":"56479ca9f1f72b0c520a81aa3ecd70957fec50a9e199f8b443a499243dc12dd6-1","properties":{"facility_id":"56479ca9f1f72b0c520a81aa3ecd70957fec50a9e199f8b443a499243dc12dd6","point_ordinal":1,"zone_group_id":"271701008501","source_manage_no":"271701008501","facility_name":"글나라어린이집","sgg_code":"27170","facility_type_code":"1","api_first_registered_on":null,"api_last_modified_on":null,"updated_at":"2026-07-25T01:27:52.347112+00:00"},"geometry":{"type":"Point","coordinates":[128.557651161,35.867902872]}},{"type":"Feature","id":"ea7321bab795ffefa052a655fb61acd8fe2dfd3fe9b16d843a36a72656e5f262-1","properties":{"facility_id":"ea7321bab795ffefa052a655fb61acd8fe2dfd3fe9b16d843a36a72656e5f262","point_ordinal":1,"zone_group_id":"271702008468","source_manage_no":"271702008468","facility_name":"내당노인복지관","sgg_code":"27170","facility_type_code":"2","api_first_registered_on":null,"api_last_modified_on":null,"updated_at":"2026-07-25T01:27:52.347112+00:00"},"geometry":{"type":"Point","coordinates":[128.55180948,35.858818074]}},{"type":"Feature","id":"aeb3d37e4c3416b9506653f5546c90440711abd94bf879c7421e33c2c45ada44-1","properties":{"facility_id":"aeb3d37e4c3416b9506653f5546c90440711abd94bf879c7421e33c2c45ada44","point_ordinal":1,"zone_group_id":"271701008488","source_manage_no":"271701028800","facility_name":"대구인지유치원","sgg_code":"27170","facility_type_code":"1","api_first_registered_on":null,"api_last_modified_on":"2025-10-24","updated_at":"2026-07-25T01:27:52.347112+00:00"},"geometry":{"type":"Point","coordinates":[128.567117297,35.88725392]}},{"type":"Feature","id":"e0a29773369ed449f06912adf9a70ee38248b33ddc66904b668b4ac2ceeca677-1","properties":{"facility_id":"e0a29773369ed449f06912adf9a70ee38248b33ddc66904b668b4ac2ceeca677","point_ordinal":1,"zone_group_id":"271701008480","source_manage_no":"271701008480","facility_name":"북비산초등학교","sgg_code":"27170","facility_type_code":"1","api_first_registered_on":null,"api_last_modified_on":null,"updated_at":"2026-07-25T01:27:52.347112+00:00"},"geometry":{"type":"Point","coordinates":[128.56396696,35.881318711]}},{"type":"Feature","id":"54faa5719a63d4796b5f2a8e532c4d39db7b6a21ddc73a09f9bb8d9173d05860-1","properties":{"facility_id":"54faa5719a63d4796b5f2a8e532c4d39db7b6a21ddc73a09f9bb8d9173d05860","point_ordinal":1,"zone_group_id":"271702008473","source_manage_no":"271702008473","facility_name":"비원노인복지관","sgg_code":"27170","facility_type_code":"2","api_first_registered_on":null,"api_last_modified_on":null,"updated_at":"2026-07-25T01:27:52.347112+00:00"},"geometry":{"type":"Point","coordinates":[128.555574802,35.881728666]}},{"type":"Feature","id":"9930ac21a53941112c65c8d4df2b53dbec7c4c4469d485ae8a91a572947f2825-1","properties":{"facility_id":"9930ac21a53941112c65c8d4df2b53dbec7c4c4469d485ae8a91a572947f2825","point_ordinal":1,"zone_group_id":"271702008505","source_manage_no":"271702008505","facility_name":"서구노인복지관","sgg_code":"27170","facility_type_code":"2","api_first_registered_on":null,"api_last_modified_on":null,"updated_at":"2026-07-25T01:27:52.347112+00:00"},"geometry":{"type":"Point","coordinates":[128.564286843,35.875416691]}},{"type":"Feature","id":"4c782bb7f60e5a73f6974a64fd2117f6840dafac0f9f2dbce80cba159f25851a-1","properties":{"facility_id":"4c782bb7f60e5a73f6974a64fd2117f6840dafac0f9f2dbce80cba159f25851a","point_ordinal":1,"zone_group_id":"271701008497","source_manage_no":"271701008497","facility_name":"서대구어린이집","sgg_code":"27170","facility_type_code":"1","api_first_registered_on":null,"api_last_modified_on":"2026-03-10","updated_at":"2026-07-25T01:27:52.347112+00:00"},"geometry":{"type":"Point","coordinates":[128.543358128,35.860810881]}},{"type":"Feature","id":"eac82491a1a123ca930d49df3ba4ded2fa0e9073224abdbbee09b58ce4ac0e0f-1","properties":{"facility_id":"eac82491a1a123ca930d49df3ba4ded2fa0e9073224abdbbee09b58ce4ac0e0f","point_ordinal":1,"zone_group_id":"271701008483","source_manage_no":"271701008483","facility_name":"서대구초등학교","sgg_code":"27170","facility_type_code":"1","api_first_registered_on":null,"api_last_modified_on":null,"updated_at":"2026-07-25T01:27:52.347112+00:00"},"geometry":{"type":"Point","coordinates":[128.557417312,35.888873749]}},{"type":"Feature","id":"5bafc2bd40e96e1ecdbd4bbe81aedaec281478d364f2db8066edd94a0fb22c7b-1","properties":{"facility_id":"5bafc2bd40e96e1ecdbd4bbe81aedaec281478d364f2db8066edd94a0fb22c7b","point_ordinal":1,"zone_group_id":"271701008487","source_manage_no":"271701008487","facility_name":"아이성어린이집","sgg_code":"27170","facility_type_code":"1","api_first_registered_on":null,"api_last_modified_on":"2025-08-01","updated_at":"2026-07-25T01:27:52.347112+00:00"},"geometry":{"type":"Point","coordinates":[128.576312604,35.875529377]}},{"type":"Feature","id":"3ae0d7ff6338c2e212a1fa64532885de14a04e3827ae152aa906fa2f613ed872-1","properties":{"facility_id":"3ae0d7ff6338c2e212a1fa64532885de14a04e3827ae152aa906fa2f613ed872","point_ordinal":1,"zone_group_id":"271702008491","source_manage_no":"271702008491","facility_name":"참사랑실버타운","sgg_code":"27170","facility_type_code":"2","api_first_registered_on":null,"api_last_modified_on":null,"updated_at":"2026-07-25T01:27:52.347112+00:00"},"geometry":{"type":"Point","coordinates":[128.528171966,35.881245121]}},{"type":"Feature","id":"6d7386ab559ec4751e20bb7147c32bd73ce789906e37aebbcf58c1cc54dcf197-1","properties":{"facility_id":"6d7386ab559ec4751e20bb7147c32bd73ce789906e37aebbcf58c1cc54dcf197","point_ordinal":1,"zone_group_id":"271701008504","source_manage_no":"271701008504","facility_name":"대구비산초등학교","sgg_code":"27170","facility_type_code":"1","api_first_registered_on":null,"api_last_modified_on":null,"updated_at":"2026-07-25T01:27:52.347112+00:00"},"geometry":{"type":"Point","coordinates":[128.563144122,35.877949517]}},{"type":"Feature","id":"a4b1e6fa535575c1148aab9c04fa2c0460c4e554632d1c1fad8d862755c9f044-1","properties":{"facility_id":"a4b1e6fa535575c1148aab9c04fa2c0460c4e554632d1c1fad8d862755c9f044","point_ordinal":1,"zone_group_id":"271701030116","source_manage_no":"271701030116","facility_name":"인동촌노인복지관","sgg_code":"27170","facility_type_code":"2","api_first_registered_on":null,"api_last_modified_on":"2026-07-01","updated_at":"2026-07-25T01:27:52.347112+00:00"},"geometry":{"type":"Point","coordinates":[128.574242707,35.879681914]}},{"type":"Feature","id":"085b2b1d4807eb1aa91aa59d5efb83e0db41a4c27db45ef5e0bb98e943d3f89d-1","properties":{"facility_id":"085b2b1d4807eb1aa91aa59d5efb83e0db41a4c27db45ef5e0bb98e943d3f89d","point_ordinal":1,"zone_group_id":"271701008508","source_manage_no":"271701008508","facility_name":"창의나라어린이집","sgg_code":"27170","facility_type_code":"1","api_first_registered_on":null,"api_last_modified_on":null,"updated_at":"2026-07-25T01:27:52.347112+00:00"},"geometry":{"type":"Point","coordinates":[128.56062384,35.876637048]}},{"type":"Feature","id":"bd703bcb491c3b148ed374f436636a1c96fb1e95a78cef962457f77bd6c51ccf-1","properties":{"facility_id":"bd703bcb491c3b148ed374f436636a1c96fb1e95a78cef962457f77bd6c51ccf","point_ordinal":1,"zone_group_id":"271702008475","source_manage_no":"271702008475","facility_name":"서구종합사회복지관","sgg_code":"27170","facility_type_code":"2","api_first_registered_on":null,"api_last_modified_on":"2025-06-18","updated_at":"2026-07-25T01:27:52.347112+00:00"},"geometry":{"type":"Point","coordinates":[128.563590425,35.861043834]}},{"type":"Feature","id":"2cf87d9337412baa142342d6d46476cc8d3012a5fc59042323b7e5df94eca6e5-1","properties":{"facility_id":"2cf87d9337412baa142342d6d46476cc8d3012a5fc59042323b7e5df94eca6e5","point_ordinal":1,"zone_group_id":"271701008490","source_manage_no":"271701008490","facility_name":"행복이가득한어린이집","sgg_code":"27170","facility_type_code":"1","api_first_registered_on":null,"api_last_modified_on":null,"updated_at":"2026-07-25T01:27:52.347112+00:00"},"geometry":{"type":"Point","coordinates":[128.561974856,35.885639125]}},{"type":"Feature","id":"9e91066da4e5c6a543034991c2efde820e818ff09b4a57f900af8864a2e10492-1","properties":{"facility_id":"9e91066da4e5c6a543034991c2efde820e818ff09b4a57f900af8864a2e10492","point_ordinal":1,"zone_group_id":"271701008495","source_manage_no":"271701008495","facility_name":"대구근로복지공단어린이집","sgg_code":"27170","facility_type_code":"1","api_first_registered_on":null,"api_last_modified_on":null,"updated_at":"2026-07-25T01:27:52.347112+00:00"},"geometry":{"type":"Point","coordinates":[128.552583613,35.864976785]}},{"type":"Feature","id":"5516739186616b33f70cc8e175ab32f237eaaa571fc8ed26b55d08d40fd13e21-1","properties":{"facility_id":"5516739186616b33f70cc8e175ab32f237eaaa571fc8ed26b55d08d40fd13e21","point_ordinal":1,"zone_group_id":"271701008480","source_manage_no":"271701028808","facility_name":"북비산초등학교 병설유치원","sgg_code":"27170","facility_type_code":"1","api_first_registered_on":null,"api_last_modified_on":"2025-12-01","updated_at":"2026-07-25T01:27:52.347112+00:00"},"geometry":{"type":"Point","coordinates":[128.564037541,35.881314034]}},{"type":"Feature","id":"1f08b4207b5179bcd177c6902d846a7648d350170cd9a7dd957319e59de399d9-1","properties":{"facility_id":"1f08b4207b5179bcd177c6902d846a7648d350170cd9a7dd957319e59de399d9","point_ordinal":1,"zone_group_id":"271701008469","source_manage_no":"271701028812","facility_name":"내서초등학교 병설유치원","sgg_code":"27170","facility_type_code":"1","api_first_registered_on":null,"api_last_modified_on":"2025-11-27","updated_at":"2026-07-25T01:27:52.347112+00:00"},"geometry":{"type":"Point","coordinates":[128.56717719,35.864257564]}},{"type":"Feature","id":"93f5cc79ddad36be948538687feee0ce109fa867d88f31c9d98f0fca0d8a0c42-1","properties":{"facility_id":"93f5cc79ddad36be948538687feee0ce109fa867d88f31c9d98f0fca0d8a0c42","point_ordinal":1,"zone_group_id":"271701008496","source_manage_no":"271701028811","facility_name":"달서초등학교 병설유치원","sgg_code":"27170","facility_type_code":"1","api_first_registered_on":null,"api_last_modified_on":"2025-12-01","updated_at":"2026-07-25T01:27:52.347112+00:00"},"geometry":{"type":"Point","coordinates":[128.549984204,35.86616575]}},{"type":"Feature","id":"c3ae65217105a64e63d7f5948be15ecfd1fe51a759c13eea98625b62a13b7e73-1","properties":{"facility_id":"c3ae65217105a64e63d7f5948be15ecfd1fe51a759c13eea98625b62a13b7e73","point_ordinal":1,"zone_group_id":"271701008492","source_manage_no":"271701028810","facility_name":"달성초등학교 병설유치원","sgg_code":"27170","facility_type_code":"1","api_first_registered_on":null,"api_last_modified_on":"2025-12-01","updated_at":"2026-07-25T01:27:52.347112+00:00"},"geometry":{"type":"Point","coordinates":[128.579619269,35.881748257]}},{"type":"Feature","id":"8112b0d4e5ba234b1fc4a1de1d443c2ab7cf81f7f4c1f6ac5b128b8ce671ce9f-1","properties":{"facility_id":"8112b0d4e5ba234b1fc4a1de1d443c2ab7cf81f7f4c1f6ac5b128b8ce671ce9f","point_ordinal":1,"zone_group_id":"271701008479","source_manage_no":"271701028809","facility_name":"대성초등학교 병설유치원","sgg_code":"27170","facility_type_code":"1","api_first_registered_on":null,"api_last_modified_on":"2025-12-01","updated_at":"2026-07-25T01:27:52.347112+00:00"},"geometry":{"type":"Point","coordinates":[128.577251557,35.871338408]}},{"type":"Feature","id":"ac73e5179f088b7042acae0d5a885b708b81e7b5c8349e3dd012a39d13fd165d-1","properties":{"facility_id":"ac73e5179f088b7042acae0d5a885b708b81e7b5c8349e3dd012a39d13fd165d","point_ordinal":1,"zone_group_id":"271701008512","source_manage_no":"271701028805","facility_name":"서도초등학교 병설유치원","sgg_code":"27170","facility_type_code":"1","api_first_registered_on":null,"api_last_modified_on":"2025-11-28","updated_at":"2026-07-25T01:27:52.347112+00:00"},"geometry":{"type":"Point","coordinates":[128.565960764,35.866392288]}},{"type":"Feature","id":"73dd1aa6cee249291d9a2771502b5f73e838e31754bc92eddf4445383ffb1692-1","properties":{"facility_id":"73dd1aa6cee249291d9a2771502b5f73e838e31754bc92eddf4445383ffb1692","point_ordinal":1,"zone_group_id":"271701008484","source_manage_no":"271701028804","facility_name":"서부초등학교 병설유치원","sgg_code":"27170","facility_type_code":"1","api_first_registered_on":null,"api_last_modified_on":"2025-12-01","updated_at":"2026-07-25T01:27:52.347112+00:00"},"geometry":{"type":"Point","coordinates":[128.573852888,35.872860799]}},{"type":"Feature","id":"904a5f98527b104e0f5e96d3b8feca9177a97fd713c91882d8ed36dab026381a-1","properties":{"facility_id":"904a5f98527b104e0f5e96d3b8feca9177a97fd713c91882d8ed36dab026381a","point_ordinal":1,"zone_group_id":"271701008506","source_manage_no":"271701028803","facility_name":"서평초등학교 병설유치원","sgg_code":"27170","facility_type_code":"1","api_first_registered_on":null,"api_last_modified_on":"2025-12-01","updated_at":"2026-07-25T01:27:52.347112+00:00"},"geometry":{"type":"Point","coordinates":[128.547974612,35.878079529]}},{"type":"Feature","id":"5f1109d5029567d2ea8602784d15aba2618a86c80d10bde772d74effbd80459c-1","properties":{"facility_id":"5f1109d5029567d2ea8602784d15aba2618a86c80d10bde772d74effbd80459c","point_ordinal":1,"zone_group_id":"271701008507","source_manage_no":"271701028801","facility_name":"이현초등학교 병설유치원","sgg_code":"27170","facility_type_code":"1","api_first_registered_on":null,"api_last_modified_on":"2025-12-01","updated_at":"2026-07-25T01:27:52.347112+00:00"},"geometry":{"type":"Point","coordinates":[128.551306641,35.87305478]}},{"type":"Feature","id":"0507a1d5a37e7a6eea36b72e0fcf07b0a8b4d0a5a0db0160eff912905ca054f7-1","properties":{"facility_id":"0507a1d5a37e7a6eea36b72e0fcf07b0a8b4d0a5a0db0160eff912905ca054f7","point_ordinal":1,"zone_group_id":"271701008494","source_manage_no":"271701028799","facility_name":"중리초등학교 병설유치원","sgg_code":"27170","facility_type_code":"1","api_first_registered_on":null,"api_last_modified_on":"2025-12-01","updated_at":"2026-07-25T01:27:52.347112+00:00"},"geometry":{"type":"Point","coordinates":[128.545779331,35.869061754]}},{"type":"Feature","id":"ea58a177e527eb594ccdd08b810db298e8224491fb5d0ac506e82bebb652b2b6-1","properties":{"facility_id":"ea58a177e527eb594ccdd08b810db298e8224491fb5d0ac506e82bebb652b2b6","point_ordinal":1,"zone_group_id":"271701008511","source_manage_no":"271701028798","facility_name":"평리초등학교 병설유치원","sgg_code":"27170","facility_type_code":"1","api_first_registered_on":null,"api_last_modified_on":"2025-12-01","updated_at":"2026-07-25T01:27:52.347112+00:00"},"geometry":{"type":"Point","coordinates":[128.560115724,35.871877929]}},{"type":"Feature","id":"bd4c49c005707ca237b61849e10d0036c2b68a3b5c8534f205cae4ad7b6a7bd1-1","properties":{"facility_id":"bd4c49c005707ca237b61849e10d0036c2b68a3b5c8534f205cae4ad7b6a7bd1","point_ordinal":1,"zone_group_id":"271702028074","source_manage_no":"271702028074","facility_name":"평리5동경로당","sgg_code":"27170","facility_type_code":"2","api_first_registered_on":null,"api_last_modified_on":"2025-12-01","updated_at":"2026-07-25T01:27:52.347112+00:00"},"geometry":{"type":"Point","coordinates":[128.552776017,35.871762825]}},{"type":"Feature","id":"41ad3504f84db2b3b7ba053873adca206ab7abfae5522530b2ea728e8a1f500a-1","properties":{"facility_id":"41ad3504f84db2b3b7ba053873adca206ab7abfae5522530b2ea728e8a1f500a","point_ordinal":1,"zone_group_id":"272001019307","source_manage_no":"272001028586","facility_name":"광명학교","sgg_code":"27200","facility_type_code":"1","api_first_registered_on":null,"api_last_modified_on":"2025-03-19","updated_at":"2026-07-25T01:27:52.347112+00:00"},"geometry":{"type":"Point","coordinates":[128.575386561,35.855307225]}},{"type":"Feature","id":"4de288b58c9a63544fe52d8367242e66a67f8e0411041d231e9a85c99c632e97-1","properties":{"facility_id":"4de288b58c9a63544fe52d8367242e66a67f8e0411041d231e9a85c99c632e97","point_ordinal":1,"zone_group_id":"272001019307","source_manage_no":"272001028589","facility_name":"덕희학교","sgg_code":"27200","facility_type_code":"1","api_first_registered_on":null,"api_last_modified_on":"2025-03-19","updated_at":"2026-07-25T01:27:52.347112+00:00"},"geometry":{"type":"Point","coordinates":[128.575354568,35.855228794]}},{"type":"Feature","id":"c08d2b33c9cbf89e52c487e2242fc666227203e91855ebd930476e7fd265a62b-1","properties":{"facility_id":"c08d2b33c9cbf89e52c487e2242fc666227203e91855ebd930476e7fd265a62b","point_ordinal":1,"zone_group_id":"272001019307","source_manage_no":"272001028588","facility_name":"보건학교","sgg_code":"27200","facility_type_code":"1","api_first_registered_on":null,"api_last_modified_on":"2025-03-19","updated_at":"2026-07-25T01:27:52.347112+00:00"},"geometry":{"type":"Point","coordinates":[128.575348048,35.855458672]}},{"type":"Feature","id":"50b9707c37589d7dbf12483405cb9b234ce806789c3538ea28b9ce49c2edc877-1","properties":{"facility_id":"50b9707c37589d7dbf12483405cb9b234ce806789c3538ea28b9ce49c2edc877","point_ordinal":1,"zone_group_id":"272001019307","source_manage_no":"272001019307","facility_name":"보명학교","sgg_code":"27200","facility_type_code":"1","api_first_registered_on":null,"api_last_modified_on":"2026-03-05","updated_at":"2026-07-25T01:27:52.347112+00:00"},"geometry":{"type":"Point","coordinates":[128.575214171,35.855159071]}},{"type":"Feature","id":"ab22a325c07c2329c569da623d10e85b9533bd126d8a7ef794c20d2ec703a643-1","properties":{"facility_id":"ab22a325c07c2329c569da623d10e85b9533bd126d8a7ef794c20d2ec703a643","point_ordinal":1,"zone_group_id":"272001019307","source_manage_no":"272001028587","facility_name":"영화학교","sgg_code":"27200","facility_type_code":"1","api_first_registered_on":null,"api_last_modified_on":"2025-03-19","updated_at":"2026-07-25T01:27:52.347112+00:00"},"geometry":{"type":"Point","coordinates":[128.575335555,35.855386744]}},{"type":"Feature","id":"14f62980cf6981f40827529d149bf74bd6f9f7faa0d1f765d8d3b959e8180c16-1","properties":{"facility_id":"14f62980cf6981f40827529d149bf74bd6f9f7faa0d1f765d8d3b959e8180c16","point_ordinal":1,"zone_group_id":"272001007978","source_manage_no":"272003027091","facility_name":"힘찬누리","sgg_code":"27200","facility_type_code":"3","api_first_registered_on":"2016-09-28","api_last_modified_on":null,"updated_at":"2026-07-25T01:27:52.347112+00:00"},"geometry":{"type":"Point","coordinates":[128.59908513,35.837787243]}},{"type":"Feature","id":"45af7c34b2d766fa4c26465a8c89fbdd349e63b1335c3f13d3ed55c76dcf3a39-1","properties":{"facility_id":"45af7c34b2d766fa4c26465a8c89fbdd349e63b1335c3f13d3ed55c76dcf3a39","point_ordinal":1,"zone_group_id":"272001019027","source_manage_no":"272001019027","facility_name":"경북유치원","sgg_code":"27200","facility_type_code":"1","api_first_registered_on":null,"api_last_modified_on":null,"updated_at":"2026-07-25T01:27:52.347112+00:00"},"geometry":{"type":"Point","coordinates":[128.591413172,35.850122177]}},{"type":"Feature","id":"43597463143b35420a7ef74d196bb06b5176c587d2a0082f5c62fa02e387b222-1","properties":{"facility_id":"43597463143b35420a7ef74d196bb06b5176c587d2a0082f5c62fa02e387b222","point_ordinal":1,"zone_group_id":"272001007946","source_manage_no":"272001007946","facility_name":"경상유치원","sgg_code":"27200","facility_type_code":"1","api_first_registered_on":"2016-02-24","api_last_modified_on":null,"updated_at":"2026-07-25T01:27:52.347112+00:00"},"geometry":{"type":"Point","coordinates":[128.585140001,35.853102008]}},{"type":"Feature","id":"c8d546ac2e530388b65c33c6002f695a5dcd720044044d7deeaa808890d1633e-1","properties":{"facility_id":"c8d546ac2e530388b65c33c6002f695a5dcd720044044d7deeaa808890d1633e","point_ordinal":1,"zone_group_id":"272001007947","source_manage_no":"272001007947","facility_name":"계명유치원","sgg_code":"27200","facility_type_code":"1","api_first_registered_on":"1998-12-05","api_last_modified_on":"2025-12-06","updated_at":"2026-07-25T01:27:52.347112+00:00"},"geometry":{"type":"Point","coordinates":[128.579661732,35.856435133]}},{"type":"Feature","id":"a8bb5697a8bd870a82089253c5c81308e72949d9d6e4e530c53118b3774ee2c7-1","properties":{"facility_id":"a8bb5697a8bd870a82089253c5c81308e72949d9d6e4e530c53118b3774ee2c7","point_ordinal":1,"zone_group_id":"272001007988","source_manage_no":"272001007989","facility_name":"드림유치원","sgg_code":"27200","facility_type_code":"1","api_first_registered_on":null,"api_last_modified_on":null,"updated_at":"2026-07-25T01:27:52.347112+00:00"},"geometry":{"type":"Point","coordinates":[128.605244074,35.85181884]}},{"type":"Feature","id":"32d2680e81a31b812510303e1e4a6c6e78969309a08597976394846f2c81acc0-1","properties":{"facility_id":"32d2680e81a31b812510303e1e4a6c6e78969309a08597976394846f2c81acc0","point_ordinal":1,"zone_group_id":"272001007965","source_manage_no":"272001007965","facility_name":"반야유치원","sgg_code":"27200","facility_type_code":"1","api_first_registered_on":"2000-08-30","api_last_modified_on":null,"updated_at":"2026-07-25T01:27:52.347112+00:00"},"geometry":{"type":"Point","coordinates":[128.576140161,35.840417153]}},{"type":"Feature","id":"8ef7add331b93fa1d811deb35b4aa10b69dd02f37d68286dca456f95cbf8cf9c-1","properties":{"facility_id":"8ef7add331b93fa1d811deb35b4aa10b69dd02f37d68286dca456f95cbf8cf9c","point_ordinal":1,"zone_group_id":"272001007951","source_manage_no":"272001007951","facility_name":"남덕초등학교","sgg_code":"27200","facility_type_code":"1","api_first_registered_on":"1996-05-28","api_last_modified_on":"2025-12-09","updated_at":"2026-07-25T01:27:52.347112+00:00"},"geometry":{"type":"Point","coordinates":[128.575076315,35.833619447]}},{"type":"Feature","id":"c5941a375cec18ca74e7e98a18cb8bfcda9b68a385cb4e6aa75b86d928fc94bb-1","properties":{"facility_id":"c5941a375cec18ca74e7e98a18cb8bfcda9b68a385cb4e6aa75b86d928fc94bb","point_ordinal":1,"zone_group_id":"272001007952","source_manage_no":"272001007952","facility_name":"남도어린이집","sgg_code":"27200","facility_type_code":"1","api_first_registered_on":"2010-11-09","api_last_modified_on":"2025-12-06","updated_at":"2026-07-25T01:27:52.347112+00:00"},"geometry":{"type":"Point","coordinates":[128.578050372,35.842310968]}},{"type":"Feature","id":"7049c0031bdd57b2337198e8ce361da161cdc91bfadb9549c73bfb1f8e2548cc-1","properties":{"facility_id":"7049c0031bdd57b2337198e8ce361da161cdc91bfadb9549c73bfb1f8e2548cc","point_ordinal":1,"zone_group_id":"272001007953","source_manage_no":"272001007953","facility_name":"남도초등학교","sgg_code":"27200","facility_type_code":"1","api_first_registered_on":null,"api_last_modified_on":"2025-12-09","updated_at":"2026-07-25T01:27:52.347112+00:00"},"geometry":{"type":"Point","coordinates":[128.580855625,35.844359575]}},{"type":"Feature","id":"a64b83ddacc81dac5d6e0f7260dc4572331ce57d86be17556db4e7410ffc07f1-1","properties":{"facility_id":"a64b83ddacc81dac5d6e0f7260dc4572331ce57d86be17556db4e7410ffc07f1","point_ordinal":1,"zone_group_id":"272001021114","source_manage_no":"272001021114","facility_name":"남명초등학교","sgg_code":"27200","facility_type_code":"1","api_first_registered_on":"1997-10-10","api_last_modified_on":"2025-12-09","updated_at":"2026-07-25T01:27:52.347112+00:00"},"geometry":{"type":"Point","coordinates":[128.581682255,35.834996497]}},{"type":"Feature","id":"877a4fa0afb3bce3667bba83dfe19a96bb90df7eef67afc2a117aa998bf36ea9-1","properties":{"facility_id":"877a4fa0afb3bce3667bba83dfe19a96bb90df7eef67afc2a117aa998bf36ea9","point_ordinal":1,"zone_group_id":"272001007957","source_manage_no":"272001007957","facility_name":"대덕초등학교","sgg_code":"27200","facility_type_code":"1","api_first_registered_on":"1997-10-10","api_last_modified_on":"2025-12-09","updated_at":"2026-07-25T01:27:52.347112+00:00"},"geometry":{"type":"Point","coordinates":[128.561322608,35.830081326]}},{"type":"Feature","id":"f968e7b8c13adf5dc847cea509a2ff7bb6fa0e2d96fc9c8a2c9f45ccd6b2551c-1","properties":{"facility_id":"f968e7b8c13adf5dc847cea509a2ff7bb6fa0e2d96fc9c8a2c9f45ccd6b2551c","point_ordinal":1,"zone_group_id":"272001007959","source_manage_no":"272001007959","facility_name":"대명초등학교","sgg_code":"27200","facility_type_code":"1","api_first_registered_on":"1997-10-10","api_last_modified_on":"2025-12-08","updated_at":"2026-07-25T01:27:52.347112+00:00"},"geometry":{"type":"Point","coordinates":[128.568058068,35.838658691]}},{"type":"Feature","id":"a537e4bb77b07a070eda51b94d2f90a8e449e7dfd048012dd0d56cbd9b3b873d-1","properties":{"facility_id":"a537e4bb77b07a070eda51b94d2f90a8e449e7dfd048012dd0d56cbd9b3b873d","point_ordinal":1,"zone_group_id":"272002007987","source_manage_no":"272002007987","facility_name":"대봉건강대학","sgg_code":"27200","facility_type_code":"2","api_first_registered_on":null,"api_last_modified_on":"2025-12-08","updated_at":"2026-07-25T01:27:52.347112+00:00"},"geometry":{"type":"Point","coordinates":[128.601524891,35.855143703]}},{"type":"Feature","id":"a7cca109ae4724db4150dd24f702e7967fe8d3461d73e3a15791b8f9b4cc896b-1","properties":{"facility_id":"a7cca109ae4724db4150dd24f702e7967fe8d3461d73e3a15791b8f9b4cc896b","point_ordinal":1,"zone_group_id":"272001007986","source_manage_no":"272001007986","facility_name":"대봉초등학교","sgg_code":"27200","facility_type_code":"1","api_first_registered_on":"1997-10-10","api_last_modified_on":"2025-12-09","updated_at":"2026-07-25T01:27:52.347112+00:00"},"geometry":{"type":"Point","coordinates":[128.604834895,35.850262898]}},{"type":"Feature","id":"2dc459ba45990aa2df825e88c3506b5d802c3b3d45ca1e81665923805018c0c7-1","properties":{"facility_id":"2dc459ba45990aa2df825e88c3506b5d802c3b3d45ca1e81665923805018c0c7","point_ordinal":1,"zone_group_id":"272001007961","source_manage_no":"272001007961","facility_name":"동학어린이집","sgg_code":"27200","facility_type_code":"1","api_first_registered_on":null,"api_last_modified_on":"2025-12-06","updated_at":"2026-07-25T01:27:52.347112+00:00"},"geometry":{"type":"Point","coordinates":[128.584162332,35.83741456]}},{"type":"Feature","id":"0f5869835db1322193315662979306cc7f243289d498e63e53f1025dba9f5e8a-1","properties":{"facility_id":"0f5869835db1322193315662979306cc7f243289d498e63e53f1025dba9f5e8a","point_ordinal":1,"zone_group_id":"272001007951","source_manage_no":"272001007962","facility_name":"룸비니유치원","sgg_code":"27200","facility_type_code":"1","api_first_registered_on":null,"api_last_modified_on":null,"updated_at":"2026-07-25T01:27:52.347112+00:00"},"geometry":{"type":"Point","coordinates":[128.573700903,35.835074255]}},{"type":"Feature","id":"c2e6753af3d59f7498bd5fb7bffbe76c7be87ffb95a51be82fa20f07f032a31a-1","properties":{"facility_id":"c2e6753af3d59f7498bd5fb7bffbe76c7be87ffb95a51be82fa20f07f032a31a","point_ordinal":1,"zone_group_id":"272001007957","source_manage_no":"272001007964","facility_name":"박애어린이집","sgg_code":"27200","facility_type_code":"1","api_first_registered_on":null,"api_last_modified_on":null,"updated_at":"2026-07-25T01:27:52.347112+00:00"},"geometry":{"type":"Point","coordinates":[128.562332692,35.831938652]}},{"type":"Feature","id":"23fd410875849b749e3d104ffa351a3618a25c826d56d2525124ec90d636aacf-1","properties":{"facility_id":"23fd410875849b749e3d104ffa351a3618a25c826d56d2525124ec90d636aacf","point_ordinal":1,"zone_group_id":"272001007978","source_manage_no":"272001007978","facility_name":"봉덕초등학교","sgg_code":"27200","facility_type_code":"1","api_first_registered_on":"1997-10-10","api_last_modified_on":"2025-12-09","updated_at":"2026-07-25T01:27:52.347112+00:00"},"geometry":{"type":"Point","coordinates":[128.598279889,35.839873856]}},{"type":"Feature","id":"e3a6d284901433f83827beb167400a31173b352a5d04e2c87f885961ad874bf0-1","properties":{"facility_id":"e3a6d284901433f83827beb167400a31173b352a5d04e2c87f885961ad874bf0","point_ordinal":1,"zone_group_id":"272001007972","source_manage_no":"272001007972","facility_name":"성명초등학교","sgg_code":"27200","facility_type_code":"1","api_first_registered_on":"1996-05-28","api_last_modified_on":"2025-12-09","updated_at":"2026-07-25T01:27:52.347112+00:00"},"geometry":{"type":"Point","coordinates":[128.570517251,35.845335461]}},{"type":"Feature","id":"eea0318a8dbdaa7bfa5386c9dcb6ee6141a86d6e407ddb85006dd9577fef6b7d-1","properties":{"facility_id":"eea0318a8dbdaa7bfa5386c9dcb6ee6141a86d6e407ddb85006dd9577fef6b7d","point_ordinal":1,"zone_group_id":"272001007980","source_manage_no":"272001007980","facility_name":"아이린유치원","sgg_code":"27200","facility_type_code":"1","api_first_registered_on":null,"api_last_modified_on":null,"updated_at":"2026-07-25T01:27:52.347112+00:00"},"geometry":{"type":"Point","coordinates":[128.599694612,35.839689619]}},{"type":"Feature","id":"cadfa65ab6cbd5ddc6eb44f848b16d9a8712e1e2cf20dea0391b379a33d0d289-1","properties":{"facility_id":"cadfa65ab6cbd5ddc6eb44f848b16d9a8712e1e2cf20dea0391b379a33d0d289","point_ordinal":1,"zone_group_id":"272001007990","source_manage_no":"272001007990","facility_name":"영선초등학교","sgg_code":"27200","facility_type_code":"1","api_first_registered_on":"1996-05-28","api_last_modified_on":"2025-12-09","updated_at":"2026-07-25T01:27:52.347112+00:00"},"geometry":{"type":"Point","coordinates":[128.596113544,35.853831833]}},{"type":"Feature","id":"44b2c63ad87783dfa5f3ce81deeb60c6bce3e3cccbf80512201abe3de0e3f4a0-1","properties":{"facility_id":"44b2c63ad87783dfa5f3ce81deeb60c6bce3e3cccbf80512201abe3de0e3f4a0","point_ordinal":1,"zone_group_id":"272001007991","source_manage_no":"272001007991","facility_name":"청동어린이집","sgg_code":"27200","facility_type_code":"1","api_first_registered_on":null,"api_last_modified_on":null,"updated_at":"2026-07-25T01:27:52.347112+00:00"},"geometry":{"type":"Point","coordinates":[128.59980406,35.853665331]}},{"type":"Feature","id":"efb874c56820b60dcf9d9f77bdc30e32565ceddfde59b004866f23694fd84c19-1","properties":{"facility_id":"efb874c56820b60dcf9d9f77bdc30e32565ceddfde59b004866f23694fd84c19","point_ordinal":1,"zone_group_id":"272001007992","source_manage_no":"272001007992","facility_name":"호동어린이집","sgg_code":"27200","facility_type_code":"1","api_first_registered_on":"2008-09-26","api_last_modified_on":"2025-12-08","updated_at":"2026-07-25T01:27:52.347112+00:00"},"geometry":{"type":"Point","coordinates":[128.600075615,35.848933758]}},{"type":"Feature","id":"47bf1594461f5e9224c1c67dc683372b4628636f4dcb5a4645a0b31611f90500-1","properties":{"facility_id":"47bf1594461f5e9224c1c67dc683372b4628636f4dcb5a4645a0b31611f90500","point_ordinal":1,"zone_group_id":"272001007976","source_manage_no":"272001007976","facility_name":"화랑어린이집","sgg_code":"27200","facility_type_code":"1","api_first_registered_on":null,"api_last_modified_on":null,"updated_at":"2026-07-25T01:27:52.347112+00:00"},"geometry":{"type":"Point","coordinates":[128.569382894,35.842496607]}},{"type":"Feature","id":"6de4995b19fcb68f34e98f0cfc8c197f7dfa77a48df1b5cf6370acf1e36f3920-1","properties":{"facility_id":"6de4995b19fcb68f34e98f0cfc8c197f7dfa77a48df1b5cf6370acf1e36f3920","point_ordinal":1,"zone_group_id":"272001007984","source_manage_no":"272001007984","facility_name":"효명초등학교","sgg_code":"27200","facility_type_code":"1","api_first_registered_on":"2019-09-05","api_last_modified_on":"2025-12-09","updated_at":"2026-07-25T01:27:52.347112+00:00"},"geometry":{"type":"Point","coordinates":[128.601698296,35.834054509]}},{"type":"Feature","id":"a632ff3f491a15b8c0670ad7c2999aae5f4043d4005fead47c041bbaab84bcf5-1","properties":{"facility_id":"a632ff3f491a15b8c0670ad7c2999aae5f4043d4005fead47c041bbaab84bcf5","point_ordinal":1,"zone_group_id":"272001007950","source_manage_no":"272001007950","facility_name":"남대구초등학교","sgg_code":"27200","facility_type_code":"1","api_first_registered_on":"1997-10-10","api_last_modified_on":"2025-12-09","updated_at":"2026-07-25T01:27:52.347112+00:00"},"geometry":{"type":"Point","coordinates":[128.586892839,35.854140995]}},{"type":"Feature","id":"fcde3f5287e110ff07385c55ac65daa7ea8d15ba4edbc1cdac231ed7d1606803-1","properties":{"facility_id":"fcde3f5287e110ff07385c55ac65daa7ea8d15ba4edbc1cdac231ed7d1606803","point_ordinal":1,"zone_group_id":"272002007963","source_manage_no":"272002007963","facility_name":"명동어린이공원","sgg_code":"27200","facility_type_code":"2","api_first_registered_on":null,"api_last_modified_on":"2025-12-08","updated_at":"2026-07-25T01:27:52.347112+00:00"},"geometry":{"type":"Point","coordinates":[128.577630921,35.852860025]}},{"type":"Feature","id":"8ae9188957903f82c94a64e98999ce82dfe79e0ad65b4b1f302280843f797e2c-1","properties":{"facility_id":"8ae9188957903f82c94a64e98999ce82dfe79e0ad65b4b1f302280843f797e2c","point_ordinal":1,"zone_group_id":"272001007970","source_manage_no":"272001007970","facility_name":"보물섬어린이집","sgg_code":"27200","facility_type_code":"1","api_first_registered_on":null,"api_last_modified_on":null,"updated_at":"2026-07-25T01:27:52.347112+00:00"},"geometry":{"type":"Point","coordinates":[128.58251964,35.842374146]}},{"type":"Feature","id":"ce72e3260511f27689993081941bcedcaaac409718ac028e4917e486e76cfac5-1","properties":{"facility_id":"ce72e3260511f27689993081941bcedcaaac409718ac028e4917e486e76cfac5","point_ordinal":1,"zone_group_id":"272001007981","source_manage_no":"272001007981","facility_name":"참좋은어린이집","sgg_code":"27200","facility_type_code":"1","api_first_registered_on":"2016-03-31","api_last_modified_on":null,"updated_at":"2026-07-25T01:27:52.347112+00:00"},"geometry":{"type":"Point","coordinates":[128.590714535,35.844513706]}},{"type":"Feature","id":"5d84ce9182376ffa5cf52a1f6f591f3fc585d9451554380c9fc1c6f6a6577dd7-1","properties":{"facility_id":"5d84ce9182376ffa5cf52a1f6f591f3fc585d9451554380c9fc1c6f6a6577dd7","point_ordinal":1,"zone_group_id":"272001021114","source_manage_no":"272002021115","facility_name":"대덕노인복지회관","sgg_code":"27200","facility_type_code":"2","api_first_registered_on":null,"api_last_modified_on":"2025-12-16","updated_at":"2026-07-25T01:27:52.347112+00:00"},"geometry":{"type":"Point","coordinates":[128.583609018,35.836029968]}},{"type":"Feature","id":"0e3d871f4ea2011cf4f179e7931c7c54257c5cd58bf90819c9b3ac94aee460f0-1","properties":{"facility_id":"0e3d871f4ea2011cf4f179e7931c7c54257c5cd58bf90819c9b3ac94aee460f0","point_ordinal":1,"zone_group_id":"272001007988","source_manage_no":"272001007988","facility_name":"더플로우어린이집","sgg_code":"27200","facility_type_code":"1","api_first_registered_on":"2015-10-08","api_last_modified_on":"2025-12-08","updated_at":"2026-07-25T01:27:52.347112+00:00"},"geometry":{"type":"Point","coordinates":[128.605260776,35.852224389]}},{"type":"Feature","id":"7715370cefedcfcc6b9f1c47e7f3f306de7452439c5f4edc5293fd0627853967-1","properties":{"facility_id":"7715370cefedcfcc6b9f1c47e7f3f306de7452439c5f4edc5293fd0627853967","point_ordinal":1,"zone_group_id":"272001007944","source_manage_no":"272001007944","facility_name":"가톨릭소화어린이집","sgg_code":"27200","facility_type_code":"1","api_first_registered_on":"2008-09-26","api_last_modified_on":"2025-12-09","updated_at":"2026-07-25T01:27:52.347112+00:00"},"geometry":{"type":"Point","coordinates":[128.576919683,35.850043282]}},{"type":"Feature","id":"a748331fc55002b0a78befb1db332e285269a65ed2c3eb971bddab5636f4218d-1","properties":{"facility_id":"a748331fc55002b0a78befb1db332e285269a65ed2c3eb971bddab5636f4218d","point_ordinal":1,"zone_group_id":"272001019027","source_manage_no":"272002007949","facility_name":"남구종합사회복지관","sgg_code":"27200","facility_type_code":"2","api_first_registered_on":null,"api_last_modified_on":null,"updated_at":"2026-07-25T01:27:52.347112+00:00"},"geometry":{"type":"Point","coordinates":[128.591791532,35.849205096]}},{"type":"Feature","id":"8f6e2fcd4b5708fde50208612c4d51a0a862922818e8a84fc522a5064225139b-1","properties":{"facility_id":"8f6e2fcd4b5708fde50208612c4d51a0a862922818e8a84fc522a5064225139b","point_ordinal":1,"zone_group_id":"272001007978","source_manage_no":"272001028353","facility_name":"봉덕초등학교 병설유치원","sgg_code":"27200","facility_type_code":"1","api_first_registered_on":"1997-10-10","api_last_modified_on":"2026-02-25","updated_at":"2026-07-25T01:27:52.347112+00:00"},"geometry":{"type":"Point","coordinates":[128.598329552,35.839729011]}},{"type":"Feature","id":"69750ec18ca314989b8c379bad09fa0b3acf170b4bc10dee9b9b5e6c6a171c3b-1","properties":{"facility_id":"69750ec18ca314989b8c379bad09fa0b3acf170b4bc10dee9b9b5e6c6a171c3b","point_ordinal":1,"zone_group_id":"272001007956","source_manage_no":"272001007956","facility_name":"스콜라유치원(구프뢰벨유치원)","sgg_code":"27200","facility_type_code":"1","api_first_registered_on":"2015-06-01","api_last_modified_on":"2025-12-16","updated_at":"2026-07-25T01:27:52.347112+00:00"},"geometry":{"type":"Point","coordinates":[128.576066663,35.832348387]}},{"type":"Feature","id":"7b61fa200b4813cdd72140a387ed7755d94a1e81b300a08a247910268d3e58e7-1","properties":{"facility_id":"7b61fa200b4813cdd72140a387ed7755d94a1e81b300a08a247910268d3e58e7","point_ordinal":1,"zone_group_id":"272002019034","source_manage_no":"272002019034","facility_name":"앞산공원 큰골","sgg_code":"27200","facility_type_code":"2","api_first_registered_on":"2019-03-22","api_last_modified_on":"2025-12-08","updated_at":"2026-07-25T01:27:52.347112+00:00"},"geometry":{"type":"Point","coordinates":[128.58904978,35.828721659]}},{"type":"Feature","id":"5376a981f196fb6891a435685da113e3c4bb39a234b0922d371daaef7fb73f21-1","properties":{"facility_id":"5376a981f196fb6891a435685da113e3c4bb39a234b0922d371daaef7fb73f21","point_ordinal":1,"zone_group_id":"272001007984","source_manage_no":"272001007977","facility_name":"아름그루 유치원","sgg_code":"27200","facility_type_code":"1","api_first_registered_on":"2019-09-05","api_last_modified_on":"2025-03-19","updated_at":"2026-07-25T01:27:52.347112+00:00"},"geometry":{"type":"Point","coordinates":[128.601021817,35.836377734]}},{"type":"Feature","id":"f3f939849996204cc62c70714ca46144829848d5153e64e131c80e777d70af7e-1","properties":{"facility_id":"f3f939849996204cc62c70714ca46144829848d5153e64e131c80e777d70af7e","point_ordinal":1,"zone_group_id":"272001007984","source_manage_no":"272001019160","facility_name":"꼬마또래 어린이집","sgg_code":"27200","facility_type_code":"1","api_first_registered_on":"2019-09-05","api_last_modified_on":null,"updated_at":"2026-07-25T01:27:52.347112+00:00"},"geometry":{"type":"Point","coordinates":[128.600719341,35.837603276]}},{"type":"Feature","id":"72241a7ef85eb90f8f93ff21568ae7e0c72729fc26a8744fab4d1a029ddb1eb1-1","properties":{"facility_id":"72241a7ef85eb90f8f93ff21568ae7e0c72729fc26a8744fab4d1a029ddb1eb1","point_ordinal":1,"zone_group_id":"272001007982","source_manage_no":"272001007982","facility_name":"참좋은 유치원","sgg_code":"27200","facility_type_code":"1","api_first_registered_on":null,"api_last_modified_on":"2025-12-06","updated_at":"2026-07-25T01:27:52.347112+00:00"},"geometry":{"type":"Point","coordinates":[128.594974208,35.8386238]}},{"type":"Feature","id":"108ac18d451136c69e654d5624071dd1bbf58a9e994a32a01ca05a1eed24b018-1","properties":{"facility_id":"108ac18d451136c69e654d5624071dd1bbf58a9e994a32a01ca05a1eed24b018","point_ordinal":1,"zone_group_id":"272002019035","source_manage_no":"272002019035","facility_name":"중동교 게이트볼장","sgg_code":"27200","facility_type_code":"2","api_first_registered_on":null,"api_last_modified_on":"2025-04-24","updated_at":"2026-07-25T01:27:52.347112+00:00"},"geometry":{"type":"Point","coordinates":[128.60657544,35.841665877]}},{"type":"Feature","id":"49b5dec08d4904df86cf654704c7f2a969f40e6b7a27e7d203d239717ae05785-1","properties":{"facility_id":"49b5dec08d4904df86cf654704c7f2a969f40e6b7a27e7d203d239717ae05785","point_ordinal":1,"zone_group_id":"272301008447","source_manage_no":"272301008447","facility_name":"가람유치원","sgg_code":"27230","facility_type_code":"1","api_first_registered_on":null,"api_last_modified_on":null,"updated_at":"2026-07-25T01:27:52.347112+00:00"},"geometry":{"type":"Point","coordinates":[128.549779989,35.919419655]}},{"type":"Feature","id":"90e38d19aa3dd5e6860c67fa2098868bffa911f8b41b30e2ab46ff715168fa36-1","properties":{"facility_id":"90e38d19aa3dd5e6860c67fa2098868bffa911f8b41b30e2ab46ff715168fa36","point_ordinal":1,"zone_group_id":"272301008389","source_manage_no":"272301008389","facility_name":"경전유치원","sgg_code":"27230","facility_type_code":"1","api_first_registered_on":null,"api_last_modified_on":null,"updated_at":"2026-07-25T01:27:52.347112+00:00"},"geometry":{"type":"Point","coordinates":[128.622850171,35.893307609]}},{"type":"Feature","id":"3d9ff1d17c845f7be59bd2e1618ec9e24267bdad0bc25bd381ae9ec6d72332b8-1","properties":{"facility_id":"3d9ff1d17c845f7be59bd2e1618ec9e24267bdad0bc25bd381ae9ec6d72332b8","point_ordinal":1,"zone_group_id":"272301008391","source_manage_no":"272301008391","facility_name":"다솜유치원","sgg_code":"27230","facility_type_code":"1","api_first_registered_on":null,"api_last_modified_on":null,"updated_at":"2026-07-25T01:27:52.347112+00:00"},"geometry":{"type":"Point","coordinates":[128.622028617,35.901041618]}},{"type":"Feature","id":"0b46cc34b0bede4d0c9b9f29fe8ead5687aff213c9c4713ee577cfa971c777c2-1","properties":{"facility_id":"0b46cc34b0bede4d0c9b9f29fe8ead5687aff213c9c4713ee577cfa971c777c2","point_ordinal":1,"zone_group_id":"272301008366","source_manage_no":"272301008366","facility_name":"다인유치원","sgg_code":"27230","facility_type_code":"1","api_first_registered_on":null,"api_last_modified_on":null,"updated_at":"2026-07-25T01:27:52.347112+00:00"},"geometry":{"type":"Point","coordinates":[128.607145835,35.88127602]}},{"type":"Feature","id":"a8777ada483c09d3d462feb607b8500e116572429adc4ac55dc172fb21e52ed8-1","properties":{"facility_id":"a8777ada483c09d3d462feb607b8500e116572429adc4ac55dc172fb21e52ed8","point_ordinal":1,"zone_group_id":"272303028091","source_manage_no":"272303028091","facility_name":"대구안식원","sgg_code":"27230","facility_type_code":"3","api_first_registered_on":null,"api_last_modified_on":null,"updated_at":"2026-07-25T01:27:52.347112+00:00"},"geometry":{"type":"Point","coordinates":[128.621486024,35.90400585]}},{"type":"Feature","id":"5682e234471e837ea3d7c083eb136c8328477ac4cec08f79d5e1432e96d5537d-1","properties":{"facility_id":"5682e234471e837ea3d7c083eb136c8328477ac4cec08f79d5e1432e96d5537d","point_ordinal":1,"zone_group_id":"272301008407","source_manage_no":"272301008407","facility_name":"대원유치원","sgg_code":"27230","facility_type_code":"1","api_first_registered_on":null,"api_last_modified_on":null,"updated_at":"2026-07-25T01:27:52.347112+00:00"},"geometry":{"type":"Point","coordinates":[128.605345302,35.89977189]}},{"type":"Feature","id":"785f8bc676024245817a5be6e9d588a6ce0d7e9c6de69ee4521d7aa3f8db1f4e-1","properties":{"facility_id":"785f8bc676024245817a5be6e9d588a6ce0d7e9c6de69ee4521d7aa3f8db1f4e","point_ordinal":1,"zone_group_id":"272301008378","source_manage_no":"272301008377","facility_name":"미래유치원","sgg_code":"27230","facility_type_code":"1","api_first_registered_on":null,"api_last_modified_on":null,"updated_at":"2026-07-25T01:27:52.347112+00:00"},"geometry":{"type":"Point","coordinates":[128.557222403,35.933977605]}},{"type":"Feature","id":"bb9ec045d6137d418b6d8e8e83aaf5cf2eb1fde2af320a80d0d661889dc3c4dc-1","properties":{"facility_id":"bb9ec045d6137d418b6d8e8e83aaf5cf2eb1fde2af320a80d0d661889dc3c4dc","point_ordinal":1,"zone_group_id":"272301008421","source_manage_no":"272301008421","facility_name":"반디유치원","sgg_code":"27230","facility_type_code":"1","api_first_registered_on":null,"api_last_modified_on":null,"updated_at":"2026-07-25T01:27:52.347112+00:00"},"geometry":{"type":"Point","coordinates":[128.547624327,35.945890175]}},{"type":"Feature","id":"b57fa2c828466ed9808ef29ff3b6172dcbbd43ef46c108b7bfedcb999f60e3bb-1","properties":{"facility_id":"b57fa2c828466ed9808ef29ff3b6172dcbbd43ef46c108b7bfedcb999f60e3bb","point_ordinal":1,"zone_group_id":"272301008423","source_manage_no":"272301008423","facility_name":"삼성유치원","sgg_code":"27230","facility_type_code":"1","api_first_registered_on":null,"api_last_modified_on":null,"updated_at":"2026-07-25T01:27:52.347112+00:00"},"geometry":{"type":"Point","coordinates":[128.553802519,35.947756398]}},{"type":"Feature","id":"f53a0e31806c03684276424fbd92b0ea6578399b1f05e39ba162f84fdcc6cf68-1","properties":{"facility_id":"f53a0e31806c03684276424fbd92b0ea6578399b1f05e39ba162f84fdcc6cf68","point_ordinal":1,"zone_group_id":"272301008401","source_manage_no":"272301028084","facility_name":"삼영유치원","sgg_code":"27230","facility_type_code":"1","api_first_registered_on":null,"api_last_modified_on":null,"updated_at":"2026-07-25T01:27:52.347112+00:00"},"geometry":{"type":"Point","coordinates":[128.510380863,35.901863144]}},{"type":"Feature","id":"c79ef5ede6be95604c61d120b006e493573c37c3c749921b1c3447cbf3a2a580-1","properties":{"facility_id":"c79ef5ede6be95604c61d120b006e493573c37c3c749921b1c3447cbf3a2a580","point_ordinal":1,"zone_group_id":"272301008424","source_manage_no":"272301008424","facility_name":"새솔유치원","sgg_code":"27230","facility_type_code":"1","api_first_registered_on":null,"api_last_modified_on":null,"updated_at":"2026-07-25T01:27:52.347112+00:00"},"geometry":{"type":"Point","coordinates":[128.556649979,35.95010245]}},{"type":"Feature","id":"181a072ae1e32cbb68fad74f25bb1ef616454d499a36100a75ef5c344d4b0248-1","properties":{"facility_id":"181a072ae1e32cbb68fad74f25bb1ef616454d499a36100a75ef5c344d4b0248","point_ordinal":1,"zone_group_id":"272301020418","source_manage_no":"272301020418","facility_name":"신명유치원","sgg_code":"27230","facility_type_code":"1","api_first_registered_on":null,"api_last_modified_on":null,"updated_at":"2026-07-25T01:27:52.347112+00:00"},"geometry":{"type":"Point","coordinates":[128.602526329,35.921979923]}},{"type":"Feature","id":"d6ee5fded86364cedac3f422fd7c5baab90436fa75bd845e6e8676e37572cd59-1","properties":{"facility_id":"d6ee5fded86364cedac3f422fd7c5baab90436fa75bd845e6e8676e37572cd59","point_ordinal":1,"zone_group_id":"272301021306","source_manage_no":"272301021570","facility_name":"연경유치원","sgg_code":"27230","facility_type_code":"1","api_first_registered_on":null,"api_last_modified_on":null,"updated_at":"2026-07-25T01:27:52.347112+00:00"},"geometry":{"type":"Point","coordinates":[128.615733417,35.94616054]}},{"type":"Feature","id":"531c4c4e5f3ea229c9f5296992e2b3ef309655f5e0a3de666335ac94c53c8606-1","properties":{"facility_id":"531c4c4e5f3ea229c9f5296992e2b3ef309655f5e0a3de666335ac94c53c8606","point_ordinal":1,"zone_group_id":"272301008441","source_manage_no":"272301008441","facility_name":"연세유치원","sgg_code":"27230","facility_type_code":"1","api_first_registered_on":null,"api_last_modified_on":null,"updated_at":"2026-07-25T01:27:52.347112+00:00"},"geometry":{"type":"Point","coordinates":[128.59400346,35.888045804]}},{"type":"Feature","id":"6eb72abe5caf32088be3862f0206869807092fc322940e714a093c23d0683303-1","properties":{"facility_id":"6eb72abe5caf32088be3862f0206869807092fc322940e714a093c23d0683303","point_ordinal":1,"zone_group_id":"272301008435","source_manage_no":"272301008435","facility_name":"예원유치원","sgg_code":"27230","facility_type_code":"1","api_first_registered_on":null,"api_last_modified_on":null,"updated_at":"2026-07-25T01:27:52.347112+00:00"},"geometry":{"type":"Point","coordinates":[128.600684102,35.87922719]}},{"type":"Feature","id":"adce0fbdeeac3ddad7d761830630463696c292f08c8cf5905292d31010c8c6f1-1","properties":{"facility_id":"adce0fbdeeac3ddad7d761830630463696c292f08c8cf5905292d31010c8c6f1","point_ordinal":1,"zone_group_id":"272301008432","source_manage_no":"272301008426","facility_name":"예일유치원","sgg_code":"27230","facility_type_code":"1","api_first_registered_on":null,"api_last_modified_on":null,"updated_at":"2026-07-25T01:27:52.347112+00:00"},"geometry":{"type":"Point","coordinates":[128.554890718,35.942039997]}},{"type":"Feature","id":"ba14df32c29b3c4d5ffabc8c3cd82a9dfa185051046c01f2a3d9b883a1e42553-1","properties":{"facility_id":"ba14df32c29b3c4d5ffabc8c3cd82a9dfa185051046c01f2a3d9b883a1e42553","point_ordinal":1,"zone_group_id":"272301008408","source_manage_no":"272301030096","facility_name":"일성유치원","sgg_code":"27230","facility_type_code":"1","api_first_registered_on":null,"api_last_modified_on":"2026-06-26","updated_at":"2026-07-25T01:27:52.347112+00:00"},"geometry":{"type":"Point","coordinates":[128.612516631,35.900888501]}},{"type":"Feature","id":"99f3ffb9b7034c2edf8393b3e801cc9a8e171b580bb24e6fb3deb011782f4796-1","properties":{"facility_id":"99f3ffb9b7034c2edf8393b3e801cc9a8e171b580bb24e6fb3deb011782f4796","point_ordinal":1,"zone_group_id":"272301008437","source_manage_no":"272301008437","facility_name":"좋은유치원","sgg_code":"27230","facility_type_code":"1","api_first_registered_on":null,"api_last_modified_on":null,"updated_at":"2026-07-25T01:27:52.347112+00:00"},"geometry":{"type":"Point","coordinates":[128.592527838,35.880631886]}},{"type":"Feature","id":"f1518fe7a75020f4a7d6b07558d0bd54d775116c37ccafac61be4a28346127ca-1","properties":{"facility_id":"f1518fe7a75020f4a7d6b07558d0bd54d775116c37ccafac61be4a28346127ca","point_ordinal":1,"zone_group_id":"272301008345","source_manage_no":"272301008349","facility_name":"진성유치원","sgg_code":"27230","facility_type_code":"1","api_first_registered_on":null,"api_last_modified_on":null,"updated_at":"2026-07-25T01:27:52.347112+00:00"},"geometry":{"type":"Point","coordinates":[128.558070853,35.930264733]}},{"type":"Feature","id":"988eb79194e15164c86925b36fe233551165067572f161c32f54a15ce2dd18b5-1","properties":{"facility_id":"988eb79194e15164c86925b36fe233551165067572f161c32f54a15ce2dd18b5","point_ordinal":1,"zone_group_id":"272301008439","source_manage_no":"272301029194","facility_name":"침산유치원","sgg_code":"27230","facility_type_code":"1","api_first_registered_on":null,"api_last_modified_on":"2025-04-22","updated_at":"2026-07-25T01:27:52.347112+00:00"},"geometry":{"type":"Point","coordinates":[128.5851994,35.885529623]}},{"type":"Feature","id":"6f17046aedddf318ea3f562bdfdbff345087239410e53fe302b9df11e5c85e2e-1","properties":{"facility_id":"6f17046aedddf318ea3f562bdfdbff345087239410e53fe302b9df11e5c85e2e","point_ordinal":1,"zone_group_id":"272301008384","source_manage_no":"272301008458","facility_name":"한꽃유치원","sgg_code":"27230","facility_type_code":"1","api_first_registered_on":null,"api_last_modified_on":null,"updated_at":"2026-07-25T01:27:52.347112+00:00"},"geometry":{"type":"Point","coordinates":[128.542387935,35.915246733]}},{"type":"Feature","id":"25ca76d994173a0b8317e58cb592382c1957997f1825afb664ffde970f00cbfd-1","properties":{"facility_id":"25ca76d994173a0b8317e58cb592382c1957997f1825afb664ffde970f00cbfd","point_ordinal":1,"zone_group_id":"272301008376","source_manage_no":"272301008380","facility_name":"한림유치원","sgg_code":"27230","facility_type_code":"1","api_first_registered_on":null,"api_last_modified_on":null,"updated_at":"2026-07-25T01:27:52.347112+00:00"},"geometry":{"type":"Point","coordinates":[128.56002209,35.937757479]}},{"type":"Feature","id":"866c6d885a60cd30953a208b25f416a1727952b1f7b1fd50fc83f8f8a758b343-1","properties":{"facility_id":"866c6d885a60cd30953a208b25f416a1727952b1f7b1fd50fc83f8f8a758b343","point_ordinal":1,"zone_group_id":"272301008342","source_manage_no":"272301008343","facility_name":"한별유치원","sgg_code":"27230","facility_type_code":"1","api_first_registered_on":null,"api_last_modified_on":null,"updated_at":"2026-07-25T01:27:52.347112+00:00"},"geometry":{"type":"Point","coordinates":[128.545557956,35.940525905]}},{"type":"Feature","id":"a92ce232a44b58feafc3ea1c857097ea6823b43e8152d18fda46b7da711a0bfa-1","properties":{"facility_id":"a92ce232a44b58feafc3ea1c857097ea6823b43e8152d18fda46b7da711a0bfa","point_ordinal":1,"zone_group_id":"272301008401","source_manage_no":"272301008403","facility_name":"해성유치원","sgg_code":"27230","facility_type_code":"1","api_first_registered_on":null,"api_last_modified_on":null,"updated_at":"2026-07-25T01:27:52.347112+00:00"},"geometry":{"type":"Point","coordinates":[128.516653849,35.900564556]}},{"type":"Feature","id":"e5d16778a04ed891df6c87410e9ef160bcaef7804543ba2ba77a5f8018350b9e-1","properties":{"facility_id":"e5d16778a04ed891df6c87410e9ef160bcaef7804543ba2ba77a5f8018350b9e","point_ordinal":1,"zone_group_id":"272301008437","source_manage_no":"272301008438","facility_name":"혜송유치원","sgg_code":"27230","facility_type_code":"1","api_first_registered_on":null,"api_last_modified_on":null,"updated_at":"2026-07-25T01:27:52.347112+00:00"},"geometry":{"type":"Point","coordinates":[128.593336387,35.881426918]}},{"type":"Feature","id":"7df42a85b4a71507692c31822303674128fa3c4c6c174c50c2685ad1ac75052f-1","properties":{"facility_id":"7df42a85b4a71507692c31822303674128fa3c4c6c174c50c2685ad1ac75052f","point_ordinal":1,"zone_group_id":"272301008361","source_manage_no":"272301008361","facility_name":"효성유치원","sgg_code":"27230","facility_type_code":"1","api_first_registered_on":null,"api_last_modified_on":null,"updated_at":"2026-07-25T01:27:52.347112+00:00"},"geometry":{"type":"Point","coordinates":[128.571336455,35.944815362]}},{"type":"Feature","id":"96b9f69033aa0a87e88ab81a0a0eb53407a139eebf284a30692f40efda6940bf-1","properties":{"facility_id":"96b9f69033aa0a87e88ab81a0a0eb53407a139eebf284a30692f40efda6940bf","point_ordinal":1,"zone_group_id":"272301008344","source_manage_no":"272301008344","facility_name":"강북초등학교","sgg_code":"27230","facility_type_code":"1","api_first_registered_on":null,"api_last_modified_on":null,"updated_at":"2026-07-25T01:27:52.347112+00:00"},"geometry":{"type":"Point","coordinates":[128.566125162,35.940660525]}},{"type":"Feature","id":"55b18868377f9af0c786ef2b0bb838b6fed4cdd88c923d4dcc0df432f183830d-1","properties":{"facility_id":"55b18868377f9af0c786ef2b0bb838b6fed4cdd88c923d4dcc0df432f183830d","point_ordinal":1,"zone_group_id":"272301008390","source_manage_no":"272301008390","facility_name":"경진초등학교","sgg_code":"27230","facility_type_code":"1","api_first_registered_on":null,"api_last_modified_on":null,"updated_at":"2026-07-25T01:27:52.347112+00:00"},"geometry":{"type":"Point","coordinates":[128.617297567,35.892403748]}},{"type":"Feature","id":"0a7d194c297bdbed7025f4cf3c634082eaf21079a7c5321f6e3d1aa4c2461b5a-1","properties":{"facility_id":"0a7d194c297bdbed7025f4cf3c634082eaf21079a7c5321f6e3d1aa4c2461b5a","point_ordinal":1,"zone_group_id":"272301008342","source_manage_no":"272301008342","facility_name":"관음초등학교","sgg_code":"27230","facility_type_code":"1","api_first_registered_on":null,"api_last_modified_on":null,"updated_at":"2026-07-25T01:27:52.347112+00:00"},"geometry":{"type":"Point","coordinates":[128.545831048,35.940216997]}},{"type":"Feature","id":"7e531a0335620c08b8da9c69a8094fbc7f4ea85de9be828974102ccb16a359eb-1","properties":{"facility_id":"7e531a0335620c08b8da9c69a8094fbc7f4ea85de9be828974102ccb16a359eb","point_ordinal":1,"zone_group_id":"272301008419","source_manage_no":"272301008419","facility_name":"교동초등학교","sgg_code":"27230","facility_type_code":"1","api_first_registered_on":null,"api_last_modified_on":null,"updated_at":"2026-07-25T01:27:52.347112+00:00"},"geometry":{"type":"Point","coordinates":[128.549967744,35.944517363]}},{"type":"Feature","id":"bc122db7a1fa1f2ac939402f52f251b5ab115be7b97bae975c160c54ee8913c3-1","properties":{"facility_id":"bc122db7a1fa1f2ac939402f52f251b5ab115be7b97bae975c160c54ee8913c3","point_ordinal":1,"zone_group_id":"272301008346","source_manage_no":"272301008346","facility_name":"구암어린이집","sgg_code":"27230","facility_type_code":"1","api_first_registered_on":null,"api_last_modified_on":null,"updated_at":"2026-07-25T01:27:52.347112+00:00"},"geometry":{"type":"Point","coordinates":[128.562937571,35.930293862]}},{"type":"Feature","id":"d749c44ff9a6c7849d1e1068fd5bfd5b68efe9275188207549688ea58b4e1a19-1","properties":{"facility_id":"d749c44ff9a6c7849d1e1068fd5bfd5b68efe9275188207549688ea58b4e1a19","point_ordinal":1,"zone_group_id":"272301008345","source_manage_no":"272301008345","facility_name":"구암초등학교","sgg_code":"27230","facility_type_code":"1","api_first_registered_on":null,"api_last_modified_on":null,"updated_at":"2026-07-25T01:27:52.347112+00:00"},"geometry":{"type":"Point","coordinates":[128.558858593,35.927823584]}},{"type":"Feature","id":"ee2e394b824f420c786c4b8986d29d328c0a822fc2d21b53d104f3ead34732a4-1","properties":{"facility_id":"ee2e394b824f420c786c4b8986d29d328c0a822fc2d21b53d104f3ead34732a4","point_ordinal":1,"zone_group_id":"272301028083","source_manage_no":"272301028083","facility_name":"국우초등학교","sgg_code":"27230","facility_type_code":"1","api_first_registered_on":null,"api_last_modified_on":null,"updated_at":"2026-07-25T01:27:52.347112+00:00"},"geometry":{"type":"Point","coordinates":[128.586089582,35.955558565]}},{"type":"Feature","id":"bd092d32f8d4cc736a31614de3829e6a2837b28ea90d753aef56f1380729ab40-1","properties":{"facility_id":"bd092d32f8d4cc736a31614de3829e6a2837b28ea90d753aef56f1380729ab40","point_ordinal":1,"zone_group_id":"272301008439","source_manage_no":"272301008439","facility_name":"달산초등학교","sgg_code":"27230","facility_type_code":"1","api_first_registered_on":null,"api_last_modified_on":null,"updated_at":"2026-07-25T01:27:52.347112+00:00"},"geometry":{"type":"Point","coordinates":[128.585990001,35.887804493]}},{"type":"Feature","id":"ceb167a38ba0a8a3728010aeb6f64a406ec8321f03a5e6981c024654ea136839-1","properties":{"facility_id":"ceb167a38ba0a8a3728010aeb6f64a406ec8321f03a5e6981c024654ea136839","point_ordinal":1,"zone_group_id":"272301008399","source_manage_no":"272301008399","facility_name":"대구성보학교","sgg_code":"27230","facility_type_code":"1","api_first_registered_on":null,"api_last_modified_on":null,"updated_at":"2026-07-25T01:27:52.347112+00:00"},"geometry":{"type":"Point","coordinates":[128.631251881,35.893422932]}},{"type":"Feature","id":"f70284797c52175595447880a4e61b80cd9ed3b2de990fb2d19ed5d42838c3d2-1","properties":{"facility_id":"f70284797c52175595447880a4e61b80cd9ed3b2de990fb2d19ed5d42838c3d2","point_ordinal":1,"zone_group_id":"272301008406","source_manage_no":"272301008406","facility_name":"대산초등학교","sgg_code":"27230","facility_type_code":"1","api_first_registered_on":null,"api_last_modified_on":null,"updated_at":"2026-07-25T01:27:52.347112+00:00"},"geometry":{"type":"Point","coordinates":[128.594147967,35.896935361]}},{"type":"Feature","id":"fea04e44552608eec24dc175ece0b3aaf3c7bb848dfea13722a31bf8009152b7-1","properties":{"facility_id":"fea04e44552608eec24dc175ece0b3aaf3c7bb848dfea13722a31bf8009152b7","point_ordinal":1,"zone_group_id":"272301008420","source_manage_no":"272301008420","facility_name":"대천초등학교","sgg_code":"27230","facility_type_code":"1","api_first_registered_on":null,"api_last_modified_on":null,"updated_at":"2026-07-25T01:27:52.347112+00:00"},"geometry":{"type":"Point","coordinates":[128.553614563,35.936939386]}},{"type":"Feature","id":"037ef86928e047fb351954702519ccb7a96916c918f65f782b9d0f6cdcf942da-1","properties":{"facility_id":"037ef86928e047fb351954702519ccb7a96916c918f65f782b9d0f6cdcf942da","point_ordinal":1,"zone_group_id":"272301008356","source_manage_no":"272301008356","facility_name":"도남초등학교","sgg_code":"27230","facility_type_code":"1","api_first_registered_on":null,"api_last_modified_on":null,"updated_at":"2026-07-25T01:27:52.347112+00:00"},"geometry":{"type":"Point","coordinates":[128.576491027,35.948835242]}},{"type":"Feature","id":"4b9e5260d68dd4d637d75d878f300b0500eea2795ca8a2a494e8ca60fdab0b2b-1","properties":{"facility_id":"4b9e5260d68dd4d637d75d878f300b0500eea2795ca8a2a494e8ca60fdab0b2b","point_ordinal":1,"zone_group_id":"272301008372","source_manage_no":"272301008372","facility_name":"동변초등학교","sgg_code":"27230","facility_type_code":"1","api_first_registered_on":null,"api_last_modified_on":null,"updated_at":"2026-07-25T01:27:52.347112+00:00"},"geometry":{"type":"Point","coordinates":[128.603779131,35.918646836]}},{"type":"Feature","id":"76541437774d174914fb4a1443bf7df10b50a41c0ca634458a954707cc57d2da-1","properties":{"facility_id":"76541437774d174914fb4a1443bf7df10b50a41c0ca634458a954707cc57d2da","point_ordinal":1,"zone_group_id":"272301008415","source_manage_no":"272301008413","facility_name":"동서변유치원","sgg_code":"27230","facility_type_code":"1","api_first_registered_on":null,"api_last_modified_on":null,"updated_at":"2026-07-25T01:27:52.347112+00:00"},"geometry":{"type":"Point","coordinates":[128.594759306,35.922011084]}},{"type":"Feature","id":"a2bfca379a07771c3c4b5f994432507833815fc737e7fdfca20bc59850b7f81e-1","properties":{"facility_id":"a2bfca379a07771c3c4b5f994432507833815fc737e7fdfca20bc59850b7f81e","point_ordinal":1,"zone_group_id":"272301008376","source_manage_no":"272301008376","facility_name":"동평초등학교","sgg_code":"27230","facility_type_code":"1","api_first_registered_on":null,"api_last_modified_on":null,"updated_at":"2026-07-25T01:27:52.347112+00:00"},"geometry":{"type":"Point","coordinates":[128.560125214,35.938838434]}},{"type":"Feature","id":"fed22d4ef6365c64ae6b96ef90d189273ee3f6feef055175483364fda02d5c33-1","properties":{"facility_id":"fed22d4ef6365c64ae6b96ef90d189273ee3f6feef055175483364fda02d5c33","point_ordinal":1,"zone_group_id":"272301008460","source_manage_no":"272301008460","facility_name":"리더스유치원","sgg_code":"27230","facility_type_code":"1","api_first_registered_on":null,"api_last_modified_on":null,"updated_at":"2026-07-25T01:27:52.347112+00:00"},"geometry":{"type":"Point","coordinates":[128.56657432,35.95015891]}},{"type":"Feature","id":"078f6039bee8add93c46307a823c998e50321384c600cdf0b9467433d2bd3df7-1","properties":{"facility_id":"078f6039bee8add93c46307a823c998e50321384c600cdf0b9467433d2bd3df7","point_ordinal":1,"zone_group_id":"272301008367","source_manage_no":"272301008367","facility_name":"리라어린이집","sgg_code":"27230","facility_type_code":"1","api_first_registered_on":null,"api_last_modified_on":null,"updated_at":"2026-07-25T01:27:52.347112+00:00"},"geometry":{"type":"Point","coordinates":[128.607848835,35.884611669]}},{"type":"Feature","id":"af320d63eec2de50271aaf1eea847c9594dc6f6d14223f42339e20ed8172caae-1","properties":{"facility_id":"af320d63eec2de50271aaf1eea847c9594dc6f6d14223f42339e20ed8172caae","point_ordinal":1,"zone_group_id":"272301008384","source_manage_no":"272301008384","facility_name":"매천초등학교","sgg_code":"27230","facility_type_code":"1","api_first_registered_on":null,"api_last_modified_on":null,"updated_at":"2026-07-25T01:27:52.347112+00:00"},"geometry":{"type":"Point","coordinates":[128.542392204,35.913037874]}},{"type":"Feature","id":"fdfa54f43f18263c46aa6505a80f414fe04332c098466c2db90e7a4d0fd6cbd4-1","properties":{"facility_id":"fdfa54f43f18263c46aa6505a80f414fe04332c098466c2db90e7a4d0fd6cbd4","point_ordinal":1,"zone_group_id":"272301008455","source_manage_no":"272301008451","facility_name":"메이플유치원","sgg_code":"27230","facility_type_code":"1","api_first_registered_on":null,"api_last_modified_on":null,"updated_at":"2026-07-25T01:27:52.347112+00:00"},"geometry":{"type":"Point","coordinates":[128.544378972,35.931809098]}},{"type":"Feature","id":"4877b750dd251f2bb7af5c80355654de6229d6c98e64646905df00d116c9d14f-1","properties":{"facility_id":"4877b750dd251f2bb7af5c80355654de6229d6c98e64646905df00d116c9d14f","point_ordinal":1,"zone_group_id":"272301008414","source_manage_no":"272301008414","facility_name":"무태어린이집","sgg_code":"27230","facility_type_code":"1","api_first_registered_on":null,"api_last_modified_on":null,"updated_at":"2026-07-25T01:27:52.347112+00:00"},"geometry":{"type":"Point","coordinates":[128.595729291,35.923219277]}},{"type":"Feature","id":"5558bffff69df20eacea97e0db94fdfad08372a65a161a49717516e8dc9d7796-1","properties":{"facility_id":"5558bffff69df20eacea97e0db94fdfad08372a65a161a49717516e8dc9d7796","point_ordinal":1,"zone_group_id":"272301008395","source_manage_no":"272301008395","facility_name":"문성초등학교","sgg_code":"27230","facility_type_code":"1","api_first_registered_on":null,"api_last_modified_on":null,"updated_at":"2026-07-25T01:27:52.347112+00:00"},"geometry":{"type":"Point","coordinates":[128.619385413,35.905339657]}},{"type":"Feature","id":"c559d73485c853e3329707ee54b8b6b7aba117c625c6d923e2d089dcfe1d5b67-1","properties":{"facility_id":"c559d73485c853e3329707ee54b8b6b7aba117c625c6d923e2d089dcfe1d5b67","point_ordinal":1,"zone_group_id":"272301008460","source_manage_no":"272301008461","facility_name":"미술관유치원","sgg_code":"27230","facility_type_code":"1","api_first_registered_on":null,"api_last_modified_on":null,"updated_at":"2026-07-25T01:27:52.347112+00:00"},"geometry":{"type":"Point","coordinates":[128.566302129,35.948881123]}},{"type":"Feature","id":"2e511c28b9df2e12a7a4944e6e8d9ca0317d7ef35befffa3907d9859fbdbdf80-1","properties":{"facility_id":"2e511c28b9df2e12a7a4944e6e8d9ca0317d7ef35befffa3907d9859fbdbdf80","point_ordinal":1,"zone_group_id":"272301008462","source_manage_no":"272301008462","facility_name":"반디어린이집","sgg_code":"27230","facility_type_code":"1","api_first_registered_on":null,"api_last_modified_on":null,"updated_at":"2026-07-25T01:27:52.347112+00:00"},"geometry":{"type":"Point","coordinates":[128.568096035,35.951182162]}},{"type":"Feature","id":"55864eb24f913a25c48133f27c159e4bbcbf5b6543c7ec055f9d28f200e6db7c-1","properties":{"facility_id":"55864eb24f913a25c48133f27c159e4bbcbf5b6543c7ec055f9d28f200e6db7c","point_ordinal":1,"zone_group_id":"272301008396","source_manage_no":"272301008396","facility_name":"복현초등학교","sgg_code":"27230","facility_type_code":"1","api_first_registered_on":null,"api_last_modified_on":null,"updated_at":"2026-07-25T01:27:52.347112+00:00"},"geometry":{"type":"Point","coordinates":[128.620820389,35.898654765]}},{"type":"Feature","id":"23e8add65b813fade809ab23e1e798ce107615c3f3cf9b04dac2ce22c6a88703-1","properties":{"facility_id":"23e8add65b813fade809ab23e1e798ce107615c3f3cf9b04dac2ce22c6a88703","point_ordinal":1,"zone_group_id":"272301008414","source_manage_no":"272301008418","facility_name":"북구어린이집","sgg_code":"27230","facility_type_code":"1","api_first_registered_on":null,"api_last_modified_on":null,"updated_at":"2026-07-25T01:27:52.347112+00:00"},"geometry":{"type":"Point","coordinates":[128.594545156,35.922754432]}},{"type":"Feature","id":"16eeb589d0a1e0feb2961cf4fdb4d50401cca45b39f2226452e4147d9710fd4b-1","properties":{"facility_id":"16eeb589d0a1e0feb2961cf4fdb4d50401cca45b39f2226452e4147d9710fd4b","point_ordinal":1,"zone_group_id":"272301008378","source_manage_no":"272301008378","facility_name":"북부초등학교","sgg_code":"27230","facility_type_code":"1","api_first_registered_on":null,"api_last_modified_on":null,"updated_at":"2026-07-25T01:27:52.347112+00:00"},"geometry":{"type":"Point","coordinates":[128.558519648,35.933163787]}},{"type":"Feature","id":"c7a1bacca18294306c7ecc0160003496fd0a393f28fcffdac7cd836f306c5315-1","properties":{"facility_id":"c7a1bacca18294306c7ecc0160003496fd0a393f28fcffdac7cd836f306c5315","point_ordinal":1,"zone_group_id":"272301008423","source_manage_no":"272301008422","facility_name":"사랑어린이집","sgg_code":"27230","facility_type_code":"1","api_first_registered_on":null,"api_last_modified_on":null,"updated_at":"2026-07-25T01:27:52.347112+00:00"},"geometry":{"type":"Point","coordinates":[128.553801273,35.951002004]}},{"type":"Feature","id":"b9418e4151c9e2d1a0469f2eb22fd06bd037cada23fd4878b062c3ef7d67cef0-1","properties":{"facility_id":"b9418e4151c9e2d1a0469f2eb22fd06bd037cada23fd4878b062c3ef7d67cef0","point_ordinal":1,"zone_group_id":"272301008401","source_manage_no":"272301008401","facility_name":"사수초등학교","sgg_code":"27230","facility_type_code":"1","api_first_registered_on":null,"api_last_modified_on":null,"updated_at":"2026-07-25T01:27:52.347112+00:00"},"geometry":{"type":"Point","coordinates":[128.516495967,35.900349518]}},{"type":"Feature","id":"6989063e0049ef8c85bb813072ead76552a803e0ecd98eabcb54bc0c343bbd2d-1","properties":{"facility_id":"6989063e0049ef8c85bb813072ead76552a803e0ecd98eabcb54bc0c343bbd2d","point_ordinal":1,"zone_group_id":"272301008409","source_manage_no":"272301008409","facility_name":"산격초등학교","sgg_code":"27230","facility_type_code":"1","api_first_registered_on":null,"api_last_modified_on":null,"updated_at":"2026-07-25T01:27:52.347112+00:00"},"geometry":{"type":"Point","coordinates":[128.606983982,35.894906419]}},{"type":"Feature","id":"5d3940111507250307f41b4319199621067e64c3d7ff9b5464df2902b8e85116-1","properties":{"facility_id":"5d3940111507250307f41b4319199621067e64c3d7ff9b5464df2902b8e85116","point_ordinal":1,"zone_group_id":"272301008401","source_manage_no":"272301008402","facility_name":"삼영초등학교","sgg_code":"27230","facility_type_code":"1","api_first_registered_on":null,"api_last_modified_on":null,"updated_at":"2026-07-25T01:27:52.347112+00:00"},"geometry":{"type":"Point","coordinates":[128.510178873,35.902016627]}},{"type":"Feature","id":"ec3ea8f2ce457e7b25594ce279e38e80c971d16cb93ff7e78e2c0bb974763b86-1","properties":{"facility_id":"ec3ea8f2ce457e7b25594ce279e38e80c971d16cb93ff7e78e2c0bb974763b86","point_ordinal":1,"zone_group_id":"272301008415","source_manage_no":"272301008415","facility_name":"서변초등학교","sgg_code":"27230","facility_type_code":"1","api_first_registered_on":null,"api_last_modified_on":null,"updated_at":"2026-07-25T01:27:52.347112+00:00"},"geometry":{"type":"Point","coordinates":[128.59493466,35.921062853]}},{"type":"Feature","id":"3e982ea137fca8468638c31115e43f26a241825f22fe4bfc2fb92f66a8264714-1","properties":{"facility_id":"3e982ea137fca8468638c31115e43f26a241825f22fe4bfc2fb92f66a8264714","point_ordinal":1,"zone_group_id":"272301008416","source_manage_no":"272301008416","facility_name":"성북초등학교","sgg_code":"27230","facility_type_code":"1","api_first_registered_on":null,"api_last_modified_on":null,"updated_at":"2026-07-25T01:27:52.347112+00:00"},"geometry":{"type":"Point","coordinates":[128.594894544,35.926193061]}},{"type":"Feature","id":"bfe9bda8a8fe45ad6fa32d11ff82954e5f6474d3616e09bbdc19e0f11c788b70-1","properties":{"facility_id":"bfe9bda8a8fe45ad6fa32d11ff82954e5f6474d3616e09bbdc19e0f11c788b70","point_ordinal":1,"zone_group_id":"272301008369","source_manage_no":"272301008369","facility_name":"신암초등학교","sgg_code":"27230","facility_type_code":"1","api_first_registered_on":null,"api_last_modified_on":null,"updated_at":"2026-07-25T01:27:52.347112+00:00"},"geometry":{"type":"Point","coordinates":[128.612705261,35.883313607]}},{"type":"Feature","id":"087e1b55101444576a9222f7a1af9ec7f3dd8b4669e43da7dc79b9fa858f5c06-1","properties":{"facility_id":"087e1b55101444576a9222f7a1af9ec7f3dd8b4669e43da7dc79b9fa858f5c06","point_ordinal":1,"zone_group_id":"272301021306","source_manage_no":"272301021306","facility_name":"연경초등학교","sgg_code":"27230","facility_type_code":"1","api_first_registered_on":null,"api_last_modified_on":null,"updated_at":"2026-07-25T01:27:52.347112+00:00"},"geometry":{"type":"Point","coordinates":[128.616032995,35.945198966]}},{"type":"Feature","id":"b323da87a3aac59063619c99ce87c041d08a927e6af17fb4f6a09a770397cbb6-1","properties":{"facility_id":"b323da87a3aac59063619c99ce87c041d08a927e6af17fb4f6a09a770397cbb6","point_ordinal":1,"zone_group_id":"272301008411","source_manage_no":"272301008411","facility_name":"영지어린이집","sgg_code":"27230","facility_type_code":"1","api_first_registered_on":null,"api_last_modified_on":null,"updated_at":"2026-07-25T01:27:52.347112+00:00"},"geometry":{"type":"Point","coordinates":[128.602233748,35.895130425]}},{"type":"Feature","id":"5da40fe2d6b044944d1086935c84fb4eb52b65c844fd5b8defa5f122772ca404-1","properties":{"facility_id":"5da40fe2d6b044944d1086935c84fb4eb52b65c844fd5b8defa5f122772ca404","point_ordinal":1,"zone_group_id":"272301008436","source_manage_no":"272301008436","facility_name":"옥산초등학교","sgg_code":"27230","facility_type_code":"1","api_first_registered_on":null,"api_last_modified_on":null,"updated_at":"2026-07-25T01:27:52.347112+00:00"},"geometry":{"type":"Point","coordinates":[128.598153542,35.882095203]}},{"type":"Feature","id":"6ac33c982ed5d75f8716632aac1bbca0983b3cb5af96226bf6aba2c117f96495-1","properties":{"facility_id":"6ac33c982ed5d75f8716632aac1bbca0983b3cb5af96226bf6aba2c117f96495","point_ordinal":1,"zone_group_id":"272301008344","source_manage_no":"272301008348","facility_name":"운암초등학교","sgg_code":"27230","facility_type_code":"1","api_first_registered_on":null,"api_last_modified_on":null,"updated_at":"2026-07-25T01:27:52.347112+00:00"},"geometry":{"type":"Point","coordinates":[128.565441718,35.93599654]}},{"type":"Feature","id":"524abf4a6dab1faa7f96a721aa47df0929f6c2ef38975d605743d7c81e4b0f58-1","properties":{"facility_id":"524abf4a6dab1faa7f96a721aa47df0929f6c2ef38975d605743d7c81e4b0f58","point_ordinal":1,"zone_group_id":"272301008423","source_manage_no":"272301008429","facility_name":"정원어린이집","sgg_code":"27230","facility_type_code":"1","api_first_registered_on":null,"api_last_modified_on":null,"updated_at":"2026-07-25T01:27:52.347112+00:00"},"geometry":{"type":"Point","coordinates":[128.554885848,35.949180353]}},{"type":"Feature","id":"52b485389a5b13f5e53218f63e68861696fdfa253887170bf228f4960ade1746-1","properties":{"facility_id":"52b485389a5b13f5e53218f63e68861696fdfa253887170bf228f4960ade1746","point_ordinal":1,"zone_group_id":"272301008350","source_manage_no":"272301008350","facility_name":"채송화유치원","sgg_code":"27230","facility_type_code":"1","api_first_registered_on":null,"api_last_modified_on":null,"updated_at":"2026-07-25T01:27:52.347112+00:00"},"geometry":{"type":"Point","coordinates":[128.560592183,35.927321439]}},{"type":"Feature","id":"a3de7c8313a0278d21adcb061b47f30dbc7c2227c3c31113090b139c114bf867-1","properties":{"facility_id":"a3de7c8313a0278d21adcb061b47f30dbc7c2227c3c31113090b139c114bf867","point_ordinal":1,"zone_group_id":"272301008432","source_manage_no":"272301008432","facility_name":"칠곡초등학교","sgg_code":"27230","facility_type_code":"1","api_first_registered_on":null,"api_last_modified_on":null,"updated_at":"2026-07-25T01:27:52.347112+00:00"},"geometry":{"type":"Point","coordinates":[128.551749562,35.944276374]}},{"type":"Feature","id":"27e9fd9ca58e5853eae78cd4befbc3592d8c545ea2dd717d899492a3e27046a5-1","properties":{"facility_id":"27e9fd9ca58e5853eae78cd4befbc3592d8c545ea2dd717d899492a3e27046a5","point_ordinal":1,"zone_group_id":"272301008443","source_manage_no":"272301008443","facility_name":"칠성초등학교","sgg_code":"27230","facility_type_code":"1","api_first_registered_on":null,"api_last_modified_on":null,"updated_at":"2026-07-25T01:27:52.347112+00:00"},"geometry":{"type":"Point","coordinates":[128.592419613,35.886397655]}},{"type":"Feature","id":"a163dfdf59abb6dbc7777c4c59063421f5a128bce05823378d79213b7f29a63f-1","properties":{"facility_id":"a163dfdf59abb6dbc7777c4c59063421f5a128bce05823378d79213b7f29a63f","point_ordinal":1,"zone_group_id":"272302008365","source_manage_no":"272302008365","facility_name":"침산노인대학","sgg_code":"27230","facility_type_code":"2","api_first_registered_on":null,"api_last_modified_on":null,"updated_at":"2026-07-25T01:27:52.347112+00:00"},"geometry":{"type":"Point","coordinates":[128.578143224,35.888416128]}},{"type":"Feature","id":"3b81fd133a765f6ef43bc5ed4d662696c79b3a60addd9b0af0da5df627abad07-1","properties":{"facility_id":"3b81fd133a765f6ef43bc5ed4d662696c79b3a60addd9b0af0da5df627abad07","point_ordinal":1,"zone_group_id":"272301008444","source_manage_no":"272301008444","facility_name":"침산초등학교","sgg_code":"27230","facility_type_code":"1","api_first_registered_on":null,"api_last_modified_on":null,"updated_at":"2026-07-25T01:27:52.347112+00:00"},"geometry":{"type":"Point","coordinates":[128.586097465,35.890805716]}},{"type":"Feature","id":"44448a86d2c4b4a2e9065d1ecd15fb32b9f215919893e94e6f2dcdf9cc220433-1","properties":{"facility_id":"44448a86d2c4b4a2e9065d1ecd15fb32b9f215919893e94e6f2dcdf9cc220433","point_ordinal":1,"zone_group_id":"272301008454","source_manage_no":"272301008454","facility_name":"태암초등학교","sgg_code":"27230","facility_type_code":"1","api_first_registered_on":null,"api_last_modified_on":null,"updated_at":"2026-07-25T01:27:52.347112+00:00"},"geometry":{"type":"Point","coordinates":[128.549729001,35.923564164]}},{"type":"Feature","id":"bfbf28bcd3f07e112b8ace803e89ff665be6026fe3cad4099357a1a5170309ff-1","properties":{"facility_id":"bfbf28bcd3f07e112b8ace803e89ff665be6026fe3cad4099357a1a5170309ff","point_ordinal":1,"zone_group_id":"272301008455","source_manage_no":"272301008455","facility_name":"태전초등학교","sgg_code":"27230","facility_type_code":"1","api_first_registered_on":null,"api_last_modified_on":null,"updated_at":"2026-07-25T01:27:52.347112+00:00"},"geometry":{"type":"Point","coordinates":[128.546298751,35.929439314]}},{"type":"Feature","id":"9cc135e848c8ba3720c7b4b78da56708d48def5f07152da9c2e1be0e3b332773-1","properties":{"facility_id":"9cc135e848c8ba3720c7b4b78da56708d48def5f07152da9c2e1be0e3b332773","point_ordinal":1,"zone_group_id":"272301019030","source_manage_no":"272301019030","facility_name":"태현초등학교","sgg_code":"27230","facility_type_code":"1","api_first_registered_on":null,"api_last_modified_on":null,"updated_at":"2026-07-25T01:27:52.347112+00:00"},"geometry":{"type":"Point","coordinates":[128.541264887,35.92836689]}},{"type":"Feature","id":"83a369108b17e09b4cf33565a9a42c4c6426582b3abd8ec15ff60b5c6bde66a8-1","properties":{"facility_id":"83a369108b17e09b4cf33565a9a42c4c6426582b3abd8ec15ff60b5c6bde66a8","point_ordinal":1,"zone_group_id":"272301008459","source_manage_no":"272301008459","facility_name":"팔달초등학교","sgg_code":"27230","facility_type_code":"1","api_first_registered_on":null,"api_last_modified_on":null,"updated_at":"2026-07-25T01:27:52.347112+00:00"},"geometry":{"type":"Point","coordinates":[128.544421352,35.897937116]}},{"type":"Feature","id":"a4409f5adc6e06693b423ae03d734e294739a1a9c295a38dce71e8b87ff836ed-1","properties":{"facility_id":"a4409f5adc6e06693b423ae03d734e294739a1a9c295a38dce71e8b87ff836ed","point_ordinal":1,"zone_group_id":"272301008417","source_manage_no":"272301008457","facility_name":"하나어린이집","sgg_code":"27230","facility_type_code":"1","api_first_registered_on":null,"api_last_modified_on":null,"updated_at":"2026-07-25T01:27:52.347112+00:00"},"geometry":{"type":"Point","coordinates":[128.544470463,35.915165526]}},{"type":"Feature","id":"c1e576e7e996fcaa61123208d717a6c9b562f557fb1a67523b333e6c11b30b5d-1","properties":{"facility_id":"c1e576e7e996fcaa61123208d717a6c9b562f557fb1a67523b333e6c11b30b5d","point_ordinal":1,"zone_group_id":"272301008338","source_manage_no":"272301008338","facility_name":"하늘어린이집","sgg_code":"27230","facility_type_code":"1","api_first_registered_on":null,"api_last_modified_on":null,"updated_at":"2026-07-25T01:27:52.347112+00:00"},"geometry":{"type":"Point","coordinates":[128.58816925,35.879463362]}},{"type":"Feature","id":"232ed6c1381cd062a2673970e04eb48b0429fb1fd177e8bd50b75eac6a43fd42-1","properties":{"facility_id":"232ed6c1381cd062a2673970e04eb48b0429fb1fd177e8bd50b75eac6a43fd42","point_ordinal":1,"zone_group_id":"272301008462","source_manage_no":"272301008464","facility_name":"학남어린이집","sgg_code":"27230","facility_type_code":"1","api_first_registered_on":null,"api_last_modified_on":null,"updated_at":"2026-07-25T01:27:52.347112+00:00"},"geometry":{"type":"Point","coordinates":[128.569110903,35.950794473]}},{"type":"Feature","id":"ccc68623a30643f239552c01ed01ecd6ddbc3721ecc38b840fe36e988df2ac17-1","properties":{"facility_id":"ccc68623a30643f239552c01ed01ecd6ddbc3721ecc38b840fe36e988df2ac17","point_ordinal":1,"zone_group_id":"272301008359","source_manage_no":"272301008359","facility_name":"학남초등학교","sgg_code":"27230","facility_type_code":"1","api_first_registered_on":null,"api_last_modified_on":null,"updated_at":"2026-07-25T01:27:52.347112+00:00"},"geometry":{"type":"Point","coordinates":[128.566917313,35.945981669]}},{"type":"Feature","id":"055e46177394ca9b610c627d583089e89c47fe220463d05f3ff1a6b21da6d058-1","properties":{"facility_id":"055e46177394ca9b610c627d583089e89c47fe220463d05f3ff1a6b21da6d058","point_ordinal":1,"zone_group_id":"272301008466","source_manage_no":"272301008466","facility_name":"학정초등학교","sgg_code":"27230","facility_type_code":"1","api_first_registered_on":null,"api_last_modified_on":null,"updated_at":"2026-07-25T01:27:52.347112+00:00"},"geometry":{"type":"Point","coordinates":[128.568377977,35.94824059]}},{"type":"Feature","id":"0dfce85769b51ff49b2a1694775dd28d7dda9156694dcbb2fdbefd210fb96d71-1","properties":{"facility_id":"0dfce85769b51ff49b2a1694775dd28d7dda9156694dcbb2fdbefd210fb96d71","point_ordinal":1,"zone_group_id":"272301008378","source_manage_no":"272301008381","facility_name":"함지초등학교","sgg_code":"27230","facility_type_code":"1","api_first_registered_on":null,"api_last_modified_on":null,"updated_at":"2026-07-25T01:27:52.347112+00:00"},"geometry":{"type":"Point","coordinates":[128.558526952,35.934543104]}},{"type":"Feature","id":"553591846976eff98bc01a60b81783fad8000af7ffe095791860703d7c1ec823-1","properties":{"facility_id":"553591846976eff98bc01a60b81783fad8000af7ffe095791860703d7c1ec823","point_ordinal":1,"zone_group_id":"272301008355","source_manage_no":"272301008355","facility_name":"행복숲유치원","sgg_code":"27230","facility_type_code":"1","api_first_registered_on":null,"api_last_modified_on":null,"updated_at":"2026-07-25T01:27:52.347112+00:00"},"geometry":{"type":"Point","coordinates":[128.544309575,35.9358036]}},{"type":"Feature","id":"ecd80c33e9e71f6fd79cd6c3c5bbba3b31cfb105d1b64b5fb5553ede7dfb206a-1","properties":{"facility_id":"ecd80c33e9e71f6fd79cd6c3c5bbba3b31cfb105d1b64b5fb5553ede7dfb206a","point_ordinal":1,"zone_group_id":"272301008370","source_manage_no":"272301008370","facility_name":"혜성어린이집","sgg_code":"27230","facility_type_code":"1","api_first_registered_on":null,"api_last_modified_on":null,"updated_at":"2026-07-25T01:27:52.347112+00:00"},"geometry":{"type":"Point","coordinates":[128.604960625,35.884052263]}},{"type":"Feature","id":"fb4df5bb76fb43ce7fcfed41ca97c21bd9d8231ee37c5e99a7fcd939bfce6b06-1","properties":{"facility_id":"fb4df5bb76fb43ce7fcfed41ca97c21bd9d8231ee37c5e99a7fcd939bfce6b06","point_ordinal":1,"zone_group_id":"272302030099","source_manage_no":"272302030099","facility_name":"금호파크골프장","sgg_code":"27230","facility_type_code":"2","api_first_registered_on":null,"api_last_modified_on":"2026-06-26","updated_at":"2026-07-25T01:27:52.347112+00:00"},"geometry":{"type":"Point","coordinates":[128.520051596,35.894725609]}},{"type":"Feature","id":"0e15eedde904eef2bbb1d37c831aa0218a394916004eb9fd6e047575ed834c12-1","properties":{"facility_id":"0e15eedde904eef2bbb1d37c831aa0218a394916004eb9fd6e047575ed834c12","point_ordinal":1,"zone_group_id":"272302008394","source_manage_no":"272302008394","facility_name":"대불노인복지관","sgg_code":"27230","facility_type_code":"2","api_first_registered_on":null,"api_last_modified_on":null,"updated_at":"2026-07-25T01:27:52.347112+00:00"},"geometry":{"type":"Point","coordinates":[128.616454843,35.898668386]}},{"type":"Feature","id":"70a3a9106725456e6e9a9666152d83a36e3648ca78d8b1fb17ec5823744575da-1","properties":{"facility_id":"70a3a9106725456e6e9a9666152d83a36e3648ca78d8b1fb17ec5823744575da","point_ordinal":1,"zone_group_id":"272301008455","source_manage_no":"272301020462","facility_name":"무지개어린이집","sgg_code":"27230","facility_type_code":"1","api_first_registered_on":null,"api_last_modified_on":null,"updated_at":"2026-07-25T01:27:52.347112+00:00"},"geometry":{"type":"Point","coordinates":[128.54540045,35.931310116]}},{"type":"Feature","id":"e47ccf323c3e267dbdfa24dcee75dc42b39dadf6b95750f9d806caf0bd1f5014-1","properties":{"facility_id":"e47ccf323c3e267dbdfa24dcee75dc42b39dadf6b95750f9d806caf0bd1f5014","point_ordinal":1,"zone_group_id":"272301008385","source_manage_no":"272301008385","facility_name":"미소담어린이집","sgg_code":"27230","facility_type_code":"1","api_first_registered_on":null,"api_last_modified_on":null,"updated_at":"2026-07-25T01:27:52.347112+00:00"},"geometry":{"type":"Point","coordinates":[128.542558677,35.907987687]}},{"type":"Feature","id":"ad9027cbcfdbe1a2616fc0d531b1e2ee4015f0fb3f98fabd31e93474b2b1830e-1","properties":{"facility_id":"ad9027cbcfdbe1a2616fc0d531b1e2ee4015f0fb3f98fabd31e93474b2b1830e","point_ordinal":1,"zone_group_id":"272301008444","source_manage_no":"272302008440","facility_name":"북구노인복지관","sgg_code":"27230","facility_type_code":"2","api_first_registered_on":null,"api_last_modified_on":null,"updated_at":"2026-07-25T01:27:52.347112+00:00"},"geometry":{"type":"Point","coordinates":[128.58900157,35.891708023]}},{"type":"Feature","id":"fa678e58c1c04d6b64c72f4a3a9528a5dbbc948af22af93016b3362ee4bd232e-1","properties":{"facility_id":"fa678e58c1c04d6b64c72f4a3a9528a5dbbc948af22af93016b3362ee4bd232e","point_ordinal":1,"zone_group_id":"272301008408","source_manage_no":"272301008408","facility_name":"북대구초등학교","sgg_code":"27230","facility_type_code":"1","api_first_registered_on":null,"api_last_modified_on":null,"updated_at":"2026-07-25T01:27:52.347112+00:00"},"geometry":{"type":"Point","coordinates":[128.60980911,35.902823055]}},{"type":"Feature","id":"bab0513029c972e55db36b78eb3a750a4f56c990ed6f393962dc9f1d6475ef5f-1","properties":{"facility_id":"bab0513029c972e55db36b78eb3a750a4f56c990ed6f393962dc9f1d6475ef5f","point_ordinal":1,"zone_group_id":"272301008368","source_manage_no":"272301008368","facility_name":"새나래재가센터","sgg_code":"27230","facility_type_code":"2","api_first_registered_on":null,"api_last_modified_on":"2025-04-22","updated_at":"2026-07-25T01:27:52.347112+00:00"},"geometry":{"type":"Point","coordinates":[128.608075753,35.885790617]}},{"type":"Feature","id":"b85e56fec1bd83d5614cc5b10a23de1a7483e1fc1f2a7ac6ebc1187fe88e0fe4-1","properties":{"facility_id":"b85e56fec1bd83d5614cc5b10a23de1a7483e1fc1f2a7ac6ebc1187fe88e0fe4","point_ordinal":1,"zone_group_id":"272301008373","source_manage_no":"272301008373","facility_name":"새동변어린이집","sgg_code":"27230","facility_type_code":"1","api_first_registered_on":null,"api_last_modified_on":null,"updated_at":"2026-07-25T01:27:52.347112+00:00"},"geometry":{"type":"Point","coordinates":[128.605997954,35.920393461]}},{"type":"Feature","id":"8292a26f8b08e442b39da161cf5fedd69d6886204f1bd9ca78f346d5fb9f0d82-1","properties":{"facility_id":"8292a26f8b08e442b39da161cf5fedd69d6886204f1bd9ca78f346d5fb9f0d82","point_ordinal":1,"zone_group_id":"272301008347","source_manage_no":"272301008347","facility_name":"아이러브유치원","sgg_code":"27230","facility_type_code":"1","api_first_registered_on":null,"api_last_modified_on":null,"updated_at":"2026-07-25T01:27:52.347112+00:00"},"geometry":{"type":"Point","coordinates":[128.56892703,35.938163325]}},{"type":"Feature","id":"fdbb8bf5ef60efadeaaae2f152919157cc0ccb7294b6adcb07a78c9948862951-1","properties":{"facility_id":"fdbb8bf5ef60efadeaaae2f152919157cc0ccb7294b6adcb07a78c9948862951","point_ordinal":1,"zone_group_id":"272301008338","source_manage_no":"272301008337","facility_name":"아이별어린이집","sgg_code":"27230","facility_type_code":"1","api_first_registered_on":null,"api_last_modified_on":null,"updated_at":"2026-07-25T01:27:52.347112+00:00"},"geometry":{"type":"Point","coordinates":[128.586789362,35.879818449]}},{"type":"Feature","id":"740773f3576b25a9e416e81c664689c987b48c4b6cff6c93e87625572f22510c-1","properties":{"facility_id":"740773f3576b25a9e416e81c664689c987b48c4b6cff6c93e87625572f22510c","point_ordinal":1,"zone_group_id":"272301008417","source_manage_no":"272301008417","facility_name":"엘리트어린이집","sgg_code":"27230","facility_type_code":"1","api_first_registered_on":null,"api_last_modified_on":null,"updated_at":"2026-07-25T01:27:52.347112+00:00"},"geometry":{"type":"Point","coordinates":[128.546820251,35.915181123]}},{"type":"Feature","id":"9a4d518f9de64ffc7fbf3bd742055100bad9df12169826f73485e990bf9118ca-1","properties":{"facility_id":"9a4d518f9de64ffc7fbf3bd742055100bad9df12169826f73485e990bf9118ca","point_ordinal":1,"zone_group_id":"272301008356","source_manage_no":"272301008358","facility_name":"옥스포드유치원","sgg_code":"27230","facility_type_code":"1","api_first_registered_on":null,"api_last_modified_on":null,"updated_at":"2026-07-25T01:27:52.347112+00:00"},"geometry":{"type":"Point","coordinates":[128.573530495,35.948005285]}},{"type":"Feature","id":"e9c51c0f81d83b09ab370e274bbb2317720c5be00444a82fca9316d6296a3176-1","properties":{"facility_id":"e9c51c0f81d83b09ab370e274bbb2317720c5be00444a82fca9316d6296a3176","point_ordinal":1,"zone_group_id":"272301008364","source_manage_no":"272301008364","facility_name":"우주과학유치원","sgg_code":"27230","facility_type_code":"1","api_first_registered_on":null,"api_last_modified_on":null,"updated_at":"2026-07-25T01:27:52.347112+00:00"},"geometry":{"type":"Point","coordinates":[128.577977141,35.890058459]}},{"type":"Feature","id":"1bbe4632b4251b6bb67fd51ebe2291f076d543fe2deb23e9e3c29030e7c88ec0-1","properties":{"facility_id":"1bbe4632b4251b6bb67fd51ebe2291f076d543fe2deb23e9e3c29030e7c88ec0","point_ordinal":1,"zone_group_id":"272301008351","source_manage_no":"272301008351","facility_name":"칠곡한솔유치원","sgg_code":"27230","facility_type_code":"1","api_first_registered_on":null,"api_last_modified_on":null,"updated_at":"2026-07-25T01:27:52.347112+00:00"},"geometry":{"type":"Point","coordinates":[128.555029563,35.925792731]}},{"type":"Feature","id":"38af121397d9e023c19baf4d1f99db97cb9604514fad165a0d99c034724f2fd5-1","properties":{"facility_id":"38af121397d9e023c19baf4d1f99db97cb9604514fad165a0d99c034724f2fd5","point_ordinal":1,"zone_group_id":"272301008350","source_manage_no":"272301008352","facility_name":"칠곡혜성유치원","sgg_code":"27230","facility_type_code":"1","api_first_registered_on":null,"api_last_modified_on":null,"updated_at":"2026-07-25T01:27:52.347112+00:00"},"geometry":{"type":"Point","coordinates":[128.558946804,35.926957311]}},{"type":"Feature","id":"ed1d6b3d6cbd3fb3fee297ce748b339b0253251ed27132aa35881a319ae90624-1","properties":{"facility_id":"ed1d6b3d6cbd3fb3fee297ce748b339b0253251ed27132aa35881a319ae90624","point_ordinal":1,"zone_group_id":"272301008400","source_manage_no":"272301008400","facility_name":"칼라풀어린이집","sgg_code":"27230","facility_type_code":"1","api_first_registered_on":null,"api_last_modified_on":null,"updated_at":"2026-07-25T01:27:52.347112+00:00"},"geometry":{"type":"Point","coordinates":[128.625869039,35.892107322]}},{"type":"Feature","id":"ec1cfc904672b28cfb460d6c1e24e0b46c29b9fc25197e3968e362292ee6e2e8-1","properties":{"facility_id":"ec1cfc904672b28cfb460d6c1e24e0b46c29b9fc25197e3968e362292ee6e2e8","point_ordinal":1,"zone_group_id":"272301020418","source_manage_no":"272301008375","facility_name":"튼튼한어린이집","sgg_code":"27230","facility_type_code":"1","api_first_registered_on":null,"api_last_modified_on":null,"updated_at":"2026-07-25T01:27:52.347112+00:00"},"geometry":{"type":"Point","coordinates":[128.60107783,35.922863867]}},{"type":"Feature","id":"4af8c4055a89599217ae53c39b7ea8e048fb60e77998d0d84abb4202284717bc-1","properties":{"facility_id":"4af8c4055a89599217ae53c39b7ea8e048fb60e77998d0d84abb4202284717bc","point_ordinal":1,"zone_group_id":"272302008354","source_manage_no":"272302008354","facility_name":"함지노인복지관","sgg_code":"27230","facility_type_code":"2","api_first_registered_on":null,"api_last_modified_on":null,"updated_at":"2026-07-25T01:27:52.347112+00:00"},"geometry":{"type":"Point","coordinates":[128.570465975,35.942749556]}},{"type":"Feature","id":"f6fa26b3c2346fa1e3cebf207ed5accafa797e01f24b87ff99afd6f6994484a3-1","properties":{"facility_id":"f6fa26b3c2346fa1e3cebf207ed5accafa797e01f24b87ff99afd6f6994484a3","point_ordinal":1,"zone_group_id":"272301008360","source_manage_no":"272301008360","facility_name":"해와달어린이집","sgg_code":"27230","facility_type_code":"1","api_first_registered_on":null,"api_last_modified_on":null,"updated_at":"2026-07-25T01:27:52.347112+00:00"},"geometry":{"type":"Point","coordinates":[128.580994916,35.953888525]}},{"type":"Feature","id":"6dbfc3f85661f57d6adbb42179c4068701013bd18f192f00631f959226cf36ee-1","properties":{"facility_id":"6dbfc3f85661f57d6adbb42179c4068701013bd18f192f00631f959226cf36ee","point_ordinal":1,"zone_group_id":"272301008382","source_manage_no":"272301008382","facility_name":"환타랜드유치원","sgg_code":"27230","facility_type_code":"1","api_first_registered_on":null,"api_last_modified_on":null,"updated_at":"2026-07-25T01:27:52.347112+00:00"},"geometry":{"type":"Point","coordinates":[128.558263874,35.936429676]}},{"type":"Feature","id":"8e85868f094c35e0e26417e4a35721538f05a04cbdeefa10ea090c93d5338b6d-1","properties":{"facility_id":"8e85868f094c35e0e26417e4a35721538f05a04cbdeefa10ea090c93d5338b6d","point_ordinal":1,"zone_group_id":"272302008339","source_manage_no":"272302008339","facility_name":"강북노인복지회관","sgg_code":"27230","facility_type_code":"2","api_first_registered_on":null,"api_last_modified_on":null,"updated_at":"2026-07-25T01:27:52.347112+00:00"},"geometry":{"type":"Point","coordinates":[128.546544699,35.936325068]}},{"type":"Feature","id":"a973b18837f6004536242e29af3b9edd54f2f147cf6017ae67e809277333bbc1-1","properties":{"facility_id":"a973b18837f6004536242e29af3b9edd54f2f147cf6017ae67e809277333bbc1","point_ordinal":1,"zone_group_id":"272301008408","source_manage_no":"272301008405","facility_name":"나래영재어린이집","sgg_code":"27230","facility_type_code":"1","api_first_registered_on":null,"api_last_modified_on":null,"updated_at":"2026-07-25T01:27:52.347112+00:00"},"geometry":{"type":"Point","coordinates":[128.614320994,35.901374843]}},{"type":"Feature","id":"8c3666516c932b119922306018d765c65727ca87788aa8da201a0ae367d465be-1","properties":{"facility_id":"8c3666516c932b119922306018d765c65727ca87788aa8da201a0ae367d465be","point_ordinal":1,"zone_group_id":"272301008340","source_manage_no":"272301008340","facility_name":"대구관남초등학교","sgg_code":"27230","facility_type_code":"1","api_first_registered_on":null,"api_last_modified_on":null,"updated_at":"2026-07-25T01:27:52.347112+00:00"},"geometry":{"type":"Point","coordinates":[128.547820144,35.936368034]}},{"type":"Feature","id":"68c99f49794e7e9277deba7c800f2e4421d6e5b565d07ca9d516d14a64cd4abe-1","properties":{"facility_id":"68c99f49794e7e9277deba7c800f2e4421d6e5b565d07ca9d516d14a64cd4abe","point_ordinal":1,"zone_group_id":"272301008383","source_manage_no":"272301008383","facility_name":"대구관문초등학교","sgg_code":"27230","facility_type_code":"1","api_first_registered_on":null,"api_last_modified_on":null,"updated_at":"2026-07-25T01:27:52.347112+00:00"},"geometry":{"type":"Point","coordinates":[128.545335841,35.908495462]}},{"type":"Feature","id":"81ec360eae31e43176f1be2c35fa102fe00070a4f3a692b02b95d19d0ae41eff-1","properties":{"facility_id":"81ec360eae31e43176f1be2c35fa102fe00070a4f3a692b02b95d19d0ae41eff","point_ordinal":1,"zone_group_id":"272301008448","source_manage_no":"272301008448","facility_name":"대구관천초등학교","sgg_code":"27230","facility_type_code":"1","api_first_registered_on":null,"api_last_modified_on":null,"updated_at":"2026-07-25T01:27:52.347112+00:00"},"geometry":{"type":"Point","coordinates":[128.551459348,35.930737543]}},{"type":"Feature","id":"306a81d0ceb86beda9650a3b578839e5608008ac4bba2bccd68006e9b286ba15-1","properties":{"facility_id":"306a81d0ceb86beda9650a3b578839e5608008ac4bba2bccd68006e9b286ba15","point_ordinal":1,"zone_group_id":"272302028090","source_manage_no":"272302028090","facility_name":"도남실버복지센터","sgg_code":"27230","facility_type_code":"2","api_first_registered_on":null,"api_last_modified_on":null,"updated_at":"2026-07-25T01:27:52.347112+00:00"},"geometry":{"type":"Point","coordinates":[128.586053146,35.960869605]}},{"type":"Feature","id":"1d7ab2eb5d2dc82f06489c514cf0557e75798e30a6712e3bc29d3c309c681121-1","properties":{"facility_id":"1d7ab2eb5d2dc82f06489c514cf0557e75798e30a6712e3bc29d3c309c681121","point_ordinal":1,"zone_group_id":"272301008360","source_manage_no":"272301008357","facility_name":"라온제나어린이집","sgg_code":"27230","facility_type_code":"1","api_first_registered_on":null,"api_last_modified_on":null,"updated_at":"2026-07-25T01:27:52.347112+00:00"},"geometry":{"type":"Point","coordinates":[128.580120234,35.952354748]}},{"type":"Feature","id":"2024f4053c1ac2db64e10066a164d5396d8c6b2a3440a0d7ab565a8589eaac77-1","properties":{"facility_id":"2024f4053c1ac2db64e10066a164d5396d8c6b2a3440a0d7ab565a8589eaac77","point_ordinal":1,"zone_group_id":"272301008398","source_manage_no":"272301008398","facility_name":"세계제일어린이집","sgg_code":"27230","facility_type_code":"1","api_first_registered_on":null,"api_last_modified_on":null,"updated_at":"2026-07-25T01:27:52.347112+00:00"},"geometry":{"type":"Point","coordinates":[128.621344273,35.905943451]}},{"type":"Feature","id":"563ff7425fd36b15480d6b757f4cf8ecf34702603dd1f03e368ff4c06db61682-1","properties":{"facility_id":"563ff7425fd36b15480d6b757f4cf8ecf34702603dd1f03e368ff4c06db61682","point_ordinal":1,"zone_group_id":"272301008453","source_manage_no":"272301008453","facility_name":"웃는아이어린이집","sgg_code":"27230","facility_type_code":"1","api_first_registered_on":null,"api_last_modified_on":null,"updated_at":"2026-07-25T01:27:52.347112+00:00"},"geometry":{"type":"Point","coordinates":[128.551901653,35.91726439]}},{"type":"Feature","id":"c845de156c286db17f9b4258e2b8868cbe10f10e7dcc70ccbdf60e6ff3087ce3-1","properties":{"facility_id":"c845de156c286db17f9b4258e2b8868cbe10f10e7dcc70ccbdf60e6ff3087ce3","point_ordinal":1,"zone_group_id":"272301008350","source_manage_no":"272301008353","facility_name":"큰뫼생태어린이집","sgg_code":"27230","facility_type_code":"1","api_first_registered_on":null,"api_last_modified_on":null,"updated_at":"2026-07-25T01:27:52.347112+00:00"},"geometry":{"type":"Point","coordinates":[128.558512212,35.925121967]}},{"type":"Feature","id":"2949e98534a95335e346f27f9d7e649512894fa4108673a05403dfe649b4cb8e-1","properties":{"facility_id":"2949e98534a95335e346f27f9d7e649512894fa4108673a05403dfe649b4cb8e","point_ordinal":1,"zone_group_id":"272301008388","source_manage_no":"272301008388","facility_name":"환타랜드숲유치원","sgg_code":"27230","facility_type_code":"1","api_first_registered_on":null,"api_last_modified_on":null,"updated_at":"2026-07-25T01:27:52.347112+00:00"},"geometry":{"type":"Point","coordinates":[128.538933773,35.904512032]}},{"type":"Feature","id":"e930836b71094b709646d234b64a8a976766967cfa171a271849f07c26310953-1","properties":{"facility_id":"e930836b71094b709646d234b64a8a976766967cfa171a271849f07c26310953","point_ordinal":1,"zone_group_id":"272301008378","source_manage_no":"272301008379","facility_name":"아인슈타인어린이집","sgg_code":"27230","facility_type_code":"1","api_first_registered_on":null,"api_last_modified_on":null,"updated_at":"2026-07-25T01:27:52.347112+00:00"},"geometry":{"type":"Point","coordinates":[128.55693238,35.932177047]}},{"type":"Feature","id":"02b9a48adab83c77de19f2374a4b1e17b2bf0147d70e5527ca0108dd31e208e4-1","properties":{"facility_id":"02b9a48adab83c77de19f2374a4b1e17b2bf0147d70e5527ca0108dd31e208e4","point_ordinal":1,"zone_group_id":"272301008428","source_manage_no":"272301008428","facility_name":"움사랑생태어린이집","sgg_code":"27230","facility_type_code":"1","api_first_registered_on":null,"api_last_modified_on":null,"updated_at":"2026-07-25T01:27:52.347112+00:00"},"geometry":{"type":"Point","coordinates":[128.550306691,35.934261843]}},{"type":"Feature","id":"cfbb53ee821ea782e0bb5839f4311ee9fb7b2712301f83bceeb2ab46de5fb349-1","properties":{"facility_id":"cfbb53ee821ea782e0bb5839f4311ee9fb7b2712301f83bceeb2ab46de5fb349","point_ordinal":1,"zone_group_id":"272301019030","source_manage_no":"272301008450","facility_name":"대구과학대학부설유치원","sgg_code":"27230","facility_type_code":"1","api_first_registered_on":null,"api_last_modified_on":null,"updated_at":"2026-07-25T01:27:52.347112+00:00"},"geometry":{"type":"Point","coordinates":[128.542371385,35.927499069]}},{"type":"Feature","id":"89f0e1255196be98f6ba387f69b1886e7a3fad2d4c3a27e185ef9d0cc5066d0c-1","properties":{"facility_id":"89f0e1255196be98f6ba387f69b1886e7a3fad2d4c3a27e185ef9d0cc5066d0c","point_ordinal":1,"zone_group_id":"272301008383","source_manage_no":"272301028754","facility_name":"관문초등학교 병설유치원","sgg_code":"27230","facility_type_code":"1","api_first_registered_on":null,"api_last_modified_on":"2025-03-25","updated_at":"2026-07-25T01:27:52.347112+00:00"},"geometry":{"type":"Point","coordinates":[128.545331541,35.908463041]}},{"type":"Feature","id":"421adef33c58d862ec57235f0007bdf288211f5e3892624d6b4a10913171ee43-1","properties":{"facility_id":"421adef33c58d862ec57235f0007bdf288211f5e3892624d6b4a10913171ee43","point_ordinal":1,"zone_group_id":"272301028083","source_manage_no":"272301028777","facility_name":"국우초등학교 병설유치원","sgg_code":"27230","facility_type_code":"1","api_first_registered_on":null,"api_last_modified_on":"2025-03-25","updated_at":"2026-07-25T01:27:52.347112+00:00"},"geometry":{"type":"Point","coordinates":[128.586119442,35.955610176]}},{"type":"Feature","id":"fe16fcd2df810c22a89359caa5376550728acca47d9f7e45e3fccddd03f9de11-1","properties":{"facility_id":"fe16fcd2df810c22a89359caa5376550728acca47d9f7e45e3fccddd03f9de11","point_ordinal":1,"zone_group_id":"272301008406","source_manage_no":"272301028755","facility_name":"대산초등학교 병설유치원","sgg_code":"27230","facility_type_code":"1","api_first_registered_on":null,"api_last_modified_on":"2025-03-25","updated_at":"2026-07-25T01:27:52.347112+00:00"},"geometry":{"type":"Point","coordinates":[128.594133176,35.896913183]}},{"type":"Feature","id":"7456018798daf45aa555cbc804179e6865267978facd566cba30cc8a5ddc7d3a-1","properties":{"facility_id":"7456018798daf45aa555cbc804179e6865267978facd566cba30cc8a5ddc7d3a","point_ordinal":1,"zone_group_id":"272301008376","source_manage_no":"272301028758","facility_name":"동평초등학교 병설유치원","sgg_code":"27230","facility_type_code":"1","api_first_registered_on":null,"api_last_modified_on":"2025-03-25","updated_at":"2026-07-25T01:27:52.347112+00:00"},"geometry":{"type":"Point","coordinates":[128.560128478,35.93887039]}},{"type":"Feature","id":"361890d8d55f1af0b369f93e65cd85fb4d2a2d1da5092bd62fdc232d848175d5-1","properties":{"facility_id":"361890d8d55f1af0b369f93e65cd85fb4d2a2d1da5092bd62fdc232d848175d5","point_ordinal":1,"zone_group_id":"272301008395","source_manage_no":"272301028759","facility_name":"문성초등학교 병설유치원","sgg_code":"27230","facility_type_code":"1","api_first_registered_on":null,"api_last_modified_on":"2025-03-25","updated_at":"2026-07-25T01:27:52.347112+00:00"},"geometry":{"type":"Point","coordinates":[128.619382726,35.905320046]}},{"type":"Feature","id":"1e9aa731c24ff3ff100a9ee632623cfc54fe60213de6abc2f4ed7d61fed5597f-1","properties":{"facility_id":"1e9aa731c24ff3ff100a9ee632623cfc54fe60213de6abc2f4ed7d61fed5597f","point_ordinal":1,"zone_group_id":"272301008409","source_manage_no":"272301028761","facility_name":"산격초등학교 병설유치원","sgg_code":"27230","facility_type_code":"1","api_first_registered_on":null,"api_last_modified_on":"2025-03-25","updated_at":"2026-07-25T01:27:52.347112+00:00"},"geometry":{"type":"Point","coordinates":[128.606943644,35.894905324]}},{"type":"Feature","id":"b2e7c02dd31ed88618791622a7077a65a5cab2da7fedd8e57b0e5ac25b88f33e-1","properties":{"facility_id":"b2e7c02dd31ed88618791622a7077a65a5cab2da7fedd8e57b0e5ac25b88f33e","point_ordinal":1,"zone_group_id":"272301008415","source_manage_no":"272301028775","facility_name":"서변초등학교 병설유치원","sgg_code":"27230","facility_type_code":"1","api_first_registered_on":null,"api_last_modified_on":"2025-03-25","updated_at":"2026-07-25T01:27:52.347112+00:00"},"geometry":{"type":"Point","coordinates":[128.594984402,35.921060353]}},{"type":"Feature","id":"db1dc80844d08a14b7c85d36f2e530a006aa58f750748312e34cac3ddb12c8bc-1","properties":{"facility_id":"db1dc80844d08a14b7c85d36f2e530a006aa58f750748312e34cac3ddb12c8bc","point_ordinal":1,"zone_group_id":"272301008369","source_manage_no":"272301028764","facility_name":"신암초등학교 병설유치원","sgg_code":"27230","facility_type_code":"1","api_first_registered_on":null,"api_last_modified_on":"2025-03-25","updated_at":"2026-07-25T01:27:52.347112+00:00"},"geometry":{"type":"Point","coordinates":[128.612640637,35.883251575]}},{"type":"Feature","id":"4a83f5d63b36646c5e13a15558a9bb0d3528fd3635dd9b026889d188feeaa994-1","properties":{"facility_id":"4a83f5d63b36646c5e13a15558a9bb0d3528fd3635dd9b026889d188feeaa994","point_ordinal":1,"zone_group_id":"272301008454","source_manage_no":"272301028770","facility_name":"태암초등학교 병설유치원","sgg_code":"27230","facility_type_code":"1","api_first_registered_on":null,"api_last_modified_on":"2025-03-25","updated_at":"2026-07-25T01:27:52.347112+00:00"},"geometry":{"type":"Point","coordinates":[128.54975884,35.923607902]}},{"type":"Feature","id":"39325d0d926d0629d05acc4423c87dbe9e6cec953165854abd49461ec194ead8-1","properties":{"facility_id":"39325d0d926d0629d05acc4423c87dbe9e6cec953165854abd49461ec194ead8","point_ordinal":1,"zone_group_id":"272301008359","source_manage_no":"272301028771","facility_name":"학남초등학교 병설유치원","sgg_code":"27230","facility_type_code":"1","api_first_registered_on":null,"api_last_modified_on":"2025-03-25","updated_at":"2026-07-25T01:27:52.347112+00:00"},"geometry":{"type":"Point","coordinates":[128.566896123,35.945933709]}},{"type":"Feature","id":"400b501a2d0e9c7f8c7f3138f9754e554b9095a07aa88bfb19acbf3bebabeb0b-1","properties":{"facility_id":"400b501a2d0e9c7f8c7f3138f9754e554b9095a07aa88bfb19acbf3bebabeb0b","point_ordinal":1,"zone_group_id":"272301008466","source_manage_no":"272301028772","facility_name":"학정초등학교 병설유치원","sgg_code":"27230","facility_type_code":"1","api_first_registered_on":null,"api_last_modified_on":"2025-03-25","updated_at":"2026-07-25T01:27:52.347112+00:00"},"geometry":{"type":"Point","coordinates":[128.568386489,35.948208408]}},{"type":"Feature","id":"17aabfe40d1c8b3584867cd4e9b535ebd5601c7a425f40d5b07bea2b9a68e571-1","properties":{"facility_id":"17aabfe40d1c8b3584867cd4e9b535ebd5601c7a425f40d5b07bea2b9a68e571","point_ordinal":1,"zone_group_id":"272302008410","source_manage_no":"272302008410","facility_name":"산격1동 경로당","sgg_code":"27230","facility_type_code":"2","api_first_registered_on":null,"api_last_modified_on":null,"updated_at":"2026-07-25T01:27:52.347112+00:00"},"geometry":{"type":"Point","coordinates":[128.594916568,35.892402533]}},{"type":"Feature","id":"54fede38ae983c1564903ba19e66495e8091ef04cf6cb043adab7208ab64198d-1","properties":{"facility_id":"54fede38ae983c1564903ba19e66495e8091ef04cf6cb043adab7208ab64198d","point_ordinal":1,"zone_group_id":"272302008362","source_manage_no":"272302008362","facility_name":"노원1,2가 경로당","sgg_code":"27230","facility_type_code":"2","api_first_registered_on":null,"api_last_modified_on":null,"updated_at":"2026-07-25T01:27:52.347112+00:00"},"geometry":{"type":"Point","coordinates":[128.574621487,35.892621919]}},{"type":"Feature","id":"e2f017b2663dcbf49cbc3efd60f31f2f2c77a6f6127b4c65632a90be454b673b-1","properties":{"facility_id":"e2f017b2663dcbf49cbc3efd60f31f2f2c77a6f6127b4c65632a90be454b673b","point_ordinal":1,"zone_group_id":"272301028085","source_manage_no":"272301028085","facility_name":"i숲담은어린이집","sgg_code":"27230","facility_type_code":"1","api_first_registered_on":null,"api_last_modified_on":null,"updated_at":"2026-07-25T01:27:52.347112+00:00"},"geometry":{"type":"Point","coordinates":[128.581529601,35.89221441]}},{"type":"Feature","id":"3868adc19834de2160d6dd1cef6cda2159d234eb1147e1ae29cbadb5f4772391-1","properties":{"facility_id":"3868adc19834de2160d6dd1cef6cda2159d234eb1147e1ae29cbadb5f4772391","point_ordinal":1,"zone_group_id":"272301008445","source_manage_no":"272301008445","facility_name":"침산ing유치원","sgg_code":"27230","facility_type_code":"1","api_first_registered_on":null,"api_last_modified_on":null,"updated_at":"2026-07-25T01:27:52.347112+00:00"},"geometry":{"type":"Point","coordinates":[128.596188056,35.888189669]}},{"type":"Feature","id":"b2d9c8f6731aeb1d32e98163ad5ef3bbabe21b32984499213331bafd66dad836-1","properties":{"facility_id":"b2d9c8f6731aeb1d32e98163ad5ef3bbabe21b32984499213331bafd66dad836","point_ordinal":1,"zone_group_id":"272601008515","source_manage_no":"272601008515","facility_name":"김샘학원","sgg_code":"27260","facility_type_code":"1","api_first_registered_on":null,"api_last_modified_on":null,"updated_at":"2026-07-25T01:27:52.347112+00:00"},"geometry":{"type":"Point","coordinates":[128.650084304,35.857271888]}},{"type":"Feature","id":"02f3ff2dcbcfe14736aea209f98e61775cf275bf9d87a48add142f4f12731b52-1","properties":{"facility_id":"02f3ff2dcbcfe14736aea209f98e61775cf275bf9d87a48add142f4f12731b52","point_ordinal":1,"zone_group_id":"272602025841","source_manage_no":"272602025841","facility_name":"화랑공원","sgg_code":"27260","facility_type_code":"2","api_first_registered_on":"2019-06-07","api_last_modified_on":null,"updated_at":"2026-07-25T01:27:52.347112+00:00"},"geometry":{"type":"Point","coordinates":[128.640482058,35.871770322]}},{"type":"Feature","id":"a6411369fc686a90fa2dcf7b0c16d3e03afe972407b06eb95144da3adcb5e4ad-1","properties":{"facility_id":"a6411369fc686a90fa2dcf7b0c16d3e03afe972407b06eb95144da3adcb5e4ad","point_ordinal":1,"zone_group_id":"272601008535","source_manage_no":"272601008589","facility_name":"단비유치원","sgg_code":"27260","facility_type_code":"1","api_first_registered_on":null,"api_last_modified_on":null,"updated_at":"2026-07-25T01:27:52.347112+00:00"},"geometry":{"type":"Point","coordinates":[128.705782832,35.834867329]}},{"type":"Feature","id":"273ea83eeb630fea0387f05b9235797150c02d76ff1ed2222e8bfe7d9fafff50-1","properties":{"facility_id":"273ea83eeb630fea0387f05b9235797150c02d76ff1ed2222e8bfe7d9fafff50","point_ordinal":1,"zone_group_id":"272602008623","source_manage_no":"272602008623","facility_name":"덕화경로당","sgg_code":"27260","facility_type_code":"2","api_first_registered_on":null,"api_last_modified_on":null,"updated_at":"2026-07-25T01:27:52.347112+00:00"},"geometry":{"type":"Point","coordinates":[128.615441029,35.832246335]}},{"type":"Feature","id":"18421ab94346c401c6cc1fc4f132f705c8a0e19f2b633cc551975d017aa38197-1","properties":{"facility_id":"18421ab94346c401c6cc1fc4f132f705c8a0e19f2b633cc551975d017aa38197","point_ordinal":1,"zone_group_id":"272601008549","source_manage_no":"272601008549","facility_name":"동신유치원","sgg_code":"27260","facility_type_code":"1","api_first_registered_on":"2008-09-25","api_last_modified_on":null,"updated_at":"2026-07-25T01:27:52.347112+00:00"},"geometry":{"type":"Point","coordinates":[128.650761225,35.854400036]}},{"type":"Feature","id":"ab9233afd994d3e234f740712022b9e475e2af6af4b73a4ff4b9b46eefc02c27-1","properties":{"facility_id":"ab9233afd994d3e234f740712022b9e475e2af6af4b73a4ff4b9b46eefc02c27","point_ordinal":1,"zone_group_id":"272601008532","source_manage_no":"272601008532","facility_name":"동영유치원","sgg_code":"27260","facility_type_code":"1","api_first_registered_on":null,"api_last_modified_on":null,"updated_at":"2026-07-25T01:27:52.347112+00:00"},"geometry":{"type":"Point","coordinates":[128.6091127,35.822624453]}},{"type":"Feature","id":"cd5708acacac51b64fdd481b26206dfa3dd23112b78d2f1a33ff34e0b272eff3-1","properties":{"facility_id":"cd5708acacac51b64fdd481b26206dfa3dd23112b78d2f1a33ff34e0b272eff3","point_ordinal":1,"zone_group_id":"272602008617","source_manage_no":"272602008617","facility_name":"두산경로당","sgg_code":"27260","facility_type_code":"2","api_first_registered_on":null,"api_last_modified_on":null,"updated_at":"2026-07-25T01:27:52.347112+00:00"},"geometry":{"type":"Point","coordinates":[128.619574605,35.834157921]}},{"type":"Feature","id":"ad3601129f71674905ef24763d55d7ded97f6ed4cde69298c50c2a9485b75735-1","properties":{"facility_id":"ad3601129f71674905ef24763d55d7ded97f6ed4cde69298c50c2a9485b75735","point_ordinal":1,"zone_group_id":"272601008600","source_manage_no":"272601008599","facility_name":"리리유치원","sgg_code":"27260","facility_type_code":"1","api_first_registered_on":null,"api_last_modified_on":null,"updated_at":"2026-07-25T01:27:52.347112+00:00"},"geometry":{"type":"Point","coordinates":[128.608890394,35.840100971]}},{"type":"Feature","id":"cada927ba03283eb8645f189054694f688295b53c5bfc1442ef9c442b11f02d6-1","properties":{"facility_id":"cada927ba03283eb8645f189054694f688295b53c5bfc1442ef9c442b11f02d6","point_ordinal":1,"zone_group_id":"272601008525","source_manage_no":"272601008525","facility_name":"범어유치원","sgg_code":"27260","facility_type_code":"1","api_first_registered_on":null,"api_last_modified_on":null,"updated_at":"2026-07-25T01:27:52.347112+00:00"},"geometry":{"type":"Point","coordinates":[128.634085703,35.863044948]}},{"type":"Feature","id":"4d825531dfa2c715537e81245ac88222d8beaa24b5218cf892d1235a66c343dc-1","properties":{"facility_id":"4d825531dfa2c715537e81245ac88222d8beaa24b5218cf892d1235a66c343dc","point_ordinal":1,"zone_group_id":"272601008517","source_manage_no":"272601008517","facility_name":"보노유치원","sgg_code":"27260","facility_type_code":"1","api_first_registered_on":null,"api_last_modified_on":null,"updated_at":"2026-07-25T01:27:52.347112+00:00"},"geometry":{"type":"Point","coordinates":[128.635040917,35.867895329]}},{"type":"Feature","id":"cbe66b2397e5b4ca6d228343a090e978f84ee7c9e5cfbab3e3a7ef3bfafc3162-1","properties":{"facility_id":"cbe66b2397e5b4ca6d228343a090e978f84ee7c9e5cfbab3e3a7ef3bfafc3162","point_ordinal":1,"zone_group_id":"272601008521","source_manage_no":"272601008521","facility_name":"삼덕유치원","sgg_code":"27260","facility_type_code":"1","api_first_registered_on":null,"api_last_modified_on":null,"updated_at":"2026-07-25T01:27:52.347112+00:00"},"geometry":{"type":"Point","coordinates":[128.644146548,35.814611562]}},{"type":"Feature","id":"ae93cf6c3cc26242a5cd925293c911d3968925a784e6992c6380947ccc74afaa-1","properties":{"facility_id":"ae93cf6c3cc26242a5cd925293c911d3968925a784e6992c6380947ccc74afaa","point_ordinal":1,"zone_group_id":"272602008626","source_manage_no":"272602008626","facility_name":"성동경로당","sgg_code":"27260","facility_type_code":"2","api_first_registered_on":null,"api_last_modified_on":null,"updated_at":"2026-07-25T01:27:52.347112+00:00"},"geometry":{"type":"Point","coordinates":[128.721106491,35.848632573]}},{"type":"Feature","id":"ee5b3b91b292f5a8522cac97563e9f0d20224f74fb0e340ecbd5b82174f7e224-1","properties":{"facility_id":"ee5b3b91b292f5a8522cac97563e9f0d20224f74fb0e340ecbd5b82174f7e224","point_ordinal":1,"zone_group_id":"272601008528","source_manage_no":"272601008528","facility_name":"수성유치원","sgg_code":"27260","facility_type_code":"1","api_first_registered_on":null,"api_last_modified_on":null,"updated_at":"2026-07-25T01:27:52.347112+00:00"},"geometry":{"type":"Point","coordinates":[128.616023517,35.864773806]}},{"type":"Feature","id":"16c977cd9400f30ebdd971d7871f203b32ccd0a01bcd010708e5e9cdcf358e2e-1","properties":{"facility_id":"16c977cd9400f30ebdd971d7871f203b32ccd0a01bcd010708e5e9cdcf358e2e","point_ordinal":1,"zone_group_id":"272602008628","source_manage_no":"272602008628","facility_name":"시지경로당","sgg_code":"27260","facility_type_code":"2","api_first_registered_on":null,"api_last_modified_on":null,"updated_at":"2026-07-25T01:27:52.347112+00:00"},"geometry":{"type":"Point","coordinates":[128.696587201,35.843298644]}},{"type":"Feature","id":"315bcc7eec42c64ac05ae0ccb19bc6a09938652721e71b3e5c9dc75a0114e341-1","properties":{"facility_id":"315bcc7eec42c64ac05ae0ccb19bc6a09938652721e71b3e5c9dc75a0114e341","point_ordinal":1,"zone_group_id":"272601008573","source_manage_no":"272601008573","facility_name":"예나유치원","sgg_code":"27260","facility_type_code":"1","api_first_registered_on":null,"api_last_modified_on":null,"updated_at":"2026-07-25T01:27:52.347112+00:00"},"geometry":{"type":"Point","coordinates":[128.717078252,35.840362943]}},{"type":"Feature","id":"8a5441003f671a5abd4870c219c260bf8828d378636937978b37da9bfbc214c1-1","properties":{"facility_id":"8a5441003f671a5abd4870c219c260bf8828d378636937978b37da9bfbc214c1","point_ordinal":1,"zone_group_id":"272602008630","source_manage_no":"272602008630","facility_name":"욱수경로당","sgg_code":"27260","facility_type_code":"2","api_first_registered_on":null,"api_last_modified_on":null,"updated_at":"2026-07-25T01:27:52.347112+00:00"},"geometry":{"type":"Point","coordinates":[128.709765857,35.829965752]}},{"type":"Feature","id":"69e9032b4b0cf37b6b02fc11f9192a2aa194f79037e31164bc1725ac8fbf9823-1","properties":{"facility_id":"69e9032b4b0cf37b6b02fc11f9192a2aa194f79037e31164bc1725ac8fbf9823","point_ordinal":1,"zone_group_id":"272601008533","source_manage_no":"272601008533","facility_name":"이바유치원","sgg_code":"27260","facility_type_code":"1","api_first_registered_on":null,"api_last_modified_on":null,"updated_at":"2026-07-25T01:27:52.347112+00:00"},"geometry":{"type":"Point","coordinates":[128.615669035,35.821450303]}},{"type":"Feature","id":"f1866b176e48317002622045e43bbd252ecfc1faa1a6bab54f6337fe15aeec94-1","properties":{"facility_id":"f1866b176e48317002622045e43bbd252ecfc1faa1a6bab54f6337fe15aeec94","point_ordinal":1,"zone_group_id":"272602020493","source_manage_no":"272602020493","facility_name":"이천경로당","sgg_code":"27260","facility_type_code":"2","api_first_registered_on":null,"api_last_modified_on":null,"updated_at":"2026-07-25T01:27:52.347112+00:00"},"geometry":{"type":"Point","coordinates":[128.655056296,35.838332527]}},{"type":"Feature","id":"c4cc3a778cae44814e3f2a40c0acca320aedfb77b7b071a0fbdf577bfe75b0bb-1","properties":{"facility_id":"c4cc3a778cae44814e3f2a40c0acca320aedfb77b7b071a0fbdf577bfe75b0bb","point_ordinal":1,"zone_group_id":"272603025945","source_manage_no":"272603025945","facility_name":"인제요양원","sgg_code":"27260","facility_type_code":"3","api_first_registered_on":"2017-10-17","api_last_modified_on":null,"updated_at":"2026-07-25T01:27:52.347112+00:00"},"geometry":{"type":"Point","coordinates":[128.611509103,35.861944822]}},{"type":"Feature","id":"757d92c020025a80ffe67d3dd883154c0e276d8936edb272c03a3c97396b6b72-1","properties":{"facility_id":"757d92c020025a80ffe67d3dd883154c0e276d8936edb272c03a3c97396b6b72","point_ordinal":1,"zone_group_id":"272601008592","source_manage_no":"272601008594","facility_name":"천사유치원","sgg_code":"27260","facility_type_code":"1","api_first_registered_on":null,"api_last_modified_on":null,"updated_at":"2026-07-25T01:27:52.347112+00:00"},"geometry":{"type":"Point","coordinates":[128.706859563,35.838706162]}},{"type":"Feature","id":"047ecf212cd1b4975f6496feff78eade2de9a203c7acebd31d5a8b1f2cbaa89a-1","properties":{"facility_id":"047ecf212cd1b4975f6496feff78eade2de9a203c7acebd31d5a8b1f2cbaa89a","point_ordinal":1,"zone_group_id":"272601025322","source_manage_no":"272601025322","facility_name":"청수유치원","sgg_code":"27260","facility_type_code":"1","api_first_registered_on":null,"api_last_modified_on":null,"updated_at":"2026-07-25T01:27:52.347112+00:00"},"geometry":{"type":"Point","coordinates":[128.6382049,35.856905791]}},{"type":"Feature","id":"437fcfd47f2730e3cbb1d3d9588405f94dc70a4110a5bc9124a283b13bcaa0dc-1","properties":{"facility_id":"437fcfd47f2730e3cbb1d3d9588405f94dc70a4110a5bc9124a283b13bcaa0dc","point_ordinal":1,"zone_group_id":"272601008537","source_manage_no":"272601008537","facility_name":"하늘유치원","sgg_code":"27260","facility_type_code":"1","api_first_registered_on":null,"api_last_modified_on":null,"updated_at":"2026-07-25T01:27:52.347112+00:00"},"geometry":{"type":"Point","coordinates":[128.69985387,35.840372074]}},{"type":"Feature","id":"c0e7e0b10652812e8f259a203bc42e6cdd9cdb1d5367bc7288b7e39088e49878-1","properties":{"facility_id":"c0e7e0b10652812e8f259a203bc42e6cdd9cdb1d5367bc7288b7e39088e49878","point_ordinal":1,"zone_group_id":"272602008625","source_manage_no":"272602008625","facility_name":"화성양로원","sgg_code":"27260","facility_type_code":"2","api_first_registered_on":null,"api_last_modified_on":null,"updated_at":"2026-07-25T01:27:52.347112+00:00"},"geometry":{"type":"Point","coordinates":[128.607004309,35.831860019]}},{"type":"Feature","id":"2a35cef1f8d83d3a0fe0695b1c869d0aa151f44225857d72886e1562e330b3b8-1","properties":{"facility_id":"2a35cef1f8d83d3a0fe0695b1c869d0aa151f44225857d72886e1562e330b3b8","point_ordinal":1,"zone_group_id":"272601008568","source_manage_no":"272601008568","facility_name":"경동초등학교","sgg_code":"27260","facility_type_code":"1","api_first_registered_on":null,"api_last_modified_on":null,"updated_at":"2026-07-25T01:27:52.347112+00:00"},"geometry":{"type":"Point","coordinates":[128.638724384,35.852840493]}},{"type":"Feature","id":"915cab17d1ee759ba1cedb15fb97251fcbf64f38f64a87d26acdc35a96399e8a-1","properties":{"facility_id":"915cab17d1ee759ba1cedb15fb97251fcbf64f38f64a87d26acdc35a96399e8a","point_ordinal":1,"zone_group_id":"272601008565","source_manage_no":"272601008565","facility_name":"계성어린이집","sgg_code":"27260","facility_type_code":"1","api_first_registered_on":null,"api_last_modified_on":null,"updated_at":"2026-07-25T01:27:52.347112+00:00"},"geometry":{"type":"Point","coordinates":[128.635442527,35.863437833]}},{"type":"Feature","id":"3f88f56756570018a1ebc1b43ebb2194f6f2dba67036e407a39cd2c267f9865a-1","properties":{"facility_id":"3f88f56756570018a1ebc1b43ebb2194f6f2dba67036e407a39cd2c267f9865a","point_ordinal":1,"zone_group_id":"272601008586","source_manage_no":"272601008586","facility_name":"고산초등학교","sgg_code":"27260","facility_type_code":"1","api_first_registered_on":null,"api_last_modified_on":null,"updated_at":"2026-07-25T01:27:52.347112+00:00"},"geometry":{"type":"Point","coordinates":[128.692665602,35.843175354]}},{"type":"Feature","id":"6af3ca71733023a4eed65aa14f5150cb2e450c7130cfe10f190a2d516e9bf64c-1","properties":{"facility_id":"6af3ca71733023a4eed65aa14f5150cb2e450c7130cfe10f190a2d516e9bf64c","point_ordinal":1,"zone_group_id":"272601008536","source_manage_no":"272601008536","facility_name":"고운어린이집","sgg_code":"27260","facility_type_code":"1","api_first_registered_on":null,"api_last_modified_on":null,"updated_at":"2026-07-25T01:27:52.347112+00:00"},"geometry":{"type":"Point","coordinates":[128.698407885,35.835518101]}},{"type":"Feature","id":"2cd9dfb50adc4fc6103c352938bbc75e0ee0082b4cf97e5d615c0b4c4559e410-1","properties":{"facility_id":"2cd9dfb50adc4fc6103c352938bbc75e0ee0082b4cf97e5d615c0b4c4559e410","point_ordinal":1,"zone_group_id":"272601008584","source_manage_no":"272601008584","facility_name":"금강어린이집","sgg_code":"27260","facility_type_code":"1","api_first_registered_on":null,"api_last_modified_on":null,"updated_at":"2026-07-25T01:27:52.347112+00:00"},"geometry":{"type":"Point","coordinates":[128.612372382,35.857126366]}},{"type":"Feature","id":"d8b518b8bb8f891355e20c4ef759b267899a9b8488edf77bb58b8bcab6749109-1","properties":{"facility_id":"d8b518b8bb8f891355e20c4ef759b267899a9b8488edf77bb58b8bcab6749109","point_ordinal":1,"zone_group_id":"272601008587","source_manage_no":"272601008587","facility_name":"노변초등학교","sgg_code":"27260","facility_type_code":"1","api_first_registered_on":null,"api_last_modified_on":null,"updated_at":"2026-07-25T01:27:52.347112+00:00"},"geometry":{"type":"Point","coordinates":[128.698082651,35.837450675]}},{"type":"Feature","id":"cdead7bc61fb185393098cf679a3f1348f311f1a9c4ec9ae6c3159da3a04fa95-1","properties":{"facility_id":"cdead7bc61fb185393098cf679a3f1348f311f1a9c4ec9ae6c3159da3a04fa95","point_ordinal":1,"zone_group_id":"272601008601","source_manage_no":"272601008601","facility_name":"대구남양학교","sgg_code":"27260","facility_type_code":"1","api_first_registered_on":null,"api_last_modified_on":null,"updated_at":"2026-07-25T01:27:52.347112+00:00"},"geometry":{"type":"Point","coordinates":[128.629357285,35.83283303]}},{"type":"Feature","id":"c4fe29bb0a62d5abffdad46275bec51d4dba08e4e7ace674a2a1af1b9e6b797e-1","properties":{"facility_id":"c4fe29bb0a62d5abffdad46275bec51d4dba08e4e7ace674a2a1af1b9e6b797e","point_ordinal":1,"zone_group_id":"272601008548","source_manage_no":"272601008548","facility_name":"대청초등학교","sgg_code":"27260","facility_type_code":"1","api_first_registered_on":null,"api_last_modified_on":null,"updated_at":"2026-07-25T01:27:52.347112+00:00"},"geometry":{"type":"Point","coordinates":[128.649689949,35.850689521]}},{"type":"Feature","id":"67d6490106b4c21fb321f285faebc1724fabf84c81c6c63475b47745ac81c025-1","properties":{"facility_id":"67d6490106b4c21fb321f285faebc1724fabf84c81c6c63475b47745ac81c025","point_ordinal":1,"zone_group_id":"272601008570","source_manage_no":"272601008570","facility_name":"덕일어린이집","sgg_code":"27260","facility_type_code":"1","api_first_registered_on":null,"api_last_modified_on":null,"updated_at":"2026-07-25T01:27:52.347112+00:00"},"geometry":{"type":"Point","coordinates":[128.643430492,35.855897161]}},{"type":"Feature","id":"b62c447fa525b741f931f3efcc89155977b80e91f51cd9a2d16c35fb5f8800e3-1","properties":{"facility_id":"b62c447fa525b741f931f3efcc89155977b80e91f51cd9a2d16c35fb5f8800e3","point_ordinal":1,"zone_group_id":"272601008572","source_manage_no":"272601008572","facility_name":"동도초등학교","sgg_code":"27260","facility_type_code":"1","api_first_registered_on":null,"api_last_modified_on":null,"updated_at":"2026-07-25T01:27:52.347112+00:00"},"geometry":{"type":"Point","coordinates":[128.62449689,35.856175041]}},{"type":"Feature","id":"80cfde3c8c481e53db649279305945f78505ca0dcba04685acca2b3aefa4afa0-1","properties":{"facility_id":"80cfde3c8c481e53db649279305945f78505ca0dcba04685acca2b3aefa4afa0","point_ordinal":1,"zone_group_id":"272601008542","source_manage_no":"272601008542","facility_name":"동문초등학교","sgg_code":"27260","facility_type_code":"1","api_first_registered_on":null,"api_last_modified_on":null,"updated_at":"2026-07-25T01:27:52.347112+00:00"},"geometry":{"type":"Point","coordinates":[128.651295558,35.874421171]}},{"type":"Feature","id":"5a3bf47521a1ac71529e144c13d892a5fa198e2734f89c913482f77cdbc3afbe-1","properties":{"facility_id":"5a3bf47521a1ac71529e144c13d892a5fa198e2734f89c913482f77cdbc3afbe","point_ordinal":1,"zone_group_id":"272601008531","source_manage_no":"272601008531","facility_name":"동산어린이집","sgg_code":"27260","facility_type_code":"1","api_first_registered_on":null,"api_last_modified_on":null,"updated_at":"2026-07-25T01:27:52.347112+00:00"},"geometry":{"type":"Point","coordinates":[128.710228343,35.832334345]}},{"type":"Feature","id":"17a1cd48aa7a8298e80fb40a791e1c8327209b72668202c45a96b49fe6a12e72-1","properties":{"facility_id":"17a1cd48aa7a8298e80fb40a791e1c8327209b72668202c45a96b49fe6a12e72","point_ordinal":1,"zone_group_id":"272601008562","source_manage_no":"272601008562","facility_name":"동산초등학교","sgg_code":"27260","facility_type_code":"1","api_first_registered_on":null,"api_last_modified_on":null,"updated_at":"2026-07-25T01:27:52.347112+00:00"},"geometry":{"type":"Point","coordinates":[128.62788875,35.848570131]}},{"type":"Feature","id":"774e717fd21e7d9854e7c21e9e9e552cfbd926e58d547f675e997c26f5d0727a-1","properties":{"facility_id":"774e717fd21e7d9854e7c21e9e9e552cfbd926e58d547f675e997c26f5d0727a","point_ordinal":1,"zone_group_id":"272601008577","source_manage_no":"272601008577","facility_name":"동성초등학교","sgg_code":"27260","facility_type_code":"1","api_first_registered_on":null,"api_last_modified_on":null,"updated_at":"2026-07-25T01:27:52.347112+00:00"},"geometry":{"type":"Point","coordinates":[128.613187546,35.852061051]}},{"type":"Feature","id":"31508e94c2946f8e138c20e0f62a64ca8babde594fe50f22abf2d8d21febe137-1","properties":{"facility_id":"31508e94c2946f8e138c20e0f62a64ca8babde594fe50f22abf2d8d21febe137","point_ordinal":1,"zone_group_id":"272601008544","source_manage_no":"272601008544","facility_name":"동원초등학교","sgg_code":"27260","facility_type_code":"1","api_first_registered_on":null,"api_last_modified_on":null,"updated_at":"2026-07-25T01:27:52.347112+00:00"},"geometry":{"type":"Point","coordinates":[128.639707949,35.86584968]}},{"type":"Feature","id":"373c0826e083e9e905fd7629969ec4527e0a834902f4f8a5dd2a130ef4874b0a-1","properties":{"facility_id":"373c0826e083e9e905fd7629969ec4527e0a834902f4f8a5dd2a130ef4874b0a","point_ordinal":1,"zone_group_id":"272601008580","source_manage_no":"272601008580","facility_name":"동일초등학교","sgg_code":"27260","facility_type_code":"1","api_first_registered_on":"1996-05-28","api_last_modified_on":null,"updated_at":"2026-07-25T01:27:52.347112+00:00"},"geometry":{"type":"Point","coordinates":[128.617245717,35.857946644]}},{"type":"Feature","id":"3eaecf457606dfc2f11d714e6dcf2e2e60d58eebb5ff5bc132df23e513ef1532-1","properties":{"facility_id":"3eaecf457606dfc2f11d714e6dcf2e2e60d58eebb5ff5bc132df23e513ef1532","point_ordinal":1,"zone_group_id":"272601008567","source_manage_no":"272601008567","facility_name":"동천초등학교","sgg_code":"27260","facility_type_code":"1","api_first_registered_on":null,"api_last_modified_on":null,"updated_at":"2026-07-25T01:27:52.347112+00:00"},"geometry":{"type":"Point","coordinates":[128.624970098,35.866150883]}},{"type":"Feature","id":"93f119d8c2ede1212c4e724e43d53d265fdabd9612eb766ba623708ed3182c84-1","properties":{"facility_id":"93f119d8c2ede1212c4e724e43d53d265fdabd9612eb766ba623708ed3182c84","point_ordinal":1,"zone_group_id":"272601008608","source_manage_no":"272601008608","facility_name":"두산초등학교","sgg_code":"27260","facility_type_code":"1","api_first_registered_on":null,"api_last_modified_on":null,"updated_at":"2026-07-25T01:27:52.347112+00:00"},"geometry":{"type":"Point","coordinates":[128.625376751,35.832230311]}},{"type":"Feature","id":"5d03710db86216cd9d57691a8ee9082f35f506776c058952025a74431151eb7d-1","properties":{"facility_id":"5d03710db86216cd9d57691a8ee9082f35f506776c058952025a74431151eb7d","point_ordinal":1,"zone_group_id":"272601008572","source_manage_no":"272601008563","facility_name":"마리아유치원","sgg_code":"27260","facility_type_code":"1","api_first_registered_on":null,"api_last_modified_on":null,"updated_at":"2026-07-25T01:27:52.347112+00:00"},"geometry":{"type":"Point","coordinates":[128.623700135,35.8554342]}},{"type":"Feature","id":"86b07a36cbb31d528376e47ab2d8ab0b35e817e07dbfe42ba87bd2e1f2b048f2-1","properties":{"facility_id":"86b07a36cbb31d528376e47ab2d8ab0b35e817e07dbfe42ba87bd2e1f2b048f2","point_ordinal":1,"zone_group_id":"272601008545","source_manage_no":"272601008545","facility_name":"만촌어린이집","sgg_code":"27260","facility_type_code":"1","api_first_registered_on":null,"api_last_modified_on":null,"updated_at":"2026-07-25T01:27:52.347112+00:00"},"geometry":{"type":"Point","coordinates":[128.644128724,35.865951905]}},{"type":"Feature","id":"8bed8bb11a513b1a52d3f0c920bf1ec5f30dc5e92b5989fd840f294e1d2e69d3-1","properties":{"facility_id":"8bed8bb11a513b1a52d3f0c920bf1ec5f30dc5e92b5989fd840f294e1d2e69d3","point_ordinal":1,"zone_group_id":"272601008546","source_manage_no":"272601008546","facility_name":"만촌초등학교","sgg_code":"27260","facility_type_code":"1","api_first_registered_on":null,"api_last_modified_on":null,"updated_at":"2026-07-25T01:27:52.347112+00:00"},"geometry":{"type":"Point","coordinates":[128.647328558,35.866642632]}},{"type":"Feature","id":"18f7bc5d1abbbd1d5b91fc60f8a223831830100868260e0cba72ebb6a7be49c7-1","properties":{"facility_id":"18f7bc5d1abbbd1d5b91fc60f8a223831830100868260e0cba72ebb6a7be49c7","point_ordinal":1,"zone_group_id":"272601008552","source_manage_no":"272601008552","facility_name":"매동초등학교","sgg_code":"27260","facility_type_code":"1","api_first_registered_on":null,"api_last_modified_on":null,"updated_at":"2026-07-25T01:27:52.347112+00:00"},"geometry":{"type":"Point","coordinates":[128.708457576,35.844784611]}},{"type":"Feature","id":"93c0cc4bd81d2b3b899953b6faf544a2d4ed068ddf5e9bb991f7d36505c8ba8b-1","properties":{"facility_id":"93c0cc4bd81d2b3b899953b6faf544a2d4ed068ddf5e9bb991f7d36505c8ba8b","point_ordinal":1,"zone_group_id":"272601008553","source_manage_no":"272601008553","facility_name":"매호초등학교","sgg_code":"27260","facility_type_code":"1","api_first_registered_on":null,"api_last_modified_on":null,"updated_at":"2026-07-25T01:27:52.347112+00:00"},"geometry":{"type":"Point","coordinates":[128.711805705,35.84141514]}},{"type":"Feature","id":"0c842b35e741c999a86d0ebaf0ea4acea411fe3ec584c15da0234adedde2ae54-1","properties":{"facility_id":"0c842b35e741c999a86d0ebaf0ea4acea411fe3ec584c15da0234adedde2ae54","point_ordinal":1,"zone_group_id":"272601008547","source_manage_no":"272601008547","facility_name":"무열대유치원","sgg_code":"27260","facility_type_code":"1","api_first_registered_on":null,"api_last_modified_on":null,"updated_at":"2026-07-25T01:27:52.347112+00:00"},"geometry":{"type":"Point","coordinates":[128.649037757,35.862280788]}},{"type":"Feature","id":"9ab55c673160279cdbea3deb990de6514e1af43ae2c4675ecfc4e6ab18329ef4-1","properties":{"facility_id":"9ab55c673160279cdbea3deb990de6514e1af43ae2c4675ecfc4e6ab18329ef4","point_ordinal":1,"zone_group_id":"272601008612","source_manage_no":"272601008612","facility_name":"무지개유치원","sgg_code":"27260","facility_type_code":"1","api_first_registered_on":null,"api_last_modified_on":null,"updated_at":"2026-07-25T01:27:52.347112+00:00"},"geometry":{"type":"Point","coordinates":[128.630466502,35.821868639]}},{"type":"Feature","id":"b86f4fcbeea719afc0e799bb31dd9887e2910726f04d657715a71194c4832cdc-1","properties":{"facility_id":"b86f4fcbeea719afc0e799bb31dd9887e2910726f04d657715a71194c4832cdc","point_ordinal":1,"zone_group_id":"272601008559","source_manage_no":"272601008559","facility_name":"범물초등학교","sgg_code":"27260","facility_type_code":"1","api_first_registered_on":null,"api_last_modified_on":null,"updated_at":"2026-07-25T01:27:52.347112+00:00"},"geometry":{"type":"Point","coordinates":[128.645800605,35.821263632]}},{"type":"Feature","id":"27d7d665cb06478c94d7f7168a0b4529a4f4047b3a052fff3b22e16fb8e9e6c8-1","properties":{"facility_id":"27d7d665cb06478c94d7f7168a0b4529a4f4047b3a052fff3b22e16fb8e9e6c8","point_ordinal":1,"zone_group_id":"272601008566","source_manage_no":"272601008566","facility_name":"범어초등학교","sgg_code":"27260","facility_type_code":"1","api_first_registered_on":null,"api_last_modified_on":null,"updated_at":"2026-07-25T01:27:52.347112+00:00"},"geometry":{"type":"Point","coordinates":[128.633528801,35.859714434]}},{"type":"Feature","id":"9ea8635ca8cf11c031256e1d847eb38f095b177095f3da27f3363012a14cbbae-1","properties":{"facility_id":"9ea8635ca8cf11c031256e1d847eb38f095b177095f3da27f3363012a14cbbae","point_ordinal":1,"zone_group_id":"272601008560","source_manage_no":"272601008560","facility_name":"범일초등학교","sgg_code":"27260","facility_type_code":"1","api_first_registered_on":null,"api_last_modified_on":null,"updated_at":"2026-07-25T01:27:52.347112+00:00"},"geometry":{"type":"Point","coordinates":[128.640217068,35.816313048]}},{"type":"Feature","id":"c54a499e100835bd07d574d7df24f1c2bbc8dcce46ef1e820c674b046a269fa6-1","properties":{"facility_id":"c54a499e100835bd07d574d7df24f1c2bbc8dcce46ef1e820c674b046a269fa6","point_ordinal":1,"zone_group_id":"272601008557","source_manage_no":"272601008557","facility_name":"복명초등학교","sgg_code":"27260","facility_type_code":"1","api_first_registered_on":null,"api_last_modified_on":null,"updated_at":"2026-07-25T01:27:52.347112+00:00"},"geometry":{"type":"Point","coordinates":[128.647827442,35.817493786]}},{"type":"Feature","id":"430c89b94c389d9dffa107d58ca6ab102d7f4f3350035d7846da37a19ae887bf-1","properties":{"facility_id":"430c89b94c389d9dffa107d58ca6ab102d7f4f3350035d7846da37a19ae887bf","point_ordinal":1,"zone_group_id":"272601008593","source_manage_no":"272601008595","facility_name":"비안네유치원","sgg_code":"27260","facility_type_code":"1","api_first_registered_on":null,"api_last_modified_on":null,"updated_at":"2026-07-25T01:27:52.347112+00:00"},"geometry":{"type":"Point","coordinates":[128.70921009,35.831059913]}},{"type":"Feature","id":"69ae27e9f8180f81b87058defa01eba4c185d7fa60dc0f17450db600bccf7a7d-1","properties":{"facility_id":"69ae27e9f8180f81b87058defa01eba4c185d7fa60dc0f17450db600bccf7a7d","point_ordinal":1,"zone_group_id":"272601008591","source_manage_no":"272601008591","facility_name":"사월초등학교","sgg_code":"27260","facility_type_code":"1","api_first_registered_on":null,"api_last_modified_on":null,"updated_at":"2026-07-25T01:27:52.347112+00:00"},"geometry":{"type":"Point","coordinates":[128.715342788,35.834482524]}},{"type":"Feature","id":"070b68e8b1f656a2edb0ec25c78440d2336be616f868cefcf707155883daf507-1","properties":{"facility_id":"070b68e8b1f656a2edb0ec25c78440d2336be616f868cefcf707155883daf507","point_ordinal":1,"zone_group_id":"272601021206","source_manage_no":"272601021206","facility_name":"삼덕어린이집","sgg_code":"27260","facility_type_code":"1","api_first_registered_on":null,"api_last_modified_on":null,"updated_at":"2026-07-25T01:27:52.347112+00:00"},"geometry":{"type":"Point","coordinates":[128.64077531,35.838692429]}},{"type":"Feature","id":"51ef7102883a21e3f268e450272a9fcf9a77088ac73551425850f877d33296c7-1","properties":{"facility_id":"51ef7102883a21e3f268e450272a9fcf9a77088ac73551425850f877d33296c7","point_ordinal":1,"zone_group_id":"272601008600","source_manage_no":"272601008600","facility_name":"삼육초등학교","sgg_code":"27260","facility_type_code":"1","api_first_registered_on":null,"api_last_modified_on":null,"updated_at":"2026-07-25T01:27:52.347112+00:00"},"geometry":{"type":"Point","coordinates":[128.610233015,35.839511571]}},{"type":"Feature","id":"da3454c3d2826256b1d27d3ad62ec9e5917eeadb25a838f4db6dea2d7f44d88e-1","properties":{"facility_id":"da3454c3d2826256b1d27d3ad62ec9e5917eeadb25a838f4db6dea2d7f44d88e","point_ordinal":1,"zone_group_id":"272601008575","source_manage_no":"272601008575","facility_name":"상동어린이집","sgg_code":"27260","facility_type_code":"1","api_first_registered_on":null,"api_last_modified_on":null,"updated_at":"2026-07-25T01:27:52.347112+00:00"},"geometry":{"type":"Point","coordinates":[128.612589696,35.835423716]}},{"type":"Feature","id":"33ebf8f3d5bdccec871f39c69f927d095b793cd0452e2e8d215bb2b1e262fcd4-1","properties":{"facility_id":"33ebf8f3d5bdccec871f39c69f927d095b793cd0452e2e8d215bb2b1e262fcd4","point_ordinal":1,"zone_group_id":"272601008604","source_manage_no":"272601008604","facility_name":"성동초등학교","sgg_code":"27260","facility_type_code":"1","api_first_registered_on":null,"api_last_modified_on":null,"updated_at":"2026-07-25T01:27:52.347112+00:00"},"geometry":{"type":"Point","coordinates":[128.633154187,35.841172857]}},{"type":"Feature","id":"81fde5c82a4057c3b70cb9b7ff0ae8741206b76a19942e3613243a9deaf922bb-1","properties":{"facility_id":"81fde5c82a4057c3b70cb9b7ff0ae8741206b76a19942e3613243a9deaf922bb","point_ordinal":1,"zone_group_id":"272601008578","source_manage_no":"272601008578","facility_name":"수성어린이집","sgg_code":"27260","facility_type_code":"1","api_first_registered_on":null,"api_last_modified_on":null,"updated_at":"2026-07-25T01:27:52.347112+00:00"},"geometry":{"type":"Point","coordinates":[128.611466633,35.85095003]}},{"type":"Feature","id":"19c242592483af03c9599c1602b4facc1dda7f16bd28277e0d95eb01549a2d1e-1","properties":{"facility_id":"19c242592483af03c9599c1602b4facc1dda7f16bd28277e0d95eb01549a2d1e","point_ordinal":1,"zone_group_id":"272601008600","source_manage_no":"272601008576","facility_name":"수성초등학교","sgg_code":"27260","facility_type_code":"1","api_first_registered_on":null,"api_last_modified_on":null,"updated_at":"2026-07-25T01:27:52.347112+00:00"},"geometry":{"type":"Point","coordinates":[128.610738037,35.836820241]}},{"type":"Feature","id":"467514db527bc75e1f314027241cf8a505112776da93ad3b60a5cde55711ea83-1","properties":{"facility_id":"467514db527bc75e1f314027241cf8a505112776da93ad3b60a5cde55711ea83","point_ordinal":1,"zone_group_id":"272601008554","source_manage_no":"272601008554","facility_name":"시지어린이집","sgg_code":"27260","facility_type_code":"1","api_first_registered_on":null,"api_last_modified_on":null,"updated_at":"2026-07-25T01:27:52.347112+00:00"},"geometry":{"type":"Point","coordinates":[128.707771978,35.844845598]}},{"type":"Feature","id":"d464d61941d3d0a75b5576af28cffd3ad8a53580a17bfa257bf1f97b5934412b-1","properties":{"facility_id":"d464d61941d3d0a75b5576af28cffd3ad8a53580a17bfa257bf1f97b5934412b","point_ordinal":1,"zone_group_id":"272601008556","source_manage_no":"272601008556","facility_name":"시지초등학교","sgg_code":"27260","facility_type_code":"1","api_first_registered_on":null,"api_last_modified_on":null,"updated_at":"2026-07-25T01:27:52.347112+00:00"},"geometry":{"type":"Point","coordinates":[128.703642742,35.843444546]}},{"type":"Feature","id":"1815128df276848994e805b86e6434cb29eb2e20df77c9bce48b98bd062e52b0-1","properties":{"facility_id":"1815128df276848994e805b86e6434cb29eb2e20df77c9bce48b98bd062e52b0","point_ordinal":1,"zone_group_id":"272601008592","source_manage_no":"272601008592","facility_name":"신매초등학교","sgg_code":"27260","facility_type_code":"1","api_first_registered_on":null,"api_last_modified_on":null,"updated_at":"2026-07-25T01:27:52.347112+00:00"},"geometry":{"type":"Point","coordinates":[128.709486203,35.835957056]}},{"type":"Feature","id":"42693e4e3e7cc8821afc1f35deb616cb536f37ff67f8df78dfdf6cc972157780-1","properties":{"facility_id":"42693e4e3e7cc8821afc1f35deb616cb536f37ff67f8df78dfdf6cc972157780","point_ordinal":1,"zone_group_id":"272601008579","source_manage_no":"272601008579","facility_name":"신세계유치원","sgg_code":"27260","facility_type_code":"1","api_first_registered_on":null,"api_last_modified_on":null,"updated_at":"2026-07-25T01:27:52.347112+00:00"},"geometry":{"type":"Point","coordinates":[128.609838566,35.852524784]}},{"type":"Feature","id":"ef5d54d67a8cfea351addefa5655c6b5854b98ba8fe540314ec9c7e33edc077c-1","properties":{"facility_id":"ef5d54d67a8cfea351addefa5655c6b5854b98ba8fe540314ec9c7e33edc077c","point_ordinal":1,"zone_group_id":"272601008605","source_manage_no":"272601008605","facility_name":"용지초등학교","sgg_code":"27260","facility_type_code":"1","api_first_registered_on":null,"api_last_modified_on":null,"updated_at":"2026-07-25T01:27:52.347112+00:00"},"geometry":{"type":"Point","coordinates":[128.63221179,35.822384135]}},{"type":"Feature","id":"aebbee3fbee3f69dcd48c5fb799e2b37a99be03ff1947078ebe141a5d6895be2-1","properties":{"facility_id":"aebbee3fbee3f69dcd48c5fb799e2b37a99be03ff1947078ebe141a5d6895be2","point_ordinal":1,"zone_group_id":"272601008593","source_manage_no":"272601008593","facility_name":"욱수초등학교","sgg_code":"27260","facility_type_code":"1","api_first_registered_on":null,"api_last_modified_on":null,"updated_at":"2026-07-25T01:27:52.347112+00:00"},"geometry":{"type":"Point","coordinates":[128.707110307,35.83113959]}},{"type":"Feature","id":"e7fde3f7a5ac6d23bf21c8e7902593b4bb2eaa81b6c2e409f750522714a58628-1","properties":{"facility_id":"e7fde3f7a5ac6d23bf21c8e7902593b4bb2eaa81b6c2e409f750522714a58628","point_ordinal":1,"zone_group_id":"272601008596","source_manage_no":"272601008596","facility_name":"전원어린이집","sgg_code":"27260","facility_type_code":"1","api_first_registered_on":null,"api_last_modified_on":null,"updated_at":"2026-07-25T01:27:52.347112+00:00"},"geometry":{"type":"Point","coordinates":[128.706949649,35.827841507]}},{"type":"Feature","id":"1150d3753583c0d8931fe3f82ec9b031caa974ab12ff861637ec325e4492bc3f-1","properties":{"facility_id":"1150d3753583c0d8931fe3f82ec9b031caa974ab12ff861637ec325e4492bc3f","point_ordinal":1,"zone_group_id":"272601008597","source_manage_no":"272601008597","facility_name":"중동어린이집","sgg_code":"27260","facility_type_code":"1","api_first_registered_on":null,"api_last_modified_on":null,"updated_at":"2026-07-25T01:27:52.347112+00:00"},"geometry":{"type":"Point","coordinates":[128.61192323,35.847168254]}},{"type":"Feature","id":"59e138bb80b5bb998d0ee9ca145b2947e1971a2cf9d81b10ba08c6bc38e1d9db-1","properties":{"facility_id":"59e138bb80b5bb998d0ee9ca145b2947e1971a2cf9d81b10ba08c6bc38e1d9db","point_ordinal":1,"zone_group_id":"272601008543","source_manage_no":"272601008543","facility_name":"중앙초등학교","sgg_code":"27260","facility_type_code":"1","api_first_registered_on":null,"api_last_modified_on":null,"updated_at":"2026-07-25T01:27:52.347112+00:00"},"geometry":{"type":"Point","coordinates":[128.640689495,35.869419548]}},{"type":"Feature","id":"590f7fb97b16bb77f5d88c256d0b135f6e8ca88178f86524270d35b90e216972-1","properties":{"facility_id":"590f7fb97b16bb77f5d88c256d0b135f6e8ca88178f86524270d35b90e216972","point_ordinal":1,"zone_group_id":"272601008603","source_manage_no":"272601008603","facility_name":"지봉초등학교","sgg_code":"27260","facility_type_code":"1","api_first_registered_on":null,"api_last_modified_on":null,"updated_at":"2026-07-25T01:27:52.347112+00:00"},"geometry":{"type":"Point","coordinates":[128.641316185,35.825047792]}},{"type":"Feature","id":"5432de6dcb4d12c6347cfcf79718394f0d754c1c03df2e1cebb11a00f9c5840a-1","properties":{"facility_id":"5432de6dcb4d12c6347cfcf79718394f0d754c1c03df2e1cebb11a00f9c5840a","point_ordinal":1,"zone_group_id":"272601008602","source_manage_no":"272601008602","facility_name":"지산어린이집","sgg_code":"27260","facility_type_code":"1","api_first_registered_on":null,"api_last_modified_on":null,"updated_at":"2026-07-25T01:27:52.347112+00:00"},"geometry":{"type":"Point","coordinates":[128.635476309,35.826969347]}},{"type":"Feature","id":"facbf942ceb319284cdccbbc23253d49a81475e7160d46de6922b35db9ee8ec5-1","properties":{"facility_id":"facbf942ceb319284cdccbbc23253d49a81475e7160d46de6922b35db9ee8ec5","point_ordinal":1,"zone_group_id":"272601008610","source_manage_no":"272601008610","facility_name":"지산초등학교","sgg_code":"27260","facility_type_code":"1","api_first_registered_on":null,"api_last_modified_on":null,"updated_at":"2026-07-25T01:27:52.347112+00:00"},"geometry":{"type":"Point","coordinates":[128.629805108,35.826752327]}},{"type":"Feature","id":"407d9b29340169536de184c16b0345cb1b6cd86b304c2bbfbaaa38fc9f345ae9-1","properties":{"facility_id":"407d9b29340169536de184c16b0345cb1b6cd86b304c2bbfbaaa38fc9f345ae9","point_ordinal":1,"zone_group_id":"272601008535","source_manage_no":"272601008535","facility_name":"청림초등학교","sgg_code":"27260","facility_type_code":"1","api_first_registered_on":null,"api_last_modified_on":null,"updated_at":"2026-07-25T01:27:52.347112+00:00"},"geometry":{"type":"Point","coordinates":[128.704001162,35.834190995]}},{"type":"Feature","id":"04f0a29054418a10295027df01d4a1e200d7259a8928e03c32781809bb6b035f-1","properties":{"facility_id":"04f0a29054418a10295027df01d4a1e200d7259a8928e03c32781809bb6b035f","point_ordinal":1,"zone_group_id":"272601008615","source_manage_no":"272601008615","facility_name":"파동초등학교","sgg_code":"27260","facility_type_code":"1","api_first_registered_on":null,"api_last_modified_on":null,"updated_at":"2026-07-25T01:27:52.347112+00:00"},"geometry":{"type":"Point","coordinates":[128.608244732,35.824726209]}},{"type":"Feature","id":"966e0866c6268b8c28d8fde915c24b4f37beb83ad6ab18d6b5d2b657679743a4-1","properties":{"facility_id":"966e0866c6268b8c28d8fde915c24b4f37beb83ad6ab18d6b5d2b657679743a4","point_ordinal":1,"zone_group_id":"272601008544","source_manage_no":"272601008519","facility_name":"프랜즈유치원","sgg_code":"27260","facility_type_code":"1","api_first_registered_on":null,"api_last_modified_on":null,"updated_at":"2026-07-25T01:27:52.347112+00:00"},"geometry":{"type":"Point","coordinates":[128.64026616,35.865384588]}},{"type":"Feature","id":"ee501916f9f2b09f68da52b3b26cc431a7cfa97d299a8b7e4ecc91e437dd7085-1","properties":{"facility_id":"ee501916f9f2b09f68da52b3b26cc431a7cfa97d299a8b7e4ecc91e437dd7085","point_ordinal":1,"zone_group_id":"272601008558","source_manage_no":"272601008558","facility_name":"하늘빛유치원","sgg_code":"27260","facility_type_code":"1","api_first_registered_on":null,"api_last_modified_on":null,"updated_at":"2026-07-25T01:27:52.347112+00:00"},"geometry":{"type":"Point","coordinates":[128.640804883,35.818714649]}},{"type":"Feature","id":"75032126d4a6ccb0175a77c06c04dbf5daa52864b082b1743c7eb92d4209cdea-1","properties":{"facility_id":"75032126d4a6ccb0175a77c06c04dbf5daa52864b082b1743c7eb92d4209cdea","point_ordinal":1,"zone_group_id":"272601008555","source_manage_no":"272601008555","facility_name":"향뜰어린이집","sgg_code":"27260","facility_type_code":"1","api_first_registered_on":null,"api_last_modified_on":null,"updated_at":"2026-07-25T01:27:52.347112+00:00"},"geometry":{"type":"Point","coordinates":[128.704217724,35.844123967]}},{"type":"Feature","id":"91600b94a2e5196a4093a2bb3b72ed1184d670bf879a369c55572d9b4c621a45-1","properties":{"facility_id":"91600b94a2e5196a4093a2bb3b72ed1184d670bf879a369c55572d9b4c621a45","point_ordinal":1,"zone_group_id":"272601008541","source_manage_no":"272601008541","facility_name":"화니어린이집","sgg_code":"27260","facility_type_code":"1","api_first_registered_on":null,"api_last_modified_on":null,"updated_at":"2026-07-25T01:27:52.347112+00:00"},"geometry":{"type":"Point","coordinates":[128.622527419,35.834303513]}},{"type":"Feature","id":"e89bbec88188547154cb7daee98abb58df49fc3b13b2e3fd500a9983ef10b5bf-1","properties":{"facility_id":"e89bbec88188547154cb7daee98abb58df49fc3b13b2e3fd500a9983ef10b5bf","point_ordinal":1,"zone_group_id":"272601008616","source_manage_no":"272601008616","facility_name":"황금초등학교","sgg_code":"27260","facility_type_code":"1","api_first_registered_on":null,"api_last_modified_on":null,"updated_at":"2026-07-25T01:27:52.347112+00:00"},"geometry":{"type":"Point","coordinates":[128.617809719,35.843687694]}},{"type":"Feature","id":"302b86cb217814c9d4c52eab1a637aa8603cae9867acfac04dd6e489607fe3c2-1","properties":{"facility_id":"302b86cb217814c9d4c52eab1a637aa8603cae9867acfac04dd6e489607fe3c2","point_ordinal":1,"zone_group_id":"272602008629","source_manage_no":"272602008629","facility_name":"고산노인복지관","sgg_code":"27260","facility_type_code":"2","api_first_registered_on":null,"api_last_modified_on":null,"updated_at":"2026-07-25T01:27:52.347112+00:00"},"geometry":{"type":"Point","coordinates":[128.713001203,35.836949866]}},{"type":"Feature","id":"2a03af5c175c46ae27d1999e08990363f99cb78ed336a03f8d0e14651e448c88-1","properties":{"facility_id":"2a03af5c175c46ae27d1999e08990363f99cb78ed336a03f8d0e14651e448c88","point_ordinal":1,"zone_group_id":"272601008538","source_manage_no":"272601008538","facility_name":"꿈나무어린이집","sgg_code":"27260","facility_type_code":"1","api_first_registered_on":null,"api_last_modified_on":null,"updated_at":"2026-07-25T01:27:52.347112+00:00"},"geometry":{"type":"Point","coordinates":[128.619393155,35.832655839]}},{"type":"Feature","id":"a87a6d54cd1aaab1e9d6cebce43a060cf5471e8a6366c0b4dd3f27847ac48a67-1","properties":{"facility_id":"a87a6d54cd1aaab1e9d6cebce43a060cf5471e8a6366c0b4dd3f27847ac48a67","point_ordinal":1,"zone_group_id":"272601008548","source_manage_no":"272601020204","facility_name":"뉴대구어린이집","sgg_code":"27260","facility_type_code":"1","api_first_registered_on":null,"api_last_modified_on":null,"updated_at":"2026-07-25T01:27:52.347112+00:00"},"geometry":{"type":"Point","coordinates":[128.651847666,35.850272315]}},{"type":"Feature","id":"2dfd94c683b85b02e0fc862dbb7f58ce3b375dd65eb99af0ebba9196f0d12492-1","properties":{"facility_id":"2dfd94c683b85b02e0fc862dbb7f58ce3b375dd65eb99af0ebba9196f0d12492","point_ordinal":1,"zone_group_id":"272601008534","source_manage_no":"272601008534","facility_name":"대구황금유치원","sgg_code":"27260","facility_type_code":"1","api_first_registered_on":null,"api_last_modified_on":null,"updated_at":"2026-07-25T01:27:52.347112+00:00"},"geometry":{"type":"Point","coordinates":[128.639429948,35.842556009]}},{"type":"Feature","id":"30ee127a8da4d24edc1f25000840f4a1722a2297d58a51d6f6636b0d12384b35-1","properties":{"facility_id":"30ee127a8da4d24edc1f25000840f4a1722a2297d58a51d6f6636b0d12384b35","point_ordinal":1,"zone_group_id":"272601008539","source_manage_no":"272601008539","facility_name":"들안길초등학교","sgg_code":"27260","facility_type_code":"1","api_first_registered_on":null,"api_last_modified_on":null,"updated_at":"2026-07-25T01:27:52.347112+00:00"},"geometry":{"type":"Point","coordinates":[128.61905884,35.838807623]}},{"type":"Feature","id":"2a909cf1ab25e95e0a69b3541150f567f9d3d01fe54dc90a19310500de8135c3-1","properties":{"facility_id":"2a909cf1ab25e95e0a69b3541150f567f9d3d01fe54dc90a19310500de8135c3","point_ordinal":1,"zone_group_id":"272601008551","source_manage_no":"272601008551","facility_name":"리오바어린이집","sgg_code":"27260","facility_type_code":"1","api_first_registered_on":null,"api_last_modified_on":null,"updated_at":"2026-07-25T01:27:52.347112+00:00"},"geometry":{"type":"Point","coordinates":[128.646502729,35.852369831]}},{"type":"Feature","id":"b41d8302218a593ad6e3c70550796dc85573a86bc0c705bc6a693f940462ed63-1","properties":{"facility_id":"b41d8302218a593ad6e3c70550796dc85573a86bc0c705bc6a693f940462ed63","point_ordinal":1,"zone_group_id":"272602008618","source_manage_no":"272602008618","facility_name":"매호공원경로당","sgg_code":"27260","facility_type_code":"2","api_first_registered_on":null,"api_last_modified_on":null,"updated_at":"2026-07-25T01:27:52.347112+00:00"},"geometry":{"type":"Point","coordinates":[128.703943652,35.844532622]}},{"type":"Feature","id":"fd19010b697f19bd1d1f371b654a820e40213a248fe122c21f96ae13b380d948-1","properties":{"facility_id":"fd19010b697f19bd1d1f371b654a820e40213a248fe122c21f96ae13b380d948","point_ordinal":1,"zone_group_id":"272602008620","source_manage_no":"272602008620","facility_name":"범물공원경로당","sgg_code":"27260","facility_type_code":"2","api_first_registered_on":null,"api_last_modified_on":null,"updated_at":"2026-07-25T01:27:52.347112+00:00"},"geometry":{"type":"Point","coordinates":[128.643214693,35.818726055]}},{"type":"Feature","id":"7b2655cf013a900a1785d82bbab84b44735e84e08cc9c654db4628b791cc94b5-1","properties":{"facility_id":"7b2655cf013a900a1785d82bbab84b44735e84e08cc9c654db4628b791cc94b5","point_ordinal":1,"zone_group_id":"272601008613","source_manage_no":"272601008613","facility_name":"별하나어린이집","sgg_code":"27260","facility_type_code":"1","api_first_registered_on":null,"api_last_modified_on":null,"updated_at":"2026-07-25T01:27:52.347112+00:00"},"geometry":{"type":"Point","coordinates":[128.60875761,35.82351018]}},{"type":"Feature","id":"3ca124fc3d5cd7c37ba588eb5858570bdee3895ae56b73df51902d74d25e5c9f-1","properties":{"facility_id":"3ca124fc3d5cd7c37ba588eb5858570bdee3895ae56b73df51902d74d25e5c9f","point_ordinal":1,"zone_group_id":"272602008624","source_manage_no":"272602008624","facility_name":"상동공원경로당","sgg_code":"27260","facility_type_code":"2","api_first_registered_on":null,"api_last_modified_on":null,"updated_at":"2026-07-25T01:27:52.347112+00:00"},"geometry":{"type":"Point","coordinates":[128.615167981,35.839276546]}},{"type":"Feature","id":"ff4837fed53bcc4c707597ec6abae55131286bd9a1d6803c1d8816fb57120304-1","properties":{"facility_id":"ff4837fed53bcc4c707597ec6abae55131286bd9a1d6803c1d8816fb57120304","point_ordinal":1,"zone_group_id":"272601008544","source_manage_no":"272601008523","facility_name":"아일랜드유치원","sgg_code":"27260","facility_type_code":"1","api_first_registered_on":null,"api_last_modified_on":null,"updated_at":"2026-07-25T01:27:52.347112+00:00"},"geometry":{"type":"Point","coordinates":[128.638434589,35.865483256]}},{"type":"Feature","id":"147fe6c84dc4f86001020713acaafa9ab0e6088e093327a20eb78c688b069a32-1","properties":{"facility_id":"147fe6c84dc4f86001020713acaafa9ab0e6088e093327a20eb78c688b069a32","point_ordinal":1,"zone_group_id":"272602008631","source_manage_no":"272602008631","facility_name":"욱수공원경로당","sgg_code":"27260","facility_type_code":"2","api_first_registered_on":null,"api_last_modified_on":null,"updated_at":"2026-07-25T01:27:52.347112+00:00"},"geometry":{"type":"Point","coordinates":[128.709158786,35.832960226]}},{"type":"Feature","id":"94c9535aaf231358acce49876a71c8451846cca40b825f83e9d6b54a49be9553-1","properties":{"facility_id":"94c9535aaf231358acce49876a71c8451846cca40b825f83e9d6b54a49be9553","point_ordinal":1,"zone_group_id":"272601008514","source_manage_no":"272601008514","facility_name":"자연누리유치원","sgg_code":"27260","facility_type_code":"1","api_first_registered_on":null,"api_last_modified_on":null,"updated_at":"2026-07-25T01:27:52.347112+00:00"},"geometry":{"type":"Point","coordinates":[128.700533459,35.839914509]}},{"type":"Feature","id":"ec379d6ff7e1449605486b63b2290eb8bdbd28ae253b355107d14eebfeaa6f33-1","properties":{"facility_id":"ec379d6ff7e1449605486b63b2290eb8bdbd28ae253b355107d14eebfeaa6f33","point_ordinal":1,"zone_group_id":"272601008611","source_manage_no":"272601008611","facility_name":"한국예술유치원","sgg_code":"27260","facility_type_code":"1","api_first_registered_on":null,"api_last_modified_on":null,"updated_at":"2026-07-25T01:27:52.347112+00:00"},"geometry":{"type":"Point","coordinates":[128.627279445,35.821943653]}},{"type":"Feature","id":"5f1fc92a16f0a3f8c36db910613ac319829807fe15bcc31d00c11135a61b04b6-1","properties":{"facility_id":"5f1fc92a16f0a3f8c36db910613ac319829807fe15bcc31d00c11135a61b04b6","point_ordinal":1,"zone_group_id":"272601008516","source_manage_no":"272601008516","facility_name":"만촌아이숲유치원","sgg_code":"27260","facility_type_code":"1","api_first_registered_on":null,"api_last_modified_on":null,"updated_at":"2026-07-25T01:27:52.347112+00:00"},"geometry":{"type":"Point","coordinates":[128.644285559,35.851435315]}},{"type":"Feature","id":"d78786e353df12bc9ebb56c852fed718555dc18bd90b2b84fd1491ff5676c77c-1","properties":{"facility_id":"d78786e353df12bc9ebb56c852fed718555dc18bd90b2b84fd1491ff5676c77c","point_ordinal":1,"zone_group_id":"272602008621","source_manage_no":"272602008621","facility_name":"범물실버복지센터","sgg_code":"27260","facility_type_code":"2","api_first_registered_on":null,"api_last_modified_on":null,"updated_at":"2026-07-25T01:27:52.347112+00:00"},"geometry":{"type":"Point","coordinates":[128.648472034,35.819209616]}},{"type":"Feature","id":"054f0ad2807d37f362fc29b4715689b51d3f9ca68e10a57e971718aa189e5b9d-1","properties":{"facility_id":"054f0ad2807d37f362fc29b4715689b51d3f9ca68e10a57e971718aa189e5b9d","point_ordinal":1,"zone_group_id":"272601008582","source_manage_no":"272601008585","facility_name":"수성영희어린이집","sgg_code":"27260","facility_type_code":"1","api_first_registered_on":null,"api_last_modified_on":null,"updated_at":"2026-07-25T01:27:52.347112+00:00"},"geometry":{"type":"Point","coordinates":[128.611749154,35.861666992]}},{"type":"Feature","id":"33dd16471a364e9b250ed8af66bd6ac501cf0edfbf464f5da162a2fb845c00c8-1","properties":{"facility_id":"33dd16471a364e9b250ed8af66bd6ac501cf0edfbf464f5da162a2fb845c00c8","point_ordinal":1,"zone_group_id":"272601008530","source_manage_no":"272601008530","facility_name":"시지아이숲유치원","sgg_code":"27260","facility_type_code":"1","api_first_registered_on":null,"api_last_modified_on":null,"updated_at":"2026-07-25T01:27:52.347112+00:00"},"geometry":{"type":"Point","coordinates":[128.699273831,35.844346509]}},{"type":"Feature","id":"71f2787d7cdc477b5b5fa7b9b378ef19845372f99b3b4306df321420b4f451e2-1","properties":{"facility_id":"71f2787d7cdc477b5b5fa7b9b378ef19845372f99b3b4306df321420b4f451e2","point_ordinal":1,"zone_group_id":"272601008614","source_manage_no":"272601008614","facility_name":"키즈브라운어린이집","sgg_code":"27260","facility_type_code":"1","api_first_registered_on":null,"api_last_modified_on":null,"updated_at":"2026-07-25T01:27:52.347112+00:00"},"geometry":{"type":"Point","coordinates":[128.614506328,35.81915528]}},{"type":"Feature","id":"e1b613b5e2fb2ba3bec9ba7921f9d56d4772ebf261a0bccbe216f944aebf1012-1","properties":{"facility_id":"e1b613b5e2fb2ba3bec9ba7921f9d56d4772ebf261a0bccbe216f944aebf1012","point_ordinal":1,"zone_group_id":"272602026831","source_manage_no":"272602026831","facility_name":"유박사재가노인복지센터","sgg_code":"27260","facility_type_code":"2","api_first_registered_on":"2023-11-24","api_last_modified_on":null,"updated_at":"2026-07-25T01:27:52.347112+00:00"},"geometry":{"type":"Point","coordinates":[128.613647078,35.816942245]}},{"type":"Feature","id":"cfefaccdd457be21efc1709701a6e24035fc11585c4d3bfa73b9362d518672af-1","properties":{"facility_id":"cfefaccdd457be21efc1709701a6e24035fc11585c4d3bfa73b9362d518672af","point_ordinal":1,"zone_group_id":"272601008583","source_manage_no":"272601008583","facility_name":"코오롱아인슈타인유치원","sgg_code":"27260","facility_type_code":"1","api_first_registered_on":null,"api_last_modified_on":null,"updated_at":"2026-07-25T01:27:52.347112+00:00"},"geometry":{"type":"Point","coordinates":[128.614570059,35.86264593]}},{"type":"Feature","id":"15de5723c5602ba3cc627a7511540a9f3727251d17e70117f61b78dbcf6802b4-1","properties":{"facility_id":"15de5723c5602ba3cc627a7511540a9f3727251d17e70117f61b78dbcf6802b4","point_ordinal":1,"zone_group_id":"272603025946","source_manage_no":"272603025946","facility_name":"숲중증장애인다수고용사업장","sgg_code":"27260","facility_type_code":"3","api_first_registered_on":"2017-10-17","api_last_modified_on":null,"updated_at":"2026-07-25T01:27:52.347112+00:00"},"geometry":{"type":"Point","coordinates":[128.665980916,35.86980279]}},{"type":"Feature","id":"b4b831868fbad4a8af61ceb1c3088e251f157f892534b5d7e7a624986ccc24a5-1","properties":{"facility_id":"b4b831868fbad4a8af61ceb1c3088e251f157f892534b5d7e7a624986ccc24a5","point_ordinal":1,"zone_group_id":"272601008572","source_manage_no":"272601020237","facility_name":"동도초등학교 병설유치원","sgg_code":"27260","facility_type_code":"1","api_first_registered_on":null,"api_last_modified_on":null,"updated_at":"2026-07-25T01:27:52.347112+00:00"},"geometry":{"type":"Point","coordinates":[128.623984424,35.85715395]}},{"type":"Feature","id":"51f81dbb7e5f528ebb80972798f5bc502ef7509a17ee3abfccd96473121f7166-1","properties":{"facility_id":"51f81dbb7e5f528ebb80972798f5bc502ef7509a17ee3abfccd96473121f7166","point_ordinal":1,"zone_group_id":"272601008542","source_manage_no":"272601029366","facility_name":"동문초등학교 병설유치원","sgg_code":"27260","facility_type_code":"1","api_first_registered_on":null,"api_last_modified_on":"2025-07-03","updated_at":"2026-07-25T01:27:52.347112+00:00"},"geometry":{"type":"Point","coordinates":[128.651324187,35.87449298]}},{"type":"Feature","id":"3269ffe28933e70229a8f4e4b68fea1c3492fff3058297a3332f9e5e9b730efb-1","properties":{"facility_id":"3269ffe28933e70229a8f4e4b68fea1c3492fff3058297a3332f9e5e9b730efb","point_ordinal":1,"zone_group_id":"272601008544","source_manage_no":"272601029376","facility_name":"동원초등학교 병설유치원","sgg_code":"27260","facility_type_code":"1","api_first_registered_on":null,"api_last_modified_on":"2025-08-18","updated_at":"2026-07-25T01:27:52.347112+00:00"},"geometry":{"type":"Point","coordinates":[128.639468763,35.864816119]}},{"type":"Feature","id":"e28ff16bdcc8796015be3dd0b9aa43fb301567ca9d4947976b5af1c89afe0e06-1","properties":{"facility_id":"e28ff16bdcc8796015be3dd0b9aa43fb301567ca9d4947976b5af1c89afe0e06","point_ordinal":1,"zone_group_id":"272601008567","source_manage_no":"272601029375","facility_name":"동천초등학교 병설유치원","sgg_code":"27260","facility_type_code":"1","api_first_registered_on":null,"api_last_modified_on":"2025-07-03","updated_at":"2026-07-25T01:27:52.347112+00:00"},"geometry":{"type":"Point","coordinates":[128.625564921,35.865673067]}},{"type":"Feature","id":"f563b9b90783d3a6b2070e40934e544b7b36d71aeccb0f86735846aed4714479-1","properties":{"facility_id":"f563b9b90783d3a6b2070e40934e544b7b36d71aeccb0f86735846aed4714479","point_ordinal":1,"zone_group_id":"272601029373","source_manage_no":"272601029373","facility_name":"범어초등학교 병설유치원","sgg_code":"27260","facility_type_code":"1","api_first_registered_on":null,"api_last_modified_on":"2025-07-03","updated_at":"2026-07-25T01:27:52.347112+00:00"},"geometry":{"type":"Point","coordinates":[128.632506682,35.860834422]}},{"type":"Feature","id":"f61d0eaed6b1b91c3fd77d36178d29a77e3f3dba8640ccf220a5fa732c50dc75-1","properties":{"facility_id":"f61d0eaed6b1b91c3fd77d36178d29a77e3f3dba8640ccf220a5fa732c50dc75","point_ordinal":1,"zone_group_id":"272601008557","source_manage_no":"272601029372","facility_name":"복명초등학교 병설유치원","sgg_code":"27260","facility_type_code":"1","api_first_registered_on":null,"api_last_modified_on":"2025-07-03","updated_at":"2026-07-25T01:27:52.347112+00:00"},"geometry":{"type":"Point","coordinates":[128.647654543,35.817688278]}},{"type":"Feature","id":"32d33e6de4d82919ca9dcf5798566c8e32b78929aa02012cec75fbdf9ce2da57-1","properties":{"facility_id":"32d33e6de4d82919ca9dcf5798566c8e32b78929aa02012cec75fbdf9ce2da57","point_ordinal":1,"zone_group_id":"272601008543","source_manage_no":"272601029368","facility_name":"중앙초등학교 병설유치원","sgg_code":"27260","facility_type_code":"1","api_first_registered_on":null,"api_last_modified_on":"2025-07-03","updated_at":"2026-07-25T01:27:52.347112+00:00"},"geometry":{"type":"Point","coordinates":[128.640835815,35.869639936]}},{"type":"Feature","id":"f101f77f28a3d4d08f1a5d90827c7f867e4fc85850ae50b715cea58483e7e5fc-1","properties":{"facility_id":"f101f77f28a3d4d08f1a5d90827c7f867e4fc85850ae50b715cea58483e7e5fc","point_ordinal":1,"zone_group_id":"272602008633","source_manage_no":"272602008633","facility_name":"대구광역시 노인종합복지관","sgg_code":"27260","facility_type_code":"2","api_first_registered_on":null,"api_last_modified_on":null,"updated_at":"2026-07-25T01:27:52.347112+00:00"},"geometry":{"type":"Point","coordinates":[128.630091658,35.840998551]}},{"type":"Feature","id":"8cf440c58b09bd1a99ef5c76b9fd1d24400cf2230cef947515cfd797e889e03d-1","properties":{"facility_id":"8cf440c58b09bd1a99ef5c76b9fd1d24400cf2230cef947515cfd797e889e03d","point_ordinal":1,"zone_group_id":"272601008562","source_manage_no":"272601008571","facility_name":"금강 유치원","sgg_code":"27260","facility_type_code":"1","api_first_registered_on":null,"api_last_modified_on":null,"updated_at":"2026-07-25T01:27:52.347112+00:00"},"geometry":{"type":"Point","coordinates":[128.628824683,35.84897606]}},{"type":"Feature","id":"3f8446f990b86cd851fd3e295904be58d33052f0679a457aeebaa36c5af5317c-1","properties":{"facility_id":"3f8446f990b86cd851fd3e295904be58d33052f0679a457aeebaa36c5af5317c","point_ordinal":1,"zone_group_id":"272602008622","source_manage_no":"272602008622","facility_name":"범어1동제1경로당","sgg_code":"27260","facility_type_code":"2","api_first_registered_on":null,"api_last_modified_on":null,"updated_at":"2026-07-25T01:27:52.347112+00:00"},"geometry":{"type":"Point","coordinates":[128.627531729,35.853856632]}},{"type":"Feature","id":"53b746e725dc6bc8fa109eb38cfefd5ab46da1139a803a636d0a04f63c8dee7e-1","properties":{"facility_id":"53b746e725dc6bc8fa109eb38cfefd5ab46da1139a803a636d0a04f63c8dee7e","point_ordinal":1,"zone_group_id":"272602008632","source_manage_no":"272602008632","facility_name":"파동제2경로당","sgg_code":"27260","facility_type_code":"2","api_first_registered_on":null,"api_last_modified_on":null,"updated_at":"2026-07-25T01:27:52.347112+00:00"},"geometry":{"type":"Point","coordinates":[128.621013743,35.811697346]}},{"type":"Feature","id":"59e069a76fcaa443a4f5ec7e48a36d8b1514ac057af17bb6d7e474dc5395ab19-1","properties":{"facility_id":"59e069a76fcaa443a4f5ec7e48a36d8b1514ac057af17bb6d7e474dc5395ab19","point_ordinal":1,"zone_group_id":"272602008619","source_manage_no":"272602008619","facility_name":"범물2동경로당","sgg_code":"27260","facility_type_code":"2","api_first_registered_on":null,"api_last_modified_on":null,"updated_at":"2026-07-25T01:27:52.347112+00:00"},"geometry":{"type":"Point","coordinates":[128.643708334,35.815914631]}},{"type":"Feature","id":"8c043513520eb416d1c202812daaaabd68b85a6f1948e8efa560896b0ac7c013-1","properties":{"facility_id":"8c043513520eb416d1c202812daaaabd68b85a6f1948e8efa560896b0ac7c013","point_ordinal":1,"zone_group_id":"272602008627","source_manage_no":"272602008627","facility_name":"수성4가동경로당","sgg_code":"27260","facility_type_code":"2","api_first_registered_on":null,"api_last_modified_on":null,"updated_at":"2026-07-25T01:27:52.347112+00:00"},"geometry":{"type":"Point","coordinates":[128.622184535,35.860262702]}},{"type":"Feature","id":"3a383c874dc33b982e25d7c23fd2155b54f2c864e7cf8135ff99dbce6b2a0a30-1","properties":{"facility_id":"3a383c874dc33b982e25d7c23fd2155b54f2c864e7cf8135ff99dbce6b2a0a30","point_ordinal":1,"zone_group_id":"272602025741","source_manage_no":"272602025741","facility_name":"범어4동 제1경로당","sgg_code":"27260","facility_type_code":"2","api_first_registered_on":null,"api_last_modified_on":null,"updated_at":"2026-07-25T01:27:52.347112+00:00"},"geometry":{"type":"Point","coordinates":[128.6392099,35.856849145]}},{"type":"Feature","id":"1da408dc33d1454c88637fea4b2332cc85e150f57f279777623cf8ac685ea37a-1","properties":{"facility_id":"1da408dc33d1454c88637fea4b2332cc85e150f57f279777623cf8ac685ea37a","point_ordinal":1,"zone_group_id":"272602025462","source_manage_no":"272602025462","facility_name":"범어4동 제2경로당","sgg_code":"27260","facility_type_code":"2","api_first_registered_on":null,"api_last_modified_on":null,"updated_at":"2026-07-25T01:27:52.347112+00:00"},"geometry":{"type":"Point","coordinates":[128.637134683,35.857685249]}},{"type":"Feature","id":"80f887e2e201c5c0e0dc43f0a3b2b197c17b2e3d0b44768ec48d1a8021f96c41-1","properties":{"facility_id":"80f887e2e201c5c0e0dc43f0a3b2b197c17b2e3d0b44768ec48d1a8021f96c41","point_ordinal":1,"zone_group_id":"272601008582","source_manage_no":"272601008582","facility_name":"DGB아이꿈터어린이집","sgg_code":"27260","facility_type_code":"1","api_first_registered_on":null,"api_last_modified_on":null,"updated_at":"2026-07-25T01:27:52.347112+00:00"},"geometry":{"type":"Point","coordinates":[128.611084717,35.860879764]}},{"type":"Feature","id":"b4f791006e9d179e29883214cdbe29cfc1e8a1603a629a337c8f8c54dce5a4cb-1","properties":{"facility_id":"b4f791006e9d179e29883214cdbe29cfc1e8a1603a629a337c8f8c54dce5a4cb","point_ordinal":1,"zone_group_id":"272902008150","source_manage_no":"272902008150","facility_name":"두류공원","sgg_code":"27290","facility_type_code":"2","api_first_registered_on":null,"api_last_modified_on":null,"updated_at":"2026-07-25T01:27:52.347112+00:00"},"geometry":{"type":"Point","coordinates":[128.561911669,35.843545575]}},{"type":"Feature","id":"a4a4bb8a777ea5291e19d9ecc99366216a89e08c9f07255984831bbcaf80a58e-1","properties":{"facility_id":"a4a4bb8a777ea5291e19d9ecc99366216a89e08c9f07255984831bbcaf80a58e","point_ordinal":1,"zone_group_id":"272901008115","source_manage_no":"272901008076","facility_name":"가야유치원","sgg_code":"27290","facility_type_code":"1","api_first_registered_on":null,"api_last_modified_on":null,"updated_at":"2026-07-25T01:27:52.347112+00:00"},"geometry":{"type":"Point","coordinates":[128.515882048,35.852283093]}},{"type":"Feature","id":"502f29c90bb2a2154393de29e0fefd9e4e01f1ce39c91af591720fb369aa9a6d-1","properties":{"facility_id":"502f29c90bb2a2154393de29e0fefd9e4e01f1ce39c91af591720fb369aa9a6d","point_ordinal":1,"zone_group_id":"272901008032","source_manage_no":"272901008032","facility_name":"개미유치원","sgg_code":"27290","facility_type_code":"1","api_first_registered_on":null,"api_last_modified_on":null,"updated_at":"2026-07-25T01:27:52.347112+00:00"},"geometry":{"type":"Point","coordinates":[128.53529997,35.81089742]}},{"type":"Feature","id":"3229ab02008405754a8628aa0ee827743797fe2e3825df5fefadf0a677c291b7-1","properties":{"facility_id":"3229ab02008405754a8628aa0ee827743797fe2e3825df5fefadf0a677c291b7","point_ordinal":1,"zone_group_id":"272901008008","source_manage_no":"272901008011","facility_name":"대곡유치원","sgg_code":"27290","facility_type_code":"1","api_first_registered_on":null,"api_last_modified_on":null,"updated_at":"2026-07-25T01:27:52.347112+00:00"},"geometry":{"type":"Point","coordinates":[128.535367244,35.805848013]}},{"type":"Feature","id":"fcf16c7cccc4e4081c5d379b7fbe05785676d41ba1e6e5514716d808d5326547-1","properties":{"facility_id":"fcf16c7cccc4e4081c5d379b7fbe05785676d41ba1e6e5514716d808d5326547","point_ordinal":1,"zone_group_id":"272901008053","source_manage_no":"272901008053","facility_name":"동해유치원","sgg_code":"27290","facility_type_code":"1","api_first_registered_on":null,"api_last_modified_on":null,"updated_at":"2026-07-25T01:27:52.347112+00:00"},"geometry":{"type":"Point","coordinates":[128.555370674,35.842945059]}},{"type":"Feature","id":"301b569f2059fa58c8ab796720948e778f416ab934134dcfdf988010415f9a42-1","properties":{"facility_id":"301b569f2059fa58c8ab796720948e778f416ab934134dcfdf988010415f9a42","point_ordinal":1,"zone_group_id":"272901008057","source_manage_no":"272901008059","facility_name":"리라유치원","sgg_code":"27290","facility_type_code":"1","api_first_registered_on":null,"api_last_modified_on":null,"updated_at":"2026-07-25T01:27:52.347112+00:00"},"geometry":{"type":"Point","coordinates":[128.553757194,35.823927054]}},{"type":"Feature","id":"b725129969c14b0c26148ce0f09daa308cd30696cacaca22b8563a5066640e57-1","properties":{"facility_id":"b725129969c14b0c26148ce0f09daa308cd30696cacaca22b8563a5066640e57","point_ordinal":1,"zone_group_id":"272901008035","source_manage_no":"272901008035","facility_name":"마야유치원","sgg_code":"27290","facility_type_code":"1","api_first_registered_on":null,"api_last_modified_on":null,"updated_at":"2026-07-25T01:27:52.347112+00:00"},"geometry":{"type":"Point","coordinates":[128.545905651,35.817810842]}},{"type":"Feature","id":"73117c6664daa80808d74201ff49ec27b9e669dc1737176ffafe0258264b9f91-1","properties":{"facility_id":"73117c6664daa80808d74201ff49ec27b9e669dc1737176ffafe0258264b9f91","point_ordinal":1,"zone_group_id":"272901008136","source_manage_no":"272901008136","facility_name":"명지유치원","sgg_code":"27290","facility_type_code":"1","api_first_registered_on":null,"api_last_modified_on":null,"updated_at":"2026-07-25T01:27:52.347112+00:00"},"geometry":{"type":"Point","coordinates":[128.532930845,35.813424184]}},{"type":"Feature","id":"1ad3bc4d84c577965b9fcd308076ad071e5d8ec5e870544307c7a9fa2af5ac4d-1","properties":{"facility_id":"1ad3bc4d84c577965b9fcd308076ad071e5d8ec5e870544307c7a9fa2af5ac4d","point_ordinal":1,"zone_group_id":"272901008022","source_manage_no":"272901008061","facility_name":"문화유치원","sgg_code":"27290","facility_type_code":"1","api_first_registered_on":null,"api_last_modified_on":null,"updated_at":"2026-07-25T01:27:52.347112+00:00"},"geometry":{"type":"Point","coordinates":[128.545357833,35.83259239]}},{"type":"Feature","id":"522707ba31a69a0a5e4ba1f9df8cc7fb049484a742bd5bfbcfbf5a9f8b780955-1","properties":{"facility_id":"522707ba31a69a0a5e4ba1f9df8cc7fb049484a742bd5bfbcfbf5a9f8b780955","point_ordinal":1,"zone_group_id":"272901008020","source_manage_no":"272901008018","facility_name":"사랑유치원","sgg_code":"27290","facility_type_code":"1","api_first_registered_on":null,"api_last_modified_on":null,"updated_at":"2026-07-25T01:27:52.347112+00:00"},"geometry":{"type":"Point","coordinates":[128.555964381,35.856823998]}},{"type":"Feature","id":"a935e53a7812eee24337876cd04a22ece4c1f1a63d4a746aad85f99322f63414-1","properties":{"facility_id":"a935e53a7812eee24337876cd04a22ece4c1f1a63d4a746aad85f99322f63414","point_ordinal":1,"zone_group_id":"272901008097","source_manage_no":"272901008095","facility_name":"솔리유치원","sgg_code":"27290","facility_type_code":"1","api_first_registered_on":null,"api_last_modified_on":null,"updated_at":"2026-07-25T01:27:52.347112+00:00"},"geometry":{"type":"Point","coordinates":[128.52288943,35.81930719]}},{"type":"Feature","id":"5c14132fd2fe5c31d6fa8426be6419aefbdc6495bd93d85057abf85a3d611997-1","properties":{"facility_id":"5c14132fd2fe5c31d6fa8426be6419aefbdc6495bd93d85057abf85a3d611997","point_ordinal":1,"zone_group_id":"272901008065","source_manage_no":"272901008065","facility_name":"예현유치원","sgg_code":"27290","facility_type_code":"1","api_first_registered_on":null,"api_last_modified_on":null,"updated_at":"2026-07-25T01:27:52.347112+00:00"},"geometry":{"type":"Point","coordinates":[128.547393426,35.830789554]}},{"type":"Feature","id":"2141b749f15e20b7256627ac50b29072b4b1b2a1cfe7cc01f0d61b1f007af666-1","properties":{"facility_id":"2141b749f15e20b7256627ac50b29072b4b1b2a1cfe7cc01f0d61b1f007af666","point_ordinal":1,"zone_group_id":"272901008083","source_manage_no":"272901008083","facility_name":"용산유치원","sgg_code":"27290","facility_type_code":"1","api_first_registered_on":null,"api_last_modified_on":null,"updated_at":"2026-07-25T01:27:52.347112+00:00"},"geometry":{"type":"Point","coordinates":[128.522640963,35.859465367]}},{"type":"Feature","id":"e1e8765e1111785ed740ae3d7fa2c1bcd85778e61da23683870d7f936be02d83-1","properties":{"facility_id":"e1e8765e1111785ed740ae3d7fa2c1bcd85778e61da23683870d7f936be02d83","point_ordinal":1,"zone_group_id":"272901008000","source_manage_no":"272901008000","facility_name":"원화유치원","sgg_code":"27290","facility_type_code":"1","api_first_registered_on":null,"api_last_modified_on":null,"updated_at":"2026-07-25T01:27:52.347112+00:00"},"geometry":{"type":"Point","coordinates":[128.543705161,35.845039422]}},{"type":"Feature","id":"ce696e997cb65468d30d39c330636ef488a7e32c050f391c55c74daa5883e0e5-1","properties":{"facility_id":"ce696e997cb65468d30d39c330636ef488a7e32c050f391c55c74daa5883e0e5","point_ordinal":1,"zone_group_id":"272901008142","source_manage_no":"272901008141","facility_name":"월배유치원","sgg_code":"27290","facility_type_code":"1","api_first_registered_on":null,"api_last_modified_on":null,"updated_at":"2026-07-25T01:27:52.347112+00:00"},"geometry":{"type":"Point","coordinates":[128.529730653,35.816751409]}},{"type":"Feature","id":"0783eed8c5e25ef786a4ffd68f077f9a74132ac0d681ae6890d8bbe0acb5c63f-1","properties":{"facility_id":"0783eed8c5e25ef786a4ffd68f077f9a74132ac0d681ae6890d8bbe0acb5c63f","point_ordinal":1,"zone_group_id":"272901008097","source_manage_no":"272901008098","facility_name":"월서유치원","sgg_code":"27290","facility_type_code":"1","api_first_registered_on":null,"api_last_modified_on":null,"updated_at":"2026-07-25T01:27:52.347112+00:00"},"geometry":{"type":"Point","coordinates":[128.522569035,35.82280803]}},{"type":"Feature","id":"fd6d5b833b266a15ce147cf540c034262c318871397725e2ea5306d999b25211-1","properties":{"facility_id":"fd6d5b833b266a15ce147cf540c034262c318871397725e2ea5306d999b25211","point_ordinal":1,"zone_group_id":"272901008097","source_manage_no":"272901008102","facility_name":"이노유치원","sgg_code":"27290","facility_type_code":"1","api_first_registered_on":null,"api_last_modified_on":null,"updated_at":"2026-07-25T01:27:52.347112+00:00"},"geometry":{"type":"Point","coordinates":[128.521129138,35.821882633]}},{"type":"Feature","id":"9e36248e71e0953b48a724382df411eb6f9e9b13331257588a1f653b473f19ca-1","properties":{"facility_id":"9e36248e71e0953b48a724382df411eb6f9e9b13331257588a1f653b473f19ca","point_ordinal":1,"zone_group_id":"272901008145","source_manage_no":"272901008144","facility_name":"진천유치원","sgg_code":"27290","facility_type_code":"1","api_first_registered_on":null,"api_last_modified_on":null,"updated_at":"2026-07-25T01:27:52.347112+00:00"},"geometry":{"type":"Point","coordinates":[128.519432923,35.808885623]}},{"type":"Feature","id":"fc8bc39cb95da3e646d010395742a37ee816523d3c64ddef58e004659563a5b7-1","properties":{"facility_id":"fc8bc39cb95da3e646d010395742a37ee816523d3c64ddef58e004659563a5b7","point_ordinal":1,"zone_group_id":"272901008146","source_manage_no":"272901008146","facility_name":"태양유치원","sgg_code":"27290","facility_type_code":"1","api_first_registered_on":null,"api_last_modified_on":null,"updated_at":"2026-07-25T01:27:52.347112+00:00"},"geometry":{"type":"Point","coordinates":[128.529387698,35.814193871]}},{"type":"Feature","id":"53146baa2c54d732f0f3fa68d4e9ac1ffdbb718e4e9b0e31a73410f9b32a43de-1","properties":{"facility_id":"53146baa2c54d732f0f3fa68d4e9ac1ffdbb718e4e9b0e31a73410f9b32a43de","point_ordinal":1,"zone_group_id":"272901020446","source_manage_no":"272901020446","facility_name":"금봉어린이집","sgg_code":"27290","facility_type_code":"1","api_first_registered_on":null,"api_last_modified_on":null,"updated_at":"2026-07-25T01:27:52.347112+00:00"},"geometry":{"type":"Point","coordinates":[128.552213552,35.851831252]}},{"type":"Feature","id":"d0c8d275727ddf7064f47bf81a078fc119758adf2dc93cdaf82fd23eb37e950d-1","properties":{"facility_id":"d0c8d275727ddf7064f47bf81a078fc119758adf2dc93cdaf82fd23eb37e950d","point_ordinal":1,"zone_group_id":"272901008050","source_manage_no":"272901008050","facility_name":"기쁨어린이집","sgg_code":"27290","facility_type_code":"1","api_first_registered_on":null,"api_last_modified_on":null,"updated_at":"2026-07-25T01:27:52.347112+00:00"},"geometry":{"type":"Point","coordinates":[128.554463878,35.853907081]}},{"type":"Feature","id":"4e8b10a6a45c59d743496b1f6dc1513758ba52bfe0d0dfe86141fc052a4cabfc-1","properties":{"facility_id":"4e8b10a6a45c59d743496b1f6dc1513758ba52bfe0d0dfe86141fc052a4cabfc","point_ordinal":1,"zone_group_id":"272901008008","source_manage_no":"272901008010","facility_name":"노전초등학교","sgg_code":"27290","facility_type_code":"1","api_first_registered_on":null,"api_last_modified_on":null,"updated_at":"2026-07-25T01:27:52.347112+00:00"},"geometry":{"type":"Point","coordinates":[128.531633545,35.808116024]}},{"type":"Feature","id":"da77fb051e11e2e159f89d24ca03e2ed69618a63f90582f07671a0185be64a06-1","properties":{"facility_id":"da77fb051e11e2e159f89d24ca03e2ed69618a63f90582f07671a0185be64a06","point_ordinal":1,"zone_group_id":"272901008017","source_manage_no":"272901008017","facility_name":"다애어린이집","sgg_code":"27290","facility_type_code":"1","api_first_registered_on":null,"api_last_modified_on":null,"updated_at":"2026-07-25T01:27:52.347112+00:00"},"geometry":{"type":"Point","coordinates":[128.570699814,35.858091005]}},{"type":"Feature","id":"e2ad6702c3aecb13b1d80eab217856d9bae85d8a58c7b9a7e2388db024577043-1","properties":{"facility_id":"e2ad6702c3aecb13b1d80eab217856d9bae85d8a58c7b9a7e2388db024577043","point_ordinal":1,"zone_group_id":"272901008052","source_manage_no":"272901008052","facility_name":"달서어린이집","sgg_code":"27290","facility_type_code":"1","api_first_registered_on":null,"api_last_modified_on":null,"updated_at":"2026-07-25T01:27:52.347112+00:00"},"geometry":{"type":"Point","coordinates":[128.555753603,35.839254274]}},{"type":"Feature","id":"ad4da7f8a374907ae386188193c3ac84e9b202cc889cabd512211994fc892a41-1","properties":{"facility_id":"ad4da7f8a374907ae386188193c3ac84e9b202cc889cabd512211994fc892a41","point_ordinal":1,"zone_group_id":"272901008008","source_manage_no":"272901008012","facility_name":"대곡초등학교","sgg_code":"27290","facility_type_code":"1","api_first_registered_on":null,"api_last_modified_on":null,"updated_at":"2026-07-25T01:27:52.347112+00:00"},"geometry":{"type":"Point","coordinates":[128.535279684,35.803734989]}},{"type":"Feature","id":"9e36bd5dedf611e5eb23bf37e95342412d6b8b31f3928820b714f68c1a77a693-1","properties":{"facility_id":"9e36bd5dedf611e5eb23bf37e95342412d6b8b31f3928820b714f68c1a77a693","point_ordinal":1,"zone_group_id":"272901008025","source_manage_no":"272901008024","facility_name":"대광어린이집","sgg_code":"27290","facility_type_code":"1","api_first_registered_on":null,"api_last_modified_on":null,"updated_at":"2026-07-25T01:27:52.347112+00:00"},"geometry":{"type":"Point","coordinates":[128.532503055,35.838509651]}},{"type":"Feature","id":"d0b84b814bab12bab1c3d3e06ab7a8056294062a7f6ec47fef4d26ee1869b03e-1","properties":{"facility_id":"d0b84b814bab12bab1c3d3e06ab7a8056294062a7f6ec47fef4d26ee1869b03e","point_ordinal":1,"zone_group_id":"272901008078","source_manage_no":"272901008078","facility_name":"대구세명학교","sgg_code":"27290","facility_type_code":"1","api_first_registered_on":null,"api_last_modified_on":null,"updated_at":"2026-07-25T01:27:52.347112+00:00"},"geometry":{"type":"Point","coordinates":[128.524067365,35.863591421]}},{"type":"Feature","id":"e519972d729ed933c60e335506963c2aa213228dd3814536b2aa070a8848b8d3-1","properties":{"facility_id":"e519972d729ed933c60e335506963c2aa213228dd3814536b2aa070a8848b8d3","point_ordinal":1,"zone_group_id":"272901008057","source_manage_no":"272901008057","facility_name":"대남초등학교","sgg_code":"27290","facility_type_code":"1","api_first_registered_on":null,"api_last_modified_on":null,"updated_at":"2026-07-25T01:27:52.347112+00:00"},"geometry":{"type":"Point","coordinates":[128.551421657,35.823109045]}},{"type":"Feature","id":"30de42323b245ff6277a268c2789b7414e8f0aaf26f6f29fc8f841d9f18e5f77-1","properties":{"facility_id":"30de42323b245ff6277a268c2789b7414e8f0aaf26f6f29fc8f841d9f18e5f77","point_ordinal":1,"zone_group_id":"272901008033","source_manage_no":"272901008033","facility_name":"대서초등학교","sgg_code":"27290","facility_type_code":"1","api_first_registered_on":null,"api_last_modified_on":null,"updated_at":"2026-07-25T01:27:52.347112+00:00"},"geometry":{"type":"Point","coordinates":[128.550138223,35.82064094]}},{"type":"Feature","id":"edb74d5c78efc4aa29bfe8b656da4668cf9ebdd77ac6e41ff85042cede24c882-1","properties":{"facility_id":"edb74d5c78efc4aa29bfe8b656da4668cf9ebdd77ac6e41ff85042cede24c882","point_ordinal":1,"zone_group_id":"272901008003","source_manage_no":"272901008003","facility_name":"대진초등학교","sgg_code":"27290","facility_type_code":"1","api_first_registered_on":null,"api_last_modified_on":null,"updated_at":"2026-07-25T01:27:52.347112+00:00"},"geometry":{"type":"Point","coordinates":[128.521783433,35.806424046]}},{"type":"Feature","id":"cbbc6d1b00a75ed51f81dec7293888a63f9a3066c6f6bcabb68c17b8f4dc763e-1","properties":{"facility_id":"cbbc6d1b00a75ed51f81dec7293888a63f9a3066c6f6bcabb68c17b8f4dc763e","point_ordinal":1,"zone_group_id":"272901008025","source_manage_no":"272901008025","facility_name":"덕인초등학교","sgg_code":"27290","facility_type_code":"1","api_first_registered_on":null,"api_last_modified_on":null,"updated_at":"2026-07-25T01:27:52.347112+00:00"},"geometry":{"type":"Point","coordinates":[128.535894894,35.838796009]}},{"type":"Feature","id":"8e73d939435442dcc3da42227ed3b13b79fe234845e4e83b194f1d5254ed6ea4-1","properties":{"facility_id":"8e73d939435442dcc3da42227ed3b13b79fe234845e4e83b194f1d5254ed6ea4","point_ordinal":1,"zone_group_id":"272901008014","source_manage_no":"272901008014","facility_name":"도원초등학교","sgg_code":"27290","facility_type_code":"1","api_first_registered_on":null,"api_last_modified_on":null,"updated_at":"2026-07-25T01:27:52.347112+00:00"},"geometry":{"type":"Point","coordinates":[128.542165592,35.805212259]}},{"type":"Feature","id":"4849838a65cf8c165844fa3623d7e4d34f06c0a37f42f26c05cac9bf08f4f550-1","properties":{"facility_id":"4849838a65cf8c165844fa3623d7e4d34f06c0a37f42f26c05cac9bf08f4f550","point_ordinal":1,"zone_group_id":"272901008093","source_manage_no":"272901008093","facility_name":"라온어린이집","sgg_code":"27290","facility_type_code":"1","api_first_registered_on":null,"api_last_modified_on":null,"updated_at":"2026-07-25T01:27:52.347112+00:00"},"geometry":{"type":"Point","coordinates":[128.525243941,35.823353234]}},{"type":"Feature","id":"ed3941f0d8956f80e00359b3a0b585224525cbe266a6a4e4ad7faabf04ecff8e-1","properties":{"facility_id":"ed3941f0d8956f80e00359b3a0b585224525cbe266a6a4e4ad7faabf04ecff8e","point_ordinal":1,"zone_group_id":"272901008023","source_manage_no":"272901008023","facility_name":"본영어린이집","sgg_code":"27290","facility_type_code":"1","api_first_registered_on":null,"api_last_modified_on":null,"updated_at":"2026-07-25T01:27:52.347112+00:00"},"geometry":{"type":"Point","coordinates":[128.538610042,35.833886052]}},{"type":"Feature","id":"394ac592a2b4727337698affe3c16282fd92de6b42c6a937f60ad39d5590ec49-1","properties":{"facility_id":"394ac592a2b4727337698affe3c16282fd92de6b42c6a937f60ad39d5590ec49","point_ordinal":1,"zone_group_id":"272901008097","source_manage_no":"272901008094","facility_name":"상원어린이집","sgg_code":"27290","facility_type_code":"1","api_first_registered_on":null,"api_last_modified_on":null,"updated_at":"2026-07-25T01:27:52.347112+00:00"},"geometry":{"type":"Point","coordinates":[128.521690086,35.82246389]}},{"type":"Feature","id":"ed5837ac46e66294d7066437ffdd468195f19f526561857ee9baed98645af818-1","properties":{"facility_id":"ed5837ac46e66294d7066437ffdd468195f19f526561857ee9baed98645af818","point_ordinal":1,"zone_group_id":"272901008040","source_manage_no":"272901008040","facility_name":"상원초등학교","sgg_code":"27290","facility_type_code":"1","api_first_registered_on":null,"api_last_modified_on":null,"updated_at":"2026-07-25T01:27:52.347112+00:00"},"geometry":{"type":"Point","coordinates":[128.551116344,35.806667006]}},{"type":"Feature","id":"5c19ef2fce81ea98e29bec9c9bbe62dfff54303611bbb28ffe216b795fe32a39-1","properties":{"facility_id":"5c19ef2fce81ea98e29bec9c9bbe62dfff54303611bbb28ffe216b795fe32a39","point_ordinal":1,"zone_group_id":"272901008041","source_manage_no":"272901008041","facility_name":"상인초등학교","sgg_code":"27290","facility_type_code":"1","api_first_registered_on":null,"api_last_modified_on":null,"updated_at":"2026-07-25T01:27:52.347112+00:00"},"geometry":{"type":"Point","coordinates":[128.541612151,35.813682851]}},{"type":"Feature","id":"3f681d078b9f6c87a13056ce81613859d2105c16bd26b4ad6e11d9bb46dce959-1","properties":{"facility_id":"3f681d078b9f6c87a13056ce81613859d2105c16bd26b4ad6e11d9bb46dce959","point_ordinal":1,"zone_group_id":"272901008079","source_manage_no":"272901008079","facility_name":"선원초등학교","sgg_code":"27290","facility_type_code":"1","api_first_registered_on":null,"api_last_modified_on":null,"updated_at":"2026-07-25T01:27:52.347112+00:00"},"geometry":{"type":"Point","coordinates":[128.514519488,35.860940675]}},{"type":"Feature","id":"ccba31b3c3cca3010caf66e57045d69f9e707d8f1c8d3e288997c481dc844051-1","properties":{"facility_id":"ccba31b3c3cca3010caf66e57045d69f9e707d8f1c8d3e288997c481dc844051","point_ordinal":1,"zone_group_id":"272901008114","source_manage_no":"272901008114","facility_name":"성곡초등학교","sgg_code":"27290","facility_type_code":"1","api_first_registered_on":null,"api_last_modified_on":null,"updated_at":"2026-07-25T01:27:52.347112+00:00"},"geometry":{"type":"Point","coordinates":[128.514140982,35.85731054]}},{"type":"Feature","id":"848261fb2d3f316d96d9b5b5b7a88f48ec3cd5543f916f832518198082e161df-1","properties":{"facility_id":"848261fb2d3f316d96d9b5b5b7a88f48ec3cd5543f916f832518198082e161df","point_ordinal":1,"zone_group_id":"272901008027","source_manage_no":"272901008027","facility_name":"성당초등학교","sgg_code":"27290","facility_type_code":"1","api_first_registered_on":null,"api_last_modified_on":null,"updated_at":"2026-07-25T01:27:52.347112+00:00"},"geometry":{"type":"Point","coordinates":[128.54692285,35.84047653]}},{"type":"Feature","id":"01691a6103177807fc023ec18cd3662685a2c5efbd7035d31c87fc47f78ef4d2-1","properties":{"facility_id":"01691a6103177807fc023ec18cd3662685a2c5efbd7035d31c87fc47f78ef4d2","point_ordinal":1,"zone_group_id":"272901008114","source_manage_no":"272901008081","facility_name":"성산초등학교","sgg_code":"27290","facility_type_code":"1","api_first_registered_on":null,"api_last_modified_on":null,"updated_at":"2026-07-25T01:27:52.347112+00:00"},"geometry":{"type":"Point","coordinates":[128.518237679,35.85723081]}},{"type":"Feature","id":"98dc0249c1452180cc24e8d2b89cbebedcbff2e768b810fcdac0429a158529b8-1","properties":{"facility_id":"98dc0249c1452180cc24e8d2b89cbebedcbff2e768b810fcdac0429a158529b8","point_ordinal":1,"zone_group_id":"272901008115","source_manage_no":"272901008115","facility_name":"성서초등학교","sgg_code":"27290","facility_type_code":"1","api_first_registered_on":null,"api_last_modified_on":null,"updated_at":"2026-07-25T01:27:52.347112+00:00"},"geometry":{"type":"Point","coordinates":[128.514239223,35.851981422]}},{"type":"Feature","id":"16a91b1e19268fae64bafeb2e2a2008c6db488670f505d593598757b56ea58ea-1","properties":{"facility_id":"16a91b1e19268fae64bafeb2e2a2008c6db488670f505d593598757b56ea58ea","point_ordinal":1,"zone_group_id":"272901008062","source_manage_no":"272901008062","facility_name":"소망어린이집","sgg_code":"27290","facility_type_code":"1","api_first_registered_on":null,"api_last_modified_on":null,"updated_at":"2026-07-25T01:27:52.347112+00:00"},"geometry":{"type":"Point","coordinates":[128.558674483,35.830753815]}},{"type":"Feature","id":"81656dfe96226dcd2e41e7ad2faaeac689286ae323d27fd151f4100e9ba27a38-1","properties":{"facility_id":"81656dfe96226dcd2e41e7ad2faaeac689286ae323d27fd151f4100e9ba27a38","point_ordinal":1,"zone_group_id":"272901008096","source_manage_no":"272901008096","facility_name":"송일초등학교","sgg_code":"27290","facility_type_code":"1","api_first_registered_on":null,"api_last_modified_on":null,"updated_at":"2026-07-25T01:27:52.347112+00:00"},"geometry":{"type":"Point","coordinates":[128.533555819,35.824066413]}},{"type":"Feature","id":"80834a1dd52ebf26bf7984619c84d510915b66f134d5aca074d596a29b85b218-1","properties":{"facility_id":"80834a1dd52ebf26bf7984619c84d510915b66f134d5aca074d596a29b85b218","point_ordinal":1,"zone_group_id":"272901008064","source_manage_no":"272901008064","facility_name":"송현초등학교","sgg_code":"27290","facility_type_code":"1","api_first_registered_on":null,"api_last_modified_on":null,"updated_at":"2026-07-25T01:27:52.347112+00:00"},"geometry":{"type":"Point","coordinates":[128.544155273,35.82869002]}},{"type":"Feature","id":"f12de5b4fac792dc877c5a6fae4cbf7d6c911f55b891fa89f4ab579176d31a98-1","properties":{"facility_id":"f12de5b4fac792dc877c5a6fae4cbf7d6c911f55b891fa89f4ab579176d31a98","point_ordinal":1,"zone_group_id":"272901008071","source_manage_no":"272901008071","facility_name":"신당초등학교","sgg_code":"27290","facility_type_code":"1","api_first_registered_on":null,"api_last_modified_on":null,"updated_at":"2026-07-25T01:27:52.347112+00:00"},"geometry":{"type":"Point","coordinates":[128.496226782,35.853286139]}},{"type":"Feature","id":"1a89f7a3db5bf110445e87641f949ac7cbadd1e1657c7269c5f80e29de67450f-1","properties":{"facility_id":"1a89f7a3db5bf110445e87641f949ac7cbadd1e1657c7269c5f80e29de67450f","point_ordinal":1,"zone_group_id":"272901008072","source_manage_no":"272901008072","facility_name":"신서초등학교","sgg_code":"27290","facility_type_code":"1","api_first_registered_on":null,"api_last_modified_on":null,"updated_at":"2026-07-25T01:27:52.347112+00:00"},"geometry":{"type":"Point","coordinates":[128.494234629,35.857819523]}},{"type":"Feature","id":"93b64565104618c661eed3377b07b4ba546d8a9219086f8f9ec5ba32afa92228-1","properties":{"facility_id":"93b64565104618c661eed3377b07b4ba546d8a9219086f8f9ec5ba32afa92228","point_ordinal":1,"zone_group_id":"272901008097","source_manage_no":"272901008097","facility_name":"신월초등학교","sgg_code":"27290","facility_type_code":"1","api_first_registered_on":null,"api_last_modified_on":null,"updated_at":"2026-07-25T01:27:52.347112+00:00"},"geometry":{"type":"Point","coordinates":[128.52211513,35.820215353]}},{"type":"Feature","id":"69eb83f99a1aac4f832e3ec2784466829e984cf5c1f72822bf1918998a0e454b-1","properties":{"facility_id":"69eb83f99a1aac4f832e3ec2784466829e984cf5c1f72822bf1918998a0e454b","point_ordinal":1,"zone_group_id":"272901008020","source_manage_no":"272901008020","facility_name":"신흥초등학교","sgg_code":"27290","facility_type_code":"1","api_first_registered_on":null,"api_last_modified_on":null,"updated_at":"2026-07-25T01:27:52.347112+00:00"},"geometry":{"type":"Point","coordinates":[128.557066345,35.856408601]}},{"type":"Feature","id":"77ac355b337c0e24690cb0b1696dfbdabfb6211dcaa94828cb3589e4c6276b06-1","properties":{"facility_id":"77ac355b337c0e24690cb0b1696dfbdabfb6211dcaa94828cb3589e4c6276b06","point_ordinal":1,"zone_group_id":"272901007999","source_manage_no":"272901007999","facility_name":"연제어린이집","sgg_code":"27290","facility_type_code":"1","api_first_registered_on":null,"api_last_modified_on":null,"updated_at":"2026-07-25T01:27:52.347112+00:00"},"geometry":{"type":"Point","coordinates":[128.539934907,35.848020247]}},{"type":"Feature","id":"307898669b37a8f0747d2e72d66080af586062d5275f6110c629525540c54064-1","properties":{"facility_id":"307898669b37a8f0747d2e72d66080af586062d5275f6110c629525540c54064","point_ordinal":1,"zone_group_id":"272901008120","source_manage_no":"272901008120","facility_name":"예나어린이집","sgg_code":"27290","facility_type_code":"1","api_first_registered_on":null,"api_last_modified_on":"2025-05-08","updated_at":"2026-07-25T01:27:52.347112+00:00"},"geometry":{"type":"Point","coordinates":[128.512835899,35.849857982]}},{"type":"Feature","id":"d0dd6153b2993e71846b8e8317cc3afcac26cd9ab6959d85798d7b0ff82e1baa-1","properties":{"facility_id":"d0dd6153b2993e71846b8e8317cc3afcac26cd9ab6959d85798d7b0ff82e1baa","point_ordinal":1,"zone_group_id":"272901008044","source_manage_no":"272901008044","facility_name":"예원어린이집","sgg_code":"27290","facility_type_code":"1","api_first_registered_on":null,"api_last_modified_on":null,"updated_at":"2026-07-25T01:27:52.347112+00:00"},"geometry":{"type":"Point","coordinates":[128.540377629,35.814928701]}},{"type":"Feature","id":"fd05e00a2c1e51ba2dace9e9314778bfff39093a8fd22415622212312ee6964a-1","properties":{"facility_id":"fd05e00a2c1e51ba2dace9e9314778bfff39093a8fd22415622212312ee6964a","point_ordinal":1,"zone_group_id":"272901008117","source_manage_no":"272901008117","facility_name":"와룡초등학교","sgg_code":"27290","facility_type_code":"1","api_first_registered_on":null,"api_last_modified_on":null,"updated_at":"2026-07-25T01:27:52.347112+00:00"},"geometry":{"type":"Point","coordinates":[128.501878258,35.85708886]}},{"type":"Feature","id":"a9b79902e601af6aa5a56fe69f3d8f575f69f62ea0333cc88907e8fd1f57ee9c-1","properties":{"facility_id":"a9b79902e601af6aa5a56fe69f3d8f575f69f62ea0333cc88907e8fd1f57ee9c","point_ordinal":1,"zone_group_id":"272901008084","source_manage_no":"272901008084","facility_name":"용산초등학교","sgg_code":"27290","facility_type_code":"1","api_first_registered_on":null,"api_last_modified_on":null,"updated_at":"2026-07-25T01:27:52.347112+00:00"},"geometry":{"type":"Point","coordinates":[128.532749801,35.854979233]}},{"type":"Feature","id":"0233158ef68f007f8706824ed56592084e7134743c6c0ca1f75d396f4ac61b97-1","properties":{"facility_id":"0233158ef68f007f8706824ed56592084e7134743c6c0ca1f75d396f4ac61b97","point_ordinal":1,"zone_group_id":"272901019040","source_manage_no":"272901019040","facility_name":"용전초등학교","sgg_code":"27290","facility_type_code":"1","api_first_registered_on":null,"api_last_modified_on":"2026-06-30","updated_at":"2026-07-25T01:27:52.347112+00:00"},"geometry":{"type":"Point","coordinates":[128.530807692,35.860816206]}},{"type":"Feature","id":"6a838f4cb62bd7751b88296caa11e5a141d4d7a82200de04bff3217b8750d9bf-1","properties":{"facility_id":"6a838f4cb62bd7751b88296caa11e5a141d4d7a82200de04bff3217b8750d9bf","point_ordinal":1,"zone_group_id":"272901008145","source_manage_no":"272901020445","facility_name":"월배어린이집","sgg_code":"27290","facility_type_code":"1","api_first_registered_on":null,"api_last_modified_on":null,"updated_at":"2026-07-25T01:27:52.347112+00:00"},"geometry":{"type":"Point","coordinates":[128.52100346,35.812500648]}},{"type":"Feature","id":"04a6685bb19a5be268b553d418a379c8b1088413cc44a64b456b793ee3b8ee99-1","properties":{"facility_id":"04a6685bb19a5be268b553d418a379c8b1088413cc44a64b456b793ee3b8ee99","point_ordinal":1,"zone_group_id":"272901008142","source_manage_no":"272901008142","facility_name":"월배초등학교","sgg_code":"27290","facility_type_code":"1","api_first_registered_on":null,"api_last_modified_on":null,"updated_at":"2026-07-25T01:27:52.347112+00:00"},"geometry":{"type":"Point","coordinates":[128.52859906,35.815697238]}},{"type":"Feature","id":"00db10a561dc4bf7b7be83f410b8881c2c28c1716321255d1596ac9eb447850e-1","properties":{"facility_id":"00db10a561dc4bf7b7be83f410b8881c2c28c1716321255d1596ac9eb447850e","point_ordinal":1,"zone_group_id":"272901008101","source_manage_no":"272901008100","facility_name":"월성초등학교","sgg_code":"27290","facility_type_code":"1","api_first_registered_on":null,"api_last_modified_on":null,"updated_at":"2026-07-25T01:27:52.347112+00:00"},"geometry":{"type":"Point","coordinates":[128.531405026,35.83066638]}},{"type":"Feature","id":"b4a0e5a2328ca9056a33d9dca7f57aa5e785600c0a88e6e6df9aee1dc617ba36-1","properties":{"facility_id":"b4a0e5a2328ca9056a33d9dca7f57aa5e785600c0a88e6e6df9aee1dc617ba36","point_ordinal":1,"zone_group_id":"272901008047","source_manage_no":"272901008047","facility_name":"월촌초등학교","sgg_code":"27290","facility_type_code":"1","api_first_registered_on":null,"api_last_modified_on":null,"updated_at":"2026-07-25T01:27:52.347112+00:00"},"geometry":{"type":"Point","coordinates":[128.543330964,35.815615346]}},{"type":"Feature","id":"a4a3fc09a6033e8f30e1c2632619e9156d2eb3c1bcfc65580ba6d969bb7a627a-1","properties":{"facility_id":"a4a3fc09a6033e8f30e1c2632619e9156d2eb3c1bcfc65580ba6d969bb7a627a","point_ordinal":1,"zone_group_id":"272901008114","source_manage_no":"272901008118","facility_name":"이곡초등학교","sgg_code":"27290","facility_type_code":"1","api_first_registered_on":null,"api_last_modified_on":null,"updated_at":"2026-07-25T01:27:52.347112+00:00"},"geometry":{"type":"Point","coordinates":[128.513052889,35.857094327]}},{"type":"Feature","id":"506f9e109f7e591a9b91eb05514ed1e7432659499f1b780898653ed17baf4c1c-1","properties":{"facility_id":"506f9e109f7e591a9b91eb05514ed1e7432659499f1b780898653ed17baf4c1c","point_ordinal":1,"zone_group_id":"272901008127","source_manage_no":"272901008127","facility_name":"장기초등학교","sgg_code":"27290","facility_type_code":"1","api_first_registered_on":null,"api_last_modified_on":null,"updated_at":"2026-07-25T01:27:52.347112+00:00"},"geometry":{"type":"Point","coordinates":[128.529614075,35.843718479]}},{"type":"Feature","id":"1ac7826f6fdc3eba8adf815c8d60c1a3f3bf9cc65969d070351fe610f806e276-1","properties":{"facility_id":"1ac7826f6fdc3eba8adf815c8d60c1a3f3bf9cc65969d070351fe610f806e276","point_ordinal":1,"zone_group_id":"272901008090","source_manage_no":"272901008090","facility_name":"장산초등학교","sgg_code":"27290","facility_type_code":"1","api_first_registered_on":null,"api_last_modified_on":null,"updated_at":"2026-07-25T01:27:52.347112+00:00"},"geometry":{"type":"Point","coordinates":[128.527124568,35.854170964]}},{"type":"Feature","id":"acd7c72f7c4615b4a1ef3e5caa87086223d081269b91a0d228a65b4b6adbcf8d-1","properties":{"facility_id":"acd7c72f7c4615b4a1ef3e5caa87086223d081269b91a0d228a65b4b6adbcf8d","point_ordinal":1,"zone_group_id":"272901008103","source_manage_no":"272901008103","facility_name":"조암초등학교","sgg_code":"27290","facility_type_code":"1","api_first_registered_on":null,"api_last_modified_on":null,"updated_at":"2026-07-25T01:27:52.347112+00:00"},"geometry":{"type":"Point","coordinates":[128.528312949,35.823552409]}},{"type":"Feature","id":"374ccd89f4680e312de2923f744f8a08d4227b484cb90ef0eb84baff4b25f2fa-1","properties":{"facility_id":"374ccd89f4680e312de2923f744f8a08d4227b484cb90ef0eb84baff4b25f2fa","point_ordinal":1,"zone_group_id":"272901020447","source_manage_no":"272901020447","facility_name":"조은어린이집","sgg_code":"27290","facility_type_code":"1","api_first_registered_on":null,"api_last_modified_on":null,"updated_at":"2026-07-25T01:27:52.347112+00:00"},"geometry":{"type":"Point","coordinates":[128.542207222,35.855404782]}},{"type":"Feature","id":"1184d70eac3e7179ff6b6bd4fe3d5cd66ce00f8cc0155a329be15f04b948436f-1","properties":{"facility_id":"1184d70eac3e7179ff6b6bd4fe3d5cd66ce00f8cc0155a329be15f04b948436f","point_ordinal":1,"zone_group_id":"272901008145","source_manage_no":"272901008145","facility_name":"진천초등학교","sgg_code":"27290","facility_type_code":"1","api_first_registered_on":null,"api_last_modified_on":null,"updated_at":"2026-07-25T01:27:52.347112+00:00"},"geometry":{"type":"Point","coordinates":[128.520115032,35.810973152]}},{"type":"Feature","id":"8f0b4b8fa3a7496ea91c742cdc11331fd55e110b721f4a05898df28fd138152c-1","properties":{"facility_id":"8f0b4b8fa3a7496ea91c742cdc11331fd55e110b721f4a05898df28fd138152c","point_ordinal":1,"zone_group_id":"272901008119","source_manage_no":"272901008119","facility_name":"청아어린이집","sgg_code":"27290","facility_type_code":"1","api_first_registered_on":null,"api_last_modified_on":null,"updated_at":"2026-07-25T01:27:52.347112+00:00"},"geometry":{"type":"Point","coordinates":[128.508178976,35.856143597]}},{"type":"Feature","id":"60f849bd898444e87d3d2cc46c5a352362ee07703c23272c11827c7cfa5ded7a-1","properties":{"facility_id":"60f849bd898444e87d3d2cc46c5a352362ee07703c23272c11827c7cfa5ded7a","point_ordinal":1,"zone_group_id":"272901020448","source_manage_no":"272901020448","facility_name":"큰별어린이집","sgg_code":"27290","facility_type_code":"1","api_first_registered_on":null,"api_last_modified_on":null,"updated_at":"2026-07-25T01:27:52.347112+00:00"},"geometry":{"type":"Point","coordinates":[128.504739193,35.861090896]}},{"type":"Feature","id":"f9cd4daa58764464c1a604ec8a492afebdce4e23f2c7f863c72093593be7607a-1","properties":{"facility_id":"f9cd4daa58764464c1a604ec8a492afebdce4e23f2c7f863c72093593be7607a","point_ordinal":1,"zone_group_id":"272901008101","source_manage_no":"272901008105","facility_name":"학산초등학교","sgg_code":"27290","facility_type_code":"1","api_first_registered_on":null,"api_last_modified_on":null,"updated_at":"2026-07-25T01:27:52.347112+00:00"},"geometry":{"type":"Point","coordinates":[128.526673233,35.831184731]}},{"type":"Feature","id":"23e357f337e3361f4dcf3629ba8f2ab89e020353c28d0375dca6059fcbd96f9c-1","properties":{"facility_id":"23e357f337e3361f4dcf3629ba8f2ab89e020353c28d0375dca6059fcbd96f9c","point_ordinal":1,"zone_group_id":"272901008068","source_manage_no":"272901008068","facility_name":"한국어린이집","sgg_code":"27290","facility_type_code":"1","api_first_registered_on":null,"api_last_modified_on":null,"updated_at":"2026-07-25T01:27:52.347112+00:00"},"geometry":{"type":"Point","coordinates":[128.552233957,35.826780353]}},{"type":"Feature","id":"e2da66ad4ccf9eb157f5499474aa85a12355cfd384e25ac4e46668bbef30bc8a-1","properties":{"facility_id":"e2da66ad4ccf9eb157f5499474aa85a12355cfd384e25ac4e46668bbef30bc8a","point_ordinal":1,"zone_group_id":"272901008091","source_manage_no":"272901008091","facility_name":"한솔어린이집","sgg_code":"27290","facility_type_code":"1","api_first_registered_on":null,"api_last_modified_on":null,"updated_at":"2026-07-25T01:27:52.347112+00:00"},"geometry":{"type":"Point","coordinates":[128.522631079,35.857833609]}},{"type":"Feature","id":"85d20a283a47b01d467dd6956041133f100209464e046ef3371e10c34b99e8db-1","properties":{"facility_id":"85d20a283a47b01d467dd6956041133f100209464e046ef3371e10c34b99e8db","point_ordinal":1,"zone_group_id":"272901008008","source_manage_no":"272901008015","facility_name":"해오름유치원","sgg_code":"27290","facility_type_code":"1","api_first_registered_on":null,"api_last_modified_on":null,"updated_at":"2026-07-25T01:27:52.347112+00:00"},"geometry":{"type":"Point","coordinates":[128.534887964,35.804079351]}},{"type":"Feature","id":"909e1cad205cb715d44b1d155e276814056263b61cdb6f18180ddbc331d56c8d-1","properties":{"facility_id":"909e1cad205cb715d44b1d155e276814056263b61cdb6f18180ddbc331d56c8d","point_ordinal":1,"zone_group_id":"272901029979","source_manage_no":"272901029979","facility_name":"호산초등학교","sgg_code":"27290","facility_type_code":"1","api_first_registered_on":null,"api_last_modified_on":"2026-03-04","updated_at":"2026-07-25T01:27:52.347112+00:00"},"geometry":{"type":"Point","coordinates":[128.479033002,35.849031193]}},{"type":"Feature","id":"0e186a8e8b847b815af0b524ee80a5785d5868c9d4d0683015cb2921de64c9e8-1","properties":{"facility_id":"0e186a8e8b847b815af0b524ee80a5785d5868c9d4d0683015cb2921de64c9e8","point_ordinal":1,"zone_group_id":"272901008064","source_manage_no":"272901008069","facility_name":"효성초등학교","sgg_code":"27290","facility_type_code":"1","api_first_registered_on":null,"api_last_modified_on":null,"updated_at":"2026-07-25T01:27:52.347112+00:00"},"geometry":{"type":"Point","coordinates":[128.543945986,35.824544603]}},{"type":"Feature","id":"b0e5e69fe21d1bae6d0445beddb6a8f65426d17de6b323e4051b377b9b201b49-1","properties":{"facility_id":"b0e5e69fe21d1bae6d0445beddb6a8f65426d17de6b323e4051b377b9b201b49","point_ordinal":1,"zone_group_id":"272901008002","source_manage_no":"272901008002","facility_name":"대곡가야유치원","sgg_code":"27290","facility_type_code":"1","api_first_registered_on":null,"api_last_modified_on":null,"updated_at":"2026-07-25T01:27:52.347112+00:00"},"geometry":{"type":"Point","coordinates":[128.509481192,35.807709053]}},{"type":"Feature","id":"80ae7be7ac05f1c9f183ee6586dee501bc7c3f1e894a63c9e944fde4c6a5d81e-1","properties":{"facility_id":"80ae7be7ac05f1c9f183ee6586dee501bc7c3f1e894a63c9e944fde4c6a5d81e","point_ordinal":1,"zone_group_id":"272901008096","source_manage_no":"272901008039","facility_name":"대구상원유치원","sgg_code":"27290","facility_type_code":"1","api_first_registered_on":null,"api_last_modified_on":null,"updated_at":"2026-07-25T01:27:52.347112+00:00"},"geometry":{"type":"Point","coordinates":[128.536529217,35.82286876]}},{"type":"Feature","id":"c872debec3f2fb7d14ee5fed54f15fa205831b28f55af11bbebc02950066a683-1","properties":{"facility_id":"c872debec3f2fb7d14ee5fed54f15fa205831b28f55af11bbebc02950066a683","point_ordinal":1,"zone_group_id":"272901008058","source_manage_no":"272901008058","facility_name":"동그라미유치원","sgg_code":"27290","facility_type_code":"1","api_first_registered_on":null,"api_last_modified_on":null,"updated_at":"2026-07-25T01:27:52.347112+00:00"},"geometry":{"type":"Point","coordinates":[128.554156978,35.829044477]}},{"type":"Feature","id":"66d5941626de1b41e5b898299d318739e106c3d4441af45ddff342a2caff1f60-1","properties":{"facility_id":"66d5941626de1b41e5b898299d318739e106c3d4441af45ddff342a2caff1f60","point_ordinal":1,"zone_group_id":"272901008027","source_manage_no":"272901008026","facility_name":"롯데가야유치원","sgg_code":"27290","facility_type_code":"1","api_first_registered_on":null,"api_last_modified_on":null,"updated_at":"2026-07-25T01:27:52.347112+00:00"},"geometry":{"type":"Point","coordinates":[128.547203459,35.83823819]}},{"type":"Feature","id":"eb2726d8a30dc73b1155319775f68ec70b8f2967f2a8889887582f069d455273-1","properties":{"facility_id":"eb2726d8a30dc73b1155319775f68ec70b8f2967f2a8889887582f069d455273","point_ordinal":1,"zone_group_id":"272901008000","source_manage_no":"272901007994","facility_name":"무지개어린이집","sgg_code":"27290","facility_type_code":"1","api_first_registered_on":null,"api_last_modified_on":null,"updated_at":"2026-07-25T01:27:52.347112+00:00"},"geometry":{"type":"Point","coordinates":[128.5424372,35.845456136]}},{"type":"Feature","id":"b5950e3e426c606763af02966634103c10269b49eedf08c314f305724b71ff7d-1","properties":{"facility_id":"b5950e3e426c606763af02966634103c10269b49eedf08c314f305724b71ff7d","point_ordinal":1,"zone_group_id":"272901007993","source_manage_no":"272901007996","facility_name":"미리내어린이집","sgg_code":"27290","facility_type_code":"1","api_first_registered_on":null,"api_last_modified_on":null,"updated_at":"2026-07-25T01:27:52.347112+00:00"},"geometry":{"type":"Point","coordinates":[128.543337713,35.84995617]}},{"type":"Feature","id":"8f42ca14fb9a665179e183121d10cd981724db56227ba6b8e97b04da19eee74c-1","properties":{"facility_id":"8f42ca14fb9a665179e183121d10cd981724db56227ba6b8e97b04da19eee74c","point_ordinal":1,"zone_group_id":"272901008096","source_manage_no":"272901008038","facility_name":"보성은하유치원","sgg_code":"27290","facility_type_code":"1","api_first_registered_on":null,"api_last_modified_on":null,"updated_at":"2026-07-25T01:27:52.347112+00:00"},"geometry":{"type":"Point","coordinates":[128.535361007,35.824123001]}},{"type":"Feature","id":"a42e459a5a1fa233c97489ffe698e33d027f33854b1b0a428c76f7361eb5833b-1","properties":{"facility_id":"a42e459a5a1fa233c97489ffe698e33d027f33854b1b0a428c76f7361eb5833b","point_ordinal":1,"zone_group_id":"272901008143","source_manage_no":"272901008138","facility_name":"사랑마을유치원","sgg_code":"27290","facility_type_code":"1","api_first_registered_on":null,"api_last_modified_on":null,"updated_at":"2026-07-25T01:27:52.347112+00:00"},"geometry":{"type":"Point","coordinates":[128.527594431,35.809890664]}},{"type":"Feature","id":"f977a83bfacc9565ffdd9e5bed373705ad7471369fe6bf6c2a905d957752a1c7-1","properties":{"facility_id":"f977a83bfacc9565ffdd9e5bed373705ad7471369fe6bf6c2a905d957752a1c7","point_ordinal":1,"zone_group_id":"272901008142","source_manage_no":"272901008139","facility_name":"상록수어린이집","sgg_code":"27290","facility_type_code":"1","api_first_registered_on":null,"api_last_modified_on":null,"updated_at":"2026-07-25T01:27:52.347112+00:00"},"geometry":{"type":"Point","coordinates":[128.525604129,35.816930943]}},{"type":"Feature","id":"e272b7db74ea437bd7e3f23bebe562fbf8bd811686fab7036c3e7e2d5320cc77-1","properties":{"facility_id":"e272b7db74ea437bd7e3f23bebe562fbf8bd811686fab7036c3e7e2d5320cc77","point_ordinal":1,"zone_group_id":"272901008097","source_manage_no":"272901008006","facility_name":"썸머힐어린이집","sgg_code":"27290","facility_type_code":"1","api_first_registered_on":null,"api_last_modified_on":null,"updated_at":"2026-07-25T01:27:52.347112+00:00"},"geometry":{"type":"Point","coordinates":[128.519501001,35.817487747]}},{"type":"Feature","id":"15e813094c6f8edd28b7132d5a160717f2af23902718e80a105e5fe6f822b061-1","properties":{"facility_id":"15e813094c6f8edd28b7132d5a160717f2af23902718e80a105e5fe6f822b061","point_ordinal":1,"zone_group_id":"272901008140","source_manage_no":"272901008140","facility_name":"아이비어린이집","sgg_code":"27290","facility_type_code":"1","api_first_registered_on":null,"api_last_modified_on":null,"updated_at":"2026-07-25T01:27:52.347112+00:00"},"geometry":{"type":"Point","coordinates":[128.524352468,35.809972429]}},{"type":"Feature","id":"b4c4465dafef2c84e853681cd273785de59fd32365fb4269f2baf687a496f592-1","properties":{"facility_id":"b4c4465dafef2c84e853681cd273785de59fd32365fb4269f2baf687a496f592","point_ordinal":1,"zone_group_id":"272901008079","source_manage_no":"272901008116","facility_name":"아이세상유치원","sgg_code":"27290","facility_type_code":"1","api_first_registered_on":null,"api_last_modified_on":null,"updated_at":"2026-07-25T01:27:52.347112+00:00"},"geometry":{"type":"Point","coordinates":[128.51349555,35.859678103]}},{"type":"Feature","id":"84545ec1f26a63610c82fbbbe1abae17d298d8fe4789d760d6256cbf80997e43-1","properties":{"facility_id":"84545ec1f26a63610c82fbbbe1abae17d298d8fe4789d760d6256cbf80997e43","point_ordinal":1,"zone_group_id":"272901008084","source_manage_no":"272901008086","facility_name":"은하수어린이집","sgg_code":"27290","facility_type_code":"1","api_first_registered_on":null,"api_last_modified_on":null,"updated_at":"2026-07-25T01:27:52.347112+00:00"},"geometry":{"type":"Point","coordinates":[128.531953261,35.852479713]}},{"type":"Feature","id":"71077e2a1638e19e0790d9afee297cf097a8990c774a7695d2a17c25b5496bde-1","properties":{"facility_id":"71077e2a1638e19e0790d9afee297cf097a8990c774a7695d2a17c25b5496bde","point_ordinal":1,"zone_group_id":"272901008089","source_manage_no":"272901008089","facility_name":"자연과학유치원","sgg_code":"27290","facility_type_code":"1","api_first_registered_on":null,"api_last_modified_on":null,"updated_at":"2026-07-25T01:27:52.347112+00:00"},"geometry":{"type":"Point","coordinates":[128.522132322,35.856901901]}},{"type":"Feature","id":"d94cfdcc0be50ae7031c8dda0d67d7e59e8566c99a4f1652a4688a9da571f95e-1","properties":{"facility_id":"d94cfdcc0be50ae7031c8dda0d67d7e59e8566c99a4f1652a4688a9da571f95e","point_ordinal":1,"zone_group_id":"272901008066","source_manage_no":"272901008066","facility_name":"큰사랑어린이집","sgg_code":"27290","facility_type_code":"1","api_first_registered_on":null,"api_last_modified_on":null,"updated_at":"2026-07-25T01:27:52.347112+00:00"},"geometry":{"type":"Point","coordinates":[128.547415767,35.833331791]}},{"type":"Feature","id":"d8bc1cd4b397942c5660829b5bee0390e7fa8066d23caa819c487a2a0b46300c-1","properties":{"facility_id":"d8bc1cd4b397942c5660829b5bee0390e7fa8066d23caa819c487a2a0b46300c","point_ordinal":1,"zone_group_id":"272901008121","source_manage_no":"272901008121","facility_name":"토마토어린이집","sgg_code":"27290","facility_type_code":"1","api_first_registered_on":null,"api_last_modified_on":null,"updated_at":"2026-07-25T01:27:52.347112+00:00"},"geometry":{"type":"Point","coordinates":[128.514428825,35.850347976]}},{"type":"Feature","id":"da130e61bcb0f2107a0f1343e906cd97867ac94f86edd10c253b8f744b28ce5f-1","properties":{"facility_id":"da130e61bcb0f2107a0f1343e906cd97867ac94f86edd10c253b8f744b28ce5f","point_ordinal":1,"zone_group_id":"272901008055","source_manage_no":"272901008055","facility_name":"파프리카유치원","sgg_code":"27290","facility_type_code":"1","api_first_registered_on":null,"api_last_modified_on":null,"updated_at":"2026-07-25T01:27:52.347112+00:00"},"geometry":{"type":"Point","coordinates":[128.549282156,35.838860172]}},{"type":"Feature","id":"f106c0914d215f4c10fe2574fbedea982ed9768ae28eb5dd5bc2b4cbfb0e619a-1","properties":{"facility_id":"f106c0914d215f4c10fe2574fbedea982ed9768ae28eb5dd5bc2b4cbfb0e619a","point_ordinal":1,"zone_group_id":"272901008049","source_manage_no":"272901008049","facility_name":"하나렘어린이집","sgg_code":"27290","facility_type_code":"1","api_first_registered_on":null,"api_last_modified_on":null,"updated_at":"2026-07-25T01:27:52.347112+00:00"},"geometry":{"type":"Point","coordinates":[128.538991654,35.819845256]}},{"type":"Feature","id":"0127cb89110042ca9bb2aebd926d829b41d9e3784bf6714d59f5653a6e456874-1","properties":{"facility_id":"0127cb89110042ca9bb2aebd926d829b41d9e3784bf6714d59f5653a6e456874","point_ordinal":1,"zone_group_id":"272901008097","source_manage_no":"272901008104","facility_name":"하늘꿈어린이집","sgg_code":"27290","facility_type_code":"1","api_first_registered_on":null,"api_last_modified_on":null,"updated_at":"2026-07-25T01:27:52.347112+00:00"},"geometry":{"type":"Point","coordinates":[128.520591751,35.8240059]}},{"type":"Feature","id":"67fdca356bf407e5a87a06122ad57293e0ebdc44fb2eb991aef75b69e3b38714-1","properties":{"facility_id":"67fdca356bf407e5a87a06122ad57293e0ebdc44fb2eb991aef75b69e3b38714","point_ordinal":1,"zone_group_id":"272901008127","source_manage_no":"272901008130","facility_name":"하늘정원유치원","sgg_code":"27290","facility_type_code":"1","api_first_registered_on":null,"api_last_modified_on":null,"updated_at":"2026-07-25T01:27:52.347112+00:00"},"geometry":{"type":"Point","coordinates":[128.528109942,35.843857578]}},{"type":"Feature","id":"178ceca109cc95f60d728fb567897ca495b3a8a678d8a9336dc120e065476883-1","properties":{"facility_id":"178ceca109cc95f60d728fb567897ca495b3a8a678d8a9336dc120e065476883","point_ordinal":1,"zone_group_id":"272901008070","source_manage_no":"272901008070","facility_name":"행복나무유치원","sgg_code":"27290","facility_type_code":"1","api_first_registered_on":null,"api_last_modified_on":null,"updated_at":"2026-07-25T01:27:52.347112+00:00"},"geometry":{"type":"Point","coordinates":[128.496398092,35.858126165]}},{"type":"Feature","id":"cb6c3cc10e6e47d29d992a81ef1edb5a3b71ecdeae7d359f7d5cbfbf223d3687-1","properties":{"facility_id":"cb6c3cc10e6e47d29d992a81ef1edb5a3b71ecdeae7d359f7d5cbfbf223d3687","point_ordinal":1,"zone_group_id":"272901008005","source_manage_no":"272901008005","facility_name":"행복한어린이집","sgg_code":"27290","facility_type_code":"1","api_first_registered_on":null,"api_last_modified_on":null,"updated_at":"2026-07-25T01:27:52.347112+00:00"},"geometry":{"type":"Point","coordinates":[128.516766296,35.804420003]}},{"type":"Feature","id":"d878821305f442a81f9aba9d51f2c6c6fb5376a4bc6ba56d0b37c3c99c98c7bd-1","properties":{"facility_id":"d878821305f442a81f9aba9d51f2c6c6fb5376a4bc6ba56d0b37c3c99c98c7bd","point_ordinal":1,"zone_group_id":"272901007993","source_manage_no":"272901007993","facility_name":"대구감삼초등학교","sgg_code":"27290","facility_type_code":"1","api_first_registered_on":null,"api_last_modified_on":null,"updated_at":"2026-07-25T01:27:52.347112+00:00"},"geometry":{"type":"Point","coordinates":[128.545015259,35.848679394]}},{"type":"Feature","id":"0c7e1f14c8445bf6e366d0eb204b3513593cf8977fa358a0b5c50fec216651d6-1","properties":{"facility_id":"0c7e1f14c8445bf6e366d0eb204b3513593cf8977fa358a0b5c50fec216651d6","point_ordinal":1,"zone_group_id":"272901008092","source_manage_no":"272901008092","facility_name":"대구감천초등학교","sgg_code":"27290","facility_type_code":"1","api_first_registered_on":null,"api_last_modified_on":null,"updated_at":"2026-07-25T01:27:52.347112+00:00"},"geometry":{"type":"Point","coordinates":[128.533370275,35.834517246]}},{"type":"Feature","id":"b1f1ba393584a1939951595dc4ad20519fde743f94106d58112edcead07bd199-1","properties":{"facility_id":"b1f1ba393584a1939951595dc4ad20519fde743f94106d58112edcead07bd199","point_ordinal":1,"zone_group_id":"272901008051","source_manage_no":"272901008051","facility_name":"대구남부초등학교","sgg_code":"27290","facility_type_code":"1","api_first_registered_on":null,"api_last_modified_on":null,"updated_at":"2026-07-25T01:27:52.347112+00:00"},"geometry":{"type":"Point","coordinates":[128.549927589,35.844146752]}},{"type":"Feature","id":"4c41747a933e9860196bcbb47d268b680d12b564dfc176bf4bcb45457e1298d1-1","properties":{"facility_id":"4c41747a933e9860196bcbb47d268b680d12b564dfc176bf4bcb45457e1298d1","point_ordinal":1,"zone_group_id":"272901008022","source_manage_no":"272901008022","facility_name":"대구남송초등학교","sgg_code":"27290","facility_type_code":"1","api_first_registered_on":null,"api_last_modified_on":null,"updated_at":"2026-07-25T01:27:52.347112+00:00"},"geometry":{"type":"Point","coordinates":[128.544796524,35.834535651]}},{"type":"Feature","id":"20eae2b4278d04635d730ce94e97e4af150ef4871dadc9e99ae3c141c0e8b849-1","properties":{"facility_id":"20eae2b4278d04635d730ce94e97e4af150ef4871dadc9e99ae3c141c0e8b849","point_ordinal":1,"zone_group_id":"272901008016","source_manage_no":"272901008016","facility_name":"대구내당초등학교","sgg_code":"27290","facility_type_code":"1","api_first_registered_on":null,"api_last_modified_on":null,"updated_at":"2026-07-25T01:27:52.347112+00:00"},"geometry":{"type":"Point","coordinates":[128.573067332,35.860368874]}},{"type":"Feature","id":"9fc2cf350910709ea2ef04f3f045c24407dc925289f2fc0be76628b8390cf692-1","properties":{"facility_id":"9fc2cf350910709ea2ef04f3f045c24407dc925289f2fc0be76628b8390cf692","point_ordinal":1,"zone_group_id":"272901007997","source_manage_no":"272901007997","facility_name":"대구본리초등학교","sgg_code":"27290","facility_type_code":"1","api_first_registered_on":null,"api_last_modified_on":null,"updated_at":"2026-07-25T01:27:52.347112+00:00"},"geometry":{"type":"Point","coordinates":[128.538627284,35.844551496]}},{"type":"Feature","id":"2f2f6f35ddb1553407dcaa48ae2b390038797b01e60661ad8aa8ffaef1927817-1","properties":{"facility_id":"2f2f6f35ddb1553407dcaa48ae2b390038797b01e60661ad8aa8ffaef1927817","point_ordinal":1,"zone_group_id":"272901008019","source_manage_no":"272901008019","facility_name":"대구성남초등학교","sgg_code":"27290","facility_type_code":"1","api_first_registered_on":null,"api_last_modified_on":null,"updated_at":"2026-07-25T01:27:52.347112+00:00"},"geometry":{"type":"Point","coordinates":[128.572001426,35.853589599]}},{"type":"Feature","id":"a41f84d58654704b1ec49be88d6329f74878d118aaafa55c66d06ae07f347e5a-1","properties":{"facility_id":"a41f84d58654704b1ec49be88d6329f74878d118aaafa55c66d06ae07f347e5a","point_ordinal":1,"zone_group_id":"272901008115","source_manage_no":"272901008082","facility_name":"대구성지초등학교","sgg_code":"27290","facility_type_code":"1","api_first_registered_on":null,"api_last_modified_on":null,"updated_at":"2026-07-25T01:27:52.347112+00:00"},"geometry":{"type":"Point","coordinates":[128.518099647,35.852498731]}},{"type":"Feature","id":"78855ccbefad77b4495374bd261d68d4260668dd76ded1ae5e8540a72a6e29cd-1","properties":{"facility_id":"78855ccbefad77b4495374bd261d68d4260668dd76ded1ae5e8540a72a6e29cd","point_ordinal":1,"zone_group_id":"272901008132","source_manage_no":"272901008132","facility_name":"대구예술어린이집","sgg_code":"27290","facility_type_code":"1","api_first_registered_on":null,"api_last_modified_on":null,"updated_at":"2026-07-25T01:27:52.347112+00:00"},"geometry":{"type":"Point","coordinates":[128.540218289,35.852760052]}},{"type":"Feature","id":"67170f4997741fbe45286b25c89bd34453103e177b97e0cd2ae1c8c02e145f84-1","properties":{"facility_id":"67170f4997741fbe45286b25c89bd34453103e177b97e0cd2ae1c8c02e145f84","point_ordinal":1,"zone_group_id":"272901008097","source_manage_no":"272901008107","facility_name":"대구용천초등학교","sgg_code":"27290","facility_type_code":"1","api_first_registered_on":null,"api_last_modified_on":null,"updated_at":"2026-07-25T01:27:52.347112+00:00"},"geometry":{"type":"Point","coordinates":[128.512808607,35.819590906]}},{"type":"Feature","id":"2738c37619f8e3a54a2aa35e017cba5f89b6c45a9199caf3546d29de3dde9611-1","properties":{"facility_id":"2738c37619f8e3a54a2aa35e017cba5f89b6c45a9199caf3546d29de3dde9611","point_ordinal":1,"zone_group_id":"272901008103","source_manage_no":"272901008046","facility_name":"대구월서초등학교","sgg_code":"27290","facility_type_code":"1","api_first_registered_on":null,"api_last_modified_on":null,"updated_at":"2026-07-25T01:27:52.347112+00:00"},"geometry":{"type":"Point","coordinates":[128.53139534,35.821362217]}},{"type":"Feature","id":"a794c67b31e4cc54f45821cfdcefd205a21e87077bc966fe493d7653c903a0ec-1","properties":{"facility_id":"a794c67b31e4cc54f45821cfdcefd205a21e87077bc966fe493d7653c903a0ec","point_ordinal":1,"zone_group_id":"272901008101","source_manage_no":"272901008101","facility_name":"대구월암초등학교","sgg_code":"27290","facility_type_code":"1","api_first_registered_on":null,"api_last_modified_on":null,"updated_at":"2026-07-25T01:27:52.347112+00:00"},"geometry":{"type":"Point","coordinates":[128.52241105,35.828615517]}},{"type":"Feature","id":"9338f71453374ece548d7b4634e3c50ff71254021768f654322594c27d78fa3e-1","properties":{"facility_id":"9338f71453374ece548d7b4634e3c50ff71254021768f654322594c27d78fa3e","point_ordinal":1,"zone_group_id":"272901008108","source_manage_no":"272901008108","facility_name":"대구유천초등학교","sgg_code":"27290","facility_type_code":"1","api_first_registered_on":null,"api_last_modified_on":null,"updated_at":"2026-07-25T01:27:52.347112+00:00"},"geometry":{"type":"Point","coordinates":[128.51140876,35.812209758]}},{"type":"Feature","id":"c9e159fb2884f5d5c2181ddfb145bede1808bc1cf83a61d4b351a52867034cd8-1","properties":{"facility_id":"c9e159fb2884f5d5c2181ddfb145bede1808bc1cf83a61d4b351a52867034cd8","point_ordinal":1,"zone_group_id":"272901008128","source_manage_no":"272901008128","facility_name":"대구장동초등학교","sgg_code":"27290","facility_type_code":"1","api_first_registered_on":null,"api_last_modified_on":null,"updated_at":"2026-07-25T01:27:52.347112+00:00"},"geometry":{"type":"Point","coordinates":[128.532369471,35.844954682]}},{"type":"Feature","id":"6b28a524078e4bb1a6d886af5378a5be6977860cfd7ad04b94c3717cb458bc27-1","properties":{"facility_id":"6b28a524078e4bb1a6d886af5378a5be6977860cfd7ad04b94c3717cb458bc27","point_ordinal":1,"zone_group_id":"272901008129","source_manage_no":"272901008129","facility_name":"대구장성초등학교","sgg_code":"27290","facility_type_code":"1","api_first_registered_on":null,"api_last_modified_on":null,"updated_at":"2026-07-25T01:27:52.347112+00:00"},"geometry":{"type":"Point","coordinates":[128.523743308,35.850449288]}},{"type":"Feature","id":"5b4548705c6ab0240711b589c1df97e798b00360baceb2bb69823c07a3fddcb8-1","properties":{"facility_id":"5b4548705c6ab0240711b589c1df97e798b00360baceb2bb69823c07a3fddcb8","point_ordinal":1,"zone_group_id":"272901020507","source_manage_no":"272901020507","facility_name":"대구죽전초등학교","sgg_code":"27290","facility_type_code":"1","api_first_registered_on":null,"api_last_modified_on":null,"updated_at":"2026-07-25T01:27:52.347112+00:00"},"geometry":{"type":"Point","coordinates":[128.539957053,35.857555819]}},{"type":"Feature","id":"7578d25373d2d648718362ad4dfcc55f475e45698e315fe0454ad1598242a2af-1","properties":{"facility_id":"7578d25373d2d648718362ad4dfcc55f475e45698e315fe0454ad1598242a2af","point_ordinal":1,"zone_group_id":"272901008143","source_manage_no":"272901008143","facility_name":"대구진월초등학교","sgg_code":"27290","facility_type_code":"1","api_first_registered_on":null,"api_last_modified_on":null,"updated_at":"2026-07-25T01:27:52.347112+00:00"},"geometry":{"type":"Point","coordinates":[128.527765402,35.811133378]}},{"type":"Feature","id":"73e671772ee2815609669f506e4e0a9452cfcaffe8a78b4d7ffb926afbc19800-1","properties":{"facility_id":"73e671772ee2815609669f506e4e0a9452cfcaffe8a78b4d7ffb926afbc19800","point_ordinal":1,"zone_group_id":"272901008097","source_manage_no":"272901008007","facility_name":"대구한샘초등학교","sgg_code":"27290","facility_type_code":"1","api_first_registered_on":null,"api_last_modified_on":null,"updated_at":"2026-07-25T01:27:52.347112+00:00"},"geometry":{"type":"Point","coordinates":[128.518714827,35.816601852]}},{"type":"Feature","id":"ed5bfba761752cac704cdef678e0d6ebe46cbeb1daf59f76fbe3cbfb5df68035-1","properties":{"facility_id":"ed5bfba761752cac704cdef678e0d6ebe46cbeb1daf59f76fbe3cbfb5df68035","point_ordinal":1,"zone_group_id":"272901008097","source_manage_no":"272901008110","facility_name":"대구한솔초등학교","sgg_code":"27290","facility_type_code":"1","api_first_registered_on":null,"api_last_modified_on":null,"updated_at":"2026-07-25T01:27:52.347112+00:00"},"geometry":{"type":"Point","coordinates":[128.516308578,35.816270607]}},{"type":"Feature","id":"8c86502f37efdf762d3fb4bf1eb0b6aa056a7b43e4af0b56d074279a33532337-1","properties":{"facility_id":"8c86502f37efdf762d3fb4bf1eb0b6aa056a7b43e4af0b56d074279a33532337","point_ordinal":1,"zone_group_id":"272901020508","source_manage_no":"272901020508","facility_name":"대구한실초등학교","sgg_code":"27290","facility_type_code":"1","api_first_registered_on":null,"api_last_modified_on":null,"updated_at":"2026-07-25T01:27:52.347112+00:00"},"geometry":{"type":"Point","coordinates":[128.528593687,35.798190853]}},{"type":"Feature","id":"a395d4bb4ccbc741b8aa379c02e38c226d42bd99645bc13453b4a71aafdebb6e-1","properties":{"facility_id":"a395d4bb4ccbc741b8aa379c02e38c226d42bd99645bc13453b4a71aafdebb6e","point_ordinal":1,"zone_group_id":"272901008137","source_manage_no":"272901008137","facility_name":"사랑마을어린이집","sgg_code":"27290","facility_type_code":"1","api_first_registered_on":null,"api_last_modified_on":null,"updated_at":"2026-07-25T01:27:52.347112+00:00"},"geometry":{"type":"Point","coordinates":[128.525334199,35.813155641]}},{"type":"Feature","id":"17c77f3a1d8b8162840ce52ac58bc66519088164b1cff39f61c18d9d34b7368e-1","properties":{"facility_id":"17c77f3a1d8b8162840ce52ac58bc66519088164b1cff39f61c18d9d34b7368e","point_ordinal":1,"zone_group_id":"272901020444","source_manage_no":"272901020444","facility_name":"아이사랑어린이집","sgg_code":"27290","facility_type_code":"1","api_first_registered_on":null,"api_last_modified_on":"2025-05-08","updated_at":"2026-07-25T01:27:52.347112+00:00"},"geometry":{"type":"Point","coordinates":[128.550996593,35.840355026]}},{"type":"Feature","id":"400bd2cb98d9f8f1e43cdecd3a5aae4dc5bc674cf04f65a4991e66e20f86f514-1","properties":{"facility_id":"400bd2cb98d9f8f1e43cdecd3a5aae4dc5bc674cf04f65a4991e66e20f86f514","point_ordinal":1,"zone_group_id":"272901008126","source_manage_no":"272901008126","facility_name":"우리아이어린이집","sgg_code":"27290","facility_type_code":"1","api_first_registered_on":null,"api_last_modified_on":null,"updated_at":"2026-07-25T01:27:52.347112+00:00"},"geometry":{"type":"Point","coordinates":[128.533038024,35.843048975]}},{"type":"Feature","id":"91ebde0329085417220009d5d61766f35abbe426fd97839b56ca27ab633711dd-1","properties":{"facility_id":"91ebde0329085417220009d5d61766f35abbe426fd97839b56ca27ab633711dd","point_ordinal":1,"zone_group_id":"272901008109","source_manage_no":"272901008109","facility_name":"자연과예술유치원","sgg_code":"27290","facility_type_code":"1","api_first_registered_on":null,"api_last_modified_on":null,"updated_at":"2026-07-25T01:27:52.347112+00:00"},"geometry":{"type":"Point","coordinates":[128.516146549,35.812241926]}},{"type":"Feature","id":"cf85636306eeac2365b1d4a8c5a96582676d70bb1335de3f5e6cb9639a7eea69-1","properties":{"facility_id":"cf85636306eeac2365b1d4a8c5a96582676d70bb1335de3f5e6cb9639a7eea69","point_ordinal":1,"zone_group_id":"272901008031","source_manage_no":"272901008031","facility_name":"가톨릭소화어린이집","sgg_code":"27290","facility_type_code":"1","api_first_registered_on":null,"api_last_modified_on":null,"updated_at":"2026-07-25T01:27:52.347112+00:00"},"geometry":{"type":"Point","coordinates":[128.536147171,35.814766896]}},{"type":"Feature","id":"5c3bb6ed521c5dc37ec05532e28a9cbc1da52af21d858cdd37cde65c8a1117e3-1","properties":{"facility_id":"5c3bb6ed521c5dc37ec05532e28a9cbc1da52af21d858cdd37cde65c8a1117e3","point_ordinal":1,"zone_group_id":"272902008152","source_manage_no":"272902008152","facility_name":"비둘기아파트경로당","sgg_code":"27290","facility_type_code":"2","api_first_registered_on":null,"api_last_modified_on":null,"updated_at":"2026-07-25T01:27:52.347112+00:00"},"geometry":{"type":"Point","coordinates":[128.553264576,35.809262769]}},{"type":"Feature","id":"31c41e74d03b70a80b3d6534590d6954aae6500f3f2ed0c470c215e3637664d9-1","properties":{"facility_id":"31c41e74d03b70a80b3d6534590d6954aae6500f3f2ed0c470c215e3637664d9","point_ordinal":1,"zone_group_id":"272902008153","source_manage_no":"272902008153","facility_name":"성서노인종합복지관","sgg_code":"27290","facility_type_code":"2","api_first_registered_on":null,"api_last_modified_on":null,"updated_at":"2026-07-25T01:27:52.347112+00:00"},"geometry":{"type":"Point","coordinates":[128.514487506,35.859300086]}},{"type":"Feature","id":"96153eeecf22d95385471a82e7b1ea7b1070ec9069b1e8afe6550110f464780f-1","properties":{"facility_id":"96153eeecf22d95385471a82e7b1ea7b1070ec9069b1e8afe6550110f464780f","point_ordinal":1,"zone_group_id":"272901008043","source_manage_no":"272901008043","facility_name":"플레이키즈어린이집","sgg_code":"27290","facility_type_code":"1","api_first_registered_on":null,"api_last_modified_on":null,"updated_at":"2026-07-25T01:27:52.347112+00:00"},"geometry":{"type":"Point","coordinates":[128.550142281,35.809181898]}},{"type":"Feature","id":"b291e1c25b2be61ac24d556321b40a863756449b75fc2b79dcb9ee01e7dee281-1","properties":{"facility_id":"b291e1c25b2be61ac24d556321b40a863756449b75fc2b79dcb9ee01e7dee281","point_ordinal":1,"zone_group_id":"272902008151","source_manage_no":"272902008151","facility_name":"달서구노인종합복지관","sgg_code":"27290","facility_type_code":"2","api_first_registered_on":null,"api_last_modified_on":null,"updated_at":"2026-07-25T01:27:52.347112+00:00"},"geometry":{"type":"Point","coordinates":[128.541488928,35.833906215]}},{"type":"Feature","id":"c03b7b05bd5144f0238984924c24594e1be4c9c9b3c7f1ef99f47fd9ff82f0f3-1","properties":{"facility_id":"c03b7b05bd5144f0238984924c24594e1be4c9c9b3c7f1ef99f47fd9ff82f0f3","point_ordinal":1,"zone_group_id":"272901008093","source_manage_no":"272901008099","facility_name":"월성아이세상어린이집","sgg_code":"27290","facility_type_code":"1","api_first_registered_on":null,"api_last_modified_on":null,"updated_at":"2026-07-25T01:27:52.347112+00:00"},"geometry":{"type":"Point","coordinates":[128.526088361,35.822732957]}},{"type":"Feature","id":"18629594e3a61cb34f60a9794c9c58dd45090a9805cb742073f64a2e3e1b5db7-1","properties":{"facility_id":"18629594e3a61cb34f60a9794c9c58dd45090a9805cb742073f64a2e3e1b5db7","point_ordinal":1,"zone_group_id":"272901007993","source_manage_no":"272901029977","facility_name":"감삼초등학교병설유치원","sgg_code":"27290","facility_type_code":"1","api_first_registered_on":null,"api_last_modified_on":"2026-03-04","updated_at":"2026-07-25T01:27:52.347112+00:00"},"geometry":{"type":"Point","coordinates":[128.545015936,35.848669345]}},{"type":"Feature","id":"fccd424c7aa7231bcdf025640ad983f788cdf4fe0bd459fe4711927392ebe91d-1","properties":{"facility_id":"fccd424c7aa7231bcdf025640ad983f788cdf4fe0bd459fe4711927392ebe91d","point_ordinal":1,"zone_group_id":"272901008025","source_manage_no":"272901028650","facility_name":"덕인초등학교병설유치원","sgg_code":"27290","facility_type_code":"1","api_first_registered_on":null,"api_last_modified_on":"2025-03-21","updated_at":"2026-07-25T01:27:52.347112+00:00"},"geometry":{"type":"Point","coordinates":[128.535893213,35.83872493]}},{"type":"Feature","id":"c7c8fd6c2140b5f7391897da3cdeaf5baeb5c365fab84d56cf0d048848bdea46-1","properties":{"facility_id":"c7c8fd6c2140b5f7391897da3cdeaf5baeb5c365fab84d56cf0d048848bdea46","point_ordinal":1,"zone_group_id":"272901008019","source_manage_no":"272901028652","facility_name":"성남초등학교병설유치원","sgg_code":"27290","facility_type_code":"1","api_first_registered_on":null,"api_last_modified_on":"2025-03-21","updated_at":"2026-07-25T01:27:52.347112+00:00"},"geometry":{"type":"Point","coordinates":[128.572001833,35.853406244]}},{"type":"Feature","id":"9e7b08d5d0d2f258247261e72a1191fda4a35229447acc9a8964892036cd1747-1","properties":{"facility_id":"9e7b08d5d0d2f258247261e72a1191fda4a35229447acc9a8964892036cd1747","point_ordinal":1,"zone_group_id":"272901008020","source_manage_no":"272901028655","facility_name":"신흥초등학교병설유치원","sgg_code":"27290","facility_type_code":"1","api_first_registered_on":null,"api_last_modified_on":"2025-03-21","updated_at":"2026-07-25T01:27:52.347112+00:00"},"geometry":{"type":"Point","coordinates":[128.557065129,35.856295216]}},{"type":"Feature","id":"6122b28b892487d7f6a45cecc1ec1162b9628837cd996f5d48f3ceae0ab93be7-1","properties":{"facility_id":"6122b28b892487d7f6a45cecc1ec1162b9628837cd996f5d48f3ceae0ab93be7","point_ordinal":1,"zone_group_id":"272901008127","source_manage_no":"272901028658","facility_name":"장기초등학교병설유치원","sgg_code":"27290","facility_type_code":"1","api_first_registered_on":null,"api_last_modified_on":"2025-03-21","updated_at":"2026-07-25T01:27:52.347112+00:00"},"geometry":{"type":"Point","coordinates":[128.529616348,35.843819936]}},{"type":"Feature","id":"a05f4d1a112676c7fe03596ca8fec40d227969ff99bfe6874f1fbef58a6230fa-1","properties":{"facility_id":"a05f4d1a112676c7fe03596ca8fec40d227969ff99bfe6874f1fbef58a6230fa","point_ordinal":1,"zone_group_id":"272901008128","source_manage_no":"272901028659","facility_name":"장동초등학교병설유치원","sgg_code":"27290","facility_type_code":"1","api_first_registered_on":null,"api_last_modified_on":"2025-03-21","updated_at":"2026-07-25T01:27:52.347112+00:00"},"geometry":{"type":"Point","coordinates":[128.532370163,35.844861724]}},{"type":"Feature","id":"170a7cd8f47ff16b396707c5cdfb355a65e4c8ef0e43e91afae95c4a564b142c-1","properties":{"facility_id":"170a7cd8f47ff16b396707c5cdfb355a65e4c8ef0e43e91afae95c4a564b142c","point_ordinal":1,"zone_group_id":"272901008090","source_manage_no":"272901028660","facility_name":"장산초등학교병설유치원","sgg_code":"27290","facility_type_code":"1","api_first_registered_on":null,"api_last_modified_on":"2025-03-21","updated_at":"2026-07-25T01:27:52.347112+00:00"},"geometry":{"type":"Point","coordinates":[128.527126873,35.854250935]}},{"type":"Feature","id":"cb0da274849a04f1851f4d45564a38b078e6644042a5b582212317e9b6385526-1","properties":{"facility_id":"cb0da274849a04f1851f4d45564a38b078e6644042a5b582212317e9b6385526","point_ordinal":1,"zone_group_id":"272901008101","source_manage_no":"272901028664","facility_name":"학산초등학교병설유치원","sgg_code":"27290","facility_type_code":"1","api_first_registered_on":null,"api_last_modified_on":"2025-03-21","updated_at":"2026-07-25T01:27:52.347112+00:00"},"geometry":{"type":"Point","coordinates":[128.526676007,35.831020357]}},{"type":"Feature","id":"24f238e2e54b8f149c2dbe1e5c19c6527eafd9c63017a8b0250e37dc25c94d28-1","properties":{"facility_id":"24f238e2e54b8f149c2dbe1e5c19c6527eafd9c63017a8b0250e37dc25c94d28","point_ordinal":1,"zone_group_id":"272901020508","source_manage_no":"272901029978","facility_name":"한실초등학교병설유치원","sgg_code":"27290","facility_type_code":"1","api_first_registered_on":null,"api_last_modified_on":"2026-03-04","updated_at":"2026-07-25T01:27:52.347112+00:00"},"geometry":{"type":"Point","coordinates":[128.528532245,35.798335352]}},{"type":"Feature","id":"9127415fced9fb0ba0d74a669769a5b4eb09c3f5a335c085fcf193b9f75624e1-1","properties":{"facility_id":"9127415fced9fb0ba0d74a669769a5b4eb09c3f5a335c085fcf193b9f75624e1","point_ordinal":1,"zone_group_id":"272901029979","source_manage_no":"272901029980","facility_name":"호산초등학교병설유치원","sgg_code":"27290","facility_type_code":"1","api_first_registered_on":null,"api_last_modified_on":"2026-03-04","updated_at":"2026-07-25T01:27:52.347112+00:00"},"geometry":{"type":"Point","coordinates":[128.4790333,35.848898268]}},{"type":"Feature","id":"681d21d52c02e659d1771513ba771f11ddac4b2f276680a4baa0461c7fcb6ea6-1","properties":{"facility_id":"681d21d52c02e659d1771513ba771f11ddac4b2f276680a4baa0461c7fcb6ea6","point_ordinal":1,"zone_group_id":"272901008008","source_manage_no":"272901008008","facility_name":"대구교육대학 부설초등학교","sgg_code":"27290","facility_type_code":"1","api_first_registered_on":null,"api_last_modified_on":null,"updated_at":"2026-07-25T01:27:52.347112+00:00"},"geometry":{"type":"Point","coordinates":[128.531787864,35.805500127]}},{"type":"Feature","id":"ac8e048ab6931c32fdb41510b47c1526d23fa2834a71e165d928def824a209c1-1","properties":{"facility_id":"ac8e048ab6931c32fdb41510b47c1526d23fa2834a71e165d928def824a209c1","point_ordinal":1,"zone_group_id":"272902008154","source_manage_no":"272902008154","facility_name":"대구성로원,대구샘노인요양센터","sgg_code":"27290","facility_type_code":"2","api_first_registered_on":null,"api_last_modified_on":null,"updated_at":"2026-07-25T01:27:52.347112+00:00"},"geometry":{"type":"Point","coordinates":[128.521746056,35.810418353]}},{"type":"Feature","id":"307eb679be9134dfdd0b03e55d881adae93c7ec975bdbc1c3dce37d90f09608d-1","properties":{"facility_id":"307eb679be9134dfdd0b03e55d881adae93c7ec975bdbc1c3dce37d90f09608d","point_ordinal":1,"zone_group_id":"272901008028","source_manage_no":"272901008028","facility_name":"더(THE)하늘유치원","sgg_code":"27290","facility_type_code":"1","api_first_registered_on":null,"api_last_modified_on":"2026-07-09","updated_at":"2026-07-25T01:27:52.347112+00:00"},"geometry":{"type":"Point","coordinates":[128.541977904,35.842511983]}},{"type":"Feature","id":"4871ca2dab883f641c6c95b0ef2e94f5c5f4bcf2b9b4e8f0cc012445595f7ffa-1","properties":{"facility_id":"4871ca2dab883f641c6c95b0ef2e94f5c5f4bcf2b9b4e8f0cc012445595f7ffa","point_ordinal":1,"zone_group_id":"277103008155","source_manage_no":"277103008155","facility_name":"미소마을","sgg_code":"27710","facility_type_code":"3","api_first_registered_on":null,"api_last_modified_on":null,"updated_at":"2026-07-25T01:27:52.347112+00:00"},"geometry":{"type":"Point","coordinates":[128.449618618,35.851761233]}},{"type":"Feature","id":"fad32c662adb8c9c522d7e19722f7c06ebdb8efc13198b02a6b8947866ef81ee-1","properties":{"facility_id":"fad32c662adb8c9c522d7e19722f7c06ebdb8efc13198b02a6b8947866ef81ee","point_ordinal":1,"zone_group_id":"277101008167","source_manage_no":"277101008167","facility_name":"대영유치원","sgg_code":"27710","facility_type_code":"1","api_first_registered_on":"2014-08-11","api_last_modified_on":null,"updated_at":"2026-07-25T01:27:52.347112+00:00"},"geometry":{"type":"Point","coordinates":[128.450009624,35.723741828]}},{"type":"Feature","id":"ed24d5a61093b310e3555bf8acdde36cdac7ec00f820b9978770c96374da5b1d-1","properties":{"facility_id":"ed24d5a61093b310e3555bf8acdde36cdac7ec00f820b9978770c96374da5b1d","point_ordinal":1,"zone_group_id":"277102008158","source_manage_no":"277102008158","facility_name":"소망요양원","sgg_code":"27710","facility_type_code":"2","api_first_registered_on":null,"api_last_modified_on":null,"updated_at":"2026-07-25T01:27:52.347112+00:00"},"geometry":{"type":"Point","coordinates":[128.625919663,35.796982974]}},{"type":"Feature","id":"4e6c0567c173e7a6fd2512b57517d22ba5ad6b349c287ad5e17fcb3ff5511d9b-1","properties":{"facility_id":"4e6c0567c173e7a6fd2512b57517d22ba5ad6b349c287ad5e17fcb3ff5511d9b","point_ordinal":1,"zone_group_id":"277101008168","source_manage_no":"277101008170","facility_name":"신영유치원","sgg_code":"27710","facility_type_code":"1","api_first_registered_on":"2010-07-28","api_last_modified_on":null,"updated_at":"2026-07-25T01:27:52.347112+00:00"},"geometry":{"type":"Point","coordinates":[128.442815045,35.72964076]}},{"type":"Feature","id":"6ca5b6dfa63c87681189b061a12ae2580d1078226665d0fed4c7c64f504d33e0-1","properties":{"facility_id":"6ca5b6dfa63c87681189b061a12ae2580d1078226665d0fed4c7c64f504d33e0","point_ordinal":1,"zone_group_id":"277101008194","source_manage_no":"277101021299","facility_name":"예아람학교","sgg_code":"27710","facility_type_code":"1","api_first_registered_on":"2020-12-21","api_last_modified_on":null,"updated_at":"2026-07-25T01:27:52.347112+00:00"},"geometry":{"type":"Point","coordinates":[128.43483078,35.781129139]}},{"type":"Feature","id":"45dc856a4621db2860f3ea649cb4870019e0fe98d0acb4da9d0a7a6c888bf8be-1","properties":{"facility_id":"45dc856a4621db2860f3ea649cb4870019e0fe98d0acb4da9d0a7a6c888bf8be","point_ordinal":1,"zone_group_id":"277101008207","source_manage_no":"277101008210","facility_name":"장원유치원","sgg_code":"27710","facility_type_code":"1","api_first_registered_on":"2014-06-17","api_last_modified_on":null,"updated_at":"2026-07-25T01:27:52.347112+00:00"},"geometry":{"type":"Point","coordinates":[128.45063837,35.694759495]}},{"type":"Feature","id":"7598a78bb48248d1a8464c99a3d90518725e5fb4c76d41076246f42cc3229682-1","properties":{"facility_id":"7598a78bb48248d1a8464c99a3d90518725e5fb4c76d41076246f42cc3229682","point_ordinal":1,"zone_group_id":"277101008225","source_manage_no":"277101008225","facility_name":"큰별유치원","sgg_code":"27710","facility_type_code":"1","api_first_registered_on":null,"api_last_modified_on":null,"updated_at":"2026-07-25T01:27:52.347112+00:00"},"geometry":{"type":"Point","coordinates":[128.490307218,35.802026296]}},{"type":"Feature","id":"1ce6fdc1ec41a9e454fa10c5d0a3fe1a7713db341e99ffa79262fbfff9470f19-1","properties":{"facility_id":"1ce6fdc1ec41a9e454fa10c5d0a3fe1a7713db341e99ffa79262fbfff9470f19","point_ordinal":1,"zone_group_id":"277102008156","source_manage_no":"277102008156","facility_name":"한사랑마을","sgg_code":"27710","facility_type_code":"3","api_first_registered_on":null,"api_last_modified_on":"2025-03-19","updated_at":"2026-07-25T01:27:52.347112+00:00"},"geometry":{"type":"Point","coordinates":[128.381652908,35.696141081]}},{"type":"Feature","id":"320f579b920c3f8e7b5326f1b6ce76f486169581f46109bc02c62dd56b21e856-1","properties":{"facility_id":"320f579b920c3f8e7b5326f1b6ce76f486169581f46109bc02c62dd56b21e856","point_ordinal":1,"zone_group_id":"277101008224","source_manage_no":"277101008231","facility_name":"화원유치원","sgg_code":"27710","facility_type_code":"1","api_first_registered_on":null,"api_last_modified_on":null,"updated_at":"2026-07-25T01:27:52.347112+00:00"},"geometry":{"type":"Point","coordinates":[128.500946735,35.8085107]}},{"type":"Feature","id":"da98b70eb67d6dba0716b273c5c5b185c710e976eb6e26207e02d33f15e6893d-1","properties":{"facility_id":"da98b70eb67d6dba0716b273c5c5b185c710e976eb6e26207e02d33f15e6893d","point_ordinal":1,"zone_group_id":"277101008157","source_manage_no":"277101008157","facility_name":"가창초등학교","sgg_code":"27710","facility_type_code":"1","api_first_registered_on":"1997-10-10","api_last_modified_on":null,"updated_at":"2026-07-25T01:27:52.347112+00:00"},"geometry":{"type":"Point","coordinates":[128.648063976,35.770087094]}},{"type":"Feature","id":"e3ee848e926df5844203555a13c48c4c0257de467332f0c9c425e4cf8066c2d0-1","properties":{"facility_id":"e3ee848e926df5844203555a13c48c4c0257de467332f0c9c425e4cf8066c2d0","point_ordinal":1,"zone_group_id":"277101008160","source_manage_no":"277101008160","facility_name":"구지초등학교","sgg_code":"27710","facility_type_code":"1","api_first_registered_on":null,"api_last_modified_on":null,"updated_at":"2026-07-25T01:27:52.347112+00:00"},"geometry":{"type":"Point","coordinates":[128.413079739,35.659635181]}},{"type":"Feature","id":"744bd02be92377a5f3149d25d8e37fdeb8232bc35e70ff68d75ab8c3a7df4f87-1","properties":{"facility_id":"744bd02be92377a5f3149d25d8e37fdeb8232bc35e70ff68d75ab8c3a7df4f87","point_ordinal":1,"zone_group_id":"277101008163","source_manage_no":"277101008163","facility_name":"남동초등학교","sgg_code":"27710","facility_type_code":"1","api_first_registered_on":"2019-06-07","api_last_modified_on":null,"updated_at":"2026-07-25T01:27:52.347112+00:00"},"geometry":{"type":"Point","coordinates":[128.456081627,35.723910118]}},{"type":"Feature","id":"5f509db073ee787b9b8bf9f3483128a41bebf5a6f020156672308ef54be470ab-1","properties":{"facility_id":"5f509db073ee787b9b8bf9f3483128a41bebf5a6f020156672308ef54be470ab","point_ordinal":1,"zone_group_id":"277101008164","source_manage_no":"277101008164","facility_name":"논공어린이집","sgg_code":"27710","facility_type_code":"1","api_first_registered_on":"2014-04-17","api_last_modified_on":null,"updated_at":"2026-07-25T01:27:52.347112+00:00"},"geometry":{"type":"Point","coordinates":[128.447122437,35.730156904]}},{"type":"Feature","id":"d2d2d05b590e6d2dac08f3eaa0748d5c542da14b5fa55d04f13c0e483b0a9fd3-1","properties":{"facility_id":"d2d2d05b590e6d2dac08f3eaa0748d5c542da14b5fa55d04f13c0e483b0a9fd3","point_ordinal":1,"zone_group_id":"277101008229","source_manage_no":"277101008215","facility_name":"늘푸른유치원","sgg_code":"27710","facility_type_code":"1","api_first_registered_on":"2020-12-21","api_last_modified_on":null,"updated_at":"2026-07-25T01:27:52.347112+00:00"},"geometry":{"type":"Point","coordinates":[128.495817921,35.799303079]}},{"type":"Feature","id":"0f71294b5e2d495de33d174f4002b5f04099a32dedf2454af74cbce70c9401b2-1","properties":{"facility_id":"0f71294b5e2d495de33d174f4002b5f04099a32dedf2454af74cbce70c9401b2","point_ordinal":1,"zone_group_id":"277101008182","source_manage_no":"277101008175","facility_name":"대자연유치원","sgg_code":"27710","facility_type_code":"1","api_first_registered_on":"2014-04-18","api_last_modified_on":null,"updated_at":"2026-07-25T01:27:52.347112+00:00"},"geometry":{"type":"Point","coordinates":[128.495094245,35.873427627]}},{"type":"Feature","id":"7a00839c9cac959c108d65302bf2aa8adccf52d4b605aa237df3f4494018ad5b-1","properties":{"facility_id":"7a00839c9cac959c108d65302bf2aa8adccf52d4b605aa237df3f4494018ad5b","point_ordinal":1,"zone_group_id":"277101008189","source_manage_no":"277101008178","facility_name":"매곡초등학교","sgg_code":"27710","facility_type_code":"1","api_first_registered_on":"2019-07-25","api_last_modified_on":null,"updated_at":"2026-07-25T01:27:52.347112+00:00"},"geometry":{"type":"Point","coordinates":[128.467659059,35.861832142]}},{"type":"Feature","id":"06de60afeb25d4fec2542586b3ee5c0050b74fa92dc08aeb1e096d91d7b8b9a7-1","properties":{"facility_id":"06de60afeb25d4fec2542586b3ee5c0050b74fa92dc08aeb1e096d91d7b8b9a7","point_ordinal":1,"zone_group_id":"277101008219","source_manage_no":"277101008219","facility_name":"명곡초등학교","sgg_code":"27710","facility_type_code":"1","api_first_registered_on":"2020-12-21","api_last_modified_on":null,"updated_at":"2026-07-25T01:27:52.347112+00:00"},"geometry":{"type":"Point","coordinates":[128.496889466,35.796490281]}},{"type":"Feature","id":"074c1818d7a02687efab05c98961dad1359648cb5e7f1179b68c99c19620dd04-1","properties":{"facility_id":"074c1818d7a02687efab05c98961dad1359648cb5e7f1179b68c99c19620dd04","point_ordinal":1,"zone_group_id":"277101008197","source_manage_no":"277101008197","facility_name":"반송초등학교","sgg_code":"27710","facility_type_code":"1","api_first_registered_on":null,"api_last_modified_on":null,"updated_at":"2026-07-25T01:27:52.347112+00:00"},"geometry":{"type":"Point","coordinates":[128.494472873,35.756182411]}},{"type":"Feature","id":"5b4868b06c9c85032e618030f07d8a46f2938d60e48c25851c2b119a3a33b78d-1","properties":{"facility_id":"5b4868b06c9c85032e618030f07d8a46f2938d60e48c25851c2b119a3a33b78d","point_ordinal":1,"zone_group_id":"277101008220","source_manage_no":"277101008220","facility_name":"백설어린이집","sgg_code":"27710","facility_type_code":"1","api_first_registered_on":"2013-04-02","api_last_modified_on":null,"updated_at":"2026-07-25T01:27:52.347112+00:00"},"geometry":{"type":"Point","coordinates":[128.492206904,35.79904443]}},{"type":"Feature","id":"c7d69210dd714f6ae7617897b4d445f2ff27b23ce995c38841e5d5d96ab11261-1","properties":{"facility_id":"c7d69210dd714f6ae7617897b4d445f2ff27b23ce995c38841e5d5d96ab11261","point_ordinal":1,"zone_group_id":"277101008213","source_manage_no":"277101008206","facility_name":"비슬향유치원","sgg_code":"27710","facility_type_code":"1","api_first_registered_on":"2017-03-09","api_last_modified_on":null,"updated_at":"2026-07-25T01:27:52.347112+00:00"},"geometry":{"type":"Point","coordinates":[128.450926938,35.700446311]}},{"type":"Feature","id":"bddc32885556d0faa4bc102d9aa49aad9346456871c84638b534003d8e1eabfd-1","properties":{"facility_id":"bddc32885556d0faa4bc102d9aa49aad9346456871c84638b534003d8e1eabfd","point_ordinal":1,"zone_group_id":"277101008179","source_manage_no":"277101008179","facility_name":"서동초등학교","sgg_code":"27710","facility_type_code":"1","api_first_registered_on":"2017-03-09","api_last_modified_on":null,"updated_at":"2026-07-25T01:27:52.347112+00:00"},"geometry":{"type":"Point","coordinates":[128.489209691,35.871438681]}},{"type":"Feature","id":"cb000444bad97cf76c7124d80bd779a9be36b3fd6eeccf253ae2a27e4dda5b51-1","properties":{"facility_id":"cb000444bad97cf76c7124d80bd779a9be36b3fd6eeccf253ae2a27e4dda5b51","point_ordinal":1,"zone_group_id":"277101008188","source_manage_no":"277101008183","facility_name":"세계어린이집","sgg_code":"27710","facility_type_code":"1","api_first_registered_on":"2020-12-21","api_last_modified_on":null,"updated_at":"2026-07-25T01:27:52.347112+00:00"},"geometry":{"type":"Point","coordinates":[128.454228788,35.864906427]}},{"type":"Feature","id":"56b0d7c5589ebb9d9e346b415b8335b90696c5f67d3ec5414fab00d1d4efd53b-1","properties":{"facility_id":"56b0d7c5589ebb9d9e346b415b8335b90696c5f67d3ec5414fab00d1d4efd53b","point_ordinal":1,"zone_group_id":"277101008198","source_manage_no":"277101008198","facility_name":"신솔정유치원","sgg_code":"27710","facility_type_code":"1","api_first_registered_on":"2010-07-28","api_last_modified_on":null,"updated_at":"2026-07-25T01:27:52.347112+00:00"},"geometry":{"type":"Point","coordinates":[128.468587768,35.791546529]}},{"type":"Feature","id":"f30d3bf2e241d489c067c035b36e4ffd0ea1023e65e03801e8c989b59e010e1a-1","properties":{"facility_id":"f30d3bf2e241d489c067c035b36e4ffd0ea1023e65e03801e8c989b59e010e1a","point_ordinal":1,"zone_group_id":"277101008188","source_manage_no":"277101008188","facility_name":"어울림유치원","sgg_code":"27710","facility_type_code":"1","api_first_registered_on":"2016-03-31","api_last_modified_on":null,"updated_at":"2026-07-25T01:27:52.347112+00:00"},"geometry":{"type":"Point","coordinates":[128.455152218,35.86439353]}},{"type":"Feature","id":"8ac2947c62c9d5e99d56bedcb73b739d3e1aca68c57b6c2a41f1ba3e0754306e-1","properties":{"facility_id":"8ac2947c62c9d5e99d56bedcb73b739d3e1aca68c57b6c2a41f1ba3e0754306e","point_ordinal":1,"zone_group_id":"277101008221","source_manage_no":"277101008221","facility_name":"엘키즈유치원","sgg_code":"27710","facility_type_code":"1","api_first_registered_on":"2016-03-31","api_last_modified_on":null,"updated_at":"2026-07-25T01:27:52.347112+00:00"},"geometry":{"type":"Point","coordinates":[128.504301165,35.810330958]}},{"type":"Feature","id":"6f82ddeca04faa6aa4e5ce98c29a11fa9c93f2d941f9b72ddc7144a5380fb97a-1","properties":{"facility_id":"6f82ddeca04faa6aa4e5ce98c29a11fa9c93f2d941f9b72ddc7144a5380fb97a","point_ordinal":1,"zone_group_id":"277101008200","source_manage_no":"277101008200","facility_name":"옥포초등학교","sgg_code":"27710","facility_type_code":"1","api_first_registered_on":"2013-12-05","api_last_modified_on":null,"updated_at":"2026-07-25T01:27:52.347112+00:00"},"geometry":{"type":"Point","coordinates":[128.464372832,35.788893686]}},{"type":"Feature","id":"99b3589a5da3518c40894bff36440670c6def4d1cceb935751caf37b25ca2022-1","properties":{"facility_id":"99b3589a5da3518c40894bff36440670c6def4d1cceb935751caf37b25ca2022","point_ordinal":1,"zone_group_id":"277101008189","source_manage_no":"277101008189","facility_name":"왕선초등학교","sgg_code":"27710","facility_type_code":"1","api_first_registered_on":"2019-07-25","api_last_modified_on":null,"updated_at":"2026-07-25T01:27:52.347112+00:00"},"geometry":{"type":"Point","coordinates":[128.465465368,35.863598845]}},{"type":"Feature","id":"d8edda9b73adba8c792634a4af738814e85b3c8111f886c4dcde6223ec9607c2-1","properties":{"facility_id":"d8edda9b73adba8c792634a4af738814e85b3c8111f886c4dcde6223ec9607c2","point_ordinal":1,"zone_group_id":"277101008159","source_manage_no":"277101008159","facility_name":"용계초등학교","sgg_code":"27710","facility_type_code":"1","api_first_registered_on":"1996-05-28","api_last_modified_on":null,"updated_at":"2026-07-25T01:27:52.347112+00:00"},"geometry":{"type":"Point","coordinates":[128.622212598,35.804076923]}},{"type":"Feature","id":"73f8659a5c12a3b21cebcf5b159ddb0d5a5c9c57f755e3720a26cab78d79c118-1","properties":{"facility_id":"73f8659a5c12a3b21cebcf5b159ddb0d5a5c9c57f755e3720a26cab78d79c118","point_ordinal":1,"zone_group_id":"277101008191","source_manage_no":"277101008190","facility_name":"죽곡어린이집","sgg_code":"27710","facility_type_code":"1","api_first_registered_on":null,"api_last_modified_on":null,"updated_at":"2026-07-25T01:27:52.347112+00:00"},"geometry":{"type":"Point","coordinates":[128.46182991,35.857884974]}},{"type":"Feature","id":"093f857a03cf6b6dada030ecabd296c78d4237632046ff19f9515ac673642c5e-1","properties":{"facility_id":"093f857a03cf6b6dada030ecabd296c78d4237632046ff19f9515ac673642c5e","point_ordinal":1,"zone_group_id":"277101008223","source_manage_no":"277101008223","facility_name":"천내어린이집","sgg_code":"27710","facility_type_code":"1","api_first_registered_on":"2013-04-02","api_last_modified_on":null,"updated_at":"2026-07-25T01:27:52.347112+00:00"},"geometry":{"type":"Point","coordinates":[128.496430928,35.805852492]}},{"type":"Feature","id":"caa66e6dca60229ec9ee1bd3d981772b92eb6d96707d37a81cc6fdd172b2c2b9-1","properties":{"facility_id":"caa66e6dca60229ec9ee1bd3d981772b92eb6d96707d37a81cc6fdd172b2c2b9","point_ordinal":1,"zone_group_id":"277101008224","source_manage_no":"277101008224","facility_name":"천내초등학교","sgg_code":"27710","facility_type_code":"1","api_first_registered_on":null,"api_last_modified_on":null,"updated_at":"2026-07-25T01:27:52.347112+00:00"},"geometry":{"type":"Point","coordinates":[128.501376829,35.809248979]}},{"type":"Feature","id":"18badd55ff1f822a908e9730d87791c005c61083a45c97aa652448611071cb36-1","properties":{"facility_id":"18badd55ff1f822a908e9730d87791c005c61083a45c97aa652448611071cb36","point_ordinal":1,"zone_group_id":"277101008226","source_manage_no":"277101008226","facility_name":"하늘숲유치원","sgg_code":"27710","facility_type_code":"1","api_first_registered_on":"2012-12-18","api_last_modified_on":null,"updated_at":"2026-07-25T01:27:52.347112+00:00"},"geometry":{"type":"Point","coordinates":[128.507414948,35.809736908]}},{"type":"Feature","id":"17afe3e0476760093d22232ee372d2b0553e7059d40441574ca05801ba9a86ec-1","properties":{"facility_id":"17afe3e0476760093d22232ee372d2b0553e7059d40441574ca05801ba9a86ec","point_ordinal":1,"zone_group_id":"277101008189","source_manage_no":"277101008193","facility_name":"해맑은유치원","sgg_code":"27710","facility_type_code":"1","api_first_registered_on":"2019-07-25","api_last_modified_on":null,"updated_at":"2026-07-25T01:27:52.347112+00:00"},"geometry":{"type":"Point","coordinates":[128.464242449,35.86322099]}},{"type":"Feature","id":"bb4e8b0b6cd3625d1df4dacd84010a5f297462d43fd865c499f75996cb77c94e-1","properties":{"facility_id":"bb4e8b0b6cd3625d1df4dacd84010a5f297462d43fd865c499f75996cb77c94e","point_ordinal":1,"zone_group_id":"277101008213","source_manage_no":"277101008213","facility_name":"현풍초등학교","sgg_code":"27710","facility_type_code":"1","api_first_registered_on":"2019-06-07","api_last_modified_on":null,"updated_at":"2026-07-25T01:27:52.347112+00:00"},"geometry":{"type":"Point","coordinates":[128.449239508,35.6979622]}},{"type":"Feature","id":"8f4aacd53f14ad1ea9cd8d2d9ac066ceb2ce208b29a74109a7e8722da233acb9-1","properties":{"facility_id":"8f4aacd53f14ad1ea9cd8d2d9ac066ceb2ce208b29a74109a7e8722da233acb9","point_ordinal":1,"zone_group_id":"277101008228","source_manage_no":"277101008228","facility_name":"화남어린이집","sgg_code":"27710","facility_type_code":"1","api_first_registered_on":"2014-04-16","api_last_modified_on":null,"updated_at":"2026-07-25T01:27:52.347112+00:00"},"geometry":{"type":"Point","coordinates":[128.498351035,35.801860592]}},{"type":"Feature","id":"aef990590ea451252a2f9a3a976226f633099e601d5983a18fc9b6b800c2c9eb-1","properties":{"facility_id":"aef990590ea451252a2f9a3a976226f633099e601d5983a18fc9b6b800c2c9eb","point_ordinal":1,"zone_group_id":"277101008229","source_manage_no":"277101008229","facility_name":"화남초등학교","sgg_code":"27710","facility_type_code":"1","api_first_registered_on":"2019-06-07","api_last_modified_on":null,"updated_at":"2026-07-25T01:27:52.347112+00:00"},"geometry":{"type":"Point","coordinates":[128.498727521,35.800108398]}},{"type":"Feature","id":"c29920c1ff4021ae277b53a9a40a2116c56889b45e3ef0ad351b1853bcabd2ff-1","properties":{"facility_id":"c29920c1ff4021ae277b53a9a40a2116c56889b45e3ef0ad351b1853bcabd2ff","point_ordinal":1,"zone_group_id":"277101008161","source_manage_no":"277101020404","facility_name":"구지세현유치원","sgg_code":"27710","facility_type_code":"1","api_first_registered_on":null,"api_last_modified_on":null,"updated_at":"2026-07-25T01:27:52.347112+00:00"},"geometry":{"type":"Point","coordinates":[128.42020987,35.66136531]}},{"type":"Feature","id":"262be9f3685f653c9b32f866ffd1bfb04c7c525a32aef274828dfb488893382c-1","properties":{"facility_id":"262be9f3685f653c9b32f866ffd1bfb04c7c525a32aef274828dfb488893382c","point_ordinal":1,"zone_group_id":"277101008174","source_manage_no":"277101028129","facility_name":"대구대실유치원","sgg_code":"27710","facility_type_code":"1","api_first_registered_on":null,"api_last_modified_on":"2025-03-19","updated_at":"2026-07-25T01:27:52.347112+00:00"},"geometry":{"type":"Point","coordinates":[128.467247808,35.852351671]}},{"type":"Feature","id":"7c3502b3de7d1bff5b4e643930d5522140217dc63626ed8cb7df03437215cf33-1","properties":{"facility_id":"7c3502b3de7d1bff5b4e643930d5522140217dc63626ed8cb7df03437215cf33","point_ordinal":1,"zone_group_id":"277101008201","source_manage_no":"277101028128","facility_name":"대구비슬유치원","sgg_code":"27710","facility_type_code":"1","api_first_registered_on":null,"api_last_modified_on":"2026-02-11","updated_at":"2026-07-25T01:27:52.347112+00:00"},"geometry":{"type":"Point","coordinates":[128.458392335,35.696413597]}},{"type":"Feature","id":"fe3cc573af783aedba1a1bebda842d0644b401ed7f77b1d38504d73d7e8bb789-1","properties":{"facility_id":"fe3cc573af783aedba1a1bebda842d0644b401ed7f77b1d38504d73d7e8bb789","point_ordinal":1,"zone_group_id":"277101008179","source_manage_no":"277101028157","facility_name":"대구서동유치원","sgg_code":"27710","facility_type_code":"1","api_first_registered_on":"2017-03-09","api_last_modified_on":"2026-02-11","updated_at":"2026-07-25T01:27:52.347112+00:00"},"geometry":{"type":"Point","coordinates":[128.488251385,35.871702883]}},{"type":"Feature","id":"fe1dd7fb1b230cb960b90a700ef13962dfac620b967f1cd23d266df268ee181e-1","properties":{"facility_id":"fe1dd7fb1b230cb960b90a700ef13962dfac620b967f1cd23d266df268ee181e","point_ordinal":1,"zone_group_id":"277101008185","source_manage_no":"277101028131","facility_name":"대구세천유치원","sgg_code":"27710","facility_type_code":"1","api_first_registered_on":null,"api_last_modified_on":"2026-02-11","updated_at":"2026-07-25T01:27:52.347112+00:00"},"geometry":{"type":"Point","coordinates":[128.480976527,35.874076872]}},{"type":"Feature","id":"1322401cca9163b22cfb3ae8e21e76829c3b7581e04a071f3254272df38293cd-1","properties":{"facility_id":"1322401cca9163b22cfb3ae8e21e76829c3b7581e04a071f3254272df38293cd","point_ordinal":1,"zone_group_id":"277101008194","source_manage_no":"277101028138","facility_name":"대구옥빛유치원","sgg_code":"27710","facility_type_code":"1","api_first_registered_on":"2020-12-21","api_last_modified_on":"2026-02-11","updated_at":"2026-07-25T01:27:52.347112+00:00"},"geometry":{"type":"Point","coordinates":[128.43659353,35.778787561]}},{"type":"Feature","id":"09d42b0ccb5f777042d6fdae3ffcdd2d464dd2fd8f4d12d3cdb56b01951d72d1-1","properties":{"facility_id":"09d42b0ccb5f777042d6fdae3ffcdd2d464dd2fd8f4d12d3cdb56b01951d72d1","point_ordinal":1,"zone_group_id":"277101008211","source_manage_no":"277101028133","facility_name":"대구포산유치원","sgg_code":"27710","facility_type_code":"1","api_first_registered_on":null,"api_last_modified_on":"2026-02-11","updated_at":"2026-07-25T01:27:52.347112+00:00"},"geometry":{"type":"Point","coordinates":[128.452522003,35.694335055]}},{"type":"Feature","id":"9b2c81f253f6041df79dc3e1b107fc247f800fbe0719131ca8b25acf8ff85ac0-1","properties":{"facility_id":"9b2c81f253f6041df79dc3e1b107fc247f800fbe0719131ca8b25acf8ff85ac0","point_ordinal":1,"zone_group_id":"277101008173","source_manage_no":"277101008177","facility_name":"드림아이유치원","sgg_code":"27710","facility_type_code":"1","api_first_registered_on":"2013-02-13","api_last_modified_on":null,"updated_at":"2026-07-25T01:27:52.347112+00:00"},"geometry":{"type":"Point","coordinates":[128.455518194,35.86812314]}},{"type":"Feature","id":"9981ae167a78aff685d74fd1f698c6ebbf78a49cc7935b735e0e6a1b2de5497f-1","properties":{"facility_id":"9981ae167a78aff685d74fd1f698c6ebbf78a49cc7935b735e0e6a1b2de5497f","point_ordinal":1,"zone_group_id":"277101008182","source_manage_no":"277101008180","facility_name":"서재성모유치원","sgg_code":"27710","facility_type_code":"1","api_first_registered_on":null,"api_last_modified_on":null,"updated_at":"2026-07-25T01:27:52.347112+00:00"},"geometry":{"type":"Point","coordinates":[128.500099842,35.870681344]}},{"type":"Feature","id":"3ada5075c08eec4dc63295369a76180350e3bbe86785c86bc765c85d3b6117ba-1","properties":{"facility_id":"3ada5075c08eec4dc63295369a76180350e3bbe86785c86bc765c85d3b6117ba","point_ordinal":1,"zone_group_id":"277101008191","source_manage_no":"277101008186","facility_name":"숲속예은유치원","sgg_code":"27710","facility_type_code":"1","api_first_registered_on":null,"api_last_modified_on":null,"updated_at":"2026-07-25T01:27:52.347112+00:00"},"geometry":{"type":"Point","coordinates":[128.462385775,35.855311032]}},{"type":"Feature","id":"3a9c344107983ea960de9f42cb498aa14255d0430c6a6ac239b871e4101b0b8d-1","properties":{"facility_id":"3a9c344107983ea960de9f42cb498aa14255d0430c6a6ac239b871e4101b0b8d","point_ordinal":1,"zone_group_id":"277101008198","source_manage_no":"277101028585","facility_name":"신솔정어린이집","sgg_code":"27710","facility_type_code":"1","api_first_registered_on":null,"api_last_modified_on":"2025-03-19","updated_at":"2026-07-25T01:27:52.347112+00:00"},"geometry":{"type":"Point","coordinates":[128.469115762,35.791599072]}},{"type":"Feature","id":"90b2123827b268d69775cd583842ce17561ff0bffee93d2a918169c44edb3bca-1","properties":{"facility_id":"90b2123827b268d69775cd583842ce17561ff0bffee93d2a918169c44edb3bca","point_ordinal":1,"zone_group_id":"277101008173","source_manage_no":"277101008187","facility_name":"아이엠어린이집","sgg_code":"27710","facility_type_code":"1","api_first_registered_on":"2013-01-09","api_last_modified_on":null,"updated_at":"2026-07-25T01:27:52.347112+00:00"},"geometry":{"type":"Point","coordinates":[128.456917904,35.869383218]}},{"type":"Feature","id":"03f284e621038b3fbc2c8cb796be4e52ccd540e8b5eb5907f4f01ba7234a7dfc-1","properties":{"facility_id":"03f284e621038b3fbc2c8cb796be4e52ccd540e8b5eb5907f4f01ba7234a7dfc","point_ordinal":1,"zone_group_id":"277101008207","source_manage_no":"277101008207","facility_name":"안드레아유치원","sgg_code":"27710","facility_type_code":"1","api_first_registered_on":"2014-06-17","api_last_modified_on":null,"updated_at":"2026-07-25T01:27:52.347112+00:00"},"geometry":{"type":"Point","coordinates":[128.447947132,35.692427542]}},{"type":"Feature","id":"3276d548ea7c15f029947765b5c508449f7c1a27c7e0948d1e69363a19d46306-1","properties":{"facility_id":"3276d548ea7c15f029947765b5c508449f7c1a27c7e0948d1e69363a19d46306","point_ordinal":1,"zone_group_id":"277101008182","source_manage_no":"277101027458","facility_name":"은초롱어린이집","sgg_code":"27710","facility_type_code":"1","api_first_registered_on":null,"api_last_modified_on":null,"updated_at":"2026-07-25T01:27:52.347112+00:00"},"geometry":{"type":"Point","coordinates":[128.495573666,35.873162576]}},{"type":"Feature","id":"08b49746badab133c27e3017338667aa417efc22fab9bb13ae832e9738948ff2-1","properties":{"facility_id":"08b49746badab133c27e3017338667aa417efc22fab9bb13ae832e9738948ff2","point_ordinal":1,"zone_group_id":"277101027833","source_manage_no":"277101027833","facility_name":"테크노초등학교","sgg_code":"27710","facility_type_code":"1","api_first_registered_on":null,"api_last_modified_on":null,"updated_at":"2026-07-25T01:27:52.347112+00:00"},"geometry":{"type":"Point","coordinates":[128.464364109,35.699784391]}},{"type":"Feature","id":"17c5cfb9439fa4ba857b275d11dd9a68af1aebbdd7ee6cd8bb416aee0e6c3118-1","properties":{"facility_id":"17c5cfb9439fa4ba857b275d11dd9a68af1aebbdd7ee6cd8bb416aee0e6c3118","point_ordinal":1,"zone_group_id":"277101008213","source_manage_no":"277101008209","facility_name":"해피키즈유치원","sgg_code":"27710","facility_type_code":"1","api_first_registered_on":"2012-06-18","api_last_modified_on":null,"updated_at":"2026-07-25T01:27:52.347112+00:00"},"geometry":{"type":"Point","coordinates":[128.451028146,35.69966112]}},{"type":"Feature","id":"c7cda80ec352659db14dbcb763ad133ae87603939e1980730556eb0f37767751-1","properties":{"facility_id":"c7cda80ec352659db14dbcb763ad133ae87603939e1980730556eb0f37767751","point_ordinal":1,"zone_group_id":"277101008230","source_manage_no":"277101028354","facility_name":"화원꽃뜰유치원","sgg_code":"27710","facility_type_code":"1","api_first_registered_on":null,"api_last_modified_on":null,"updated_at":"2026-07-25T01:27:52.347112+00:00"},"geometry":{"type":"Point","coordinates":[128.510042546,35.799545991]}},{"type":"Feature","id":"426d50501795fd937dfae0b2d85787186bfbd46973fd90e6870124b77189e181-1","properties":{"facility_id":"426d50501795fd937dfae0b2d85787186bfbd46973fd90e6870124b77189e181","point_ordinal":1,"zone_group_id":"277101008213","source_manage_no":"277102008214","facility_name":"효경노인복지원","sgg_code":"27710","facility_type_code":"2","api_first_registered_on":"2019-06-07","api_last_modified_on":null,"updated_at":"2026-07-25T01:27:52.347112+00:00"},"geometry":{"type":"Point","coordinates":[128.447033541,35.699286897]}},{"type":"Feature","id":"07ffa9b8b4fbb95c10be5d9556305fd35285da97787e779ded9838d016df62bf-1","properties":{"facility_id":"07ffa9b8b4fbb95c10be5d9556305fd35285da97787e779ded9838d016df62bf","point_ordinal":1,"zone_group_id":"277101008168","source_manage_no":"277101008171","facility_name":"글로벌이튼유치원","sgg_code":"27710","facility_type_code":"1","api_first_registered_on":null,"api_last_modified_on":"2026-02-11","updated_at":"2026-07-25T01:27:52.347112+00:00"},"geometry":{"type":"Point","coordinates":[128.443104846,35.72983684]}},{"type":"Feature","id":"4b48767752656dbf4faad88ebad11a1fa26071398d539db4f889c130bdb5a2dc-1","properties":{"facility_id":"4b48767752656dbf4faad88ebad11a1fa26071398d539db4f889c130bdb5a2dc","point_ordinal":1,"zone_group_id":"277102008196","source_manage_no":"277102008196","facility_name":"달성군노인복지관","sgg_code":"27710","facility_type_code":"2","api_first_registered_on":null,"api_last_modified_on":null,"updated_at":"2026-07-25T01:27:52.347112+00:00"},"geometry":{"type":"Point","coordinates":[128.471409444,35.788809995]}},{"type":"Feature","id":"2f2190c0d5ff22ce0f1fe6e08bf2b64c458a1730887f2b8a97575fe770765911-1","properties":{"facility_id":"2f2190c0d5ff22ce0f1fe6e08bf2b64c458a1730887f2b8a97575fe770765911","point_ordinal":1,"zone_group_id":"277101008194","source_manage_no":"277101008194","facility_name":"대구강림초등학교","sgg_code":"27710","facility_type_code":"1","api_first_registered_on":"2016-11-30","api_last_modified_on":null,"updated_at":"2026-07-25T01:27:52.347112+00:00"},"geometry":{"type":"Point","coordinates":[128.437142479,35.78056195]}},{"type":"Feature","id":"b3b4e3e9d556a17e91b468351aeb07ab869df8e20c44692383bce11c1c0afa64-1","properties":{"facility_id":"b3b4e3e9d556a17e91b468351aeb07ab869df8e20c44692383bce11c1c0afa64","point_ordinal":1,"zone_group_id":"277101008195","source_manage_no":"277101008195","facility_name":"대구금계초등학교","sgg_code":"27710","facility_type_code":"1","api_first_registered_on":null,"api_last_modified_on":null,"updated_at":"2026-07-25T01:27:52.347112+00:00"},"geometry":{"type":"Point","coordinates":[128.444518336,35.788636562]}},{"type":"Feature","id":"aa0188d7d86becc667c8879489a5ff5c6f74a74f0b7a7d1070a11bad65aa017e-1","properties":{"facility_id":"aa0188d7d86becc667c8879489a5ff5c6f74a74f0b7a7d1070a11bad65aa017e","point_ordinal":1,"zone_group_id":"277101008162","source_manage_no":"277101008162","facility_name":"대구금포초등학교","sgg_code":"27710","facility_type_code":"1","api_first_registered_on":"2019-07-25","api_last_modified_on":null,"updated_at":"2026-07-25T01:27:52.347112+00:00"},"geometry":{"type":"Point","coordinates":[128.426746199,35.774250248]}},{"type":"Feature","id":"f5d67fc0c50101282a8a75caa8b869dce335dfc52622f2750d54bb652cc82b58-1","properties":{"facility_id":"f5d67fc0c50101282a8a75caa8b869dce335dfc52622f2750d54bb652cc82b58","point_ordinal":1,"zone_group_id":"277101008168","source_manage_no":"277101008165","facility_name":"대구논공초등학교","sgg_code":"27710","facility_type_code":"1","api_first_registered_on":null,"api_last_modified_on":null,"updated_at":"2026-07-25T01:27:52.347112+00:00"},"geometry":{"type":"Point","coordinates":[128.43780702,35.730662638]}},{"type":"Feature","id":"0fa105f910e50a063e5cd62388ca7aa9ef12de1e905d29336573e5945950c448-1","properties":{"facility_id":"0fa105f910e50a063e5cd62388ca7aa9ef12de1e905d29336573e5945950c448","point_ordinal":1,"zone_group_id":"277101008173","source_manage_no":"277101008173","facility_name":"대구다사초등학교","sgg_code":"27710","facility_type_code":"1","api_first_registered_on":null,"api_last_modified_on":null,"updated_at":"2026-07-25T01:27:52.347112+00:00"},"geometry":{"type":"Point","coordinates":[128.458267176,35.868290573]}},{"type":"Feature","id":"c6959ea4048648b7db8d6fd6c301209a4e128ff9d950d992595d0ee64a09c304-1","properties":{"facility_id":"c6959ea4048648b7db8d6fd6c301209a4e128ff9d950d992595d0ee64a09c304","point_ordinal":1,"zone_group_id":"277101008174","source_manage_no":"277101008174","facility_name":"대구대실초등학교","sgg_code":"27710","facility_type_code":"1","api_first_registered_on":"2016-02-24","api_last_modified_on":null,"updated_at":"2026-07-25T01:27:52.347112+00:00"},"geometry":{"type":"Point","coordinates":[128.467665391,35.852329487]}},{"type":"Feature","id":"cb3f0c4700e747c704cf6c5e2e6b0d88d1e0a32f0285571d908dfb9b4db34213-1","properties":{"facility_id":"cb3f0c4700e747c704cf6c5e2e6b0d88d1e0a32f0285571d908dfb9b4db34213","point_ordinal":1,"zone_group_id":"277101008176","source_manage_no":"277101008176","facility_name":"대구도림초등학교","sgg_code":"27710","facility_type_code":"1","api_first_registered_on":null,"api_last_modified_on":null,"updated_at":"2026-07-25T01:27:52.347112+00:00"},"geometry":{"type":"Point","coordinates":[128.499312947,35.877702108]}},{"type":"Feature","id":"c7553a438cc14218b4e43be65f2fc8a73705dbb5401c16d825f069bb3f808367-1","properties":{"facility_id":"c7553a438cc14218b4e43be65f2fc8a73705dbb5401c16d825f069bb3f808367","point_ordinal":1,"zone_group_id":"277101008203","source_manage_no":"277101008203","facility_name":"대구동곡초등학교","sgg_code":"27710","facility_type_code":"1","api_first_registered_on":null,"api_last_modified_on":null,"updated_at":"2026-07-25T01:27:52.347112+00:00"},"geometry":{"type":"Point","coordinates":[128.417348033,35.878644571]}},{"type":"Feature","id":"949bc45447db9962ad1dd5ab1598286cfa5223188de32d7366db2ed0bb6ead4c-1","properties":{"facility_id":"949bc45447db9962ad1dd5ab1598286cfa5223188de32d7366db2ed0bb6ead4c","point_ordinal":1,"zone_group_id":"277101008168","source_manage_no":"277101008168","facility_name":"대구북동초등학교","sgg_code":"27710","facility_type_code":"1","api_first_registered_on":null,"api_last_modified_on":null,"updated_at":"2026-07-25T01:27:52.347112+00:00"},"geometry":{"type":"Point","coordinates":[128.440209899,35.730012768]}},{"type":"Feature","id":"8e9916b90dbff75b149b0fc77e3fccadd5a28bd48d783f71a2335c1e6511d58a-1","properties":{"facility_id":"8e9916b90dbff75b149b0fc77e3fccadd5a28bd48d783f71a2335c1e6511d58a","point_ordinal":1,"zone_group_id":"277101008201","source_manage_no":"277101008201","facility_name":"대구비슬초등학교","sgg_code":"27710","facility_type_code":"1","api_first_registered_on":"2016-02-24","api_last_modified_on":null,"updated_at":"2026-07-25T01:27:52.347112+00:00"},"geometry":{"type":"Point","coordinates":[128.458687366,35.696841464]}},{"type":"Feature","id":"5fee6983326aeb16f821e8a61a93ff52f6671956fb8cee3f0f0c0a1022a0c295-1","properties":{"facility_id":"5fee6983326aeb16f821e8a61a93ff52f6671956fb8cee3f0f0c0a1022a0c295","point_ordinal":1,"zone_group_id":"277101008182","source_manage_no":"277101008182","facility_name":"대구서재초등학교","sgg_code":"27710","facility_type_code":"1","api_first_registered_on":null,"api_last_modified_on":null,"updated_at":"2026-07-25T01:27:52.347112+00:00"},"geometry":{"type":"Point","coordinates":[128.497638225,35.872243499]}},{"type":"Feature","id":"f9e4b39584c9187bcdc5d3004e2be11407447748fd857e3f76a5728fc3d150de-1","properties":{"facility_id":"f9e4b39584c9187bcdc5d3004e2be11407447748fd857e3f76a5728fc3d150de","point_ordinal":1,"zone_group_id":"277101008185","source_manage_no":"277101008185","facility_name":"대구세천초등학교","sgg_code":"27710","facility_type_code":"1","api_first_registered_on":"2016-02-24","api_last_modified_on":null,"updated_at":"2026-07-25T01:27:52.347112+00:00"},"geometry":{"type":"Point","coordinates":[128.480958007,35.874184018]}},{"type":"Feature","id":"ca08c57686b95b37f50a7d9f1c6d0582e15a7f52dfcd2a4eb78315540ddc12c2-1","properties":{"facility_id":"ca08c57686b95b37f50a7d9f1c6d0582e15a7f52dfcd2a4eb78315540ddc12c2","point_ordinal":1,"zone_group_id":"277101008161","source_manage_no":"277101008161","facility_name":"대구세현초등학교","sgg_code":"27710","facility_type_code":"1","api_first_registered_on":"2017-03-09","api_last_modified_on":null,"updated_at":"2026-07-25T01:27:52.347112+00:00"},"geometry":{"type":"Point","coordinates":[128.419113397,35.659778617]}},{"type":"Feature","id":"3f1c8f48fdd1f5b780491e6a73afb1b7bce87f5ad24a979033dd06de2369a0cf-1","properties":{"facility_id":"3f1c8f48fdd1f5b780491e6a73afb1b7bce87f5ad24a979033dd06de2369a0cf","point_ordinal":1,"zone_group_id":"277101008202","source_manage_no":"277101008202","facility_name":"대구유가초등학교","sgg_code":"27710","facility_type_code":"1","api_first_registered_on":"2016-03-31","api_last_modified_on":null,"updated_at":"2026-07-25T01:27:52.347112+00:00"},"geometry":{"type":"Point","coordinates":[128.466880647,35.692529395]}},{"type":"Feature","id":"afe18f82bb6134a74f1adf5fdb5583b29d6aed6dc1f9db14117c46d57dd0b377-1","properties":{"facility_id":"afe18f82bb6134a74f1adf5fdb5583b29d6aed6dc1f9db14117c46d57dd0b377","point_ordinal":1,"zone_group_id":"277101008191","source_manage_no":"277101008191","facility_name":"대구죽곡초등학교","sgg_code":"27710","facility_type_code":"1","api_first_registered_on":null,"api_last_modified_on":null,"updated_at":"2026-07-25T01:27:52.347112+00:00"},"geometry":{"type":"Point","coordinates":[128.463564541,35.8566269]}},{"type":"Feature","id":"272c80e90e6b0253dd8cbab4e38f2a383d6b66a95d303ea5a177df1e73a941ed-1","properties":{"facility_id":"272c80e90e6b0253dd8cbab4e38f2a383d6b66a95d303ea5a177df1e73a941ed","point_ordinal":1,"zone_group_id":"277101008211","source_manage_no":"277101008211","facility_name":"대구포산초등학교","sgg_code":"27710","facility_type_code":"1","api_first_registered_on":"2017-03-09","api_last_modified_on":null,"updated_at":"2026-07-25T01:27:52.347112+00:00"},"geometry":{"type":"Point","coordinates":[128.452027404,35.695388653]}},{"type":"Feature","id":"0fabee8d72439958f3d8543361d48f50aa5737261f8ebbb1babc76e692cd95d5-1","properties":{"facility_id":"0fabee8d72439958f3d8543361d48f50aa5737261f8ebbb1babc76e692cd95d5","point_ordinal":1,"zone_group_id":"277101008204","source_manage_no":"277101008204","facility_name":"대구하빈초등학교","sgg_code":"27710","facility_type_code":"1","api_first_registered_on":null,"api_last_modified_on":null,"updated_at":"2026-07-25T01:27:52.347112+00:00"},"geometry":{"type":"Point","coordinates":[128.442069796,35.900731077]}},{"type":"Feature","id":"f00ae2e0e067e1c5bacba77358fa2a24914dee85e4969394a173781fca039dbe-1","properties":{"facility_id":"f00ae2e0e067e1c5bacba77358fa2a24914dee85e4969394a173781fca039dbe","point_ordinal":1,"zone_group_id":"277101008230","source_manage_no":"277101008230","facility_name":"대구화동초등학교","sgg_code":"27710","facility_type_code":"1","api_first_registered_on":null,"api_last_modified_on":null,"updated_at":"2026-07-25T01:27:52.347112+00:00"},"geometry":{"type":"Point","coordinates":[128.510011217,35.799743656]}},{"type":"Feature","id":"b2d53c7a26fb68241ad19e2bdf6da55c05424b83eb49ac82f6c18364b5c65a94-1","properties":{"facility_id":"b2d53c7a26fb68241ad19e2bdf6da55c05424b83eb49ac82f6c18364b5c65a94","point_ordinal":1,"zone_group_id":"277101008232","source_manage_no":"277101008232","facility_name":"대구화원초등학교","sgg_code":"27710","facility_type_code":"1","api_first_registered_on":null,"api_last_modified_on":null,"updated_at":"2026-07-25T01:27:52.347112+00:00"},"geometry":{"type":"Point","coordinates":[128.499002346,35.803496058]}},{"type":"Feature","id":"6b9b99caee8c7e4b3f3594fff772cc2575a4c1d851b0e3c008d5d1100517719e-1","properties":{"facility_id":"6b9b99caee8c7e4b3f3594fff772cc2575a4c1d851b0e3c008d5d1100517719e","point_ordinal":1,"zone_group_id":"277101008217","source_manage_no":"277101008217","facility_name":"도담소리숲유치원","sgg_code":"27710","facility_type_code":"1","api_first_registered_on":"2017-03-09","api_last_modified_on":null,"updated_at":"2026-07-25T01:27:52.347112+00:00"},"geometry":{"type":"Point","coordinates":[128.519836953,35.788354893]}},{"type":"Feature","id":"3e9170900b156c883f5159ea35833757762eac18b4273ba0b040b42c2c2f8f91-1","properties":{"facility_id":"3e9170900b156c883f5159ea35833757762eac18b4273ba0b040b42c2c2f8f91","point_ordinal":1,"zone_group_id":"277101008218","source_manage_no":"277101008218","facility_name":"동그라미어린이집","sgg_code":"27710","facility_type_code":"1","api_first_registered_on":"2014-04-17","api_last_modified_on":null,"updated_at":"2026-07-25T01:27:52.347112+00:00"},"geometry":{"type":"Point","coordinates":[128.491074059,35.798720189]}},{"type":"Feature","id":"61ec57e78907254c91980073d94ac0d6a5de7f9ac74ffe98d63c3674aed7f9de-1","properties":{"facility_id":"61ec57e78907254c91980073d94ac0d6a5de7f9ac74ffe98d63c3674aed7f9de","point_ordinal":1,"zone_group_id":"277101008164","source_manage_no":"277101008169","facility_name":"스탠포드어린이집","sgg_code":"27710","facility_type_code":"1","api_first_registered_on":"2014-04-17","api_last_modified_on":null,"updated_at":"2026-07-25T01:27:52.347112+00:00"},"geometry":{"type":"Point","coordinates":[128.446481596,35.730198011]}},{"type":"Feature","id":"bbbaab2289cb53def5f901032410f71f7b6c9c323837a2e0d0e904a7c0cb02df-1","properties":{"facility_id":"bbbaab2289cb53def5f901032410f71f7b6c9c323837a2e0d0e904a7c0cb02df","point_ordinal":1,"zone_group_id":"277101008213","source_manage_no":"277101008208","facility_name":"자연과학어린이집","sgg_code":"27710","facility_type_code":"1","api_first_registered_on":"2012-06-18","api_last_modified_on":null,"updated_at":"2026-07-25T01:27:52.347112+00:00"},"geometry":{"type":"Point","coordinates":[128.448250712,35.698465874]}},{"type":"Feature","id":"90e56f5672da09ea6e6750f33e0b84724c77d1d05fe5fa3293118fc36a3f37b9-1","properties":{"facility_id":"90e56f5672da09ea6e6750f33e0b84724c77d1d05fe5fa3293118fc36a3f37b9","point_ordinal":1,"zone_group_id":"277101008189","source_manage_no":"277101028350","facility_name":"해피아이어린이집","sgg_code":"27710","facility_type_code":"1","api_first_registered_on":null,"api_last_modified_on":null,"updated_at":"2026-07-25T01:27:52.347112+00:00"},"geometry":{"type":"Point","coordinates":[128.465145958,35.863722608]}},{"type":"Feature","id":"fc0e9816de8edc585f0dc6d853ce312bbfd62c2e478e166702711ca83489525d-1","properties":{"facility_id":"fc0e9816de8edc585f0dc6d853ce312bbfd62c2e478e166702711ca83489525d","point_ordinal":1,"zone_group_id":"277101008195","source_manage_no":"277101008199","facility_name":"금이야옥이야유치원","sgg_code":"27710","facility_type_code":"1","api_first_registered_on":"2017-10-17","api_last_modified_on":"2026-02-11","updated_at":"2026-07-25T01:27:52.347112+00:00"},"geometry":{"type":"Point","coordinates":[128.446157267,35.786874598]}},{"type":"Feature","id":"e99ce928acf67aed4cee28d79a2e20d372d7ec47c7edb4ae18ea033da1299ad4-1","properties":{"facility_id":"e99ce928acf67aed4cee28d79a2e20d372d7ec47c7edb4ae18ea033da1299ad4","point_ordinal":1,"zone_group_id":"277101008163","source_manage_no":"277102008166","facility_name":"대구가톨릭치매센터","sgg_code":"27710","facility_type_code":"2","api_first_registered_on":"2019-06-07","api_last_modified_on":null,"updated_at":"2026-07-25T01:27:52.347112+00:00"},"geometry":{"type":"Point","coordinates":[128.452995111,35.720977368]}},{"type":"Feature","id":"f429fdedca02d68432b1066a5f4b09f8cca4209dc09297371869f1b2c9a1b6f7-1","properties":{"facility_id":"f429fdedca02d68432b1066a5f4b09f8cca4209dc09297371869f1b2c9a1b6f7","point_ordinal":1,"zone_group_id":"277101008189","source_manage_no":"277101028351","facility_name":"대구아이누리유치원","sgg_code":"27710","facility_type_code":"1","api_first_registered_on":null,"api_last_modified_on":null,"updated_at":"2026-07-25T01:27:52.347112+00:00"},"geometry":{"type":"Point","coordinates":[128.466241469,35.863695723]}},{"type":"Feature","id":"cd513f8169e8bc590e2db50272b4f20d0be23fd95471a62ab1613b14c06e0567-1","properties":{"facility_id":"cd513f8169e8bc590e2db50272b4f20d0be23fd95471a62ab1613b14c06e0567","point_ordinal":1,"zone_group_id":"277101008212","source_manage_no":"277101008212","facility_name":"현풍아이세상어린이집","sgg_code":"27710","facility_type_code":"1","api_first_registered_on":"2014-04-17","api_last_modified_on":null,"updated_at":"2026-07-25T01:27:52.347112+00:00"},"geometry":{"type":"Point","coordinates":[128.448820867,35.695278732]}},{"type":"Feature","id":"bc6fd4306ba829b01fe98367118004bb8e1f7cfcbeccb3536c848d3bb255c8fc-1","properties":{"facility_id":"bc6fd4306ba829b01fe98367118004bb8e1f7cfcbeccb3536c848d3bb255c8fc","point_ordinal":1,"zone_group_id":"277101008157","source_manage_no":"277101028136","facility_name":"가창초등학교병설유치원","sgg_code":"27710","facility_type_code":"1","api_first_registered_on":"1997-10-10","api_last_modified_on":"2026-01-12","updated_at":"2026-07-25T01:27:52.347112+00:00"},"geometry":{"type":"Point","coordinates":[128.648291952,35.770953578]}},{"type":"Feature","id":"18a198ae6d1ecf30f6bc02f29c00ea25f116b48c8a1263cbb2a57e2166adc40c-1","properties":{"facility_id":"18a198ae6d1ecf30f6bc02f29c00ea25f116b48c8a1263cbb2a57e2166adc40c","point_ordinal":1,"zone_group_id":"277101008160","source_manage_no":"277101028147","facility_name":"구지초등학교병설유치원","sgg_code":"27710","facility_type_code":"1","api_first_registered_on":"1997-10-10","api_last_modified_on":"2026-01-12","updated_at":"2026-07-25T01:27:52.347112+00:00"},"geometry":{"type":"Point","coordinates":[128.412460202,35.660196686]}},{"type":"Feature","id":"d2cb9afc2dea218feeaae282bc39868a2e33365a487c4a5e0a67e287a3e94d43-1","properties":{"facility_id":"d2cb9afc2dea218feeaae282bc39868a2e33365a487c4a5e0a67e287a3e94d43","point_ordinal":1,"zone_group_id":"277101008168","source_manage_no":"277101028360","facility_name":"논공초등학교병설유치원","sgg_code":"27710","facility_type_code":"1","api_first_registered_on":null,"api_last_modified_on":"2026-01-12","updated_at":"2026-07-25T01:27:52.347112+00:00"},"geometry":{"type":"Point","coordinates":[128.43746101,35.730781674]}},{"type":"Feature","id":"5fe1041322f1a7322dfb93a1330dfdc9c318b51b54a50152245cf01f76111236-1","properties":{"facility_id":"5fe1041322f1a7322dfb93a1330dfdc9c318b51b54a50152245cf01f76111236","point_ordinal":1,"zone_group_id":"277101008173","source_manage_no":"277101028144","facility_name":"다사초등학교병설유치원","sgg_code":"27710","facility_type_code":"1","api_first_registered_on":"1997-10-10","api_last_modified_on":"2026-01-12","updated_at":"2026-07-25T01:27:52.347112+00:00"},"geometry":{"type":"Point","coordinates":[128.458251594,35.868380243]}},{"type":"Feature","id":"dabc58fdbeefd9633b9c4a1ad99b6f66b258135d67c25d98f8db9a79afc13459-1","properties":{"facility_id":"dabc58fdbeefd9633b9c4a1ad99b6f66b258135d67c25d98f8db9a79afc13459","point_ordinal":1,"zone_group_id":"277101008176","source_manage_no":"277101028362","facility_name":"도림초등학교병설유치원","sgg_code":"27710","facility_type_code":"1","api_first_registered_on":null,"api_last_modified_on":null,"updated_at":"2026-07-25T01:27:52.347112+00:00"},"geometry":{"type":"Point","coordinates":[128.500090576,35.877690144]}},{"type":"Feature","id":"ab7d5b4ec8b107d6aa4eaa14013e9c14fe68877b72a7598e8dff93c1dabfff8a-1","properties":{"facility_id":"ab7d5b4ec8b107d6aa4eaa14013e9c14fe68877b72a7598e8dff93c1dabfff8a","point_ordinal":1,"zone_group_id":"277101008203","source_manage_no":"277101028361","facility_name":"동곡초등학교병설유치원","sgg_code":"27710","facility_type_code":"1","api_first_registered_on":null,"api_last_modified_on":null,"updated_at":"2026-07-25T01:27:52.347112+00:00"},"geometry":{"type":"Point","coordinates":[128.417814642,35.878575982]}},{"type":"Feature","id":"054f91efba118d530975635b54ea8d9f54511d638090fabb6125efa1141d3a9e-1","properties":{"facility_id":"054f91efba118d530975635b54ea8d9f54511d638090fabb6125efa1141d3a9e","point_ordinal":1,"zone_group_id":"277101008189","source_manage_no":"277101028349","facility_name":"매곡초등학교병설유치원","sgg_code":"27710","facility_type_code":"1","api_first_registered_on":null,"api_last_modified_on":"2026-01-12","updated_at":"2026-07-25T01:27:52.347112+00:00"},"geometry":{"type":"Point","coordinates":[128.467683771,35.861581312]}},{"type":"Feature","id":"ad65d5f8cf26b2584b48d8b65ba4fe9abdffa030890be2d0771dbdd3766d13d9-1","properties":{"facility_id":"ad65d5f8cf26b2584b48d8b65ba4fe9abdffa030890be2d0771dbdd3766d13d9","point_ordinal":1,"zone_group_id":"277101008197","source_manage_no":"277101028130","facility_name":"반송초등학교병설유치원","sgg_code":"27710","facility_type_code":"1","api_first_registered_on":null,"api_last_modified_on":"2025-03-19","updated_at":"2026-07-25T01:27:52.347112+00:00"},"geometry":{"type":"Point","coordinates":[128.494799714,35.756319484]}},{"type":"Feature","id":"5b77161d23b2643f8eb46e0b30afe134dc3cdeaced2cb9f0c029037d04a504c9-1","properties":{"facility_id":"5b77161d23b2643f8eb46e0b30afe134dc3cdeaced2cb9f0c029037d04a504c9","point_ordinal":1,"zone_group_id":"277101008189","source_manage_no":"277101028352","facility_name":"왕선초등학교병설유치원","sgg_code":"27710","facility_type_code":"1","api_first_registered_on":null,"api_last_modified_on":"2026-01-12","updated_at":"2026-07-25T01:27:52.347112+00:00"},"geometry":{"type":"Point","coordinates":[128.465062728,35.863561414]}},{"type":"Feature","id":"62f4de95b2099d208013e74f2530bdb29313b230fbfdc848cc77c5eeb8db7bf6-1","properties":{"facility_id":"62f4de95b2099d208013e74f2530bdb29313b230fbfdc848cc77c5eeb8db7bf6","point_ordinal":1,"zone_group_id":"277101008159","source_manage_no":"277101028203","facility_name":"용계초등학교병설유치원","sgg_code":"27710","facility_type_code":"1","api_first_registered_on":"1996-05-28","api_last_modified_on":"2026-01-12","updated_at":"2026-07-25T01:27:52.347112+00:00"},"geometry":{"type":"Point","coordinates":[128.621749406,35.804418851]}},{"type":"Feature","id":"8ff66ad5fe01638d6430f4477325a8eced463956c6c15a579c64bae0dc017c2e-1","properties":{"facility_id":"8ff66ad5fe01638d6430f4477325a8eced463956c6c15a579c64bae0dc017c2e","point_ordinal":1,"zone_group_id":"277101008204","source_manage_no":"277101028132","facility_name":"하빈초등학교병설유치원","sgg_code":"27710","facility_type_code":"1","api_first_registered_on":null,"api_last_modified_on":"2026-01-12","updated_at":"2026-07-25T01:27:52.347112+00:00"},"geometry":{"type":"Point","coordinates":[128.442068131,35.900791925]}},{"type":"Feature","id":"9340f0800245e206deb69771aa94efca72d188f147b0c01bc7acd8f4c6a2c68c-1","properties":{"facility_id":"9340f0800245e206deb69771aa94efca72d188f147b0c01bc7acd8f4c6a2c68c","point_ordinal":1,"zone_group_id":"277101027833","source_manage_no":"277101028134","facility_name":"테크노초등학교병설유치원","sgg_code":"27710","facility_type_code":"1","api_first_registered_on":null,"api_last_modified_on":"2026-01-12","updated_at":"2026-07-25T01:27:52.347112+00:00"},"geometry":{"type":"Point","coordinates":[128.46522916,35.70002114]}},{"type":"Feature","id":"a778bed727942b47cd4c6973f59c15286dffbb6bc4684e9ea5ef84a7f71b382b-1","properties":{"facility_id":"a778bed727942b47cd4c6973f59c15286dffbb6bc4684e9ea5ef84a7f71b382b","point_ordinal":1,"zone_group_id":"277101008173","source_manage_no":"277101008172","facility_name":"꿈이있는 숲속유치원(꿈숲유치원)","sgg_code":"27710","facility_type_code":"1","api_first_registered_on":"2012-03-07","api_last_modified_on":null,"updated_at":"2026-07-25T01:27:52.347112+00:00"},"geometry":{"type":"Point","coordinates":[128.459026484,35.866039593]}},{"type":"Feature","id":"3514939728adf3f93f608cdec20cf089f6ff1bb60ae28d31328a234149e8d2c4-1","properties":{"facility_id":"3514939728adf3f93f608cdec20cf089f6ff1bb60ae28d31328a234149e8d2c4","point_ordinal":1,"zone_group_id":"477201006360","source_manage_no":"477201006360","facility_name":"고매초등학교","sgg_code":"27720","facility_type_code":"1","api_first_registered_on":"2001-12-30","api_last_modified_on":null,"updated_at":"2026-07-25T01:27:52.347112+00:00"},"geometry":{"type":"Point","coordinates":[128.582102769,36.096646511]}},{"type":"Feature","id":"165f0d189308df033d16894683b902eba63065ab75088f0e547ceb19e81436b3-1","properties":{"facility_id":"165f0d189308df033d16894683b902eba63065ab75088f0e547ceb19e81436b3","point_ordinal":1,"zone_group_id":"477201006348","source_manage_no":"477201006348","facility_name":"군위어린이집","sgg_code":"27720","facility_type_code":"1","api_first_registered_on":"2001-12-30","api_last_modified_on":null,"updated_at":"2026-07-25T01:27:52.347112+00:00"},"geometry":{"type":"Point","coordinates":[128.570886742,36.23338185]}},{"type":"Feature","id":"c6982a63f9471f8fbf06a5f365489c68a0c7846b67805abac2849d53d35e3669-1","properties":{"facility_id":"c6982a63f9471f8fbf06a5f365489c68a0c7846b67805abac2849d53d35e3669","point_ordinal":1,"zone_group_id":"477201006350","source_manage_no":"477201006350","facility_name":"군위초등학교","sgg_code":"27720","facility_type_code":"1","api_first_registered_on":"1996-05-29","api_last_modified_on":null,"updated_at":"2026-07-25T01:27:52.347112+00:00"},"geometry":{"type":"Point","coordinates":[128.568306007,36.2381666]}},{"type":"Feature","id":"5abeb12793f21bedc59d4a2f6a3f74b51ae2a332f3af61de60533e3c8115ac21-1","properties":{"facility_id":"5abeb12793f21bedc59d4a2f6a3f74b51ae2a332f3af61de60533e3c8115ac21","point_ordinal":1,"zone_group_id":"477201006352","source_manage_no":"477201006352","facility_name":"부계초등학교","sgg_code":"27720","facility_type_code":"1","api_first_registered_on":"2001-12-30","api_last_modified_on":null,"updated_at":"2026-07-25T01:27:52.347112+00:00"},"geometry":{"type":"Point","coordinates":[128.663158921,36.101097839]}},{"type":"Feature","id":"f3abf87c5710842d46df729ee6b5661167e5907ed2bbf7f057986ff8b2d4af51-1","properties":{"facility_id":"f3abf87c5710842d46df729ee6b5661167e5907ed2bbf7f057986ff8b2d4af51","point_ordinal":1,"zone_group_id":"477201006354","source_manage_no":"477201006354","facility_name":"송원초등학교","sgg_code":"27720","facility_type_code":"1","api_first_registered_on":"1997-01-04","api_last_modified_on":null,"updated_at":"2026-07-25T01:27:52.347112+00:00"},"geometry":{"type":"Point","coordinates":[128.476480797,36.253193643]}},{"type":"Feature","id":"a167c260f682c20b1ea9b1a4df58a86275cd38d0cfd23f76f3afa964779e7fe5-1","properties":{"facility_id":"a167c260f682c20b1ea9b1a4df58a86275cd38d0cfd23f76f3afa964779e7fe5","point_ordinal":1,"zone_group_id":"477201006356","source_manage_no":"477201006356","facility_name":"우보초등학교","sgg_code":"27720","facility_type_code":"1","api_first_registered_on":"1996-05-29","api_last_modified_on":null,"updated_at":"2026-07-25T01:27:52.347112+00:00"},"geometry":{"type":"Point","coordinates":[128.660956866,36.194444066]}},{"type":"Feature","id":"a0bb1651b9c3dd2986cf1214fc0bf8f2aa043703b23950f034fb8e98ac2e650d-1","properties":{"facility_id":"a0bb1651b9c3dd2986cf1214fc0bf8f2aa043703b23950f034fb8e98ac2e650d","point_ordinal":1,"zone_group_id":"477201006358","source_manage_no":"477201006358","facility_name":"의흥초등학교","sgg_code":"27720","facility_type_code":"1","api_first_registered_on":"1996-05-29","api_last_modified_on":null,"updated_at":"2026-07-25T01:27:52.347112+00:00"},"geometry":{"type":"Point","coordinates":[128.718240886,36.174843705]}},{"type":"Feature","id":"aac96afe83634da6f12ec4d8365d426e73f67a23a1f6c5eb6250e0df530102a0-1","properties":{"facility_id":"aac96afe83634da6f12ec4d8365d426e73f67a23a1f6c5eb6250e0df530102a0","point_ordinal":1,"zone_group_id":"477201006362","source_manage_no":"477201006362","facility_name":"효령초등학교","sgg_code":"27720","facility_type_code":"1","api_first_registered_on":"1997-01-04","api_last_modified_on":null,"updated_at":"2026-07-25T01:27:52.347112+00:00"},"geometry":{"type":"Point","coordinates":[128.586589278,36.156214773]}},{"type":"Feature","id":"1f39926298e4767f0cddeb6634965079546f57641baced3eb15dbe8ba78be292-1","properties":{"facility_id":"1f39926298e4767f0cddeb6634965079546f57641baced3eb15dbe8ba78be292","point_ordinal":1,"zone_group_id":"477202028359","source_manage_no":"477202028359","facility_name":"밀알노인요양원","sgg_code":"27720","facility_type_code":"2","api_first_registered_on":null,"api_last_modified_on":null,"updated_at":"2026-07-25T01:27:52.347112+00:00"},"geometry":{"type":"Point","coordinates":[128.510985172,36.272888175]}},{"type":"Feature","id":"7f1115a812792cdb5134c94c63950e2de2be1db1580e6bbc9a0a7933aa551265-1","properties":{"facility_id":"7f1115a812792cdb5134c94c63950e2de2be1db1580e6bbc9a0a7933aa551265","point_ordinal":1,"zone_group_id":"477202006363","source_manage_no":"477202006363","facility_name":"군위국민체육센터","sgg_code":"27720","facility_type_code":"2","api_first_registered_on":"2016-06-20","api_last_modified_on":null,"updated_at":"2026-07-25T01:27:52.347112+00:00"},"geometry":{"type":"Point","coordinates":[128.573222584,36.237381657]}},{"type":"Feature","id":"d7ab1408d89e083ce2bcf6fa8a593e29cec9148b428a35c97c09416d65edcde4-1","properties":{"facility_id":"d7ab1408d89e083ce2bcf6fa8a593e29cec9148b428a35c97c09416d65edcde4","point_ordinal":1,"zone_group_id":"477202006364","source_manage_no":"477202006364","facility_name":"군위생활체육공원","sgg_code":"27720","facility_type_code":"2","api_first_registered_on":"2016-06-08","api_last_modified_on":null,"updated_at":"2026-07-25T01:27:52.347112+00:00"},"geometry":{"type":"Point","coordinates":[128.562523201,36.236178988]}},{"type":"Feature","id":"c36c6c6571889bf3bdef229b26da5c60ea6868132c9e4fce43db0d71e11cee16-1","properties":{"facility_id":"c36c6c6571889bf3bdef229b26da5c60ea6868132c9e4fce43db0d71e11cee16","point_ordinal":1,"zone_group_id":"477202006365","source_manage_no":"477202006365","facility_name":"백송한마음요양원","sgg_code":"27720","facility_type_code":"2","api_first_registered_on":"2016-06-08","api_last_modified_on":null,"updated_at":"2026-07-25T01:27:52.347112+00:00"},"geometry":{"type":"Point","coordinates":[128.660809855,36.06826907]}},{"type":"Feature","id":"1154f3cf40c6c8a70eba34080debc3699c0881b5b6514f7fb884f8687ffb98bc-1","properties":{"facility_id":"1154f3cf40c6c8a70eba34080debc3699c0881b5b6514f7fb884f8687ffb98bc","point_ordinal":1,"zone_group_id":"477201006346","source_manage_no":"477201006346","facility_name":"의흥초등학교석산분교","sgg_code":"27720","facility_type_code":"1","api_first_registered_on":"2001-12-30","api_last_modified_on":null,"updated_at":"2026-07-25T01:27:52.347112+00:00"},"geometry":{"type":"Point","coordinates":[128.854981617,36.175436433]}},{"type":"Feature","id":"1c948ef2787781bbe1e738804d5ea794f888c2cd1b258675209d4ce5b8c44aa2-1","properties":{"facility_id":"1c948ef2787781bbe1e738804d5ea794f888c2cd1b258675209d4ce5b8c44aa2","point_ordinal":1,"zone_group_id":"477201006360","source_manage_no":"477201006359","facility_name":"고매초등학교병설유치원","sgg_code":"27720","facility_type_code":"1","api_first_registered_on":"2001-12-30","api_last_modified_on":null,"updated_at":"2026-07-25T01:27:52.347112+00:00"},"geometry":{"type":"Point","coordinates":[128.582098664,36.096718655]}},{"type":"Feature","id":"9b1d5e5e7f22d65832bb29123d50355d624d0d4bdc724ed1a7e00c49e86b3aae-1","properties":{"facility_id":"9b1d5e5e7f22d65832bb29123d50355d624d0d4bdc724ed1a7e00c49e86b3aae","point_ordinal":1,"zone_group_id":"477201006350","source_manage_no":"477201006349","facility_name":"군위초등학교병설유치원","sgg_code":"27720","facility_type_code":"1","api_first_registered_on":"1996-05-29","api_last_modified_on":null,"updated_at":"2026-07-25T01:27:52.347112+00:00"},"geometry":{"type":"Point","coordinates":[128.568170279,36.238193159]}},{"type":"Feature","id":"3df5e8e411842c3afe6bdb95abe0de038cdc474e182b082298068ea6cc7f48e6-1","properties":{"facility_id":"3df5e8e411842c3afe6bdb95abe0de038cdc474e182b082298068ea6cc7f48e6","point_ordinal":1,"zone_group_id":"477201006352","source_manage_no":"477201006351","facility_name":"부계초등학교병설유치원","sgg_code":"27720","facility_type_code":"1","api_first_registered_on":"2001-12-30","api_last_modified_on":null,"updated_at":"2026-07-25T01:27:52.347112+00:00"},"geometry":{"type":"Point","coordinates":[128.663151925,36.101161014]}},{"type":"Feature","id":"540e61929e4ac0ada50b4527adffb09ab09d73e1fb2e5a1f3268e406cb89ab3b-1","properties":{"facility_id":"540e61929e4ac0ada50b4527adffb09ab09d73e1fb2e5a1f3268e406cb89ab3b","point_ordinal":1,"zone_group_id":"477201006358","source_manage_no":"477201006357","facility_name":"의흥초등학교병설유치원","sgg_code":"27720","facility_type_code":"1","api_first_registered_on":"1996-05-29","api_last_modified_on":null,"updated_at":"2026-07-25T01:27:52.347112+00:00"},"geometry":{"type":"Point","coordinates":[128.718197058,36.174745215]}},{"type":"Feature","id":"5298ba1781d6e3fb0155439423ee9d6ed5500d594b6f750b571411fe4e6b499d-1","properties":{"facility_id":"5298ba1781d6e3fb0155439423ee9d6ed5500d594b6f750b571411fe4e6b499d","point_ordinal":1,"zone_group_id":"477201006362","source_manage_no":"477201006361","facility_name":"효령초등학교병설유치원","sgg_code":"27720","facility_type_code":"1","api_first_registered_on":"1997-01-04","api_last_modified_on":null,"updated_at":"2026-07-25T01:27:52.347112+00:00"},"geometry":{"type":"Point","coordinates":[128.586579622,36.15628699]}}]}