{"type":"FeatureCollection","features":[{"type":"Feature","id":"8b5616913aa0b7a220eea064cf4e1b7fbf1a0f0bcee70265b7918d6db74719e6-1","properties":{"facility_id":"8b5616913aa0b7a220eea064cf4e1b7fbf1a0f0bcee70265b7918d6db74719e6","point_ordinal":1,"zone_group_id":"481211005708","source_manage_no":"481211005708","facility_name":"가람유치원","sgg_code":"48121","facility_type_code":"1","api_first_registered_on":"2005-03-25","api_last_modified_on":null,"updated_at":"2026-07-25T01:27:52.347112+00:00"},"geometry":{"type":"Point","coordinates":[128.615144203,35.251158596]}},{"type":"Feature","id":"b98d99e34214b8c0c6721beb88ab88ac2ab3b6a2fee9311b24e8823233e99430-1","properties":{"facility_id":"b98d99e34214b8c0c6721beb88ab88ac2ab3b6a2fee9311b24e8823233e99430","point_ordinal":1,"zone_group_id":"481211005685","source_manage_no":"481211005685","facility_name":"감계초등학교","sgg_code":"48121","facility_type_code":"1","api_first_registered_on":"2016-03-11","api_last_modified_on":"2025-04-04","updated_at":"2026-07-25T01:27:52.347112+00:00"},"geometry":{"type":"Point","coordinates":[128.588552162,35.300290357]}},{"type":"Feature","id":"78165b128a3f4f13b3362bbcdf622fc3e104aabe211c31cc294e8fe3748da91c-1","properties":{"facility_id":"78165b128a3f4f13b3362bbcdf622fc3e104aabe211c31cc294e8fe3748da91c","point_ordinal":1,"zone_group_id":"481212005671","source_manage_no":"481212005671","facility_name":"경남대한노인회","sgg_code":"48121","facility_type_code":"2","api_first_registered_on":"2010-01-01","api_last_modified_on":null,"updated_at":"2026-07-25T01:27:52.347112+00:00"},"geometry":{"type":"Point","coordinates":[128.639236187,35.252602216]}},{"type":"Feature","id":"37d1147afe3158a73781d052fb75b47f6c961d4902e2b1f2e679231e0c890d9c-1","properties":{"facility_id":"37d1147afe3158a73781d052fb75b47f6c961d4902e2b1f2e679231e0c890d9c","point_ordinal":1,"zone_group_id":"481201029923","source_manage_no":"481201029923","facility_name":"경상남도청 어린이집","sgg_code":"48121","facility_type_code":"1","api_first_registered_on":null,"api_last_modified_on":"2026-01-15","updated_at":"2026-07-25T01:27:52.347112+00:00"},"geometry":{"type":"Point","coordinates":[128.695867831,35.238275749]}},{"type":"Feature","id":"92648384a7d7cbbc08160e01fcd22d4bfb4819826aa584f84224706d8c3f0e19-1","properties":{"facility_id":"92648384a7d7cbbc08160e01fcd22d4bfb4819826aa584f84224706d8c3f0e19","point_ordinal":1,"zone_group_id":"481202029006","source_manage_no":"481202029006","facility_name":"금산마을","sgg_code":"48121","facility_type_code":"2","api_first_registered_on":"2020-10-12","api_last_modified_on":"2026-02-10","updated_at":"2026-07-25T01:27:52.347112+00:00"},"geometry":{"type":"Point","coordinates":[128.664372209,35.323314304]}},{"type":"Feature","id":"e193469341f7e580538278eaea28c98d827583165a87877337f73061f51bdae4-1","properties":{"facility_id":"e193469341f7e580538278eaea28c98d827583165a87877337f73061f51bdae4","point_ordinal":1,"zone_group_id":"481211005660","source_manage_no":"481211005656","facility_name":"꽃누리별누리유치원","sgg_code":"48121","facility_type_code":"1","api_first_registered_on":"2005-03-25","api_last_modified_on":null,"updated_at":"2026-07-25T01:27:52.347112+00:00"},"geometry":{"type":"Point","coordinates":[128.641195267,35.256264505]}},{"type":"Feature","id":"a7ed6a82078c5e9c86c38ac88e645e8782bcde41e9b1203ec6f58c7ea5b28b3f-1","properties":{"facility_id":"a7ed6a82078c5e9c86c38ac88e645e8782bcde41e9b1203ec6f58c7ea5b28b3f","point_ordinal":1,"zone_group_id":"481211005642","source_manage_no":"481211005642","facility_name":"노벨유치원","sgg_code":"48121","facility_type_code":"1","api_first_registered_on":"2004-08-31","api_last_modified_on":null,"updated_at":"2026-07-25T01:27:52.347112+00:00"},"geometry":{"type":"Point","coordinates":[128.641086861,35.246436706]}},{"type":"Feature","id":"69e98812d343e8169c0bfb867290e92c1af60f52a2c65107e0cc5337df610f94-1","properties":{"facility_id":"69e98812d343e8169c0bfb867290e92c1af60f52a2c65107e0cc5337df610f94","point_ordinal":1,"zone_group_id":"481211005649","source_manage_no":"481211005649","facility_name":"대산초등학교","sgg_code":"48121","facility_type_code":"1","api_first_registered_on":"2004-05-21","api_last_modified_on":null,"updated_at":"2026-07-25T01:27:52.347112+00:00"},"geometry":{"type":"Point","coordinates":[128.709919638,35.340197071]}},{"type":"Feature","id":"de2670c1a082af8c045e9e1024203305e9ac668a75857699dc5b36cf03fd3e54-1","properties":{"facility_id":"de2670c1a082af8c045e9e1024203305e9ac668a75857699dc5b36cf03fd3e54","point_ordinal":1,"zone_group_id":"481211005649","source_manage_no":"481211005650","facility_name":"대산초등학교병설유치원","sgg_code":"48121","facility_type_code":"1","api_first_registered_on":"2004-05-21","api_last_modified_on":null,"updated_at":"2026-07-25T01:27:52.347112+00:00"},"geometry":{"type":"Point","coordinates":[128.709288544,35.339737375]}},{"type":"Feature","id":"4227cc7eff2284915bfbc9346d3dd387d817e9beff2f9c825d90e21040a93f54-1","properties":{"facility_id":"4227cc7eff2284915bfbc9346d3dd387d817e9beff2f9c825d90e21040a93f54","point_ordinal":1,"zone_group_id":"481211025498","source_manage_no":"481211025498","facility_name":"대원초등학교","sgg_code":"48121","facility_type_code":"1","api_first_registered_on":null,"api_last_modified_on":null,"updated_at":"2026-07-25T01:27:52.347112+00:00"},"geometry":{"type":"Point","coordinates":[128.651754082,35.233638067]}},{"type":"Feature","id":"820175d55a83b7ca99e6a0a936b866625205599c5334c50ef2d2e95955e23476-1","properties":{"facility_id":"820175d55a83b7ca99e6a0a936b866625205599c5334c50ef2d2e95955e23476","point_ordinal":1,"zone_group_id":"481212027854","source_manage_no":"481212027854","facility_name":"대천경로당","sgg_code":"48121","facility_type_code":"2","api_first_registered_on":"2024-10-29","api_last_modified_on":null,"updated_at":"2026-07-25T01:27:52.347112+00:00"},"geometry":{"type":"Point","coordinates":[128.602547742,35.309499234]}},{"type":"Feature","id":"712f78e4de41d599c4d8d638f1db99f991447b48ef7d734a2dcd0cd9602012b0-1","properties":{"facility_id":"712f78e4de41d599c4d8d638f1db99f991447b48ef7d734a2dcd0cd9602012b0","point_ordinal":1,"zone_group_id":"481211005657","source_manage_no":"481211005657","facility_name":"도계초등학교","sgg_code":"48121","facility_type_code":"1","api_first_registered_on":"2001-05-01","api_last_modified_on":null,"updated_at":"2026-07-25T01:27:52.347112+00:00"},"geometry":{"type":"Point","coordinates":[128.639454673,35.259332589]}},{"type":"Feature","id":"37e6948d9583be7e701026cecbc2acfee4bd66b6c854f199e042ea02b9144fb3-1","properties":{"facility_id":"37e6948d9583be7e701026cecbc2acfee4bd66b6c854f199e042ea02b9144fb3","point_ordinal":1,"zone_group_id":"481211005657","source_manage_no":"481211005658","facility_name":"도계초등학교병설유치원","sgg_code":"48121","facility_type_code":"1","api_first_registered_on":"2001-05-01","api_last_modified_on":null,"updated_at":"2026-07-25T01:27:52.347112+00:00"},"geometry":{"type":"Point","coordinates":[128.638503236,35.259282394]}},{"type":"Feature","id":"a3559b702ed3ed5d204ab698e307a14e24fe5c7ad84e6f8bbe114fa97ee24f86-1","properties":{"facility_id":"a3559b702ed3ed5d204ab698e307a14e24fe5c7ad84e6f8bbe114fa97ee24f86","point_ordinal":1,"zone_group_id":"481211005672","source_manage_no":"481211005672","facility_name":"명곡유치원","sgg_code":"48121","facility_type_code":"1","api_first_registered_on":"2010-12-24","api_last_modified_on":null,"updated_at":"2026-07-25T01:27:52.347112+00:00"},"geometry":{"type":"Point","coordinates":[128.644509185,35.246908149]}},{"type":"Feature","id":"6d632819cd6f4c10d77e304f0be268c5e6dca14ec37f051a3561bd306f170b3a-1","properties":{"facility_id":"6d632819cd6f4c10d77e304f0be268c5e6dca14ec37f051a3561bd306f170b3a","point_ordinal":1,"zone_group_id":"481211005673","source_manage_no":"481211005673","facility_name":"명곡초등학교","sgg_code":"48121","facility_type_code":"1","api_first_registered_on":"2003-02-14","api_last_modified_on":null,"updated_at":"2026-07-25T01:27:52.347112+00:00"},"geometry":{"type":"Point","coordinates":[128.644808835,35.242571635]}},{"type":"Feature","id":"1132fd5e52fc39d466062be09446c6120d323db24688a40d2e440be993d6dc78-1","properties":{"facility_id":"1132fd5e52fc39d466062be09446c6120d323db24688a40d2e440be993d6dc78","point_ordinal":1,"zone_group_id":"481211005673","source_manage_no":"481211005674","facility_name":"명곡초등학교병설유치원","sgg_code":"48121","facility_type_code":"1","api_first_registered_on":"2003-02-14","api_last_modified_on":null,"updated_at":"2026-07-25T01:27:52.347112+00:00"},"geometry":{"type":"Point","coordinates":[128.644766602,35.242928192]}},{"type":"Feature","id":"558070dcc90f798df5d70260e7698d8a2602cb5f4760ac9b1b0a98dab2bb66a1-1","properties":{"facility_id":"558070dcc90f798df5d70260e7698d8a2602cb5f4760ac9b1b0a98dab2bb66a1","point_ordinal":1,"zone_group_id":"481211005660","source_manage_no":"481211005660","facility_name":"명도초등학교","sgg_code":"48121","facility_type_code":"1","api_first_registered_on":"2002-05-28","api_last_modified_on":"2026-03-25","updated_at":"2026-07-25T01:27:52.347112+00:00"},"geometry":{"type":"Point","coordinates":[128.643999337,35.255978733]}},{"type":"Feature","id":"9e89f9b2319a41ba571b0112adb80aced924fdcd65e937438f022dac1923d36b-1","properties":{"facility_id":"9e89f9b2319a41ba571b0112adb80aced924fdcd65e937438f022dac1923d36b","point_ordinal":1,"zone_group_id":"481211005660","source_manage_no":"481211005661","facility_name":"명도초등학교병설유치원","sgg_code":"48121","facility_type_code":"1","api_first_registered_on":"2003-11-14","api_last_modified_on":null,"updated_at":"2026-07-25T01:27:52.347112+00:00"},"geometry":{"type":"Point","coordinates":[128.643975607,35.256163805]}},{"type":"Feature","id":"f287b89dbc099be78f188ab22c88a8ad5ed19ffb3ffc0083dd1d1b03c497f9c9-1","properties":{"facility_id":"f287b89dbc099be78f188ab22c88a8ad5ed19ffb3ffc0083dd1d1b03c497f9c9","point_ordinal":1,"zone_group_id":"481211005675","source_manage_no":"481211005675","facility_name":"명서초등학교","sgg_code":"48121","facility_type_code":"1","api_first_registered_on":"1997-05-28","api_last_modified_on":null,"updated_at":"2026-07-25T01:27:52.347112+00:00"},"geometry":{"type":"Point","coordinates":[128.642926459,35.251005994]}},{"type":"Feature","id":"ff3a78f4abd2df9e5c1d150565d2f5ac298248420e4bdf02841e1ecd35563b55-1","properties":{"facility_id":"ff3a78f4abd2df9e5c1d150565d2f5ac298248420e4bdf02841e1ecd35563b55","point_ordinal":1,"zone_group_id":"481211005675","source_manage_no":"481211005676","facility_name":"명서초등학교병설유치원","sgg_code":"48121","facility_type_code":"1","api_first_registered_on":"1997-05-28","api_last_modified_on":null,"updated_at":"2026-07-25T01:27:52.347112+00:00"},"geometry":{"type":"Point","coordinates":[128.642559006,35.250763147]}},{"type":"Feature","id":"97e0485d98a08d173f43daab9c9020a14088538864dda747027736a6c447c320-1","properties":{"facility_id":"97e0485d98a08d173f43daab9c9020a14088538864dda747027736a6c447c320","point_ordinal":1,"zone_group_id":"481201029004","source_manage_no":"481201029004","facility_name":"무동꿈유치원","sgg_code":"48121","facility_type_code":"1","api_first_registered_on":"2022-12-21","api_last_modified_on":"2025-04-07","updated_at":"2026-07-25T01:27:52.347112+00:00"},"geometry":{"type":"Point","coordinates":[128.581042105,35.323527445]}},{"type":"Feature","id":"644dda3c14e5228e617a593ef866371901182fbbd4ad15bfeba67e8883984e36-1","properties":{"facility_id":"644dda3c14e5228e617a593ef866371901182fbbd4ad15bfeba67e8883984e36","point_ordinal":1,"zone_group_id":"481211005686","source_manage_no":"481211005686","facility_name":"무동초등학교","sgg_code":"48121","facility_type_code":"1","api_first_registered_on":"2015-05-13","api_last_modified_on":null,"updated_at":"2026-07-25T01:27:52.347112+00:00"},"geometry":{"type":"Point","coordinates":[128.581921717,35.320813808]}},{"type":"Feature","id":"49c0aa73226b3d08ebbc4e5f11f3839312d50e6e066d616e1bc64726f119aa08-1","properties":{"facility_id":"49c0aa73226b3d08ebbc4e5f11f3839312d50e6e066d616e1bc64726f119aa08","point_ordinal":1,"zone_group_id":"481211005679","source_manage_no":"481211005679","facility_name":"미래나무 어린이집","sgg_code":"48121","facility_type_code":"1","api_first_registered_on":"2014-01-03","api_last_modified_on":null,"updated_at":"2026-07-25T01:27:52.347112+00:00"},"geometry":{"type":"Point","coordinates":[128.664394192,35.247827464]}},{"type":"Feature","id":"cb937350b6c22067a042fa2f0126dc1ffe2fb2cb72da37dbe6176acc06258e1e-1","properties":{"facility_id":"cb937350b6c22067a042fa2f0126dc1ffe2fb2cb72da37dbe6176acc06258e1e","point_ordinal":1,"zone_group_id":"481211005687","source_manage_no":"481211005687","facility_name":"바른손어린이집","sgg_code":"48121","facility_type_code":"1","api_first_registered_on":"2008-12-17","api_last_modified_on":"2025-04-07","updated_at":"2026-07-25T01:27:52.347112+00:00"},"geometry":{"type":"Point","coordinates":[128.603571829,35.329076639]}},{"type":"Feature","id":"5b82ae3b076a28a2c6ab3faf6e9eb02bb7449d38a78cf9da0de9d48a94325b8f-1","properties":{"facility_id":"5b82ae3b076a28a2c6ab3faf6e9eb02bb7449d38a78cf9da0de9d48a94325b8f","point_ordinal":1,"zone_group_id":"481211005662","source_manage_no":"481211005662","facility_name":"봉강초등학교","sgg_code":"48121","facility_type_code":"1","api_first_registered_on":"2004-02-14","api_last_modified_on":null,"updated_at":"2026-07-25T01:27:52.347112+00:00"},"geometry":{"type":"Point","coordinates":[128.655856503,35.350769502]}},{"type":"Feature","id":"783eefa8cd805ae7b22045db0d76db08e1bdade81ec91514130ff4cb1d38b767-1","properties":{"facility_id":"783eefa8cd805ae7b22045db0d76db08e1bdade81ec91514130ff4cb1d38b767","point_ordinal":1,"zone_group_id":"481211005662","source_manage_no":"481211005663","facility_name":"봉강초등학교병설유치원","sgg_code":"48121","facility_type_code":"1","api_first_registered_on":"2004-02-14","api_last_modified_on":null,"updated_at":"2026-07-25T01:27:52.347112+00:00"},"geometry":{"type":"Point","coordinates":[128.655850719,35.350620882]}},{"type":"Feature","id":"fbdd79f012d857b85cf7674889ead79c02c43e821762f0cdb683573b6c450022-1","properties":{"facility_id":"fbdd79f012d857b85cf7674889ead79c02c43e821762f0cdb683573b6c450022","point_ordinal":1,"zone_group_id":"481201029932","source_manage_no":"481201029932","facility_name":"봉림초등학교","sgg_code":"48121","facility_type_code":"1","api_first_registered_on":null,"api_last_modified_on":"2026-01-19","updated_at":"2026-07-25T01:27:52.347112+00:00"},"geometry":{"type":"Point","coordinates":[128.677852435,35.245979963]}},{"type":"Feature","id":"16f89a9c203d9d3dc60d01ec56b92e38c860865914289081a5e1bf223d494048-1","properties":{"facility_id":"16f89a9c203d9d3dc60d01ec56b92e38c860865914289081a5e1bf223d494048","point_ordinal":1,"zone_group_id":"481211005688","source_manage_no":"481211005688","facility_name":"북면초등학교","sgg_code":"48121","facility_type_code":"1","api_first_registered_on":"2004-05-21","api_last_modified_on":null,"updated_at":"2026-07-25T01:27:52.347112+00:00"},"geometry":{"type":"Point","coordinates":[128.600001562,35.305586798]}},{"type":"Feature","id":"41dac69e892bc9a522087b41d0a64cb4158a63cb87e25f70e3f39b2d26e56269-1","properties":{"facility_id":"41dac69e892bc9a522087b41d0a64cb4158a63cb87e25f70e3f39b2d26e56269","point_ordinal":1,"zone_group_id":"481211005688","source_manage_no":"481211022088","facility_name":"북면초등학교 병설유치원","sgg_code":"48121","facility_type_code":"1","api_first_registered_on":"2004-05-21","api_last_modified_on":null,"updated_at":"2026-07-25T01:27:52.347112+00:00"},"geometry":{"type":"Point","coordinates":[128.600032622,35.30536003]}},{"type":"Feature","id":"547938c77bb4678793e518dcc2127d61b07faabe1e9bdbe6b7ba3f6289552292-1","properties":{"facility_id":"547938c77bb4678793e518dcc2127d61b07faabe1e9bdbe6b7ba3f6289552292","point_ordinal":1,"zone_group_id":"481211005710","source_manage_no":"481211005710","facility_name":"사화초등학교","sgg_code":"48121","facility_type_code":"1","api_first_registered_on":"1997-05-28","api_last_modified_on":null,"updated_at":"2026-07-25T01:27:52.347112+00:00"},"geometry":{"type":"Point","coordinates":[128.616711368,35.25257477]}},{"type":"Feature","id":"58c1ca13d27c32dfa38e1fb5aa754553c2333caae85f11a4ad4a11d8e9baa403-1","properties":{"facility_id":"58c1ca13d27c32dfa38e1fb5aa754553c2333caae85f11a4ad4a11d8e9baa403","point_ordinal":1,"zone_group_id":"481211005710","source_manage_no":"481211005711","facility_name":"사화초등학교병설유치원","sgg_code":"48121","facility_type_code":"1","api_first_registered_on":"1997-05-28","api_last_modified_on":null,"updated_at":"2026-07-25T01:27:52.347112+00:00"},"geometry":{"type":"Point","coordinates":[128.616038852,35.252457584]}},{"type":"Feature","id":"8c98124294bd0d7f26162db3e2283e20f04e1978d727669e41f9da27a917adf5-1","properties":{"facility_id":"8c98124294bd0d7f26162db3e2283e20f04e1978d727669e41f9da27a917adf5","point_ordinal":1,"zone_group_id":"481211029968","source_manage_no":"481211029968","facility_name":"산남경로당","sgg_code":"48121","facility_type_code":"2","api_first_registered_on":"2025-11-12","api_last_modified_on":"2026-02-10","updated_at":"2026-07-25T01:27:52.347112+00:00"},"geometry":{"type":"Point","coordinates":[128.67715736,35.352253151]}},{"type":"Feature","id":"7df4aa8fb60a949395718234b4b949c3a8690b6d4d7433ee45634ba0fad01897-1","properties":{"facility_id":"7df4aa8fb60a949395718234b4b949c3a8690b6d4d7433ee45634ba0fad01897","point_ordinal":1,"zone_group_id":"481212005690","source_manage_no":"481212005690","facility_name":"삼원효도마을","sgg_code":"48121","facility_type_code":"2","api_first_registered_on":"2011-01-01","api_last_modified_on":null,"updated_at":"2026-07-25T01:27:52.347112+00:00"},"geometry":{"type":"Point","coordinates":[128.574883476,35.361063828]}},{"type":"Feature","id":"7fdc63db03026574aae95757deb7e113d2e6913b0bf917ff852edda736f5b26b-1","properties":{"facility_id":"7fdc63db03026574aae95757deb7e113d2e6913b0bf917ff852edda736f5b26b","point_ordinal":1,"zone_group_id":"481211005680","source_manage_no":"481211005680","facility_name":"상북초등학교","sgg_code":"48121","facility_type_code":"1","api_first_registered_on":"1996-05-23","api_last_modified_on":null,"updated_at":"2026-07-25T01:27:52.347112+00:00"},"geometry":{"type":"Point","coordinates":[128.653320911,35.246802952]}},{"type":"Feature","id":"2ba830b8dba83f5614b08ff60272481f0999bcd746e51fcef339a1a9a55757cc-1","properties":{"facility_id":"2ba830b8dba83f5614b08ff60272481f0999bcd746e51fcef339a1a9a55757cc","point_ordinal":1,"zone_group_id":"481211005680","source_manage_no":"481211005681","facility_name":"상북초등학교병설유치원","sgg_code":"48121","facility_type_code":"1","api_first_registered_on":"1996-05-23","api_last_modified_on":null,"updated_at":"2026-07-25T01:27:52.347112+00:00"},"geometry":{"type":"Point","coordinates":[128.652557571,35.246649359]}},{"type":"Feature","id":"e86037214660b3a8e4bfdf9d31efbc9b9dfd84124de413ed0098f4ee93ed1f4b-1","properties":{"facility_id":"e86037214660b3a8e4bfdf9d31efbc9b9dfd84124de413ed0098f4ee93ed1f4b","point_ordinal":1,"zone_group_id":"481211005677","source_manage_no":"481211005677","facility_name":"성모유치원","sgg_code":"48121","facility_type_code":"1","api_first_registered_on":"2004-05-06","api_last_modified_on":null,"updated_at":"2026-07-25T01:27:52.347112+00:00"},"geometry":{"type":"Point","coordinates":[128.644593192,35.241154846]}},{"type":"Feature","id":"d6e941cc1165129f50d4f3f15bbac388487edf193a51c65ed732efc4913c8894-1","properties":{"facility_id":"d6e941cc1165129f50d4f3f15bbac388487edf193a51c65ed732efc4913c8894","point_ordinal":1,"zone_group_id":"481211005700","source_manage_no":"481211005700","facility_name":"성미유치원","sgg_code":"48121","facility_type_code":"1","api_first_registered_on":"2010-12-24","api_last_modified_on":null,"updated_at":"2026-07-25T01:27:52.347112+00:00"},"geometry":{"type":"Point","coordinates":[128.627736445,35.26751498]}},{"type":"Feature","id":"4d959d493b86d74841c3233c12434c5bc0b042042b03a8b7da2c68b629472d80-1","properties":{"facility_id":"4d959d493b86d74841c3233c12434c5bc0b042042b03a8b7da2c68b629472d80","point_ordinal":1,"zone_group_id":"481211005701","source_manage_no":"481211005701","facility_name":"소답초등학교","sgg_code":"48121","facility_type_code":"1","api_first_registered_on":"2000-06-15","api_last_modified_on":null,"updated_at":"2026-07-25T01:27:52.347112+00:00"},"geometry":{"type":"Point","coordinates":[128.629225151,35.265604715]}},{"type":"Feature","id":"b96e7088d99afa9fc8bdf01629a082d87e012a0f07e0c00fe1ebd58636a54988-1","properties":{"facility_id":"b96e7088d99afa9fc8bdf01629a082d87e012a0f07e0c00fe1ebd58636a54988","point_ordinal":1,"zone_group_id":"481211005701","source_manage_no":"481211005702","facility_name":"소답초등학교병설유치원","sgg_code":"48121","facility_type_code":"1","api_first_registered_on":"2000-06-15","api_last_modified_on":null,"updated_at":"2026-07-25T01:27:52.347112+00:00"},"geometry":{"type":"Point","coordinates":[128.628864155,35.265411308]}},{"type":"Feature","id":"7327db927746830452f3f1a7609ea8f6fa111fa7066b1c9964cb0f7a7c6e4592-1","properties":{"facility_id":"7327db927746830452f3f1a7609ea8f6fa111fa7066b1c9964cb0f7a7c6e4592","point_ordinal":1,"zone_group_id":"481211005651","source_manage_no":"481211005651","facility_name":"신등초등학교","sgg_code":"48121","facility_type_code":"1","api_first_registered_on":"2004-05-21","api_last_modified_on":null,"updated_at":"2026-07-25T01:27:52.347112+00:00"},"geometry":{"type":"Point","coordinates":[128.699339482,35.320104297]}},{"type":"Feature","id":"8512814d5e79f656862472fa5cdc6f7ad28ba544bb8a0c34ae3eddafb11155bf-1","properties":{"facility_id":"8512814d5e79f656862472fa5cdc6f7ad28ba544bb8a0c34ae3eddafb11155bf","point_ordinal":1,"zone_group_id":"481211005664","source_manage_no":"481211005664","facility_name":"신방초등학교","sgg_code":"48121","facility_type_code":"1","api_first_registered_on":"1997-05-28","api_last_modified_on":null,"updated_at":"2026-07-25T01:27:52.347112+00:00"},"geometry":{"type":"Point","coordinates":[128.678047818,35.28713817]}},{"type":"Feature","id":"6c55999031a7e42b1435551068474e4340023f7dd30601b6385bf2f2039fd64e-1","properties":{"facility_id":"6c55999031a7e42b1435551068474e4340023f7dd30601b6385bf2f2039fd64e","point_ordinal":1,"zone_group_id":"481211005664","source_manage_no":"481211005665","facility_name":"신방초등학교병설유치원","sgg_code":"48121","facility_type_code":"1","api_first_registered_on":"1997-05-28","api_last_modified_on":null,"updated_at":"2026-07-25T01:27:52.347112+00:00"},"geometry":{"type":"Point","coordinates":[128.678044648,35.287250865]}},{"type":"Feature","id":"7823841c713d3c0e39254e88ef4a291d5eed3f46801773bad9e5ae49805ea56e-1","properties":{"facility_id":"7823841c713d3c0e39254e88ef4a291d5eed3f46801773bad9e5ae49805ea56e","point_ordinal":1,"zone_group_id":"481211005692","source_manage_no":"481211005692","facility_name":"온천초등학교","sgg_code":"48121","facility_type_code":"1","api_first_registered_on":"2004-05-21","api_last_modified_on":null,"updated_at":"2026-07-25T01:27:52.347112+00:00"},"geometry":{"type":"Point","coordinates":[128.605291773,35.349536829]}},{"type":"Feature","id":"03e4dc6653776707efbec21c020666542b172dbb2911f481935adcfdc7514fcd-1","properties":{"facility_id":"03e4dc6653776707efbec21c020666542b172dbb2911f481935adcfdc7514fcd","point_ordinal":1,"zone_group_id":"481211005692","source_manage_no":"481211005693","facility_name":"온천초등학교병설유치원","sgg_code":"48121","facility_type_code":"1","api_first_registered_on":"2004-05-21","api_last_modified_on":null,"updated_at":"2026-07-25T01:27:52.347112+00:00"},"geometry":{"type":"Point","coordinates":[128.605297702,35.349419593]}},{"type":"Feature","id":"690ce29644b0a04c6bb6f79caf3b313d74be13673d0456e9f066beeab399c93e-1","properties":{"facility_id":"690ce29644b0a04c6bb6f79caf3b313d74be13673d0456e9f066beeab399c93e","point_ordinal":1,"zone_group_id":"481211005652","source_manage_no":"481211005652","facility_name":"우암초등학교","sgg_code":"48121","facility_type_code":"1","api_first_registered_on":"2004-05-21","api_last_modified_on":null,"updated_at":"2026-07-25T01:27:52.347112+00:00"},"geometry":{"type":"Point","coordinates":[128.729755493,35.334385521]}},{"type":"Feature","id":"e6c158a0ba798565cbc75ad9b3181146e552073aeb16a463fc8d95ef84aaca36-1","properties":{"facility_id":"e6c158a0ba798565cbc75ad9b3181146e552073aeb16a463fc8d95ef84aaca36","point_ordinal":1,"zone_group_id":"481211005652","source_manage_no":"481211005653","facility_name":"우암초등학교병설유치원","sgg_code":"48121","facility_type_code":"1","api_first_registered_on":"2004-05-21","api_last_modified_on":null,"updated_at":"2026-07-25T01:27:52.347112+00:00"},"geometry":{"type":"Point","coordinates":[128.729741619,35.334250541]}},{"type":"Feature","id":"cd59e1f30d95696e7587607f9ffcbea7f97cf44b12b2e5c650d9dc5b8b275dd7-1","properties":{"facility_id":"cd59e1f30d95696e7587607f9ffcbea7f97cf44b12b2e5c650d9dc5b8b275dd7","point_ordinal":1,"zone_group_id":"481212027488","source_manage_no":"481212027488","facility_name":"월백경로당","sgg_code":"48121","facility_type_code":"2","api_first_registered_on":"2024-09-23","api_last_modified_on":"2026-02-10","updated_at":"2026-07-25T01:27:52.347112+00:00"},"geometry":{"type":"Point","coordinates":[128.625718312,35.321299963]}},{"type":"Feature","id":"53051741c934fa1cc56578b222c0dd2eb6fde8875c19361ffa6580836ebbd063-1","properties":{"facility_id":"53051741c934fa1cc56578b222c0dd2eb6fde8875c19361ffa6580836ebbd063","point_ordinal":1,"zone_group_id":"481212005678","source_manage_no":"481212005678","facility_name":"의창노인종합복지관","sgg_code":"48121","facility_type_code":"2","api_first_registered_on":"2015-05-01","api_last_modified_on":null,"updated_at":"2026-07-25T01:27:52.347112+00:00"},"geometry":{"type":"Point","coordinates":[128.647909259,35.252637461]}},{"type":"Feature","id":"fe466592f94ab8afdc7274948283d883acd5d1b0205da290561df09bc56724bc-1","properties":{"facility_id":"fe466592f94ab8afdc7274948283d883acd5d1b0205da290561df09bc56724bc","point_ordinal":1,"zone_group_id":"481201029003","source_manage_no":"481201029003","facility_name":"의창초등학교","sgg_code":"48121","facility_type_code":"1","api_first_registered_on":null,"api_last_modified_on":"2025-04-04","updated_at":"2026-07-25T01:27:52.347112+00:00"},"geometry":{"type":"Point","coordinates":[128.629595407,35.253560939]}},{"type":"Feature","id":"a34aa38a2a669a46b1088ec6a614645b0c24e72f733f83a7ae20b759ccb3fb48-1","properties":{"facility_id":"a34aa38a2a669a46b1088ec6a614645b0c24e72f733f83a7ae20b759ccb3fb48","point_ordinal":1,"zone_group_id":"481211005654","source_manage_no":"481211005654","facility_name":"일동초등학교","sgg_code":"48121","facility_type_code":"1","api_first_registered_on":"2002-08-28","api_last_modified_on":null,"updated_at":"2026-07-25T01:27:52.347112+00:00"},"geometry":{"type":"Point","coordinates":[128.688247494,35.36875322]}},{"type":"Feature","id":"5022d3633fa2d90a6a32f121202fef7c770d4883d93264073b4c635d97bd9f64-1","properties":{"facility_id":"5022d3633fa2d90a6a32f121202fef7c770d4883d93264073b4c635d97bd9f64","point_ordinal":1,"zone_group_id":"481211005654","source_manage_no":"481211005655","facility_name":"일동초등학교병설유치원","sgg_code":"48121","facility_type_code":"1","api_first_registered_on":"2002-08-28","api_last_modified_on":null,"updated_at":"2026-07-25T01:27:52.347112+00:00"},"geometry":{"type":"Point","coordinates":[128.688253773,35.368658506]}},{"type":"Feature","id":"23d7bd0b2874f2351be12952a2a676c48fff3a3aeb4b44deb6e168ace02b1452-1","properties":{"facility_id":"23d7bd0b2874f2351be12952a2a676c48fff3a3aeb4b44deb6e168ace02b1452","point_ordinal":1,"zone_group_id":"481211005666","source_manage_no":"481211005666","facility_name":"자여초등학교","sgg_code":"48121","facility_type_code":"1","api_first_registered_on":"2004-05-21","api_last_modified_on":null,"updated_at":"2026-07-25T01:27:52.347112+00:00"},"geometry":{"type":"Point","coordinates":[128.705898494,35.271752515]}},{"type":"Feature","id":"9ca6c6c501addae90382660c53478a1fafdc005296eeb496761d374186427b47-1","properties":{"facility_id":"9ca6c6c501addae90382660c53478a1fafdc005296eeb496761d374186427b47","point_ordinal":1,"zone_group_id":"481211005666","source_manage_no":"481211005667","facility_name":"자여초등학교병설유치원","sgg_code":"48121","facility_type_code":"1","api_first_registered_on":"2004-05-21","api_last_modified_on":null,"updated_at":"2026-07-25T01:27:52.347112+00:00"},"geometry":{"type":"Point","coordinates":[128.705895646,35.271878724]}},{"type":"Feature","id":"214b1648bc7d7580047f1fb86b633ac92a074fac16c9325cb932a9f99fb88c8d-1","properties":{"facility_id":"214b1648bc7d7580047f1fb86b633ac92a074fac16c9325cb932a9f99fb88c8d","point_ordinal":1,"zone_group_id":"481211005706","source_manage_no":"481211005706","facility_name":"중동초등학교","sgg_code":"48121","facility_type_code":"1","api_first_registered_on":"2005-08-20","api_last_modified_on":null,"updated_at":"2026-07-25T01:27:52.347112+00:00"},"geometry":{"type":"Point","coordinates":[128.622959625,35.260155159]}},{"type":"Feature","id":"cf1b0434f4b42976eadfc8a04aaf7430846bddf9e87ce8133e7c2d42a338aefd-1","properties":{"facility_id":"cf1b0434f4b42976eadfc8a04aaf7430846bddf9e87ce8133e7c2d42a338aefd","point_ordinal":1,"zone_group_id":"481211005706","source_manage_no":"481211005707","facility_name":"중동초등학교병설유치원","sgg_code":"48121","facility_type_code":"1","api_first_registered_on":"2005-08-20","api_last_modified_on":null,"updated_at":"2026-07-25T01:27:52.347112+00:00"},"geometry":{"type":"Point","coordinates":[128.622892382,35.259813597]}},{"type":"Feature","id":"2af80ac6ae05e07f77b5f9c82f126f75afb10e800de8fc2ef5f5cc1a489aaeab-1","properties":{"facility_id":"2af80ac6ae05e07f77b5f9c82f126f75afb10e800de8fc2ef5f5cc1a489aaeab","point_ordinal":1,"zone_group_id":"481201029005","source_manage_no":"481201029005","facility_name":"즐거운성아어린이집","sgg_code":"48121","facility_type_code":"1","api_first_registered_on":"2019-05-20","api_last_modified_on":"2025-04-07","updated_at":"2026-07-25T01:27:52.347112+00:00"},"geometry":{"type":"Point","coordinates":[128.616785134,35.35875396]}},{"type":"Feature","id":"879b8faf310184a970dddd57ad8f4fdcd782c52c0e50298555056f222aa829bf-1","properties":{"facility_id":"879b8faf310184a970dddd57ad8f4fdcd782c52c0e50298555056f222aa829bf","point_ordinal":1,"zone_group_id":"481212005691","source_manage_no":"481212005691","facility_name":"창원성심원","sgg_code":"48121","facility_type_code":"2","api_first_registered_on":"2011-01-01","api_last_modified_on":null,"updated_at":"2026-07-25T01:27:52.347112+00:00"},"geometry":{"type":"Point","coordinates":[128.574048945,35.34874585]}},{"type":"Feature","id":"db08f84e23f3054debb5dfd9cb2a20deeabcf51d865f20df49562dab7f4aa937-1","properties":{"facility_id":"db08f84e23f3054debb5dfd9cb2a20deeabcf51d865f20df49562dab7f4aa937","point_ordinal":1,"zone_group_id":"481211005682","source_manage_no":"481211005682","facility_name":"창원시립 봉곡어린이집","sgg_code":"48121","facility_type_code":"1","api_first_registered_on":"2008-12-17","api_last_modified_on":null,"updated_at":"2026-07-25T01:27:52.347112+00:00"},"geometry":{"type":"Point","coordinates":[128.658764307,35.244923356]}},{"type":"Feature","id":"338edb54d6d88f10a540d00064ab8f49f1fc3f6c2c29123c04fea9ac4a4cd9fc-1","properties":{"facility_id":"338edb54d6d88f10a540d00064ab8f49f1fc3f6c2c29123c04fea9ac4a4cd9fc","point_ordinal":1,"zone_group_id":"481211005694","source_manage_no":"481211005694","facility_name":"창원자연숲 어린이집","sgg_code":"48121","facility_type_code":"1","api_first_registered_on":"2014-05-29","api_last_modified_on":null,"updated_at":"2026-07-25T01:27:52.347112+00:00"},"geometry":{"type":"Point","coordinates":[128.600543562,35.288914061]}},{"type":"Feature","id":"b5db942fda188c681831505be429c3bb0218726dfbf70173320f4b38280d0515-1","properties":{"facility_id":"b5db942fda188c681831505be429c3bb0218726dfbf70173320f4b38280d0515","point_ordinal":1,"zone_group_id":"481211027474","source_manage_no":"481211027474","facility_name":"창원진달래 유치원","sgg_code":"48121","facility_type_code":"1","api_first_registered_on":"2023-10-05","api_last_modified_on":null,"updated_at":"2026-07-25T01:27:52.347112+00:00"},"geometry":{"type":"Point","coordinates":[128.598687654,35.317686096]}},{"type":"Feature","id":"38948012e889fdb14184c1c0206170f152f61b9df775c47768697c9969c1047f-1","properties":{"facility_id":"38948012e889fdb14184c1c0206170f152f61b9df775c47768697c9969c1047f","point_ordinal":1,"zone_group_id":"481211005698","source_manage_no":"481211005698","facility_name":"창원초등학교","sgg_code":"48121","facility_type_code":"1","api_first_registered_on":"1996-05-23","api_last_modified_on":null,"updated_at":"2026-07-25T01:27:52.347112+00:00"},"geometry":{"type":"Point","coordinates":[128.619300886,35.265926943]}},{"type":"Feature","id":"fd50c6c37dfcdf1e8bd88fed9c9749292070abf5c7355e27cf33874b6da3dfd2-1","properties":{"facility_id":"fd50c6c37dfcdf1e8bd88fed9c9749292070abf5c7355e27cf33874b6da3dfd2","point_ordinal":1,"zone_group_id":"481211005698","source_manage_no":"481211005699","facility_name":"창원초등학교병설유치원","sgg_code":"48121","facility_type_code":"1","api_first_registered_on":"1996-05-23","api_last_modified_on":null,"updated_at":"2026-07-25T01:27:52.347112+00:00"},"geometry":{"type":"Point","coordinates":[128.618504963,35.265550069]}},{"type":"Feature","id":"d67edbc73642a19332e4f7ec0f51167bce7c4c8639e211a635247f842d747cb0-1","properties":{"facility_id":"d67edbc73642a19332e4f7ec0f51167bce7c4c8639e211a635247f842d747cb0","point_ordinal":1,"zone_group_id":"481211005668","source_manage_no":"481211005668","facility_name":"청아어린이집","sgg_code":"48121","facility_type_code":"1","api_first_registered_on":"2009-09-30","api_last_modified_on":null,"updated_at":"2026-07-25T01:27:52.347112+00:00"},"geometry":{"type":"Point","coordinates":[128.688994505,35.278412848]}},{"type":"Feature","id":"0b278d72ef16160a9afd7cf0a2040203c11aed34870eac15b178f7a284777994-1","properties":{"facility_id":"0b278d72ef16160a9afd7cf0a2040203c11aed34870eac15b178f7a284777994","point_ordinal":1,"zone_group_id":"481211005701","source_manage_no":"481211026788","facility_name":"코끼리영재 어린이집","sgg_code":"48121","facility_type_code":"1","api_first_registered_on":"2018-02-01","api_last_modified_on":null,"updated_at":"2026-07-25T01:27:52.347112+00:00"},"geometry":{"type":"Point","coordinates":[128.627184326,35.265804557]}},{"type":"Feature","id":"02968131f241679a81161ec8173d530c7225888caa47115dfbb406b2031e1c11-1","properties":{"facility_id":"02968131f241679a81161ec8173d530c7225888caa47115dfbb406b2031e1c11","point_ordinal":1,"zone_group_id":"481211005712","source_manage_no":"481211005712","facility_name":"평산초등학교","sgg_code":"48121","facility_type_code":"1","api_first_registered_on":"2001-05-01","api_last_modified_on":null,"updated_at":"2026-07-25T01:27:52.347112+00:00"},"geometry":{"type":"Point","coordinates":[128.617056221,35.250849027]}},{"type":"Feature","id":"1555c3eec1d5233bee2b0a8cc2dfcba4fa5ce6a801b997afefc7afcd9f9396ba-1","properties":{"facility_id":"1555c3eec1d5233bee2b0a8cc2dfcba4fa5ce6a801b997afefc7afcd9f9396ba","point_ordinal":1,"zone_group_id":"481211005712","source_manage_no":"481211005713","facility_name":"평산초등학교병설유치원","sgg_code":"48121","facility_type_code":"1","api_first_registered_on":"2001-05-01","api_last_modified_on":null,"updated_at":"2026-07-25T01:27:52.347112+00:00"},"geometry":{"type":"Point","coordinates":[128.616351751,35.250781836]}},{"type":"Feature","id":"98e3b0a8babec1a1cc5992299d9b6946ebfa46f758daaf3a60979ae8db65f9a2-1","properties":{"facility_id":"98e3b0a8babec1a1cc5992299d9b6946ebfa46f758daaf3a60979ae8db65f9a2","point_ordinal":1,"zone_group_id":"481211005695","source_manage_no":"481211005695","facility_name":"하나유치원","sgg_code":"48121","facility_type_code":"1","api_first_registered_on":"2015-05-13","api_last_modified_on":null,"updated_at":"2026-07-25T01:27:52.347112+00:00"},"geometry":{"type":"Point","coordinates":[128.589792531,35.299820889]}},{"type":"Feature","id":"f8e9a0ca48a133c3ba1b24ac2215c7706554ac2b29207a9875fa3a8c673ff33f-1","properties":{"facility_id":"f8e9a0ca48a133c3ba1b24ac2215c7706554ac2b29207a9875fa3a8c673ff33f","point_ordinal":1,"zone_group_id":"481211005696","source_manage_no":"481211005696","facility_name":"하천초등학교","sgg_code":"48121","facility_type_code":"1","api_first_registered_on":"2004-05-21","api_last_modified_on":null,"updated_at":"2026-07-25T01:27:52.347112+00:00"},"geometry":{"type":"Point","coordinates":[128.604200193,35.369441065]}},{"type":"Feature","id":"81606257acbfa26e09f74deb92e0890ceb2fffcec2daea85dce1f05880f6cda3-1","properties":{"facility_id":"81606257acbfa26e09f74deb92e0890ceb2fffcec2daea85dce1f05880f6cda3","point_ordinal":1,"zone_group_id":"481211005696","source_manage_no":"481211005697","facility_name":"하천초등학교병설유치원","sgg_code":"48121","facility_type_code":"1","api_first_registered_on":"2004-05-21","api_last_modified_on":null,"updated_at":"2026-07-25T01:27:52.347112+00:00"},"geometry":{"type":"Point","coordinates":[128.604200669,35.369326154]}},{"type":"Feature","id":"5fd13b9bb50c3e71230dc04213d6397ec8999f017b5c3f92c59b5fd24bf83743-1","properties":{"facility_id":"5fd13b9bb50c3e71230dc04213d6397ec8999f017b5c3f92c59b5fd24bf83743","point_ordinal":1,"zone_group_id":"481211005684","source_manage_no":"481211005684","facility_name":"한들초등학교","sgg_code":"48121","facility_type_code":"1","api_first_registered_on":"2016-03-11","api_last_modified_on":null,"updated_at":"2026-07-25T01:27:52.347112+00:00"},"geometry":{"type":"Point","coordinates":[128.669178542,35.253407588]}},{"type":"Feature","id":"9aeaaaf3297c02d13a6f76f32f67143d005c47b383411a53f7fe81e41bc82818-1","properties":{"facility_id":"9aeaaaf3297c02d13a6f76f32f67143d005c47b383411a53f7fe81e41bc82818","point_ordinal":1,"zone_group_id":"481211005683","source_manage_no":"481211005683","facility_name":"한별유치원","sgg_code":"48121","facility_type_code":"1","api_first_registered_on":"2004-05-06","api_last_modified_on":null,"updated_at":"2026-07-25T01:27:52.347112+00:00"},"geometry":{"type":"Point","coordinates":[128.662844885,35.249042621]}},{"type":"Feature","id":"744d2ff3639d48101a28db1a791d4b2b1e648e637e7a319da88c2a8afa821866-1","properties":{"facility_id":"744d2ff3639d48101a28db1a791d4b2b1e648e637e7a319da88c2a8afa821866","point_ordinal":1,"zone_group_id":"481211005635","source_manage_no":"481211005635","facility_name":"한빛유치원","sgg_code":"48121","facility_type_code":"1","api_first_registered_on":"2008-02-21","api_last_modified_on":null,"updated_at":"2026-07-25T01:27:52.347112+00:00"},"geometry":{"type":"Point","coordinates":[128.689262514,35.230192917]}},{"type":"Feature","id":"03825c067d6b3c5455ebe817acaf8ad8de9603740a011abca9215c46784c1b5c-1","properties":{"facility_id":"03825c067d6b3c5455ebe817acaf8ad8de9603740a011abca9215c46784c1b5c","point_ordinal":1,"zone_group_id":"481211005705","source_manage_no":"481211005705","facility_name":"해돋이유치원","sgg_code":"48121","facility_type_code":"1","api_first_registered_on":"2014-02-19","api_last_modified_on":null,"updated_at":"2026-07-25T01:27:52.347112+00:00"},"geometry":{"type":"Point","coordinates":[128.69097684,35.230569026]}},{"type":"Feature","id":"49251b2a2eabcce1895e84b95e2716819d1fe68f00c79115fd95938556f40595-1","properties":{"facility_id":"49251b2a2eabcce1895e84b95e2716819d1fe68f00c79115fd95938556f40595","point_ordinal":1,"zone_group_id":"481211005703","source_manage_no":"481211005703","facility_name":"해랑어린이집","sgg_code":"48121","facility_type_code":"1","api_first_registered_on":"2008-12-17","api_last_modified_on":null,"updated_at":"2026-07-25T01:27:52.347112+00:00"},"geometry":{"type":"Point","coordinates":[128.625288269,35.26220003]}},{"type":"Feature","id":"076d28ba9dfae6f49847c016191cce9216560ebd958e6d1363ee65988a8895bc-1","properties":{"facility_id":"076d28ba9dfae6f49847c016191cce9216560ebd958e6d1363ee65988a8895bc","point_ordinal":1,"zone_group_id":"481211005714","source_manage_no":"481211005714","facility_name":"햇님어린이집","sgg_code":"48121","facility_type_code":"1","api_first_registered_on":"2012-09-03","api_last_modified_on":null,"updated_at":"2026-07-25T01:27:52.347112+00:00"},"geometry":{"type":"Point","coordinates":[128.614411839,35.261092494]}},{"type":"Feature","id":"5ef9820ebd1b64e32c3630d9427526a48eb2cae25d813273c820f933f0be53fd-1","properties":{"facility_id":"5ef9820ebd1b64e32c3630d9427526a48eb2cae25d813273c820f933f0be53fd","point_ordinal":1,"zone_group_id":"481211005669","source_manage_no":"481211005669","facility_name":"화양초등학교","sgg_code":"48121","facility_type_code":"1","api_first_registered_on":"2002-08-28","api_last_modified_on":null,"updated_at":"2026-07-25T01:27:52.347112+00:00"},"geometry":{"type":"Point","coordinates":[128.652101724,35.305637404]}},{"type":"Feature","id":"0cfb6e8e46f30d6ca4974171d86838a7fda5124dcbee8abfcc6b634a87091793-1","properties":{"facility_id":"0cfb6e8e46f30d6ca4974171d86838a7fda5124dcbee8abfcc6b634a87091793","point_ordinal":1,"zone_group_id":"481211005669","source_manage_no":"481211005670","facility_name":"화양초등학교병설유치원","sgg_code":"48121","facility_type_code":"1","api_first_registered_on":"2002-08-28","api_last_modified_on":null,"updated_at":"2026-07-25T01:27:52.347112+00:00"},"geometry":{"type":"Point","coordinates":[128.652099205,35.305513522]}},{"type":"Feature","id":"b4347f139ef0bd274afb2b7dd54b0d7154cbf40ab4f7b0ec5d914fb73dc73149-1","properties":{"facility_id":"b4347f139ef0bd274afb2b7dd54b0d7154cbf40ab4f7b0ec5d914fb73dc73149","point_ordinal":1,"zone_group_id":"481231005600","source_manage_no":"481231005602","facility_name":"근로복지공단창원어린이집","sgg_code":"48123","facility_type_code":"1","api_first_registered_on":"2008-02-21","api_last_modified_on":null,"updated_at":"2026-07-25T01:27:52.347112+00:00"},"geometry":{"type":"Point","coordinates":[128.700289327,35.213376596]}},{"type":"Feature","id":"3c61216e52dbc6d60ee031b4292d8f5bc15cd836c5d1e74c4dc2ab1027f5634f-1","properties":{"facility_id":"3c61216e52dbc6d60ee031b4292d8f5bc15cd836c5d1e74c4dc2ab1027f5634f","point_ordinal":1,"zone_group_id":"481231005624","source_manage_no":"481231005624","facility_name":"꽃무지풀무지유치원","sgg_code":"48123","facility_type_code":"1","api_first_registered_on":"2008-02-21","api_last_modified_on":null,"updated_at":"2026-07-25T01:27:52.347112+00:00"},"geometry":{"type":"Point","coordinates":[128.702186792,35.221355356]}},{"type":"Feature","id":"bb23aa98b3660b6a300197f41c95196512f27b2fb56d5900d405b5d793197479-1","properties":{"facility_id":"bb23aa98b3660b6a300197f41c95196512f27b2fb56d5900d405b5d793197479","point_ordinal":1,"zone_group_id":"481231005600","source_manage_no":"481231005600","facility_name":"남양초등학교","sgg_code":"48123","facility_type_code":"1","api_first_registered_on":"2001-01-23","api_last_modified_on":null,"updated_at":"2026-07-25T01:27:52.347112+00:00"},"geometry":{"type":"Point","coordinates":[128.698520851,35.211158035]}},{"type":"Feature","id":"767264b30cfae3540929a3e26d7eea2a1c835d38239d0da319b525f807f3ba63-1","properties":{"facility_id":"767264b30cfae3540929a3e26d7eea2a1c835d38239d0da319b525f807f3ba63","point_ordinal":1,"zone_group_id":"481231005596","source_manage_no":"481231005596","facility_name":"남정초등학교","sgg_code":"48123","facility_type_code":"1","api_first_registered_on":"2001-01-23","api_last_modified_on":null,"updated_at":"2026-07-25T01:27:52.347112+00:00"},"geometry":{"type":"Point","coordinates":[128.691772845,35.210384647]}},{"type":"Feature","id":"c20256731cf0ab720664b7a47005e519a18d01bd9124c9f08e6486d166404f74-1","properties":{"facility_id":"c20256731cf0ab720664b7a47005e519a18d01bd9124c9f08e6486d166404f74","point_ordinal":1,"zone_group_id":"481231005596","source_manage_no":"481231005597","facility_name":"남정초등학교병설유치원","sgg_code":"48123","facility_type_code":"1","api_first_registered_on":"2001-01-23","api_last_modified_on":null,"updated_at":"2026-07-25T01:27:52.347112+00:00"},"geometry":{"type":"Point","coordinates":[128.691851921,35.210385344]}},{"type":"Feature","id":"69d983445a09bb1f30b222316193e6c112c15f6ec00e7ce8fe91277f8de9b422-1","properties":{"facility_id":"69d983445a09bb1f30b222316193e6c112c15f6ec00e7ce8fe91277f8de9b422","point_ordinal":1,"zone_group_id":"481231005604","source_manage_no":"481231005604","facility_name":"내동초등학교","sgg_code":"48123","facility_type_code":"1","api_first_registered_on":"1995-11-28","api_last_modified_on":null,"updated_at":"2026-07-25T01:27:52.347112+00:00"},"geometry":{"type":"Point","coordinates":[128.662135235,35.225082609]}},{"type":"Feature","id":"36ad4918c3c23e0ee86757b39c272c073ca823893b826f305922ff0be241e7d4-1","properties":{"facility_id":"36ad4918c3c23e0ee86757b39c272c073ca823893b826f305922ff0be241e7d4","point_ordinal":1,"zone_group_id":"481231005604","source_manage_no":"481231005605","facility_name":"내동초등학교병설유치원","sgg_code":"48123","facility_type_code":"1","api_first_registered_on":"1995-11-28","api_last_modified_on":null,"updated_at":"2026-07-25T01:27:52.347112+00:00"},"geometry":{"type":"Point","coordinates":[128.662165648,35.225065969]}},{"type":"Feature","id":"d326f53242cb0525d9abfee461d36b47c3e0e4128101903ebcbd7d88ee871fc7-1","properties":{"facility_id":"d326f53242cb0525d9abfee461d36b47c3e0e4128101903ebcbd7d88ee871fc7","point_ordinal":1,"zone_group_id":"481231005599","source_manage_no":"481231020512","facility_name":"다은유치원","sgg_code":"48123","facility_type_code":"1","api_first_registered_on":null,"api_last_modified_on":null,"updated_at":"2026-07-25T01:27:52.347112+00:00"},"geometry":{"type":"Point","coordinates":[128.703813046,35.20750559]}},{"type":"Feature","id":"20a4a4dd717101bc65a499f4ddf355c48f41797c1abbf756a0079f2375205343-1","properties":{"facility_id":"20a4a4dd717101bc65a499f4ddf355c48f41797c1abbf756a0079f2375205343","point_ordinal":1,"zone_group_id":"481231005606","source_manage_no":"481231005606","facility_name":"대방초등학교","sgg_code":"48123","facility_type_code":"1","api_first_registered_on":"1995-11-28","api_last_modified_on":null,"updated_at":"2026-07-25T01:27:52.347112+00:00"},"geometry":{"type":"Point","coordinates":[128.707045247,35.211848677]}},{"type":"Feature","id":"12ca2ba8fc4ae91d7d3c4f5d91ff18e01d95547014fac731a83409eea289ed4c-1","properties":{"facility_id":"12ca2ba8fc4ae91d7d3c4f5d91ff18e01d95547014fac731a83409eea289ed4c","point_ordinal":1,"zone_group_id":"481231005606","source_manage_no":"481231020947","facility_name":"대방초등학교병설유치원","sgg_code":"48123","facility_type_code":"1","api_first_registered_on":null,"api_last_modified_on":null,"updated_at":"2026-07-25T01:27:52.347112+00:00"},"geometry":{"type":"Point","coordinates":[128.707001449,35.21184329]}},{"type":"Feature","id":"aa1ae6a2dcd56d84efb4facb32cafd1819619775651c1f46a6e1528c337441fd-1","properties":{"facility_id":"aa1ae6a2dcd56d84efb4facb32cafd1819619775651c1f46a6e1528c337441fd","point_ordinal":1,"zone_group_id":"481231005608","source_manage_no":"481231005608","facility_name":"대암초등학교","sgg_code":"48123","facility_type_code":"1","api_first_registered_on":null,"api_last_modified_on":null,"updated_at":"2026-07-25T01:27:52.347112+00:00"},"geometry":{"type":"Point","coordinates":[128.710087458,35.205673858]}},{"type":"Feature","id":"f23be3f974e5617d89f522142908415732dfd01d82a88f9535566f8ea302126c-1","properties":{"facility_id":"f23be3f974e5617d89f522142908415732dfd01d82a88f9535566f8ea302126c","point_ordinal":1,"zone_group_id":"481231005608","source_manage_no":"481231005609","facility_name":"대암초등학교병설유치원","sgg_code":"48123","facility_type_code":"1","api_first_registered_on":"2001-01-23","api_last_modified_on":null,"updated_at":"2026-07-25T01:27:52.347112+00:00"},"geometry":{"type":"Point","coordinates":[128.710129094,35.2056958]}},{"type":"Feature","id":"e48c9073a460b0f9931e1b347284f6f4285305aaee1658ca0a411462a1354fcb-1","properties":{"facility_id":"e48c9073a460b0f9931e1b347284f6f4285305aaee1658ca0a411462a1354fcb","point_ordinal":1,"zone_group_id":"481231005628","source_manage_no":"481231005628","facility_name":"동산초등학교","sgg_code":"48123","facility_type_code":"1","api_first_registered_on":"2001-01-23","api_last_modified_on":null,"updated_at":"2026-07-25T01:27:52.347112+00:00"},"geometry":{"type":"Point","coordinates":[128.690916157,35.213998867]}},{"type":"Feature","id":"9de9e497ab8af1bf39fdeac1b960ae12cee3ec51a6c650a1fd5c2bc219fc5f18-1","properties":{"facility_id":"9de9e497ab8af1bf39fdeac1b960ae12cee3ec51a6c650a1fd5c2bc219fc5f18","point_ordinal":1,"zone_group_id":"481231005628","source_manage_no":"481231020861","facility_name":"동산초등학교병설유치원","sgg_code":"48123","facility_type_code":"1","api_first_registered_on":null,"api_last_modified_on":null,"updated_at":"2026-07-25T01:27:52.347112+00:00"},"geometry":{"type":"Point","coordinates":[128.690933052,35.21394426]}},{"type":"Feature","id":"6a8382fbee2a886a4de0ac8c952187fea85cd66ba18bfcc5df19b578955eaff9-1","properties":{"facility_id":"6a8382fbee2a886a4de0ac8c952187fea85cd66ba18bfcc5df19b578955eaff9","point_ordinal":1,"zone_group_id":"481231005620","source_manage_no":"481231005620","facility_name":"동성아이별꽃유치원","sgg_code":"48123","facility_type_code":"1","api_first_registered_on":"2008-02-21","api_last_modified_on":null,"updated_at":"2026-07-25T01:27:52.347112+00:00"},"geometry":{"type":"Point","coordinates":[128.703847671,35.219986383]}},{"type":"Feature","id":"86ab7cebe9d4f07800684788a0acd5f6a25ad634d7aec204133f818edcd34947-1","properties":{"facility_id":"86ab7cebe9d4f07800684788a0acd5f6a25ad634d7aec204133f818edcd34947","point_ordinal":1,"zone_group_id":"481231005600","source_manage_no":"481231005601","facility_name":"룸비니유치원","sgg_code":"48123","facility_type_code":"1","api_first_registered_on":"2008-02-21","api_last_modified_on":null,"updated_at":"2026-07-25T01:27:52.347112+00:00"},"geometry":{"type":"Point","coordinates":[128.700654815,35.212083619]}},{"type":"Feature","id":"3c5070c7bc6c174f4f69a316fc88478241372fc77c5cdd4c3c57ba7e0e7d8fc7-1","properties":{"facility_id":"3c5070c7bc6c174f4f69a316fc88478241372fc77c5cdd4c3c57ba7e0e7d8fc7","point_ordinal":1,"zone_group_id":"481231005592","source_manage_no":"481231005592","facility_name":"리라아름유치원","sgg_code":"48123","facility_type_code":"1","api_first_registered_on":"2008-02-21","api_last_modified_on":null,"updated_at":"2026-07-25T01:27:52.347112+00:00"},"geometry":{"type":"Point","coordinates":[128.696579369,35.209121487]}},{"type":"Feature","id":"9ce8cd942246f22e044a64bcb0a1740e0d7ec95bd9abe231f9d8838da63162eb-1","properties":{"facility_id":"9ce8cd942246f22e044a64bcb0a1740e0d7ec95bd9abe231f9d8838da63162eb","point_ordinal":1,"zone_group_id":"481231005621","source_manage_no":"481231005621","facility_name":"명성어린이집","sgg_code":"48123","facility_type_code":"1","api_first_registered_on":"2008-02-21","api_last_modified_on":null,"updated_at":"2026-07-25T01:27:52.347112+00:00"},"geometry":{"type":"Point","coordinates":[128.703246392,35.226889936]}},{"type":"Feature","id":"6f434790264c541b1208987d9dbbb73973ae57b5c469410846767b9aa3f59d5c-1","properties":{"facility_id":"6f434790264c541b1208987d9dbbb73973ae57b5c469410846767b9aa3f59d5c","point_ordinal":1,"zone_group_id":"481231005615","source_manage_no":"481231005615","facility_name":"반송초등학교","sgg_code":"48123","facility_type_code":"1","api_first_registered_on":"1996-05-23","api_last_modified_on":null,"updated_at":"2026-07-25T01:27:52.347112+00:00"},"geometry":{"type":"Point","coordinates":[128.670944518,35.236331403]}},{"type":"Feature","id":"5867a0859f9e29bcb4309cb3e9c27eb13ed56bbfa5f6b110339f9011a510fb35-1","properties":{"facility_id":"5867a0859f9e29bcb4309cb3e9c27eb13ed56bbfa5f6b110339f9011a510fb35","point_ordinal":1,"zone_group_id":"481231020525","source_manage_no":"481231020525","facility_name":"보람유치원","sgg_code":"48123","facility_type_code":"1","api_first_registered_on":null,"api_last_modified_on":null,"updated_at":"2026-07-25T01:27:52.347112+00:00"},"geometry":{"type":"Point","coordinates":[128.665161135,35.240805122]}},{"type":"Feature","id":"024059ca113373e01c9f92af8f3b5780a184d09ddf089e16641fbc84feff70bd-1","properties":{"facility_id":"024059ca113373e01c9f92af8f3b5780a184d09ddf089e16641fbc84feff70bd","point_ordinal":1,"zone_group_id":"481231005622","source_manage_no":"481231005622","facility_name":"사파초등학교","sgg_code":"48123","facility_type_code":"1","api_first_registered_on":"2001-01-23","api_last_modified_on":null,"updated_at":"2026-07-25T01:27:52.347112+00:00"},"geometry":{"type":"Point","coordinates":[128.696272205,35.219026486]}},{"type":"Feature","id":"79b786ff83db04136baf6909c2a67ac17f5938dc5bcfffbb52f5f2db63297e8b-1","properties":{"facility_id":"79b786ff83db04136baf6909c2a67ac17f5938dc5bcfffbb52f5f2db63297e8b","point_ordinal":1,"zone_group_id":"481231005622","source_manage_no":"481231020860","facility_name":"사파초등학교병설유치원","sgg_code":"48123","facility_type_code":"1","api_first_registered_on":null,"api_last_modified_on":null,"updated_at":"2026-07-25T01:27:52.347112+00:00"},"geometry":{"type":"Point","coordinates":[128.696251406,35.219040581]}},{"type":"Feature","id":"5a67071fae9ddc4ebb5d4cbac7d70dba12c9112c53bfedbf586e89f29614e42d-1","properties":{"facility_id":"5a67071fae9ddc4ebb5d4cbac7d70dba12c9112c53bfedbf586e89f29614e42d","point_ordinal":1,"zone_group_id":"481231005626","source_manage_no":"481231005626","facility_name":"삼정자초등학교","sgg_code":"48123","facility_type_code":"1","api_first_registered_on":"2005-03-02","api_last_modified_on":null,"updated_at":"2026-07-25T01:27:52.347112+00:00"},"geometry":{"type":"Point","coordinates":[128.709337434,35.201074678]}},{"type":"Feature","id":"ce0f3436e8e81c4e44afe8bf80ec5a96b0c9dfe4cf6a2cad209c455525f5838f-1","properties":{"facility_id":"ce0f3436e8e81c4e44afe8bf80ec5a96b0c9dfe4cf6a2cad209c455525f5838f","point_ordinal":1,"zone_group_id":"481231005626","source_manage_no":"481231005627","facility_name":"삼정자초등학교병설유치원","sgg_code":"48123","facility_type_code":"1","api_first_registered_on":"2005-03-02","api_last_modified_on":null,"updated_at":"2026-07-25T01:27:52.347112+00:00"},"geometry":{"type":"Point","coordinates":[128.709392203,35.201068498]}},{"type":"Feature","id":"3153554d6dd9cfecd24115a7d1f7d7712dbd3a59845b86f8c93f9792b79f9404-1","properties":{"facility_id":"3153554d6dd9cfecd24115a7d1f7d7712dbd3a59845b86f8c93f9792b79f9404","point_ordinal":1,"zone_group_id":"481231005629","source_manage_no":"481231005629","facility_name":"상남초등학교","sgg_code":"48123","facility_type_code":"1","api_first_registered_on":"1996-05-23","api_last_modified_on":null,"updated_at":"2026-07-25T01:27:52.347112+00:00"},"geometry":{"type":"Point","coordinates":[128.688735965,35.221683094]}},{"type":"Feature","id":"5a00bf20d975fa779f344d951ef8cb16797857bd1ba15838a97060541f5118ab-1","properties":{"facility_id":"5a00bf20d975fa779f344d951ef8cb16797857bd1ba15838a97060541f5118ab","point_ordinal":1,"zone_group_id":"481231005629","source_manage_no":"481231020806","facility_name":"상남초등학교병설유치원","sgg_code":"48123","facility_type_code":"1","api_first_registered_on":null,"api_last_modified_on":null,"updated_at":"2026-07-25T01:27:52.347112+00:00"},"geometry":{"type":"Point","coordinates":[128.688766571,35.221716435]}},{"type":"Feature","id":"b5d6f92346b4b833d34aa37c8251397261152c7e2281cd71b8950fe382908c50-1","properties":{"facility_id":"b5d6f92346b4b833d34aa37c8251397261152c7e2281cd71b8950fe382908c50","point_ordinal":1,"zone_group_id":"481231005611","source_manage_no":"481231005610","facility_name":"성모어린이집","sgg_code":"48123","facility_type_code":"1","api_first_registered_on":"2008-02-21","api_last_modified_on":null,"updated_at":"2026-07-25T01:27:52.347112+00:00"},"geometry":{"type":"Point","coordinates":[128.711160239,35.210307834]}},{"type":"Feature","id":"c85ec4c324f35569934064a4fffadc3998766cee10851a2337f74c0aef0ccc62-1","properties":{"facility_id":"c85ec4c324f35569934064a4fffadc3998766cee10851a2337f74c0aef0ccc62","point_ordinal":1,"zone_group_id":"481232030071","source_manage_no":"481232030071","facility_name":"성산노인종합복지관","sgg_code":"48123","facility_type_code":"2","api_first_registered_on":null,"api_last_modified_on":"2026-06-11","updated_at":"2026-07-25T01:27:52.347112+00:00"},"geometry":{"type":"Point","coordinates":[128.70519827,35.216927098]}},{"type":"Feature","id":"f7e34342b5bedf443c6c8d0e44e40d100e4de30b89c3043e54a4af07a82fd01f-1","properties":{"facility_id":"f7e34342b5bedf443c6c8d0e44e40d100e4de30b89c3043e54a4af07a82fd01f","point_ordinal":1,"zone_group_id":"481231005640","source_manage_no":"481231020535","facility_name":"성주어린이집","sgg_code":"48123","facility_type_code":"1","api_first_registered_on":null,"api_last_modified_on":null,"updated_at":"2026-07-25T01:27:52.347112+00:00"},"geometry":{"type":"Point","coordinates":[128.689938757,35.186842665]}},{"type":"Feature","id":"00a91a1b119f5fe4882a3381c93cd792cfb902c59a24ecde32a86fb7862cfe04-1","properties":{"facility_id":"00a91a1b119f5fe4882a3381c93cd792cfb902c59a24ecde32a86fb7862cfe04","point_ordinal":1,"zone_group_id":"481231005593","source_manage_no":"481231005593","facility_name":"성주초등학교","sgg_code":"48123","facility_type_code":"1","api_first_registered_on":"1997-05-28","api_last_modified_on":null,"updated_at":"2026-07-25T01:27:52.347112+00:00"},"geometry":{"type":"Point","coordinates":[128.696517864,35.204929438]}},{"type":"Feature","id":"8c19f2c0e52132d72df3471b8698ff145b2d6519c6c14d711b3a5d5b7c5738fb-1","properties":{"facility_id":"8c19f2c0e52132d72df3471b8698ff145b2d6519c6c14d711b3a5d5b7c5738fb","point_ordinal":1,"zone_group_id":"481231005599","source_manage_no":"481231005590","facility_name":"시립가음어린이집","sgg_code":"48123","facility_type_code":"1","api_first_registered_on":"2008-02-21","api_last_modified_on":null,"updated_at":"2026-07-25T01:27:52.347112+00:00"},"geometry":{"type":"Point","coordinates":[128.701562056,35.205814815]}},{"type":"Feature","id":"13d946e4dec2a4080c51dbb5108314c4f3aebf6e36ccd5b122d4c43669479361-1","properties":{"facility_id":"13d946e4dec2a4080c51dbb5108314c4f3aebf6e36ccd5b122d4c43669479361","point_ordinal":1,"zone_group_id":"481231005598","source_manage_no":"481231005598","facility_name":"아이리더유치원","sgg_code":"48123","facility_type_code":"1","api_first_registered_on":"2008-02-21","api_last_modified_on":null,"updated_at":"2026-07-25T01:27:52.347112+00:00"},"geometry":{"type":"Point","coordinates":[128.693334585,35.204347735]}},{"type":"Feature","id":"cf1cd8bde24af9face58fec04e1b8b829dd5ddbec3a869d9e6b87a2c4234272b-1","properties":{"facility_id":"cf1cd8bde24af9face58fec04e1b8b829dd5ddbec3a869d9e6b87a2c4234272b","point_ordinal":1,"zone_group_id":"481231005611","source_manage_no":"481231005611","facility_name":"안남초등학교","sgg_code":"48123","facility_type_code":"1","api_first_registered_on":"1995-11-28","api_last_modified_on":"2026-03-18","updated_at":"2026-07-25T01:27:52.347112+00:00"},"geometry":{"type":"Point","coordinates":[128.710445681,35.210002499]}},{"type":"Feature","id":"dbfbd6ba61cd7813ead64db079f2e3ab2c9cf1dc4568c1722e4a13a7921efbb8-1","properties":{"facility_id":"dbfbd6ba61cd7813ead64db079f2e3ab2c9cf1dc4568c1722e4a13a7921efbb8","point_ordinal":1,"zone_group_id":"481231005640","source_manage_no":"481231005640","facility_name":"안민초등학교","sgg_code":"48123","facility_type_code":"1","api_first_registered_on":"2001-01-23","api_last_modified_on":null,"updated_at":"2026-07-25T01:27:52.347112+00:00"},"geometry":{"type":"Point","coordinates":[128.688119346,35.187943928]}},{"type":"Feature","id":"7f18ecfe9457cc7a8beaf4f9bd161519b73004e09e637157c1580712c1aecf3c-1","properties":{"facility_id":"7f18ecfe9457cc7a8beaf4f9bd161519b73004e09e637157c1580712c1aecf3c","point_ordinal":1,"zone_group_id":"481231005640","source_manage_no":"481231020757","facility_name":"안민초등학교병설유치원","sgg_code":"48123","facility_type_code":"1","api_first_registered_on":null,"api_last_modified_on":null,"updated_at":"2026-07-25T01:27:52.347112+00:00"},"geometry":{"type":"Point","coordinates":[128.688158412,35.187915623]}},{"type":"Feature","id":"6fa888eae650945565c7980407c9f3d7d778f4043dbf25115a184f7b2a369581-1","properties":{"facility_id":"6fa888eae650945565c7980407c9f3d7d778f4043dbf25115a184f7b2a369581","point_ordinal":1,"zone_group_id":"481231005636","source_manage_no":"481231005636","facility_name":"양곡초등학교","sgg_code":"48123","facility_type_code":"1","api_first_registered_on":"2001-01-23","api_last_modified_on":null,"updated_at":"2026-07-25T01:27:52.347112+00:00"},"geometry":{"type":"Point","coordinates":[128.627292125,35.201272625]}},{"type":"Feature","id":"bb7386602eef5a6621d011b69a9871f67a91037988ced92a957d05863be44d8a-1","properties":{"facility_id":"bb7386602eef5a6621d011b69a9871f67a91037988ced92a957d05863be44d8a","point_ordinal":1,"zone_group_id":"481231005636","source_manage_no":"481231005637","facility_name":"양곡초등학교병설유치원","sgg_code":"48123","facility_type_code":"1","api_first_registered_on":"2001-01-23","api_last_modified_on":null,"updated_at":"2026-07-25T01:27:52.347112+00:00"},"geometry":{"type":"Point","coordinates":[128.62729253,35.201292897]}},{"type":"Feature","id":"e9801994f05cff4778ff50f5182275a6cbcddfb377e8e79bd79e62c90a320ba8-1","properties":{"facility_id":"e9801994f05cff4778ff50f5182275a6cbcddfb377e8e79bd79e62c90a320ba8","point_ordinal":1,"zone_group_id":"481231005630","source_manage_no":"481231005630","facility_name":"외동초등학교","sgg_code":"48123","facility_type_code":"1","api_first_registered_on":"2001-01-23","api_last_modified_on":null,"updated_at":"2026-07-25T01:27:52.347112+00:00"},"geometry":{"type":"Point","coordinates":[128.680753249,35.216275385]}},{"type":"Feature","id":"8ae1231f538ae4b1f4ea6edcf8c3ba0a795777fd49ff6de0ab5b382ec5078c4f-1","properties":{"facility_id":"8ae1231f538ae4b1f4ea6edcf8c3ba0a795777fd49ff6de0ab5b382ec5078c4f","point_ordinal":1,"zone_group_id":"481231005630","source_manage_no":"481231005631","facility_name":"외동초등학교병설유치원","sgg_code":"48123","facility_type_code":"1","api_first_registered_on":"2001-01-23","api_last_modified_on":null,"updated_at":"2026-07-25T01:27:52.347112+00:00"},"geometry":{"type":"Point","coordinates":[128.680731626,35.216291907]}},{"type":"Feature","id":"f2861533633fceb4972ab38db4ad5c4ceace5fe439765d62d5a96abadf208e81-1","properties":{"facility_id":"f2861533633fceb4972ab38db4ad5c4ceace5fe439765d62d5a96abadf208e81","point_ordinal":1,"zone_group_id":"481231023748","source_manage_no":"481231023748","facility_name":"용남초등학교","sgg_code":"48123","facility_type_code":"1","api_first_registered_on":"1997-05-28","api_last_modified_on":"2026-06-18","updated_at":"2026-07-25T01:27:52.347112+00:00"},"geometry":{"type":"Point","coordinates":[128.679945406,35.23540299]}},{"type":"Feature","id":"758895ed1b7accec78b42f112ebf086ef88c898ee53d4233cbec94479492a4cd-1","properties":{"facility_id":"758895ed1b7accec78b42f112ebf086ef88c898ee53d4233cbec94479492a4cd","point_ordinal":1,"zone_group_id":"481231005647","source_manage_no":"481231005647","facility_name":"용지초등학교","sgg_code":"48123","facility_type_code":"1","api_first_registered_on":"1998-11-30","api_last_modified_on":null,"updated_at":"2026-07-25T01:27:52.347112+00:00"},"geometry":{"type":"Point","coordinates":[128.673011652,35.228773626]}},{"type":"Feature","id":"cc82255a9f8da46366cd67ef640c2993e5bf42f08833594575d51b7cbdd8a0f4-1","properties":{"facility_id":"cc82255a9f8da46366cd67ef640c2993e5bf42f08833594575d51b7cbdd8a0f4","point_ordinal":1,"zone_group_id":"481231005647","source_manage_no":"481231005648","facility_name":"용지초등학교병설유치원","sgg_code":"48123","facility_type_code":"1","api_first_registered_on":"1998-11-30","api_last_modified_on":null,"updated_at":"2026-07-25T01:27:52.347112+00:00"},"geometry":{"type":"Point","coordinates":[128.673011319,35.228757408]}},{"type":"Feature","id":"4cb09e9f1ff1a22bcc9b45e1f694c940d5061601020ec247527c2d5a236a3d09-1","properties":{"facility_id":"4cb09e9f1ff1a22bcc9b45e1f694c940d5061601020ec247527c2d5a236a3d09","point_ordinal":1,"zone_group_id":"481231005645","source_manage_no":"481231025618","facility_name":"용호유치원","sgg_code":"48123","facility_type_code":"1","api_first_registered_on":"2022-03-29","api_last_modified_on":"2025-04-17","updated_at":"2026-07-25T01:27:52.347112+00:00"},"geometry":{"type":"Point","coordinates":[128.677408318,35.233683064]}},{"type":"Feature","id":"bd4114e5f67288c44a2b001efe086ca19479d4625068cdd19abcdd4f70ca82b2-1","properties":{"facility_id":"bd4114e5f67288c44a2b001efe086ca19479d4625068cdd19abcdd4f70ca82b2","point_ordinal":1,"zone_group_id":"481231005645","source_manage_no":"481231005645","facility_name":"용호초등학교","sgg_code":"48123","facility_type_code":"1","api_first_registered_on":"1995-11-28","api_last_modified_on":"2026-06-02","updated_at":"2026-07-25T01:27:52.347112+00:00"},"geometry":{"type":"Point","coordinates":[128.675799833,35.23377708]}},{"type":"Feature","id":"100cfe0ffe602560c2db68c64e5889bb5b7225aff8506988b35a3a354fb6e922-1","properties":{"facility_id":"100cfe0ffe602560c2db68c64e5889bb5b7225aff8506988b35a3a354fb6e922","point_ordinal":1,"zone_group_id":"481231005632","source_manage_no":"481231005632","facility_name":"웅남초등학교","sgg_code":"48123","facility_type_code":"1","api_first_registered_on":"1997-05-28","api_last_modified_on":null,"updated_at":"2026-07-25T01:27:52.347112+00:00"},"geometry":{"type":"Point","coordinates":[128.689203546,35.217868006]}},{"type":"Feature","id":"8484638515559037899983e733c5a13834b4dd84275660b13dd56236af30654d-1","properties":{"facility_id":"8484638515559037899983e733c5a13834b4dd84275660b13dd56236af30654d","point_ordinal":1,"zone_group_id":"481231005617","source_manage_no":"481231005617","facility_name":"유목초등학교","sgg_code":"48123","facility_type_code":"1","api_first_registered_on":"2001-01-23","api_last_modified_on":null,"updated_at":"2026-07-25T01:27:52.347112+00:00"},"geometry":{"type":"Point","coordinates":[128.662419028,35.243156392]}},{"type":"Feature","id":"2daeee31a7533d23ff34c272e40cde82d198810fde0af1fdafe8d2267a158da9-1","properties":{"facility_id":"2daeee31a7533d23ff34c272e40cde82d198810fde0af1fdafe8d2267a158da9","point_ordinal":1,"zone_group_id":"481231005617","source_manage_no":"481231005618","facility_name":"유목초등학교병설유치원","sgg_code":"48123","facility_type_code":"1","api_first_registered_on":"2001-01-23","api_last_modified_on":null,"updated_at":"2026-07-25T01:27:52.347112+00:00"},"geometry":{"type":"Point","coordinates":[128.662451864,35.243150534]}},{"type":"Feature","id":"c3619f57c73d770a538fc62a3a3c3c64bafb72d161aebe16be48ec1dcd8a1c79-1","properties":{"facility_id":"c3619f57c73d770a538fc62a3a3c3c64bafb72d161aebe16be48ec1dcd8a1c79","point_ordinal":1,"zone_group_id":"481231005593","source_manage_no":"481231005595","facility_name":"이레유치원","sgg_code":"48123","facility_type_code":"1","api_first_registered_on":"2008-02-21","api_last_modified_on":null,"updated_at":"2026-07-25T01:27:52.347112+00:00"},"geometry":{"type":"Point","coordinates":[128.698407898,35.207209943]}},{"type":"Feature","id":"c1516ec046bab04e5d4af1b01ed58c33f089940ca9015b12c322c8dc666b0104-1","properties":{"facility_id":"c1516ec046bab04e5d4af1b01ed58c33f089940ca9015b12c322c8dc666b0104","point_ordinal":1,"zone_group_id":"481231024486","source_manage_no":"481231024486","facility_name":"창원 신월초등학교","sgg_code":"48123","facility_type_code":"1","api_first_registered_on":null,"api_last_modified_on":"2026-06-02","updated_at":"2026-07-25T01:27:52.347112+00:00"},"geometry":{"type":"Point","coordinates":[128.693312868,35.22588076]}},{"type":"Feature","id":"6868b9f3f4d8cb4c2e40707e07011f2f570ffd44c7c2746154e73adb9a857792-1","properties":{"facility_id":"6868b9f3f4d8cb4c2e40707e07011f2f570ffd44c7c2746154e73adb9a857792","point_ordinal":1,"zone_group_id":"481231005599","source_manage_no":"481231005599","facility_name":"창원남산초등학교","sgg_code":"48123","facility_type_code":"1","api_first_registered_on":"1997-05-28","api_last_modified_on":null,"updated_at":"2026-07-25T01:27:52.347112+00:00"},"geometry":{"type":"Point","coordinates":[128.70386911,35.205812308]}},{"type":"Feature","id":"a583cc3dd0ab38e0cab36b42b42baf1f1bc520e8de8407f2fa9bda8c30a68584-1","properties":{"facility_id":"a583cc3dd0ab38e0cab36b42b42baf1f1bc520e8de8407f2fa9bda8c30a68584","point_ordinal":1,"zone_group_id":"481231005604","source_manage_no":"481231025617","facility_name":"창원숲유치원","sgg_code":"48123","facility_type_code":"1","api_first_registered_on":"2022-03-29","api_last_modified_on":null,"updated_at":"2026-07-25T01:27:52.347112+00:00"},"geometry":{"type":"Point","coordinates":[128.663293131,35.226656868]}},{"type":"Feature","id":"e312fef54f00e4ba34bbcc2b5175a8d696ff71fa246836418425d1687b0e017a-1","properties":{"facility_id":"e312fef54f00e4ba34bbcc2b5175a8d696ff71fa246836418425d1687b0e017a","point_ordinal":1,"zone_group_id":"481231020511","source_manage_no":"481231020511","facility_name":"창원시립남산어린이집","sgg_code":"48123","facility_type_code":"1","api_first_registered_on":null,"api_last_modified_on":null,"updated_at":"2026-07-25T01:27:52.347112+00:00"},"geometry":{"type":"Point","coordinates":[128.716695656,35.196801871]}},{"type":"Feature","id":"d15e2182b10e480a6300817f738304f24d067b44d01a66421d41dd8f0a588956-1","properties":{"facility_id":"d15e2182b10e480a6300817f738304f24d067b44d01a66421d41dd8f0a588956","point_ordinal":1,"zone_group_id":"481231005591","source_manage_no":"481231005591","facility_name":"창원천광학교","sgg_code":"48123","facility_type_code":"1","api_first_registered_on":"2008-02-21","api_last_modified_on":null,"updated_at":"2026-07-25T01:27:52.347112+00:00"},"geometry":{"type":"Point","coordinates":[128.692646803,35.209899643]}},{"type":"Feature","id":"d8d4d3bb9570b3df60ece8b03419d4ed47d3224dbce5f329a489e622412a38f8-1","properties":{"facility_id":"d8d4d3bb9570b3df60ece8b03419d4ed47d3224dbce5f329a489e622412a38f8","point_ordinal":1,"zone_group_id":"481231005625","source_manage_no":"481231005625","facility_name":"토월초등학교","sgg_code":"48123","facility_type_code":"1","api_first_registered_on":"2001-01-23","api_last_modified_on":null,"updated_at":"2026-07-25T01:27:52.347112+00:00"},"geometry":{"type":"Point","coordinates":[128.699274619,35.226550665]}},{"type":"Feature","id":"18b930985be3f08e8b8d739357b95ced176c15b272005b453d44cf71773a5ab0-1","properties":{"facility_id":"18b930985be3f08e8b8d739357b95ced176c15b272005b453d44cf71773a5ab0","point_ordinal":1,"zone_group_id":"481231005600","source_manage_no":"481231005603","facility_name":"행복가득동화유치원","sgg_code":"48123","facility_type_code":"1","api_first_registered_on":"2008-02-21","api_last_modified_on":null,"updated_at":"2026-07-25T01:27:52.347112+00:00"},"geometry":{"type":"Point","coordinates":[128.700748628,35.209927757]}},{"type":"Feature","id":"7def931152eefe3a07323afe41c0ee750c49ef04401a6fc38cfb7288e54e41a6-1","properties":{"facility_id":"7def931152eefe3a07323afe41c0ee750c49ef04401a6fc38cfb7288e54e41a6","point_ordinal":1,"zone_group_id":"481251005088","source_manage_no":"481251005088","facility_name":"가포초등학교","sgg_code":"48125","facility_type_code":"1","api_first_registered_on":"1996-04-25","api_last_modified_on":null,"updated_at":"2026-07-25T01:27:52.347112+00:00"},"geometry":{"type":"Point","coordinates":[128.576242315,35.159415328]}},{"type":"Feature","id":"5aaae795abd569b650b4e8787a03d5fa4b689d6b45d969b6feb69b5c0a18e073-1","properties":{"facility_id":"5aaae795abd569b650b4e8787a03d5fa4b689d6b45d969b6feb69b5c0a18e073","point_ordinal":1,"zone_group_id":"481251005090","source_manage_no":"481251005090","facility_name":"교방초등학교","sgg_code":"48125","facility_type_code":"1","api_first_registered_on":"1997-10-08","api_last_modified_on":null,"updated_at":"2026-07-25T01:27:52.347112+00:00"},"geometry":{"type":"Point","coordinates":[128.565243002,35.21365148]}},{"type":"Feature","id":"9543bb8f7c21e98277c7b64ce5f34eb6bb9c36910733a67137fd192c3c207fe3-1","properties":{"facility_id":"9543bb8f7c21e98277c7b64ce5f34eb6bb9c36910733a67137fd192c3c207fe3","point_ordinal":1,"zone_group_id":"481251005090","source_manage_no":"481251005089","facility_name":"교방초등학교병설유치원","sgg_code":"48125","facility_type_code":"1","api_first_registered_on":"1997-10-08","api_last_modified_on":null,"updated_at":"2026-07-25T01:27:52.347112+00:00"},"geometry":{"type":"Point","coordinates":[128.565257135,35.21352963]}},{"type":"Feature","id":"c223181cdd5626db70472c8abb0f6845554281f7296c00b2874e508345bfc545-1","properties":{"facility_id":"c223181cdd5626db70472c8abb0f6845554281f7296c00b2874e508345bfc545","point_ordinal":1,"zone_group_id":"481251005094","source_manage_no":"481251005094","facility_name":"구산초등학교","sgg_code":"48125","facility_type_code":"1","api_first_registered_on":"1997-11-18","api_last_modified_on":null,"updated_at":"2026-07-25T01:27:52.347112+00:00"},"geometry":{"type":"Point","coordinates":[128.579316667,35.120238717]}},{"type":"Feature","id":"431c370327cc6e07418e7d22c0d8ce684212d8cdba8f1609d30f9e88c69c60f1-1","properties":{"facility_id":"431c370327cc6e07418e7d22c0d8ce684212d8cdba8f1609d30f9e88c69c60f1","point_ordinal":1,"zone_group_id":"481251005092","source_manage_no":"481251005092","facility_name":"구산초등학교 구서분교장","sgg_code":"48125","facility_type_code":"1","api_first_registered_on":"1999-03-09","api_last_modified_on":null,"updated_at":"2026-07-25T01:27:52.347112+00:00"},"geometry":{"type":"Point","coordinates":[128.538026363,35.121223509]}},{"type":"Feature","id":"aba19926fedc95b6645b07f53965b5aaff6a418f1292cbcbde43ca46762999c5-1","properties":{"facility_id":"aba19926fedc95b6645b07f53965b5aaff6a418f1292cbcbde43ca46762999c5","point_ordinal":1,"zone_group_id":"481251005092","source_manage_no":"481251005093","facility_name":"구산초등학교 구서분교장 병설유치원","sgg_code":"48125","facility_type_code":"1","api_first_registered_on":"1997-11-18","api_last_modified_on":null,"updated_at":"2026-07-25T01:27:52.347112+00:00"},"geometry":{"type":"Point","coordinates":[128.538018974,35.121122212]}},{"type":"Feature","id":"f4695ab5d76f500ff5816180288526075e45edf3b075b711b15919f0127c09a2-1","properties":{"facility_id":"f4695ab5d76f500ff5816180288526075e45edf3b075b711b15919f0127c09a2","point_ordinal":1,"zone_group_id":"481251005116","source_manage_no":"481251005112","facility_name":"노벨어린이집","sgg_code":"48125","facility_type_code":"1","api_first_registered_on":"2010-06-24","api_last_modified_on":null,"updated_at":"2026-07-25T01:27:52.347112+00:00"},"geometry":{"type":"Point","coordinates":[128.558826211,35.19621262]}},{"type":"Feature","id":"00bc38298b12291e98834b7ef2702eb5a8ea6bac45fb7bdd5d4b9e7507223125-1","properties":{"facility_id":"00bc38298b12291e98834b7ef2702eb5a8ea6bac45fb7bdd5d4b9e7507223125","point_ordinal":1,"zone_group_id":"481251005140","source_manage_no":"481251005140","facility_name":"대자유치원","sgg_code":"48125","facility_type_code":"1","api_first_registered_on":"1996-04-25","api_last_modified_on":null,"updated_at":"2026-07-25T01:27:52.347112+00:00"},"geometry":{"type":"Point","coordinates":[128.571775178,35.206824208]}},{"type":"Feature","id":"490b0b1c3ce4a71f8c9faa9acdd6f74f7de6ea1121b3c5d8672cba0344098caf-1","properties":{"facility_id":"490b0b1c3ce4a71f8c9faa9acdd6f74f7de6ea1121b3c5d8672cba0344098caf","point_ordinal":1,"zone_group_id":"481251005087","source_manage_no":"481251022065","facility_name":"마산고운초등학교","sgg_code":"48125","facility_type_code":"1","api_first_registered_on":"2020-07-23","api_last_modified_on":null,"updated_at":"2026-07-25T01:27:52.347112+00:00"},"geometry":{"type":"Point","coordinates":[128.561415723,35.172715587]}},{"type":"Feature","id":"5b97cb4b39a0c3c5d8619fed241cc75fd115b790f0787f3bc485c95589084142-1","properties":{"facility_id":"5b97cb4b39a0c3c5d8619fed241cc75fd115b790f0787f3bc485c95589084142","point_ordinal":1,"zone_group_id":"481251005106","source_manage_no":"481251005106","facility_name":"마산삼성어린이집","sgg_code":"48125","facility_type_code":"1","api_first_registered_on":"2007-05-17","api_last_modified_on":null,"updated_at":"2026-07-25T01:27:52.347112+00:00"},"geometry":{"type":"Point","coordinates":[128.574588689,35.212294495]}},{"type":"Feature","id":"6245185f794dba14e2d355b730ef9d7c052c81a45212080c4cf1d42590b64d58-1","properties":{"facility_id":"6245185f794dba14e2d355b730ef9d7c052c81a45212080c4cf1d42590b64d58","point_ordinal":1,"zone_group_id":"481252005587","source_manage_no":"481252005587","facility_name":"마산종합사회복지관","sgg_code":"48125","facility_type_code":"2","api_first_registered_on":"2009-01-01","api_last_modified_on":null,"updated_at":"2026-07-25T01:27:52.347112+00:00"},"geometry":{"type":"Point","coordinates":[128.556776851,35.184145059]}},{"type":"Feature","id":"907033a2051dda78bb5a88ad836269e27cd21c09b9237a887aae2d18c78dc5f3-1","properties":{"facility_id":"907033a2051dda78bb5a88ad836269e27cd21c09b9237a887aae2d18c78dc5f3","point_ordinal":1,"zone_group_id":"481252005589","source_manage_no":"481252005589","facility_name":"마산합포노인종합복지관","sgg_code":"48125","facility_type_code":"2","api_first_registered_on":"2009-01-01","api_last_modified_on":null,"updated_at":"2026-07-25T01:27:52.347112+00:00"},"geometry":{"type":"Point","coordinates":[128.571084751,35.202369541]}},{"type":"Feature","id":"e68f74ea76044c044fe36cc1d664782bc5f11d78b026f98111981f19a7ed1147-1","properties":{"facility_id":"e68f74ea76044c044fe36cc1d664782bc5f11d78b026f98111981f19a7ed1147","point_ordinal":1,"zone_group_id":"481251005122","source_manage_no":"481251005122","facility_name":"무학초등학교","sgg_code":"48125","facility_type_code":"1","api_first_registered_on":"1996-05-30","api_last_modified_on":null,"updated_at":"2026-07-25T01:27:52.347112+00:00"},"geometry":{"type":"Point","coordinates":[128.567489031,35.203358588]}},{"type":"Feature","id":"5cd6ba2eb146bbc6b08d07da4a3bbcd80c8b59c32742ca82fc32ae21081214e0-1","properties":{"facility_id":"5cd6ba2eb146bbc6b08d07da4a3bbcd80c8b59c32742ca82fc32ae21081214e0","point_ordinal":1,"zone_group_id":"481251005122","source_manage_no":"481251005121","facility_name":"무학초등학교병설유치원","sgg_code":"48125","facility_type_code":"1","api_first_registered_on":"1996-05-30","api_last_modified_on":null,"updated_at":"2026-07-25T01:27:52.347112+00:00"},"geometry":{"type":"Point","coordinates":[128.567487386,35.203272992]}},{"type":"Feature","id":"52064b3d2d8e4faa09a214d8f02b4651fc28d522d81650ba37bd8c5285395327-1","properties":{"facility_id":"52064b3d2d8e4faa09a214d8f02b4651fc28d522d81650ba37bd8c5285395327","point_ordinal":1,"zone_group_id":"481251005123","source_manage_no":"481251005123","facility_name":"반달유치원","sgg_code":"48125","facility_type_code":"1","api_first_registered_on":"1996-05-30","api_last_modified_on":null,"updated_at":"2026-07-25T01:27:52.347112+00:00"},"geometry":{"type":"Point","coordinates":[128.558363806,35.200360026]}},{"type":"Feature","id":"d2c25c26bddb3e29925b6e67e33c82205455fadcf425faf077211eaaf44d1a6a-1","properties":{"facility_id":"d2c25c26bddb3e29925b6e67e33c82205455fadcf425faf077211eaaf44d1a6a","point_ordinal":1,"zone_group_id":"481251005097","source_manage_no":"481251005097","facility_name":"반동초등학교","sgg_code":"48125","facility_type_code":"1","api_first_registered_on":"1996-05-30","api_last_modified_on":null,"updated_at":"2026-07-25T01:27:52.347112+00:00"},"geometry":{"type":"Point","coordinates":[128.584352907,35.087707512]}},{"type":"Feature","id":"9b1b55825b5ff69afdc4ae36419f13901298afc32516bbe4d781a22f9c4ff3f7-1","properties":{"facility_id":"9b1b55825b5ff69afdc4ae36419f13901298afc32516bbe4d781a22f9c4ff3f7","point_ordinal":1,"zone_group_id":"481251005097","source_manage_no":"481251005096","facility_name":"반동초등학교병설유치원","sgg_code":"48125","facility_type_code":"1","api_first_registered_on":"1996-05-30","api_last_modified_on":null,"updated_at":"2026-07-25T01:27:52.347112+00:00"},"geometry":{"type":"Point","coordinates":[128.584310532,35.087500778]}},{"type":"Feature","id":"2612c6ba110866013daa791080ce6e3b025d4e39b9d8996704f981e271e17074-1","properties":{"facility_id":"2612c6ba110866013daa791080ce6e3b025d4e39b9d8996704f981e271e17074","point_ordinal":1,"zone_group_id":"481251005130","source_manage_no":"481251005130","facility_name":"밝은숲어린이집","sgg_code":"48125","facility_type_code":"1","api_first_registered_on":"2012-01-01","api_last_modified_on":null,"updated_at":"2026-07-25T01:27:52.347112+00:00"},"geometry":{"type":"Point","coordinates":[128.486050761,35.118832081]}},{"type":"Feature","id":"ea020981793bf7035347df877fbb4fbb4132a622ef0ba6837180fc86c2370b6f-1","properties":{"facility_id":"ea020981793bf7035347df877fbb4fbb4132a622ef0ba6837180fc86c2370b6f","point_ordinal":1,"zone_group_id":"481251005127","source_manage_no":"481251023706","facility_name":"백양어린이집","sgg_code":"48125","facility_type_code":"1","api_first_registered_on":null,"api_last_modified_on":null,"updated_at":"2026-07-25T01:27:52.347112+00:00"},"geometry":{"type":"Point","coordinates":[128.56381137,35.192345281]}},{"type":"Feature","id":"8c439888774dd99da1a6ca22092338e204382db6faa2642976b6b442a5263df6-1","properties":{"facility_id":"8c439888774dd99da1a6ca22092338e204382db6faa2642976b6b442a5263df6","point_ordinal":1,"zone_group_id":"481251005100","source_manage_no":"481251005100","facility_name":"산호초등학교","sgg_code":"48125","facility_type_code":"1","api_first_registered_on":"1996-01-20","api_last_modified_on":null,"updated_at":"2026-07-25T01:27:52.347112+00:00"},"geometry":{"type":"Point","coordinates":[128.578991384,35.219146065]}},{"type":"Feature","id":"1828490e1c8c063e37a277b29603bd3d0c5feceaa35ba5ec4b476fb2053f95b5-1","properties":{"facility_id":"1828490e1c8c063e37a277b29603bd3d0c5feceaa35ba5ec4b476fb2053f95b5","point_ordinal":1,"zone_group_id":"481251005100","source_manage_no":"481251005101","facility_name":"산호초등학교 병설유치원","sgg_code":"48125","facility_type_code":"1","api_first_registered_on":"1996-01-20","api_last_modified_on":null,"updated_at":"2026-07-25T01:27:52.347112+00:00"},"geometry":{"type":"Point","coordinates":[128.578942456,35.219171487]}},{"type":"Feature","id":"f481a99020a18b272e69668d390d6d082de4d04092a354ca0d202e13a06fb7c2-1","properties":{"facility_id":"f481a99020a18b272e69668d390d6d082de4d04092a354ca0d202e13a06fb7c2","point_ordinal":1,"zone_group_id":"481251005108","source_manage_no":"481251005108","facility_name":"상남초등학교","sgg_code":"48125","facility_type_code":"1","api_first_registered_on":"1997-11-18","api_last_modified_on":null,"updated_at":"2026-07-25T01:27:52.347112+00:00"},"geometry":{"type":"Point","coordinates":[128.577165648,35.212624704]}},{"type":"Feature","id":"e5839532dfd75b9ff42bc15dc0b7d19c4d70547f4800bfa3ee3b78e88a6d0ce7-1","properties":{"facility_id":"e5839532dfd75b9ff42bc15dc0b7d19c4d70547f4800bfa3ee3b78e88a6d0ce7","point_ordinal":1,"zone_group_id":"481251005108","source_manage_no":"481251005107","facility_name":"상남초등학교병설유치원","sgg_code":"48125","facility_type_code":"1","api_first_registered_on":"1997-11-18","api_last_modified_on":null,"updated_at":"2026-07-25T01:27:52.347112+00:00"},"geometry":{"type":"Point","coordinates":[128.57716421,35.212550371]}},{"type":"Feature","id":"46ecdd61b28bd9fec0bb1813022a15e1efdc2a1c78f0202194d7503e42e36971-1","properties":{"facility_id":"46ecdd61b28bd9fec0bb1813022a15e1efdc2a1c78f0202194d7503e42e36971","point_ordinal":1,"zone_group_id":"481251005110","source_manage_no":"481251005110","facility_name":"성호초등학교","sgg_code":"48125","facility_type_code":"1","api_first_registered_on":"1996-05-30","api_last_modified_on":null,"updated_at":"2026-07-25T01:27:52.347112+00:00"},"geometry":{"type":"Point","coordinates":[128.571499096,35.208589855]}},{"type":"Feature","id":"05be3b3da54aaa6e3f7618ca36996d8ee1b2e5863122c126c8bd717a942d2d04-1","properties":{"facility_id":"05be3b3da54aaa6e3f7618ca36996d8ee1b2e5863122c126c8bd717a942d2d04","point_ordinal":1,"zone_group_id":"481251005110","source_manage_no":"481251005109","facility_name":"성호초등학교병설유치원","sgg_code":"48125","facility_type_code":"1","api_first_registered_on":"1996-05-30","api_last_modified_on":null,"updated_at":"2026-07-25T01:27:52.347112+00:00"},"geometry":{"type":"Point","coordinates":[128.571497446,35.208504258]}},{"type":"Feature","id":"de65d876e5e7b7bed957d205fc0768eea24f187be7e12bc6440ecd09be08a351-1","properties":{"facility_id":"de65d876e5e7b7bed957d205fc0768eea24f187be7e12bc6440ecd09be08a351","point_ordinal":1,"zone_group_id":"481251005142","source_manage_no":"481251005142","facility_name":"세종유치원","sgg_code":"48125","facility_type_code":"1","api_first_registered_on":"1999-03-09","api_last_modified_on":null,"updated_at":"2026-07-25T01:27:52.347112+00:00"},"geometry":{"type":"Point","coordinates":[128.564348198,35.177688989]}},{"type":"Feature","id":"26fdcd54d427ec67706025a3605f771dfbe34eb5b7edf76059d75036ffd92797-1","properties":{"facility_id":"26fdcd54d427ec67706025a3605f771dfbe34eb5b7edf76059d75036ffd92797","point_ordinal":1,"zone_group_id":"481251005118","source_manage_no":"481251005118","facility_name":"시립어린이집","sgg_code":"48125","facility_type_code":"1","api_first_registered_on":"2016-06-09","api_last_modified_on":null,"updated_at":"2026-07-25T01:27:52.347112+00:00"},"geometry":{"type":"Point","coordinates":[128.556354985,35.182492292]}},{"type":"Feature","id":"7ac5516204b7545e82dfb0e35dc3b37d6547f3638cb610ba473176bcd5b6b489-1","properties":{"facility_id":"7ac5516204b7545e82dfb0e35dc3b37d6547f3638cb610ba473176bcd5b6b489","point_ordinal":1,"zone_group_id":"481251005087","source_manage_no":"481251005087","facility_name":"신월초등학교","sgg_code":"48125","facility_type_code":"1","api_first_registered_on":"2000-03-31","api_last_modified_on":null,"updated_at":"2026-07-25T01:27:52.347112+00:00"},"geometry":{"type":"Point","coordinates":[128.556569878,35.171175242]}},{"type":"Feature","id":"d6833815d5e0af2011dea985f230cc81a811e309087415e1f42ca862143481df-1","properties":{"facility_id":"d6833815d5e0af2011dea985f230cc81a811e309087415e1f42ca862143481df","point_ordinal":1,"zone_group_id":"481251005124","source_manage_no":"481251005124","facility_name":"아람유치원","sgg_code":"48125","facility_type_code":"1","api_first_registered_on":"2009-12-18","api_last_modified_on":null,"updated_at":"2026-07-25T01:27:52.347112+00:00"},"geometry":{"type":"Point","coordinates":[128.56112557,35.20241024]}},{"type":"Feature","id":"72106ac49b50dcb59ee3ed77ccaf771f886468253bcb67507fedc13874efa255-1","properties":{"facility_id":"72106ac49b50dcb59ee3ed77ccaf771f886468253bcb67507fedc13874efa255","point_ordinal":1,"zone_group_id":"481252025927","source_manage_no":"481252025927","facility_name":"양촌마을 경로당","sgg_code":"48125","facility_type_code":"2","api_first_registered_on":"2022-11-09","api_last_modified_on":null,"updated_at":"2026-07-25T01:27:52.347112+00:00"},"geometry":{"type":"Point","coordinates":[128.385653151,35.124139578]}},{"type":"Feature","id":"90495fc043f86cd6fc221997175aadcd1451f681e92b7174db66c0d2dcbcc31a-1","properties":{"facility_id":"90495fc043f86cd6fc221997175aadcd1451f681e92b7174db66c0d2dcbcc31a","point_ordinal":1,"zone_group_id":"481251005114","source_manage_no":"481251005114","facility_name":"완월초등학교","sgg_code":"48125","facility_type_code":"1","api_first_registered_on":"1996-05-30","api_last_modified_on":null,"updated_at":"2026-07-25T01:27:52.347112+00:00"},"geometry":{"type":"Point","coordinates":[128.563154861,35.199984685]}},{"type":"Feature","id":"6b6cae6f861bda7b6301f40f027928b16651f5e9b30ba51a6b8dbdecdb99b8d4-1","properties":{"facility_id":"6b6cae6f861bda7b6301f40f027928b16651f5e9b30ba51a6b8dbdecdb99b8d4","point_ordinal":1,"zone_group_id":"481251005114","source_manage_no":"481251005113","facility_name":"완월초등학교병설유치원","sgg_code":"48125","facility_type_code":"1","api_first_registered_on":"1996-05-30","api_last_modified_on":null,"updated_at":"2026-07-25T01:27:52.347112+00:00"},"geometry":{"type":"Point","coordinates":[128.563168465,35.200408092]}},{"type":"Feature","id":"15331358604c6c145c18dea75acf3a48e0ea50ec10d66f89bb29e1dbb76fda6d-1","properties":{"facility_id":"15331358604c6c145c18dea75acf3a48e0ea50ec10d66f89bb29e1dbb76fda6d","point_ordinal":1,"zone_group_id":"481251005102","source_manage_no":"481251005102","facility_name":"용마초등학교","sgg_code":"48125","facility_type_code":"1","api_first_registered_on":"1996-01-10","api_last_modified_on":null,"updated_at":"2026-07-25T01:27:52.347112+00:00"},"geometry":{"type":"Point","coordinates":[128.584581177,35.215777677]}},{"type":"Feature","id":"626e9cfc4f729f47a53a04c831275bf8e9d5b39cf541258cd54ded4902db2457-1","properties":{"facility_id":"626e9cfc4f729f47a53a04c831275bf8e9d5b39cf541258cd54ded4902db2457","point_ordinal":1,"zone_group_id":"481251005102","source_manage_no":"481251005103","facility_name":"용마초등학교 병설유치원","sgg_code":"48125","facility_type_code":"1","api_first_registered_on":"1996-01-10","api_last_modified_on":null,"updated_at":"2026-07-25T01:27:52.347112+00:00"},"geometry":{"type":"Point","coordinates":[128.584588916,35.215610848]}},{"type":"Feature","id":"883b329ebb0b57bf80744e3017f89ae922a0097d7b31152df3f60a5f3323103e-1","properties":{"facility_id":"883b329ebb0b57bf80744e3017f89ae922a0097d7b31152df3f60a5f3323103e","point_ordinal":1,"zone_group_id":"481251005132","source_manage_no":"481251005132","facility_name":"우산초등학교","sgg_code":"48125","facility_type_code":"1","api_first_registered_on":"2000-03-31","api_last_modified_on":null,"updated_at":"2026-07-25T01:27:52.347112+00:00"},"geometry":{"type":"Point","coordinates":[128.47903234,35.104836955]}},{"type":"Feature","id":"b08a0f694a2ac1bbb762eb6269cf2b7713fae8cadcfaccb029bdd7fff9c8819a-1","properties":{"facility_id":"b08a0f694a2ac1bbb762eb6269cf2b7713fae8cadcfaccb029bdd7fff9c8819a","point_ordinal":1,"zone_group_id":"481251005132","source_manage_no":"481251005131","facility_name":"우산초등학교병설유치원","sgg_code":"48125","facility_type_code":"1","api_first_registered_on":"2000-03-31","api_last_modified_on":null,"updated_at":"2026-07-25T01:27:52.347112+00:00"},"geometry":{"type":"Point","coordinates":[128.479033779,35.104764836]}},{"type":"Feature","id":"8c8a9395f534e02b0ddd9fd3b1ce977bf55ae7dc9f54afaf16c76e718be237ea-1","properties":{"facility_id":"8c8a9395f534e02b0ddd9fd3b1ce977bf55ae7dc9f54afaf16c76e718be237ea","point_ordinal":1,"zone_group_id":"481251005116","source_manage_no":"481251005116","facility_name":"월성초등학교","sgg_code":"48125","facility_type_code":"1","api_first_registered_on":"1996-05-30","api_last_modified_on":null,"updated_at":"2026-07-25T01:27:52.347112+00:00"},"geometry":{"type":"Point","coordinates":[128.560355622,35.196269177]}},{"type":"Feature","id":"bc687c3fe0e33b8fe23a92c0d97fedc38333a6237f9a683473dc4c9fe0f44f1a-1","properties":{"facility_id":"bc687c3fe0e33b8fe23a92c0d97fedc38333a6237f9a683473dc4c9fe0f44f1a","point_ordinal":1,"zone_group_id":"481251005116","source_manage_no":"481251005115","facility_name":"월성초등학교병설유치원","sgg_code":"48125","facility_type_code":"1","api_first_registered_on":"1996-05-30","api_last_modified_on":null,"updated_at":"2026-07-25T01:27:52.347112+00:00"},"geometry":{"type":"Point","coordinates":[128.560352606,35.196111498]}},{"type":"Feature","id":"5edfae991ffb1acc5b8f1bf8b2808aa65c2b88ff59390651186868a5e79c8d66-1","properties":{"facility_id":"5edfae991ffb1acc5b8f1bf8b2808aa65c2b88ff59390651186868a5e79c8d66","point_ordinal":1,"zone_group_id":"481251005127","source_manage_no":"481251005127","facility_name":"월영초등학교","sgg_code":"48125","facility_type_code":"1","api_first_registered_on":"2000-06-28","api_last_modified_on":null,"updated_at":"2026-07-25T01:27:52.347112+00:00"},"geometry":{"type":"Point","coordinates":[128.562589827,35.191401795]}},{"type":"Feature","id":"e06eebf23bb838cd3becd701a27f22ba02fd841037a92caf8f37557086e1ceb1-1","properties":{"facility_id":"e06eebf23bb838cd3becd701a27f22ba02fd841037a92caf8f37557086e1ceb1","point_ordinal":1,"zone_group_id":"481251005127","source_manage_no":"481251005126","facility_name":"월영초등학교병설유치원","sgg_code":"48125","facility_type_code":"1","api_first_registered_on":"2000-06-28","api_last_modified_on":null,"updated_at":"2026-07-25T01:27:52.347112+00:00"},"geometry":{"type":"Point","coordinates":[128.562848916,35.191745429]}},{"type":"Feature","id":"40babde79e9f06c13c5a421f5bc56a198773acfbf7341abbfc55ba394e9fe13c-1","properties":{"facility_id":"40babde79e9f06c13c5a421f5bc56a198773acfbf7341abbfc55ba394e9fe13c","point_ordinal":1,"zone_group_id":"481251005099","source_manage_no":"481251005099","facility_name":"월포초등학교","sgg_code":"48125","facility_type_code":"1","api_first_registered_on":"2002-06-28","api_last_modified_on":null,"updated_at":"2026-07-25T01:27:52.347112+00:00"},"geometry":{"type":"Point","coordinates":[128.557556155,35.182812701]}},{"type":"Feature","id":"c011ba2dbb155d9cbaf6eb89fb428d28014977fad2ddc1a53553a9e4b9f3f944-1","properties":{"facility_id":"c011ba2dbb155d9cbaf6eb89fb428d28014977fad2ddc1a53553a9e4b9f3f944","point_ordinal":1,"zone_group_id":"481251005099","source_manage_no":"481251005098","facility_name":"월포초등학교병설유치원","sgg_code":"48125","facility_type_code":"1","api_first_registered_on":"2002-06-28","api_last_modified_on":null,"updated_at":"2026-07-25T01:27:52.347112+00:00"},"geometry":{"type":"Point","coordinates":[128.557561936,35.182684199]}},{"type":"Feature","id":"f156c8308d9621aca8cee2bb8a9977f7d19810563efe36827404f27d72982a1b-1","properties":{"facility_id":"f156c8308d9621aca8cee2bb8a9977f7d19810563efe36827404f27d72982a1b","point_ordinal":1,"zone_group_id":"481251005134","source_manage_no":"481251005134","facility_name":"진동초등학교","sgg_code":"48125","facility_type_code":"1","api_first_registered_on":"1999-09-14","api_last_modified_on":null,"updated_at":"2026-07-25T01:27:52.347112+00:00"},"geometry":{"type":"Point","coordinates":[128.490097035,35.118547441]}},{"type":"Feature","id":"3985db574dd7b61b0883ea81aea7b92df4d53f7bfc3d25eb1a0034a39744d80c-1","properties":{"facility_id":"3985db574dd7b61b0883ea81aea7b92df4d53f7bfc3d25eb1a0034a39744d80c","point_ordinal":1,"zone_group_id":"481251005134","source_manage_no":"481251005133","facility_name":"진동초등학교병설유치원","sgg_code":"48125","facility_type_code":"1","api_first_registered_on":"1999-09-14","api_last_modified_on":null,"updated_at":"2026-07-25T01:27:52.347112+00:00"},"geometry":{"type":"Point","coordinates":[128.490088352,35.118371801]}},{"type":"Feature","id":"9e5cce003815a2d13de12218845978db7ac1bfe7ca2ba9ee238b75749fbb9526-1","properties":{"facility_id":"9e5cce003815a2d13de12218845978db7ac1bfe7ca2ba9ee238b75749fbb9526","point_ordinal":1,"zone_group_id":"481251005127","source_manage_no":"481251005129","facility_name":"진선미유치원","sgg_code":"48125","facility_type_code":"1","api_first_registered_on":"2011-04-12","api_last_modified_on":null,"updated_at":"2026-07-25T01:27:52.347112+00:00"},"geometry":{"type":"Point","coordinates":[128.561905057,35.189955035]}},{"type":"Feature","id":"647261b153a656f801884961ea8277974728599e855b71c6eccba5b4279ec6fd-1","properties":{"facility_id":"647261b153a656f801884961ea8277974728599e855b71c6eccba5b4279ec6fd","point_ordinal":1,"zone_group_id":"481251005139","source_manage_no":"481251005139","facility_name":"진전초등학교","sgg_code":"48125","facility_type_code":"1","api_first_registered_on":"1999-11-19","api_last_modified_on":null,"updated_at":"2026-07-25T01:27:52.347112+00:00"},"geometry":{"type":"Point","coordinates":[128.415110231,35.109933816]}},{"type":"Feature","id":"b5591ebfa4052e84fc6db4a293f0e1604dbb5f69deb9b103e037a7265be403fe-1","properties":{"facility_id":"b5591ebfa4052e84fc6db4a293f0e1604dbb5f69deb9b103e037a7265be403fe","point_ordinal":1,"zone_group_id":"481251005139","source_manage_no":"481251005138","facility_name":"진전초등학교병설유치원","sgg_code":"48125","facility_type_code":"1","api_first_registered_on":"1999-11-19","api_last_modified_on":null,"updated_at":"2026-07-25T01:27:52.347112+00:00"},"geometry":{"type":"Point","coordinates":[128.415111944,35.110032936]}},{"type":"Feature","id":"eacc8d15688a95e9a4125363f2445541d7096cb05a66401d21ce2d3e5ab925e0-1","properties":{"facility_id":"eacc8d15688a95e9a4125363f2445541d7096cb05a66401d21ce2d3e5ab925e0","point_ordinal":1,"zone_group_id":"481252005588","source_manage_no":"481252005588","facility_name":"창원시 여성회관 마산관","sgg_code":"48125","facility_type_code":"2","api_first_registered_on":"2011-01-01","api_last_modified_on":null,"updated_at":"2026-07-25T01:27:52.347112+00:00"},"geometry":{"type":"Point","coordinates":[128.579092473,35.216432104]}},{"type":"Feature","id":"ecb190eb4b322921c1c7bd5ab95385ed8304604770b29d8680281dd99b0f62b4-1","properties":{"facility_id":"ecb190eb4b322921c1c7bd5ab95385ed8304604770b29d8680281dd99b0f62b4","point_ordinal":1,"zone_group_id":"481251005125","source_manage_no":"481251005125","facility_name":"청운어린이집","sgg_code":"48125","facility_type_code":"1","api_first_registered_on":"2007-05-17","api_last_modified_on":null,"updated_at":"2026-07-25T01:27:52.347112+00:00"},"geometry":{"type":"Point","coordinates":[128.563405416,35.205630791]}},{"type":"Feature","id":"d158e3a9684557948985530573f74d8d00b5eb90b44d0eb50ad86e53c6d08495-1","properties":{"facility_id":"d158e3a9684557948985530573f74d8d00b5eb90b44d0eb50ad86e53c6d08495","point_ordinal":1,"zone_group_id":"481251005141","source_manage_no":"481251005141","facility_name":"추산어린이집","sgg_code":"48125","facility_type_code":"1","api_first_registered_on":"1997-10-08","api_last_modified_on":null,"updated_at":"2026-07-25T01:27:52.347112+00:00"},"geometry":{"type":"Point","coordinates":[128.570093546,35.206446265]}},{"type":"Feature","id":"10a33a164990c9a6a4c776c35d9dd690430afb02f8ad2fb7fe2e7b4e8050ef2e-1","properties":{"facility_id":"10a33a164990c9a6a4c776c35d9dd690430afb02f8ad2fb7fe2e7b4e8050ef2e","point_ordinal":1,"zone_group_id":"481251005137","source_manage_no":"481251005137","facility_name":"하북초등학교","sgg_code":"48125","facility_type_code":"1","api_first_registered_on":"1998-06-03","api_last_modified_on":null,"updated_at":"2026-07-25T01:27:52.347112+00:00"},"geometry":{"type":"Point","coordinates":[128.469992969,35.116050474]}},{"type":"Feature","id":"137468106fc3b377f27bbe8f890b8c6b516c91d7e8ada076737c8c0ae68fd205-1","properties":{"facility_id":"137468106fc3b377f27bbe8f890b8c6b516c91d7e8ada076737c8c0ae68fd205","point_ordinal":1,"zone_group_id":"481251005137","source_manage_no":"481251005136","facility_name":"하북초등학교병설유치원","sgg_code":"48125","facility_type_code":"1","api_first_registered_on":"1998-06-03","api_last_modified_on":null,"updated_at":"2026-07-25T01:27:52.347112+00:00"},"geometry":{"type":"Point","coordinates":[128.470154872,35.115904308]}},{"type":"Feature","id":"8027e6ad9e331ec33a25849a3b4842eca07d22956ed2a299e03e65cf34abd2e0-1","properties":{"facility_id":"8027e6ad9e331ec33a25849a3b4842eca07d22956ed2a299e03e65cf34abd2e0","point_ordinal":1,"zone_group_id":"481251005087","source_manage_no":"481251005119","facility_name":"한사랑유치원","sgg_code":"48125","facility_type_code":"1","api_first_registered_on":"2010-06-24","api_last_modified_on":null,"updated_at":"2026-07-25T01:27:52.347112+00:00"},"geometry":{"type":"Point","coordinates":[128.557218167,35.170916014]}},{"type":"Feature","id":"a8f41ef16db4273dfb188d18a4f332862e2db6deed6d0c6efb1692ada7f2fa0f-1","properties":{"facility_id":"a8f41ef16db4273dfb188d18a4f332862e2db6deed6d0c6efb1692ada7f2fa0f","point_ordinal":1,"zone_group_id":"481251005135","source_manage_no":"481251005135","facility_name":"한솔유치원","sgg_code":"48125","facility_type_code":"1","api_first_registered_on":"2009-12-18","api_last_modified_on":null,"updated_at":"2026-07-25T01:27:52.347112+00:00"},"geometry":{"type":"Point","coordinates":[128.495048326,35.110745046]}},{"type":"Feature","id":"58991bcc4c5b86bfb12dccfa7e781e1dbce1522cb5fa9b7839d31fc8dddb24c1-1","properties":{"facility_id":"58991bcc4c5b86bfb12dccfa7e781e1dbce1522cb5fa9b7839d31fc8dddb24c1","point_ordinal":1,"zone_group_id":"481251005104","source_manage_no":"481251005104","facility_name":"합포초등학교","sgg_code":"48125","facility_type_code":"1","api_first_registered_on":"1996-05-07","api_last_modified_on":null,"updated_at":"2026-07-25T01:27:52.347112+00:00"},"geometry":{"type":"Point","coordinates":[128.584124587,35.212139993]}},{"type":"Feature","id":"8e5e5521d6e4a50661df6901902185e4637cc7b2b403e5d9b2211c4033e98dcb-1","properties":{"facility_id":"8e5e5521d6e4a50661df6901902185e4637cc7b2b403e5d9b2211c4033e98dcb","point_ordinal":1,"zone_group_id":"481251005104","source_manage_no":"481251005105","facility_name":"합포초등학교 병설유치원","sgg_code":"48125","facility_type_code":"1","api_first_registered_on":"1996-05-07","api_last_modified_on":null,"updated_at":"2026-07-25T01:27:52.347112+00:00"},"geometry":{"type":"Point","coordinates":[128.584115159,35.211937339]}},{"type":"Feature","id":"78b5e52e58370b6caeaced4db02f31698bd1572328f19180ade8a5032536d77e-1","properties":{"facility_id":"78b5e52e58370b6caeaced4db02f31698bd1572328f19180ade8a5032536d77e","point_ordinal":1,"zone_group_id":"481251005120","source_manage_no":"481251005120","facility_name":"해운초등학교","sgg_code":"48125","facility_type_code":"1","api_first_registered_on":"1996-05-30","api_last_modified_on":null,"updated_at":"2026-07-25T01:27:52.347112+00:00"},"geometry":{"type":"Point","coordinates":[128.557828628,35.176364171]}},{"type":"Feature","id":"4a2b76fb32839e62c208c929f9b18196bb2226a492debb64a54dea8b115a8523-1","properties":{"facility_id":"4a2b76fb32839e62c208c929f9b18196bb2226a492debb64a54dea8b115a8523","point_ordinal":1,"zone_group_id":"481251005144","source_manage_no":"481251005144","facility_name":"현동초등학교","sgg_code":"48125","facility_type_code":"1","api_first_registered_on":"1996-04-25","api_last_modified_on":null,"updated_at":"2026-07-25T01:27:52.347112+00:00"},"geometry":{"type":"Point","coordinates":[128.556545709,35.146794116]}},{"type":"Feature","id":"6d0336bfe87c791e6a93ea766baa2cadc479ce0b819f04ec9050ea482c4f0981-1","properties":{"facility_id":"6d0336bfe87c791e6a93ea766baa2cadc479ce0b819f04ec9050ea482c4f0981","point_ordinal":1,"zone_group_id":"481251005144","source_manage_no":"481251005143","facility_name":"현동초등학교병설유치원","sgg_code":"48125","facility_type_code":"1","api_first_registered_on":"1996-04-25","api_last_modified_on":null,"updated_at":"2026-07-25T01:27:52.347112+00:00"},"geometry":{"type":"Point","coordinates":[128.556549392,35.146699438]}},{"type":"Feature","id":"f0715336980e8ba31978a0c201fa878b1655b917958f7e67b58e4afb6a87562b-1","properties":{"facility_id":"f0715336980e8ba31978a0c201fa878b1655b917958f7e67b58e4afb6a87562b","point_ordinal":1,"zone_group_id":"481271005196","source_manage_no":"481271005196","facility_name":"가고파유치원","sgg_code":"48127","facility_type_code":"1","api_first_registered_on":"1996-06-30","api_last_modified_on":null,"updated_at":"2026-07-25T01:27:52.347112+00:00"},"geometry":{"type":"Point","coordinates":[128.562199067,35.217597395]}},{"type":"Feature","id":"3b078e0156182d3edcdd5ef16693cbddf45a40037ccdb374d59056236770adef-1","properties":{"facility_id":"3b078e0156182d3edcdd5ef16693cbddf45a40037ccdb374d59056236770adef","point_ordinal":1,"zone_group_id":"481271005172","source_manage_no":"481271005172","facility_name":"가고파초등학교","sgg_code":"48127","facility_type_code":"1","api_first_registered_on":"2012-06-20","api_last_modified_on":null,"updated_at":"2026-07-25T01:27:52.347112+00:00"},"geometry":{"type":"Point","coordinates":[128.580395267,35.225131743]}},{"type":"Feature","id":"ac7575efcc0f639b753d2b15d5dd8174472dbb1c46ded5e375ed3d065cfbc31a-1","properties":{"facility_id":"ac7575efcc0f639b753d2b15d5dd8174472dbb1c46ded5e375ed3d065cfbc31a","point_ordinal":1,"zone_group_id":"481271005145","source_manage_no":"481271005145","facility_name":"감천초등학교","sgg_code":"48127","facility_type_code":"1","api_first_registered_on":"1996-06-30","api_last_modified_on":null,"updated_at":"2026-07-25T01:27:52.347112+00:00"},"geometry":{"type":"Point","coordinates":[128.515338673,35.206577537]}},{"type":"Feature","id":"c6b0efa884cf6a9ff57efed7e84612fec517f50b753223d5d35054cdf2acee7d-1","properties":{"facility_id":"c6b0efa884cf6a9ff57efed7e84612fec517f50b753223d5d35054cdf2acee7d","point_ordinal":1,"zone_group_id":"481271005145","source_manage_no":"481271005146","facility_name":"감천초등학교 병설유치원","sgg_code":"48127","facility_type_code":"1","api_first_registered_on":"1996-06-30","api_last_modified_on":null,"updated_at":"2026-07-25T01:27:52.347112+00:00"},"geometry":{"type":"Point","coordinates":[128.515310684,35.206548597]}},{"type":"Feature","id":"912a1bb8e2f87d9ddbc2a5561b39808c2436e901d8c0fb41ca661d3292cc1765-1","properties":{"facility_id":"912a1bb8e2f87d9ddbc2a5561b39808c2436e901d8c0fb41ca661d3292cc1765","point_ordinal":1,"zone_group_id":"481271021777","source_manage_no":"481271021777","facility_name":"개나리유치원","sgg_code":"48127","facility_type_code":"1","api_first_registered_on":null,"api_last_modified_on":null,"updated_at":"2026-07-25T01:27:52.347112+00:00"},"geometry":{"type":"Point","coordinates":[128.585643493,35.235082685]}},{"type":"Feature","id":"fd35072efefb6867070f0b954398a4d0ff333332240aeb10f85fc145ef5b0019-1","properties":{"facility_id":"fd35072efefb6867070f0b954398a4d0ff333332240aeb10f85fc145ef5b0019","point_ordinal":1,"zone_group_id":"481271005185","source_manage_no":"481271005181","facility_name":"경남혜림학교","sgg_code":"48127","facility_type_code":"1","api_first_registered_on":"1997-07-26","api_last_modified_on":null,"updated_at":"2026-07-25T01:27:52.347112+00:00"},"geometry":{"type":"Point","coordinates":[128.581021333,35.243362392]}},{"type":"Feature","id":"a4838248a2ec99024603de4b10792e87c720ce37cf90eb796b3ec59f1ea2561d-1","properties":{"facility_id":"a4838248a2ec99024603de4b10792e87c720ce37cf90eb796b3ec59f1ea2561d","point_ordinal":1,"zone_group_id":"481271005157","source_manage_no":"481271005157","facility_name":"광려초등학교","sgg_code":"48127","facility_type_code":"1","api_first_registered_on":"2002-06-10","api_last_modified_on":null,"updated_at":"2026-07-25T01:27:52.347112+00:00"},"geometry":{"type":"Point","coordinates":[128.503487954,35.228701891]}},{"type":"Feature","id":"09d16c8d031b14f482e9fb8d50d0f6fbcdd594c3d6b6764bde88f9b9e61a0b4c-1","properties":{"facility_id":"09d16c8d031b14f482e9fb8d50d0f6fbcdd594c3d6b6764bde88f9b9e61a0b4c","point_ordinal":1,"zone_group_id":"481271005157","source_manage_no":"481271005158","facility_name":"광려초등학교 병설유치원","sgg_code":"48127","facility_type_code":"1","api_first_registered_on":"2002-06-10","api_last_modified_on":null,"updated_at":"2026-07-25T01:27:52.347112+00:00"},"geometry":{"type":"Point","coordinates":[128.503502597,35.228602572]}},{"type":"Feature","id":"3153f9ce432519034abc9569ec4c2dea5e5202575be574bb668c9a7c9afeb6e8-1","properties":{"facility_id":"3153f9ce432519034abc9569ec4c2dea5e5202575be574bb668c9a7c9afeb6e8","point_ordinal":1,"zone_group_id":"481271005147","source_manage_no":"481271005147","facility_name":"구암초등학교 & 소명유치원","sgg_code":"48127","facility_type_code":"1","api_first_registered_on":"1996-01-20","api_last_modified_on":null,"updated_at":"2026-07-25T01:27:52.347112+00:00"},"geometry":{"type":"Point","coordinates":[128.594632047,35.257547282]}},{"type":"Feature","id":"6eef353f336f7621217786351edcb2258c5e4d7717d7cca7f70facc003bd8f31-1","properties":{"facility_id":"6eef353f336f7621217786351edcb2258c5e4d7717d7cca7f70facc003bd8f31","point_ordinal":1,"zone_group_id":"481271005147","source_manage_no":"481271005148","facility_name":"구암초등학교 병설유치원","sgg_code":"48127","facility_type_code":"1","api_first_registered_on":"1996-01-20","api_last_modified_on":null,"updated_at":"2026-07-25T01:27:52.347112+00:00"},"geometry":{"type":"Point","coordinates":[128.594669787,35.257510736]}},{"type":"Feature","id":"5a5006be4f3f9430f0eab2d80eda32fa76af9e230283329951fbb1d384bece50-1","properties":{"facility_id":"5a5006be4f3f9430f0eab2d80eda32fa76af9e230283329951fbb1d384bece50","point_ordinal":1,"zone_group_id":"481271005171","source_manage_no":"481271005171","facility_name":"꽃내음풀내음해돋이유치원","sgg_code":"48127","facility_type_code":"1","api_first_registered_on":"2006-10-20","api_last_modified_on":null,"updated_at":"2026-07-25T01:27:52.347112+00:00"},"geometry":{"type":"Point","coordinates":[128.507940361,35.211975091]}},{"type":"Feature","id":"ddfcb14bb900d11f2eea2b356db2dcada06e49c3d6ef52e7f3ef7eb88c8ce59d-1","properties":{"facility_id":"ddfcb14bb900d11f2eea2b356db2dcada06e49c3d6ef52e7f3ef7eb88c8ce59d","point_ordinal":1,"zone_group_id":"481271005190","source_manage_no":"481271005190","facility_name":"내서초등학교","sgg_code":"48127","facility_type_code":"1","api_first_registered_on":"1996-01-20","api_last_modified_on":null,"updated_at":"2026-07-25T01:27:52.347112+00:00"},"geometry":{"type":"Point","coordinates":[128.546039433,35.237461925]}},{"type":"Feature","id":"b8103d17daf9f671481ff2da0c09da428102800361666b25538b9aa9a4ad6de9-1","properties":{"facility_id":"b8103d17daf9f671481ff2da0c09da428102800361666b25538b9aa9a4ad6de9","point_ordinal":1,"zone_group_id":"481271005190","source_manage_no":"481271005191","facility_name":"내서초등학교 병설유치원","sgg_code":"48127","facility_type_code":"1","api_first_registered_on":"1996-01-20","api_last_modified_on":null,"updated_at":"2026-07-25T01:27:52.347112+00:00"},"geometry":{"type":"Point","coordinates":[128.546049303,35.237403219]}},{"type":"Feature","id":"a588e277b774346f2ac165101be2e530addea8a7c2da58e44ef6962c3bea4888-1","properties":{"facility_id":"a588e277b774346f2ac165101be2e530addea8a7c2da58e44ef6962c3bea4888","point_ordinal":1,"zone_group_id":"481271005194","source_manage_no":"481271005194","facility_name":"마산교동초등학교","sgg_code":"48127","facility_type_code":"1","api_first_registered_on":"1996-06-01","api_last_modified_on":null,"updated_at":"2026-07-25T01:27:52.347112+00:00"},"geometry":{"type":"Point","coordinates":[128.561450712,35.220412554]}},{"type":"Feature","id":"e72688c2dc1373b42b098378199d62a44c72c9e945334d2a79197c5c5120fe14-1","properties":{"facility_id":"e72688c2dc1373b42b098378199d62a44c72c9e945334d2a79197c5c5120fe14","point_ordinal":1,"zone_group_id":"481271005194","source_manage_no":"481271005195","facility_name":"마산교동초등학교 병설유치원","sgg_code":"48127","facility_type_code":"1","api_first_registered_on":"1996-06-01","api_last_modified_on":null,"updated_at":"2026-07-25T01:27:52.347112+00:00"},"geometry":{"type":"Point","coordinates":[128.56144341,35.220318018]}},{"type":"Feature","id":"aa12ed84ebf93314b33fec1880ba46b1bbcc4fed1c9f45c705a4064a33b79f33-1","properties":{"facility_id":"aa12ed84ebf93314b33fec1880ba46b1bbcc4fed1c9f45c705a4064a33b79f33","point_ordinal":1,"zone_group_id":"481271005151","source_manage_no":"481271005151","facility_name":"마산중앙초등학교","sgg_code":"48127","facility_type_code":"1","api_first_registered_on":"2004-05-01","api_last_modified_on":null,"updated_at":"2026-07-25T01:27:52.347112+00:00"},"geometry":{"type":"Point","coordinates":[128.601212014,35.248723246]}},{"type":"Feature","id":"8dbbeb1e1630a278afd0c7ce9df93d9c45895ec102dedba0eb87af04e10ab36c-1","properties":{"facility_id":"8dbbeb1e1630a278afd0c7ce9df93d9c45895ec102dedba0eb87af04e10ab36c","point_ordinal":1,"zone_group_id":"481271005151","source_manage_no":"481271005152","facility_name":"마산중앙초등학교 병설유치원","sgg_code":"48127","facility_type_code":"1","api_first_registered_on":"2004-05-01","api_last_modified_on":null,"updated_at":"2026-07-25T01:27:52.347112+00:00"},"geometry":{"type":"Point","coordinates":[128.601207276,35.248761611]}},{"type":"Feature","id":"92339854c64b93fc45d7965516a43a7c8bbe1c326cb42c128855f8efb8d4c961-1","properties":{"facility_id":"92339854c64b93fc45d7965516a43a7c8bbe1c326cb42c128855f8efb8d4c961","point_ordinal":1,"zone_group_id":"481271021775","source_manage_no":"481271021775","facility_name":"마산폴리어학원","sgg_code":"48127","facility_type_code":"1","api_first_registered_on":null,"api_last_modified_on":null,"updated_at":"2026-07-25T01:27:52.347112+00:00"},"geometry":{"type":"Point","coordinates":[128.585980848,35.22363486]}},{"type":"Feature","id":"f06c3359727726fb67510e62d3d630e570faab74c98a44e0705f9f1f5b5d1581-1","properties":{"facility_id":"f06c3359727726fb67510e62d3d630e570faab74c98a44e0705f9f1f5b5d1581","point_ordinal":1,"zone_group_id":"481271005160","source_manage_no":"481271005160","facility_name":"명성유치원","sgg_code":"48127","facility_type_code":"1","api_first_registered_on":"2002-06-10","api_last_modified_on":null,"updated_at":"2026-07-25T01:27:52.347112+00:00"},"geometry":{"type":"Point","coordinates":[128.501540813,35.233893565]}},{"type":"Feature","id":"963d8833d54417b2e808c4cf4166c44a8e1200ce0dcb6945ae4f7e49cf804fcd-1","properties":{"facility_id":"963d8833d54417b2e808c4cf4166c44a8e1200ce0dcb6945ae4f7e49cf804fcd","point_ordinal":1,"zone_group_id":"481271005155","source_manage_no":"481271005155","facility_name":"봉덕초등학교","sgg_code":"48127","facility_type_code":"1","api_first_registered_on":"1998-05-10","api_last_modified_on":null,"updated_at":"2026-07-25T01:27:52.347112+00:00"},"geometry":{"type":"Point","coordinates":[128.593827858,35.222256809]}},{"type":"Feature","id":"7abbc345892d5171028094b2f3925496b7276183cb61cd119d0bcbd01b0055f7-1","properties":{"facility_id":"7abbc345892d5171028094b2f3925496b7276183cb61cd119d0bcbd01b0055f7","point_ordinal":1,"zone_group_id":"481271005155","source_manage_no":"481271005156","facility_name":"봉덕초등학교 병설유치원","sgg_code":"48127","facility_type_code":"1","api_first_registered_on":"1998-05-10","api_last_modified_on":null,"updated_at":"2026-07-25T01:27:52.347112+00:00"},"geometry":{"type":"Point","coordinates":[128.593854471,35.22221365]}},{"type":"Feature","id":"2999c6e23ee141f5286cd373df56a475e1b35e146f17f965e5c3a15d8f92c95f-1","properties":{"facility_id":"2999c6e23ee141f5286cd373df56a475e1b35e146f17f965e5c3a15d8f92c95f","point_ordinal":1,"zone_group_id":"481271005166","source_manage_no":"481271005166","facility_name":"북성초등학교","sgg_code":"48127","facility_type_code":"1","api_first_registered_on":"1996-06-20","api_last_modified_on":null,"updated_at":"2026-07-25T01:27:52.347112+00:00"},"geometry":{"type":"Point","coordinates":[128.570926068,35.231216684]}},{"type":"Feature","id":"6051f31cdb8a50fdc8da8ab0ae4b44b38e46dad054af1d3b3b333fa733c90e53-1","properties":{"facility_id":"6051f31cdb8a50fdc8da8ab0ae4b44b38e46dad054af1d3b3b333fa733c90e53","point_ordinal":1,"zone_group_id":"481271005166","source_manage_no":"481271005167","facility_name":"북성초등학교 병설유치원","sgg_code":"48127","facility_type_code":"1","api_first_registered_on":"1996-06-20","api_last_modified_on":null,"updated_at":"2026-07-25T01:27:52.347112+00:00"},"geometry":{"type":"Point","coordinates":[128.570921403,35.231259553]}},{"type":"Feature","id":"b67d21e467defd2e0ea6cbe9332ff7f3bfeb396ce8f0c6b8fd627d2b719150ff-1","properties":{"facility_id":"b67d21e467defd2e0ea6cbe9332ff7f3bfeb396ce8f0c6b8fd627d2b719150ff","point_ordinal":1,"zone_group_id":"481271005165","source_manage_no":"481271005161","facility_name":"삼계유치원","sgg_code":"48127","facility_type_code":"1","api_first_registered_on":"2009-12-17","api_last_modified_on":null,"updated_at":"2026-07-25T01:27:52.347112+00:00"},"geometry":{"type":"Point","coordinates":[128.491363372,35.232895359]}},{"type":"Feature","id":"c23b087e95c404902b974774c2c00b814c40dce332b12f77451b8d0820200eb2-1","properties":{"facility_id":"c23b087e95c404902b974774c2c00b814c40dce332b12f77451b8d0820200eb2","point_ordinal":1,"zone_group_id":"481271005162","source_manage_no":"481271005162","facility_name":"삼계초등학교","sgg_code":"48127","facility_type_code":"1","api_first_registered_on":"1996-06-30","api_last_modified_on":null,"updated_at":"2026-07-25T01:27:52.347112+00:00"},"geometry":{"type":"Point","coordinates":[128.500650304,35.232035593]}},{"type":"Feature","id":"af5cddcfb3b701207393cc416dd4c9967b4cab541404dcff83f8b7b3cbd89267-1","properties":{"facility_id":"af5cddcfb3b701207393cc416dd4c9967b4cab541404dcff83f8b7b3cbd89267","point_ordinal":1,"zone_group_id":"481271005162","source_manage_no":"481271005163","facility_name":"삼계초등학교 병설유치원","sgg_code":"48127","facility_type_code":"1","api_first_registered_on":"1996-06-30","api_last_modified_on":null,"updated_at":"2026-07-25T01:27:52.347112+00:00"},"geometry":{"type":"Point","coordinates":[128.50092385,35.231978126]}},{"type":"Feature","id":"2256918618c0f4d368409dfb67a742ef3d2e4ae4259c08832d2f2b86fc8208d8-1","properties":{"facility_id":"2256918618c0f4d368409dfb67a742ef3d2e4ae4259c08832d2f2b86fc8208d8","point_ordinal":1,"zone_group_id":"481271028168","source_manage_no":"481271028168","facility_name":"삼학사금강유치원","sgg_code":"48127","facility_type_code":"1","api_first_registered_on":null,"api_last_modified_on":null,"updated_at":"2026-07-25T01:27:52.347112+00:00"},"geometry":{"type":"Point","coordinates":[128.560316694,35.217831556]}},{"type":"Feature","id":"9f00696d78f9e9e485227fd9e10845ed0702f8f732e3b0798f727861d1ed7687-1","properties":{"facility_id":"9f00696d78f9e9e485227fd9e10845ed0702f8f732e3b0798f727861d1ed7687","point_ordinal":1,"zone_group_id":"481271005177","source_manage_no":"481271005177","facility_name":"상일초등학교","sgg_code":"48127","facility_type_code":"1","api_first_registered_on":"1996-01-10","api_last_modified_on":null,"updated_at":"2026-07-25T01:27:52.347112+00:00"},"geometry":{"type":"Point","coordinates":[128.507280165,35.243899462]}},{"type":"Feature","id":"0d31b3676850419585f78f90faece153ca19d9f16b6005ddea0905b2fabe8fd9-1","properties":{"facility_id":"0d31b3676850419585f78f90faece153ca19d9f16b6005ddea0905b2fabe8fd9","point_ordinal":1,"zone_group_id":"481271005182","source_manage_no":"481271005182","facility_name":"새싹유치원","sgg_code":"48127","facility_type_code":"1","api_first_registered_on":"2009-12-17","api_last_modified_on":null,"updated_at":"2026-07-25T01:27:52.347112+00:00"},"geometry":{"type":"Point","coordinates":[128.583383441,35.240816638]}},{"type":"Feature","id":"d493a1be41f98f0012b803249f61f2dc94cccefd4b3bb902a41465b27e7e9396-1","properties":{"facility_id":"d493a1be41f98f0012b803249f61f2dc94cccefd4b3bb902a41465b27e7e9396","point_ordinal":1,"zone_group_id":"481271005168","source_manage_no":"481271005168","facility_name":"석전초등학교","sgg_code":"48127","facility_type_code":"1","api_first_registered_on":"1996-01-20","api_last_modified_on":null,"updated_at":"2026-07-25T01:27:52.347112+00:00"},"geometry":{"type":"Point","coordinates":[128.576126242,35.23158301]}},{"type":"Feature","id":"32c46bcc6c2404887a46be2c821beb9460963776d7e397b8374a87c535cb0964-1","properties":{"facility_id":"32c46bcc6c2404887a46be2c821beb9460963776d7e397b8374a87c535cb0964","point_ordinal":1,"zone_group_id":"481271005168","source_manage_no":"481271005169","facility_name":"석전초등학교 병설유치원","sgg_code":"48127","facility_type_code":"1","api_first_registered_on":"1996-01-20","api_last_modified_on":null,"updated_at":"2026-07-25T01:27:52.347112+00:00"},"geometry":{"type":"Point","coordinates":[128.576117178,35.231540319]}},{"type":"Feature","id":"521388f88321040d3371540fd45aa8ab338515eaf911ac2d43a7a368ea3acb25-1","properties":{"facility_id":"521388f88321040d3371540fd45aa8ab338515eaf911ac2d43a7a368ea3acb25","point_ordinal":1,"zone_group_id":"481271005149","source_manage_no":"481271005149","facility_name":"석화유치원","sgg_code":"48127","facility_type_code":"1","api_first_registered_on":"2009-12-17","api_last_modified_on":null,"updated_at":"2026-07-25T01:27:52.347112+00:00"},"geometry":{"type":"Point","coordinates":[128.603747203,35.249640121]}},{"type":"Feature","id":"6f64475c978fc878066f751cfa8e782148c4152dd13a5b1a6509362ac82eda26-1","properties":{"facility_id":"6f64475c978fc878066f751cfa8e782148c4152dd13a5b1a6509362ac82eda26","point_ordinal":1,"zone_group_id":"481271005174","source_manage_no":"481271005173","facility_name":"세화유치원","sgg_code":"48127","facility_type_code":"1","api_first_registered_on":"2009-12-17","api_last_modified_on":null,"updated_at":"2026-07-25T01:27:52.347112+00:00"},"geometry":{"type":"Point","coordinates":[128.586747895,35.231860095]}},{"type":"Feature","id":"a7f53d0c54261563859c36a43ac9e5f4c1c70cb1040c60a1be84abfd8130def4-1","properties":{"facility_id":"a7f53d0c54261563859c36a43ac9e5f4c1c70cb1040c60a1be84abfd8130def4","point_ordinal":1,"zone_group_id":"481271005147","source_manage_no":"481271005150","facility_name":"소명유치원","sgg_code":"48127","facility_type_code":"1","api_first_registered_on":"2009-12-17","api_last_modified_on":null,"updated_at":"2026-07-25T01:27:52.347112+00:00"},"geometry":{"type":"Point","coordinates":[128.595501158,35.259263537]}},{"type":"Feature","id":"627ac10f7ecb3f5a3deeee4428ddebe29bbd595f5f204b0270c19a6fa7128d1f-1","properties":{"facility_id":"627ac10f7ecb3f5a3deeee4428ddebe29bbd595f5f204b0270c19a6fa7128d1f","point_ordinal":1,"zone_group_id":"481271005172","source_manage_no":"481271021297","facility_name":"솔빛길유치원","sgg_code":"48127","facility_type_code":"1","api_first_registered_on":null,"api_last_modified_on":null,"updated_at":"2026-07-25T01:27:52.347112+00:00"},"geometry":{"type":"Point","coordinates":[128.581393025,35.22478088]}},{"type":"Feature","id":"70ceeb9ff22bf74556be851ea7d7fd734425926f37fde78f052640600d7366d5-1","properties":{"facility_id":"70ceeb9ff22bf74556be851ea7d7fd734425926f37fde78f052640600d7366d5","point_ordinal":1,"zone_group_id":"481271005164","source_manage_no":"481271005164","facility_name":"숲속유치원","sgg_code":"48127","facility_type_code":"1","api_first_registered_on":"2009-12-17","api_last_modified_on":null,"updated_at":"2026-07-25T01:27:52.347112+00:00"},"geometry":{"type":"Point","coordinates":[128.494452904,35.230318305]}},{"type":"Feature","id":"73e2f048640b919ef7e6775d57f231dc9e6c2cd880c68a403ad613c4f06a85b6-1","properties":{"facility_id":"73e2f048640b919ef7e6775d57f231dc9e6c2cd880c68a403ad613c4f06a85b6","point_ordinal":1,"zone_group_id":"481271005154","source_manage_no":"481271005154","facility_name":"쏠티동산어린이집","sgg_code":"48127","facility_type_code":"1","api_first_registered_on":"2013-10-16","api_last_modified_on":null,"updated_at":"2026-07-25T01:27:52.347112+00:00"},"geometry":{"type":"Point","coordinates":[128.50278137,35.243612226]}},{"type":"Feature","id":"467f460aeee483febc1a53e422841a946c418f8fcfcef4ec44070a8375e0889e-1","properties":{"facility_id":"467f460aeee483febc1a53e422841a946c418f8fcfcef4ec44070a8375e0889e","point_ordinal":1,"zone_group_id":"481271005165","source_manage_no":"481271005165","facility_name":"안계초등학교","sgg_code":"48127","facility_type_code":"1","api_first_registered_on":"2003-12-20","api_last_modified_on":null,"updated_at":"2026-07-25T01:27:52.347112+00:00"},"geometry":{"type":"Point","coordinates":[128.493964605,35.230827248]}},{"type":"Feature","id":"4c47f208dcb03c5d53405ab4d6ea3bbea89cf3e245a28391d26981d0582ffe09-1","properties":{"facility_id":"4c47f208dcb03c5d53405ab4d6ea3bbea89cf3e245a28391d26981d0582ffe09","point_ordinal":1,"zone_group_id":"481271005174","source_manage_no":"481271005174","facility_name":"양덕초등학교","sgg_code":"48127","facility_type_code":"1","api_first_registered_on":"1996-01-28","api_last_modified_on":null,"updated_at":"2026-07-25T01:27:52.347112+00:00"},"geometry":{"type":"Point","coordinates":[128.587964888,35.232885583]}},{"type":"Feature","id":"d262762c2904dd1a25ac87f179adc3f3219ea0bd183dc8624c2ae1d66cd1f4e5-1","properties":{"facility_id":"d262762c2904dd1a25ac87f179adc3f3219ea0bd183dc8624c2ae1d66cd1f4e5","point_ordinal":1,"zone_group_id":"481271005174","source_manage_no":"481271005175","facility_name":"양덕초등학교 병설유치원","sgg_code":"48127","facility_type_code":"1","api_first_registered_on":"1996-01-28","api_last_modified_on":null,"updated_at":"2026-07-25T01:27:52.347112+00:00"},"geometry":{"type":"Point","coordinates":[128.587889249,35.232949662]}},{"type":"Feature","id":"7d2e50d77787c03efe38c839b96031c7dc2843d97868af806c556b11ac74574b-1","properties":{"facility_id":"7d2e50d77787c03efe38c839b96031c7dc2843d97868af806c556b11ac74574b","point_ordinal":1,"zone_group_id":"481271005198","source_manage_no":"481271005198","facility_name":"이화유치원","sgg_code":"48127","facility_type_code":"1","api_first_registered_on":"1998-06-30","api_last_modified_on":null,"updated_at":"2026-07-25T01:27:52.347112+00:00"},"geometry":{"type":"Point","coordinates":[128.565539637,35.220994341]}},{"type":"Feature","id":"a6d5ef7b9ab6550ea9ead6fc924b6eb18f5d0bb9b48c2da57cad8fb3a117b62c-1","properties":{"facility_id":"a6d5ef7b9ab6550ea9ead6fc924b6eb18f5d0bb9b48c2da57cad8fb3a117b62c","point_ordinal":1,"zone_group_id":"481271005170","source_manage_no":"481271005170","facility_name":"전안초등학교","sgg_code":"48127","facility_type_code":"1","api_first_registered_on":"2010-03-02","api_last_modified_on":null,"updated_at":"2026-07-25T01:27:52.347112+00:00"},"geometry":{"type":"Point","coordinates":[128.502579513,35.218277164]}},{"type":"Feature","id":"b712216bd8ba5030548f90ce6349f703641e39fb5803c06222d4d9139cfadb3c-1","properties":{"facility_id":"b712216bd8ba5030548f90ce6349f703641e39fb5803c06222d4d9139cfadb3c","point_ordinal":1,"zone_group_id":"481271005179","source_manage_no":"481271005179","facility_name":"중리초등학교","sgg_code":"48127","facility_type_code":"1","api_first_registered_on":"1996-01-20","api_last_modified_on":null,"updated_at":"2026-07-25T01:27:52.347112+00:00"},"geometry":{"type":"Point","coordinates":[128.519726647,35.255697121]}},{"type":"Feature","id":"989e857f07025eaf4f858d646fb11cee735fe2268e364f34492c8fa98a140606-1","properties":{"facility_id":"989e857f07025eaf4f858d646fb11cee735fe2268e364f34492c8fa98a140606","point_ordinal":1,"zone_group_id":"481271005179","source_manage_no":"481271005180","facility_name":"중리초등학교 병설유치원","sgg_code":"48127","facility_type_code":"1","api_first_registered_on":"1996-01-20","api_last_modified_on":null,"updated_at":"2026-07-25T01:27:52.347112+00:00"},"geometry":{"type":"Point","coordinates":[128.519784233,35.255691891]}},{"type":"Feature","id":"59f08615ccc0a63231887ebbccda70a148c005220dd6c721f7b9568f23136192-1","properties":{"facility_id":"59f08615ccc0a63231887ebbccda70a148c005220dd6c721f7b9568f23136192","point_ordinal":1,"zone_group_id":"481271005193","source_manage_no":"481271005193","facility_name":"지예슬유치원","sgg_code":"48127","facility_type_code":"1","api_first_registered_on":"1998-06-30","api_last_modified_on":null,"updated_at":"2026-07-25T01:27:52.347112+00:00"},"geometry":{"type":"Point","coordinates":[128.565275578,35.232736249]}},{"type":"Feature","id":"51bd603b359de7420ab9805bfd44189de5f132a07747ca21acdcb616b6a1bd70-1","properties":{"facility_id":"51bd603b359de7420ab9805bfd44189de5f132a07747ca21acdcb616b6a1bd70","point_ordinal":1,"zone_group_id":"481271005153","source_manage_no":"481271005153","facility_name":"천사유치원","sgg_code":"48127","facility_type_code":"1","api_first_registered_on":"2010-12-15","api_last_modified_on":null,"updated_at":"2026-07-25T01:27:52.347112+00:00"},"geometry":{"type":"Point","coordinates":[128.594425842,35.249598555]}},{"type":"Feature","id":"a2f167c52827730a98bb70e4e516e188400e8e0194f6ba5a6a3d3586431ca955-1","properties":{"facility_id":"a2f167c52827730a98bb70e4e516e188400e8e0194f6ba5a6a3d3586431ca955","point_ordinal":1,"zone_group_id":"481271005183","source_manage_no":"481271005183","facility_name":"팔룡초등학교","sgg_code":"48127","facility_type_code":"1","api_first_registered_on":"1995-05-10","api_last_modified_on":null,"updated_at":"2026-07-25T01:27:52.347112+00:00"},"geometry":{"type":"Point","coordinates":[128.595327302,35.241804882]}},{"type":"Feature","id":"0006256021548abeb101e97096d0f48134c736d03db5452024838f6bf86f4e0a-1","properties":{"facility_id":"0006256021548abeb101e97096d0f48134c736d03db5452024838f6bf86f4e0a","point_ordinal":1,"zone_group_id":"481271005183","source_manage_no":"481271005184","facility_name":"팔룡초등학교 병설유치원","sgg_code":"48127","facility_type_code":"1","api_first_registered_on":"1995-05-10","api_last_modified_on":null,"updated_at":"2026-07-25T01:27:52.347112+00:00"},"geometry":{"type":"Point","coordinates":[128.595397012,35.241718346]}},{"type":"Feature","id":"db228e6503c369c548c872f50c490f3ee6c1f60ee6487b9525f6ecfdcf118e8d-1","properties":{"facility_id":"db228e6503c369c548c872f50c490f3ee6c1f60ee6487b9525f6ecfdcf118e8d","point_ordinal":1,"zone_group_id":"481271005185","source_manage_no":"481271005185","facility_name":"합성초등학교","sgg_code":"48127","facility_type_code":"1","api_first_registered_on":"1996-06-01","api_last_modified_on":null,"updated_at":"2026-07-25T01:27:52.347112+00:00"},"geometry":{"type":"Point","coordinates":[128.58266563,35.242211609]}},{"type":"Feature","id":"1d3ac3957e9c9e6c0157b0156f7ff5ed4da0ef8a9278b90d82253aa8660917f7-1","properties":{"facility_id":"1d3ac3957e9c9e6c0157b0156f7ff5ed4da0ef8a9278b90d82253aa8660917f7","point_ordinal":1,"zone_group_id":"481271005185","source_manage_no":"481271005186","facility_name":"합성초등학교 병설유치원","sgg_code":"48127","facility_type_code":"1","api_first_registered_on":"1996-06-01","api_last_modified_on":null,"updated_at":"2026-07-25T01:27:52.347112+00:00"},"geometry":{"type":"Point","coordinates":[128.582658356,35.242261272]}},{"type":"Feature","id":"3ff6456835ca0e2294a87f52cec1979291f2338728592605bc74d7692c7ef8a9-1","properties":{"facility_id":"3ff6456835ca0e2294a87f52cec1979291f2338728592605bc74d7692c7ef8a9","point_ordinal":1,"zone_group_id":"481272024035","source_manage_no":"481272024035","facility_name":"호계마을회관","sgg_code":"48127","facility_type_code":"2","api_first_registered_on":"2019-07-11","api_last_modified_on":null,"updated_at":"2026-07-25T01:27:52.347112+00:00"},"geometry":{"type":"Point","coordinates":[128.519708535,35.266095414]}},{"type":"Feature","id":"5cd00c41ddd715272e3ae46a5e74470aa80a11d4770fde8791df00418b0a16a2-1","properties":{"facility_id":"5cd00c41ddd715272e3ae46a5e74470aa80a11d4770fde8791df00418b0a16a2","point_ordinal":1,"zone_group_id":"481271005188","source_manage_no":"481271005188","facility_name":"호계초등학교","sgg_code":"48127","facility_type_code":"1","api_first_registered_on":"2003-12-20","api_last_modified_on":null,"updated_at":"2026-07-25T01:27:52.347112+00:00"},"geometry":{"type":"Point","coordinates":[128.522918983,35.265924263]}},{"type":"Feature","id":"2db29d167f4a64259323505323b1b0fead5472a2aae981b7f31b6028b80f762c-1","properties":{"facility_id":"2db29d167f4a64259323505323b1b0fead5472a2aae981b7f31b6028b80f762c","point_ordinal":1,"zone_group_id":"481271005188","source_manage_no":"481271005189","facility_name":"호계초등학교 병설유치원","sgg_code":"48127","facility_type_code":"1","api_first_registered_on":"2003-12-20","api_last_modified_on":null,"updated_at":"2026-07-25T01:27:52.347112+00:00"},"geometry":{"type":"Point","coordinates":[128.522911713,35.265976175]}},{"type":"Feature","id":"4c2a51be6715ff053f4fea20499a1a5ff8e02bfed755926dee6e0372de7ea167-1","properties":{"facility_id":"4c2a51be6715ff053f4fea20499a1a5ff8e02bfed755926dee6e0372de7ea167","point_ordinal":1,"zone_group_id":"481271005199","source_manage_no":"481271005199","facility_name":"회원초등학교","sgg_code":"48127","facility_type_code":"1","api_first_registered_on":"1996-01-20","api_last_modified_on":null,"updated_at":"2026-07-25T01:27:52.347112+00:00"},"geometry":{"type":"Point","coordinates":[128.566920912,35.218633399]}},{"type":"Feature","id":"55192ec56dcd23f65d69f4781f475771449a57693b8559357a3c452e2e0074b4-1","properties":{"facility_id":"55192ec56dcd23f65d69f4781f475771449a57693b8559357a3c452e2e0074b4","point_ordinal":1,"zone_group_id":"481271005199","source_manage_no":"481271005200","facility_name":"회원초등학교 병설유치원","sgg_code":"48127","facility_type_code":"1","api_first_registered_on":"1996-01-20","api_last_modified_on":null,"updated_at":"2026-07-25T01:27:52.347112+00:00"},"geometry":{"type":"Point","coordinates":[128.566936602,35.21859264]}},{"type":"Feature","id":"10594dd2de1ddc5b43df1901698735692c068796b84334e3b961d7ee26639d8d-1","properties":{"facility_id":"10594dd2de1ddc5b43df1901698735692c068796b84334e3b961d7ee26639d8d","point_ordinal":1,"zone_group_id":"481291020952","source_manage_no":"481291020952","facility_name":"가온유치원","sgg_code":"48129","facility_type_code":"1","api_first_registered_on":"2019-05-01","api_last_modified_on":null,"updated_at":"2026-07-25T01:27:52.347112+00:00"},"geometry":{"type":"Point","coordinates":[128.680249714,35.159520598]}},{"type":"Feature","id":"54b4e4a46ee70e76190153d341bd00f317fd1c4f4f7466b9d30331a9d1dd4d2a-1","properties":{"facility_id":"54b4e4a46ee70e76190153d341bd00f317fd1c4f4f7466b9d30331a9d1dd4d2a","point_ordinal":1,"zone_group_id":"481291005718","source_manage_no":"481291005718","facility_name":"경화어린이집","sgg_code":"48129","facility_type_code":"1","api_first_registered_on":"2010-12-20","api_last_modified_on":null,"updated_at":"2026-07-25T01:27:52.347112+00:00"},"geometry":{"type":"Point","coordinates":[128.683032632,35.156760459]}},{"type":"Feature","id":"c4e547c1feddc2715f6d0d386c599ef21cc496ae1ae499bad4cf3f05019fe817-1","properties":{"facility_id":"c4e547c1feddc2715f6d0d386c599ef21cc496ae1ae499bad4cf3f05019fe817","point_ordinal":1,"zone_group_id":"481291005720","source_manage_no":"481291005720","facility_name":"경화초등학교","sgg_code":"48129","facility_type_code":"1","api_first_registered_on":"1996-02-02","api_last_modified_on":null,"updated_at":"2026-07-25T01:27:52.347112+00:00"},"geometry":{"type":"Point","coordinates":[128.686557533,35.156807134]}},{"type":"Feature","id":"f0af597d199b0010f9d3ee8d600ad66995bb878111842a2e12e6884d45d8a038-1","properties":{"facility_id":"f0af597d199b0010f9d3ee8d600ad66995bb878111842a2e12e6884d45d8a038","point_ordinal":1,"zone_group_id":"481291005720","source_manage_no":"481291005719","facility_name":"경화초등학교 병설유치원","sgg_code":"48129","facility_type_code":"1","api_first_registered_on":"1996-02-02","api_last_modified_on":null,"updated_at":"2026-07-25T01:27:52.347112+00:00"},"geometry":{"type":"Point","coordinates":[128.686552978,35.156852259]}},{"type":"Feature","id":"f3ed14b135b486f620433d85ec6be0802c58d80b9d6e66cb78c5594529dc30c4-1","properties":{"facility_id":"f3ed14b135b486f620433d85ec6be0802c58d80b9d6e66cb78c5594529dc30c4","point_ordinal":1,"zone_group_id":"481291020953","source_manage_no":"481291020953","facility_name":"곰내유치원","sgg_code":"48129","facility_type_code":"1","api_first_registered_on":"2020-03-19","api_last_modified_on":null,"updated_at":"2026-07-25T01:27:52.347112+00:00"},"geometry":{"type":"Point","coordinates":[128.749763713,35.113479583]}},{"type":"Feature","id":"d2f41baa59cc49df1065254c2ea1a41cacda1f9aa18c374002f42e9e42530ae5-1","properties":{"facility_id":"d2f41baa59cc49df1065254c2ea1a41cacda1f9aa18c374002f42e9e42530ae5","point_ordinal":1,"zone_group_id":"481291005725","source_manage_no":"481291005725","facility_name":"국제유치원","sgg_code":"48129","facility_type_code":"1","api_first_registered_on":"2012-07-30","api_last_modified_on":null,"updated_at":"2026-07-25T01:27:52.347112+00:00"},"geometry":{"type":"Point","coordinates":[128.701933136,35.156412111]}},{"type":"Feature","id":"b4e434b8c541cf1c202515184d1023222bf7d7b1fd8fc0e6212a5447bf7c2b5c-1","properties":{"facility_id":"b4e434b8c541cf1c202515184d1023222bf7d7b1fd8fc0e6212a5447bf7c2b5c","point_ordinal":1,"zone_group_id":"481291005766","source_manage_no":"481291005766","facility_name":"글로리아유치원","sgg_code":"48129","facility_type_code":"1","api_first_registered_on":"2010-10-27","api_last_modified_on":null,"updated_at":"2026-07-25T01:27:52.347112+00:00"},"geometry":{"type":"Point","coordinates":[128.667948546,35.145302488]}},{"type":"Feature","id":"4bb26d879e224e11b6678de0d4d02c7a5456555dd86118baff4c1ca3530d30ba-1","properties":{"facility_id":"4bb26d879e224e11b6678de0d4d02c7a5456555dd86118baff4c1ca3530d30ba","point_ordinal":1,"zone_group_id":"481291005742","source_manage_no":"481291005742","facility_name":"꽃숲유치원","sgg_code":"48129","facility_type_code":"1","api_first_registered_on":"2010-10-27","api_last_modified_on":null,"updated_at":"2026-07-25T01:27:52.347112+00:00"},"geometry":{"type":"Point","coordinates":[128.696721552,35.152893156]}},{"type":"Feature","id":"29eadffeba1c3ac681465b550f0e53df6b7a9db13d5253d722e34e701a1e7dbd-1","properties":{"facility_id":"29eadffeba1c3ac681465b550f0e53df6b7a9db13d5253d722e34e701a1e7dbd","point_ordinal":1,"zone_group_id":"481291005734","source_manage_no":"481291005734","facility_name":"대야초등학교","sgg_code":"48129","facility_type_code":"1","api_first_registered_on":"1996-02-02","api_last_modified_on":null,"updated_at":"2026-07-25T01:27:52.347112+00:00"},"geometry":{"type":"Point","coordinates":[128.663121197,35.158779207]}},{"type":"Feature","id":"8d5c32033b41487db651238baf949f096c798c031c388c39e8d3f75924143ea8-1","properties":{"facility_id":"8d5c32033b41487db651238baf949f096c798c031c388c39e8d3f75924143ea8","point_ordinal":1,"zone_group_id":"481291005734","source_manage_no":"481291005733","facility_name":"대야초등학교병설","sgg_code":"48129","facility_type_code":"1","api_first_registered_on":"1996-02-02","api_last_modified_on":null,"updated_at":"2026-07-25T01:27:52.347112+00:00"},"geometry":{"type":"Point","coordinates":[128.663145056,35.158738324]}},{"type":"Feature","id":"6cfb8f42f757284cf0c0539960cabda5f6756059f6667c12be485ea792f4a1e4-1","properties":{"facility_id":"6cfb8f42f757284cf0c0539960cabda5f6756059f6667c12be485ea792f4a1e4","point_ordinal":1,"zone_group_id":"481292005716","source_manage_no":"481292005716","facility_name":"대한노인회 창원시진해지회","sgg_code":"48129","facility_type_code":"2","api_first_registered_on":"2011-12-29","api_last_modified_on":null,"updated_at":"2026-07-25T01:27:52.347112+00:00"},"geometry":{"type":"Point","coordinates":[128.689731883,35.153890704]}},{"type":"Feature","id":"558b77cee0e4958a7ba644fc77a5d805d199f61835589c7697a5db9ed0f9cece-1","properties":{"facility_id":"558b77cee0e4958a7ba644fc77a5d805d199f61835589c7697a5db9ed0f9cece","point_ordinal":1,"zone_group_id":"481291005748","source_manage_no":"481291005748","facility_name":"덕산초등학교","sgg_code":"48129","facility_type_code":"1","api_first_registered_on":"1996-02-02","api_last_modified_on":null,"updated_at":"2026-07-25T01:27:52.347112+00:00"},"geometry":{"type":"Point","coordinates":[128.70504157,35.144596613]}},{"type":"Feature","id":"ec37f5d217affa7395472ebff6b3c205c2a541e029a1bc183b3e633f1e92c588-1","properties":{"facility_id":"ec37f5d217affa7395472ebff6b3c205c2a541e029a1bc183b3e633f1e92c588","point_ordinal":1,"zone_group_id":"481291005748","source_manage_no":"481291005747","facility_name":"덕산초등학교 병설유치원","sgg_code":"48129","facility_type_code":"1","api_first_registered_on":"1996-02-02","api_last_modified_on":null,"updated_at":"2026-07-25T01:27:52.347112+00:00"},"geometry":{"type":"Point","coordinates":[128.705048716,35.144544692]}},{"type":"Feature","id":"a8dac108aed9bccdb4788e2891de96c38483d12144730a08722dc130b1811fe2-1","properties":{"facility_id":"a8dac108aed9bccdb4788e2891de96c38483d12144730a08722dc130b1811fe2","point_ordinal":1,"zone_group_id":"481291005722","source_manage_no":"481291005722","facility_name":"도천초등학교","sgg_code":"48129","facility_type_code":"1","api_first_registered_on":"2002-04-30","api_last_modified_on":null,"updated_at":"2026-07-25T01:27:52.347112+00:00"},"geometry":{"type":"Point","coordinates":[128.653215506,35.152206064]}},{"type":"Feature","id":"265d626ad0434acf8114b9ec2939890a357a0df8a18e14fa85d4d6cf6cba5ec6-1","properties":{"facility_id":"265d626ad0434acf8114b9ec2939890a357a0df8a18e14fa85d4d6cf6cba5ec6","point_ordinal":1,"zone_group_id":"481291005722","source_manage_no":"481291005721","facility_name":"도천초등학교 병설유치원","sgg_code":"48129","facility_type_code":"1","api_first_registered_on":"2002-04-30","api_last_modified_on":null,"updated_at":"2026-07-25T01:27:52.347112+00:00"},"geometry":{"type":"Point","coordinates":[128.653232736,35.152244131]}},{"type":"Feature","id":"437219249681345ca853be977054974dbed2e1bad7ac306bdae500460ba0cd5c-1","properties":{"facility_id":"437219249681345ca853be977054974dbed2e1bad7ac306bdae500460ba0cd5c","point_ordinal":1,"zone_group_id":"481291005743","source_manage_no":"481291005743","facility_name":"동부유치원","sgg_code":"48129","facility_type_code":"1","api_first_registered_on":"2015-01-01","api_last_modified_on":null,"updated_at":"2026-07-25T01:27:52.347112+00:00"},"geometry":{"type":"Point","coordinates":[128.700468259,35.149366684]}},{"type":"Feature","id":"b5b770dad892fc77a1b0dd2efef3b16019926f817b077dee75741fa4763c40f2-1","properties":{"facility_id":"b5b770dad892fc77a1b0dd2efef3b16019926f817b077dee75741fa4763c40f2","point_ordinal":1,"zone_group_id":"481291005727","source_manage_no":"481291005727","facility_name":"동부초등학교","sgg_code":"48129","facility_type_code":"1","api_first_registered_on":"1996-02-02","api_last_modified_on":null,"updated_at":"2026-07-25T01:27:52.347112+00:00"},"geometry":{"type":"Point","coordinates":[128.702236512,35.154457053]}},{"type":"Feature","id":"c82c18c335c419e817fae1319ca65eb6184458cfdd41db505ab996030602d9b9-1","properties":{"facility_id":"c82c18c335c419e817fae1319ca65eb6184458cfdd41db505ab996030602d9b9","point_ordinal":1,"zone_group_id":"481291005727","source_manage_no":"481291005726","facility_name":"동부초등학교 병설유치원","sgg_code":"48129","facility_type_code":"1","api_first_registered_on":"1996-02-02","api_last_modified_on":null,"updated_at":"2026-07-25T01:27:52.347112+00:00"},"geometry":{"type":"Point","coordinates":[128.702286957,35.154508164]}},{"type":"Feature","id":"960c74e4226c8438493e291762fae4b8f44bc87aa6702d7c6b984fed509f2e1a-1","properties":{"facility_id":"960c74e4226c8438493e291762fae4b8f44bc87aa6702d7c6b984fed509f2e1a","point_ordinal":1,"zone_group_id":"481291005737","source_manage_no":"481291005737","facility_name":"뜰에유치원","sgg_code":"48129","facility_type_code":"1","api_first_registered_on":"2010-10-27","api_last_modified_on":null,"updated_at":"2026-07-25T01:27:52.347112+00:00"},"geometry":{"type":"Point","coordinates":[128.815027711,35.10401483]}},{"type":"Feature","id":"74418f80711da67d751aa1a4335ea20105dd7853bcb1cbb4fccd062ea07bd1c1-1","properties":{"facility_id":"74418f80711da67d751aa1a4335ea20105dd7853bcb1cbb4fccd062ea07bd1c1","point_ordinal":1,"zone_group_id":"481291020724","source_manage_no":"481291020724","facility_name":"바다마을해군어린이집","sgg_code":"48129","facility_type_code":"1","api_first_registered_on":"2020-06-18","api_last_modified_on":null,"updated_at":"2026-07-25T01:27:52.347112+00:00"},"geometry":{"type":"Point","coordinates":[128.704193277,35.133565116]}},{"type":"Feature","id":"4f2f5f720b69e9455e22eac26329724658e9d0b63b2f20ac6cbd5e8038c6efe1-1","properties":{"facility_id":"4f2f5f720b69e9455e22eac26329724658e9d0b63b2f20ac6cbd5e8038c6efe1","point_ordinal":1,"zone_group_id":"481291005729","source_manage_no":"481291005729","facility_name":"석동초등학교","sgg_code":"48129","facility_type_code":"1","api_first_registered_on":"2004-04-20","api_last_modified_on":null,"updated_at":"2026-07-25T01:27:52.347112+00:00"},"geometry":{"type":"Point","coordinates":[128.707116193,35.157424829]}},{"type":"Feature","id":"3e6ba3e06b54916dedc8c77d07d556544b1e72fe7e4802f86d3878699fa41ef8-1","properties":{"facility_id":"3e6ba3e06b54916dedc8c77d07d556544b1e72fe7e4802f86d3878699fa41ef8","point_ordinal":1,"zone_group_id":"481291005729","source_manage_no":"481291005728","facility_name":"석동초등학교 병설유치원","sgg_code":"48129","facility_type_code":"1","api_first_registered_on":"2004-04-20","api_last_modified_on":null,"updated_at":"2026-07-25T01:27:52.347112+00:00"},"geometry":{"type":"Point","coordinates":[128.707185512,35.157459901]}},{"type":"Feature","id":"18a0c0f55ede687679f30f455274d03013b662eac6319aa5256d1aef63ab3c07-1","properties":{"facility_id":"18a0c0f55ede687679f30f455274d03013b662eac6319aa5256d1aef63ab3c07","point_ordinal":1,"zone_group_id":"481291020744","source_manage_no":"481291020744","facility_name":"성심유치원","sgg_code":"48129","facility_type_code":"1","api_first_registered_on":null,"api_last_modified_on":null,"updated_at":"2026-07-25T01:27:52.347112+00:00"},"geometry":{"type":"Point","coordinates":[128.661708918,35.150224686]}},{"type":"Feature","id":"e537c4f1f1397999b0ca3afbc4e7696d5e477cef0459d6bd5f8f111860fc48c9-1","properties":{"facility_id":"e537c4f1f1397999b0ca3afbc4e7696d5e477cef0459d6bd5f8f111860fc48c9","point_ordinal":1,"zone_group_id":"481291005748","source_manage_no":"481291020743","facility_name":"아이세움어린이집","sgg_code":"48129","facility_type_code":"1","api_first_registered_on":"2017-11-24","api_last_modified_on":null,"updated_at":"2026-07-25T01:27:52.347112+00:00"},"geometry":{"type":"Point","coordinates":[128.70507692,35.1421788]}},{"type":"Feature","id":"ba9e30438c97eccd6c1bc33324b47a0e749cb772d57c21f698e95d5826f5ca67-1","properties":{"facility_id":"ba9e30438c97eccd6c1bc33324b47a0e749cb772d57c21f698e95d5826f5ca67","point_ordinal":1,"zone_group_id":"481291005761","source_manage_no":"481291005761","facility_name":"안골포초등학교","sgg_code":"48129","facility_type_code":"1","api_first_registered_on":"2004-10-07","api_last_modified_on":null,"updated_at":"2026-07-25T01:27:52.347112+00:00"},"geometry":{"type":"Point","coordinates":[128.80559345,35.104098777]}},{"type":"Feature","id":"e14185ae9b13b46648082e010e4b86ecd31e930ef6031f20cff97ca7cbfe8e98-1","properties":{"facility_id":"e14185ae9b13b46648082e010e4b86ecd31e930ef6031f20cff97ca7cbfe8e98","point_ordinal":1,"zone_group_id":"481291005762","source_manage_no":"481291005762","facility_name":"안청초등학교","sgg_code":"48129","facility_type_code":"1","api_first_registered_on":"2002-04-30","api_last_modified_on":null,"updated_at":"2026-07-25T01:27:52.347112+00:00"},"geometry":{"type":"Point","coordinates":[128.807372911,35.099418074]}},{"type":"Feature","id":"a09576f8a1a677d0d5dcf675fc5f08b882891678b47eb3e5a0dad8601994b128-1","properties":{"facility_id":"a09576f8a1a677d0d5dcf675fc5f08b882891678b47eb3e5a0dad8601994b128","point_ordinal":1,"zone_group_id":"481291005744","source_manage_no":"481291005744","facility_name":"어깨동무유치원","sgg_code":"48129","facility_type_code":"1","api_first_registered_on":"2012-07-30","api_last_modified_on":null,"updated_at":"2026-07-25T01:27:52.347112+00:00"},"geometry":{"type":"Point","coordinates":[128.694868995,35.150080245]}},{"type":"Feature","id":"d7e582eac68b789252e8e1b6e37d9b65140b42794d87d4fa8cbe6dca1db39e0b-1","properties":{"facility_id":"d7e582eac68b789252e8e1b6e37d9b65140b42794d87d4fa8cbe6dca1db39e0b","point_ordinal":1,"zone_group_id":"481292005715","source_manage_no":"481292005715","facility_name":"여명경로당","sgg_code":"48129","facility_type_code":"2","api_first_registered_on":"2014-11-21","api_last_modified_on":null,"updated_at":"2026-07-25T01:27:52.347112+00:00"},"geometry":{"type":"Point","coordinates":[128.658395135,35.157476434]}},{"type":"Feature","id":"440119b25aa82880b0b5230bed15c2b93993a3d3db5a3258ef42ce25c73bc863-1","properties":{"facility_id":"440119b25aa82880b0b5230bed15c2b93993a3d3db5a3258ef42ce25c73bc863","point_ordinal":1,"zone_group_id":"481291005736","source_manage_no":"481291005736","facility_name":"여좌어린이집","sgg_code":"48129","facility_type_code":"1","api_first_registered_on":"2010-12-20","api_last_modified_on":null,"updated_at":"2026-07-25T01:27:52.347112+00:00"},"geometry":{"type":"Point","coordinates":[128.660278822,35.157918253]}},{"type":"Feature","id":"da90d10a2154c43ea8153c229183b2521e09ee5476229d6dfa2dd80cf9515fe7-1","properties":{"facility_id":"da90d10a2154c43ea8153c229183b2521e09ee5476229d6dfa2dd80cf9515fe7","point_ordinal":1,"zone_group_id":"481291005738","source_manage_no":"481291005738","facility_name":"용원어린이집","sgg_code":"48129","facility_type_code":"1","api_first_registered_on":"2012-07-30","api_last_modified_on":null,"updated_at":"2026-07-25T01:27:52.347112+00:00"},"geometry":{"type":"Point","coordinates":[128.819391704,35.096357503]}},{"type":"Feature","id":"a186559b320f27fbfdb01333264caadcc8f6da217eefb334d435dea8676d50af-1","properties":{"facility_id":"a186559b320f27fbfdb01333264caadcc8f6da217eefb334d435dea8676d50af","point_ordinal":1,"zone_group_id":"481291005739","source_manage_no":"481291005739","facility_name":"용원초등학교","sgg_code":"48129","facility_type_code":"1","api_first_registered_on":"2001-01-02","api_last_modified_on":null,"updated_at":"2026-07-25T01:27:52.347112+00:00"},"geometry":{"type":"Point","coordinates":[128.817319601,35.097804641]}},{"type":"Feature","id":"0b56192e94661825d8ad5635a918e431b3d16c0ca4899664f9ad5bfb90369ba9-1","properties":{"facility_id":"0b56192e94661825d8ad5635a918e431b3d16c0ca4899664f9ad5bfb90369ba9","point_ordinal":1,"zone_group_id":"481291005724","source_manage_no":"481291005724","facility_name":"웅동초등학교","sgg_code":"48129","facility_type_code":"1","api_first_registered_on":"2004-04-20","api_last_modified_on":null,"updated_at":"2026-07-25T01:27:52.347112+00:00"},"geometry":{"type":"Point","coordinates":[128.783844958,35.126856831]}},{"type":"Feature","id":"e0f773e7c96f5b69303f7a095a44352fb155a38e1e8cf9d1ac6a8ed24e9f308a-1","properties":{"facility_id":"e0f773e7c96f5b69303f7a095a44352fb155a38e1e8cf9d1ac6a8ed24e9f308a","point_ordinal":1,"zone_group_id":"481291005724","source_manage_no":"481291005723","facility_name":"웅동초등학교 병설유치원","sgg_code":"48129","facility_type_code":"1","api_first_registered_on":"2004-04-20","api_last_modified_on":null,"updated_at":"2026-07-25T01:27:52.347112+00:00"},"geometry":{"type":"Point","coordinates":[128.783909338,35.126916716]}},{"type":"Feature","id":"93c6afc9c99be54cc49dbcd1aeecdd9af3f400b9a5931d5e7ccaedce58e5ec9e-1","properties":{"facility_id":"93c6afc9c99be54cc49dbcd1aeecdd9af3f400b9a5931d5e7ccaedce58e5ec9e","point_ordinal":1,"zone_group_id":"481291005731","source_manage_no":"481291005731","facility_name":"웅천초등학교","sgg_code":"48129","facility_type_code":"1","api_first_registered_on":"1996-02-02","api_last_modified_on":null,"updated_at":"2026-07-25T01:27:52.347112+00:00"},"geometry":{"type":"Point","coordinates":[128.755284643,35.103667646]}},{"type":"Feature","id":"00ca1899c4132bb36a93436ab5e824cd2b871c82d22a13ee702b34dabd7c2c84-1","properties":{"facility_id":"00ca1899c4132bb36a93436ab5e824cd2b871c82d22a13ee702b34dabd7c2c84","point_ordinal":1,"zone_group_id":"481291005731","source_manage_no":"481291005730","facility_name":"웅천초등학교 병설유치원","sgg_code":"48129","facility_type_code":"1","api_first_registered_on":"1996-02-02","api_last_modified_on":null,"updated_at":"2026-07-25T01:27:52.347112+00:00"},"geometry":{"type":"Point","coordinates":[128.755276761,35.103712483]}},{"type":"Feature","id":"fa6c4c2a242fec542f339441e468fa7f48d4d27eeec0e05146d405e76bbb1cd2-1","properties":{"facility_id":"fa6c4c2a242fec542f339441e468fa7f48d4d27eeec0e05146d405e76bbb1cd2","point_ordinal":1,"zone_group_id":"481291005752","source_manage_no":"481291005750","facility_name":"은혜어린이집","sgg_code":"48129","facility_type_code":"1","api_first_registered_on":"2010-12-20","api_last_modified_on":null,"updated_at":"2026-07-25T01:27:52.347112+00:00"},"geometry":{"type":"Point","coordinates":[128.709995409,35.148514519]}},{"type":"Feature","id":"2b7d4993fb51811ca53e09c760f466819f7ad394d68e345ba22bff19d18d4c88-1","properties":{"facility_id":"2b7d4993fb51811ca53e09c760f466819f7ad394d68e345ba22bff19d18d4c88","point_ordinal":1,"zone_group_id":"481291005763","source_manage_no":"481291005763","facility_name":"이삭유치원","sgg_code":"48129","facility_type_code":"1","api_first_registered_on":"2015-01-01","api_last_modified_on":null,"updated_at":"2026-07-25T01:27:52.347112+00:00"},"geometry":{"type":"Point","coordinates":[128.800499177,35.100429726]}},{"type":"Feature","id":"1f2038e7fc1f43f913e44cf42b7ec82ef7cbcb9162612c2591e2ed9c697dc823-1","properties":{"facility_id":"1f2038e7fc1f43f913e44cf42b7ec82ef7cbcb9162612c2591e2ed9c697dc823","point_ordinal":1,"zone_group_id":"481291005752","source_manage_no":"481291005752","facility_name":"자은초등학교","sgg_code":"48129","facility_type_code":"1","api_first_registered_on":"2002-04-30","api_last_modified_on":null,"updated_at":"2026-07-25T01:27:52.347112+00:00"},"geometry":{"type":"Point","coordinates":[128.710871338,35.149100859]}},{"type":"Feature","id":"9c2fb956c828ccb98861c023ff7f26068bea7d48f937df47cd14eb4cac97e9ab-1","properties":{"facility_id":"9c2fb956c828ccb98861c023ff7f26068bea7d48f937df47cd14eb4cac97e9ab","point_ordinal":1,"zone_group_id":"481291005752","source_manage_no":"481291005751","facility_name":"자은초등학교 병설유치원","sgg_code":"48129","facility_type_code":"1","api_first_registered_on":"2002-04-30","api_last_modified_on":null,"updated_at":"2026-07-25T01:27:52.347112+00:00"},"geometry":{"type":"Point","coordinates":[128.710869586,35.149148198]}},{"type":"Feature","id":"14d43a18471df6d41e8485bded99752df4200339a6ca6675a5826cbdc7b99bef-1","properties":{"facility_id":"14d43a18471df6d41e8485bded99752df4200339a6ca6675a5826cbdc7b99bef","point_ordinal":1,"zone_group_id":"481291005746","source_manage_no":"481291005746","facility_name":"장복초등학교","sgg_code":"48129","facility_type_code":"1","api_first_registered_on":"2009-03-30","api_last_modified_on":null,"updated_at":"2026-07-25T01:27:52.347112+00:00"},"geometry":{"type":"Point","coordinates":[128.694551217,35.157630228]}},{"type":"Feature","id":"86997baad21edf803998c2794630dbf67a7e41a9796c6764d0e9292c59a7c629-1","properties":{"facility_id":"86997baad21edf803998c2794630dbf67a7e41a9796c6764d0e9292c59a7c629","point_ordinal":1,"zone_group_id":"481291005746","source_manage_no":"481291005745","facility_name":"장복초등학교 병설유치원","sgg_code":"48129","facility_type_code":"1","api_first_registered_on":"2009-03-30","api_last_modified_on":null,"updated_at":"2026-07-25T01:27:52.347112+00:00"},"geometry":{"type":"Point","coordinates":[128.694544424,35.157567237]}},{"type":"Feature","id":"bb18715de3ad9c97f9cb18494d7ad78292c8baf7873ae0983336853a0258d2a3-1","properties":{"facility_id":"bb18715de3ad9c97f9cb18494d7ad78292c8baf7873ae0983336853a0258d2a3","point_ordinal":1,"zone_group_id":"481291005756","source_manage_no":"481291005756","facility_name":"장천초등학교","sgg_code":"48129","facility_type_code":"1","api_first_registered_on":"2009-03-30","api_last_modified_on":null,"updated_at":"2026-07-25T01:27:52.347112+00:00"},"geometry":{"type":"Point","coordinates":[128.706729649,35.126007668]}},{"type":"Feature","id":"e56d06cb5c8f21e20ba5b16b60ede0870d12b89cdf085d0722737a0bcbb6ba33-1","properties":{"facility_id":"e56d06cb5c8f21e20ba5b16b60ede0870d12b89cdf085d0722737a0bcbb6ba33","point_ordinal":1,"zone_group_id":"481291005756","source_manage_no":"481291005755","facility_name":"장천초등학교 병설유치원","sgg_code":"48129","facility_type_code":"1","api_first_registered_on":"2009-03-30","api_last_modified_on":null,"updated_at":"2026-07-25T01:27:52.347112+00:00"},"geometry":{"type":"Point","coordinates":[128.706670368,35.12605807]}},{"type":"Feature","id":"69868f5262695fe42ab3ef40019b57568697a3004b0fbb6760eb89468ec52bd9-1","properties":{"facility_id":"69868f5262695fe42ab3ef40019b57568697a3004b0fbb6760eb89468ec52bd9","point_ordinal":1,"zone_group_id":"481291005760","source_manage_no":"481291005760","facility_name":"제황초등학교","sgg_code":"48129","facility_type_code":"1","api_first_registered_on":"2004-04-20","api_last_modified_on":null,"updated_at":"2026-07-25T01:27:52.347112+00:00"},"geometry":{"type":"Point","coordinates":[128.669355016,35.147731736]}},{"type":"Feature","id":"e341558a1509197d26ffedcb88cf036a77c286844afcd7e19acf46bd8817b3d8-1","properties":{"facility_id":"e341558a1509197d26ffedcb88cf036a77c286844afcd7e19acf46bd8817b3d8","point_ordinal":1,"zone_group_id":"481291005760","source_manage_no":"481291005759","facility_name":"제황초등학교 병설유치원","sgg_code":"48129","facility_type_code":"1","api_first_registered_on":"2004-04-20","api_last_modified_on":null,"updated_at":"2026-07-25T01:27:52.347112+00:00"},"geometry":{"type":"Point","coordinates":[128.669408941,35.147632714]}},{"type":"Feature","id":"ecd9a53f322dc44f52de1f180237af37d03d3c77668c352f33a7641c6383ea12-1","properties":{"facility_id":"ecd9a53f322dc44f52de1f180237af37d03d3c77668c352f33a7641c6383ea12","point_ordinal":1,"zone_group_id":"481291005754","source_manage_no":"481291005768","facility_name":"조이어린이집","sgg_code":"48129","facility_type_code":"1","api_first_registered_on":"2016-01-01","api_last_modified_on":null,"updated_at":"2026-07-25T01:27:52.347112+00:00"},"geometry":{"type":"Point","coordinates":[128.709957455,35.135567138]}},{"type":"Feature","id":"f18b9aeaf78e19002988b4b69fdac0e79040166e1cb9ad054bee2a368e3345eb-1","properties":{"facility_id":"f18b9aeaf78e19002988b4b69fdac0e79040166e1cb9ad054bee2a368e3345eb","point_ordinal":1,"zone_group_id":"481291005765","source_manage_no":"481291005765","facility_name":"중앙초등학교","sgg_code":"48129","facility_type_code":"1","api_first_registered_on":"1996-02-02","api_last_modified_on":null,"updated_at":"2026-07-25T01:27:52.347112+00:00"},"geometry":{"type":"Point","coordinates":[128.674812848,35.153772581]}},{"type":"Feature","id":"6fab8141a2bc6b7ec78c9f62fcd89ef6115d1718e26fcd47b67af2e6395b8c7e-1","properties":{"facility_id":"6fab8141a2bc6b7ec78c9f62fcd89ef6115d1718e26fcd47b67af2e6395b8c7e","point_ordinal":1,"zone_group_id":"481291005765","source_manage_no":"481291005764","facility_name":"중앙초등학교 병설유치원","sgg_code":"48129","facility_type_code":"1","api_first_registered_on":"1996-02-02","api_last_modified_on":null,"updated_at":"2026-07-25T01:27:52.347112+00:00"},"geometry":{"type":"Point","coordinates":[128.674811076,35.15381992]}},{"type":"Feature","id":"b507e1d7efbd453ae038b67e4589fa2e3946e817eddd230927ecb8a5f0082179-1","properties":{"facility_id":"b507e1d7efbd453ae038b67e4589fa2e3946e817eddd230927ecb8a5f0082179","point_ordinal":1,"zone_group_id":"481291005741","source_manage_no":"481291005741","facility_name":"진해근로복지공단어린이집","sgg_code":"48129","facility_type_code":"1","api_first_registered_on":"2010-12-20","api_last_modified_on":null,"updated_at":"2026-07-25T01:27:52.347112+00:00"},"geometry":{"type":"Point","coordinates":[128.69766221,35.155651938]}},{"type":"Feature","id":"19c22ce50656c4c76ad364fc95fde86ddb0eac90a85c0f10ed1c0235e9307ca8-1","properties":{"facility_id":"19c22ce50656c4c76ad364fc95fde86ddb0eac90a85c0f10ed1c0235e9307ca8","point_ordinal":1,"zone_group_id":"481291020755","source_manage_no":"481291020755","facility_name":"진해냉천초등학교","sgg_code":"48129","facility_type_code":"1","api_first_registered_on":"2016-04-14","api_last_modified_on":null,"updated_at":"2026-07-25T01:27:52.347112+00:00"},"geometry":{"type":"Point","coordinates":[128.718931184,35.15616257]}},{"type":"Feature","id":"04772a240003f656bf13d3f4c7ee5ff618d7bac09f06338a36a4904a3ae40955-1","properties":{"facility_id":"04772a240003f656bf13d3f4c7ee5ff618d7bac09f06338a36a4904a3ae40955","point_ordinal":1,"zone_group_id":"481291020755","source_manage_no":"481291021992","facility_name":"진해냉천초등학교 병설유치원","sgg_code":"48129","facility_type_code":"1","api_first_registered_on":"2016-04-14","api_last_modified_on":null,"updated_at":"2026-07-25T01:27:52.347112+00:00"},"geometry":{"type":"Point","coordinates":[128.718881249,35.156136242]}},{"type":"Feature","id":"409c260b9343f100a3e23fe7d4b3885f8598bac21a5b6dec69e74beeb411594b-1","properties":{"facility_id":"409c260b9343f100a3e23fe7d4b3885f8598bac21a5b6dec69e74beeb411594b","point_ordinal":1,"zone_group_id":"481292005767","source_manage_no":"481292005767","facility_name":"진해노인종합복지관","sgg_code":"48129","facility_type_code":"2","api_first_registered_on":"2011-12-29","api_last_modified_on":null,"updated_at":"2026-07-25T01:27:52.347112+00:00"},"geometry":{"type":"Point","coordinates":[128.71176277,35.134440062]}},{"type":"Feature","id":"8e5a8854bf8889e5008424dad6f81ddbe1d142422c34366353b173e01ff8b9a3-1","properties":{"facility_id":"8e5a8854bf8889e5008424dad6f81ddbe1d142422c34366353b173e01ff8b9a3","point_ordinal":1,"zone_group_id":"481291005735","source_manage_no":"481291005735","facility_name":"진해신항초등학교","sgg_code":"48129","facility_type_code":"1","api_first_registered_on":"2017-03-14","api_last_modified_on":null,"updated_at":"2026-07-25T01:27:52.347112+00:00"},"geometry":{"type":"Point","coordinates":[128.811047279,35.089081555]}},{"type":"Feature","id":"b097073205c611e5d69a5e5201a46f7b162eb45189fe0206811da1fa294e7d0c-1","properties":{"facility_id":"b097073205c611e5d69a5e5201a46f7b162eb45189fe0206811da1fa294e7d0c","point_ordinal":1,"zone_group_id":"481291005735","source_manage_no":"481291021993","facility_name":"진해신항초등학교 병설유치원","sgg_code":"48129","facility_type_code":"1","api_first_registered_on":"2017-03-14","api_last_modified_on":null,"updated_at":"2026-07-25T01:27:52.347112+00:00"},"geometry":{"type":"Point","coordinates":[128.811048175,35.089122096]}},{"type":"Feature","id":"19c895c92f92f44325a184b688bf00f80b302644b424222b324c1be46df1a96b-1","properties":{"facility_id":"19c895c92f92f44325a184b688bf00f80b302644b424222b324c1be46df1a96b","point_ordinal":1,"zone_group_id":"481291005762","source_manage_no":"481291005732","facility_name":"진해유치원","sgg_code":"48129","facility_type_code":"1","api_first_registered_on":"2014-11-21","api_last_modified_on":null,"updated_at":"2026-07-25T01:27:52.347112+00:00"},"geometry":{"type":"Point","coordinates":[128.802356429,35.09648761]}},{"type":"Feature","id":"707dc1012e5deca3dfcfad1357733911ed4c8136f0a2ebc02b661d0a312a258f-1","properties":{"facility_id":"707dc1012e5deca3dfcfad1357733911ed4c8136f0a2ebc02b661d0a312a258f","point_ordinal":1,"zone_group_id":"481291005739","source_manage_no":"481291005740","facility_name":"참좋은유치원","sgg_code":"48129","facility_type_code":"1","api_first_registered_on":"2010-10-27","api_last_modified_on":null,"updated_at":"2026-07-25T01:27:52.347112+00:00"},"geometry":{"type":"Point","coordinates":[128.815824978,35.098325796]}},{"type":"Feature","id":"439b0adf8161fb30d11232e3cd2a16f6c97845211a09dd3f663ebf3530fabde7-1","properties":{"facility_id":"439b0adf8161fb30d11232e3cd2a16f6c97845211a09dd3f663ebf3530fabde7","point_ordinal":1,"zone_group_id":"481291005758","source_manage_no":"481291005758","facility_name":"창원남산초등학교","sgg_code":"48129","facility_type_code":"1","api_first_registered_on":"2004-04-20","api_last_modified_on":null,"updated_at":"2026-07-25T01:27:52.347112+00:00"},"geometry":{"type":"Point","coordinates":[128.663783103,35.147263105]}},{"type":"Feature","id":"9a6c5092e7128fbf907e563e63b5cb33f7bab59a314aa8a067e04444fb391df7-1","properties":{"facility_id":"9a6c5092e7128fbf907e563e63b5cb33f7bab59a314aa8a067e04444fb391df7","point_ordinal":1,"zone_group_id":"481291005758","source_manage_no":"481291005757","facility_name":"창원남산초등학교 병설유치원","sgg_code":"48129","facility_type_code":"1","api_first_registered_on":"2004-04-20","api_last_modified_on":null,"updated_at":"2026-07-25T01:27:52.347112+00:00"},"geometry":{"type":"Point","coordinates":[128.663844993,35.147338859]}},{"type":"Feature","id":"139b7e48382b1d336e38ebff80b884ece659a783ac6e88ef3c5dd567cc7e5c0f-1","properties":{"facility_id":"139b7e48382b1d336e38ebff80b884ece659a783ac6e88ef3c5dd567cc7e5c0f","point_ordinal":1,"zone_group_id":"481291005754","source_manage_no":"481291005754","facility_name":"풍호초등학교","sgg_code":"48129","facility_type_code":"1","api_first_registered_on":"2004-04-20","api_last_modified_on":null,"updated_at":"2026-07-25T01:27:52.347112+00:00"},"geometry":{"type":"Point","coordinates":[128.709957243,35.140003283]}},{"type":"Feature","id":"8adaf35cee31735b3c7e19a8a61cafa605a69562c4dac94755454107f317944a-1","properties":{"facility_id":"8adaf35cee31735b3c7e19a8a61cafa605a69562c4dac94755454107f317944a","point_ordinal":1,"zone_group_id":"481291005754","source_manage_no":"481291005753","facility_name":"풍호초등학교 병설유치원","sgg_code":"48129","facility_type_code":"1","api_first_registered_on":"2004-04-20","api_last_modified_on":null,"updated_at":"2026-07-25T01:27:52.347112+00:00"},"geometry":{"type":"Point","coordinates":[128.709901272,35.13995]}},{"type":"Feature","id":"c6ed327ba12fdfd85b81ac99e9c782b9b66192157e4df95788667793b4ecc128-1","properties":{"facility_id":"c6ed327ba12fdfd85b81ac99e9c782b9b66192157e4df95788667793b4ecc128","point_ordinal":1,"zone_group_id":"481701005494","source_manage_no":"481701005494","facility_name":"가람초등학교","sgg_code":"48170","facility_type_code":"1","api_first_registered_on":null,"api_last_modified_on":null,"updated_at":"2026-07-25T01:27:52.347112+00:00"},"geometry":{"type":"Point","coordinates":[128.102087046,35.172843967]}},{"type":"Feature","id":"c2eecac9b021d1a29a89d83ccf8fd8dbd8110b45cec3d9751feacf1486680016-1","properties":{"facility_id":"c2eecac9b021d1a29a89d83ccf8fd8dbd8110b45cec3d9751feacf1486680016","point_ordinal":1,"zone_group_id":"481701005445","source_manage_no":"481701005445","facility_name":"가좌초등학교","sgg_code":"48170","facility_type_code":"1","api_first_registered_on":"2006-04-10","api_last_modified_on":null,"updated_at":"2026-07-25T01:27:52.347112+00:00"},"geometry":{"type":"Point","coordinates":[128.102889098,35.149089114]}},{"type":"Feature","id":"2023af02c57ca87253abcf27b3475f7166bb9b04604877ee46e5be8656ae82b0-1","properties":{"facility_id":"2023af02c57ca87253abcf27b3475f7166bb9b04604877ee46e5be8656ae82b0","point_ordinal":1,"zone_group_id":"481701029461","source_manage_no":"481701029461","facility_name":"가좌초등학교 병설유치원","sgg_code":"48170","facility_type_code":"1","api_first_registered_on":null,"api_last_modified_on":"2025-08-06","updated_at":"2026-07-25T01:27:52.347112+00:00"},"geometry":{"type":"Point","coordinates":[128.102797731,35.149393038]}},{"type":"Feature","id":"6665799e3f1fdf81ec4ef7253f2682c9ef53cc22bf1a729f313d1df91d1a736b-1","properties":{"facility_id":"6665799e3f1fdf81ec4ef7253f2682c9ef53cc22bf1a729f313d1df91d1a736b","point_ordinal":1,"zone_group_id":"481701005529","source_manage_no":"481701005529","facility_name":"갈전초등학교","sgg_code":"48170","facility_type_code":"1","api_first_registered_on":null,"api_last_modified_on":null,"updated_at":"2026-07-25T01:27:52.347112+00:00"},"geometry":{"type":"Point","coordinates":[128.149497954,35.182914455]}},{"type":"Feature","id":"d5365eb000954a631cb7e6cd76a4d1982e2e5c357991990c433e741f152ae1cb-1","properties":{"facility_id":"d5365eb000954a631cb7e6cd76a4d1982e2e5c357991990c433e741f152ae1cb","point_ordinal":1,"zone_group_id":"481702005466","source_manage_no":"481702005466","facility_name":"경남노인전문요양원","sgg_code":"48170","facility_type_code":"2","api_first_registered_on":null,"api_last_modified_on":null,"updated_at":"2026-07-25T01:27:52.347112+00:00"},"geometry":{"type":"Point","coordinates":[128.081889949,35.178749636]}},{"type":"Feature","id":"1a173310f6d84f3e220508e330d752dbf3b6851a81ebccb8630e05ede8182b3f-1","properties":{"facility_id":"1a173310f6d84f3e220508e330d752dbf3b6851a81ebccb8630e05ede8182b3f","point_ordinal":1,"zone_group_id":"481701005512","source_manage_no":"481701005512","facility_name":"관봉초등학교","sgg_code":"48170","facility_type_code":"1","api_first_registered_on":"2010-12-24","api_last_modified_on":null,"updated_at":"2026-07-25T01:27:52.347112+00:00"},"geometry":{"type":"Point","coordinates":[128.143573738,35.136355186]}},{"type":"Feature","id":"f407f5ec54e06ac20f9f517a84b5b2228d7a845198d608248e12a0f45873462d-1","properties":{"facility_id":"f407f5ec54e06ac20f9f517a84b5b2228d7a845198d608248e12a0f45873462d","point_ordinal":1,"zone_group_id":"481701029460","source_manage_no":"481701029460","facility_name":"관봉초등학교 병설유치원","sgg_code":"48170","facility_type_code":"1","api_first_registered_on":null,"api_last_modified_on":"2025-08-06","updated_at":"2026-07-25T01:27:52.347112+00:00"},"geometry":{"type":"Point","coordinates":[128.143582272,35.136536424]}},{"type":"Feature","id":"1fcbc1eb4ec7d66682e4c330c7908dbdc4b691a86975bb3dc008152fc582b45b-1","properties":{"facility_id":"1fcbc1eb4ec7d66682e4c330c7908dbdc4b691a86975bb3dc008152fc582b45b","point_ordinal":1,"zone_group_id":"481701005486","source_manage_no":"481701005486","facility_name":"근로자복지회관","sgg_code":"48170","facility_type_code":"1","api_first_registered_on":null,"api_last_modified_on":null,"updated_at":"2026-07-25T01:27:52.347112+00:00"},"geometry":{"type":"Point","coordinates":[128.120062727,35.1813555]}},{"type":"Feature","id":"118890e86cdb555692dc73ef13592f742c83cf0138fead68bdfb1d2700c94b8b-1","properties":{"facility_id":"118890e86cdb555692dc73ef13592f742c83cf0138fead68bdfb1d2700c94b8b","point_ordinal":1,"zone_group_id":"481701005447","source_manage_no":"481701005447","facility_name":"금곡초등학교","sgg_code":"48170","facility_type_code":"1","api_first_registered_on":null,"api_last_modified_on":null,"updated_at":"2026-07-25T01:27:52.347112+00:00"},"geometry":{"type":"Point","coordinates":[128.1855835,35.089425484]}},{"type":"Feature","id":"a9df2e5dea5a766bfc2785132f9db777040cfe5ed80937acb438faae256224fe-1","properties":{"facility_id":"a9df2e5dea5a766bfc2785132f9db777040cfe5ed80937acb438faae256224fe","point_ordinal":1,"zone_group_id":"481701029459","source_manage_no":"481701029459","facility_name":"금곡초등학교 병설유치원","sgg_code":"48170","facility_type_code":"1","api_first_registered_on":null,"api_last_modified_on":"2025-08-06","updated_at":"2026-07-25T01:27:52.347112+00:00"},"geometry":{"type":"Point","coordinates":[128.185604821,35.08962993]}},{"type":"Feature","id":"47cf1092281d4d7d2816cf9c385fe11586c656fb704c6aa30ad57bb638f28c98-1","properties":{"facility_id":"47cf1092281d4d7d2816cf9c385fe11586c656fb704c6aa30ad57bb638f28c98","point_ordinal":1,"zone_group_id":"481701005449","source_manage_no":"481701005449","facility_name":"금산초등학교","sgg_code":"48170","facility_type_code":"1","api_first_registered_on":null,"api_last_modified_on":null,"updated_at":"2026-07-25T01:27:52.347112+00:00"},"geometry":{"type":"Point","coordinates":[128.144803453,35.214979462]}},{"type":"Feature","id":"6b8a4dea650395e050139eaae11e1c3e23944c4d0c234cdb1e307113bbd734fd-1","properties":{"facility_id":"6b8a4dea650395e050139eaae11e1c3e23944c4d0c234cdb1e307113bbd734fd","point_ordinal":1,"zone_group_id":"481701029458","source_manage_no":"481701029458","facility_name":"금산초등학교 병설유치원","sgg_code":"48170","facility_type_code":"1","api_first_registered_on":null,"api_last_modified_on":"2025-08-06","updated_at":"2026-07-25T01:27:52.347112+00:00"},"geometry":{"type":"Point","coordinates":[128.144865103,35.214761333]}},{"type":"Feature","id":"0ea1a7302c37a1634a2756b7ecbe326826470885cba604115cd3a86c7adb7659-1","properties":{"facility_id":"0ea1a7302c37a1634a2756b7ecbe326826470885cba604115cd3a86c7adb7659","point_ordinal":1,"zone_group_id":"481701005527","source_manage_no":"481701005527","facility_name":"금성초등학교","sgg_code":"48170","facility_type_code":"1","api_first_registered_on":null,"api_last_modified_on":null,"updated_at":"2026-07-25T01:27:52.347112+00:00"},"geometry":{"type":"Point","coordinates":[128.114345187,35.198002937]}},{"type":"Feature","id":"507f578ccb869d9e4ec406fbbe9282a5ee33aae6694a4b51ef5367e760278e1a-1","properties":{"facility_id":"507f578ccb869d9e4ec406fbbe9282a5ee33aae6694a4b51ef5367e760278e1a","point_ordinal":1,"zone_group_id":"481701005449","source_manage_no":"481701005450","facility_name":"금호초등학교","sgg_code":"48170","facility_type_code":"1","api_first_registered_on":null,"api_last_modified_on":null,"updated_at":"2026-07-25T01:27:52.347112+00:00"},"geometry":{"type":"Point","coordinates":[128.14328199,35.21918675]}},{"type":"Feature","id":"182aeb9e7c328b3fe8e4a4d8655acba638dcee5938c2d5449b487657215cd8f6-1","properties":{"facility_id":"182aeb9e7c328b3fe8e4a4d8655acba638dcee5938c2d5449b487657215cd8f6","point_ordinal":1,"zone_group_id":"481701005488","source_manage_no":"481701005488","facility_name":"남강초등학교","sgg_code":"48170","facility_type_code":"1","api_first_registered_on":null,"api_last_modified_on":null,"updated_at":"2026-07-25T01:27:52.347112+00:00"},"geometry":{"type":"Point","coordinates":[128.108452927,35.182694794]}},{"type":"Feature","id":"1b3f51c60e42ea663d9d3acad8bf382920f6676e12bfc36dec114f6fcc995909-1","properties":{"facility_id":"1b3f51c60e42ea663d9d3acad8bf382920f6676e12bfc36dec114f6fcc995909","point_ordinal":1,"zone_group_id":"481701005455","source_manage_no":"481701005455","facility_name":"내동초등학교","sgg_code":"48170","facility_type_code":"1","api_first_registered_on":null,"api_last_modified_on":null,"updated_at":"2026-07-25T01:27:52.347112+00:00"},"geometry":{"type":"Point","coordinates":[128.068070514,35.164036316]}},{"type":"Feature","id":"054b76624debff6689d19d1a2fe186258700650a82b6abc9f5a0292b01772505-1","properties":{"facility_id":"054b76624debff6689d19d1a2fe186258700650a82b6abc9f5a0292b01772505","point_ordinal":1,"zone_group_id":"481701029457","source_manage_no":"481701029457","facility_name":"내동초등학교 병설유치원","sgg_code":"48170","facility_type_code":"1","api_first_registered_on":null,"api_last_modified_on":"2025-08-06","updated_at":"2026-07-25T01:27:52.347112+00:00"},"geometry":{"type":"Point","coordinates":[128.06798615,35.164261009]}},{"type":"Feature","id":"1a4b8f82406e1718120bb60691fcf97976c139a9dd677fe70f2935a5c596abec-1","properties":{"facility_id":"1a4b8f82406e1718120bb60691fcf97976c139a9dd677fe70f2935a5c596abec","point_ordinal":1,"zone_group_id":"481702005496","source_manage_no":"481702005496","facility_name":"노인복지회관 여가","sgg_code":"48170","facility_type_code":"2","api_first_registered_on":null,"api_last_modified_on":null,"updated_at":"2026-07-25T01:27:52.347112+00:00"},"geometry":{"type":"Point","coordinates":[128.116124672,35.168887047]}},{"type":"Feature","id":"5feeb4fe916c5af38780c1e206193e9771e4c447f7decde742415ef1c5fe75bd-1","properties":{"facility_id":"5feeb4fe916c5af38780c1e206193e9771e4c447f7decde742415ef1c5fe75bd","point_ordinal":1,"zone_group_id":"481701005510","source_manage_no":"481701005510","facility_name":"누리유치원","sgg_code":"48170","facility_type_code":"1","api_first_registered_on":null,"api_last_modified_on":null,"updated_at":"2026-07-25T01:27:52.347112+00:00"},"geometry":{"type":"Point","coordinates":[128.102304257,35.217161355]}},{"type":"Feature","id":"9cc6b244a56369a845ea6ca0a0020c72d48adf5de1ac6d3397a49354bfb978f4-1","properties":{"facility_id":"9cc6b244a56369a845ea6ca0a0020c72d48adf5de1ac6d3397a49354bfb978f4","point_ordinal":1,"zone_group_id":"481701005457","source_manage_no":"481701005457","facility_name":"대곡초등학교","sgg_code":"48170","facility_type_code":"1","api_first_registered_on":null,"api_last_modified_on":null,"updated_at":"2026-07-25T01:27:52.347112+00:00"},"geometry":{"type":"Point","coordinates":[128.176812758,35.257055145]}},{"type":"Feature","id":"b8350e7614e43fd3333e510f8262fd360d2ff67578aa9cb70242f8cb50874d55-1","properties":{"facility_id":"b8350e7614e43fd3333e510f8262fd360d2ff67578aa9cb70242f8cb50874d55","point_ordinal":1,"zone_group_id":"481701029456","source_manage_no":"481701029456","facility_name":"대곡초등학교 병설유치원","sgg_code":"48170","facility_type_code":"1","api_first_registered_on":null,"api_last_modified_on":"2025-08-06","updated_at":"2026-07-25T01:27:52.347112+00:00"},"geometry":{"type":"Point","coordinates":[128.17685522,35.257247541]}},{"type":"Feature","id":"2d26eca7ab99e7c45f469b26e04572e557bd0cf6450d3ff6b04d11ff2a49f5d0-1","properties":{"facility_id":"2d26eca7ab99e7c45f469b26e04572e557bd0cf6450d3ff6b04d11ff2a49f5d0","point_ordinal":1,"zone_group_id":"481701005530","source_manage_no":"481701005530","facility_name":"도담어린이집","sgg_code":"48170","facility_type_code":"1","api_first_registered_on":null,"api_last_modified_on":null,"updated_at":"2026-07-25T01:27:52.347112+00:00"},"geometry":{"type":"Point","coordinates":[128.130230855,35.168300509]}},{"type":"Feature","id":"cc0efab76a3d9e3fac3c218841b973555cefc9f14c590e2963ac26c47a7a0f52-1","properties":{"facility_id":"cc0efab76a3d9e3fac3c218841b973555cefc9f14c590e2963ac26c47a7a0f52","point_ordinal":1,"zone_group_id":"481701005542","source_manage_no":"481701005542","facility_name":"도동초등학교","sgg_code":"48170","facility_type_code":"1","api_first_registered_on":null,"api_last_modified_on":null,"updated_at":"2026-07-25T01:27:52.347112+00:00"},"geometry":{"type":"Point","coordinates":[128.117081617,35.18944093]}},{"type":"Feature","id":"6c59bdd338a7a65d61490b67b87b616d16df1ff29c96ea76a523cb2cacaaeeff-1","properties":{"facility_id":"6c59bdd338a7a65d61490b67b87b616d16df1ff29c96ea76a523cb2cacaaeeff","point_ordinal":1,"zone_group_id":"481701005462","source_manage_no":"481701005462","facility_name":"동진초등학교","sgg_code":"48170","facility_type_code":"1","api_first_registered_on":null,"api_last_modified_on":null,"updated_at":"2026-07-25T01:27:52.347112+00:00"},"geometry":{"type":"Point","coordinates":[128.123729199,35.186873104]}},{"type":"Feature","id":"bb4a82ecd0aa49399dc45f1d1c1310d34e51d392a5889d6e7b5a80be9cf12d32-1","properties":{"facility_id":"bb4a82ecd0aa49399dc45f1d1c1310d34e51d392a5889d6e7b5a80be9cf12d32","point_ordinal":1,"zone_group_id":"481701029455","source_manage_no":"481701029455","facility_name":"동진초등학교 병설유치원","sgg_code":"48170","facility_type_code":"1","api_first_registered_on":null,"api_last_modified_on":"2025-08-06","updated_at":"2026-07-25T01:27:52.347112+00:00"},"geometry":{"type":"Point","coordinates":[128.123704743,35.187055514]}},{"type":"Feature","id":"972b69c59b5654a73c7f4fa534c2779eabac5644b1cf202eb5de901bafec0bf0-1","properties":{"facility_id":"972b69c59b5654a73c7f4fa534c2779eabac5644b1cf202eb5de901bafec0bf0","point_ordinal":1,"zone_group_id":"481702026766","source_manage_no":"481702026766","facility_name":"둥지너싱홈","sgg_code":"48170","facility_type_code":"2","api_first_registered_on":null,"api_last_modified_on":null,"updated_at":"2026-07-25T01:27:52.347112+00:00"},"geometry":{"type":"Point","coordinates":[128.119710886,35.215148757]}},{"type":"Feature","id":"fb975a772a03a94c435810d03d0e2dd85d1291cb486df55f7a5022c6ea124e07-1","properties":{"facility_id":"fb975a772a03a94c435810d03d0e2dd85d1291cb486df55f7a5022c6ea124e07","point_ordinal":1,"zone_group_id":"481701005451","source_manage_no":"481701005451","facility_name":"리라어린이집","sgg_code":"48170","facility_type_code":"1","api_first_registered_on":null,"api_last_modified_on":null,"updated_at":"2026-07-25T01:27:52.347112+00:00"},"geometry":{"type":"Point","coordinates":[128.134710305,35.204922112]}},{"type":"Feature","id":"18aa38d9c9680e666b9f95cbd6bcf5249d69984ff4942c9b063a46950c96feec-1","properties":{"facility_id":"18aa38d9c9680e666b9f95cbd6bcf5249d69984ff4942c9b063a46950c96feec","point_ordinal":1,"zone_group_id":"481701005508","source_manage_no":"481701005508","facility_name":"마루유치원","sgg_code":"48170","facility_type_code":"1","api_first_registered_on":null,"api_last_modified_on":null,"updated_at":"2026-07-25T01:27:52.347112+00:00"},"geometry":{"type":"Point","coordinates":[128.047255895,35.202373352]}},{"type":"Feature","id":"f16a2d35689e6201dc5e39502e4307f530687f21f16d76dcf2ed89f5f16d0621-1","properties":{"facility_id":"f16a2d35689e6201dc5e39502e4307f530687f21f16d76dcf2ed89f5f16d0621","point_ordinal":1,"zone_group_id":"481701005463","source_manage_no":"481701005463","facility_name":"망경초등학교","sgg_code":"48170","facility_type_code":"1","api_first_registered_on":null,"api_last_modified_on":null,"updated_at":"2026-07-25T01:27:52.347112+00:00"},"geometry":{"type":"Point","coordinates":[128.083962446,35.179839737]}},{"type":"Feature","id":"6ab1a1d7a7264afb9cfb4f06184790c5728e45096060abed6537bb4757d8242b-1","properties":{"facility_id":"6ab1a1d7a7264afb9cfb4f06184790c5728e45096060abed6537bb4757d8242b","point_ordinal":1,"zone_group_id":"481701005467","source_manage_no":"481701005467","facility_name":"명석어린이집","sgg_code":"48170","facility_type_code":"1","api_first_registered_on":null,"api_last_modified_on":null,"updated_at":"2026-07-25T01:27:52.347112+00:00"},"geometry":{"type":"Point","coordinates":[128.040983294,35.25372611]}},{"type":"Feature","id":"eb73ea1b0f55be6cd857e81b57bbd1d1454bd639d47287c23498c3a014db9f1b-1","properties":{"facility_id":"eb73ea1b0f55be6cd857e81b57bbd1d1454bd639d47287c23498c3a014db9f1b","point_ordinal":1,"zone_group_id":"481701005468","source_manage_no":"481701005468","facility_name":"명석초등학교","sgg_code":"48170","facility_type_code":"1","api_first_registered_on":null,"api_last_modified_on":null,"updated_at":"2026-07-25T01:27:52.347112+00:00"},"geometry":{"type":"Point","coordinates":[128.040723993,35.217975044]}},{"type":"Feature","id":"9a492bfb5d59457baa217afe599dc19db9c6d161b4738f1468cadc8a769ff3d7-1","properties":{"facility_id":"9a492bfb5d59457baa217afe599dc19db9c6d161b4738f1468cadc8a769ff3d7","point_ordinal":1,"zone_group_id":"481701029454","source_manage_no":"481701029454","facility_name":"명석초등학교 병설유치원","sgg_code":"48170","facility_type_code":"1","api_first_registered_on":null,"api_last_modified_on":"2025-08-06","updated_at":"2026-07-25T01:27:52.347112+00:00"},"geometry":{"type":"Point","coordinates":[128.040709294,35.217887206]}},{"type":"Feature","id":"4c8894aa86c03ccfb8d43e494d9c9e500d21c3cabb5d832bcac7bbb34c210b7e-1","properties":{"facility_id":"4c8894aa86c03ccfb8d43e494d9c9e500d21c3cabb5d832bcac7bbb34c210b7e","point_ordinal":1,"zone_group_id":"481701005531","source_manage_no":"481701005531","facility_name":"무지개초등학교","sgg_code":"48170","facility_type_code":"1","api_first_registered_on":null,"api_last_modified_on":null,"updated_at":"2026-07-25T01:27:52.347112+00:00"},"geometry":{"type":"Point","coordinates":[128.137813151,35.171804505]}},{"type":"Feature","id":"0b919c3866a39937a5883ab4067e4a2b0b1cee78ca04300484f8ed3fcc4b91a9-1","properties":{"facility_id":"0b919c3866a39937a5883ab4067e4a2b0b1cee78ca04300484f8ed3fcc4b91a9","point_ordinal":1,"zone_group_id":"481701029453","source_manage_no":"481701029453","facility_name":"무지개초등학교 병설유치원","sgg_code":"48170","facility_type_code":"1","api_first_registered_on":null,"api_last_modified_on":"2025-08-06","updated_at":"2026-07-25T01:27:52.347112+00:00"},"geometry":{"type":"Point","coordinates":[128.13780587,35.171628843]}},{"type":"Feature","id":"866f079f9023841fee1e81233404003b13270389a4fd2b9accb9df1425a806b9-1","properties":{"facility_id":"866f079f9023841fee1e81233404003b13270389a4fd2b9accb9df1425a806b9","point_ordinal":1,"zone_group_id":"481701005470","source_manage_no":"481701005470","facility_name":"문산초등학교","sgg_code":"48170","facility_type_code":"1","api_first_registered_on":null,"api_last_modified_on":null,"updated_at":"2026-07-25T01:27:52.347112+00:00"},"geometry":{"type":"Point","coordinates":[128.163085826,35.170983506]}},{"type":"Feature","id":"c2be416d3fbbe672a65b4b89de5e9b3cdf2de8ef9fb360296149fb35f59b8066-1","properties":{"facility_id":"c2be416d3fbbe672a65b4b89de5e9b3cdf2de8ef9fb360296149fb35f59b8066","point_ordinal":1,"zone_group_id":"481701029452","source_manage_no":"481701029452","facility_name":"문산초등학교 병설유치원","sgg_code":"48170","facility_type_code":"1","api_first_registered_on":null,"api_last_modified_on":"2025-08-06","updated_at":"2026-07-25T01:27:52.347112+00:00"},"geometry":{"type":"Point","coordinates":[128.163084058,35.170802901]}},{"type":"Feature","id":"785e68d27d133e403dee9a5192af8fd83bc644726d0dfca7c58cdaa512a5803f-1","properties":{"facility_id":"785e68d27d133e403dee9a5192af8fd83bc644726d0dfca7c58cdaa512a5803f","point_ordinal":1,"zone_group_id":"481701005476","source_manage_no":"481701005476","facility_name":"미천초등학교","sgg_code":"48170","facility_type_code":"1","api_first_registered_on":null,"api_last_modified_on":null,"updated_at":"2026-07-25T01:27:52.347112+00:00"},"geometry":{"type":"Point","coordinates":[128.088225118,35.318517222]}},{"type":"Feature","id":"e28fb546621be56f8fbb401d3d4bc8055cbf442034499bd005b5ebd7cec94994-1","properties":{"facility_id":"e28fb546621be56f8fbb401d3d4bc8055cbf442034499bd005b5ebd7cec94994","point_ordinal":1,"zone_group_id":"481701005477","source_manage_no":"481701005477","facility_name":"반성초등학교","sgg_code":"48170","facility_type_code":"1","api_first_registered_on":null,"api_last_modified_on":null,"updated_at":"2026-07-25T01:27:52.347112+00:00"},"geometry":{"type":"Point","coordinates":[128.286557947,35.169676617]}},{"type":"Feature","id":"e2a1529106361b01bcd1361f3a07f8f6cd8bc9cd692d2c7d3253c190366fcaa1-1","properties":{"facility_id":"e2a1529106361b01bcd1361f3a07f8f6cd8bc9cd692d2c7d3253c190366fcaa1","point_ordinal":1,"zone_group_id":"481701029451","source_manage_no":"481701029451","facility_name":"반성초등학교 병설유치원","sgg_code":"48170","facility_type_code":"1","api_first_registered_on":null,"api_last_modified_on":"2025-08-06","updated_at":"2026-07-25T01:27:52.347112+00:00"},"geometry":{"type":"Point","coordinates":[128.2865857,35.169851411]}},{"type":"Feature","id":"0c67f86403455a6507106e64f127332fd9386b19dc4774b71704bf4222514987-1","properties":{"facility_id":"0c67f86403455a6507106e64f127332fd9386b19dc4774b71704bf4222514987","point_ordinal":1,"zone_group_id":"481701005537","source_manage_no":"481701005479","facility_name":"배영초등학교","sgg_code":"48170","facility_type_code":"1","api_first_registered_on":null,"api_last_modified_on":null,"updated_at":"2026-07-25T01:27:52.347112+00:00"},"geometry":{"type":"Point","coordinates":[128.067569953,35.175751795]}},{"type":"Feature","id":"0a667aba267ec9f5b6506d249831b48b5ce72177adbcd264c1b9f0270be35cb3-1","properties":{"facility_id":"0a667aba267ec9f5b6506d249831b48b5ce72177adbcd264c1b9f0270be35cb3","point_ordinal":1,"zone_group_id":"481701005480","source_manage_no":"481701005480","facility_name":"봉곡초등학교","sgg_code":"48170","facility_type_code":"1","api_first_registered_on":"1998-04-10","api_last_modified_on":null,"updated_at":"2026-07-25T01:27:52.347112+00:00"},"geometry":{"type":"Point","coordinates":[128.074669884,35.193698242]}},{"type":"Feature","id":"06229a225d4c5ffccdfa29bc7dcc2c2cf89505cca8f62320fca049a516aafafb-1","properties":{"facility_id":"06229a225d4c5ffccdfa29bc7dcc2c2cf89505cca8f62320fca049a516aafafb","point_ordinal":1,"zone_group_id":"481701029450","source_manage_no":"481701029450","facility_name":"봉곡초등학교 병설유치원","sgg_code":"48170","facility_type_code":"1","api_first_registered_on":null,"api_last_modified_on":"2025-08-06","updated_at":"2026-07-25T01:27:52.347112+00:00"},"geometry":{"type":"Point","coordinates":[128.074616847,35.193557809]}},{"type":"Feature","id":"15acf5d54b48f9bdd85b4bc1c8e580f495430a94167f67ca78452d4368edb138-1","properties":{"facility_id":"15acf5d54b48f9bdd85b4bc1c8e580f495430a94167f67ca78452d4368edb138","point_ordinal":1,"zone_group_id":"481701005481","source_manage_no":"481701005481","facility_name":"봉래초등학교","sgg_code":"48170","facility_type_code":"1","api_first_registered_on":null,"api_last_modified_on":null,"updated_at":"2026-07-25T01:27:52.347112+00:00"},"geometry":{"type":"Point","coordinates":[128.086847697,35.199257425]}},{"type":"Feature","id":"3243ad3e75ffb9c0b38f8cf393b55f39b2349580985875c7d58cd9d0867cb895-1","properties":{"facility_id":"3243ad3e75ffb9c0b38f8cf393b55f39b2349580985875c7d58cd9d0867cb895","point_ordinal":1,"zone_group_id":"481701029449","source_manage_no":"481701029449","facility_name":"봉래초등학교 병설유치원","sgg_code":"48170","facility_type_code":"1","api_first_registered_on":null,"api_last_modified_on":"2025-08-06","updated_at":"2026-07-25T01:27:52.347112+00:00"},"geometry":{"type":"Point","coordinates":[128.086871465,35.199433062]}},{"type":"Feature","id":"39a2bfeef250ab7c1950a496f59e3e090c2e69fd8f7ae2f769d874c87d75a21e-1","properties":{"facility_id":"39a2bfeef250ab7c1950a496f59e3e090c2e69fd8f7ae2f769d874c87d75a21e","point_ordinal":1,"zone_group_id":"481701005492","source_manage_no":"481701005492","facility_name":"봉원초등학교","sgg_code":"48170","facility_type_code":"1","api_first_registered_on":null,"api_last_modified_on":null,"updated_at":"2026-07-25T01:27:52.347112+00:00"},"geometry":{"type":"Point","coordinates":[128.069399697,35.200332595]}},{"type":"Feature","id":"1dd054713898347b1dbc15bcdae8755bef98524789d173230606ec146b59ff60-1","properties":{"facility_id":"1dd054713898347b1dbc15bcdae8755bef98524789d173230606ec146b59ff60","point_ordinal":1,"zone_group_id":"481701029448","source_manage_no":"481701029448","facility_name":"봉원초등학교 병설유치원","sgg_code":"48170","facility_type_code":"1","api_first_registered_on":null,"api_last_modified_on":"2025-08-06","updated_at":"2026-07-25T01:27:52.347112+00:00"},"geometry":{"type":"Point","coordinates":[128.069642208,35.200190364]}},{"type":"Feature","id":"fca2ce47b0983da2196acf3b8136ea8f082012a08b601ea88018f287ece3a2f2-1","properties":{"facility_id":"fca2ce47b0983da2196acf3b8136ea8f082012a08b601ea88018f287ece3a2f2","point_ordinal":1,"zone_group_id":"481701005483","source_manage_no":"481701005483","facility_name":"사봉초등학교","sgg_code":"48170","facility_type_code":"1","api_first_registered_on":null,"api_last_modified_on":null,"updated_at":"2026-07-25T01:27:52.347112+00:00"},"geometry":{"type":"Point","coordinates":[128.269721905,35.188098091]}},{"type":"Feature","id":"211b1eb8764138d60a4ec7333824e42174325e8467a3cbb36e6f40831b9d4616-1","properties":{"facility_id":"211b1eb8764138d60a4ec7333824e42174325e8467a3cbb36e6f40831b9d4616","point_ordinal":1,"zone_group_id":"481701029447","source_manage_no":"481701029447","facility_name":"사봉초등학교 병설유치원","sgg_code":"48170","facility_type_code":"1","api_first_registered_on":null,"api_last_modified_on":"2025-08-06","updated_at":"2026-07-25T01:27:52.347112+00:00"},"geometry":{"type":"Point","coordinates":[128.269651169,35.188308107]}},{"type":"Feature","id":"1e79e6ada920d9b65b56555bce99d5a1fd758f72c794d65e309cc73c3506ab00-1","properties":{"facility_id":"1e79e6ada920d9b65b56555bce99d5a1fd758f72c794d65e309cc73c3506ab00","point_ordinal":1,"zone_group_id":"481702005534","source_manage_no":"481702005534","facility_name":"상락원","sgg_code":"48170","facility_type_code":"2","api_first_registered_on":null,"api_last_modified_on":null,"updated_at":"2026-07-25T01:27:52.347112+00:00"},"geometry":{"type":"Point","coordinates":[128.036009705,35.181107416]}},{"type":"Feature","id":"649aeb9f16c8b45de02e928712cf2a19d1cd94cf334ffbd7b5dd972b631d4092-1","properties":{"facility_id":"649aeb9f16c8b45de02e928712cf2a19d1cd94cf334ffbd7b5dd972b631d4092","point_ordinal":1,"zone_group_id":"481701005493","source_manage_no":"481701005493","facility_name":"상봉어린이집","sgg_code":"48170","facility_type_code":"1","api_first_registered_on":null,"api_last_modified_on":null,"updated_at":"2026-07-25T01:27:52.347112+00:00"},"geometry":{"type":"Point","coordinates":[128.07137794,35.197320618]}},{"type":"Feature","id":"48009202486b1987d7e10b2253add0fc6f2316d2aa42fe47e5470d98d03f5d00-1","properties":{"facility_id":"48009202486b1987d7e10b2253add0fc6f2316d2aa42fe47e5470d98d03f5d00","point_ordinal":1,"zone_group_id":"481701005541","source_manage_no":"481701005541","facility_name":"서진초등학교","sgg_code":"48170","facility_type_code":"1","api_first_registered_on":null,"api_last_modified_on":null,"updated_at":"2026-07-25T01:27:52.347112+00:00"},"geometry":{"type":"Point","coordinates":[128.057128784,35.168108734]}},{"type":"Feature","id":"5e5897216d39f17b93bb512b3b02cc9b1da883092a6b64deb3cce380f1d210cd-1","properties":{"facility_id":"5e5897216d39f17b93bb512b3b02cc9b1da883092a6b64deb3cce380f1d210cd","point_ordinal":1,"zone_group_id":"481701029446","source_manage_no":"481701029446","facility_name":"서진초등학교 병설유치원","sgg_code":"48170","facility_type_code":"1","api_first_registered_on":null,"api_last_modified_on":"2025-08-06","updated_at":"2026-07-25T01:27:52.347112+00:00"},"geometry":{"type":"Point","coordinates":[128.057138358,35.168204743]}},{"type":"Feature","id":"a7a427309969817c1ad917446ac2ee6bc7a6975d364756ac7d238d221a6d9dac-1","properties":{"facility_id":"a7a427309969817c1ad917446ac2ee6bc7a6975d364756ac7d238d221a6d9dac","point_ordinal":1,"zone_group_id":"481701005544","source_manage_no":"481701005544","facility_name":"선학초등학교","sgg_code":"48170","facility_type_code":"1","api_first_registered_on":null,"api_last_modified_on":null,"updated_at":"2026-07-25T01:27:52.347112+00:00"},"geometry":{"type":"Point","coordinates":[128.123115711,35.195712898]}},{"type":"Feature","id":"1e380d38ecb7ca16ab6db533ee2c21ba1abcd49e7b582971aacea97cfc5096bb-1","properties":{"facility_id":"1e380d38ecb7ca16ab6db533ee2c21ba1abcd49e7b582971aacea97cfc5096bb","point_ordinal":1,"zone_group_id":"481701005472","source_manage_no":"481701005472","facility_name":"소화유치원","sgg_code":"48170","facility_type_code":"1","api_first_registered_on":null,"api_last_modified_on":null,"updated_at":"2026-07-25T01:27:52.347112+00:00"},"geometry":{"type":"Point","coordinates":[128.168844739,35.171555982]}},{"type":"Feature","id":"7fc374e7ab54291b8e55cb290bc5c7ab5af98ad4807ac51bde4a7f6c99c8faf2-1","properties":{"facility_id":"7fc374e7ab54291b8e55cb290bc5c7ab5af98ad4807ac51bde4a7f6c99c8faf2","point_ordinal":1,"zone_group_id":"481701005498","source_manage_no":"481701005498","facility_name":"수곡초등학교","sgg_code":"48170","facility_type_code":"1","api_first_registered_on":null,"api_last_modified_on":null,"updated_at":"2026-07-25T01:27:52.347112+00:00"},"geometry":{"type":"Point","coordinates":[127.931542667,35.200622981]}},{"type":"Feature","id":"5a35df10db8fb6a631c5a3a4f1ecafc4a5ea2c503a1531ebccfa64ef36739605-1","properties":{"facility_id":"5a35df10db8fb6a631c5a3a4f1ecafc4a5ea2c503a1531ebccfa64ef36739605","point_ordinal":1,"zone_group_id":"481701029445","source_manage_no":"481701029445","facility_name":"수곡초등학교 병설유치원","sgg_code":"48170","facility_type_code":"1","api_first_registered_on":null,"api_last_modified_on":"2025-08-06","updated_at":"2026-07-25T01:27:52.347112+00:00"},"geometry":{"type":"Point","coordinates":[127.931565409,35.200524744]}},{"type":"Feature","id":"7b51284509d2f8654ce9248bbf06eb0d120cc862f0adeb8007d78d27d116cb20-1","properties":{"facility_id":"7b51284509d2f8654ce9248bbf06eb0d120cc862f0adeb8007d78d27d116cb20","point_ordinal":1,"zone_group_id":"481701005535","source_manage_no":"481701005535","facility_name":"수정초등학교병설","sgg_code":"48170","facility_type_code":"1","api_first_registered_on":null,"api_last_modified_on":null,"updated_at":"2026-07-25T01:27:52.347112+00:00"},"geometry":{"type":"Point","coordinates":[128.048344454,35.164911693]}},{"type":"Feature","id":"e3cfb18344a99928a2665a909da53e32eac393b42f70af85e965d41e30b36c0b-1","properties":{"facility_id":"e3cfb18344a99928a2665a909da53e32eac393b42f70af85e965d41e30b36c0b","point_ordinal":1,"zone_group_id":"481701005500","source_manage_no":"481701005500","facility_name":"신안초등학교","sgg_code":"48170","facility_type_code":"1","api_first_registered_on":null,"api_last_modified_on":null,"updated_at":"2026-07-25T01:27:52.347112+00:00"},"geometry":{"type":"Point","coordinates":[128.068425722,35.181942478]}},{"type":"Feature","id":"ea3246dbe9c05d3482c378f5cf5b812beb704bee21ca6ef75f080e72b546b336-1","properties":{"facility_id":"ea3246dbe9c05d3482c378f5cf5b812beb704bee21ca6ef75f080e72b546b336","point_ordinal":1,"zone_group_id":"481701029444","source_manage_no":"481701029444","facility_name":"신안초등학교 병설유치원","sgg_code":"48170","facility_type_code":"1","api_first_registered_on":null,"api_last_modified_on":"2025-08-06","updated_at":"2026-07-25T01:27:52.347112+00:00"},"geometry":{"type":"Point","coordinates":[128.068384434,35.182121353]}},{"type":"Feature","id":"0d9f609c8fe330dd5c9a37f22fb208c1a1c5416c134e8855d3802232d334d2bb-1","properties":{"facility_id":"0d9f609c8fe330dd5c9a37f22fb208c1a1c5416c134e8855d3802232d334d2bb","point_ordinal":1,"zone_group_id":"481701005537","source_manage_no":"481701005537","facility_name":"신진초등학교","sgg_code":"48170","facility_type_code":"1","api_first_registered_on":null,"api_last_modified_on":null,"updated_at":"2026-07-25T01:27:52.347112+00:00"},"geometry":{"type":"Point","coordinates":[128.066791847,35.174402884]}},{"type":"Feature","id":"8dfdf1cd47896bf59d2101ca5efcc468b17af5cad473ce9542ec8497dc6ea3f0-1","properties":{"facility_id":"8dfdf1cd47896bf59d2101ca5efcc468b17af5cad473ce9542ec8497dc6ea3f0","point_ordinal":1,"zone_group_id":"481701005452","source_manage_no":"481701005452","facility_name":"썬키즈어린이집","sgg_code":"48170","facility_type_code":"1","api_first_registered_on":null,"api_last_modified_on":null,"updated_at":"2026-07-25T01:27:52.347112+00:00"},"geometry":{"type":"Point","coordinates":[128.159408458,35.218730291]}},{"type":"Feature","id":"74433f0582e9d3dedc1c7850113d047c3dc1a316a5a785a6713580efeb2fa56b-1","properties":{"facility_id":"74433f0582e9d3dedc1c7850113d047c3dc1a316a5a785a6713580efeb2fa56b","point_ordinal":1,"zone_group_id":"481701005538","source_manage_no":"481701005538","facility_name":"아이소크라테스유치원","sgg_code":"48170","facility_type_code":"1","api_first_registered_on":null,"api_last_modified_on":null,"updated_at":"2026-07-25T01:27:52.347112+00:00"},"geometry":{"type":"Point","coordinates":[128.050674405,35.170103963]}},{"type":"Feature","id":"3e6bb00c13f598df76b6eba9c4cb672b68123240862f9c513f0e2df4a4b22e29-1","properties":{"facility_id":"3e6bb00c13f598df76b6eba9c4cb672b68123240862f9c513f0e2df4a4b22e29","point_ordinal":1,"zone_group_id":"481702005474","source_manage_no":"481702005474","facility_name":"애명노인요양원","sgg_code":"48170","facility_type_code":"2","api_first_registered_on":null,"api_last_modified_on":null,"updated_at":"2026-07-25T01:27:52.347112+00:00"},"geometry":{"type":"Point","coordinates":[128.174559785,35.153508349]}},{"type":"Feature","id":"06ed0b5ea33dfa6e1d94c0709c6a13b6f11b2d7565106a8e6cc09bce09701a80-1","properties":{"facility_id":"06ed0b5ea33dfa6e1d94c0709c6a13b6f11b2d7565106a8e6cc09bce09701a80","point_ordinal":1,"zone_group_id":"481701026764","source_manage_no":"481701026764","facility_name":"애플키즈스쿨어린이집","sgg_code":"48170","facility_type_code":"1","api_first_registered_on":null,"api_last_modified_on":null,"updated_at":"2026-07-25T01:27:52.347112+00:00"},"geometry":{"type":"Point","coordinates":[128.138708247,35.217725428]}},{"type":"Feature","id":"818804cf02a5d7464053a8a561e2354767755cce60ce555961446675b8b1aac7-1","properties":{"facility_id":"818804cf02a5d7464053a8a561e2354767755cce60ce555961446675b8b1aac7","point_ordinal":1,"zone_group_id":"481701005545","source_manage_no":"481701005545","facility_name":"에덴유치원","sgg_code":"48170","facility_type_code":"1","api_first_registered_on":null,"api_last_modified_on":null,"updated_at":"2026-07-25T01:27:52.347112+00:00"},"geometry":{"type":"Point","coordinates":[128.112819844,35.19528754]}},{"type":"Feature","id":"02ffece2fda21b7c2621a7f6f51295938b1e0f9ba0f4d1afe98d7e5eb6f9087f-1","properties":{"facility_id":"02ffece2fda21b7c2621a7f6f51295938b1e0f9ba0f4d1afe98d7e5eb6f9087f","point_ordinal":1,"zone_group_id":"481701005506","source_manage_no":"481701005505","facility_name":"영지어린이집","sgg_code":"48170","facility_type_code":"1","api_first_registered_on":null,"api_last_modified_on":null,"updated_at":"2026-07-25T01:27:52.347112+00:00"},"geometry":{"type":"Point","coordinates":[128.061934824,35.193108781]}},{"type":"Feature","id":"10c27cd7f7dfc3a9bdc6310fac8a474da32d00536d7c8346149a26c68090166f-1","properties":{"facility_id":"10c27cd7f7dfc3a9bdc6310fac8a474da32d00536d7c8346149a26c68090166f","point_ordinal":1,"zone_group_id":"481701022152","source_manage_no":"481701022152","facility_name":"예하초등학교","sgg_code":"48170","facility_type_code":"1","api_first_registered_on":null,"api_last_modified_on":null,"updated_at":"2026-07-25T01:27:52.347112+00:00"},"geometry":{"type":"Point","coordinates":[128.09893545,35.124836737]}},{"type":"Feature","id":"ef1460d2dc86cdcc0ca63fe85d8a3c249c2d2f29a24c9b49d9a8ffaf2ad0d8d0-1","properties":{"facility_id":"ef1460d2dc86cdcc0ca63fe85d8a3c249c2d2f29a24c9b49d9a8ffaf2ad0d8d0","point_ordinal":1,"zone_group_id":"481701005533","source_manage_no":"481701005533","facility_name":"으뜸유치원","sgg_code":"48170","facility_type_code":"1","api_first_registered_on":null,"api_last_modified_on":null,"updated_at":"2026-07-25T01:27:52.347112+00:00"},"geometry":{"type":"Point","coordinates":[128.039847797,35.165265451]}},{"type":"Feature","id":"5af5fda05ce5ba2a3ed7ece4cfac5af97fa3819f97fd88619e1ee29ba2d6f0ab-1","properties":{"facility_id":"5af5fda05ce5ba2a3ed7ece4cfac5af97fa3819f97fd88619e1ee29ba2d6f0ab","point_ordinal":1,"zone_group_id":"481701026579","source_manage_no":"481701026579","facility_name":"은하수 초등학교","sgg_code":"48170","facility_type_code":"1","api_first_registered_on":null,"api_last_modified_on":null,"updated_at":"2026-07-25T01:27:52.347112+00:00"},"geometry":{"type":"Point","coordinates":[128.111071576,35.15129656]}},{"type":"Feature","id":"2e0eae3a9aac71b8d12d35a9a0cb7656cf6395f7e88c4b7b0de49ad48e6cb370-1","properties":{"facility_id":"2e0eae3a9aac71b8d12d35a9a0cb7656cf6395f7e88c4b7b0de49ad48e6cb370","point_ordinal":1,"zone_group_id":"481701005503","source_manage_no":"481701005503","facility_name":"이반성초등학교","sgg_code":"48170","facility_type_code":"1","api_first_registered_on":null,"api_last_modified_on":null,"updated_at":"2026-07-25T01:27:52.347112+00:00"},"geometry":{"type":"Point","coordinates":[128.327977197,35.172799943]}},{"type":"Feature","id":"29365f0fb9a4dce262fa61a73c2710e59e5229b61d26b38bf07b73037abe1007-1","properties":{"facility_id":"29365f0fb9a4dce262fa61a73c2710e59e5229b61d26b38bf07b73037abe1007","point_ordinal":1,"zone_group_id":"481701029443","source_manage_no":"481701029443","facility_name":"이반성초등학교 병설유치원","sgg_code":"48170","facility_type_code":"1","api_first_registered_on":null,"api_last_modified_on":"2025-08-06","updated_at":"2026-07-25T01:27:52.347112+00:00"},"geometry":{"type":"Point","coordinates":[128.328048934,35.172954897]}},{"type":"Feature","id":"3d3092ac9ea9be629c1c0410c1a3e6e9dd03bd9688ae514cacb6ae0cdae4ee9d-1","properties":{"facility_id":"3d3092ac9ea9be629c1c0410c1a3e6e9dd03bd9688ae514cacb6ae0cdae4ee9d","point_ordinal":1,"zone_group_id":"481701022156","source_manage_no":"481701022156","facility_name":"장재초등학교","sgg_code":"48170","facility_type_code":"1","api_first_registered_on":null,"api_last_modified_on":null,"updated_at":"2026-07-25T01:27:52.347112+00:00"},"geometry":{"type":"Point","coordinates":[128.109768948,35.214521099]}},{"type":"Feature","id":"45e604e406b230a82291799abd870ff3551636b6cfde3404aee2892ae9394b15-1","properties":{"facility_id":"45e604e406b230a82291799abd870ff3551636b6cfde3404aee2892ae9394b15","point_ordinal":1,"zone_group_id":"481701005509","source_manage_no":"481701005509","facility_name":"정다운유아스쿨","sgg_code":"48170","facility_type_code":"1","api_first_registered_on":null,"api_last_modified_on":null,"updated_at":"2026-07-25T01:27:52.347112+00:00"},"geometry":{"type":"Point","coordinates":[128.056447961,35.189058426]}},{"type":"Feature","id":"561b65964b2bef7da6beb90d566f9e6f418f77e165a26089203f4acb01bc897c-1","properties":{"facility_id":"561b65964b2bef7da6beb90d566f9e6f418f77e165a26089203f4acb01bc897c","point_ordinal":1,"zone_group_id":"481701023298","source_manage_no":"481701023298","facility_name":"정원어린이집","sgg_code":"48170","facility_type_code":"1","api_first_registered_on":null,"api_last_modified_on":null,"updated_at":"2026-07-25T01:27:52.347112+00:00"},"geometry":{"type":"Point","coordinates":[128.113048098,35.164477988]}},{"type":"Feature","id":"e076971c3c94901d86332e94d63e3836c3f8be3a749007891b0500cd42ed34ac-1","properties":{"facility_id":"e076971c3c94901d86332e94d63e3836c3f8be3a749007891b0500cd42ed34ac","point_ordinal":1,"zone_group_id":"481701005514","source_manage_no":"481701005514","facility_name":"정촌초등학교","sgg_code":"48170","facility_type_code":"1","api_first_registered_on":null,"api_last_modified_on":null,"updated_at":"2026-07-25T01:27:52.347112+00:00"},"geometry":{"type":"Point","coordinates":[128.109160217,35.159724905]}},{"type":"Feature","id":"f438afeb050b5fd124ab463998fbe40e7b45ee222436ee595c0b0a7d9d9c1ac9-1","properties":{"facility_id":"f438afeb050b5fd124ab463998fbe40e7b45ee222436ee595c0b0a7d9d9c1ac9","point_ordinal":1,"zone_group_id":"481701029442","source_manage_no":"481701029442","facility_name":"정촌초등학교 병설유치원","sgg_code":"48170","facility_type_code":"1","api_first_registered_on":null,"api_last_modified_on":"2025-08-06","updated_at":"2026-07-25T01:27:52.347112+00:00"},"geometry":{"type":"Point","coordinates":[128.109173815,35.159934157]}},{"type":"Feature","id":"a5ffc5b523fb1fd8b962a40d9372c7b788a7018f2d992f6df3ff313f0da7ea27-1","properties":{"facility_id":"a5ffc5b523fb1fd8b962a40d9372c7b788a7018f2d992f6df3ff313f0da7ea27","point_ordinal":1,"zone_group_id":"481702025411","source_manage_no":"481702025411","facility_name":"종합사회복지관","sgg_code":"48170","facility_type_code":"2","api_first_registered_on":null,"api_last_modified_on":null,"updated_at":"2026-07-25T01:27:52.347112+00:00"},"geometry":{"type":"Point","coordinates":[128.120174435,35.182312099]}},{"type":"Feature","id":"61b3516a172bc50cd24e0db115f0d13419111131d3fb00fc65e4cdf636c20210-1","properties":{"facility_id":"61b3516a172bc50cd24e0db115f0d13419111131d3fb00fc65e4cdf636c20210","point_ordinal":1,"zone_group_id":"481701005516","source_manage_no":"481701005516","facility_name":"주약초등학교","sgg_code":"48170","facility_type_code":"1","api_first_registered_on":null,"api_last_modified_on":null,"updated_at":"2026-07-25T01:27:52.347112+00:00"},"geometry":{"type":"Point","coordinates":[128.091493998,35.171913301]}},{"type":"Feature","id":"6fc91bc481e9001dcf361f27bd486e669f31fbf9cd3b5423c7829ceba819772c-1","properties":{"facility_id":"6fc91bc481e9001dcf361f27bd486e669f31fbf9cd3b5423c7829ceba819772c","point_ordinal":1,"zone_group_id":"481701005519","source_manage_no":"481701005519","facility_name":"지수초등학교","sgg_code":"48170","facility_type_code":"1","api_first_registered_on":null,"api_last_modified_on":null,"updated_at":"2026-07-25T01:27:52.347112+00:00"},"geometry":{"type":"Point","coordinates":[128.252493522,35.232677545]}},{"type":"Feature","id":"e7382f30cf3d046a592c9b04b47f96283f885fd45d764e90949b7d5b712bbdc2-1","properties":{"facility_id":"e7382f30cf3d046a592c9b04b47f96283f885fd45d764e90949b7d5b712bbdc2","point_ordinal":1,"zone_group_id":"481701029441","source_manage_no":"481701029441","facility_name":"지수초등학교 병설유치원","sgg_code":"48170","facility_type_code":"1","api_first_registered_on":null,"api_last_modified_on":"2025-08-06","updated_at":"2026-07-25T01:27:52.347112+00:00"},"geometry":{"type":"Point","coordinates":[128.25248385,35.232847856]}},{"type":"Feature","id":"ace1ad0993c78576ed5b375ba4a26f86cfdc0c70685e367511800c9c9eac97d5-1","properties":{"facility_id":"ace1ad0993c78576ed5b375ba4a26f86cfdc0c70685e367511800c9c9eac97d5","point_ordinal":1,"zone_group_id":"481701005521","source_manage_no":"481701005521","facility_name":"진성초등학교","sgg_code":"48170","facility_type_code":"1","api_first_registered_on":null,"api_last_modified_on":null,"updated_at":"2026-07-25T01:27:52.347112+00:00"},"geometry":{"type":"Point","coordinates":[128.224775549,35.169367732]}},{"type":"Feature","id":"896e531cfad3a4de70ec209fbe2b61f85048c35d266e1eb6e494898c597c891d-1","properties":{"facility_id":"896e531cfad3a4de70ec209fbe2b61f85048c35d266e1eb6e494898c597c891d","point_ordinal":1,"zone_group_id":"481701029440","source_manage_no":"481701029440","facility_name":"진성초등학교 병설초등학교","sgg_code":"48170","facility_type_code":"1","api_first_registered_on":null,"api_last_modified_on":"2025-08-06","updated_at":"2026-07-25T01:27:52.347112+00:00"},"geometry":{"type":"Point","coordinates":[128.224767598,35.169460318]}},{"type":"Feature","id":"d5808f4cf620597a0431b4b290e2bb59dd143046a5e4117d723eed2abb54789f-1","properties":{"facility_id":"d5808f4cf620597a0431b4b290e2bb59dd143046a5e4117d723eed2abb54789f","point_ordinal":1,"zone_group_id":"481701005500","source_manage_no":"481701005499","facility_name":"진주교육대학교 부설초등학교","sgg_code":"48170","facility_type_code":"1","api_first_registered_on":null,"api_last_modified_on":null,"updated_at":"2026-07-25T01:27:52.347112+00:00"},"geometry":{"type":"Point","coordinates":[128.06889154,35.185745472]}},{"type":"Feature","id":"a65836f68aff8d5c7ba01d63f341e17df9808064ac172bcd4a593f4d672b01b2-1","properties":{"facility_id":"a65836f68aff8d5c7ba01d63f341e17df9808064ac172bcd4a593f4d672b01b2","point_ordinal":1,"zone_group_id":"481702005454","source_manage_no":"481702005454","facility_name":"진주시종합사회종합복지관","sgg_code":"48170","facility_type_code":"2","api_first_registered_on":null,"api_last_modified_on":null,"updated_at":"2026-07-25T01:27:52.347112+00:00"},"geometry":{"type":"Point","coordinates":[128.077725963,35.190933515]}},{"type":"Feature","id":"5c2325bdd0c9db322228631934d4a9aa382b9356032c247801f03ef6129a647e-1","properties":{"facility_id":"5c2325bdd0c9db322228631934d4a9aa382b9356032c247801f03ef6129a647e","point_ordinal":1,"zone_group_id":"481702005474","source_manage_no":"481702005475","facility_name":"진주요양원","sgg_code":"48170","facility_type_code":"2","api_first_registered_on":null,"api_last_modified_on":null,"updated_at":"2026-07-25T01:27:52.347112+00:00"},"geometry":{"type":"Point","coordinates":[128.174754941,35.153209702]}},{"type":"Feature","id":"9a6716acaeea0b9a58f0a6bca40868930e223759dea40394ecf9aa68e22cd4c0-1","properties":{"facility_id":"9a6716acaeea0b9a58f0a6bca40868930e223759dea40394ecf9aa68e22cd4c0","point_ordinal":1,"zone_group_id":"481701005517","source_manage_no":"481701005517","facility_name":"진주초등학교","sgg_code":"48170","facility_type_code":"1","api_first_registered_on":null,"api_last_modified_on":null,"updated_at":"2026-07-25T01:27:52.347112+00:00"},"geometry":{"type":"Point","coordinates":[128.07870675,35.192093089]}},{"type":"Feature","id":"a1412a3242d51f0b21eb578e5d24aa4b3c5f72b6eacb9c9eb679829f31bcd9c5-1","properties":{"facility_id":"a1412a3242d51f0b21eb578e5d24aa4b3c5f72b6eacb9c9eb679829f31bcd9c5","point_ordinal":1,"zone_group_id":"481701029439","source_manage_no":"481701029439","facility_name":"진주초등학교 병설유치원","sgg_code":"48170","facility_type_code":"1","api_first_registered_on":null,"api_last_modified_on":"2025-08-06","updated_at":"2026-07-25T01:27:52.347112+00:00"},"geometry":{"type":"Point","coordinates":[128.078717148,35.192268543]}},{"type":"Feature","id":"f46d6ab7386a87f22f61a7ef95bfe4f4c7260bedb159fce0a0bb6adef0787509-1","properties":{"facility_id":"f46d6ab7386a87f22f61a7ef95bfe4f4c7260bedb159fce0a0bb6adef0787509","point_ordinal":1,"zone_group_id":"481701029435","source_manage_no":"481701029435","facility_name":"진주혜광학교","sgg_code":"48170","facility_type_code":"1","api_first_registered_on":null,"api_last_modified_on":"2025-08-06","updated_at":"2026-07-25T01:27:52.347112+00:00"},"geometry":{"type":"Point","coordinates":[128.168272886,35.164069861]}},{"type":"Feature","id":"ce05952c28bb13b9f80af9551098da733b07a50d36dac23133b7fed8a5b912b4-1","properties":{"facility_id":"ce05952c28bb13b9f80af9551098da733b07a50d36dac23133b7fed8a5b912b4","point_ordinal":1,"zone_group_id":"481703005473","source_manage_no":"481703005473","facility_name":"진주혜광학교","sgg_code":"48170","facility_type_code":"3","api_first_registered_on":null,"api_last_modified_on":null,"updated_at":"2026-07-25T01:27:52.347112+00:00"},"geometry":{"type":"Point","coordinates":[128.168267405,35.164075072]}},{"type":"Feature","id":"f4b46e03b701877b4b82d43a8168821f6633fa0e31021774a6ad53e2efea3eae-1","properties":{"facility_id":"f4b46e03b701877b4b82d43a8168821f6633fa0e31021774a6ad53e2efea3eae","point_ordinal":1,"zone_group_id":"481701005523","source_manage_no":"481701005523","facility_name":"집현초등학교","sgg_code":"48170","facility_type_code":"1","api_first_registered_on":null,"api_last_modified_on":null,"updated_at":"2026-07-25T01:27:52.347112+00:00"},"geometry":{"type":"Point","coordinates":[128.092788028,35.241202395]}},{"type":"Feature","id":"8060dc72e8b612b85dcca853704f4c5238e1acc9531daabaa14c7ee3bb7aa6eb-1","properties":{"facility_id":"8060dc72e8b612b85dcca853704f4c5238e1acc9531daabaa14c7ee3bb7aa6eb","point_ordinal":1,"zone_group_id":"481701005488","source_manage_no":"481701005489","facility_name":"참빛유치원","sgg_code":"48170","facility_type_code":"1","api_first_registered_on":null,"api_last_modified_on":null,"updated_at":"2026-07-25T01:27:52.347112+00:00"},"geometry":{"type":"Point","coordinates":[128.110084747,35.1835432]}},{"type":"Feature","id":"300b5114016f48773c7b35f1977e580d8838ff3a1982162f5353e39a1d686e21-1","properties":{"facility_id":"300b5114016f48773c7b35f1977e580d8838ff3a1982162f5353e39a1d686e21","point_ordinal":1,"zone_group_id":"481701005532","source_manage_no":"481701005532","facility_name":"천전초등학교","sgg_code":"48170","facility_type_code":"1","api_first_registered_on":null,"api_last_modified_on":null,"updated_at":"2026-07-25T01:27:52.347112+00:00"},"geometry":{"type":"Point","coordinates":[128.090387384,35.185931137]}},{"type":"Feature","id":"3cf4f81f00f47af00658faabedb52cb2792e1582ff1a99515653afc237795297-1","properties":{"facility_id":"3cf4f81f00f47af00658faabedb52cb2792e1582ff1a99515653afc237795297","point_ordinal":1,"zone_group_id":"481702005490","source_manage_no":"481702005490","facility_name":"청락원","sgg_code":"48170","facility_type_code":"2","api_first_registered_on":null,"api_last_modified_on":null,"updated_at":"2026-07-25T01:27:52.347112+00:00"},"geometry":{"type":"Point","coordinates":[128.102643354,35.185726501]}},{"type":"Feature","id":"d90ce00d2ab3a03ed78bc3d9f444bc83f3e3bdfdb88edba417038162f423a01d-1","properties":{"facility_id":"d90ce00d2ab3a03ed78bc3d9f444bc83f3e3bdfdb88edba417038162f423a01d","point_ordinal":1,"zone_group_id":"481701005528","source_manage_no":"481701005528","facility_name":"초전초등학교","sgg_code":"48170","facility_type_code":"1","api_first_registered_on":null,"api_last_modified_on":null,"updated_at":"2026-07-25T01:27:52.347112+00:00"},"geometry":{"type":"Point","coordinates":[128.113868485,35.207644489]}},{"type":"Feature","id":"6fff1467c06f41b01e2e53f2967b8f787f0e8edc060701b3a20ac3018a04253f-1","properties":{"facility_id":"6fff1467c06f41b01e2e53f2967b8f787f0e8edc060701b3a20ac3018a04253f","point_ordinal":1,"zone_group_id":"481701005506","source_manage_no":"481701005506","facility_name":"촉석초등학교","sgg_code":"48170","facility_type_code":"1","api_first_registered_on":null,"api_last_modified_on":null,"updated_at":"2026-07-25T01:27:52.347112+00:00"},"geometry":{"type":"Point","coordinates":[128.062630821,35.190499634]}},{"type":"Feature","id":"4721262987cbcc16127918073f888ef0ec90ce29e26e0a73ff4d6be635516179-1","properties":{"facility_id":"4721262987cbcc16127918073f888ef0ec90ce29e26e0a73ff4d6be635516179","point_ordinal":1,"zone_group_id":"481701029438","source_manage_no":"481701029438","facility_name":"촉석초등학교 병설유치원","sgg_code":"48170","facility_type_code":"1","api_first_registered_on":null,"api_last_modified_on":"2025-08-06","updated_at":"2026-07-25T01:27:52.347112+00:00"},"geometry":{"type":"Point","coordinates":[128.06263029,35.190427915]}},{"type":"Feature","id":"a55f7da6f2f0b51ca144c8712ac2d0ee99133a7fa6dbcec747e84c5638732680-1","properties":{"facility_id":"a55f7da6f2f0b51ca144c8712ac2d0ee99133a7fa6dbcec747e84c5638732680","point_ordinal":1,"zone_group_id":"481701023230","source_manage_no":"481701023230","facility_name":"충무공초등학교","sgg_code":"48170","facility_type_code":"1","api_first_registered_on":null,"api_last_modified_on":null,"updated_at":"2026-07-25T01:27:52.347112+00:00"},"geometry":{"type":"Point","coordinates":[128.149737198,35.17347501]}},{"type":"Feature","id":"12cf7b3eb4ab8393889ba5a7590e1efe6d182b1c6a375f9a08975585eade5b6c-1","properties":{"facility_id":"12cf7b3eb4ab8393889ba5a7590e1efe6d182b1c6a375f9a08975585eade5b6c","point_ordinal":1,"zone_group_id":"481701029437","source_manage_no":"481701029437","facility_name":"충무공초등학교 병설유치원","sgg_code":"48170","facility_type_code":"1","api_first_registered_on":null,"api_last_modified_on":"2025-08-06","updated_at":"2026-07-25T01:27:52.347112+00:00"},"geometry":{"type":"Point","coordinates":[128.14973129,35.173535132]}},{"type":"Feature","id":"0fa3848d9bf5408c099df7a4a5589c5e8d613c147b91d01bfa575cd29c32e9cd-1","properties":{"facility_id":"0fa3848d9bf5408c099df7a4a5589c5e8d613c147b91d01bfa575cd29c32e9cd","point_ordinal":1,"zone_group_id":"481701005539","source_manage_no":"481701005539","facility_name":"평거초등학교","sgg_code":"48170","facility_type_code":"1","api_first_registered_on":null,"api_last_modified_on":null,"updated_at":"2026-07-25T01:27:52.347112+00:00"},"geometry":{"type":"Point","coordinates":[128.045261591,35.168604567]}},{"type":"Feature","id":"aba9e219904702da3fca8a5925ef0ff32c8b72b80bfa3bae5261a2cbbadbc6d0-1","properties":{"facility_id":"aba9e219904702da3fca8a5925ef0ff32c8b72b80bfa3bae5261a2cbbadbc6d0","point_ordinal":1,"zone_group_id":"481701029436","source_manage_no":"481701029436","facility_name":"평거초등학교 병설유치원","sgg_code":"48170","facility_type_code":"1","api_first_registered_on":null,"api_last_modified_on":"2025-08-06","updated_at":"2026-07-25T01:27:52.347112+00:00"},"geometry":{"type":"Point","coordinates":[128.04526723,35.168605197]}},{"type":"Feature","id":"ba9155c240ac08b690a0b7be8e9e90ac586fac66a32d8dcfb77a0363de155920-1","properties":{"facility_id":"ba9155c240ac08b690a0b7be8e9e90ac586fac66a32d8dcfb77a0363de155920","point_ordinal":1,"zone_group_id":"481701005453","source_manage_no":"481701005453","facility_name":"푸른꿈어린이집","sgg_code":"48170","facility_type_code":"1","api_first_registered_on":"2011-07-29","api_last_modified_on":null,"updated_at":"2026-07-25T01:27:52.347112+00:00"},"geometry":{"type":"Point","coordinates":[128.156023997,35.215971468]}},{"type":"Feature","id":"ce314a72ab36019537c669e21601d3383192e510ed6df2eb882904ebc1637c28-1","properties":{"facility_id":"ce314a72ab36019537c669e21601d3383192e510ed6df2eb882904ebc1637c28","point_ordinal":1,"zone_group_id":"481702005546","source_manage_no":"481702005546","facility_name":"프란치스꼬의집","sgg_code":"48170","facility_type_code":"2","api_first_registered_on":null,"api_last_modified_on":null,"updated_at":"2026-07-25T01:27:52.347112+00:00"},"geometry":{"type":"Point","coordinates":[128.128087248,35.192269783]}},{"type":"Feature","id":"c87f043c9eddcb5bb5bafb8b2a07cd007ac0b16379ea6d00c78f47d46f918560-1","properties":{"facility_id":"c87f043c9eddcb5bb5bafb8b2a07cd007ac0b16379ea6d00c78f47d46f918560","point_ordinal":1,"zone_group_id":"481701005495","source_manage_no":"481701005495","facility_name":"한마음어린이집","sgg_code":"48170","facility_type_code":"1","api_first_registered_on":null,"api_last_modified_on":null,"updated_at":"2026-07-25T01:27:52.347112+00:00"},"geometry":{"type":"Point","coordinates":[128.119756019,35.185802446]}},{"type":"Feature","id":"b12bb3987f9b6e9fd6c5aa62bb20c5c8d255fab24ee3822f33622821626fda74-1","properties":{"facility_id":"b12bb3987f9b6e9fd6c5aa62bb20c5c8d255fab24ee3822f33622821626fda74","point_ordinal":1,"zone_group_id":"481701005463","source_manage_no":"481701005465","facility_name":"한샘유치원","sgg_code":"48170","facility_type_code":"1","api_first_registered_on":null,"api_last_modified_on":null,"updated_at":"2026-07-25T01:27:52.347112+00:00"},"geometry":{"type":"Point","coordinates":[128.08497113,35.179600427]}},{"type":"Feature","id":"74ff32a67dbec831e4b3c823536b12163e68c1f5a0205bfabec9f72503d2a58f-1","properties":{"facility_id":"74ff32a67dbec831e4b3c823536b12163e68c1f5a0205bfabec9f72503d2a58f","point_ordinal":1,"zone_group_id":"481701005537","source_manage_no":"481701005502","facility_name":"한울유치원","sgg_code":"48170","facility_type_code":"1","api_first_registered_on":"2010-01-01","api_last_modified_on":null,"updated_at":"2026-07-25T01:27:52.347112+00:00"},"geometry":{"type":"Point","coordinates":[128.067194112,35.176979872]}},{"type":"Feature","id":"f23ad54b2fe8e38153e1db93bcec36b9008002871f56345e8040738a92751ab6-1","properties":{"facility_id":"f23ad54b2fe8e38153e1db93bcec36b9008002871f56345e8040738a92751ab6","point_ordinal":1,"zone_group_id":"482202025290","source_manage_no":"482202025290","facility_name":"가오치마을","sgg_code":"48220","facility_type_code":"2","api_first_registered_on":"2021-07-19","api_last_modified_on":null,"updated_at":"2026-07-25T01:27:52.347112+00:00"},"geometry":{"type":"Point","coordinates":[128.321377307,34.905294677]}},{"type":"Feature","id":"15e0b4785521259b462879a3e3eed8cc42bc51013e05dd7e025f24369c24fe93-1","properties":{"facility_id":"15e0b4785521259b462879a3e3eed8cc42bc51013e05dd7e025f24369c24fe93","point_ordinal":1,"zone_group_id":"482201020463","source_manage_no":"482201020463","facility_name":"광도초등학교","sgg_code":"48220","facility_type_code":"1","api_first_registered_on":"1998-01-20","api_last_modified_on":null,"updated_at":"2026-07-25T01:27:52.347112+00:00"},"geometry":{"type":"Point","coordinates":[128.406181548,34.900229772]}},{"type":"Feature","id":"d3b7e978b80f7c4fab206bf5ed119aa3cc841fa39f5e41de4bd4186e9c669bb9-1","properties":{"facility_id":"d3b7e978b80f7c4fab206bf5ed119aa3cc841fa39f5e41de4bd4186e9c669bb9","point_ordinal":1,"zone_group_id":"482201005790","source_manage_no":"482201005790","facility_name":"남포초등학교","sgg_code":"48220","facility_type_code":"1","api_first_registered_on":"2008-08-10","api_last_modified_on":null,"updated_at":"2026-07-25T01:27:52.347112+00:00"},"geometry":{"type":"Point","coordinates":[128.432873118,34.824394846]}},{"type":"Feature","id":"78fec34353e1db73c30edb50602d289cb9ebe6aed3adeba04eb6203873559ddd-1","properties":{"facility_id":"78fec34353e1db73c30edb50602d289cb9ebe6aed3adeba04eb6203873559ddd","point_ordinal":1,"zone_group_id":"482202029283","source_manage_no":"482202029283","facility_name":"달아경로당","sgg_code":"48220","facility_type_code":"2","api_first_registered_on":"2025-04-10","api_last_modified_on":"2025-06-13","updated_at":"2026-07-25T01:27:52.347112+00:00"},"geometry":{"type":"Point","coordinates":[128.406771637,34.768763522]}},{"type":"Feature","id":"ce22e887aeb52fc2cbc14dc8896e5402e84c092c51ee356fed1bb2df0fd55bac-1","properties":{"facility_id":"ce22e887aeb52fc2cbc14dc8896e5402e84c092c51ee356fed1bb2df0fd55bac","point_ordinal":1,"zone_group_id":"482201005774","source_manage_no":"482201005774","facility_name":"도산초등학교","sgg_code":"48220","facility_type_code":"1","api_first_registered_on":"1998-01-20","api_last_modified_on":null,"updated_at":"2026-07-25T01:27:52.347112+00:00"},"geometry":{"type":"Point","coordinates":[128.362098958,34.902700079]}},{"type":"Feature","id":"156b8f92c22aec51ab5bb0785858fa1f91c64a17568d0ea1edf227ea7f05bcab-1","properties":{"facility_id":"156b8f92c22aec51ab5bb0785858fa1f91c64a17568d0ea1edf227ea7f05bcab","point_ordinal":1,"zone_group_id":"482201019893","source_manage_no":"482201019893","facility_name":"도천어린이집","sgg_code":"48220","facility_type_code":"1","api_first_registered_on":"2017-08-16","api_last_modified_on":null,"updated_at":"2026-07-25T01:27:52.347112+00:00"},"geometry":{"type":"Point","coordinates":[128.409378049,34.844026974]}},{"type":"Feature","id":"5efd5ced07579bcf2b85394f1eb4d85039339e7f1d1c5304f992f82c33ec6fc4-1","properties":{"facility_id":"5efd5ced07579bcf2b85394f1eb4d85039339e7f1d1c5304f992f82c33ec6fc4","point_ordinal":1,"zone_group_id":"482202029284","source_manage_no":"482202029284","facility_name":"동촌경로당","sgg_code":"48220","facility_type_code":"2","api_first_registered_on":"2025-06-10","api_last_modified_on":"2025-06-13","updated_at":"2026-07-25T01:27:52.347112+00:00"},"geometry":{"type":"Point","coordinates":[128.308384719,34.895548404]}},{"type":"Feature","id":"a581d8275a0714933c3e6092ae10dcc479bff9603897c34f232ad27701765f53-1","properties":{"facility_id":"a581d8275a0714933c3e6092ae10dcc479bff9603897c34f232ad27701765f53","point_ordinal":1,"zone_group_id":"482201005777","source_manage_no":"482201005777","facility_name":"두룡초등학교","sgg_code":"48220","facility_type_code":"1","api_first_registered_on":"1996-02-10","api_last_modified_on":null,"updated_at":"2026-07-25T01:27:52.347112+00:00"},"geometry":{"type":"Point","coordinates":[128.41154955,34.837902868]}},{"type":"Feature","id":"b13a104f598e325196c672e06026254d594f5d72f24e859c45e0b74dd9d6089a-1","properties":{"facility_id":"b13a104f598e325196c672e06026254d594f5d72f24e859c45e0b74dd9d6089a","point_ordinal":1,"zone_group_id":"482202027207","source_manage_no":"482202027207","facility_name":"마상촌경로당","sgg_code":"48220","facility_type_code":"2","api_first_registered_on":"2024-04-05","api_last_modified_on":null,"updated_at":"2026-07-25T01:27:52.347112+00:00"},"geometry":{"type":"Point","coordinates":[128.333884353,34.905407023]}},{"type":"Feature","id":"3efe29ace401dc6e23dc5979daef3c0382cca1feb812127b0197d39d0ba4dfe8-1","properties":{"facility_id":"3efe29ace401dc6e23dc5979daef3c0382cca1feb812127b0197d39d0ba4dfe8","point_ordinal":1,"zone_group_id":"482201005770","source_manage_no":"482201005770","facility_name":"벽방초등학교","sgg_code":"48220","facility_type_code":"1","api_first_registered_on":"1998-01-20","api_last_modified_on":null,"updated_at":"2026-07-25T01:27:52.347112+00:00"},"geometry":{"type":"Point","coordinates":[128.410613581,34.94851939]}},{"type":"Feature","id":"52ace922c3cee8a453fef8de66620cd36cff0e1e04bbd91d60b6de6488700464-1","properties":{"facility_id":"52ace922c3cee8a453fef8de66620cd36cff0e1e04bbd91d60b6de6488700464","point_ordinal":1,"zone_group_id":"482201005800","source_manage_no":"482201005800","facility_name":"사량초등학교","sgg_code":"48220","facility_type_code":"1","api_first_registered_on":"2008-08-10","api_last_modified_on":null,"updated_at":"2026-07-25T01:27:52.347112+00:00"},"geometry":{"type":"Point","coordinates":[128.219249058,34.845999326]}},{"type":"Feature","id":"9b4ba745a0b3918829f53a4bca477db8e60a95024694499fe9e0e557ce2ecf27-1","properties":{"facility_id":"9b4ba745a0b3918829f53a4bca477db8e60a95024694499fe9e0e557ce2ecf27","point_ordinal":1,"zone_group_id":"482201005801","source_manage_no":"482201005801","facility_name":"산양초등학교","sgg_code":"48220","facility_type_code":"1","api_first_registered_on":"1998-01-20","api_last_modified_on":null,"updated_at":"2026-07-25T01:27:52.347112+00:00"},"geometry":{"type":"Point","coordinates":[128.390354968,34.801548957]}},{"type":"Feature","id":"eab4dbbebbdba48a4f934239338f54e29d10ed9137f54e953e974dbe99df6aae-1","properties":{"facility_id":"eab4dbbebbdba48a4f934239338f54e29d10ed9137f54e953e974dbe99df6aae","point_ordinal":1,"zone_group_id":"482201019892","source_manage_no":"482201019892","facility_name":"산양초등학교 풍화분교","sgg_code":"48220","facility_type_code":"1","api_first_registered_on":"2015-03-02","api_last_modified_on":null,"updated_at":"2026-07-25T01:27:52.347112+00:00"},"geometry":{"type":"Point","coordinates":[128.35856609,34.82693101]}},{"type":"Feature","id":"418c3064078a9adcac627959906070e3c6eae996de6e75fc80ff41fa394df930-1","properties":{"facility_id":"418c3064078a9adcac627959906070e3c6eae996de6e75fc80ff41fa394df930","point_ordinal":1,"zone_group_id":"482202029591","source_manage_no":"482202029591","facility_name":"손덕경로당","sgg_code":"48220","facility_type_code":"2","api_first_registered_on":null,"api_last_modified_on":"2025-10-02","updated_at":"2026-07-25T01:27:52.347112+00:00"},"geometry":{"type":"Point","coordinates":[128.420980395,34.901494103]}},{"type":"Feature","id":"93067880a8dd996339c99a1114885f4c4ec131d9586b4f8caa51c989cf35567e-1","properties":{"facility_id":"93067880a8dd996339c99a1114885f4c4ec131d9586b4f8caa51c989cf35567e","point_ordinal":1,"zone_group_id":"482202030036","source_manage_no":"482202030036","facility_name":"수월경로당","sgg_code":"48220","facility_type_code":"2","api_first_registered_on":"2026-04-16","api_last_modified_on":"2026-04-17","updated_at":"2026-07-25T01:27:52.347112+00:00"},"geometry":{"type":"Point","coordinates":[128.344695569,34.824763603]}},{"type":"Feature","id":"b59c0374ad449a0cb66280e8664799565fef96678f5a29cc90a54cbf5de67d30-1","properties":{"facility_id":"b59c0374ad449a0cb66280e8664799565fef96678f5a29cc90a54cbf5de67d30","point_ordinal":1,"zone_group_id":"482202019887","source_manage_no":"482202019887","facility_name":"신봉경로당","sgg_code":"48220","facility_type_code":"2","api_first_registered_on":"2020-11-10","api_last_modified_on":null,"updated_at":"2026-07-25T01:27:52.347112+00:00"},"geometry":{"type":"Point","coordinates":[128.416958983,34.794748097]}},{"type":"Feature","id":"b5e53d523b06e4366d4b0a652e91d2b75e90aaee7faf6e75f1e24e375497a7f2-1","properties":{"facility_id":"b5e53d523b06e4366d4b0a652e91d2b75e90aaee7faf6e75f1e24e375497a7f2","point_ordinal":1,"zone_group_id":"482201005786","source_manage_no":"482201005786","facility_name":"신화유치원","sgg_code":"48220","facility_type_code":"1","api_first_registered_on":"2008-08-10","api_last_modified_on":null,"updated_at":"2026-07-25T01:27:52.347112+00:00"},"geometry":{"type":"Point","coordinates":[128.400556729,34.827064014]}},{"type":"Feature","id":"438271f634f9b882d8aeee71125ff07e28e55d17c1273ef5c4c6cac4e4284df4-1","properties":{"facility_id":"438271f634f9b882d8aeee71125ff07e28e55d17c1273ef5c4c6cac4e4284df4","point_ordinal":1,"zone_group_id":"482202026893","source_manage_no":"482202026893","facility_name":"양촌경로당","sgg_code":"48220","facility_type_code":"2","api_first_registered_on":"2023-09-01","api_last_modified_on":null,"updated_at":"2026-07-25T01:27:52.347112+00:00"},"geometry":{"type":"Point","coordinates":[128.445510172,34.889096801]}},{"type":"Feature","id":"36e5288b16061451b55f12c9b150303662fb791ba2a27b3e53c80b5f546cecd8-1","properties":{"facility_id":"36e5288b16061451b55f12c9b150303662fb791ba2a27b3e53c80b5f546cecd8","point_ordinal":1,"zone_group_id":"482201005787","source_manage_no":"482201005787","facility_name":"영재어린이집","sgg_code":"48220","facility_type_code":"1","api_first_registered_on":"2008-08-10","api_last_modified_on":null,"updated_at":"2026-07-25T01:27:52.347112+00:00"},"geometry":{"type":"Point","coordinates":[128.400275114,34.824297784]}},{"type":"Feature","id":"f5cabea9e3fa0da7506e4e98d74b2751edc18f5a29b8a8bf39d357737d94da2e-1","properties":{"facility_id":"f5cabea9e3fa0da7506e4e98d74b2751edc18f5a29b8a8bf39d357737d94da2e","point_ordinal":1,"zone_group_id":"482202019888","source_manage_no":"482202019888","facility_name":"오륜마을","sgg_code":"48220","facility_type_code":"2","api_first_registered_on":"2018-09-28","api_last_modified_on":null,"updated_at":"2026-07-25T01:27:52.347112+00:00"},"geometry":{"type":"Point","coordinates":[128.34360956,34.903326012]}},{"type":"Feature","id":"892f6395065b70fda38f65640f8e520a93bc56ac761beb99434b2c530c96a0f1-1","properties":{"facility_id":"892f6395065b70fda38f65640f8e520a93bc56ac761beb99434b2c530c96a0f1","point_ordinal":1,"zone_group_id":"482201005804","source_manage_no":"482201005804","facility_name":"욕지초등학교","sgg_code":"48220","facility_type_code":"1","api_first_registered_on":"2009-03-13","api_last_modified_on":null,"updated_at":"2026-07-25T01:27:52.347112+00:00"},"geometry":{"type":"Point","coordinates":[128.262229135,34.6353242]}},{"type":"Feature","id":"ba77dcca4a17cf777e81c90bdd0970ea1a99960d6389ee4134bd0e37e9daabef-1","properties":{"facility_id":"ba77dcca4a17cf777e81c90bdd0970ea1a99960d6389ee4134bd0e37e9daabef","point_ordinal":1,"zone_group_id":"482201005807","source_manage_no":"482201005807","facility_name":"용남초등학교","sgg_code":"48220","facility_type_code":"1","api_first_registered_on":"1997-01-20","api_last_modified_on":null,"updated_at":"2026-07-25T01:27:52.347112+00:00"},"geometry":{"type":"Point","coordinates":[128.443927468,34.869341681]}},{"type":"Feature","id":"5960a8645fec73be46cd81d642491f08125762a496cceffbbe9f6a39eae4bb14-1","properties":{"facility_id":"5960a8645fec73be46cd81d642491f08125762a496cceffbbe9f6a39eae4bb14","point_ordinal":1,"zone_group_id":"482202026369","source_manage_no":"482202026369","facility_name":"용호경로당","sgg_code":"48220","facility_type_code":"2","api_first_registered_on":"2023-05-12","api_last_modified_on":null,"updated_at":"2026-07-25T01:27:52.347112+00:00"},"geometry":{"type":"Point","coordinates":[128.393495232,34.873706072]}},{"type":"Feature","id":"b1231eabda903734441aa6718e5094f9fdfa4788e4b50214659a37128eef7830-1","properties":{"facility_id":"b1231eabda903734441aa6718e5094f9fdfa4788e4b50214659a37128eef7830","point_ordinal":1,"zone_group_id":"482201005809","source_manage_no":"482201005809","facility_name":"원평초등학교","sgg_code":"48220","facility_type_code":"1","api_first_registered_on":"2007-03-10","api_last_modified_on":null,"updated_at":"2026-07-25T01:27:52.347112+00:00"},"geometry":{"type":"Point","coordinates":[128.459145007,34.894378504]}},{"type":"Feature","id":"721cda72561829a9893814c1f93bba23114782d8ff74fd7e8b41bf94dd60e934-1","properties":{"facility_id":"721cda72561829a9893814c1f93bba23114782d8ff74fd7e8b41bf94dd60e934","point_ordinal":1,"zone_group_id":"482201020240","source_manage_no":"482201020240","facility_name":"유리나 어린이집","sgg_code":"48220","facility_type_code":"1","api_first_registered_on":"2020-01-10","api_last_modified_on":null,"updated_at":"2026-07-25T01:27:52.347112+00:00"},"geometry":{"type":"Point","coordinates":[128.451987465,34.869566902]}},{"type":"Feature","id":"da440e2a31514c77023189f4b17a46de310cbe6e15995811b3e79e35c1a405b8-1","properties":{"facility_id":"da440e2a31514c77023189f4b17a46de310cbe6e15995811b3e79e35c1a405b8","point_ordinal":1,"zone_group_id":"482201005797","source_manage_no":"482201005797","facility_name":"유영초등학교","sgg_code":"48220","facility_type_code":"1","api_first_registered_on":"2004-03-10","api_last_modified_on":null,"updated_at":"2026-07-25T01:27:52.347112+00:00"},"geometry":{"type":"Point","coordinates":[128.427022574,34.850925763]}},{"type":"Feature","id":"f62bb9d2bc12d3c6fcfd833e11dd74904e168a96261e9f3f6945dbb48de9b444-1","properties":{"facility_id":"f62bb9d2bc12d3c6fcfd833e11dd74904e168a96261e9f3f6945dbb48de9b444","point_ordinal":1,"zone_group_id":"482201005811","source_manage_no":"482201005811","facility_name":"인평초등학교","sgg_code":"48220","facility_type_code":"1","api_first_registered_on":"1996-01-20","api_last_modified_on":null,"updated_at":"2026-07-25T01:27:52.347112+00:00"},"geometry":{"type":"Point","coordinates":[128.39535492,34.842250186]}},{"type":"Feature","id":"e77c2870ee157e3ebe364c65759ee50ac226f2cd281d3d738c67ae3af2eaae41-1","properties":{"facility_id":"e77c2870ee157e3ebe364c65759ee50ac226f2cd281d3d738c67ae3af2eaae41","point_ordinal":1,"zone_group_id":"482201005772","source_manage_no":"482201019891","facility_name":"제석초등학교","sgg_code":"48220","facility_type_code":"1","api_first_registered_on":"2015-03-02","api_last_modified_on":null,"updated_at":"2026-07-25T01:27:52.347112+00:00"},"geometry":{"type":"Point","coordinates":[128.416338115,34.875429462]}},{"type":"Feature","id":"e083e7961eca740fb4fbc4e9fcbbfcfc5e6d46dccfece7974b6f063e283a196d-1","properties":{"facility_id":"e083e7961eca740fb4fbc4e9fcbbfcfc5e6d46dccfece7974b6f063e283a196d","point_ordinal":1,"zone_group_id":"482201005772","source_manage_no":"482201005772","facility_name":"죽림초등학교","sgg_code":"48220","facility_type_code":"1","api_first_registered_on":"2007-03-10","api_last_modified_on":null,"updated_at":"2026-07-25T01:27:52.347112+00:00"},"geometry":{"type":"Point","coordinates":[128.416207882,34.876650277]}},{"type":"Feature","id":"7a9a745ced52d87817a76d763c17ebb0659928deceb8e28364aa48a3b2a1ebb3-1","properties":{"facility_id":"7a9a745ced52d87817a76d763c17ebb0659928deceb8e28364aa48a3b2a1ebb3","point_ordinal":1,"zone_group_id":"482201005779","source_manage_no":"482201005779","facility_name":"중앙유치원","sgg_code":"48220","facility_type_code":"1","api_first_registered_on":"2010-02-23","api_last_modified_on":null,"updated_at":"2026-07-25T01:27:52.347112+00:00"},"geometry":{"type":"Point","coordinates":[128.415283204,34.840597261]}},{"type":"Feature","id":"d8f6f2ba903df8a4cc2aedc9eecb3c2ba0434e0a06608c0dfcc8954374495047-1","properties":{"facility_id":"d8f6f2ba903df8a4cc2aedc9eecb3c2ba0434e0a06608c0dfcc8954374495047","point_ordinal":1,"zone_group_id":"482201005788","source_manage_no":"482201005788","facility_name":"진남초등학교","sgg_code":"48220","facility_type_code":"1","api_first_registered_on":"2000-01-20","api_last_modified_on":null,"updated_at":"2026-07-25T01:27:52.347112+00:00"},"geometry":{"type":"Point","coordinates":[128.40877866,34.832909202]}},{"type":"Feature","id":"3d46bbed60440f89d5683815abed1346a5ec624bcbd072ede5284254d75433c7-1","properties":{"facility_id":"3d46bbed60440f89d5683815abed1346a5ec624bcbd072ede5284254d75433c7","point_ordinal":1,"zone_group_id":"482202028583","source_manage_no":"482202028583","facility_name":"창포경로당","sgg_code":"48220","facility_type_code":"2","api_first_registered_on":"2025-01-16","api_last_modified_on":"2025-03-19","updated_at":"2026-07-25T01:27:52.347112+00:00"},"geometry":{"type":"Point","coordinates":[128.417549194,34.910447377]}},{"type":"Feature","id":"8bca34329775d0681db99471583b5b33e86eff76c58ff88e92195bfdcd4dae0d-1","properties":{"facility_id":"8bca34329775d0681db99471583b5b33e86eff76c58ff88e92195bfdcd4dae0d","point_ordinal":1,"zone_group_id":"482201005793","source_manage_no":"482201005793","facility_name":"축복어린이집","sgg_code":"48220","facility_type_code":"1","api_first_registered_on":"2010-02-23","api_last_modified_on":null,"updated_at":"2026-07-25T01:27:52.347112+00:00"},"geometry":{"type":"Point","coordinates":[128.41733737,34.826614013]}},{"type":"Feature","id":"98f182d3d0f4744042637aef1ef355dc824420dcfcc4858bba9b5d1bc197506d-1","properties":{"facility_id":"98f182d3d0f4744042637aef1ef355dc824420dcfcc4858bba9b5d1bc197506d","point_ordinal":1,"zone_group_id":"482201005780","source_manage_no":"482201005780","facility_name":"충렬초등학교","sgg_code":"48220","facility_type_code":"1","api_first_registered_on":"1996-02-10","api_last_modified_on":null,"updated_at":"2026-07-25T01:27:52.347112+00:00"},"geometry":{"type":"Point","coordinates":[128.41670957,34.84692566]}},{"type":"Feature","id":"4e153b96b99c7d85f7f88fd9bffcb5600c46ec57f1284a9492568d8331e7e0e3-1","properties":{"facility_id":"4e153b96b99c7d85f7f88fd9bffcb5600c46ec57f1284a9492568d8331e7e0e3","point_ordinal":1,"zone_group_id":"482201005814","source_manage_no":"482201005814","facility_name":"충무초등학교","sgg_code":"48220","facility_type_code":"1","api_first_registered_on":"1998-01-20","api_last_modified_on":null,"updated_at":"2026-07-25T01:27:52.347112+00:00"},"geometry":{"type":"Point","coordinates":[128.430170334,34.848303832]}},{"type":"Feature","id":"821752edca60ee1144f1a8aab7f6c0f6aaa6c3b642e4f5040aeedaa4bb018ddc-1","properties":{"facility_id":"821752edca60ee1144f1a8aab7f6c0f6aaa6c3b642e4f5040aeedaa4bb018ddc","point_ordinal":1,"zone_group_id":"482201005772","source_manage_no":"482201005773","facility_name":"통영유치원","sgg_code":"48220","facility_type_code":"1","api_first_registered_on":"2009-03-13","api_last_modified_on":null,"updated_at":"2026-07-25T01:27:52.347112+00:00"},"geometry":{"type":"Point","coordinates":[128.414860052,34.876471065]}},{"type":"Feature","id":"0cdc5561fd21f5c004b6af3ae126e0f64cd33bb9301dc68833c42a79ee9b2ce1-1","properties":{"facility_id":"0cdc5561fd21f5c004b6af3ae126e0f64cd33bb9301dc68833c42a79ee9b2ce1","point_ordinal":1,"zone_group_id":"482201005776","source_manage_no":"482201005776","facility_name":"통영잠포학교","sgg_code":"48220","facility_type_code":"1","api_first_registered_on":"2010-09-01","api_last_modified_on":null,"updated_at":"2026-07-25T01:27:52.347112+00:00"},"geometry":{"type":"Point","coordinates":[128.357355755,34.88060133]}},{"type":"Feature","id":"13b5b570f634d7cc6738f3fbb3674383408352dcf66921d650baebaca5845aab-1","properties":{"facility_id":"13b5b570f634d7cc6738f3fbb3674383408352dcf66921d650baebaca5845aab","point_ordinal":1,"zone_group_id":"482201005783","source_manage_no":"482201005783","facility_name":"통영초등학교","sgg_code":"48220","facility_type_code":"1","api_first_registered_on":"1996-01-20","api_last_modified_on":null,"updated_at":"2026-07-25T01:27:52.347112+00:00"},"geometry":{"type":"Point","coordinates":[128.424923226,34.862959707]}},{"type":"Feature","id":"c72902118efd97beaec77fa67f0c0b659116c23c421fa5f28c5da33813e3cf84-1","properties":{"facility_id":"c72902118efd97beaec77fa67f0c0b659116c23c421fa5f28c5da33813e3cf84","point_ordinal":1,"zone_group_id":"482201005795","source_manage_no":"482201005795","facility_name":"한려초등학교","sgg_code":"48220","facility_type_code":"1","api_first_registered_on":"2000-01-20","api_last_modified_on":null,"updated_at":"2026-07-25T01:27:52.347112+00:00"},"geometry":{"type":"Point","coordinates":[128.42310778,34.827291748]}},{"type":"Feature","id":"9c14328ca7b2bd3c94447ec7a885792754a608084fc0dba1cd595146d33ad571-1","properties":{"facility_id":"9c14328ca7b2bd3c94447ec7a885792754a608084fc0dba1cd595146d33ad571","point_ordinal":1,"zone_group_id":"482201019890","source_manage_no":"482201019890","facility_name":"한산초등학교","sgg_code":"48220","facility_type_code":"1","api_first_registered_on":"2015-03-02","api_last_modified_on":null,"updated_at":"2026-07-25T01:27:52.347112+00:00"},"geometry":{"type":"Point","coordinates":[128.506903858,34.767748212]}},{"type":"Feature","id":"1cbc6770b053fb5592ab774e16156688e2b661b55e81e495faa8295a4605796d-1","properties":{"facility_id":"1cbc6770b053fb5592ab774e16156688e2b661b55e81e495faa8295a4605796d","point_ordinal":1,"zone_group_id":"482401020360","source_manage_no":"482401020364","facility_name":"가람어린이집","sgg_code":"48240","facility_type_code":"1","api_first_registered_on":"2016-05-12","api_last_modified_on":null,"updated_at":"2026-07-25T01:27:52.347112+00:00"},"geometry":{"type":"Point","coordinates":[128.08738047,34.946063226]}},{"type":"Feature","id":"246a2d7b563770188175996727abda86ceb38d4b27fb100db45c681686126808-1","properties":{"facility_id":"246a2d7b563770188175996727abda86ceb38d4b27fb100db45c681686126808","point_ordinal":1,"zone_group_id":"482401005243","source_manage_no":"482401005243","facility_name":"곤명초등학교","sgg_code":"48240","facility_type_code":"1","api_first_registered_on":"2008-05-02","api_last_modified_on":null,"updated_at":"2026-07-25T01:27:52.347112+00:00"},"geometry":{"type":"Point","coordinates":[127.974493396,35.130662463]}},{"type":"Feature","id":"2805b8c91a5cbc1ed0b0651ce0b7d0ede5cd6145a468b9131d45c057cd9ffd37-1","properties":{"facility_id":"2805b8c91a5cbc1ed0b0651ce0b7d0ede5cd6145a468b9131d45c057cd9ffd37","point_ordinal":1,"zone_group_id":"482401005243","source_manage_no":"482401020338","facility_name":"곤명초등학교 병설유치원","sgg_code":"48240","facility_type_code":"1","api_first_registered_on":"2008-05-02","api_last_modified_on":null,"updated_at":"2026-07-25T01:27:52.347112+00:00"},"geometry":{"type":"Point","coordinates":[127.974381782,35.13067976]}},{"type":"Feature","id":"d82af975df73bc71d4d5f166a6eb97b0a2b605899a56eb005620208b2a8b7461-1","properties":{"facility_id":"d82af975df73bc71d4d5f166a6eb97b0a2b605899a56eb005620208b2a8b7461","point_ordinal":1,"zone_group_id":"482401005244","source_manage_no":"482401005244","facility_name":"곤양초등학교","sgg_code":"48240","facility_type_code":"1","api_first_registered_on":"1995-10-31","api_last_modified_on":null,"updated_at":"2026-07-25T01:27:52.347112+00:00"},"geometry":{"type":"Point","coordinates":[127.962511399,35.059142736]}},{"type":"Feature","id":"687d58f5943770da63e1ad2fdd1436ffb2fdfd0281ba6dc4f6f6baf2e6c62cc7-1","properties":{"facility_id":"687d58f5943770da63e1ad2fdd1436ffb2fdfd0281ba6dc4f6f6baf2e6c62cc7","point_ordinal":1,"zone_group_id":"482401005244","source_manage_no":"482401005245","facility_name":"곤양초등학교병설유치원","sgg_code":"48240","facility_type_code":"1","api_first_registered_on":"1995-10-31","api_last_modified_on":null,"updated_at":"2026-07-25T01:27:52.347112+00:00"},"geometry":{"type":"Point","coordinates":[127.962233809,35.059015508]}},{"type":"Feature","id":"b364a7b008cc1d1ae0270ec70e04642bc03fddaf9d78bd93ae43a34b34a9b962-1","properties":{"facility_id":"b364a7b008cc1d1ae0270ec70e04642bc03fddaf9d78bd93ae43a34b34a9b962","point_ordinal":1,"zone_group_id":"482401005250","source_manage_no":"482401005250","facility_name":"꽃나라유치원","sgg_code":"48240","facility_type_code":"1","api_first_registered_on":"2003-07-31","api_last_modified_on":null,"updated_at":"2026-07-25T01:27:52.347112+00:00"},"geometry":{"type":"Point","coordinates":[128.081917508,34.943076188]}},{"type":"Feature","id":"3bd8630d132fed1829d38d4cb25fbbcb9e542655639bb45f7f67cfed555a6c00-1","properties":{"facility_id":"3bd8630d132fed1829d38d4cb25fbbcb9e542655639bb45f7f67cfed555a6c00","point_ordinal":1,"zone_group_id":"482401005295","source_manage_no":"482401005295","facility_name":"남양초등학교","sgg_code":"48240","facility_type_code":"1","api_first_registered_on":"2000-11-30","api_last_modified_on":null,"updated_at":"2026-07-25T01:27:52.347112+00:00"},"geometry":{"type":"Point","coordinates":[128.064022227,34.9775326]}},{"type":"Feature","id":"75f4a0dd3beee19c9e65a8e4681a653bd9f9040c9c2c1e38dc3d257ad27ebfc4-1","properties":{"facility_id":"75f4a0dd3beee19c9e65a8e4681a653bd9f9040c9c2c1e38dc3d257ad27ebfc4","point_ordinal":1,"zone_group_id":"482401005295","source_manage_no":"482401005296","facility_name":"남양초등학교병설유치원","sgg_code":"48240","facility_type_code":"1","api_first_registered_on":"2000-11-30","api_last_modified_on":null,"updated_at":"2026-07-25T01:27:52.347112+00:00"},"geometry":{"type":"Point","coordinates":[128.063947011,34.978247447]}},{"type":"Feature","id":"c21e450ac58b0fc859897ac07137c140ca5d4bd9a82ad23940a20822752b039a-1","properties":{"facility_id":"c21e450ac58b0fc859897ac07137c140ca5d4bd9a82ad23940a20822752b039a","point_ordinal":1,"zone_group_id":"482401005248","source_manage_no":"482401005248","facility_name":"노산초등학교","sgg_code":"48240","facility_type_code":"1","api_first_registered_on":"1996-05-29","api_last_modified_on":null,"updated_at":"2026-07-25T01:27:52.347112+00:00"},"geometry":{"type":"Point","coordinates":[128.083275042,34.930809188]}},{"type":"Feature","id":"92f53fe380624f2d0ff7aa84fbb7f56698f11771fe5a6523acb255ee6973f226-1","properties":{"facility_id":"92f53fe380624f2d0ff7aa84fbb7f56698f11771fe5a6523acb255ee6973f226","point_ordinal":1,"zone_group_id":"482401005248","source_manage_no":"482401005247","facility_name":"노산초등학교 병설유치원","sgg_code":"48240","facility_type_code":"1","api_first_registered_on":"1996-05-29","api_last_modified_on":null,"updated_at":"2026-07-25T01:27:52.347112+00:00"},"geometry":{"type":"Point","coordinates":[128.082653487,34.930505682]}},{"type":"Feature","id":"15b59c0a791c7a9bf234a2a5e801932c4ab9cb5ca95288665bb75dee6186c601-1","properties":{"facility_id":"15b59c0a791c7a9bf234a2a5e801932c4ab9cb5ca95288665bb75dee6186c601","point_ordinal":1,"zone_group_id":"482401020357","source_manage_no":"482401020357","facility_name":"대방어린이집","sgg_code":"48240","facility_type_code":"1","api_first_registered_on":"2011-01-11","api_last_modified_on":null,"updated_at":"2026-07-25T01:27:52.347112+00:00"},"geometry":{"type":"Point","coordinates":[128.05563617,34.930633422]}},{"type":"Feature","id":"4aeacdcbbb7db1549b615365fefeb6afb3a045c7016ccfb8e2664c7b75fc8b33-1","properties":{"facility_id":"4aeacdcbbb7db1549b615365fefeb6afb3a045c7016ccfb8e2664c7b75fc8b33","point_ordinal":1,"zone_group_id":"482401005270","source_manage_no":"482401005270","facility_name":"대방초등학교","sgg_code":"48240","facility_type_code":"1","api_first_registered_on":"1995-10-31","api_last_modified_on":null,"updated_at":"2026-07-25T01:27:52.347112+00:00"},"geometry":{"type":"Point","coordinates":[128.065065702,34.930549442]}},{"type":"Feature","id":"752ee27c8f124cc2a68f58fd5258f3b1ce65a649c29acd817f4ae32f3ae61949-1","properties":{"facility_id":"752ee27c8f124cc2a68f58fd5258f3b1ce65a649c29acd817f4ae32f3ae61949","point_ordinal":1,"zone_group_id":"482401005270","source_manage_no":"482401005271","facility_name":"대방초등학교병설유치원","sgg_code":"48240","facility_type_code":"1","api_first_registered_on":"1995-10-31","api_last_modified_on":null,"updated_at":"2026-07-25T01:27:52.347112+00:00"},"geometry":{"type":"Point","coordinates":[128.064950903,34.93060553]}},{"type":"Feature","id":"95bdfcb5e672e8579b14599b8e01a4473bdee0a540e2b24c6e69a2d140fc9eb3-1","properties":{"facility_id":"95bdfcb5e672e8579b14599b8e01a4473bdee0a540e2b24c6e69a2d140fc9eb3","point_ordinal":1,"zone_group_id":"482401005292","source_manage_no":"482401005292","facility_name":"대성초등학교","sgg_code":"48240","facility_type_code":"1","api_first_registered_on":"2005-10-31","api_last_modified_on":null,"updated_at":"2026-07-25T01:27:52.347112+00:00"},"geometry":{"type":"Point","coordinates":[128.078310743,34.953436323]}},{"type":"Feature","id":"1a84f4cd106af47aa715046fd0c4c49ab224e272ca256591be7a0be40768bd01-1","properties":{"facility_id":"1a84f4cd106af47aa715046fd0c4c49ab224e272ca256591be7a0be40768bd01","point_ordinal":1,"zone_group_id":"482401005292","source_manage_no":"482401005293","facility_name":"대성초등학교병설유치원","sgg_code":"48240","facility_type_code":"1","api_first_registered_on":"2005-10-31","api_last_modified_on":null,"updated_at":"2026-07-25T01:27:52.347112+00:00"},"geometry":{"type":"Point","coordinates":[128.078300361,34.953517529]}},{"type":"Feature","id":"99d292e307ece2adf93c1ffa792fc72d8b1da997bdb11c1bfb4853b649b0fcd6-1","properties":{"facility_id":"99d292e307ece2adf93c1ffa792fc72d8b1da997bdb11c1bfb4853b649b0fcd6","point_ordinal":1,"zone_group_id":"482401005950","source_manage_no":"482401005950","facility_name":"동부어린이집","sgg_code":"48240","facility_type_code":"1","api_first_registered_on":"2012-06-04","api_last_modified_on":null,"updated_at":"2026-07-25T01:27:52.347112+00:00"},"geometry":{"type":"Point","coordinates":[128.100106252,34.935458203]}},{"type":"Feature","id":"ce664dda46791c162a97439be22787a24c78ead9c04f1c826d995d753908797a-1","properties":{"facility_id":"ce664dda46791c162a97439be22787a24c78ead9c04f1c826d995d753908797a","point_ordinal":1,"zone_group_id":"482401005249","source_manage_no":"482401005249","facility_name":"동서어린이집","sgg_code":"48240","facility_type_code":"1","api_first_registered_on":"2011-01-11","api_last_modified_on":null,"updated_at":"2026-07-25T01:27:52.347112+00:00"},"geometry":{"type":"Point","coordinates":[128.069313479,34.93364061]}},{"type":"Feature","id":"9ecbd2a0f612338ece161165e76bbfcc5b018e7cf676c85bf68894b485406949-1","properties":{"facility_id":"9ecbd2a0f612338ece161165e76bbfcc5b018e7cf676c85bf68894b485406949","point_ordinal":1,"zone_group_id":"482401005282","source_manage_no":"482401005282","facility_name":"동성초등학교","sgg_code":"48240","facility_type_code":"1","api_first_registered_on":"2002-04-19","api_last_modified_on":null,"updated_at":"2026-07-25T01:27:52.347112+00:00"},"geometry":{"type":"Point","coordinates":[128.086721883,35.076071083]}},{"type":"Feature","id":"c690eaa7ac16833e24a0f7dc4a53f88f4b500fc34f28dd6d6f48b451c04891d5-1","properties":{"facility_id":"c690eaa7ac16833e24a0f7dc4a53f88f4b500fc34f28dd6d6f48b451c04891d5","point_ordinal":1,"zone_group_id":"482401005282","source_manage_no":"482401005283","facility_name":"동성초등학교병설유치원","sgg_code":"48240","facility_type_code":"1","api_first_registered_on":"2002-04-19","api_last_modified_on":null,"updated_at":"2026-07-25T01:27:52.347112+00:00"},"geometry":{"type":"Point","coordinates":[128.086772286,35.076132868]}},{"type":"Feature","id":"5556c529dd15065087a7d3726eaf859db732c9897c5690ab9a04c0ad74cab639-1","properties":{"facility_id":"5556c529dd15065087a7d3726eaf859db732c9897c5690ab9a04c0ad74cab639","point_ordinal":1,"zone_group_id":"482401005258","source_manage_no":"482401005258","facility_name":"라엘어린이집","sgg_code":"48240","facility_type_code":"1","api_first_registered_on":"2003-12-31","api_last_modified_on":null,"updated_at":"2026-07-25T01:27:52.347112+00:00"},"geometry":{"type":"Point","coordinates":[128.078010231,35.068038207]}},{"type":"Feature","id":"16c7e598cdbcf2c7cf5e7068ac752543879e4a3fcd87130652f0fd1e545a4ab4-1","properties":{"facility_id":"16c7e598cdbcf2c7cf5e7068ac752543879e4a3fcd87130652f0fd1e545a4ab4","point_ordinal":1,"zone_group_id":"482401005257","source_manage_no":"482401005257","facility_name":"리더스어린이집","sgg_code":"48240","facility_type_code":"1","api_first_registered_on":"2011-01-13","api_last_modified_on":null,"updated_at":"2026-07-25T01:27:52.347112+00:00"},"geometry":{"type":"Point","coordinates":[128.071106678,35.062606492]}},{"type":"Feature","id":"830cc6f3ba541d49cd070178958efa01439bf3504226890eb66a556a97690f98-1","properties":{"facility_id":"830cc6f3ba541d49cd070178958efa01439bf3504226890eb66a556a97690f98","point_ordinal":1,"zone_group_id":"482401005251","source_manage_no":"482401005251","facility_name":"문선초등학교","sgg_code":"48240","facility_type_code":"1","api_first_registered_on":"1995-08-12","api_last_modified_on":null,"updated_at":"2026-07-25T01:27:52.347112+00:00"},"geometry":{"type":"Point","coordinates":[128.078852182,34.93541705]}},{"type":"Feature","id":"f563e768ad9dbaf60549b12b8b842d7e44a18c199b11f1528d404b862e624d70-1","properties":{"facility_id":"f563e768ad9dbaf60549b12b8b842d7e44a18c199b11f1528d404b862e624d70","point_ordinal":1,"zone_group_id":"482401005251","source_manage_no":"482401005252","facility_name":"문선초등학교병설유치원","sgg_code":"48240","facility_type_code":"1","api_first_registered_on":"1995-08-12","api_last_modified_on":null,"updated_at":"2026-07-25T01:27:52.347112+00:00"},"geometry":{"type":"Point","coordinates":[128.078863892,34.935525203]}},{"type":"Feature","id":"2a75ea2cd26bc96081dae804d0a54b822795418a90c3b57a75fe028f133e5365-1","properties":{"facility_id":"2a75ea2cd26bc96081dae804d0a54b822795418a90c3b57a75fe028f133e5365","point_ordinal":1,"zone_group_id":"482401005948","source_manage_no":"482401005948","facility_name":"문화어린이집","sgg_code":"48240","facility_type_code":"1","api_first_registered_on":"2012-06-04","api_last_modified_on":null,"updated_at":"2026-07-25T01:27:52.347112+00:00"},"geometry":{"type":"Point","coordinates":[128.065170862,35.008070986]}},{"type":"Feature","id":"784e15ba8498442ef5062328c6fe20e83ac7c764d5072940b07f378b4d1d51a4-1","properties":{"facility_id":"784e15ba8498442ef5062328c6fe20e83ac7c764d5072940b07f378b4d1d51a4","point_ordinal":1,"zone_group_id":"482401005298","source_manage_no":"482401005298","facility_name":"별빛어린이집","sgg_code":"48240","facility_type_code":"1","api_first_registered_on":"2011-05-20","api_last_modified_on":null,"updated_at":"2026-07-25T01:27:52.347112+00:00"},"geometry":{"type":"Point","coordinates":[128.087250887,34.933897894]}},{"type":"Feature","id":"7c7e32c243b3eebfce3c10ddc45ac195866a4f7f67099b5e97a1ae8f58f424c8-1","properties":{"facility_id":"7c7e32c243b3eebfce3c10ddc45ac195866a4f7f67099b5e97a1ae8f58f424c8","point_ordinal":1,"zone_group_id":"482401005286","source_manage_no":"482401005286","facility_name":"보듬이유치원","sgg_code":"48240","facility_type_code":"1","api_first_registered_on":"2007-01-18","api_last_modified_on":"2025-08-20","updated_at":"2026-07-25T01:27:52.347112+00:00"},"geometry":{"type":"Point","coordinates":[128.089730207,35.073527349]}},{"type":"Feature","id":"e8f3ac45c8f671bfc1211be09b66172e39bda32c6a8e84406e453b119b4659a5-1","properties":{"facility_id":"e8f3ac45c8f671bfc1211be09b66172e39bda32c6a8e84406e453b119b4659a5","point_ordinal":1,"zone_group_id":"482401020344","source_manage_no":"482401020344","facility_name":"사남초등학교","sgg_code":"48240","facility_type_code":"1","api_first_registered_on":"2010-01-28","api_last_modified_on":null,"updated_at":"2026-07-25T01:27:52.347112+00:00"},"geometry":{"type":"Point","coordinates":[128.065742189,35.058990715]}},{"type":"Feature","id":"e0535476b4e47367e36df6b791741c6e109f4bddb4f40049a9cd314bb0d02091-1","properties":{"facility_id":"e0535476b4e47367e36df6b791741c6e109f4bddb4f40049a9cd314bb0d02091","point_ordinal":1,"zone_group_id":"482401005246","source_manage_no":"482401005246","facility_name":"사랑어린이집","sgg_code":"48240","facility_type_code":"1","api_first_registered_on":"2011-01-11","api_last_modified_on":null,"updated_at":"2026-07-25T01:27:52.347112+00:00"},"geometry":{"type":"Point","coordinates":[127.960406942,35.058748905]}},{"type":"Feature","id":"1894aff02754f91b50316e326ee4221874218e91fcf2bc87979544baf01ecc4b-1","properties":{"facility_id":"1894aff02754f91b50316e326ee4221874218e91fcf2bc87979544baf01ecc4b","point_ordinal":1,"zone_group_id":"482402005284","source_manage_no":"482402005284","facility_name":"사천시노인회지회","sgg_code":"48240","facility_type_code":"2","api_first_registered_on":"2009-10-29","api_last_modified_on":null,"updated_at":"2026-07-25T01:27:52.347112+00:00"},"geometry":{"type":"Point","coordinates":[128.098220333,35.079626454]}},{"type":"Feature","id":"072de5f8e822e45eb2efab1fb31ede71b6105151205b4c901b0bf7d2b0fe390c-1","properties":{"facility_id":"072de5f8e822e45eb2efab1fb31ede71b6105151205b4c901b0bf7d2b0fe390c","point_ordinal":1,"zone_group_id":"482401005263","source_manage_no":"482401005263","facility_name":"사천어린이집","sgg_code":"48240","facility_type_code":"1","api_first_registered_on":"2011-01-11","api_last_modified_on":null,"updated_at":"2026-07-25T01:27:52.347112+00:00"},"geometry":{"type":"Point","coordinates":[128.096774873,35.088221961]}},{"type":"Feature","id":"a6ea1daa1bcf3ff5a04bde98084e155ebfa7555eb8a83a7cbaf90735c77ad09a-1","properties":{"facility_id":"a6ea1daa1bcf3ff5a04bde98084e155ebfa7555eb8a83a7cbaf90735c77ad09a","point_ordinal":1,"zone_group_id":"482401005260","source_manage_no":"482401005260","facility_name":"사천유치원","sgg_code":"48240","facility_type_code":"1","api_first_registered_on":"2003-10-30","api_last_modified_on":null,"updated_at":"2026-07-25T01:27:52.347112+00:00"},"geometry":{"type":"Point","coordinates":[128.068917399,35.047386717]}},{"type":"Feature","id":"827123839477a5acab4106fa11f77a282a5fd4659b4307e34629affa78e50e51-1","properties":{"facility_id":"827123839477a5acab4106fa11f77a282a5fd4659b4307e34629affa78e50e51","point_ordinal":1,"zone_group_id":"482401005264","source_manage_no":"482401005264","facility_name":"사천초등학교","sgg_code":"48240","facility_type_code":"1","api_first_registered_on":"1995-10-31","api_last_modified_on":null,"updated_at":"2026-07-25T01:27:52.347112+00:00"},"geometry":{"type":"Point","coordinates":[128.092152319,35.083148522]}},{"type":"Feature","id":"43614add1f892d78e4ec847898f5ab5b6371c5f29900b13b93126dcfa1f326e2-1","properties":{"facility_id":"43614add1f892d78e4ec847898f5ab5b6371c5f29900b13b93126dcfa1f326e2","point_ordinal":1,"zone_group_id":"482401005261","source_manage_no":"482401005261","facility_name":"삼성초등학교","sgg_code":"48240","facility_type_code":"1","api_first_registered_on":"1995-10-31","api_last_modified_on":null,"updated_at":"2026-07-25T01:27:52.347112+00:00"},"geometry":{"type":"Point","coordinates":[128.07445442,35.05361857]}},{"type":"Feature","id":"9d325bfb3384d921e09392e635cfe418767f61f95d4e98f65478fbda3d56deeb-1","properties":{"facility_id":"9d325bfb3384d921e09392e635cfe418767f61f95d4e98f65478fbda3d56deeb","point_ordinal":1,"zone_group_id":"482402005274","source_manage_no":"482402005274","facility_name":"삼천포노인복지관","sgg_code":"48240","facility_type_code":"2","api_first_registered_on":"2009-10-29","api_last_modified_on":null,"updated_at":"2026-07-25T01:27:52.347112+00:00"},"geometry":{"type":"Point","coordinates":[128.071706441,34.929760915]}},{"type":"Feature","id":"94ebea83b378387c641feadda7c258c34d62755ded32044bd2a036fb7a518bd7-1","properties":{"facility_id":"94ebea83b378387c641feadda7c258c34d62755ded32044bd2a036fb7a518bd7","point_ordinal":1,"zone_group_id":"482401005253","source_manage_no":"482401005253","facility_name":"삼천포어린이집","sgg_code":"48240","facility_type_code":"1","api_first_registered_on":"2011-01-11","api_last_modified_on":null,"updated_at":"2026-07-25T01:27:52.347112+00:00"},"geometry":{"type":"Point","coordinates":[128.077348529,34.938670746]}},{"type":"Feature","id":"639ee75c694dbda24a6344354c35be47198a0f12ae1812a12366b90e526eb6da-1","properties":{"facility_id":"639ee75c694dbda24a6344354c35be47198a0f12ae1812a12366b90e526eb6da","point_ordinal":1,"zone_group_id":"482401005275","source_manage_no":"482401005275","facility_name":"삼천포초등학교","sgg_code":"48240","facility_type_code":"1","api_first_registered_on":"1995-05-29","api_last_modified_on":null,"updated_at":"2026-07-25T01:27:52.347112+00:00"},"geometry":{"type":"Point","coordinates":[128.073499536,34.929391769]}},{"type":"Feature","id":"d2766195082da1ae86373080439230b138e2cad3a57800d9216d7eebddec7975-1","properties":{"facility_id":"d2766195082da1ae86373080439230b138e2cad3a57800d9216d7eebddec7975","point_ordinal":1,"zone_group_id":"482401005275","source_manage_no":"482401005276","facility_name":"삼천포초등학교병설유치원","sgg_code":"48240","facility_type_code":"1","api_first_registered_on":"1995-05-29","api_last_modified_on":null,"updated_at":"2026-07-25T01:27:52.347112+00:00"},"geometry":{"type":"Point","coordinates":[128.073442043,34.929412307]}},{"type":"Feature","id":"a0d7e35502b76e43bed837cbf7b2f59dbec9e6fd620b6441e8483d91ac23cee1-1","properties":{"facility_id":"a0d7e35502b76e43bed837cbf7b2f59dbec9e6fd620b6441e8483d91ac23cee1","point_ordinal":1,"zone_group_id":"482402005277","source_manage_no":"482402005277","facility_name":"삼한평생대학","sgg_code":"48240","facility_type_code":"2","api_first_registered_on":"2016-08-02","api_last_modified_on":null,"updated_at":"2026-07-25T01:27:52.347112+00:00"},"geometry":{"type":"Point","coordinates":[128.071706439,34.934495043]}},{"type":"Feature","id":"bc54616f487733522b5482206951b52bb8027a56ab6020fa7302b50811f38066-1","properties":{"facility_id":"bc54616f487733522b5482206951b52bb8027a56ab6020fa7302b50811f38066","point_ordinal":1,"zone_group_id":"482401005299","source_manage_no":"482401005299","facility_name":"색동어린이집","sgg_code":"48240","facility_type_code":"1","api_first_registered_on":"2007-12-12","api_last_modified_on":"2025-08-21","updated_at":"2026-07-25T01:27:52.347112+00:00"},"geometry":{"type":"Point","coordinates":[128.088071555,34.936887692]}},{"type":"Feature","id":"2e327312b89c8b55ca36f4ed617ee08a1158e586c4b32206abe3ef64893667fa-1","properties":{"facility_id":"2e327312b89c8b55ca36f4ed617ee08a1158e586c4b32206abe3ef64893667fa","point_ordinal":1,"zone_group_id":"482402005278","source_manage_no":"482402005278","facility_name":"서부사회복지회관","sgg_code":"48240","facility_type_code":"2","api_first_registered_on":"2016-05-12","api_last_modified_on":null,"updated_at":"2026-07-25T01:27:52.347112+00:00"},"geometry":{"type":"Point","coordinates":[127.958941896,35.055625469]}},{"type":"Feature","id":"cdfc52cac74aec9a5e2002d173fcb396f37bea5cf3ddc1429d60bb95ce0e95c1-1","properties":{"facility_id":"cdfc52cac74aec9a5e2002d173fcb396f37bea5cf3ddc1429d60bb95ce0e95c1","point_ordinal":1,"zone_group_id":"482401005272","source_manage_no":"482401005272","facility_name":"서포초등학교","sgg_code":"48240","facility_type_code":"1","api_first_registered_on":"2000-11-30","api_last_modified_on":null,"updated_at":"2026-07-25T01:27:52.347112+00:00"},"geometry":{"type":"Point","coordinates":[127.976850438,35.008621419]}},{"type":"Feature","id":"088f32553b64c7688f66c17ed118f840f8f4f1893fbbf88ab3738fd17e3c7306-1","properties":{"facility_id":"088f32553b64c7688f66c17ed118f840f8f4f1893fbbf88ab3738fd17e3c7306","point_ordinal":1,"zone_group_id":"482401005272","source_manage_no":"482401005273","facility_name":"서포초등학교병설유치원","sgg_code":"48240","facility_type_code":"1","api_first_registered_on":"2000-11-30","api_last_modified_on":null,"updated_at":"2026-07-25T01:27:52.347112+00:00"},"geometry":{"type":"Point","coordinates":[127.976872357,35.008621333]}},{"type":"Feature","id":"7051c9e335d9079bd864b04090c91d57976ae093ffd7cb15e03d7ed5370bcd9a-1","properties":{"facility_id":"7051c9e335d9079bd864b04090c91d57976ae093ffd7cb15e03d7ed5370bcd9a","point_ordinal":1,"zone_group_id":"482401005949","source_manage_no":"482401005949","facility_name":"선진유치원","sgg_code":"48240","facility_type_code":"1","api_first_registered_on":"2014-05-30","api_last_modified_on":null,"updated_at":"2026-07-25T01:27:52.347112+00:00"},"geometry":{"type":"Point","coordinates":[128.054118143,35.038131394]}},{"type":"Feature","id":"f3008c0d92cc314c27d662a599de06a71cee76d809af7e06c08a75993f81d616-1","properties":{"facility_id":"f3008c0d92cc314c27d662a599de06a71cee76d809af7e06c08a75993f81d616","point_ordinal":1,"zone_group_id":"482401005285","source_manage_no":"482401005285","facility_name":"성균관유치원","sgg_code":"48240","facility_type_code":"1","api_first_registered_on":"2011-01-11","api_last_modified_on":null,"updated_at":"2026-07-25T01:27:52.347112+00:00"},"geometry":{"type":"Point","coordinates":[128.101308674,35.077456081]}},{"type":"Feature","id":"4cd1c95ebd9a257800ce5c64691b2d4ea148513449e375f7ee3b1734835ad0a0-1","properties":{"facility_id":"4cd1c95ebd9a257800ce5c64691b2d4ea148513449e375f7ee3b1734835ad0a0","point_ordinal":1,"zone_group_id":"482401005262","source_manage_no":"482401005262","facility_name":"세종어린이집","sgg_code":"48240","facility_type_code":"1","api_first_registered_on":"2011-01-11","api_last_modified_on":null,"updated_at":"2026-07-25T01:27:52.347112+00:00"},"geometry":{"type":"Point","coordinates":[128.079307733,35.051431361]}},{"type":"Feature","id":"0cbaeaf791bd44b3b586f49a29794963ab138df0a4bc3cbf338994573b8b4fd4-1","properties":{"facility_id":"0cbaeaf791bd44b3b586f49a29794963ab138df0a4bc3cbf338994573b8b4fd4","point_ordinal":1,"zone_group_id":"482401005265","source_manage_no":"482401005265","facility_name":"수양초등학교","sgg_code":"48240","facility_type_code":"1","api_first_registered_on":"2006-12-31","api_last_modified_on":null,"updated_at":"2026-07-25T01:27:52.347112+00:00"},"geometry":{"type":"Point","coordinates":[128.089691187,35.078775529]}},{"type":"Feature","id":"b9037c4fd70782518f8aaad23bd24d7a36a17840799943b74b53647fe51c4415-1","properties":{"facility_id":"b9037c4fd70782518f8aaad23bd24d7a36a17840799943b74b53647fe51c4415","point_ordinal":1,"zone_group_id":"482401005265","source_manage_no":"482401005266","facility_name":"수양초등학교병설유치원","sgg_code":"48240","facility_type_code":"1","api_first_registered_on":"2006-12-31","api_last_modified_on":null,"updated_at":"2026-07-25T01:27:52.347112+00:00"},"geometry":{"type":"Point","coordinates":[128.089701832,35.078730391]}},{"type":"Feature","id":"cd7980fc4af86edc2d2ca9aaeb463891e390aa48c2a021253c5e01b78e19acc9-1","properties":{"facility_id":"cd7980fc4af86edc2d2ca9aaeb463891e390aa48c2a021253c5e01b78e19acc9","point_ordinal":1,"zone_group_id":"482401005287","source_manage_no":"482401005287","facility_name":"숲속자은어린이집","sgg_code":"48240","facility_type_code":"1","api_first_registered_on":"2011-01-14","api_last_modified_on":null,"updated_at":"2026-07-25T01:27:52.347112+00:00"},"geometry":{"type":"Point","coordinates":[128.084378933,35.06908975]}},{"type":"Feature","id":"ab485955a6274a194a7be5e8f8dc899a3e0579e4c03fb757cba605fb2b16c462-1","properties":{"facility_id":"ab485955a6274a194a7be5e8f8dc899a3e0579e4c03fb757cba605fb2b16c462","point_ordinal":1,"zone_group_id":"482401005267","source_manage_no":"482401005267","facility_name":"양지뜰어린이집","sgg_code":"48240","facility_type_code":"1","api_first_registered_on":"2011-01-11","api_last_modified_on":null,"updated_at":"2026-07-25T01:27:52.347112+00:00"},"geometry":{"type":"Point","coordinates":[128.091586138,35.080259267]}},{"type":"Feature","id":"8f65587ec3dc11b4b39defaffe53ce924c57a3ef1a0875e58d09061cade1b676-1","properties":{"facility_id":"8f65587ec3dc11b4b39defaffe53ce924c57a3ef1a0875e58d09061cade1b676","point_ordinal":1,"zone_group_id":"482401005288","source_manage_no":"482401005288","facility_name":"열린유치원","sgg_code":"48240","facility_type_code":"1","api_first_registered_on":"2003-07-30","api_last_modified_on":null,"updated_at":"2026-07-25T01:27:52.347112+00:00"},"geometry":{"type":"Point","coordinates":[128.095813722,35.069971903]}},{"type":"Feature","id":"d87344df704dcacd5a0ba3988342cf1698f351f66f8ab766edb22059990b9022-1","properties":{"facility_id":"d87344df704dcacd5a0ba3988342cf1698f351f66f8ab766edb22059990b9022","point_ordinal":1,"zone_group_id":"482401005255","source_manage_no":"482401005255","facility_name":"용산초등학교","sgg_code":"48240","facility_type_code":"1","api_first_registered_on":"1997-11-15","api_last_modified_on":null,"updated_at":"2026-07-25T01:27:52.347112+00:00"},"geometry":{"type":"Point","coordinates":[128.098704815,34.943012648]}},{"type":"Feature","id":"3ce64768e1f50f465fc0ce54fbdf2ba0a1f7fde6a8e9403baabcc12bea428cca-1","properties":{"facility_id":"3ce64768e1f50f465fc0ce54fbdf2ba0a1f7fde6a8e9403baabcc12bea428cca","point_ordinal":1,"zone_group_id":"482401005255","source_manage_no":"482401005256","facility_name":"용산초등학교병설유치원","sgg_code":"48240","facility_type_code":"1","api_first_registered_on":"1997-11-15","api_last_modified_on":null,"updated_at":"2026-07-25T01:27:52.347112+00:00"},"geometry":{"type":"Point","coordinates":[128.098711781,34.942948184]}},{"type":"Feature","id":"73769b64fc18227aefa92527f44f76e8ef8f8e708ee755febf052d0b02c47859-1","properties":{"facility_id":"73769b64fc18227aefa92527f44f76e8ef8f8e708ee755febf052d0b02c47859","point_ordinal":1,"zone_group_id":"482401020350","source_manage_no":"482401020350","facility_name":"용현초등학교","sgg_code":"48240","facility_type_code":"1","api_first_registered_on":"1995-10-31","api_last_modified_on":null,"updated_at":"2026-07-25T01:27:52.347112+00:00"},"geometry":{"type":"Point","coordinates":[128.062624491,35.01306575]}},{"type":"Feature","id":"cac2f2718849d9c31f9623a5001187b46965a63942912000762109324e2f0352-1","properties":{"facility_id":"cac2f2718849d9c31f9623a5001187b46965a63942912000762109324e2f0352","point_ordinal":1,"zone_group_id":"482401020350","source_manage_no":"482401020353","facility_name":"용현초등학교 병설유치원","sgg_code":"48240","facility_type_code":"1","api_first_registered_on":"1995-10-31","api_last_modified_on":null,"updated_at":"2026-07-25T01:27:52.347112+00:00"},"geometry":{"type":"Point","coordinates":[128.062673785,35.013065318]}},{"type":"Feature","id":"efc803f98b4f63d8e36e5077c558c44ce3a460875b5eb8ac43beeb8d217a4305-1","properties":{"facility_id":"efc803f98b4f63d8e36e5077c558c44ce3a460875b5eb8ac43beeb8d217a4305","point_ordinal":1,"zone_group_id":"482401005300","source_manage_no":"482401005300","facility_name":"움지기어린이집","sgg_code":"48240","facility_type_code":"1","api_first_registered_on":"2006-12-01","api_last_modified_on":null,"updated_at":"2026-07-25T01:27:52.347112+00:00"},"geometry":{"type":"Point","coordinates":[128.097451775,34.940863669]}},{"type":"Feature","id":"25ea2ad4bd3106c5f123f543f0c61db24306625a702ef32456f5e2913946102c-1","properties":{"facility_id":"25ea2ad4bd3106c5f123f543f0c61db24306625a702ef32456f5e2913946102c","point_ordinal":1,"zone_group_id":"482401005289","source_manage_no":"482401005289","facility_name":"은하어린이집","sgg_code":"48240","facility_type_code":"1","api_first_registered_on":"2007-01-18","api_last_modified_on":null,"updated_at":"2026-07-25T01:27:52.347112+00:00"},"geometry":{"type":"Point","coordinates":[128.098125121,35.066579087]}},{"type":"Feature","id":"96b65c4365d956a26003421600bb9023c3d09b1c55f3aef264daf80ba9ff033e-1","properties":{"facility_id":"96b65c4365d956a26003421600bb9023c3d09b1c55f3aef264daf80ba9ff033e","point_ordinal":1,"zone_group_id":"482401005290","source_manage_no":"482401005290","facility_name":"정동초등학교","sgg_code":"48240","facility_type_code":"1","api_first_registered_on":"2006-12-01","api_last_modified_on":null,"updated_at":"2026-07-25T01:27:52.347112+00:00"},"geometry":{"type":"Point","coordinates":[128.123972537,35.05757598]}},{"type":"Feature","id":"cf14f91f89c608d5803ff050ba0118de2218b99700abad46a36ea4bc6f6a594b-1","properties":{"facility_id":"cf14f91f89c608d5803ff050ba0118de2218b99700abad46a36ea4bc6f6a594b","point_ordinal":1,"zone_group_id":"482401005290","source_manage_no":"482401005291","facility_name":"정동초등학교병설유치원","sgg_code":"48240","facility_type_code":"1","api_first_registered_on":"2006-12-01","api_last_modified_on":null,"updated_at":"2026-07-25T01:27:52.347112+00:00"},"geometry":{"type":"Point","coordinates":[128.12397233,35.057548929]}},{"type":"Feature","id":"50ebb637884b6a37b413eee9cd58c34460852f9d94a84c4cdd545cf6d8844e4b-1","properties":{"facility_id":"50ebb637884b6a37b413eee9cd58c34460852f9d94a84c4cdd545cf6d8844e4b","point_ordinal":1,"zone_group_id":"482401005297","source_manage_no":"482401005297","facility_name":"축동초등학교","sgg_code":"48240","facility_type_code":"1","api_first_registered_on":"2006-12-01","api_last_modified_on":null,"updated_at":"2026-07-25T01:27:52.347112+00:00"},"geometry":{"type":"Point","coordinates":[128.09118469,35.107893615]}},{"type":"Feature","id":"437e233ca7f5a2bfbfefde226aa8efb8c2cccc84f3a643da8d3c42130616c3bf-1","properties":{"facility_id":"437e233ca7f5a2bfbfefde226aa8efb8c2cccc84f3a643da8d3c42130616c3bf","point_ordinal":1,"zone_group_id":"482401005268","source_manage_no":"482401005268","facility_name":"키움재능어린이집","sgg_code":"48240","facility_type_code":"1","api_first_registered_on":"2011-01-11","api_last_modified_on":null,"updated_at":"2026-07-25T01:27:52.347112+00:00"},"geometry":{"type":"Point","coordinates":[128.097929412,35.083351973]}},{"type":"Feature","id":"3f1aa21ea5a920030f2b489c5398715f1c72e4bd4a3388e1b6fffb8d190d98c0-1","properties":{"facility_id":"3f1aa21ea5a920030f2b489c5398715f1c72e4bd4a3388e1b6fffb8d190d98c0","point_ordinal":1,"zone_group_id":"482401005269","source_manage_no":"482401005269","facility_name":"한마음유치원어린이집","sgg_code":"48240","facility_type_code":"1","api_first_registered_on":null,"api_last_modified_on":null,"updated_at":"2026-07-25T01:27:52.347112+00:00"},"geometry":{"type":"Point","coordinates":[128.094416414,35.086002251]}},{"type":"Feature","id":"5a4166a1746eaf810cc39684ab3bd65b401480d5203d112da180eb9c539c894e-1","properties":{"facility_id":"5a4166a1746eaf810cc39684ab3bd65b401480d5203d112da180eb9c539c894e","point_ordinal":1,"zone_group_id":"482401020360","source_manage_no":"482401020360","facility_name":"해피킨더어린이집","sgg_code":"48240","facility_type_code":"1","api_first_registered_on":"2016-05-12","api_last_modified_on":null,"updated_at":"2026-07-25T01:27:52.347112+00:00"},"geometry":{"type":"Point","coordinates":[128.085496946,34.947127503]}},{"type":"Feature","id":"f83af4de00fb17febae7aeb11847579fe732a5c70c12660a2beb1f625af09ef6-1","properties":{"facility_id":"f83af4de00fb17febae7aeb11847579fe732a5c70c12660a2beb1f625af09ef6","point_ordinal":1,"zone_group_id":"482401025537","source_manage_no":"482401025537","facility_name":"햇살가득어린이집","sgg_code":"48240","facility_type_code":"1","api_first_registered_on":null,"api_last_modified_on":null,"updated_at":"2026-07-25T01:27:52.347112+00:00"},"geometry":{"type":"Point","coordinates":[128.085367044,34.935379157]}},{"type":"Feature","id":"2e7c2b3f20c350cd6955bba73ed2d6fbe9513502ffa3c0c218329d9a8b7fb8d1-1","properties":{"facility_id":"2e7c2b3f20c350cd6955bba73ed2d6fbe9513502ffa3c0c218329d9a8b7fb8d1","point_ordinal":1,"zone_group_id":"482401005281","source_manage_no":"482401005281","facility_name":"햇살마루어린이집","sgg_code":"48240","facility_type_code":"1","api_first_registered_on":"2011-01-11","api_last_modified_on":"2025-08-22","updated_at":"2026-07-25T01:27:52.347112+00:00"},"geometry":{"type":"Point","coordinates":[128.087233752,35.071068758]}},{"type":"Feature","id":"3b02d19f8a5772653c9ebd6197194e0da79c098532cfefe0ffd4c0fa74f4d215-1","properties":{"facility_id":"3b02d19f8a5772653c9ebd6197194e0da79c098532cfefe0ffd4c0fa74f4d215","point_ordinal":1,"zone_group_id":"482501004948","source_manage_no":"482501004947","facility_name":"가야유치원","sgg_code":"48250","facility_type_code":"1","api_first_registered_on":"2003-10-02","api_last_modified_on":null,"updated_at":"2026-07-25T01:27:52.347112+00:00"},"geometry":{"type":"Point","coordinates":[128.900159161,35.242516041]}},{"type":"Feature","id":"8ca8dde779800a17b4453b5564e2ec5231f1d88c7d6547697743bd24e17bcb7b-1","properties":{"facility_id":"8ca8dde779800a17b4453b5564e2ec5231f1d88c7d6547697743bd24e17bcb7b","point_ordinal":1,"zone_group_id":"482501004955","source_manage_no":"482501004955","facility_name":"가야초등학교","sgg_code":"48250","facility_type_code":"1","api_first_registered_on":"2000-03-21","api_last_modified_on":null,"updated_at":"2026-07-25T01:27:52.347112+00:00"},"geometry":{"type":"Point","coordinates":[128.850978384,35.235706344]}},{"type":"Feature","id":"0cf053fc02883fdff6ec75880642dad3a14f5b7856b0bb6ed38f044a597258d7-1","properties":{"facility_id":"0cf053fc02883fdff6ec75880642dad3a14f5b7856b0bb6ed38f044a597258d7","point_ordinal":1,"zone_group_id":"482501004955","source_manage_no":"482501004956","facility_name":"가야초등학교병설유치원","sgg_code":"48250","facility_type_code":"1","api_first_registered_on":"2000-03-21","api_last_modified_on":null,"updated_at":"2026-07-25T01:27:52.347112+00:00"},"geometry":{"type":"Point","coordinates":[128.850929722,35.235619222]}},{"type":"Feature","id":"1e0593bd5d7ff964d901142543a6fdd8ea98a2778ea3eaa272e0e5faf67abdf6-1","properties":{"facility_id":"1e0593bd5d7ff964d901142543a6fdd8ea98a2778ea3eaa272e0e5faf67abdf6","point_ordinal":1,"zone_group_id":"482501004901","source_manage_no":"482501004901","facility_name":"경운초등학교","sgg_code":"48250","facility_type_code":"1","api_first_registered_on":"1998-01-20","api_last_modified_on":null,"updated_at":"2026-07-25T01:27:52.347112+00:00"},"geometry":{"type":"Point","coordinates":[128.860613949,35.237735733]}},{"type":"Feature","id":"b05dce22676e5d6722dc8f9ce99101d29b32d5a1b947aa3228d9f3735c2cdf6a-1","properties":{"facility_id":"b05dce22676e5d6722dc8f9ce99101d29b32d5a1b947aa3228d9f3735c2cdf6a","point_ordinal":1,"zone_group_id":"482501004901","source_manage_no":"482501004902","facility_name":"경운초등학교병설유치원","sgg_code":"48250","facility_type_code":"1","api_first_registered_on":"1998-01-20","api_last_modified_on":null,"updated_at":"2026-07-25T01:27:52.347112+00:00"},"geometry":{"type":"Point","coordinates":[128.860678853,35.237691929]}},{"type":"Feature","id":"722449600329ce3bb02d9801fd1a82d98533aa560b77ef44d7582dc0717f7c2d-1","properties":{"facility_id":"722449600329ce3bb02d9801fd1a82d98533aa560b77ef44d7582dc0717f7c2d","point_ordinal":1,"zone_group_id":"482501004970","source_manage_no":"482501004970","facility_name":"계동초등학교","sgg_code":"48250","facility_type_code":"1","api_first_registered_on":"2002-10-18","api_last_modified_on":null,"updated_at":"2026-07-25T01:27:52.347112+00:00"},"geometry":{"type":"Point","coordinates":[128.794597786,35.184571125]}},{"type":"Feature","id":"431896f6a3df2a7ca2cb4ad8eb9e37b5b92a6ebd549f4be1a7c77353dd05785a-1","properties":{"facility_id":"431896f6a3df2a7ca2cb4ad8eb9e37b5b92a6ebd549f4be1a7c77353dd05785a","point_ordinal":1,"zone_group_id":"482501004970","source_manage_no":"482501004971","facility_name":"계동초등학교병설유치원","sgg_code":"48250","facility_type_code":"1","api_first_registered_on":"2002-10-18","api_last_modified_on":null,"updated_at":"2026-07-25T01:27:52.347112+00:00"},"geometry":{"type":"Point","coordinates":[128.79455822,35.184643808]}},{"type":"Feature","id":"350d75932da1e314baa28341838dbdf7a2d8d7f312b500407a23bfecf9cfd6c9-1","properties":{"facility_id":"350d75932da1e314baa28341838dbdf7a2d8d7f312b500407a23bfecf9cfd6c9","point_ordinal":1,"zone_group_id":"482502025377","source_manage_no":"482502025377","facility_name":"공립치매전담형 노인요양주간보호시설","sgg_code":"48250","facility_type_code":"2","api_first_registered_on":"2021-09-07","api_last_modified_on":"2025-12-29","updated_at":"2026-07-25T01:27:52.347112+00:00"},"geometry":{"type":"Point","coordinates":[128.932581967,35.224191609]}},{"type":"Feature","id":"8feb35250876ba8e914dfcb0d7024d2b85a42f3f6598f97f82c73e82bcafaf2b-1","properties":{"facility_id":"8feb35250876ba8e914dfcb0d7024d2b85a42f3f6598f97f82c73e82bcafaf2b","point_ordinal":1,"zone_group_id":"482501004972","source_manage_no":"482501004972","facility_name":"관동초등학교","sgg_code":"48250","facility_type_code":"1","api_first_registered_on":"2013-02-12","api_last_modified_on":null,"updated_at":"2026-07-25T01:27:52.347112+00:00"},"geometry":{"type":"Point","coordinates":[128.816373294,35.177393901]}},{"type":"Feature","id":"0471da452eb7dbd2cf70954c275381c917df986d795b403ab8d5ffde894a78a9-1","properties":{"facility_id":"0471da452eb7dbd2cf70954c275381c917df986d795b403ab8d5ffde894a78a9","point_ordinal":1,"zone_group_id":"482501004972","source_manage_no":"482501028688","facility_name":"관동초등학교 병설유치원","sgg_code":"48250","facility_type_code":"1","api_first_registered_on":null,"api_last_modified_on":"2025-03-24","updated_at":"2026-07-25T01:27:52.347112+00:00"},"geometry":{"type":"Point","coordinates":[128.816399924,35.177524882]}},{"type":"Feature","id":"bfe58f6e598ea5df73888999da0c72eeb79004621abffafd32db965ed457c04c-1","properties":{"facility_id":"bfe58f6e598ea5df73888999da0c72eeb79004621abffafd32db965ed457c04c","point_ordinal":1,"zone_group_id":"482501004886","source_manage_no":"482501004886","facility_name":"구봉초등학교","sgg_code":"48250","facility_type_code":"1","api_first_registered_on":"1996-05-30","api_last_modified_on":null,"updated_at":"2026-07-25T01:27:52.347112+00:00"},"geometry":{"type":"Point","coordinates":[128.873210816,35.23984946]}},{"type":"Feature","id":"17fff703b81c766afbf0582ed5f0da4a5e2549309c977a299445e43cb1897631-1","properties":{"facility_id":"17fff703b81c766afbf0582ed5f0da4a5e2549309c977a299445e43cb1897631","point_ordinal":1,"zone_group_id":"482501004886","source_manage_no":"482501004887","facility_name":"구봉초등학교병설유치원","sgg_code":"48250","facility_type_code":"1","api_first_registered_on":"1996-05-30","api_last_modified_on":null,"updated_at":"2026-07-25T01:27:52.347112+00:00"},"geometry":{"type":"Point","coordinates":[128.873208951,35.239768382]}},{"type":"Feature","id":"4fc8c8bcf0798629a62b7287e9e8b50ef9656ad114257bf70d25ded6a8f24c75-1","properties":{"facility_id":"4fc8c8bcf0798629a62b7287e9e8b50ef9656ad114257bf70d25ded6a8f24c75","point_ordinal":1,"zone_group_id":"482501004888","source_manage_no":"482501004888","facility_name":"구산초등학교","sgg_code":"48250","facility_type_code":"1","api_first_registered_on":"2000-10-23","api_last_modified_on":null,"updated_at":"2026-07-25T01:27:52.347112+00:00"},"geometry":{"type":"Point","coordinates":[128.873555901,35.253171536]}},{"type":"Feature","id":"a99bbd904c3e19c43b4fc04455052576b6efeb8d9925c61058e67e8f88f75307-1","properties":{"facility_id":"a99bbd904c3e19c43b4fc04455052576b6efeb8d9925c61058e67e8f88f75307","point_ordinal":1,"zone_group_id":"482501004888","source_manage_no":"482501004889","facility_name":"구산초등학교병설유치원","sgg_code":"48250","facility_type_code":"1","api_first_registered_on":"2000-10-23","api_last_modified_on":null,"updated_at":"2026-07-25T01:27:52.347112+00:00"},"geometry":{"type":"Point","coordinates":[128.873574756,35.253036066]}},{"type":"Feature","id":"eb28f396afdd28bc299724ce9fcf9a5e84210200684b679b41669c587868d838-1","properties":{"facility_id":"eb28f396afdd28bc299724ce9fcf9a5e84210200684b679b41669c587868d838","point_ordinal":1,"zone_group_id":"482501004890","source_manage_no":"482501004890","facility_name":"구지초등학교","sgg_code":"48250","facility_type_code":"1","api_first_registered_on":"2005-08-20","api_last_modified_on":null,"updated_at":"2026-07-25T01:27:52.347112+00:00"},"geometry":{"type":"Point","coordinates":[128.86978028,35.252844676]}},{"type":"Feature","id":"8bcefb4c2848db13f93aa3647da7b88f127c20106cdffec7d5b588d1acec7afb-1","properties":{"facility_id":"8bcefb4c2848db13f93aa3647da7b88f127c20106cdffec7d5b588d1acec7afb","point_ordinal":1,"zone_group_id":"482501004890","source_manage_no":"482501004891","facility_name":"구지초등학교병설유치원","sgg_code":"48250","facility_type_code":"1","api_first_registered_on":"2005-08-20","api_last_modified_on":null,"updated_at":"2026-07-25T01:27:52.347112+00:00"},"geometry":{"type":"Point","coordinates":[128.869804521,35.252943431]}},{"type":"Feature","id":"07d6b5a4b9344fbca1b766804472eb0ab3a72c55000cf9c4a29c81646b979796-1","properties":{"facility_id":"07d6b5a4b9344fbca1b766804472eb0ab3a72c55000cf9c4a29c81646b979796","point_ordinal":1,"zone_group_id":"482501004912","source_manage_no":"482501004910","facility_name":"글로벌창의유치원","sgg_code":"48250","facility_type_code":"1","api_first_registered_on":"2007-04-04","api_last_modified_on":null,"updated_at":"2026-07-25T01:27:52.347112+00:00"},"geometry":{"type":"Point","coordinates":[128.885460397,35.238145265]}},{"type":"Feature","id":"b7931712ae53158f685ae31659ea74c00659da280ce233a0478458886d6b2ff8-1","properties":{"facility_id":"b7931712ae53158f685ae31659ea74c00659da280ce233a0478458886d6b2ff8","point_ordinal":1,"zone_group_id":"482501004936","source_manage_no":"482501004936","facility_name":"금동초등학교","sgg_code":"48250","facility_type_code":"1","api_first_registered_on":"1998-01-20","api_last_modified_on":null,"updated_at":"2026-07-25T01:27:52.347112+00:00"},"geometry":{"type":"Point","coordinates":[128.930191612,35.308597411]}},{"type":"Feature","id":"c09186b62e6747ead920b4b22c6a28e635819c55e83256172067e33fa106f755-1","properties":{"facility_id":"c09186b62e6747ead920b4b22c6a28e635819c55e83256172067e33fa106f755","point_ordinal":1,"zone_group_id":"482501004936","source_manage_no":"482501004937","facility_name":"금동초등학교병설유치원","sgg_code":"48250","facility_type_code":"1","api_first_registered_on":"1998-01-20","api_last_modified_on":null,"updated_at":"2026-07-25T01:27:52.347112+00:00"},"geometry":{"type":"Point","coordinates":[128.93010052,35.308580842]}},{"type":"Feature","id":"9d436a78dc0307b6d8aae7b5e3203f44f14969943f6bdd78f63a788b8a2c1b84-1","properties":{"facility_id":"9d436a78dc0307b6d8aae7b5e3203f44f14969943f6bdd78f63a788b8a2c1b84","point_ordinal":1,"zone_group_id":"482501005025","source_manage_no":"482501005025","facility_name":"금병초등학교","sgg_code":"48250","facility_type_code":"1","api_first_registered_on":"2006-03-07","api_last_modified_on":null,"updated_at":"2026-07-25T01:27:52.347112+00:00"},"geometry":{"type":"Point","coordinates":[128.735208074,35.309960084]}},{"type":"Feature","id":"6b78b923526d9c1df40b9009846a1f69ec5ae0be1bebbfca6881b80fb699f0e7-1","properties":{"facility_id":"6b78b923526d9c1df40b9009846a1f69ec5ae0be1bebbfca6881b80fb699f0e7","point_ordinal":1,"zone_group_id":"482501005025","source_manage_no":"482501005026","facility_name":"금병초등학교병설유치원","sgg_code":"48250","facility_type_code":"1","api_first_registered_on":"2006-03-07","api_last_modified_on":null,"updated_at":"2026-07-25T01:27:52.347112+00:00"},"geometry":{"type":"Point","coordinates":[128.735195207,35.309872402]}},{"type":"Feature","id":"de192d34a451e2579f34b651ac237ef48e20d5246106abc6b99134263bc43972-1","properties":{"facility_id":"de192d34a451e2579f34b651ac237ef48e20d5246106abc6b99134263bc43972","point_ordinal":1,"zone_group_id":"482501005027","source_manage_no":"482501005027","facility_name":"금산초등학교","sgg_code":"48250","facility_type_code":"1","api_first_registered_on":"1998-12-23","api_last_modified_on":null,"updated_at":"2026-07-25T01:27:52.347112+00:00"},"geometry":{"type":"Point","coordinates":[128.70814,35.291898884]}},{"type":"Feature","id":"3c70453707353e49d062edfde5fb4c856fbabf3888a1dfccea676b07609db75f-1","properties":{"facility_id":"3c70453707353e49d062edfde5fb4c856fbabf3888a1dfccea676b07609db75f","point_ordinal":1,"zone_group_id":"482501005027","source_manage_no":"482501005028","facility_name":"금산초등학교 병설유치원","sgg_code":"48250","facility_type_code":"1","api_first_registered_on":"1998-12-23","api_last_modified_on":null,"updated_at":"2026-07-25T01:27:52.347112+00:00"},"geometry":{"type":"Point","coordinates":[128.708153927,35.291777024]}},{"type":"Feature","id":"783f827c09af198c17b771ef86341f6b19f0e96ba186e921c2d1ffeeac36df62-1","properties":{"facility_id":"783f827c09af198c17b771ef86341f6b19f0e96ba186e921c2d1ffeeac36df62","point_ordinal":1,"zone_group_id":"482501021477","source_manage_no":"482501021477","facility_name":"김해모산초등학교","sgg_code":"48250","facility_type_code":"1","api_first_registered_on":"2019-02-26","api_last_modified_on":null,"updated_at":"2026-07-25T01:27:52.347112+00:00"},"geometry":{"type":"Point","coordinates":[128.826386124,35.168016275]}},{"type":"Feature","id":"cf3348d326a4823d17abd7a9a28170b31d44db242d430a8d51d12a02e138cf2f-1","properties":{"facility_id":"cf3348d326a4823d17abd7a9a28170b31d44db242d430a8d51d12a02e138cf2f","point_ordinal":1,"zone_group_id":"482501021477","source_manage_no":"482501028689","facility_name":"김해모산초등학교 병설유치원","sgg_code":"48250","facility_type_code":"1","api_first_registered_on":null,"api_last_modified_on":"2025-03-24","updated_at":"2026-07-25T01:27:52.347112+00:00"},"geometry":{"type":"Point","coordinates":[128.826326256,35.168129235]}},{"type":"Feature","id":"5749a9e281b547300dca1f4daf644724d4323e7f80d6c17919802a024f383d44-1","properties":{"facility_id":"5749a9e281b547300dca1f4daf644724d4323e7f80d6c17919802a024f383d44","point_ordinal":1,"zone_group_id":"482502021796","source_manage_no":"482502021796","facility_name":"김해보훈요양원","sgg_code":"48250","facility_type_code":"2","api_first_registered_on":"2013-11-01","api_last_modified_on":"2025-12-29","updated_at":"2026-07-25T01:27:52.347112+00:00"},"geometry":{"type":"Point","coordinates":[128.716221587,35.285511497]}},{"type":"Feature","id":"8e7abff940f5f206d8f7003a9c8d2b5e232d65e6c55c29637a56d1905af09686-1","properties":{"facility_id":"8e7abff940f5f206d8f7003a9c8d2b5e232d65e6c55c29637a56d1905af09686","point_ordinal":1,"zone_group_id":"482501004949","source_manage_no":"482501004949","facility_name":"김해삼성어린이집","sgg_code":"48250","facility_type_code":"1","api_first_registered_on":"2007-12-26","api_last_modified_on":null,"updated_at":"2026-07-25T01:27:52.347112+00:00"},"geometry":{"type":"Point","coordinates":[128.905135948,35.229673416]}},{"type":"Feature","id":"1e8093a61a90dd87ee7ca5866c46a3a71838279d426a88eab74b4f75f3b867fe-1","properties":{"facility_id":"1e8093a61a90dd87ee7ca5866c46a3a71838279d426a88eab74b4f75f3b867fe","point_ordinal":1,"zone_group_id":"482501004931","source_manage_no":"482501004931","facility_name":"김해삼성초등학교","sgg_code":"48250","facility_type_code":"1","api_first_registered_on":"1996-05-30","api_last_modified_on":null,"updated_at":"2026-07-25T01:27:52.347112+00:00"},"geometry":{"type":"Point","coordinates":[128.900291566,35.232957358]}},{"type":"Feature","id":"96bb64963c51bb773c45ac7e227c9a5111b5bde847fce32ac1a65d516a74086d-1","properties":{"facility_id":"96bb64963c51bb773c45ac7e227c9a5111b5bde847fce32ac1a65d516a74086d","point_ordinal":1,"zone_group_id":"482501004931","source_manage_no":"482501004932","facility_name":"김해삼성초등학교 병설유치원","sgg_code":"48250","facility_type_code":"1","api_first_registered_on":"1996-05-30","api_last_modified_on":null,"updated_at":"2026-07-25T01:27:52.347112+00:00"},"geometry":{"type":"Point","coordinates":[128.900298277,35.232891917]}},{"type":"Feature","id":"2f568bdd0024f41d38cebe751ff93146db3073aaeffc6554d624b0c78e9576a5-1","properties":{"facility_id":"2f568bdd0024f41d38cebe751ff93146db3073aaeffc6554d624b0c78e9576a5","point_ordinal":1,"zone_group_id":"482502004892","source_manage_no":"482502004892","facility_name":"김해시노인종합복지관","sgg_code":"48250","facility_type_code":"2","api_first_registered_on":"2009-01-01","api_last_modified_on":"2025-12-29","updated_at":"2026-07-25T01:27:52.347112+00:00"},"geometry":{"type":"Point","coordinates":[128.865297709,35.256240351]}},{"type":"Feature","id":"68014d46ad29c642cf241a09b13976c0cd645cf7e6aa10ec69c73be82534867c-1","properties":{"facility_id":"68014d46ad29c642cf241a09b13976c0cd645cf7e6aa10ec69c73be82534867c","point_ordinal":1,"zone_group_id":"482501004919","source_manage_no":"482501004921","facility_name":"김해신명초등학교","sgg_code":"48250","facility_type_code":"1","api_first_registered_on":"2005-08-20","api_last_modified_on":null,"updated_at":"2026-07-25T01:27:52.347112+00:00"},"geometry":{"type":"Point","coordinates":[128.864068109,35.270103088]}},{"type":"Feature","id":"74ec74d0d6fd328b73453c32c76bedf92ca7ccf40f866f03528e7e89e8cb4f2b-1","properties":{"facility_id":"74ec74d0d6fd328b73453c32c76bedf92ca7ccf40f866f03528e7e89e8cb4f2b","point_ordinal":1,"zone_group_id":"482501004914","source_manage_no":"482501004914","facility_name":"김해어린이집","sgg_code":"48250","facility_type_code":"1","api_first_registered_on":"2008-12-10","api_last_modified_on":null,"updated_at":"2026-07-25T01:27:52.347112+00:00"},"geometry":{"type":"Point","coordinates":[128.880181236,35.22772455]}},{"type":"Feature","id":"f5ef15ba18d67beaf97ad728fa8cef250a531e3401853ddbf2946a5f9cbe1826-1","properties":{"facility_id":"f5ef15ba18d67beaf97ad728fa8cef250a531e3401853ddbf2946a5f9cbe1826","point_ordinal":1,"zone_group_id":"482501004959","source_manage_no":"482501004959","facility_name":"김해외동초등학교","sgg_code":"48250","facility_type_code":"1","api_first_registered_on":"1998-01-20","api_last_modified_on":null,"updated_at":"2026-07-25T01:27:52.347112+00:00"},"geometry":{"type":"Point","coordinates":[128.858841474,35.232293816]}},{"type":"Feature","id":"ff752bf762e8892c1693aade37de47a7224b70b94bb1ee44bbd5e69c6c394ee6-1","properties":{"facility_id":"ff752bf762e8892c1693aade37de47a7224b70b94bb1ee44bbd5e69c6c394ee6","point_ordinal":1,"zone_group_id":"482501004996","source_manage_no":"482501004996","facility_name":"김해율하유치원","sgg_code":"48250","facility_type_code":"1","api_first_registered_on":"2012-06-29","api_last_modified_on":null,"updated_at":"2026-07-25T01:27:52.347112+00:00"},"geometry":{"type":"Point","coordinates":[128.814497601,35.168659371]}},{"type":"Feature","id":"634aca6d4655ac4c48627fc445f6432a8ffe9344182e7cb8fba305608c3f7884-1","properties":{"facility_id":"634aca6d4655ac4c48627fc445f6432a8ffe9344182e7cb8fba305608c3f7884","point_ordinal":1,"zone_group_id":"482501005045","source_manage_no":"482501005045","facility_name":"김해은혜학교","sgg_code":"48250","facility_type_code":"1","api_first_registered_on":"2006-09-26","api_last_modified_on":null,"updated_at":"2026-07-25T01:27:52.347112+00:00"},"geometry":{"type":"Point","coordinates":[128.86657965,35.18915404]}},{"type":"Feature","id":"7a7487596cc15fe346b040b59aa73437b310d7ff33d75f628a89178a55db6c74-1","properties":{"facility_id":"7a7487596cc15fe346b040b59aa73437b310d7ff33d75f628a89178a55db6c74","point_ordinal":1,"zone_group_id":"482501004966","source_manage_no":"482501004966","facility_name":"김해활천초등학교","sgg_code":"48250","facility_type_code":"1","api_first_registered_on":"1996-05-30","api_last_modified_on":null,"updated_at":"2026-07-25T01:27:52.347112+00:00"},"geometry":{"type":"Point","coordinates":[128.918806738,35.231326109]}},{"type":"Feature","id":"aa1e737934da4e74c2c8116db1fca6fc87b56210815d7b3754d1f0072e8cd644-1","properties":{"facility_id":"aa1e737934da4e74c2c8116db1fca6fc87b56210815d7b3754d1f0072e8cd644","point_ordinal":1,"zone_group_id":"482501004895","source_manage_no":"482501004895","facility_name":"꽃동산유치원","sgg_code":"48250","facility_type_code":"1","api_first_registered_on":"2003-03-04","api_last_modified_on":null,"updated_at":"2026-07-25T01:27:52.347112+00:00"},"geometry":{"type":"Point","coordinates":[128.863886852,35.246167128]}},{"type":"Feature","id":"918ce3770f90802db9c0a542377e82dee6150fbc25bbcefe6f151e90e72b4c3f-1","properties":{"facility_id":"918ce3770f90802db9c0a542377e82dee6150fbc25bbcefe6f151e90e72b4c3f","point_ordinal":1,"zone_group_id":"482501005029","source_manage_no":"482501005029","facility_name":"나무와아이들유치원","sgg_code":"48250","facility_type_code":"1","api_first_registered_on":"2010-04-12","api_last_modified_on":null,"updated_at":"2026-07-25T01:27:52.347112+00:00"},"geometry":{"type":"Point","coordinates":[128.737002811,35.297796801]}},{"type":"Feature","id":"193a290acbcb3662438497a935b5d98f4b032434ed2ad5c04498d6dcd822560e-1","properties":{"facility_id":"193a290acbcb3662438497a935b5d98f4b032434ed2ad5c04498d6dcd822560e","point_ordinal":1,"zone_group_id":"482501030010","source_manage_no":"482501030010","facility_name":"내덕초등학교","sgg_code":"48250","facility_type_code":"1","api_first_registered_on":"2026-02-24","api_last_modified_on":"2026-03-30","updated_at":"2026-07-25T01:27:52.347112+00:00"},"geometry":{"type":"Point","coordinates":[128.822339681,35.211998915]}},{"type":"Feature","id":"11234302d2dce7e61ed998e94bb6074665fb3eac44d4f94ec843c121af93d079-1","properties":{"facility_id":"11234302d2dce7e61ed998e94bb6074665fb3eac44d4f94ec843c121af93d079","point_ordinal":1,"zone_group_id":"482501004896","source_manage_no":"482501004896","facility_name":"내동초등학교","sgg_code":"48250","facility_type_code":"1","api_first_registered_on":"1996-05-30","api_last_modified_on":null,"updated_at":"2026-07-25T01:27:52.347112+00:00"},"geometry":{"type":"Point","coordinates":[128.860518888,35.242589539]}},{"type":"Feature","id":"1f7eed1a24822097d60fde9c7d0575f7801eac890d2672f1b28a5a1e70c60ede-1","properties":{"facility_id":"1f7eed1a24822097d60fde9c7d0575f7801eac890d2672f1b28a5a1e70c60ede","point_ordinal":1,"zone_group_id":"482501004896","source_manage_no":"482501004897","facility_name":"내동초등학교병설유치원","sgg_code":"48250","facility_type_code":"1","api_first_registered_on":"1996-05-30","api_last_modified_on":null,"updated_at":"2026-07-25T01:27:52.347112+00:00"},"geometry":{"type":"Point","coordinates":[128.860576881,35.242723825]}},{"type":"Feature","id":"a96e7de6bc431dfc4571f8cb031e5187605288205963f9b2212890670bf65d55-1","properties":{"facility_id":"a96e7de6bc431dfc4571f8cb031e5187605288205963f9b2212890670bf65d55","point_ordinal":1,"zone_group_id":"482501004973","source_manage_no":"482501004973","facility_name":"능동초등학교","sgg_code":"48250","facility_type_code":"1","api_first_registered_on":"2004-10-05","api_last_modified_on":null,"updated_at":"2026-07-25T01:27:52.347112+00:00"},"geometry":{"type":"Point","coordinates":[128.79569582,35.19749801]}},{"type":"Feature","id":"8a9e3bc017a1c24a86372d3773cbf3cbb2cd040a3ca8f6734f6e2cbce24179fa-1","properties":{"facility_id":"8a9e3bc017a1c24a86372d3773cbf3cbb2cd040a3ca8f6734f6e2cbce24179fa","point_ordinal":1,"zone_group_id":"482501004973","source_manage_no":"482501004974","facility_name":"능동초등학교병설유치원","sgg_code":"48250","facility_type_code":"1","api_first_registered_on":"2004-10-05","api_last_modified_on":null,"updated_at":"2026-07-25T01:27:52.347112+00:00"},"geometry":{"type":"Point","coordinates":[128.795681142,35.197579336]}},{"type":"Feature","id":"400fa4120a48b4640a918a2e80c04fe936e3373ee7b7294f89bcd15c7886f3cb-1","properties":{"facility_id":"400fa4120a48b4640a918a2e80c04fe936e3373ee7b7294f89bcd15c7886f3cb","point_ordinal":1,"zone_group_id":"482501004912","source_manage_no":"482501004911","facility_name":"다전어린이집","sgg_code":"48250","facility_type_code":"1","api_first_registered_on":"2008-12-10","api_last_modified_on":null,"updated_at":"2026-07-25T01:27:52.347112+00:00"},"geometry":{"type":"Point","coordinates":[128.888677713,35.2343264]}},{"type":"Feature","id":"9fb31e674352e7f94c0f488ac27d129c6dd596815b013a51acb0b399fc5ba813-1","properties":{"facility_id":"9fb31e674352e7f94c0f488ac27d129c6dd596815b013a51acb0b399fc5ba813","point_ordinal":1,"zone_group_id":"482501004903","source_manage_no":"482501004903","facility_name":"대감초등학교","sgg_code":"48250","facility_type_code":"1","api_first_registered_on":"1999-04-07","api_last_modified_on":null,"updated_at":"2026-07-25T01:27:52.347112+00:00"},"geometry":{"type":"Point","coordinates":[128.982262499,35.273112356]}},{"type":"Feature","id":"da0bb87b0524525382874da90f069b015197014e81a7b8de714609d613caa9c7-1","properties":{"facility_id":"da0bb87b0524525382874da90f069b015197014e81a7b8de714609d613caa9c7","point_ordinal":1,"zone_group_id":"482501004903","source_manage_no":"482501004904","facility_name":"대감초등학교병설유치원","sgg_code":"48250","facility_type_code":"1","api_first_registered_on":"1999-04-07","api_last_modified_on":null,"updated_at":"2026-07-25T01:27:52.347112+00:00"},"geometry":{"type":"Point","coordinates":[128.982262223,35.273213742]}},{"type":"Feature","id":"d1155df94b151977096584dcf8fe567da5bbc03a680eb2e05ce85337f57c00c0-1","properties":{"facility_id":"d1155df94b151977096584dcf8fe567da5bbc03a680eb2e05ce85337f57c00c0","point_ordinal":1,"zone_group_id":"482501004948","source_manage_no":"482501004948","facility_name":"대곡초등학교","sgg_code":"48250","facility_type_code":"1","api_first_registered_on":"2005-08-20","api_last_modified_on":null,"updated_at":"2026-07-25T01:27:52.347112+00:00"},"geometry":{"type":"Point","coordinates":[128.900096673,35.243995416]}},{"type":"Feature","id":"2fa04c270dbd74c6586a4e91e132e8a3a8b9273fa8bcc4d9d3bb68e87e98064c-1","properties":{"facility_id":"2fa04c270dbd74c6586a4e91e132e8a3a8b9273fa8bcc4d9d3bb68e87e98064c","point_ordinal":1,"zone_group_id":"482501004906","source_manage_no":"482501004906","facility_name":"대동초등학교","sgg_code":"48250","facility_type_code":"1","api_first_registered_on":"1998-04-07","api_last_modified_on":null,"updated_at":"2026-07-25T01:27:52.347112+00:00"},"geometry":{"type":"Point","coordinates":[128.980910429,35.242312078]}},{"type":"Feature","id":"bd204c7473237c7f38bfe2d57a79bf21f1d39b6bd2db90fc3142204b50fd3d93-1","properties":{"facility_id":"bd204c7473237c7f38bfe2d57a79bf21f1d39b6bd2db90fc3142204b50fd3d93","point_ordinal":1,"zone_group_id":"482501004906","source_manage_no":"482501004907","facility_name":"대동초등학교병설유치원","sgg_code":"48250","facility_type_code":"1","api_first_registered_on":"1998-04-07","api_last_modified_on":null,"updated_at":"2026-07-25T01:27:52.347112+00:00"},"geometry":{"type":"Point","coordinates":[128.98090153,35.242397835]}},{"type":"Feature","id":"8db820e5391bd96824174d41bc507473ba6808021074399deec27395556647fb-1","properties":{"facility_id":"8db820e5391bd96824174d41bc507473ba6808021074399deec27395556647fb","point_ordinal":1,"zone_group_id":"482501004908","source_manage_no":"482501004908","facility_name":"대중초등학교","sgg_code":"48250","facility_type_code":"1","api_first_registered_on":"2002-05-22","api_last_modified_on":null,"updated_at":"2026-07-25T01:27:52.347112+00:00"},"geometry":{"type":"Point","coordinates":[128.949652932,35.236027677]}},{"type":"Feature","id":"ef0efa83283fcba31e032c4f818f2f01b5bd26abfb7a81d5a1354ac8908f4ab8-1","properties":{"facility_id":"ef0efa83283fcba31e032c4f818f2f01b5bd26abfb7a81d5a1354ac8908f4ab8","point_ordinal":1,"zone_group_id":"482501004908","source_manage_no":"482501004909","facility_name":"대중초등학교병설유치원","sgg_code":"48250","facility_type_code":"1","api_first_registered_on":"2002-05-22","api_last_modified_on":null,"updated_at":"2026-07-25T01:27:52.347112+00:00"},"geometry":{"type":"Point","coordinates":[128.949651858,35.236097535]}},{"type":"Feature","id":"3a2cf6e69a105356bcc7f8631d240319294d1851c7b9261199ae0bc959fcc831-1","properties":{"facility_id":"3a2cf6e69a105356bcc7f8631d240319294d1851c7b9261199ae0bc959fcc831","point_ordinal":1,"zone_group_id":"482501005021","source_manage_no":"482501005021","facility_name":"대진초등학교","sgg_code":"48250","facility_type_code":"1","api_first_registered_on":"1996-09-23","api_last_modified_on":null,"updated_at":"2026-07-25T01:27:52.347112+00:00"},"geometry":{"type":"Point","coordinates":[128.76494794,35.257475393]}},{"type":"Feature","id":"37cb5aef9283bdce521d0a07822e7a87368a5aed59fb5e2bfb2fb9a6d06ab597-1","properties":{"facility_id":"37cb5aef9283bdce521d0a07822e7a87368a5aed59fb5e2bfb2fb9a6d06ab597","point_ordinal":1,"zone_group_id":"482501005021","source_manage_no":"482501005022","facility_name":"대진초등학교병설유치원","sgg_code":"48250","facility_type_code":"1","api_first_registered_on":"1996-09-23","api_last_modified_on":null,"updated_at":"2026-07-25T01:27:52.347112+00:00"},"geometry":{"type":"Point","coordinates":[128.764973543,35.257389405]}},{"type":"Feature","id":"a06f0709109e9d45bbeff3b7c3010bd488c4ed6d48b36375a9dcf1d3b2f9ee5d-1","properties":{"facility_id":"a06f0709109e9d45bbeff3b7c3010bd488c4ed6d48b36375a9dcf1d3b2f9ee5d","point_ordinal":1,"zone_group_id":"482501004975","source_manage_no":"482501004975","facility_name":"대청어린이집","sgg_code":"48250","facility_type_code":"1","api_first_registered_on":"2010-08-23","api_last_modified_on":null,"updated_at":"2026-07-25T01:27:52.347112+00:00"},"geometry":{"type":"Point","coordinates":[128.797876178,35.19093779]}},{"type":"Feature","id":"c0127799148f2f85b0483f2e672a14bd896d65f6d4addeb732b69e1d0d3d51e9-1","properties":{"facility_id":"c0127799148f2f85b0483f2e672a14bd896d65f6d4addeb732b69e1d0d3d51e9","point_ordinal":1,"zone_group_id":"482501004976","source_manage_no":"482501004976","facility_name":"대청초등학교","sgg_code":"48250","facility_type_code":"1","api_first_registered_on":"2005-08-16","api_last_modified_on":null,"updated_at":"2026-07-25T01:27:52.347112+00:00"},"geometry":{"type":"Point","coordinates":[128.80387679,35.188420871]}},{"type":"Feature","id":"b83ac8948a919e37670b3051a70e296ca077bf21b5a642f032b613f3260945bf-1","properties":{"facility_id":"b83ac8948a919e37670b3051a70e296ca077bf21b5a642f032b613f3260945bf","point_ordinal":1,"zone_group_id":"482502027139","source_manage_no":"482502027139","facility_name":"대현경로당","sgg_code":"48250","facility_type_code":"2","api_first_registered_on":null,"api_last_modified_on":"2025-12-29","updated_at":"2026-07-25T01:27:52.347112+00:00"},"geometry":{"type":"Point","coordinates":[128.765392369,35.321222304]}},{"type":"Feature","id":"f398cb41b365d9a9e9ad2089942278b9b674c12062c55333f5f2d6c8721c9618-1","properties":{"facility_id":"f398cb41b365d9a9e9ad2089942278b9b674c12062c55333f5f2d6c8721c9618","point_ordinal":1,"zone_group_id":"482501005032","source_manage_no":"482501005032","facility_name":"대흥초등학교","sgg_code":"48250","facility_type_code":"1","api_first_registered_on":"1998-12-23","api_last_modified_on":null,"updated_at":"2026-07-25T01:27:52.347112+00:00"},"geometry":{"type":"Point","coordinates":[128.72621384,35.303623015]}},{"type":"Feature","id":"a3d4194e60f328129c0609aecbfa44fac67ddf2e2b0b550de04e981c30f57345-1","properties":{"facility_id":"a3d4194e60f328129c0609aecbfa44fac67ddf2e2b0b550de04e981c30f57345","point_ordinal":1,"zone_group_id":"482501005032","source_manage_no":"482501005033","facility_name":"대흥초등학교병설유치원","sgg_code":"48250","facility_type_code":"1","api_first_registered_on":"1998-12-23","api_last_modified_on":null,"updated_at":"2026-07-25T01:27:52.347112+00:00"},"geometry":{"type":"Point","coordinates":[128.72621183,35.303528418]}},{"type":"Feature","id":"84a25436d57e59422925b9d49b653c243ad24c7675001f666ee59fb859c5734c-1","properties":{"facility_id":"84a25436d57e59422925b9d49b653c243ad24c7675001f666ee59fb859c5734c","point_ordinal":1,"zone_group_id":"482501004977","source_manage_no":"482501004977","facility_name":"덕정초등학교","sgg_code":"48250","facility_type_code":"1","api_first_registered_on":"2005-08-16","api_last_modified_on":null,"updated_at":"2026-07-25T01:27:52.347112+00:00"},"geometry":{"type":"Point","coordinates":[128.798574393,35.177673007]}},{"type":"Feature","id":"c95dc05926db487b266280247d9f0ff775bdefcd3bdf8d77749da2405a4a9849-1","properties":{"facility_id":"c95dc05926db487b266280247d9f0ff775bdefcd3bdf8d77749da2405a4a9849","point_ordinal":1,"zone_group_id":"482501004957","source_manage_no":"482501004957","facility_name":"도담어린이집","sgg_code":"48250","facility_type_code":"1","api_first_registered_on":"2011-01-06","api_last_modified_on":null,"updated_at":"2026-07-25T01:27:52.347112+00:00"},"geometry":{"type":"Point","coordinates":[128.858564893,35.230205152]}},{"type":"Feature","id":"538fa4acc73825989643596fcdcba8b38b85f112b0e14055f7105890df6ede8d-1","properties":{"facility_id":"538fa4acc73825989643596fcdcba8b38b85f112b0e14055f7105890df6ede8d","point_ordinal":1,"zone_group_id":"482501004912","source_manage_no":"482501004912","facility_name":"동광초등학교","sgg_code":"48250","facility_type_code":"1","api_first_registered_on":"1996-05-30","api_last_modified_on":null,"updated_at":"2026-07-25T01:27:52.347112+00:00"},"geometry":{"type":"Point","coordinates":[128.888322395,35.236503328]}},{"type":"Feature","id":"ec575d68df5d0e3f3a1e74a8da6df6753b68fc5324e16f06213d471ad6091545-1","properties":{"facility_id":"ec575d68df5d0e3f3a1e74a8da6df6753b68fc5324e16f06213d471ad6091545","point_ordinal":1,"zone_group_id":"482501004912","source_manage_no":"482501004913","facility_name":"동광초등학교병설유치원","sgg_code":"48250","facility_type_code":"1","api_first_registered_on":"1996-05-30","api_last_modified_on":null,"updated_at":"2026-07-25T01:27:52.347112+00:00"},"geometry":{"type":"Point","coordinates":[128.888317979,35.236431302]}},{"type":"Feature","id":"8508b41574630bfd59551cd8f896eb25ec86e257a1338c8161ad6699978edb81-1","properties":{"facility_id":"8508b41574630bfd59551cd8f896eb25ec86e257a1338c8161ad6699978edb81","point_ordinal":1,"zone_group_id":"482501004931","source_manage_no":"482502004930","facility_name":"동부노인회관","sgg_code":"48250","facility_type_code":"2","api_first_registered_on":"2009-01-01","api_last_modified_on":"2025-12-29","updated_at":"2026-07-25T01:27:52.347112+00:00"},"geometry":{"type":"Point","coordinates":[128.901682858,35.231271085]}},{"type":"Feature","id":"b59fddefdf54d659566538b22b74eb6e511bfbed63e9f7c046a558a8a33fab5f-1","properties":{"facility_id":"b59fddefdf54d659566538b22b74eb6e511bfbed63e9f7c046a558a8a33fab5f","point_ordinal":1,"zone_group_id":"482502021797","source_manage_no":"482502021797","facility_name":"동부치매안심센터","sgg_code":"48250","facility_type_code":"2","api_first_registered_on":"2019-08-16","api_last_modified_on":"2025-12-29","updated_at":"2026-07-25T01:27:52.347112+00:00"},"geometry":{"type":"Point","coordinates":[128.922376957,35.229955214]}},{"type":"Feature","id":"b1134735b424a986fd3bcdf710a3f1802f1480db276e96a41491dd2769b25994-1","properties":{"facility_id":"b1134735b424a986fd3bcdf710a3f1802f1480db276e96a41491dd2769b25994","point_ordinal":1,"zone_group_id":"482501004973","source_manage_no":"482501004978","facility_name":"동우유치원","sgg_code":"48250","facility_type_code":"1","api_first_registered_on":"2007-04-04","api_last_modified_on":null,"updated_at":"2026-07-25T01:27:52.347112+00:00"},"geometry":{"type":"Point","coordinates":[128.798599613,35.19857417]}},{"type":"Feature","id":"cec986a9355ed9982bf509c4586a2fa4739e1897a1262905acd50ff7911f0038-1","properties":{"facility_id":"cec986a9355ed9982bf509c4586a2fa4739e1897a1262905acd50ff7911f0038","point_ordinal":1,"zone_group_id":"482501021481","source_manage_no":"482501021481","facility_name":"무지개유치원","sgg_code":"48250","facility_type_code":"1","api_first_registered_on":"2011-01-06","api_last_modified_on":null,"updated_at":"2026-07-25T01:27:52.347112+00:00"},"geometry":{"type":"Point","coordinates":[128.874938675,35.263256622]}},{"type":"Feature","id":"0d77e62db65b6e15c2a6121fe43669a80de80cc1f48d7ea03d66afd857931db5-1","properties":{"facility_id":"0d77e62db65b6e15c2a6121fe43669a80de80cc1f48d7ea03d66afd857931db5","point_ordinal":1,"zone_group_id":"482501004959","source_manage_no":"482501004958","facility_name":"봉명초등학교","sgg_code":"48250","facility_type_code":"1","api_first_registered_on":"1999-04-07","api_last_modified_on":null,"updated_at":"2026-07-25T01:27:52.347112+00:00"},"geometry":{"type":"Point","coordinates":[128.862098221,35.232536708]}},{"type":"Feature","id":"4de1fa7fd7d0a65212b9c2f27283536bbedafd7c7e96e5712244dd495eb0a474-1","properties":{"facility_id":"4de1fa7fd7d0a65212b9c2f27283536bbedafd7c7e96e5712244dd495eb0a474","point_ordinal":1,"zone_group_id":"482501005013","source_manage_no":"482501005013","facility_name":"봉황초등학교","sgg_code":"48250","facility_type_code":"1","api_first_registered_on":"2002-03-02","api_last_modified_on":null,"updated_at":"2026-07-25T01:27:52.347112+00:00"},"geometry":{"type":"Point","coordinates":[128.869274153,35.222087063]}},{"type":"Feature","id":"973ceb2cb5c50adbe85e794e77d3229ab80cc2834ee41d88b7aa493a1578b1e4-1","properties":{"facility_id":"973ceb2cb5c50adbe85e794e77d3229ab80cc2834ee41d88b7aa493a1578b1e4","point_ordinal":1,"zone_group_id":"482501005013","source_manage_no":"482501005014","facility_name":"봉황초등학교병설유치원","sgg_code":"48250","facility_type_code":"1","api_first_registered_on":"2002-03-02","api_last_modified_on":null,"updated_at":"2026-07-25T01:27:52.347112+00:00"},"geometry":{"type":"Point","coordinates":[128.869318434,35.221982743]}},{"type":"Feature","id":"3b095e05df419544ef4e06aa40ad4a11aac4d8890691865584bdb59416a3c0bf-1","properties":{"facility_id":"3b095e05df419544ef4e06aa40ad4a11aac4d8890691865584bdb59416a3c0bf","point_ordinal":1,"zone_group_id":"482501004979","source_manage_no":"482501004979","facility_name":"부곡초등학교","sgg_code":"48250","facility_type_code":"1","api_first_registered_on":"2002-12-12","api_last_modified_on":null,"updated_at":"2026-07-25T01:27:52.347112+00:00"},"geometry":{"type":"Point","coordinates":[128.800229156,35.206928056]}},{"type":"Feature","id":"d99e61e6c8b2f3211974f74ee7f75b8ef251fb32bfc29f08001cb178bf5c69ca-1","properties":{"facility_id":"d99e61e6c8b2f3211974f74ee7f75b8ef251fb32bfc29f08001cb178bf5c69ca","point_ordinal":1,"zone_group_id":"482501004979","source_manage_no":"482501004980","facility_name":"부곡초등학교병설유치원","sgg_code":"48250","facility_type_code":"1","api_first_registered_on":"2002-12-12","api_last_modified_on":null,"updated_at":"2026-07-25T01:27:52.347112+00:00"},"geometry":{"type":"Point","coordinates":[128.800282994,35.206879942]}},{"type":"Feature","id":"2964c0205705c60393a7dba753d39fb1aac10a79cb0e16c8acecb0d092e56b9a-1","properties":{"facility_id":"2964c0205705c60393a7dba753d39fb1aac10a79cb0e16c8acecb0d092e56b9a","point_ordinal":1,"zone_group_id":"482501004916","source_manage_no":"482501004916","facility_name":"북부어린이집","sgg_code":"48250","facility_type_code":"1","api_first_registered_on":"2011-01-06","api_last_modified_on":null,"updated_at":"2026-07-25T01:27:52.347112+00:00"},"geometry":{"type":"Point","coordinates":[128.869385741,35.270990343]}},{"type":"Feature","id":"670941bcddbd237721fe67db25e2615bb8a606c562044ab27547ab8977a0445e-1","properties":{"facility_id":"670941bcddbd237721fe67db25e2615bb8a606c562044ab27547ab8977a0445e","point_ordinal":1,"zone_group_id":"482501004917","source_manage_no":"482501004917","facility_name":"분성초등학교","sgg_code":"48250","facility_type_code":"1","api_first_registered_on":"2003-03-02","api_last_modified_on":null,"updated_at":"2026-07-25T01:27:52.347112+00:00"},"geometry":{"type":"Point","coordinates":[128.87344258,35.264695506]}},{"type":"Feature","id":"4fe604cf8ab361911d5790979c591ce637fca6cd8f1aeda4e38281275ce3edac-1","properties":{"facility_id":"4fe604cf8ab361911d5790979c591ce637fca6cd8f1aeda4e38281275ce3edac","point_ordinal":1,"zone_group_id":"482501004896","source_manage_no":"482501021772","facility_name":"빛누리유치원","sgg_code":"48250","facility_type_code":"1","api_first_registered_on":null,"api_last_modified_on":null,"updated_at":"2026-07-25T01:27:52.347112+00:00"},"geometry":{"type":"Point","coordinates":[128.86002897,35.243708979]}},{"type":"Feature","id":"b0c5f2abc65441b9039b6958218c77dca71b7871f5c68ce50e985b86e75735df-1","properties":{"facility_id":"b0c5f2abc65441b9039b6958218c77dca71b7871f5c68ce50e985b86e75735df","point_ordinal":1,"zone_group_id":"482501004893","source_manage_no":"482501004893","facility_name":"사랑어린이집","sgg_code":"48250","facility_type_code":"1","api_first_registered_on":"2009-05-30","api_last_modified_on":null,"updated_at":"2026-07-25T01:27:52.347112+00:00"},"geometry":{"type":"Point","coordinates":[128.875499128,35.24718074]}},{"type":"Feature","id":"cdb29ceed890e0d238f678ae32d544e08321acd4e5726966fba1625ade12c841-1","properties":{"facility_id":"cdb29ceed890e0d238f678ae32d544e08321acd4e5726966fba1625ade12c841","point_ordinal":1,"zone_group_id":"482501004981","source_manage_no":"482501004981","facility_name":"산새소리유치원","sgg_code":"48250","facility_type_code":"1","api_first_registered_on":"2009-04-01","api_last_modified_on":null,"updated_at":"2026-07-25T01:27:52.347112+00:00"},"geometry":{"type":"Point","coordinates":[128.808703578,35.192898777]}},{"type":"Feature","id":"c885a153d7702da57adac3643e0787eeb6ce72edac4728d0e34734c0a8abdfce-1","properties":{"facility_id":"c885a153d7702da57adac3643e0787eeb6ce72edac4728d0e34734c0a8abdfce","point_ordinal":1,"zone_group_id":"482501004919","source_manage_no":"482501004918","facility_name":"삼계어린이집","sgg_code":"48250","facility_type_code":"1","api_first_registered_on":"2011-01-06","api_last_modified_on":null,"updated_at":"2026-07-25T01:27:52.347112+00:00"},"geometry":{"type":"Point","coordinates":[128.863184919,35.268571277]}},{"type":"Feature","id":"c677a7adffbc0860f07146b9064750b9e45349ca5f282995dab3cc5706a3bad3-1","properties":{"facility_id":"c677a7adffbc0860f07146b9064750b9e45349ca5f282995dab3cc5706a3bad3","point_ordinal":1,"zone_group_id":"482501004919","source_manage_no":"482501004919","facility_name":"삼계초등학교","sgg_code":"48250","facility_type_code":"1","api_first_registered_on":"2001-05-24","api_last_modified_on":null,"updated_at":"2026-07-25T01:27:52.347112+00:00"},"geometry":{"type":"Point","coordinates":[128.864808146,35.267069826]}},{"type":"Feature","id":"928830085f46881a40bef124855d3773827a1e91fa478c9728c10c9d2dc37671-1","properties":{"facility_id":"928830085f46881a40bef124855d3773827a1e91fa478c9728c10c9d2dc37671","point_ordinal":1,"zone_group_id":"482501004919","source_manage_no":"482501004920","facility_name":"삼계초등학교병설유치원","sgg_code":"48250","facility_type_code":"1","api_first_registered_on":"2001-05-24","api_last_modified_on":null,"updated_at":"2026-07-25T01:27:52.347112+00:00"},"geometry":{"type":"Point","coordinates":[128.864799536,35.267173595]}},{"type":"Feature","id":"9ef10765c5148b5a5d1d730ae2ef9c76bdfbc8d54a7e132e30bd84b5ebcd5589-1","properties":{"facility_id":"9ef10765c5148b5a5d1d730ae2ef9c76bdfbc8d54a7e132e30bd84b5ebcd5589","point_ordinal":1,"zone_group_id":"482501004982","source_manage_no":"482501004982","facility_name":"삼문초등학교","sgg_code":"48250","facility_type_code":"1","api_first_registered_on":"2002-12-22","api_last_modified_on":null,"updated_at":"2026-07-25T01:27:52.347112+00:00"},"geometry":{"type":"Point","coordinates":[128.802406573,35.197845216]}},{"type":"Feature","id":"5f3406c259eacadd7f90efe7c304784924b8d0ee0ecb67cdc318def833514713-1","properties":{"facility_id":"5f3406c259eacadd7f90efe7c304784924b8d0ee0ecb67cdc318def833514713","point_ordinal":1,"zone_group_id":"482501004982","source_manage_no":"482501004983","facility_name":"삼문초등학교병설유치원","sgg_code":"48250","facility_type_code":"1","api_first_registered_on":"2002-12-22","api_last_modified_on":null,"updated_at":"2026-07-25T01:27:52.347112+00:00"},"geometry":{"type":"Point","coordinates":[128.802381424,35.197949229]}},{"type":"Feature","id":"f4fd548f190cb53fa4f1c16375e5c8eb55486c45a1fa4e60cb271fffd4249afd-1","properties":{"facility_id":"f4fd548f190cb53fa4f1c16375e5c8eb55486c45a1fa4e60cb271fffd4249afd","point_ordinal":1,"zone_group_id":"482501004924","source_manage_no":"482501004924","facility_name":"삼방초등학교","sgg_code":"48250","facility_type_code":"1","api_first_registered_on":"1996-05-30","api_last_modified_on":null,"updated_at":"2026-07-25T01:27:52.347112+00:00"},"geometry":{"type":"Point","coordinates":[128.90857819,35.248571537]}},{"type":"Feature","id":"a590e387fec41993bf7fc12d92c9243b8814b8f6817f93083283ff87ac274cf2-1","properties":{"facility_id":"a590e387fec41993bf7fc12d92c9243b8814b8f6817f93083283ff87ac274cf2","point_ordinal":1,"zone_group_id":"482501004924","source_manage_no":"482501004925","facility_name":"삼방초등학교병설유치원","sgg_code":"48250","facility_type_code":"1","api_first_registered_on":"1996-05-30","api_last_modified_on":null,"updated_at":"2026-07-25T01:27:52.347112+00:00"},"geometry":{"type":"Point","coordinates":[128.908505648,35.248523116]}},{"type":"Feature","id":"de924aabf7b5971898c6394e305dc61a9317655f50d593b9aa5356f09c50049c-1","properties":{"facility_id":"de924aabf7b5971898c6394e305dc61a9317655f50d593b9aa5356f09c50049c","point_ordinal":1,"zone_group_id":"482501021485","source_manage_no":"482501021485","facility_name":"삼성이칼러지유치원","sgg_code":"48250","facility_type_code":"1","api_first_registered_on":"2010-05-11","api_last_modified_on":null,"updated_at":"2026-07-25T01:27:52.347112+00:00"},"geometry":{"type":"Point","coordinates":[128.722634339,35.306003957]}},{"type":"Feature","id":"3c3b67d1b2de9ef055667abebafd11b396422de9e70714425735a581b19d4887-1","properties":{"facility_id":"3c3b67d1b2de9ef055667abebafd11b396422de9e70714425735a581b19d4887","point_ordinal":1,"zone_group_id":"482501004984","source_manage_no":"482501004984","facility_name":"새장유어린이집","sgg_code":"48250","facility_type_code":"1","api_first_registered_on":"2007-09-14","api_last_modified_on":null,"updated_at":"2026-07-25T01:27:52.347112+00:00"},"geometry":{"type":"Point","coordinates":[128.796787758,35.210217415]}},{"type":"Feature","id":"a4beba0047458d046cf8df0de044a5c91a536f62bc7061853ddf61d5182e65c1-1","properties":{"facility_id":"a4beba0047458d046cf8df0de044a5c91a536f62bc7061853ddf61d5182e65c1","point_ordinal":1,"zone_group_id":"482501005000","source_manage_no":"482501004985","facility_name":"생각숲예술유치원","sgg_code":"48250","facility_type_code":"1","api_first_registered_on":"2012-12-18","api_last_modified_on":null,"updated_at":"2026-07-25T01:27:52.347112+00:00"},"geometry":{"type":"Point","coordinates":[128.812434682,35.17489403]}},{"type":"Feature","id":"0a2555a565e9ce2c87312871b41382fe1d8f531066aa42c075fb8637c8607ac1-1","properties":{"facility_id":"0a2555a565e9ce2c87312871b41382fe1d8f531066aa42c075fb8637c8607ac1","point_ordinal":1,"zone_group_id":"482501004940","source_manage_no":"482501004940","facility_name":"생림초등학교","sgg_code":"48250","facility_type_code":"1","api_first_registered_on":"1999-04-07","api_last_modified_on":null,"updated_at":"2026-07-25T01:27:52.347112+00:00"},"geometry":{"type":"Point","coordinates":[128.847459617,35.331328618]}},{"type":"Feature","id":"329e75473a44f2ee3fd456d32e2328f1f021cbc0b7f8b6a2979273bdab73c3ab-1","properties":{"facility_id":"329e75473a44f2ee3fd456d32e2328f1f021cbc0b7f8b6a2979273bdab73c3ab","point_ordinal":1,"zone_group_id":"482501004940","source_manage_no":"482501004941","facility_name":"생림초등학교병설유치원","sgg_code":"48250","facility_type_code":"1","api_first_registered_on":"1999-04-07","api_last_modified_on":null,"updated_at":"2026-07-25T01:27:52.347112+00:00"},"geometry":{"type":"Point","coordinates":[128.847445382,35.331427965]}},{"type":"Feature","id":"ece6026ec94ebfdcc29a9a19bf0b52e5daee37a68b810e1343721be03deb225d-1","properties":{"facility_id":"ece6026ec94ebfdcc29a9a19bf0b52e5daee37a68b810e1343721be03deb225d","point_ordinal":1,"zone_group_id":"482501004977","source_manage_no":"482502021799","facility_name":"서부노인종합복지관","sgg_code":"48250","facility_type_code":"2","api_first_registered_on":"2019-08-16","api_last_modified_on":"2025-12-29","updated_at":"2026-07-25T01:27:52.347112+00:00"},"geometry":{"type":"Point","coordinates":[128.797966983,35.179814788]}},{"type":"Feature","id":"c383842f65c917c8c66b33f5977550b84748165e14a588d8c4ae766dd72b2e5d-1","properties":{"facility_id":"c383842f65c917c8c66b33f5977550b84748165e14a588d8c4ae766dd72b2e5d","point_ordinal":1,"zone_group_id":"482501005013","source_manage_no":"482501005015","facility_name":"서부어린이집","sgg_code":"48250","facility_type_code":"1","api_first_registered_on":"2010-08-23","api_last_modified_on":null,"updated_at":"2026-07-25T01:27:52.347112+00:00"},"geometry":{"type":"Point","coordinates":[128.871008402,35.222635455]}},{"type":"Feature","id":"102c71c45d1e6c6ba6e7f3bfd1d0fd083a894442cb3265ac16f93c107485e4ee-1","properties":{"facility_id":"102c71c45d1e6c6ba6e7f3bfd1d0fd083a894442cb3265ac16f93c107485e4ee","point_ordinal":1,"zone_group_id":"482501004997","source_manage_no":"482501004986","facility_name":"석봉초등학교","sgg_code":"48250","facility_type_code":"1","api_first_registered_on":"2003-03-04","api_last_modified_on":null,"updated_at":"2026-07-25T01:27:52.347112+00:00"},"geometry":{"type":"Point","coordinates":[128.808919287,35.200178502]}},{"type":"Feature","id":"dc576a9df92e21a8504c302534524acbc88c9fafdbf13b171ea6cae46575ad8d-1","properties":{"facility_id":"dc576a9df92e21a8504c302534524acbc88c9fafdbf13b171ea6cae46575ad8d","point_ordinal":1,"zone_group_id":"482501004997","source_manage_no":"482501004987","facility_name":"석봉초등학교병설유치원","sgg_code":"48250","facility_type_code":"1","api_first_registered_on":"2003-03-04","api_last_modified_on":null,"updated_at":"2026-07-25T01:27:52.347112+00:00"},"geometry":{"type":"Point","coordinates":[128.809053392,35.200284642]}},{"type":"Feature","id":"dfd030a4f2ef930dfe7b7d0eeee2b844e2c0d0fbffd4a5f5d3e119b53edf7c8d-1","properties":{"facility_id":"dfd030a4f2ef930dfe7b7d0eeee2b844e2c0d0fbffd4a5f5d3e119b53edf7c8d","point_ordinal":1,"zone_group_id":"482501004976","source_manage_no":"482501004988","facility_name":"석화꽃무지풀무지유치원","sgg_code":"48250","facility_type_code":"1","api_first_registered_on":"2005-03-18","api_last_modified_on":null,"updated_at":"2026-07-25T01:27:52.347112+00:00"},"geometry":{"type":"Point","coordinates":[128.802134253,35.186591265]}},{"type":"Feature","id":"a6762e54727b065d37dd5aec4931231b382e026624fcf797ac581fcb55c072ea-1","properties":{"facility_id":"a6762e54727b065d37dd5aec4931231b382e026624fcf797ac581fcb55c072ea","point_ordinal":1,"zone_group_id":"482501004989","source_manage_no":"482501004989","facility_name":"수남초등학교","sgg_code":"48250","facility_type_code":"1","api_first_registered_on":"2009-02-24","api_last_modified_on":null,"updated_at":"2026-07-25T01:27:52.347112+00:00"},"geometry":{"type":"Point","coordinates":[128.819398758,35.170283157]}},{"type":"Feature","id":"85a07d65d96664478d6ebc590e4d807f5f006aff5be055ffb22cadc370c3a6df-1","properties":{"facility_id":"85a07d65d96664478d6ebc590e4d807f5f006aff5be055ffb22cadc370c3a6df","point_ordinal":1,"zone_group_id":"482501004989","source_manage_no":"482501004990","facility_name":"수남초등학교병설유치원","sgg_code":"48250","facility_type_code":"1","api_first_registered_on":"2009-02-24","api_last_modified_on":null,"updated_at":"2026-07-25T01:27:52.347112+00:00"},"geometry":{"type":"Point","coordinates":[128.819399962,35.170337211]}},{"type":"Feature","id":"04a6932c9d89312c9f6b6ac182882eedf496aad6ab5bd443adbcf289f5bc1c6f-1","properties":{"facility_id":"04a6932c9d89312c9f6b6ac182882eedf496aad6ab5bd443adbcf289f5bc1c6f","point_ordinal":1,"zone_group_id":"482501021467","source_manage_no":"482501021467","facility_name":"숲속화인어린이집","sgg_code":"48250","facility_type_code":"1","api_first_registered_on":"2006-02-07","api_last_modified_on":null,"updated_at":"2026-07-25T01:27:52.347112+00:00"},"geometry":{"type":"Point","coordinates":[128.910247252,35.250223264]}},{"type":"Feature","id":"70cd216e6191f5cb0da855b1eefe6ff45e54e6579ec6a574beb2cee23efef47f-1","properties":{"facility_id":"70cd216e6191f5cb0da855b1eefe6ff45e54e6579ec6a574beb2cee23efef47f","point_ordinal":1,"zone_group_id":"482501029966","source_manage_no":"482501029966","facility_name":"신문초등학교","sgg_code":"48250","facility_type_code":"1","api_first_registered_on":"2025-09-17","api_last_modified_on":"2026-02-06","updated_at":"2026-07-25T01:27:52.347112+00:00"},"geometry":{"type":"Point","coordinates":[128.827974727,35.188446732]}},{"type":"Feature","id":"01d315449a34ba78de2bd47c76ea59037f49367e9b04e1cc9159e3b8016a4919-1","properties":{"facility_id":"01d315449a34ba78de2bd47c76ea59037f49367e9b04e1cc9159e3b8016a4919","point_ordinal":1,"zone_group_id":"482501004991","source_manage_no":"482501004991","facility_name":"신안초등학교","sgg_code":"48250","facility_type_code":"1","api_first_registered_on":"2004-10-05","api_last_modified_on":null,"updated_at":"2026-07-25T01:27:52.347112+00:00"},"geometry":{"type":"Point","coordinates":[128.790697498,35.178759056]}},{"type":"Feature","id":"79217f4a26db890fbe9216014cbe6a0948e771977a9c9e85aa4735fad1b92fbb-1","properties":{"facility_id":"79217f4a26db890fbe9216014cbe6a0948e771977a9c9e85aa4735fad1b92fbb","point_ordinal":1,"zone_group_id":"482501004991","source_manage_no":"482501004992","facility_name":"신안초등학교병설유치원","sgg_code":"48250","facility_type_code":"1","api_first_registered_on":"2004-10-05","api_last_modified_on":null,"updated_at":"2026-07-25T01:27:52.347112+00:00"},"geometry":{"type":"Point","coordinates":[128.79069992,35.178869418]}},{"type":"Feature","id":"1e4c8ee434cc5461a3e8521ec1b74dfa6a88cca40b57bed39159e8c5e77e203e-1","properties":{"facility_id":"1e4c8ee434cc5461a3e8521ec1b74dfa6a88cca40b57bed39159e8c5e77e203e","point_ordinal":1,"zone_group_id":"482501004926","source_manage_no":"482501004926","facility_name":"신어초등학교","sgg_code":"48250","facility_type_code":"1","api_first_registered_on":"1998-01-20","api_last_modified_on":null,"updated_at":"2026-07-25T01:27:52.347112+00:00"},"geometry":{"type":"Point","coordinates":[128.912156608,35.243566758]}},{"type":"Feature","id":"a2a0412961b2e56c70f2b3e4a927924b2ff4e94e81aa1c08372901a5453c2911-1","properties":{"facility_id":"a2a0412961b2e56c70f2b3e4a927924b2ff4e94e81aa1c08372901a5453c2911","point_ordinal":1,"zone_group_id":"482502029965","source_manage_no":"482502029965","facility_name":"신정경로당","sgg_code":"48250","facility_type_code":"2","api_first_registered_on":"2025-11-19","api_last_modified_on":"2026-02-06","updated_at":"2026-07-25T01:27:52.347112+00:00"},"geometry":{"type":"Point","coordinates":[128.981468595,35.230389734]}},{"type":"Feature","id":"8f53f74c3cdf57b5d9e70e2a703db47b9414710a5267747fe7e2d58dd1000f6a-1","properties":{"facility_id":"8f53f74c3cdf57b5d9e70e2a703db47b9414710a5267747fe7e2d58dd1000f6a","point_ordinal":1,"zone_group_id":"482501004989","source_manage_no":"482501004994","facility_name":"아람나무유치원","sgg_code":"48250","facility_type_code":"1","api_first_registered_on":"2011-01-04","api_last_modified_on":null,"updated_at":"2026-07-25T01:27:52.347112+00:00"},"geometry":{"type":"Point","coordinates":[128.818498616,35.169598667]}},{"type":"Feature","id":"6322ef63ce12e97932cefe7997ab3596ccb38e010bc99e32f7d2757905cad981-1","properties":{"facility_id":"6322ef63ce12e97932cefe7997ab3596ccb38e010bc99e32f7d2757905cad981","point_ordinal":1,"zone_group_id":"482501004997","source_manage_no":"482501021480","facility_name":"아이숲유치원","sgg_code":"48250","facility_type_code":"1","api_first_registered_on":"2011-01-04","api_last_modified_on":null,"updated_at":"2026-07-25T01:27:52.347112+00:00"},"geometry":{"type":"Point","coordinates":[128.801594208,35.202845023]}},{"type":"Feature","id":"206dfb10287844512e7514d9f0ea4dba175e134dca612c60ff41168e86c37ce8-1","properties":{"facility_id":"206dfb10287844512e7514d9f0ea4dba175e134dca612c60ff41168e86c37ce8","point_ordinal":1,"zone_group_id":"482502027079","source_manage_no":"482502027079","facility_name":"안곡경로당","sgg_code":"48250","facility_type_code":"2","api_first_registered_on":"2024-02-01","api_last_modified_on":"2025-12-29","updated_at":"2026-07-25T01:27:52.347112+00:00"},"geometry":{"type":"Point","coordinates":[128.842573854,35.302939973]}},{"type":"Feature","id":"a65601d706989ed05226d8464cfe17ccaf0761b2b967c0f3c3acd928615c55f3-1","properties":{"facility_id":"a65601d706989ed05226d8464cfe17ccaf0761b2b967c0f3c3acd928615c55f3","point_ordinal":1,"zone_group_id":"482501005040","source_manage_no":"482501005040","facility_name":"안명초등학교","sgg_code":"48250","facility_type_code":"1","api_first_registered_on":"2003-04-16","api_last_modified_on":null,"updated_at":"2026-07-25T01:27:52.347112+00:00"},"geometry":{"type":"Point","coordinates":[128.828564413,35.30414666]}},{"type":"Feature","id":"ab2b676466416e85bff5142b7a62db69ab653eb8970ca0927f2af4da45a7fdf3-1","properties":{"facility_id":"ab2b676466416e85bff5142b7a62db69ab653eb8970ca0927f2af4da45a7fdf3","point_ordinal":1,"zone_group_id":"482501005040","source_manage_no":"482501005041","facility_name":"안명초등학교병설유치원","sgg_code":"48250","facility_type_code":"1","api_first_registered_on":"2003-04-16","api_last_modified_on":null,"updated_at":"2026-07-25T01:27:52.347112+00:00"},"geometry":{"type":"Point","coordinates":[128.8285634,35.304101617]}},{"type":"Feature","id":"7b2d89152e37823fe57e89d821a5c51ca45354fc77a8587ff077c98f0068e03e-1","properties":{"facility_id":"7b2d89152e37823fe57e89d821a5c51ca45354fc77a8587ff077c98f0068e03e","point_ordinal":1,"zone_group_id":"482502027270","source_manage_no":"482502027270","facility_name":"안양경로당","sgg_code":"48250","facility_type_code":"2","api_first_registered_on":"2024-06-05","api_last_modified_on":"2025-12-29","updated_at":"2026-07-25T01:27:52.347112+00:00"},"geometry":{"type":"Point","coordinates":[128.848507483,35.372267475]}},{"type":"Feature","id":"fbca81cc2120ccab925df25643c42d59783eb053f39e06f1c3326d10770a541d-1","properties":{"facility_id":"fbca81cc2120ccab925df25643c42d59783eb053f39e06f1c3326d10770a541d","point_ordinal":1,"zone_group_id":"482501004898","source_manage_no":"482501004898","facility_name":"양지유치원","sgg_code":"48250","facility_type_code":"1","api_first_registered_on":"2006-02-07","api_last_modified_on":null,"updated_at":"2026-07-25T01:27:52.347112+00:00"},"geometry":{"type":"Point","coordinates":[128.865234245,35.248523196]}},{"type":"Feature","id":"0473623232a67d44a71b9134bd52ea1eba6011c7b3a0f1e005bab15d9d1d6000-1","properties":{"facility_id":"0473623232a67d44a71b9134bd52ea1eba6011c7b3a0f1e005bab15d9d1d6000","point_ordinal":1,"zone_group_id":"482501004948","source_manage_no":"482501004950","facility_name":"어방어린이집","sgg_code":"48250","facility_type_code":"1","api_first_registered_on":"2011-01-06","api_last_modified_on":null,"updated_at":"2026-07-25T01:27:52.347112+00:00"},"geometry":{"type":"Point","coordinates":[128.901932689,35.242116828]}},{"type":"Feature","id":"029706e4a8f5d4472fda727d42a17d7afa3b12b4a3e2f53386798ab1b6f3edeb-1","properties":{"facility_id":"029706e4a8f5d4472fda727d42a17d7afa3b12b4a3e2f53386798ab1b6f3edeb","point_ordinal":1,"zone_group_id":"482501004951","source_manage_no":"482501004951","facility_name":"어방초등학교","sgg_code":"48250","facility_type_code":"1","api_first_registered_on":"1998-01-20","api_last_modified_on":null,"updated_at":"2026-07-25T01:27:52.347112+00:00"},"geometry":{"type":"Point","coordinates":[128.899076149,35.239591566]}},{"type":"Feature","id":"09d2fd25437390e7b488c31ac43e3ea46f6027f31d12a7d709bbae980e082ce4-1","properties":{"facility_id":"09d2fd25437390e7b488c31ac43e3ea46f6027f31d12a7d709bbae980e082ce4","point_ordinal":1,"zone_group_id":"482501004951","source_manage_no":"482501004952","facility_name":"어방초등학교병설유치원","sgg_code":"48250","facility_type_code":"1","api_first_registered_on":"1998-01-20","api_last_modified_on":null,"updated_at":"2026-07-25T01:27:52.347112+00:00"},"geometry":{"type":"Point","coordinates":[128.899086026,35.239544099]}},{"type":"Feature","id":"7d92df1b91dfe40d04fbc14e7426a6bb458a4c169132ea3d27b8c20cff542465-1","properties":{"facility_id":"7d92df1b91dfe40d04fbc14e7426a6bb458a4c169132ea3d27b8c20cff542465","point_ordinal":1,"zone_group_id":"482502025789","source_manage_no":"482502025789","facility_name":"어은경로당","sgg_code":"48250","facility_type_code":"2","api_first_registered_on":null,"api_last_modified_on":"2025-12-29","updated_at":"2026-07-25T01:27:52.347112+00:00"},"geometry":{"type":"Point","coordinates":[128.814130105,35.314550835]}},{"type":"Feature","id":"fdee64ff862be8fc1ae5cfefeaa95d50e4c3b19631e84309ff3a933f423c46aa-1","properties":{"facility_id":"fdee64ff862be8fc1ae5cfefeaa95d50e4c3b19631e84309ff3a933f423c46aa","point_ordinal":1,"zone_group_id":"482501004977","source_manage_no":"482501021475","facility_name":"에꼬르앙팡 어린이집","sgg_code":"48250","facility_type_code":"1","api_first_registered_on":"2009-03-12","api_last_modified_on":null,"updated_at":"2026-07-25T01:27:52.347112+00:00"},"geometry":{"type":"Point","coordinates":[128.795695532,35.180447375]}},{"type":"Feature","id":"542b089a2e530a9997f26a77cec79520d10fb4974fcdd4a6c49a9f26ed4991f7-1","properties":{"facility_id":"542b089a2e530a9997f26a77cec79520d10fb4974fcdd4a6c49a9f26ed4991f7","point_ordinal":1,"zone_group_id":"482501004928","source_manage_no":"482501004928","facility_name":"영운초등학교","sgg_code":"48250","facility_type_code":"1","api_first_registered_on":"1998-04-07","api_last_modified_on":null,"updated_at":"2026-07-25T01:27:52.347112+00:00"},"geometry":{"type":"Point","coordinates":[128.907804163,35.254355713]}},{"type":"Feature","id":"b7f6c124924b55c390a766bfb36e84d13194e83672670158d6d050b19be31375-1","properties":{"facility_id":"b7f6c124924b55c390a766bfb36e84d13194e83672670158d6d050b19be31375","point_ordinal":1,"zone_group_id":"482501004991","source_manage_no":"482501004995","facility_name":"예그린유치원","sgg_code":"48250","facility_type_code":"1","api_first_registered_on":"2006-02-07","api_last_modified_on":null,"updated_at":"2026-07-25T01:27:52.347112+00:00"},"geometry":{"type":"Point","coordinates":[128.790329329,35.177656152]}},{"type":"Feature","id":"6cb91512a00bcedc321fdd929573c3607e5691a64d5211f9b5f75fad3f0b24d5-1","properties":{"facility_id":"6cb91512a00bcedc321fdd929573c3607e5691a64d5211f9b5f75fad3f0b24d5","point_ordinal":1,"zone_group_id":"482501004938","source_manage_no":"482501004938","facility_name":"용산초등학교","sgg_code":"48250","facility_type_code":"1","api_first_registered_on":"2002-05-22","api_last_modified_on":null,"updated_at":"2026-07-25T01:27:52.347112+00:00"},"geometry":{"type":"Point","coordinates":[128.902593589,35.354624138]}},{"type":"Feature","id":"3f4693ad4a4db319ade4deac82fc7fa93d84fe79666643ea5b62e842c1c12624-1","properties":{"facility_id":"3f4693ad4a4db319ade4deac82fc7fa93d84fe79666643ea5b62e842c1c12624","point_ordinal":1,"zone_group_id":"482501004938","source_manage_no":"482501004939","facility_name":"용산초등학교병설유치원","sgg_code":"48250","facility_type_code":"1","api_first_registered_on":"2002-05-22","api_last_modified_on":null,"updated_at":"2026-07-25T01:27:52.347112+00:00"},"geometry":{"type":"Point","coordinates":[128.902627529,35.354547004]}},{"type":"Feature","id":"8f3d9deee2da7381de1faf2ca3e1070637680c7065a4d1cf92d5579a3f427d67-1","properties":{"facility_id":"8f3d9deee2da7381de1faf2ca3e1070637680c7065a4d1cf92d5579a3f427d67","point_ordinal":1,"zone_group_id":"482501004899","source_manage_no":"482501004899","facility_name":"우암초등학교","sgg_code":"48250","facility_type_code":"1","api_first_registered_on":"1999-04-07","api_last_modified_on":null,"updated_at":"2026-07-25T01:27:52.347112+00:00"},"geometry":{"type":"Point","coordinates":[128.866777329,35.242888676]}},{"type":"Feature","id":"fc3fbd98bf515acc1d6496b804e695ffe7e824d4a76a681e9077c4c5439684f6-1","properties":{"facility_id":"fc3fbd98bf515acc1d6496b804e695ffe7e824d4a76a681e9077c4c5439684f6","point_ordinal":1,"zone_group_id":"482501004899","source_manage_no":"482501028687","facility_name":"우암초등학교 병설유치원","sgg_code":"48250","facility_type_code":"1","api_first_registered_on":null,"api_last_modified_on":"2025-03-24","updated_at":"2026-07-25T01:27:52.347112+00:00"},"geometry":{"type":"Point","coordinates":[128.86672795,35.2429367]}},{"type":"Feature","id":"1970bf14e1bd63fcaf676e941ea2044dcaeddfc658eb7173fc0afd9ed7c476e3-1","properties":{"facility_id":"1970bf14e1bd63fcaf676e941ea2044dcaeddfc658eb7173fc0afd9ed7c476e3","point_ordinal":1,"zone_group_id":"482501004997","source_manage_no":"482501004997","facility_name":"월산초등학교","sgg_code":"48250","facility_type_code":"1","api_first_registered_on":"2001-04-30","api_last_modified_on":null,"updated_at":"2026-07-25T01:27:52.347112+00:00"},"geometry":{"type":"Point","coordinates":[128.805674369,35.200699751]}},{"type":"Feature","id":"020d7ecf8f0351eb6cdedca1f2898ef786c04fdffc85a193c892b35a53719e7a-1","properties":{"facility_id":"020d7ecf8f0351eb6cdedca1f2898ef786c04fdffc85a193c892b35a53719e7a","point_ordinal":1,"zone_group_id":"482501004997","source_manage_no":"482501004998","facility_name":"월산초등학교병설유치원","sgg_code":"48250","facility_type_code":"1","api_first_registered_on":"2001-04-30","api_last_modified_on":null,"updated_at":"2026-07-25T01:27:52.347112+00:00"},"geometry":{"type":"Point","coordinates":[128.805664941,35.200645819]}},{"type":"Feature","id":"8ab8a5f8cb4d1c9c776042795ae9937715e5701203893ad2c51fe034e0d56232-1","properties":{"facility_id":"8ab8a5f8cb4d1c9c776042795ae9937715e5701203893ad2c51fe034e0d56232","point_ordinal":1,"zone_group_id":"482501021468","source_manage_no":"482501021468","facility_name":"율산초등학교","sgg_code":"48250","facility_type_code":"1","api_first_registered_on":"2020-02-03","api_last_modified_on":null,"updated_at":"2026-07-25T01:27:52.347112+00:00"},"geometry":{"type":"Point","coordinates":[128.829370169,35.164454805]}},{"type":"Feature","id":"37938721cc67619caf41dd332ec61850dfea1092d239a6094ecd542fe8d7353f-1","properties":{"facility_id":"37938721cc67619caf41dd332ec61850dfea1092d239a6094ecd542fe8d7353f","point_ordinal":1,"zone_group_id":"482501021468","source_manage_no":"482501028690","facility_name":"율산초등학교 병설유치원","sgg_code":"48250","facility_type_code":"1","api_first_registered_on":null,"api_last_modified_on":"2025-03-24","updated_at":"2026-07-25T01:27:52.347112+00:00"},"geometry":{"type":"Point","coordinates":[128.829514774,35.164591199]}},{"type":"Feature","id":"ea68f2049b3cdcb9321849a904c914128a0e0afdbdadd046ae63388b50850308-1","properties":{"facility_id":"ea68f2049b3cdcb9321849a904c914128a0e0afdbdadd046ae63388b50850308","point_ordinal":1,"zone_group_id":"482501004999","source_manage_no":"482501004999","facility_name":"율하상상정원어린이집","sgg_code":"48250","facility_type_code":"1","api_first_registered_on":"2010-08-23","api_last_modified_on":null,"updated_at":"2026-07-25T01:27:52.347112+00:00"},"geometry":{"type":"Point","coordinates":[128.805816846,35.177877856]}},{"type":"Feature","id":"9875f1da87d25fe6ce6860a1702b8713d356f4a25c9e9d365e2216bd4b9da5ba-1","properties":{"facility_id":"9875f1da87d25fe6ce6860a1702b8713d356f4a25c9e9d365e2216bd4b9da5ba","point_ordinal":1,"zone_group_id":"482501005000","source_manage_no":"482501005000","facility_name":"율하초등학교","sgg_code":"48250","facility_type_code":"1","api_first_registered_on":"2010-03-04","api_last_modified_on":null,"updated_at":"2026-07-25T01:27:52.347112+00:00"},"geometry":{"type":"Point","coordinates":[128.807907931,35.171994641]}},{"type":"Feature","id":"09c30531174bb452f5d36f66fa06ca39fb6827a95d062b5a8993149243f06899-1","properties":{"facility_id":"09c30531174bb452f5d36f66fa06ca39fb6827a95d062b5a8993149243f06899","point_ordinal":1,"zone_group_id":"482501005000","source_manage_no":"482501005001","facility_name":"율하초등학교병설유치원","sgg_code":"48250","facility_type_code":"1","api_first_registered_on":"2010-03-04","api_last_modified_on":null,"updated_at":"2026-07-25T01:27:52.347112+00:00"},"geometry":{"type":"Point","coordinates":[128.807906833,35.171945091]}},{"type":"Feature","id":"0240866eee0dec2a9709e815016800c893bff764c4a7d87e6b84cfeeb5da5c0c-1","properties":{"facility_id":"0240866eee0dec2a9709e815016800c893bff764c4a7d87e6b84cfeeb5da5c0c","point_ordinal":1,"zone_group_id":"482501004960","source_manage_no":"482501004960","facility_name":"은성유치원","sgg_code":"48250","facility_type_code":"1","api_first_registered_on":"2006-02-07","api_last_modified_on":null,"updated_at":"2026-07-25T01:27:52.347112+00:00"},"geometry":{"type":"Point","coordinates":[128.866363667,35.231553064]}},{"type":"Feature","id":"65dd9fd8688951cdec17111852d3c5222071f056690ab952ebd2b9c3001c3b5f-1","properties":{"facility_id":"65dd9fd8688951cdec17111852d3c5222071f056690ab952ebd2b9c3001c3b5f","point_ordinal":1,"zone_group_id":"482501005042","source_manage_no":"482501005042","facility_name":"이북초등학교","sgg_code":"48250","facility_type_code":"1","api_first_registered_on":"2002-08-06","api_last_modified_on":null,"updated_at":"2026-07-25T01:27:52.347112+00:00"},"geometry":{"type":"Point","coordinates":[128.809497118,35.302380133]}},{"type":"Feature","id":"0581a79505394fb90e2102eba234ab722732c98eec3cc063e9b93a6d78e84cf8-1","properties":{"facility_id":"0581a79505394fb90e2102eba234ab722732c98eec3cc063e9b93a6d78e84cf8","point_ordinal":1,"zone_group_id":"482501004942","source_manage_no":"482501004942","facility_name":"이작초등학교","sgg_code":"48250","facility_type_code":"1","api_first_registered_on":"1996-05-30","api_last_modified_on":null,"updated_at":"2026-07-25T01:27:52.347112+00:00"},"geometry":{"type":"Point","coordinates":[128.83806077,35.361321439]}},{"type":"Feature","id":"ff5f22351b39d701335645d35c6d49126e90f48819f2759013096cdae4b3fe3f-1","properties":{"facility_id":"ff5f22351b39d701335645d35c6d49126e90f48819f2759013096cdae4b3fe3f","point_ordinal":1,"zone_group_id":"482501004942","source_manage_no":"482501004943","facility_name":"이작초등학교병설유치원","sgg_code":"48250","facility_type_code":"1","api_first_registered_on":"1996-05-30","api_last_modified_on":null,"updated_at":"2026-07-25T01:27:52.347112+00:00"},"geometry":{"type":"Point","coordinates":[128.838073291,35.361267178]}},{"type":"Feature","id":"557c35adf4792a6981e4aa7a99d14fb75126b5a7d62e035f0cf2e1b00381988c-1","properties":{"facility_id":"557c35adf4792a6981e4aa7a99d14fb75126b5a7d62e035f0cf2e1b00381988c","point_ordinal":1,"zone_group_id":"482501021487","source_manage_no":"482501021487","facility_name":"이화예능유치원","sgg_code":"48250","facility_type_code":"1","api_first_registered_on":null,"api_last_modified_on":null,"updated_at":"2026-07-25T01:27:52.347112+00:00"},"geometry":{"type":"Point","coordinates":[128.85817791,35.238721693]}},{"type":"Feature","id":"80259fc412a76fb0684c7ad2a13c3a4b87ec8e2d02cdbfa64c9ad43c39634a45-1","properties":{"facility_id":"80259fc412a76fb0684c7ad2a13c3a4b87ec8e2d02cdbfa64c9ad43c39634a45","point_ordinal":1,"zone_group_id":"482501004962","source_manage_no":"482501004962","facility_name":"임호초등학교","sgg_code":"48250","facility_type_code":"1","api_first_registered_on":"1999-04-07","api_last_modified_on":null,"updated_at":"2026-07-25T01:27:52.347112+00:00"},"geometry":{"type":"Point","coordinates":[128.870335868,35.233606808]}},{"type":"Feature","id":"053198e8377c3fef5326bee1a30e4e02269f5c87f9950dae8aa9c5a8b3e10de1-1","properties":{"facility_id":"053198e8377c3fef5326bee1a30e4e02269f5c87f9950dae8aa9c5a8b3e10de1","point_ordinal":1,"zone_group_id":"482501004977","source_manage_no":"482501005002","facility_name":"자연해나어린이집","sgg_code":"48250","facility_type_code":"1","api_first_registered_on":"2010-08-23","api_last_modified_on":null,"updated_at":"2026-07-25T01:27:52.347112+00:00"},"geometry":{"type":"Point","coordinates":[128.800108102,35.18118883]}},{"type":"Feature","id":"a5fa5df92c98319885a31615e79306f6710880b1964455ec660c02e3ae045758-1","properties":{"facility_id":"a5fa5df92c98319885a31615e79306f6710880b1964455ec660c02e3ae045758","point_ordinal":1,"zone_group_id":"482501023188","source_manage_no":"482501023188","facility_name":"장등초등학교","sgg_code":"48250","facility_type_code":"1","api_first_registered_on":"2021-03-01","api_last_modified_on":null,"updated_at":"2026-07-25T01:27:52.347112+00:00"},"geometry":{"type":"Point","coordinates":[128.73014645,35.312367219]}},{"type":"Feature","id":"4c48bf681d2991f87f5eedc8f1cb28d1ec313387f8c8bca441c75e94c81adeac-1","properties":{"facility_id":"4c48bf681d2991f87f5eedc8f1cb28d1ec313387f8c8bca441c75e94c81adeac","point_ordinal":1,"zone_group_id":"482501023188","source_manage_no":"482501028691","facility_name":"장등초등학교 병설유치원","sgg_code":"48250","facility_type_code":"1","api_first_registered_on":null,"api_last_modified_on":"2025-03-24","updated_at":"2026-07-25T01:27:52.347112+00:00"},"geometry":{"type":"Point","coordinates":[128.730189588,35.312474918]}},{"type":"Feature","id":"24b8798d9d4716911d7c736a668780ae194d2b20ffcb05faf085e3acd821eb15-1","properties":{"facility_id":"24b8798d9d4716911d7c736a668780ae194d2b20ffcb05faf085e3acd821eb15","point_ordinal":1,"zone_group_id":"482502025749","source_manage_no":"482502025749","facility_name":"장유더샵아파트 경로당","sgg_code":"48250","facility_type_code":"2","api_first_registered_on":null,"api_last_modified_on":"2025-12-29","updated_at":"2026-07-25T01:27:52.347112+00:00"},"geometry":{"type":"Point","coordinates":[128.814430077,35.199246183]}},{"type":"Feature","id":"f48a0a0c3d0a72b2d028826e443624a91f718da90b3fd03a3a5b4afb0da49938-1","properties":{"facility_id":"f48a0a0c3d0a72b2d028826e443624a91f718da90b3fd03a3a5b4afb0da49938","point_ordinal":1,"zone_group_id":"482501005003","source_manage_no":"482501005003","facility_name":"장유어린이집","sgg_code":"48250","facility_type_code":"1","api_first_registered_on":"2008-12-10","api_last_modified_on":null,"updated_at":"2026-07-25T01:27:52.347112+00:00"},"geometry":{"type":"Point","coordinates":[128.810982846,35.193173683]}},{"type":"Feature","id":"ef0a543b91527bda8bfbfc019c4ceb7002e0b824ca2535d1d221284acb7a7f69-1","properties":{"facility_id":"ef0a543b91527bda8bfbfc019c4ceb7002e0b824ca2535d1d221284acb7a7f69","point_ordinal":1,"zone_group_id":"482501005004","source_manage_no":"482501005004","facility_name":"장유유치원","sgg_code":"48250","facility_type_code":"1","api_first_registered_on":"2012-06-29","api_last_modified_on":null,"updated_at":"2026-07-25T01:27:52.347112+00:00"},"geometry":{"type":"Point","coordinates":[128.837960103,35.17789668]}},{"type":"Feature","id":"12179e542a5861b0df77382a9a7f5f1026d287abc264ff9090f41818302a929a-1","properties":{"facility_id":"12179e542a5861b0df77382a9a7f5f1026d287abc264ff9090f41818302a929a","point_ordinal":1,"zone_group_id":"482501005005","source_manage_no":"482501005005","facility_name":"장유초등학교","sgg_code":"48250","facility_type_code":"1","api_first_registered_on":"2003-04-10","api_last_modified_on":null,"updated_at":"2026-07-25T01:27:52.347112+00:00"},"geometry":{"type":"Point","coordinates":[128.811014081,35.204573258]}},{"type":"Feature","id":"7315abb8837bfa87d79aac4f6e315399df26280dfc5dbdfd4e84ab70164cf3eb-1","properties":{"facility_id":"7315abb8837bfa87d79aac4f6e315399df26280dfc5dbdfd4e84ab70164cf3eb","point_ordinal":1,"zone_group_id":"482501005005","source_manage_no":"482501005006","facility_name":"장유초등학교병설유치원","sgg_code":"48250","facility_type_code":"1","api_first_registered_on":"2003-04-10","api_last_modified_on":null,"updated_at":"2026-07-25T01:27:52.347112+00:00"},"geometry":{"type":"Point","coordinates":[128.811012538,35.204627353]}},{"type":"Feature","id":"e605c4f909aeabd97b9d35ca4ee9a723682aa7dc18f73ef3a8b50e8da6a4faf0-1","properties":{"facility_id":"e605c4f909aeabd97b9d35ca4ee9a723682aa7dc18f73ef3a8b50e8da6a4faf0","point_ordinal":1,"zone_group_id":"482502004965","source_manage_no":"482502004965","facility_name":"장유회로당경로당","sgg_code":"48250","facility_type_code":"2","api_first_registered_on":"2009-01-01","api_last_modified_on":"2025-12-29","updated_at":"2026-07-25T01:27:52.347112+00:00"},"geometry":{"type":"Point","coordinates":[128.816469076,35.199672272]}},{"type":"Feature","id":"48246dae0f57f78d4003aee8599248fc5977d2c83bf885ebc3708f158ab35904-1","properties":{"facility_id":"48246dae0f57f78d4003aee8599248fc5977d2c83bf885ebc3708f158ab35904","point_ordinal":1,"zone_group_id":"482501004946","source_manage_no":"482501004946","facility_name":"전원유치원","sgg_code":"48250","facility_type_code":"1","api_first_registered_on":"2006-07-25","api_last_modified_on":null,"updated_at":"2026-07-25T01:27:52.347112+00:00"},"geometry":{"type":"Point","coordinates":[128.918305649,35.240095752]}},{"type":"Feature","id":"a35bd2fa8215efa1711d42fc97b90a0b520de769256f2c400be40ff2a33d2a37-1","properties":{"facility_id":"a35bd2fa8215efa1711d42fc97b90a0b520de769256f2c400be40ff2a33d2a37","point_ordinal":1,"zone_group_id":"482501030011","source_manage_no":"482501030011","facility_name":"주동유치원","sgg_code":"48250","facility_type_code":"1","api_first_registered_on":"2026-02-24","api_last_modified_on":"2026-03-30","updated_at":"2026-07-25T01:27:52.347112+00:00"},"geometry":{"type":"Point","coordinates":[128.836446797,35.244866245]}},{"type":"Feature","id":"c8e4c364d5e3455d7afc59e214f0a581ebd4157ddcf7550ba297ab1287185c9a-1","properties":{"facility_id":"c8e4c364d5e3455d7afc59e214f0a581ebd4157ddcf7550ba297ab1287185c9a","point_ordinal":1,"zone_group_id":"482501004997","source_manage_no":"482501005007","facility_name":"주석초등학교","sgg_code":"48250","facility_type_code":"1","api_first_registered_on":"2002-12-22","api_last_modified_on":null,"updated_at":"2026-07-25T01:27:52.347112+00:00"},"geometry":{"type":"Point","coordinates":[128.802952751,35.202232634]}},{"type":"Feature","id":"bd8a367af2e81ca9736be49e74b0cfba765a4ebd3c0fd26a8bc88f8967ce4cea-1","properties":{"facility_id":"bd8a367af2e81ca9736be49e74b0cfba765a4ebd3c0fd26a8bc88f8967ce4cea","point_ordinal":1,"zone_group_id":"482501004997","source_manage_no":"482501005008","facility_name":"주석초등학교병설유치원","sgg_code":"48250","facility_type_code":"1","api_first_registered_on":"2002-12-22","api_last_modified_on":null,"updated_at":"2026-07-25T01:27:52.347112+00:00"},"geometry":{"type":"Point","coordinates":[128.802965126,35.202171619]}},{"type":"Feature","id":"693158181367a6007e8c37e66853974c6a709a41b3735c6cb01603ab70fa1ea2-1","properties":{"facility_id":"693158181367a6007e8c37e66853974c6a709a41b3735c6cb01603ab70fa1ea2","point_ordinal":1,"zone_group_id":"482501005018","source_manage_no":"482501005018","facility_name":"주촌국공립어린이집","sgg_code":"48250","facility_type_code":"1","api_first_registered_on":"1999-04-07","api_last_modified_on":null,"updated_at":"2026-07-25T01:27:52.347112+00:00"},"geometry":{"type":"Point","coordinates":[128.821306301,35.23517088]}},{"type":"Feature","id":"b0353b7bf12931c621b06053391eede70407d7168e96562d069bd3134d730a3a-1","properties":{"facility_id":"b0353b7bf12931c621b06053391eede70407d7168e96562d069bd3134d730a3a","point_ordinal":1,"zone_group_id":"482501021396","source_manage_no":"482501021396","facility_name":"주촌초등학교","sgg_code":"48250","facility_type_code":"1","api_first_registered_on":"2019-02-25","api_last_modified_on":null,"updated_at":"2026-07-25T01:27:52.347112+00:00"},"geometry":{"type":"Point","coordinates":[128.837773201,35.232673401]}},{"type":"Feature","id":"ba637156d23a83972ad576063713a5494c2d7292ad506ecd793086417aad0d4f-1","properties":{"facility_id":"ba637156d23a83972ad576063713a5494c2d7292ad506ecd793086417aad0d4f","point_ordinal":1,"zone_group_id":"482501021396","source_manage_no":"482501021393","facility_name":"주촌초등학교 병설유치원","sgg_code":"48250","facility_type_code":"1","api_first_registered_on":"2019-02-25","api_last_modified_on":null,"updated_at":"2026-07-25T01:27:52.347112+00:00"},"geometry":{"type":"Point","coordinates":[128.837766795,35.232754606]}},{"type":"Feature","id":"95b91fc61f887f56e0fa7f14e8401fed1079fa51a0968666fba1a2d1710510c0-1","properties":{"facility_id":"95b91fc61f887f56e0fa7f14e8401fed1079fa51a0968666fba1a2d1710510c0","point_ordinal":1,"zone_group_id":"482501004900","source_manage_no":"482501004900","facility_name":"즐거운영재어린이집","sgg_code":"48250","facility_type_code":"1","api_first_registered_on":"2011-01-06","api_last_modified_on":null,"updated_at":"2026-07-25T01:27:52.347112+00:00"},"geometry":{"type":"Point","coordinates":[128.864620405,35.244031031]}},{"type":"Feature","id":"7557ecf34d3a432e9281f710bd4686976562dc035f11903602a137b91a5a1631-1","properties":{"facility_id":"7557ecf34d3a432e9281f710bd4686976562dc035f11903602a137b91a5a1631","point_ordinal":1,"zone_group_id":"482501005023","source_manage_no":"482502004968","facility_name":"진례종합복지관","sgg_code":"48250","facility_type_code":"2","api_first_registered_on":"2009-01-01","api_last_modified_on":"2025-12-29","updated_at":"2026-07-25T01:27:52.347112+00:00"},"geometry":{"type":"Point","coordinates":[128.756873139,35.248516162]}},{"type":"Feature","id":"03bd26dda5213dcc55dbe2d90f48dc97183a109ccbd9fc25a4d4ea096eb5543e-1","properties":{"facility_id":"03bd26dda5213dcc55dbe2d90f48dc97183a109ccbd9fc25a4d4ea096eb5543e","point_ordinal":1,"zone_group_id":"482501005023","source_manage_no":"482501005023","facility_name":"진례초등학교","sgg_code":"48250","facility_type_code":"1","api_first_registered_on":"1998-01-20","api_last_modified_on":null,"updated_at":"2026-07-25T01:27:52.347112+00:00"},"geometry":{"type":"Point","coordinates":[128.756162867,35.24736043]}},{"type":"Feature","id":"b2107a0803827875a786b3243d749114fc9128de8f655ca523b44e4540f95cf1-1","properties":{"facility_id":"b2107a0803827875a786b3243d749114fc9128de8f655ca523b44e4540f95cf1","point_ordinal":1,"zone_group_id":"482501005023","source_manage_no":"482501005024","facility_name":"진례초등학교병설유치원","sgg_code":"48250","facility_type_code":"1","api_first_registered_on":"1998-01-20","api_last_modified_on":null,"updated_at":"2026-07-25T01:27:52.347112+00:00"},"geometry":{"type":"Point","coordinates":[128.757115886,35.249153896]}},{"type":"Feature","id":"dbc7947fc31bf1c6854c19f499f6bb552f124b8aa92f5d8413cb328742b7c9eb-1","properties":{"facility_id":"dbc7947fc31bf1c6854c19f499f6bb552f124b8aa92f5d8413cb328742b7c9eb","point_ordinal":1,"zone_group_id":"482501005030","source_manage_no":"482501005030","facility_name":"진영대창초등학교","sgg_code":"48250","facility_type_code":"1","api_first_registered_on":"1998-12-23","api_last_modified_on":null,"updated_at":"2026-07-25T01:27:52.347112+00:00"},"geometry":{"type":"Point","coordinates":[128.738794916,35.302291102]}},{"type":"Feature","id":"078087873db45ea3455bfab3d6218d24bac41f32094956a125e0d7aca370e27c-1","properties":{"facility_id":"078087873db45ea3455bfab3d6218d24bac41f32094956a125e0d7aca370e27c","point_ordinal":1,"zone_group_id":"482501005030","source_manage_no":"482501005031","facility_name":"진영대창초등학교 병설유치원","sgg_code":"48250","facility_type_code":"1","api_first_registered_on":"1998-12-23","api_last_modified_on":null,"updated_at":"2026-07-25T01:27:52.347112+00:00"},"geometry":{"type":"Point","coordinates":[128.738787734,35.302340771]}},{"type":"Feature","id":"26877572c87664fe6eddb1a28fb6c188fc0e07217cfe23b18ce2d73b7e1460a1-1","properties":{"facility_id":"26877572c87664fe6eddb1a28fb6c188fc0e07217cfe23b18ce2d73b7e1460a1","point_ordinal":1,"zone_group_id":"482501005035","source_manage_no":"482501005035","facility_name":"진영어린이집","sgg_code":"48250","facility_type_code":"1","api_first_registered_on":"2010-08-23","api_last_modified_on":null,"updated_at":"2026-07-25T01:27:52.347112+00:00"},"geometry":{"type":"Point","coordinates":[128.73600232,35.304325808]}},{"type":"Feature","id":"1456eb15b2a634fcdba73b8f6d23c22b6a23d4bcf1d0ba1ada737e427de600b6-1","properties":{"facility_id":"1456eb15b2a634fcdba73b8f6d23c22b6a23d4bcf1d0ba1ada737e427de600b6","point_ordinal":1,"zone_group_id":"482501026450","source_manage_no":"482501026450","facility_name":"진영유치원","sgg_code":"48250","facility_type_code":"1","api_first_registered_on":"2023-04-04","api_last_modified_on":null,"updated_at":"2026-07-25T01:27:52.347112+00:00"},"geometry":{"type":"Point","coordinates":[128.738963433,35.315112865]}},{"type":"Feature","id":"db5a52ddd49a91590f255c8e86ec6687502d64ea7f5a1ada27d75fa949b16ab2-1","properties":{"facility_id":"db5a52ddd49a91590f255c8e86ec6687502d64ea7f5a1ada27d75fa949b16ab2","point_ordinal":1,"zone_group_id":"482501004969","source_manage_no":"482501004969","facility_name":"진영중앙초등학교","sgg_code":"48250","facility_type_code":"1","api_first_registered_on":"2015-04-09","api_last_modified_on":null,"updated_at":"2026-07-25T01:27:52.347112+00:00"},"geometry":{"type":"Point","coordinates":[128.727120161,35.309014581]}},{"type":"Feature","id":"34d194292229cc504716f446c0e5294633fb01f194f59ddf52b812cea82aad06-1","properties":{"facility_id":"34d194292229cc504716f446c0e5294633fb01f194f59ddf52b812cea82aad06","point_ordinal":1,"zone_group_id":"482501021476","source_manage_no":"482501021476","facility_name":"참벗어린이집","sgg_code":"48250","facility_type_code":"1","api_first_registered_on":"2008-12-10","api_last_modified_on":null,"updated_at":"2026-07-25T01:27:52.347112+00:00"},"geometry":{"type":"Point","coordinates":[128.735602498,35.291210088]}},{"type":"Feature","id":"1600730fa3b38077f0d4c4ab2a746b248d04d80c494f8f7e90ff344f02a38d7f-1","properties":{"facility_id":"1600730fa3b38077f0d4c4ab2a746b248d04d80c494f8f7e90ff344f02a38d7f","point_ordinal":1,"zone_group_id":"482501005036","source_manage_no":"482501005036","facility_name":"천사어린이집","sgg_code":"48250","facility_type_code":"1","api_first_registered_on":"2010-08-23","api_last_modified_on":null,"updated_at":"2026-07-25T01:27:52.347112+00:00"},"geometry":{"type":"Point","coordinates":[128.717740351,35.303320942]}},{"type":"Feature","id":"9c6335213cd02932a266d4e2075c7ba7f624cab002708052f153be6ff608bae3-1","properties":{"facility_id":"9c6335213cd02932a266d4e2075c7ba7f624cab002708052f153be6ff608bae3","point_ordinal":1,"zone_group_id":"482501004933","source_manage_no":"482501004933","facility_name":"청록어린이집","sgg_code":"48250","facility_type_code":"1","api_first_registered_on":"2009-05-30","api_last_modified_on":null,"updated_at":"2026-07-25T01:27:52.347112+00:00"},"geometry":{"type":"Point","coordinates":[128.895424886,35.234320919]}},{"type":"Feature","id":"97e412d700f7281ed93b3e827c588e499d1c87b4a645477ce29ff3218bb4da47-1","properties":{"facility_id":"97e412d700f7281ed93b3e827c588e499d1c87b4a645477ce29ff3218bb4da47","point_ordinal":1,"zone_group_id":"482501005027","source_manage_no":"482501005037","facility_name":"청아유치원","sgg_code":"48250","facility_type_code":"1","api_first_registered_on":"2003-03-19","api_last_modified_on":null,"updated_at":"2026-07-25T01:27:52.347112+00:00"},"geometry":{"type":"Point","coordinates":[128.71033407,35.289005243]}},{"type":"Feature","id":"b990c7d7abb45e9b9040e0c66ed0c71b84952a540eab547c9b248a8a34c295c3-1","properties":{"facility_id":"b990c7d7abb45e9b9040e0c66ed0c71b84952a540eab547c9b248a8a34c295c3","point_ordinal":1,"zone_group_id":"482502030009","source_manage_no":"482502030009","facility_name":"초전경로당","sgg_code":"48250","facility_type_code":"2","api_first_registered_on":"2026-02-25","api_last_modified_on":"2026-03-30","updated_at":"2026-07-25T01:27:52.347112+00:00"},"geometry":{"type":"Point","coordinates":[128.752324741,35.237378943]}},{"type":"Feature","id":"7f526804cf9593cd68055ec92c02ae40f12554e160080aa6f71d658d6b389c83-1","properties":{"facility_id":"7f526804cf9593cd68055ec92c02ae40f12554e160080aa6f71d658d6b389c83","point_ordinal":1,"zone_group_id":"482501005046","source_manage_no":"482501005046","facility_name":"칠산초등학교","sgg_code":"48250","facility_type_code":"1","api_first_registered_on":"2003-04-10","api_last_modified_on":null,"updated_at":"2026-07-25T01:27:52.347112+00:00"},"geometry":{"type":"Point","coordinates":[128.851732859,35.209174571]}},{"type":"Feature","id":"aaed5a875d762ff321eba803397ea093db31fb837bdd19d7d2e67ca17e47135a-1","properties":{"facility_id":"aaed5a875d762ff321eba803397ea093db31fb837bdd19d7d2e67ca17e47135a","point_ordinal":1,"zone_group_id":"482501004953","source_manage_no":"482501004953","facility_name":"킨더그린어린이집","sgg_code":"48250","facility_type_code":"1","api_first_registered_on":"2011-01-06","api_last_modified_on":null,"updated_at":"2026-07-25T01:27:52.347112+00:00"},"geometry":{"type":"Point","coordinates":[128.902077113,35.246037188]}},{"type":"Feature","id":"74564d7961391d910301aebc955e16f1c11b97bc05bac9d88249b44db02e0cb1-1","properties":{"facility_id":"74564d7961391d910301aebc955e16f1c11b97bc05bac9d88249b44db02e0cb1","point_ordinal":1,"zone_group_id":"482501005009","source_manage_no":"482501005009","facility_name":"하늘사랑유치원","sgg_code":"48250","facility_type_code":"1","api_first_registered_on":"2005-09-29","api_last_modified_on":null,"updated_at":"2026-07-25T01:27:52.347112+00:00"},"geometry":{"type":"Point","coordinates":[128.79978334,35.185173902]}},{"type":"Feature","id":"ab410196f752c2fe1bfad897a7fec8325d6fc982a83ba1593b11bd5c2367b2e9-1","properties":{"facility_id":"ab410196f752c2fe1bfad897a7fec8325d6fc982a83ba1593b11bd5c2367b2e9","point_ordinal":1,"zone_group_id":"482501005043","source_manage_no":"482501005043","facility_name":"한림초등학교","sgg_code":"48250","facility_type_code":"1","api_first_registered_on":"1999-04-07","api_last_modified_on":null,"updated_at":"2026-07-25T01:27:52.347112+00:00"},"geometry":{"type":"Point","coordinates":[128.799254818,35.323550427]}},{"type":"Feature","id":"3e9b6d200ee258dfcdce981a0cacce40dbd0abbd3f54801dd5d911ce1125feee-1","properties":{"facility_id":"3e9b6d200ee258dfcdce981a0cacce40dbd0abbd3f54801dd5d911ce1125feee","point_ordinal":1,"zone_group_id":"482501005043","source_manage_no":"482501005044","facility_name":"한림초등학교병설유치원","sgg_code":"48250","facility_type_code":"1","api_first_registered_on":"1999-04-07","api_last_modified_on":null,"updated_at":"2026-07-25T01:27:52.347112+00:00"},"geometry":{"type":"Point","coordinates":[128.799300434,35.323624096]}},{"type":"Feature","id":"9afc3ea533465475f27d2aa73f2c4a2fdf4bbd2dd89f974bb61f111db4817a94-1","properties":{"facility_id":"9afc3ea533465475f27d2aa73f2c4a2fdf4bbd2dd89f974bb61f111db4817a94","point_ordinal":1,"zone_group_id":"482501004935","source_manage_no":"482501004935","facility_name":"한샘어린이집","sgg_code":"48250","facility_type_code":"1","api_first_registered_on":"2011-01-06","api_last_modified_on":null,"updated_at":"2026-07-25T01:27:52.347112+00:00"},"geometry":{"type":"Point","coordinates":[128.896587499,35.233550148]}},{"type":"Feature","id":"fb498f065c460de81a11ace7154efdf3b83f8fa53a164c31f72edc257377642c-1","properties":{"facility_id":"fb498f065c460de81a11ace7154efdf3b83f8fa53a164c31f72edc257377642c","point_ordinal":1,"zone_group_id":"482501004944","source_manage_no":"482501004944","facility_name":"합성초등학교","sgg_code":"48250","facility_type_code":"1","api_first_registered_on":"1996-05-30","api_last_modified_on":null,"updated_at":"2026-07-25T01:27:52.347112+00:00"},"geometry":{"type":"Point","coordinates":[128.880395834,35.236479112]}},{"type":"Feature","id":"30d4293314f59ec22a4a69de24fb8074ddc6f8e93085bb475c7f456761ef7c49-1","properties":{"facility_id":"30d4293314f59ec22a4a69de24fb8074ddc6f8e93085bb475c7f456761ef7c49","point_ordinal":1,"zone_group_id":"482501004944","source_manage_no":"482501004945","facility_name":"합성초등학교병설유치원","sgg_code":"48250","facility_type_code":"1","api_first_registered_on":"1996-05-30","api_last_modified_on":null,"updated_at":"2026-07-25T01:27:52.347112+00:00"},"geometry":{"type":"Point","coordinates":[128.880405514,35.236422637]}},{"type":"Feature","id":"cfe880eedac0f6b23074945bd2dc7015e400bb8576100298880449565fb07d71-1","properties":{"facility_id":"cfe880eedac0f6b23074945bd2dc7015e400bb8576100298880449565fb07d71","point_ordinal":1,"zone_group_id":"482501005010","source_manage_no":"482501005010","facility_name":"해돋이유치원","sgg_code":"48250","facility_type_code":"1","api_first_registered_on":"2003-10-02","api_last_modified_on":null,"updated_at":"2026-07-25T01:27:52.347112+00:00"},"geometry":{"type":"Point","coordinates":[128.817831777,35.20650986]}},{"type":"Feature","id":"af5ae4d25818833890d609ded133fed79f5c3ac830ad6c3a8b929bd8cb662fec-1","properties":{"facility_id":"af5ae4d25818833890d609ded133fed79f5c3ac830ad6c3a8b929bd8cb662fec","point_ordinal":1,"zone_group_id":"482501004955","source_manage_no":"482501004963","facility_name":"현대유치원","sgg_code":"48250","facility_type_code":"1","api_first_registered_on":"2006-02-07","api_last_modified_on":null,"updated_at":"2026-07-25T01:27:52.347112+00:00"},"geometry":{"type":"Point","coordinates":[128.852608136,35.234779997]}},{"type":"Feature","id":"74db350e9264adb368bab536c9e5ae1faf9b3b045d4bb8feae9336678509373b-1","properties":{"facility_id":"74db350e9264adb368bab536c9e5ae1faf9b3b045d4bb8feae9336678509373b","point_ordinal":1,"zone_group_id":"482501004919","source_manage_no":"482501004923","facility_name":"화정초등학교","sgg_code":"48250","facility_type_code":"1","api_first_registered_on":"2003-09-08","api_last_modified_on":null,"updated_at":"2026-07-25T01:27:52.347112+00:00"},"geometry":{"type":"Point","coordinates":[128.865664238,35.262380778]}},{"type":"Feature","id":"6c64a64b428a54c789978a8ad9f7a8f9cdedec6475110040f0696bdfa6e6a9bd-1","properties":{"facility_id":"6c64a64b428a54c789978a8ad9f7a8f9cdedec6475110040f0696bdfa6e6a9bd","point_ordinal":1,"zone_group_id":"482501004919","source_manage_no":"482501004922","facility_name":"화정초등학교 병설유치원","sgg_code":"48250","facility_type_code":"1","api_first_registered_on":"2003-09-08","api_last_modified_on":null,"updated_at":"2026-07-25T01:27:52.347112+00:00"},"geometry":{"type":"Point","coordinates":[128.865665374,35.262430326]}},{"type":"Feature","id":"475afad4626a8318ad218ad591eecc1ae694d57823624c456bfa40310597f394-1","properties":{"facility_id":"475afad4626a8318ad218ad591eecc1ae694d57823624c456bfa40310597f394","point_ordinal":1,"zone_group_id":"482501004966","source_manage_no":"482501004967","facility_name":"활천초등학교병설유치원","sgg_code":"48250","facility_type_code":"1","api_first_registered_on":"1996-05-30","api_last_modified_on":null,"updated_at":"2026-07-25T01:27:52.347112+00:00"},"geometry":{"type":"Point","coordinates":[128.918800307,35.231402811]}},{"type":"Feature","id":"646877c58b2c8d3ae21dd1efc1636b53b1c1fd7c1691627e947d82591f98ebe1-1","properties":{"facility_id":"646877c58b2c8d3ae21dd1efc1636b53b1c1fd7c1691627e947d82591f98ebe1","point_ordinal":1,"zone_group_id":"482701005209","source_manage_no":"482701005209","facility_name":"무안초등학교","sgg_code":"48270","facility_type_code":"1","api_first_registered_on":"2009-07-01","api_last_modified_on":null,"updated_at":"2026-07-25T01:27:52.347112+00:00"},"geometry":{"type":"Point","coordinates":[128.652453348,35.472100428]}},{"type":"Feature","id":"be046b1fba75e9e150db23bc250b0f2acbb69d7351c167441541a5fd673010a5-1","properties":{"facility_id":"be046b1fba75e9e150db23bc250b0f2acbb69d7351c167441541a5fd673010a5","point_ordinal":1,"zone_group_id":"482701005209","source_manage_no":"482701005210","facility_name":"무안초등학교병설유치원","sgg_code":"48270","facility_type_code":"1","api_first_registered_on":"2009-07-01","api_last_modified_on":null,"updated_at":"2026-07-25T01:27:52.347112+00:00"},"geometry":{"type":"Point","coordinates":[128.652452703,35.472068895]}},{"type":"Feature","id":"c160a27d30615e63deb8c059218f5a398e5c211829b9c62c8cf308166b2da385-1","properties":{"facility_id":"c160a27d30615e63deb8c059218f5a398e5c211829b9c62c8cf308166b2da385","point_ordinal":1,"zone_group_id":"482701005226","source_manage_no":"482701005226","facility_name":"미리벌초등학교","sgg_code":"48270","facility_type_code":"1","api_first_registered_on":"2009-07-01","api_last_modified_on":null,"updated_at":"2026-07-25T01:27:52.347112+00:00"},"geometry":{"type":"Point","coordinates":[128.749561828,35.479620927]}},{"type":"Feature","id":"8723a8c7092eb0e87c44558b6b25e5a7567bfdb8dcb4c41e04193dbde31dadb1-1","properties":{"facility_id":"8723a8c7092eb0e87c44558b6b25e5a7567bfdb8dcb4c41e04193dbde31dadb1","point_ordinal":1,"zone_group_id":"482701005227","source_manage_no":"482701005227","facility_name":"미리벌초등학교병설유치원","sgg_code":"48270","facility_type_code":"1","api_first_registered_on":"2009-07-01","api_last_modified_on":null,"updated_at":"2026-07-25T01:27:52.347112+00:00"},"geometry":{"type":"Point","coordinates":[128.74960189,35.479690187]}},{"type":"Feature","id":"3c4f56a284adcc01032e96e0b84b2df9118995b7f9b110c312c8ae3aa6083fc0-1","properties":{"facility_id":"3c4f56a284adcc01032e96e0b84b2df9118995b7f9b110c312c8ae3aa6083fc0","point_ordinal":1,"zone_group_id":"482701005204","source_manage_no":"482701005204","facility_name":"밀성초등학교","sgg_code":"48270","facility_type_code":"1","api_first_registered_on":"1996-05-31","api_last_modified_on":null,"updated_at":"2026-07-25T01:27:52.347112+00:00"},"geometry":{"type":"Point","coordinates":[128.752632812,35.502205352]}},{"type":"Feature","id":"3b79b37351c9c0b89bbe65c842ef62bacba9e4def84b57288003d72a5f06cab7-1","properties":{"facility_id":"3b79b37351c9c0b89bbe65c842ef62bacba9e4def84b57288003d72a5f06cab7","point_ordinal":1,"zone_group_id":"482701029768","source_manage_no":"482701029768","facility_name":"밀양 아리솔학교","sgg_code":"48270","facility_type_code":"1","api_first_registered_on":"2022-12-19","api_last_modified_on":"2025-11-28","updated_at":"2026-07-25T01:27:52.347112+00:00"},"geometry":{"type":"Point","coordinates":[128.696444417,35.409289783]}},{"type":"Feature","id":"0bee3e86f13709d8887b79252991b7a9797a7fba8107db8edf57f8d5b23b6bb8-1","properties":{"facility_id":"0bee3e86f13709d8887b79252991b7a9797a7fba8107db8edf57f8d5b23b6bb8","point_ordinal":1,"zone_group_id":"482701029766","source_manage_no":"482701029766","facility_name":"밀양유치원","sgg_code":"48270","facility_type_code":"1","api_first_registered_on":null,"api_last_modified_on":"2025-11-28","updated_at":"2026-07-25T01:27:52.347112+00:00"},"geometry":{"type":"Point","coordinates":[128.729744843,35.51359697]}},{"type":"Feature","id":"d95cfcd782190a6a1e0133a566457cd96e0a8beeb8bdaa506f60b5ea5f49b3bb-1","properties":{"facility_id":"d95cfcd782190a6a1e0133a566457cd96e0a8beeb8bdaa506f60b5ea5f49b3bb","point_ordinal":1,"zone_group_id":"482701005228","source_manage_no":"482701005228","facility_name":"밀양초등학교","sgg_code":"48270","facility_type_code":"1","api_first_registered_on":"2001-04-11","api_last_modified_on":null,"updated_at":"2026-07-25T01:27:52.347112+00:00"},"geometry":{"type":"Point","coordinates":[128.757051364,35.488260983]}},{"type":"Feature","id":"739052d90da5ac630be7c9b332f77eb11bf58ecac489b105c0102f7b23641f0f-1","properties":{"facility_id":"739052d90da5ac630be7c9b332f77eb11bf58ecac489b105c0102f7b23641f0f","point_ordinal":1,"zone_group_id":"482701005229","source_manage_no":"482701005229","facility_name":"밀양초등학교병설유치원","sgg_code":"48270","facility_type_code":"1","api_first_registered_on":"2001-04-11","api_last_modified_on":null,"updated_at":"2026-07-25T01:27:52.347112+00:00"},"geometry":{"type":"Point","coordinates":[128.757035675,35.488299511]}},{"type":"Feature","id":"680b32901570acfa065cc6644805aac63123a71b3b988ed4ed002e8c666e1d81-1","properties":{"facility_id":"680b32901570acfa065cc6644805aac63123a71b3b988ed4ed002e8c666e1d81","point_ordinal":1,"zone_group_id":"482701005201","source_manage_no":"482701005201","facility_name":"밀주초등학교","sgg_code":"48270","facility_type_code":"1","api_first_registered_on":"1995-11-03","api_last_modified_on":null,"updated_at":"2026-07-25T01:27:52.347112+00:00"},"geometry":{"type":"Point","coordinates":[128.76304059,35.476309154]}},{"type":"Feature","id":"28923fbeaf8ed58bde155dc03165988fd67a6714f6b50ffbe3263ed2907bfa91-1","properties":{"facility_id":"28923fbeaf8ed58bde155dc03165988fd67a6714f6b50ffbe3263ed2907bfa91","point_ordinal":1,"zone_group_id":"482701005202","source_manage_no":"482701005202","facility_name":"밀주초등학교 (밀주초병설유치원)","sgg_code":"48270","facility_type_code":"1","api_first_registered_on":"1995-11-03","api_last_modified_on":null,"updated_at":"2026-07-25T01:27:52.347112+00:00"},"geometry":{"type":"Point","coordinates":[128.763106592,35.476298322]}},{"type":"Feature","id":"744c5c4b4228dd4da458de93c27084e4cc33c000de43fc696b9ce8a78857a4ac-1","properties":{"facility_id":"744c5c4b4228dd4da458de93c27084e4cc33c000de43fc696b9ce8a78857a4ac","point_ordinal":1,"zone_group_id":"482701005211","source_manage_no":"482701005211","facility_name":"부북초등학교","sgg_code":"48270","facility_type_code":"1","api_first_registered_on":"2009-07-01","api_last_modified_on":null,"updated_at":"2026-07-25T01:27:52.347112+00:00"},"geometry":{"type":"Point","coordinates":[128.72975216,35.51362283]}},{"type":"Feature","id":"ff1c21edd725df3192a40ce2a42f8f3822f70b5d409c6e39a0b8f37b1f09b42f-1","properties":{"facility_id":"ff1c21edd725df3192a40ce2a42f8f3822f70b5d409c6e39a0b8f37b1f09b42f","point_ordinal":1,"zone_group_id":"482701005213","source_manage_no":"482701005213","facility_name":"사포초등학교","sgg_code":"48270","facility_type_code":"1","api_first_registered_on":"2009-07-01","api_last_modified_on":null,"updated_at":"2026-07-25T01:27:52.347112+00:00"},"geometry":{"type":"Point","coordinates":[128.734487696,35.47503532]}},{"type":"Feature","id":"fc53b43ab8d53fd1e65b6f5b19016f549eed6597dbdf6a73973baa8e255a050b-1","properties":{"facility_id":"fc53b43ab8d53fd1e65b6f5b19016f549eed6597dbdf6a73973baa8e255a050b","point_ordinal":1,"zone_group_id":"482701005215","source_manage_no":"482701005215","facility_name":"산내남명초등학교","sgg_code":"48270","facility_type_code":"1","api_first_registered_on":"2001-04-11","api_last_modified_on":null,"updated_at":"2026-07-25T01:27:52.347112+00:00"},"geometry":{"type":"Point","coordinates":[128.953860625,35.587244339]}},{"type":"Feature","id":"5db655fec0556e1f613a3104bb4edf55617f65eb5a1aafd78313a215dc44f7af-1","properties":{"facility_id":"5db655fec0556e1f613a3104bb4edf55617f65eb5a1aafd78313a215dc44f7af","point_ordinal":1,"zone_group_id":"482701029767","source_manage_no":"482701029767","facility_name":"산내남명초등학교 병설유치원","sgg_code":"48270","facility_type_code":"1","api_first_registered_on":null,"api_last_modified_on":"2025-11-28","updated_at":"2026-07-25T01:27:52.347112+00:00"},"geometry":{"type":"Point","coordinates":[128.953854067,35.58725161]}},{"type":"Feature","id":"24f62dc9d810137d3ba40364891b838dbaf40e1d4befedb87acc20f2b332ee30-1","properties":{"facility_id":"24f62dc9d810137d3ba40364891b838dbaf40e1d4befedb87acc20f2b332ee30","point_ordinal":1,"zone_group_id":"482701005216","source_manage_no":"482701005216","facility_name":"산내초등학교","sgg_code":"48270","facility_type_code":"1","api_first_registered_on":"2002-07-03","api_last_modified_on":null,"updated_at":"2026-07-25T01:27:52.347112+00:00"},"geometry":{"type":"Point","coordinates":[128.880828613,35.58547072]}},{"type":"Feature","id":"6d252feef6ab1ebc57cca3009f9facf582cf3f032510d5827c57ea8e0270eddb-1","properties":{"facility_id":"6d252feef6ab1ebc57cca3009f9facf582cf3f032510d5827c57ea8e0270eddb","point_ordinal":1,"zone_group_id":"482701005216","source_manage_no":"482701005217","facility_name":"산내초등학교 병설유치원","sgg_code":"48270","facility_type_code":"1","api_first_registered_on":"2002-07-03","api_last_modified_on":null,"updated_at":"2026-07-25T01:27:52.347112+00:00"},"geometry":{"type":"Point","coordinates":[128.880830527,35.585434645]}},{"type":"Feature","id":"0cb2539abe8803550fc4607508e3276abdc0b93b960db3d6a0f342301a193551-1","properties":{"facility_id":"0cb2539abe8803550fc4607508e3276abdc0b93b960db3d6a0f342301a193551","point_ordinal":1,"zone_group_id":"482701005205","source_manage_no":"482701005205","facility_name":"산동초등학교","sgg_code":"48270","facility_type_code":"1","api_first_registered_on":"2002-07-03","api_last_modified_on":null,"updated_at":"2026-07-25T01:27:52.347112+00:00"},"geometry":{"type":"Point","coordinates":[128.912616231,35.524730534]}},{"type":"Feature","id":"3b23997dcfac8b23532e8c6f8c04458d33c2f40edab0b7623ed92582c41ed084-1","properties":{"facility_id":"3b23997dcfac8b23532e8c6f8c04458d33c2f40edab0b7623ed92582c41ed084","point_ordinal":1,"zone_group_id":"482701005206","source_manage_no":"482701005206","facility_name":"산동초등학교 병설유치원","sgg_code":"48270","facility_type_code":"1","api_first_registered_on":"2002-07-03","api_last_modified_on":null,"updated_at":"2026-07-25T01:27:52.347112+00:00"},"geometry":{"type":"Point","coordinates":[128.912554824,35.524697715]}},{"type":"Feature","id":"0b6d71a7a53ee29b95b79fba634f50d9a1ad846ba54200245c034e53aa178f73-1","properties":{"facility_id":"0b6d71a7a53ee29b95b79fba634f50d9a1ad846ba54200245c034e53aa178f73","point_ordinal":1,"zone_group_id":"482701005218","source_manage_no":"482701005218","facility_name":"산외초등학교","sgg_code":"48270","facility_type_code":"1","api_first_registered_on":"1997-09-01","api_last_modified_on":null,"updated_at":"2026-07-25T01:27:52.347112+00:00"},"geometry":{"type":"Point","coordinates":[128.79645027,35.503011179]}},{"type":"Feature","id":"0206c2c64d294aa6304b1dc950d0aea9099cfe753a1f1e52ad7c7010b4e4d4ce-1","properties":{"facility_id":"0206c2c64d294aa6304b1dc950d0aea9099cfe753a1f1e52ad7c7010b4e4d4ce","point_ordinal":1,"zone_group_id":"482701005218","source_manage_no":"482701005219","facility_name":"산외초등학교 (산외초 병설유치원)","sgg_code":"48270","facility_type_code":"1","api_first_registered_on":"1997-09-01","api_last_modified_on":null,"updated_at":"2026-07-25T01:27:52.347112+00:00"},"geometry":{"type":"Point","coordinates":[128.796389779,35.503016586]}},{"type":"Feature","id":"7303401ebf7d5fef0a8d31ad3821c24a11a1ac606d879f4b30a8e0f60d9b5804-1","properties":{"facility_id":"7303401ebf7d5fef0a8d31ad3821c24a11a1ac606d879f4b30a8e0f60d9b5804","point_ordinal":1,"zone_group_id":"482701005220","source_manage_no":"482701005220","facility_name":"삼랑진초등학교","sgg_code":"48270","facility_type_code":"1","api_first_registered_on":"2001-04-11","api_last_modified_on":null,"updated_at":"2026-07-25T01:27:52.347112+00:00"},"geometry":{"type":"Point","coordinates":[128.841850573,35.400616419]}},{"type":"Feature","id":"561b76ca5be90f9a9b15c0113ffaf3c469d4f8ecf3a7c7e6979d471da2bd3b39-1","properties":{"facility_id":"561b76ca5be90f9a9b15c0113ffaf3c469d4f8ecf3a7c7e6979d471da2bd3b39","point_ordinal":1,"zone_group_id":"482701005220","source_manage_no":"482701005221","facility_name":"삼랑진초등학교 (삼랑진초 병설유치원)","sgg_code":"48270","facility_type_code":"1","api_first_registered_on":"2001-04-11","api_last_modified_on":null,"updated_at":"2026-07-25T01:27:52.347112+00:00"},"geometry":{"type":"Point","coordinates":[128.841860653,35.400575713]}},{"type":"Feature","id":"92fb3abb91a346b85128e869c0e4c56cffe9116d159014afa279748687da71da-1","properties":{"facility_id":"92fb3abb91a346b85128e869c0e4c56cffe9116d159014afa279748687da71da","point_ordinal":1,"zone_group_id":"482701005230","source_manage_no":"482701005230","facility_name":"상남초등학교","sgg_code":"48270","facility_type_code":"1","api_first_registered_on":"2009-07-01","api_last_modified_on":null,"updated_at":"2026-07-25T01:27:52.347112+00:00"},"geometry":{"type":"Point","coordinates":[128.777085023,35.394664721]}},{"type":"Feature","id":"5d720ce681f5b02a36b6e74d091a84062f1c9a3e8406f080b9ccdb18ad05dc96-1","properties":{"facility_id":"5d720ce681f5b02a36b6e74d091a84062f1c9a3e8406f080b9ccdb18ad05dc96","point_ordinal":1,"zone_group_id":"482701005231","source_manage_no":"482701005231","facility_name":"상남초등학교(상남초 병설유치원)","sgg_code":"48270","facility_type_code":"1","api_first_registered_on":"2009-07-01","api_last_modified_on":null,"updated_at":"2026-07-25T01:27:52.347112+00:00"},"geometry":{"type":"Point","coordinates":[128.777044309,35.394690103]}},{"type":"Feature","id":"15734b2a4806f68a8f29750fe15aff5392cb6cbde1786928ec697a036f01ddff-1","properties":{"facility_id":"15734b2a4806f68a8f29750fe15aff5392cb6cbde1786928ec697a036f01ddff","point_ordinal":1,"zone_group_id":"482701005234","source_manage_no":"482701005234","facility_name":"상동초등학교","sgg_code":"48270","facility_type_code":"1","api_first_registered_on":"1997-09-01","api_last_modified_on":null,"updated_at":"2026-07-25T01:27:52.347112+00:00"},"geometry":{"type":"Point","coordinates":[128.76277885,35.552872911]}},{"type":"Feature","id":"f97d18880e5c10ba439c8bdf8c68ff868c44b14bfd67fa496ed9eed89446fa25-1","properties":{"facility_id":"f97d18880e5c10ba439c8bdf8c68ff868c44b14bfd67fa496ed9eed89446fa25","point_ordinal":1,"zone_group_id":"482701005234","source_manage_no":"482701005235","facility_name":"상동초등학교병설유치원","sgg_code":"48270","facility_type_code":"1","api_first_registered_on":"1997-09-01","api_last_modified_on":null,"updated_at":"2026-07-25T01:27:52.347112+00:00"},"geometry":{"type":"Point","coordinates":[128.762853112,35.552865067]}},{"type":"Feature","id":"c02635961852cdfb584abfbb632274a976c19edfc0c1fb2975c39c19d316f881-1","properties":{"facility_id":"c02635961852cdfb584abfbb632274a976c19edfc0c1fb2975c39c19d316f881","point_ordinal":1,"zone_group_id":"482701005222","source_manage_no":"482701005222","facility_name":"송진초등학교","sgg_code":"48270","facility_type_code":"1","api_first_registered_on":"2001-04-11","api_last_modified_on":null,"updated_at":"2026-07-25T01:27:52.347112+00:00"},"geometry":{"type":"Point","coordinates":[128.836556863,35.395454833]}},{"type":"Feature","id":"22e3cbbf90f3c7edbb08d501d02631864bc632b5d876a5e0a2dd1fc3dd3b3016-1","properties":{"facility_id":"22e3cbbf90f3c7edbb08d501d02631864bc632b5d876a5e0a2dd1fc3dd3b3016","point_ordinal":1,"zone_group_id":"482701005222","source_manage_no":"482701005223","facility_name":"송진초등학교(숭진초 병설유치원)","sgg_code":"48270","facility_type_code":"1","api_first_registered_on":"2001-04-11","api_last_modified_on":null,"updated_at":"2026-07-25T01:27:52.347112+00:00"},"geometry":{"type":"Point","coordinates":[128.836528286,35.395407956]}},{"type":"Feature","id":"87f2d0b071e2f476b4b36f659bfe3563353ad2bab26332590e344fd366f69a77-1","properties":{"facility_id":"87f2d0b071e2f476b4b36f659bfe3563353ad2bab26332590e344fd366f69a77","point_ordinal":1,"zone_group_id":"482701005240","source_manage_no":"482701005240","facility_name":"수산초등학교","sgg_code":"48270","facility_type_code":"1","api_first_registered_on":"1996-05-31","api_last_modified_on":null,"updated_at":"2026-07-25T01:27:52.347112+00:00"},"geometry":{"type":"Point","coordinates":[128.71191097,35.375146896]}},{"type":"Feature","id":"28f0e24f7d55b4ee1e8d1c1b63a6d3b89a4936e12b4b04c1bb261d6059db36d9-1","properties":{"facility_id":"28f0e24f7d55b4ee1e8d1c1b63a6d3b89a4936e12b4b04c1bb261d6059db36d9","point_ordinal":1,"zone_group_id":"482701005240","source_manage_no":"482701005241","facility_name":"수산초등학교병설유치원","sgg_code":"48270","facility_type_code":"1","api_first_registered_on":"1996-05-31","api_last_modified_on":null,"updated_at":"2026-07-25T01:27:52.347112+00:00"},"geometry":{"type":"Point","coordinates":[128.711960136,35.375130429]}},{"type":"Feature","id":"a7217609892a36d4128bc407eb9d0eee1a50504842fc8e6d2d7dd761dc95f44c-1","properties":{"facility_id":"a7217609892a36d4128bc407eb9d0eee1a50504842fc8e6d2d7dd761dc95f44c","point_ordinal":1,"zone_group_id":"482701005224","source_manage_no":"482701005224","facility_name":"숭진초등학교","sgg_code":"48270","facility_type_code":"1","api_first_registered_on":"2001-04-11","api_last_modified_on":null,"updated_at":"2026-07-25T01:27:52.347112+00:00"},"geometry":{"type":"Point","coordinates":[128.800462267,35.45228926]}},{"type":"Feature","id":"24f63c953de9f2a8e04de3bd2045ed051c57437a77d6b591aae8690708ec8e2b-1","properties":{"facility_id":"24f63c953de9f2a8e04de3bd2045ed051c57437a77d6b591aae8690708ec8e2b","point_ordinal":1,"zone_group_id":"482701005225","source_manage_no":"482701005225","facility_name":"숭진초등학교(숭진초병설유치원)","sgg_code":"48270","facility_type_code":"1","api_first_registered_on":"2001-04-11","api_last_modified_on":null,"updated_at":"2026-07-25T01:27:52.347112+00:00"},"geometry":{"type":"Point","coordinates":[128.800424034,35.452303348]}},{"type":"Feature","id":"e7e93c4bde192cae175d7c97135fb1d847c4a21200134277872f90598c5fd6a6-1","properties":{"facility_id":"e7e93c4bde192cae175d7c97135fb1d847c4a21200134277872f90598c5fd6a6","point_ordinal":1,"zone_group_id":"482701005232","source_manage_no":"482701005232","facility_name":"예림초등학교","sgg_code":"48270","facility_type_code":"1","api_first_registered_on":"2000-04-20","api_last_modified_on":"2025-08-29","updated_at":"2026-07-25T01:27:52.347112+00:00"},"geometry":{"type":"Point","coordinates":[128.760483228,35.466922443]}},{"type":"Feature","id":"a3dded6cf6a4722c173b719945d639d4492ce038de03d6f3ff011f2603cd4ee4-1","properties":{"facility_id":"a3dded6cf6a4722c173b719945d639d4492ce038de03d6f3ff011f2603cd4ee4","point_ordinal":1,"zone_group_id":"482701005232","source_manage_no":"482701005233","facility_name":"예림초등학교병설유치원","sgg_code":"48270","facility_type_code":"1","api_first_registered_on":"2000-04-20","api_last_modified_on":null,"updated_at":"2026-07-25T01:27:52.347112+00:00"},"geometry":{"type":"Point","coordinates":[128.760438394,35.46688705]}},{"type":"Feature","id":"bf89cd54a732c4282e836f8eb85fa0744257b7773772f6d9bced1f5e14df0ff7-1","properties":{"facility_id":"bf89cd54a732c4282e836f8eb85fa0744257b7773772f6d9bced1f5e14df0ff7","point_ordinal":1,"zone_group_id":"482701005236","source_manage_no":"482701005236","facility_name":"청도초등학교","sgg_code":"48270","facility_type_code":"1","api_first_registered_on":"2009-07-01","api_last_modified_on":null,"updated_at":"2026-07-25T01:27:52.347112+00:00"},"geometry":{"type":"Point","coordinates":[128.6244419,35.550809345]}},{"type":"Feature","id":"1e8ba0770b0dff823c5e55355115d8c49bdfec454127e7d95139028df006da9e-1","properties":{"facility_id":"1e8ba0770b0dff823c5e55355115d8c49bdfec454127e7d95139028df006da9e","point_ordinal":1,"zone_group_id":"482701005237","source_manage_no":"482701005237","facility_name":"청도초등학교병설유치원","sgg_code":"48270","facility_type_code":"1","api_first_registered_on":"2009-07-01","api_last_modified_on":null,"updated_at":"2026-07-25T01:27:52.347112+00:00"},"geometry":{"type":"Point","coordinates":[128.6244419,35.550809345]}},{"type":"Feature","id":"1b53e5c8039a0663d41ed4b66fa487a0d04df6100c6fbc9107018335749e6dbd-1","properties":{"facility_id":"1b53e5c8039a0663d41ed4b66fa487a0d04df6100c6fbc9107018335749e6dbd","point_ordinal":1,"zone_group_id":"482701005238","source_manage_no":"482701005238","facility_name":"초동초등학교","sgg_code":"48270","facility_type_code":"1","api_first_registered_on":"2002-07-03","api_last_modified_on":null,"updated_at":"2026-07-25T01:27:52.347112+00:00"},"geometry":{"type":"Point","coordinates":[128.691474484,35.411482517]}},{"type":"Feature","id":"8f76c81a761daa808d720f0c6dc31ddff7c2be29971bf8104e1f192e5a2ab145-1","properties":{"facility_id":"8f76c81a761daa808d720f0c6dc31ddff7c2be29971bf8104e1f192e5a2ab145","point_ordinal":1,"zone_group_id":"482701005238","source_manage_no":"482701005239","facility_name":"초동초등학교병설유치원","sgg_code":"48270","facility_type_code":"1","api_first_registered_on":"2002-07-03","api_last_modified_on":null,"updated_at":"2026-07-25T01:27:52.347112+00:00"},"geometry":{"type":"Point","coordinates":[128.691501384,35.411452851]}},{"type":"Feature","id":"7e47e7423687d4726b02fe8f9106030c29ff2340c7b71f08be0bfab7afe073b5-1","properties":{"facility_id":"7e47e7423687d4726b02fe8f9106030c29ff2340c7b71f08be0bfab7afe073b5","point_ordinal":1,"zone_group_id":"482701005207","source_manage_no":"482701005207","facility_name":"태룡초등학교","sgg_code":"48270","facility_type_code":"1","api_first_registered_on":"2009-07-01","api_last_modified_on":null,"updated_at":"2026-07-25T01:27:52.347112+00:00"},"geometry":{"type":"Point","coordinates":[128.874916902,35.513844899]}},{"type":"Feature","id":"6d394be256d8b99160d50b2677e7afba616058d352074d0c4f37248a6049073c-1","properties":{"facility_id":"6d394be256d8b99160d50b2677e7afba616058d352074d0c4f37248a6049073c","point_ordinal":1,"zone_group_id":"482701005208","source_manage_no":"482701005208","facility_name":"태룡초등학교병설유치원","sgg_code":"48270","facility_type_code":"1","api_first_registered_on":"2009-07-01","api_last_modified_on":null,"updated_at":"2026-07-25T01:27:52.347112+00:00"},"geometry":{"type":"Point","coordinates":[128.874916902,35.513844899]}},{"type":"Feature","id":"51b05d8a26da3302651655b83a12ebcafa4ca8c650bbf5d13b4e8b52ea07e806-1","properties":{"facility_id":"51b05d8a26da3302651655b83a12ebcafa4ca8c650bbf5d13b4e8b52ea07e806","point_ordinal":1,"zone_group_id":"483101004778","source_manage_no":"483101004778","facility_name":"거제국제외국인학교","sgg_code":"48310","facility_type_code":"1","api_first_registered_on":"2015-01-01","api_last_modified_on":null,"updated_at":"2026-07-25T01:27:52.347112+00:00"},"geometry":{"type":"Point","coordinates":[128.690080435,34.888227053]}},{"type":"Feature","id":"4ce1b6a52cc8928eec1aec23c9b72538e56ab9f8bdc533bd6b2aaff3baf770c3-1","properties":{"facility_id":"4ce1b6a52cc8928eec1aec23c9b72538e56ab9f8bdc533bd6b2aaff3baf770c3","point_ordinal":1,"zone_group_id":"483101004794","source_manage_no":"483101004794","facility_name":"거제도애광원","sgg_code":"48310","facility_type_code":"1","api_first_registered_on":"1996-05-23","api_last_modified_on":null,"updated_at":"2026-07-25T01:27:52.347112+00:00"},"geometry":{"type":"Point","coordinates":[128.722372589,34.866752931]}},{"type":"Feature","id":"72b6e32f39683fd7a2058e4eda6a803e1cece5107a31b753a654d289166df6ec-1","properties":{"facility_id":"72b6e32f39683fd7a2058e4eda6a803e1cece5107a31b753a654d289166df6ec","point_ordinal":1,"zone_group_id":"483101028243","source_manage_no":"483101028243","facility_name":"거제용산초등학교","sgg_code":"48310","facility_type_code":"1","api_first_registered_on":"2024-03-01","api_last_modified_on":null,"updated_at":"2026-07-25T01:27:52.347112+00:00"},"geometry":{"type":"Point","coordinates":[128.631385089,34.867373033]}},{"type":"Feature","id":"096f0bdbf63dbc029ba873b5d8fa3196a6f2a9f031eef1c85fe383a8b2739c13-1","properties":{"facility_id":"096f0bdbf63dbc029ba873b5d8fa3196a6f2a9f031eef1c85fe383a8b2739c13","point_ordinal":1,"zone_group_id":"483101025359","source_manage_no":"483101025359","facility_name":"거제유치원","sgg_code":"48310","facility_type_code":"1","api_first_registered_on":"2021-06-04","api_last_modified_on":null,"updated_at":"2026-07-25T01:27:52.347112+00:00"},"geometry":{"type":"Point","coordinates":[128.692936814,34.899252069]}},{"type":"Feature","id":"4c66736ead15d30d8934cc07e082473543da9f703a021bf318125b1618014da9-1","properties":{"facility_id":"4c66736ead15d30d8934cc07e082473543da9f703a021bf318125b1618014da9","point_ordinal":1,"zone_group_id":"483101004737","source_manage_no":"483101004771","facility_name":"거제중앙초등학교","sgg_code":"48310","facility_type_code":"1","api_first_registered_on":"2003-05-12","api_last_modified_on":null,"updated_at":"2026-07-25T01:27:52.347112+00:00"},"geometry":{"type":"Point","coordinates":[128.634809349,34.894760944]}},{"type":"Feature","id":"c119b42de13ed87f375107b66a52cfb4a849d7f27075a682c9f0406cf11aa0c9-1","properties":{"facility_id":"c119b42de13ed87f375107b66a52cfb4a849d7f27075a682c9f0406cf11aa0c9","point_ordinal":1,"zone_group_id":"483101004725","source_manage_no":"483101004725","facility_name":"거제초등학교","sgg_code":"48310","facility_type_code":"1","api_first_registered_on":"1995-05-23","api_last_modified_on":null,"updated_at":"2026-07-25T01:27:52.347112+00:00"},"geometry":{"type":"Point","coordinates":[128.591196941,34.850832451]}},{"type":"Feature","id":"4ab18446154d1c4dbf3c56dab64bc0b249fc0befd02643a898340ae3539a4ff7-1","properties":{"facility_id":"4ab18446154d1c4dbf3c56dab64bc0b249fc0befd02643a898340ae3539a4ff7","point_ordinal":1,"zone_group_id":"483101004730","source_manage_no":"483101004730","facility_name":"계룡초등학교","sgg_code":"48310","facility_type_code":"1","api_first_registered_on":"1997-03-01","api_last_modified_on":null,"updated_at":"2026-07-25T01:27:52.347112+00:00"},"geometry":{"type":"Point","coordinates":[128.625649601,34.880784906]}},{"type":"Feature","id":"13c2bf3df97f872b5aaab3a2c1cfa45326fb34ccd35a9b661b00c3c76659b249-1","properties":{"facility_id":"13c2bf3df97f872b5aaab3a2c1cfa45326fb34ccd35a9b661b00c3c76659b249","point_ordinal":1,"zone_group_id":"483101004730","source_manage_no":"483101004731","facility_name":"계룡초등학교병설유치원","sgg_code":"48310","facility_type_code":"1","api_first_registered_on":"1997-03-01","api_last_modified_on":null,"updated_at":"2026-07-25T01:27:52.347112+00:00"},"geometry":{"type":"Point","coordinates":[128.62541127,34.880900753]}},{"type":"Feature","id":"8646c5e79c75ca2aca74338329854c16fd46c50d6f59afd450601d487b78a71e-1","properties":{"facility_id":"8646c5e79c75ca2aca74338329854c16fd46c50d6f59afd450601d487b78a71e","point_ordinal":1,"zone_group_id":"483102022016","source_manage_no":"483102022016","facility_name":"고당경로당","sgg_code":"48310","facility_type_code":"2","api_first_registered_on":"2020-04-03","api_last_modified_on":null,"updated_at":"2026-07-25T01:27:52.347112+00:00"},"geometry":{"type":"Point","coordinates":[128.52220375,34.832017068]}},{"type":"Feature","id":"ee70ce1bbf53f507e6a781656c020b83180c303707871f1718a42b77519bde0e-1","properties":{"facility_id":"ee70ce1bbf53f507e6a781656c020b83180c303707871f1718a42b77519bde0e","point_ordinal":1,"zone_group_id":"483101004732","source_manage_no":"483101004732","facility_name":"고현유치원","sgg_code":"48310","facility_type_code":"1","api_first_registered_on":"2010-07-31","api_last_modified_on":null,"updated_at":"2026-07-25T01:27:52.347112+00:00"},"geometry":{"type":"Point","coordinates":[128.619173097,34.882047677]}},{"type":"Feature","id":"790913fb50a3a02df8d7d029b3fb77b8be4d032878faa653ee61c3af3f6d154c-1","properties":{"facility_id":"790913fb50a3a02df8d7d029b3fb77b8be4d032878faa653ee61c3af3f6d154c","point_ordinal":1,"zone_group_id":"483101004759","source_manage_no":"483101004759","facility_name":"고현초등학교","sgg_code":"48310","facility_type_code":"1","api_first_registered_on":"2005-10-25","api_last_modified_on":null,"updated_at":"2026-07-25T01:27:52.347112+00:00"},"geometry":{"type":"Point","coordinates":[128.628954319,34.873959142]}},{"type":"Feature","id":"6ce1660b25268c5320a767855758b49cd574571744a2f051f8a55a44ba43803c-1","properties":{"facility_id":"6ce1660b25268c5320a767855758b49cd574571744a2f051f8a55a44ba43803c","point_ordinal":1,"zone_group_id":"483102022011","source_manage_no":"483102022011","facility_name":"관포경로당","sgg_code":"48310","facility_type_code":"2","api_first_registered_on":"2020-04-02","api_last_modified_on":null,"updated_at":"2026-07-25T01:27:52.347112+00:00"},"geometry":{"type":"Point","coordinates":[128.693466117,34.991991819]}},{"type":"Feature","id":"bf9ad1c9a83e1be8c1e27c5356edac072139298e78a1fe0e8bfdf7e59c21648f-1","properties":{"facility_id":"bf9ad1c9a83e1be8c1e27c5356edac072139298e78a1fe0e8bfdf7e59c21648f","point_ordinal":1,"zone_group_id":"483101004779","source_manage_no":"483101004779","facility_name":"국산초등학교","sgg_code":"48310","facility_type_code":"1","api_first_registered_on":"1995-05-23","api_last_modified_on":null,"updated_at":"2026-07-25T01:27:52.347112+00:00"},"geometry":{"type":"Point","coordinates":[128.693235747,34.896699051]}},{"type":"Feature","id":"9971c8a71fdce973cfca215d9fef5719a00fa4bbfba471a11e90aee86a730529-1","properties":{"facility_id":"9971c8a71fdce973cfca215d9fef5719a00fa4bbfba471a11e90aee86a730529","point_ordinal":1,"zone_group_id":"483101004779","source_manage_no":"483101022057","facility_name":"국산초등학교 병설유치원","sgg_code":"48310","facility_type_code":"1","api_first_registered_on":"1995-05-23","api_last_modified_on":null,"updated_at":"2026-07-25T01:27:52.347112+00:00"},"geometry":{"type":"Point","coordinates":[128.693073039,34.896562159]}},{"type":"Feature","id":"7f120e30db69a572d90dcd471da831763be40d35a6fcf807b35971dd6a6f2df8-1","properties":{"facility_id":"7f120e30db69a572d90dcd471da831763be40d35a6fcf807b35971dd6a6f2df8","point_ordinal":1,"zone_group_id":"483101004750","source_manage_no":"483101004750","facility_name":"기성초등학교","sgg_code":"48310","facility_type_code":"1","api_first_registered_on":"1998-03-01","api_last_modified_on":null,"updated_at":"2026-07-25T01:27:52.347112+00:00"},"geometry":{"type":"Point","coordinates":[128.551865379,34.900827131]}},{"type":"Feature","id":"2f9e758d32f4ed6e8687f51ebeb3425eff984208ec71adefa234e48c8a7bb8ed-1","properties":{"facility_id":"2f9e758d32f4ed6e8687f51ebeb3425eff984208ec71adefa234e48c8a7bb8ed","point_ordinal":1,"zone_group_id":"483101004750","source_manage_no":"483101004751","facility_name":"기성초등학교병설유치원","sgg_code":"48310","facility_type_code":"1","api_first_registered_on":"1998-03-01","api_last_modified_on":null,"updated_at":"2026-07-25T01:27:52.347112+00:00"},"geometry":{"type":"Point","coordinates":[128.551337934,34.901284507]}},{"type":"Feature","id":"a2588b3ccb0e997765d481e1338e38ef33e988fd2fea9034c4eba92929f9cea0-1","properties":{"facility_id":"a2588b3ccb0e997765d481e1338e38ef33e988fd2fea9034c4eba92929f9cea0","point_ordinal":1,"zone_group_id":"483101004766","source_manage_no":"483101004766","facility_name":"내곡초등학교","sgg_code":"48310","facility_type_code":"1","api_first_registered_on":"2015-11-10","api_last_modified_on":null,"updated_at":"2026-07-25T01:27:52.347112+00:00"},"geometry":{"type":"Point","coordinates":[128.679517303,34.870395293]}},{"type":"Feature","id":"b754355d00618550e87af6e9b83e5300f012905ada7d75a74986656fc624e575-1","properties":{"facility_id":"b754355d00618550e87af6e9b83e5300f012905ada7d75a74986656fc624e575","point_ordinal":1,"zone_group_id":"483101004766","source_manage_no":"483101022007","facility_name":"내곡초등학교 병설유치원","sgg_code":"48310","facility_type_code":"1","api_first_registered_on":"2015-11-10","api_last_modified_on":null,"updated_at":"2026-07-25T01:27:52.347112+00:00"},"geometry":{"type":"Point","coordinates":[128.678613134,34.870822956]}},{"type":"Feature","id":"29464cb292c5d35a829498c03d50779e2dd945dbfd4933918e26e4b442002934-1","properties":{"facility_id":"29464cb292c5d35a829498c03d50779e2dd945dbfd4933918e26e4b442002934","point_ordinal":1,"zone_group_id":"483101004740","source_manage_no":"483101004740","facility_name":"능포초등학교","sgg_code":"48310","facility_type_code":"1","api_first_registered_on":"1996-05-23","api_last_modified_on":null,"updated_at":"2026-07-25T01:27:52.347112+00:00"},"geometry":{"type":"Point","coordinates":[128.736835798,34.880778339]}},{"type":"Feature","id":"4f9a9520e70fc115f7e51751dcb16b8ae9e882b2738c4b4e32c53653372d73f7-1","properties":{"facility_id":"4f9a9520e70fc115f7e51751dcb16b8ae9e882b2738c4b4e32c53653372d73f7","point_ordinal":1,"zone_group_id":"483101004740","source_manage_no":"483101004741","facility_name":"능포초등학교병설유치원","sgg_code":"48310","facility_type_code":"1","api_first_registered_on":"1996-05-23","api_last_modified_on":null,"updated_at":"2026-07-25T01:27:52.347112+00:00"},"geometry":{"type":"Point","coordinates":[128.736108185,34.881023062]}},{"type":"Feature","id":"da8c292dfd8e93017bf05ba4d315533efb36479ac04b5cc1eaca3fabc4428620-1","properties":{"facility_id":"da8c292dfd8e93017bf05ba4d315533efb36479ac04b5cc1eaca3fabc4428620","point_ordinal":1,"zone_group_id":"483102028214","source_manage_no":"483102028214","facility_name":"다대경로당","sgg_code":"48310","facility_type_code":"2","api_first_registered_on":"2023-12-19","api_last_modified_on":null,"updated_at":"2026-07-25T01:27:52.347112+00:00"},"geometry":{"type":"Point","coordinates":[128.629366293,34.736873135]}},{"type":"Feature","id":"d67948a2f44f1154cec11dbee41a4020df26cf06c2c0de1363dfc3bafd561c96-1","properties":{"facility_id":"d67948a2f44f1154cec11dbee41a4020df26cf06c2c0de1363dfc3bafd561c96","point_ordinal":1,"zone_group_id":"483102028216","source_manage_no":"483102028216","facility_name":"대금경로당","sgg_code":"48310","facility_type_code":"2","api_first_registered_on":"2023-06-20","api_last_modified_on":null,"updated_at":"2026-07-25T01:27:52.347112+00:00"},"geometry":{"type":"Point","coordinates":[128.701141719,34.968380391]}},{"type":"Feature","id":"2cc90b4c3c1bc932eecad435e44493e702d88f04049bb62ee1bad08ec55f34b4-1","properties":{"facility_id":"2cc90b4c3c1bc932eecad435e44493e702d88f04049bb62ee1bad08ec55f34b4","point_ordinal":1,"zone_group_id":"483101028255","source_manage_no":"483101028255","facility_name":"대우초등학교","sgg_code":"48310","facility_type_code":"1","api_first_registered_on":null,"api_last_modified_on":null,"updated_at":"2026-07-25T01:27:52.347112+00:00"},"geometry":{"type":"Point","coordinates":[128.685371783,34.860666231]}},{"type":"Feature","id":"138414ce73ad4108f2843a31642dc5fe7082114df51dbf1e69b238928f071101-1","properties":{"facility_id":"138414ce73ad4108f2843a31642dc5fe7082114df51dbf1e69b238928f071101","point_ordinal":1,"zone_group_id":"483101004743","source_manage_no":"483101004743","facility_name":"덕포어린이집","sgg_code":"48310","facility_type_code":"1","api_first_registered_on":"2015-04-01","api_last_modified_on":null,"updated_at":"2026-07-25T01:27:52.347112+00:00"},"geometry":{"type":"Point","coordinates":[128.711554676,34.913839271]}},{"type":"Feature","id":"f17c21f0a266ca1a35676a86aaa6e48443922b81ce7fbf3ce39984e3617aa259-1","properties":{"facility_id":"f17c21f0a266ca1a35676a86aaa6e48443922b81ce7fbf3ce39984e3617aa259","point_ordinal":1,"zone_group_id":"483101004733","source_manage_no":"483101004733","facility_name":"동그라미유치원","sgg_code":"48310","facility_type_code":"1","api_first_registered_on":"2017-02-07","api_last_modified_on":null,"updated_at":"2026-07-25T01:27:52.347112+00:00"},"geometry":{"type":"Point","coordinates":[128.621265938,34.878169576]}},{"type":"Feature","id":"7d78b9d4ddf6ac4a1d72efe3c80b589794f3c62202bd7cc63a8c1fe950e45bd2-1","properties":{"facility_id":"7d78b9d4ddf6ac4a1d72efe3c80b589794f3c62202bd7cc63a8c1fe950e45bd2","point_ordinal":1,"zone_group_id":"483101028257","source_manage_no":"483101028257","facility_name":"동백유치원","sgg_code":"48310","facility_type_code":"1","api_first_registered_on":null,"api_last_modified_on":null,"updated_at":"2026-07-25T01:27:52.347112+00:00"},"geometry":{"type":"Point","coordinates":[128.60697869,34.890952295]}},{"type":"Feature","id":"4908582a4991885741235ea23b836c5eb55ca5111efe7b0d097929ab21ace8cd-1","properties":{"facility_id":"4908582a4991885741235ea23b836c5eb55ca5111efe7b0d097929ab21ace8cd","point_ordinal":1,"zone_group_id":"483101004744","source_manage_no":"483101004744","facility_name":"동부초등학교","sgg_code":"48310","facility_type_code":"1","api_first_registered_on":"1995-05-23","api_last_modified_on":null,"updated_at":"2026-07-25T01:27:52.347112+00:00"},"geometry":{"type":"Point","coordinates":[128.609763878,34.821005535]}},{"type":"Feature","id":"531bca3297979f13f36e48c387ca800ee798a46ed130cd929e3082202abf1981-1","properties":{"facility_id":"531bca3297979f13f36e48c387ca800ee798a46ed130cd929e3082202abf1981","point_ordinal":1,"zone_group_id":"483101004744","source_manage_no":"483101004745","facility_name":"동부초등학교 병설유치원","sgg_code":"48310","facility_type_code":"1","api_first_registered_on":"1995-05-23","api_last_modified_on":null,"updated_at":"2026-07-25T01:27:52.347112+00:00"},"geometry":{"type":"Point","coordinates":[128.609359315,34.821276768]}},{"type":"Feature","id":"01ec3be83f27d75489ccb3af969c02883a0e04d56e59f84a4207467b05f98b6d-1","properties":{"facility_id":"01ec3be83f27d75489ccb3af969c02883a0e04d56e59f84a4207467b05f98b6d","point_ordinal":1,"zone_group_id":"483101004746","source_manage_no":"483101004746","facility_name":"동부초등학교 율포분교","sgg_code":"48310","facility_type_code":"1","api_first_registered_on":"2010-07-31","api_last_modified_on":null,"updated_at":"2026-07-25T01:27:52.347112+00:00"},"geometry":{"type":"Point","coordinates":[128.594009835,34.779012713]}},{"type":"Feature","id":"d69f0ba988a1b130f36184b9dd5823e73882fdbe1480d5392c25f5e29959ab1f-1","properties":{"facility_id":"d69f0ba988a1b130f36184b9dd5823e73882fdbe1480d5392c25f5e29959ab1f","point_ordinal":1,"zone_group_id":"483102028231","source_manage_no":"483102028231","facility_name":"동호경로당","sgg_code":"48310","facility_type_code":"2","api_first_registered_on":"2021-06-04","api_last_modified_on":null,"updated_at":"2026-07-25T01:27:52.347112+00:00"},"geometry":{"type":"Point","coordinates":[128.587684836,34.810321512]}},{"type":"Feature","id":"245f16f699f1cbc16fd1a7b8514a5af9152376ac9e6f95d2089ec1bd0ddae5b3-1","properties":{"facility_id":"245f16f699f1cbc16fd1a7b8514a5af9152376ac9e6f95d2089ec1bd0ddae5b3","point_ordinal":1,"zone_group_id":"483101004792","source_manage_no":"483101004792","facility_name":"마전어린이집","sgg_code":"48310","facility_type_code":"1","api_first_registered_on":"1998-05-23","api_last_modified_on":null,"updated_at":"2026-07-25T01:27:52.347112+00:00"},"geometry":{"type":"Point","coordinates":[128.723370464,34.862477889]}},{"type":"Feature","id":"c41158423c6000e7c381142bf68f5e3ad3bf61172421af38f314e16283670c23-1","properties":{"facility_id":"c41158423c6000e7c381142bf68f5e3ad3bf61172421af38f314e16283670c23","point_ordinal":1,"zone_group_id":"483101004793","source_manage_no":"483101004793","facility_name":"마전초등학교","sgg_code":"48310","facility_type_code":"1","api_first_registered_on":"1996-05-23","api_last_modified_on":null,"updated_at":"2026-07-25T01:27:52.347112+00:00"},"geometry":{"type":"Point","coordinates":[128.720744879,34.859510657]}},{"type":"Feature","id":"44db99bdd812051443d22072a000ae8768bd23aa02d27b673a476b969404a94f-1","properties":{"facility_id":"44db99bdd812051443d22072a000ae8768bd23aa02d27b673a476b969404a94f","point_ordinal":1,"zone_group_id":"483102022013","source_manage_no":"483102022013","facility_name":"망양경로당","sgg_code":"48310","facility_type_code":"2","api_first_registered_on":"2020-04-02","api_last_modified_on":null,"updated_at":"2026-07-25T01:27:52.347112+00:00"},"geometry":{"type":"Point","coordinates":[128.675749607,34.815657539]}},{"type":"Feature","id":"8f73386d7e5c404c87966e1dbcc4d4c7d30d9f34d8874700b4f4a814992cb740-1","properties":{"facility_id":"8f73386d7e5c404c87966e1dbcc4d4c7d30d9f34d8874700b4f4a814992cb740","point_ordinal":1,"zone_group_id":"483102004785","source_manage_no":"483102004785","facility_name":"망치경로당","sgg_code":"48310","facility_type_code":"2","api_first_registered_on":"2015-10-23","api_last_modified_on":null,"updated_at":"2026-07-25T01:27:52.347112+00:00"},"geometry":{"type":"Point","coordinates":[128.666273683,34.812642785]}},{"type":"Feature","id":"41995039e8c50cd5f84eed96d665b3626e01849caf2e792589926d2b136adb71-1","properties":{"facility_id":"41995039e8c50cd5f84eed96d665b3626e01849caf2e792589926d2b136adb71","point_ordinal":1,"zone_group_id":"483101004738","source_manage_no":"483101004738","facility_name":"명사초등학교","sgg_code":"48310","facility_type_code":"1","api_first_registered_on":"1998-03-01","api_last_modified_on":null,"updated_at":"2026-07-25T01:27:52.347112+00:00"},"geometry":{"type":"Point","coordinates":[128.603412917,34.725558764]}},{"type":"Feature","id":"ab3e37a5dc46089a02f103bb91cfe1ccfa4f5654c3dac1c2bfefec1ea64aece7-1","properties":{"facility_id":"ab3e37a5dc46089a02f103bb91cfe1ccfa4f5654c3dac1c2bfefec1ea64aece7","point_ordinal":1,"zone_group_id":"483101004738","source_manage_no":"483101004739","facility_name":"명사초등학교병설유치원","sgg_code":"48310","facility_type_code":"1","api_first_registered_on":"1998-03-01","api_last_modified_on":null,"updated_at":"2026-07-25T01:27:52.347112+00:00"},"geometry":{"type":"Point","coordinates":[128.603801807,34.725346345]}},{"type":"Feature","id":"402e441d0a0ceaf2c92b02f3260c6e97d543b36ff5d95d26e1a3f6bf4161e5dc-1","properties":{"facility_id":"402e441d0a0ceaf2c92b02f3260c6e97d543b36ff5d95d26e1a3f6bf4161e5dc","point_ordinal":1,"zone_group_id":"483103022023","source_manage_no":"483103022023","facility_name":"반야원","sgg_code":"48310","facility_type_code":"3","api_first_registered_on":"2013-01-14","api_last_modified_on":null,"updated_at":"2026-07-25T01:27:52.347112+00:00"},"geometry":{"type":"Point","coordinates":[128.599742461,34.807633484]}},{"type":"Feature","id":"ad1c6329bb30e4b8d8f50c96898c8f6a4a0abc9a6db60f885bdc1da21aeeb697-1","properties":{"facility_id":"ad1c6329bb30e4b8d8f50c96898c8f6a4a0abc9a6db60f885bdc1da21aeeb697","point_ordinal":1,"zone_group_id":"483101004752","source_manage_no":"483101004752","facility_name":"사등초등학교","sgg_code":"48310","facility_type_code":"1","api_first_registered_on":"1998-03-01","api_last_modified_on":null,"updated_at":"2026-07-25T01:27:52.347112+00:00"},"geometry":{"type":"Point","coordinates":[128.515599297,34.912834607]}},{"type":"Feature","id":"cb7fe0d84a3922ce61698015270ec6a48cbfb8d4787b1c7361c57933e3e2f09c-1","properties":{"facility_id":"cb7fe0d84a3922ce61698015270ec6a48cbfb8d4787b1c7361c57933e3e2f09c","point_ordinal":1,"zone_group_id":"483101004752","source_manage_no":"483101004753","facility_name":"사등초등학교병설유치원","sgg_code":"48310","facility_type_code":"1","api_first_registered_on":"1998-03-01","api_last_modified_on":null,"updated_at":"2026-07-25T01:27:52.347112+00:00"},"geometry":{"type":"Point","coordinates":[128.516109611,34.913215794]}},{"type":"Feature","id":"b331629d2dbb7a2227ccb852efef53bfafe62f464ff27c81bd08fce48bb16eb5-1","properties":{"facility_id":"b331629d2dbb7a2227ccb852efef53bfafe62f464ff27c81bd08fce48bb16eb5","point_ordinal":1,"zone_group_id":"483102028236","source_manage_no":"483102028236","facility_name":"사환경로당","sgg_code":"48310","facility_type_code":"2","api_first_registered_on":"2023-06-20","api_last_modified_on":null,"updated_at":"2026-07-25T01:27:52.347112+00:00"},"geometry":{"type":"Point","coordinates":[128.655317262,34.963348678]}},{"type":"Feature","id":"4e890bcea414125a1cae5f3482e5f609c250275bfe4f351be779d3ebcc35bafe-1","properties":{"facility_id":"4e890bcea414125a1cae5f3482e5f609c250275bfe4f351be779d3ebcc35bafe","point_ordinal":1,"zone_group_id":"483102028237","source_manage_no":"483102028237","facility_name":"산양경로당","sgg_code":"48310","facility_type_code":"2","api_first_registered_on":"2021-06-04","api_last_modified_on":null,"updated_at":"2026-07-25T01:27:52.347112+00:00"},"geometry":{"type":"Point","coordinates":[128.605579309,34.825534542]}},{"type":"Feature","id":"972fe6af495b7d47819a380b84143620a5f2109b3d06f4b707378ed22d86a69a-1","properties":{"facility_id":"972fe6af495b7d47819a380b84143620a5f2109b3d06f4b707378ed22d86a69a","point_ordinal":1,"zone_group_id":"483102028238","source_manage_no":"483102028238","facility_name":"삼거경로당","sgg_code":"48310","facility_type_code":"2","api_first_registered_on":"2021-06-04","api_last_modified_on":null,"updated_at":"2026-07-25T01:27:52.347112+00:00"},"geometry":{"type":"Point","coordinates":[128.648211698,34.843023243]}},{"type":"Feature","id":"09aa95c29d2fd5b86cf7df2eb5abb0620a70b68d5b3fc3d8f48dd9664804f374-1","properties":{"facility_id":"09aa95c29d2fd5b86cf7df2eb5abb0620a70b68d5b3fc3d8f48dd9664804f374","point_ordinal":1,"zone_group_id":"483101004760","source_manage_no":"483101004760","facility_name":"삼룡초등학교","sgg_code":"48310","facility_type_code":"1","api_first_registered_on":"2008-03-19","api_last_modified_on":null,"updated_at":"2026-07-25T01:27:52.347112+00:00"},"geometry":{"type":"Point","coordinates":[128.643985903,34.86120383]}},{"type":"Feature","id":"9a0cd6ed3011940ab7ad33cc5a0a7e687a6ea9a0215af88c6cd0f2dfa282a427-1","properties":{"facility_id":"9a0cd6ed3011940ab7ad33cc5a0a7e687a6ea9a0215af88c6cd0f2dfa282a427","point_ordinal":1,"zone_group_id":"483102028672","source_manage_no":"483102028672","facility_name":"상덕경로당","sgg_code":"48310","facility_type_code":"2","api_first_registered_on":"2023-12-19","api_last_modified_on":"2025-03-21","updated_at":"2026-07-25T01:27:52.347112+00:00"},"geometry":{"type":"Point","coordinates":[128.702552241,34.910737639]}},{"type":"Feature","id":"3bf67b300ead374224998be21ff6dc1d0c7b8e0546bda99bf83667c814e481cc-1","properties":{"facility_id":"3bf67b300ead374224998be21ff6dc1d0c7b8e0546bda99bf83667c814e481cc","point_ordinal":1,"zone_group_id":"483101004761","source_manage_no":"483101004761","facility_name":"상동초등학교","sgg_code":"48310","facility_type_code":"1","api_first_registered_on":"2015-04-24","api_last_modified_on":null,"updated_at":"2026-07-25T01:27:52.347112+00:00"},"geometry":{"type":"Point","coordinates":[128.634321193,34.86136812]}},{"type":"Feature","id":"f633d3e64d8af5a1c2e3c99214f78b3ce81efdd766213ec1e4ae226d18dd44c3-1","properties":{"facility_id":"f633d3e64d8af5a1c2e3c99214f78b3ce81efdd766213ec1e4ae226d18dd44c3","point_ordinal":1,"zone_group_id":"483101004761","source_manage_no":"483101022005","facility_name":"상동초등학교 병설유치원","sgg_code":"48310","facility_type_code":"1","api_first_registered_on":"2015-04-24","api_last_modified_on":null,"updated_at":"2026-07-25T01:27:52.347112+00:00"},"geometry":{"type":"Point","coordinates":[128.634241797,34.861693981]}},{"type":"Feature","id":"aa34d76f41c8d48ccae29a5c914b39aadb4ec29efbdbbeffcec39446a8eeb261-1","properties":{"facility_id":"aa34d76f41c8d48ccae29a5c914b39aadb4ec29efbdbbeffcec39446a8eeb261","point_ordinal":1,"zone_group_id":"483101021960","source_manage_no":"483101021960","facility_name":"세종유치원","sgg_code":"48310","facility_type_code":"1","api_first_registered_on":"2020-01-23","api_last_modified_on":null,"updated_at":"2026-07-25T01:27:52.347112+00:00"},"geometry":{"type":"Point","coordinates":[128.651437692,34.855701326]}},{"type":"Feature","id":"431d73f332895fde16e3e9caac9260dd3a769bc1996a14212e00f19e8c391a0f-1","properties":{"facility_id":"431d73f332895fde16e3e9caac9260dd3a769bc1996a14212e00f19e8c391a0f","point_ordinal":1,"zone_group_id":"483101004772","source_manage_no":"483101004772","facility_name":"송정초등학교","sgg_code":"48310","facility_type_code":"1","api_first_registered_on":"2005-05-23","api_last_modified_on":null,"updated_at":"2026-07-25T01:27:52.347112+00:00"},"geometry":{"type":"Point","coordinates":[128.673484287,34.918147698]}},{"type":"Feature","id":"29d7d1b2d2eed23d3e5ba2776cc844d8b6ef548ab64ef42168bc4e8c286e3152-1","properties":{"facility_id":"29d7d1b2d2eed23d3e5ba2776cc844d8b6ef548ab64ef42168bc4e8c286e3152","point_ordinal":1,"zone_group_id":"483101004772","source_manage_no":"483101004773","facility_name":"송정초등학교병설유치원","sgg_code":"48310","facility_type_code":"1","api_first_registered_on":"2005-05-23","api_last_modified_on":null,"updated_at":"2026-07-25T01:27:52.347112+00:00"},"geometry":{"type":"Point","coordinates":[128.673872592,34.91787197]}},{"type":"Feature","id":"753371572d534d6ab432891d2c660446d428416d084ae576bc80aed9c895d76c-1","properties":{"facility_id":"753371572d534d6ab432891d2c660446d428416d084ae576bc80aed9c895d76c","point_ordinal":1,"zone_group_id":"483102028674","source_manage_no":"483102028674","facility_name":"송진경로당","sgg_code":"48310","facility_type_code":"2","api_first_registered_on":null,"api_last_modified_on":"2025-03-21","updated_at":"2026-07-25T01:27:52.347112+00:00"},"geometry":{"type":"Point","coordinates":[128.684605366,35.009546742]}},{"type":"Feature","id":"05f9f4282b071d4b1df9adddfb711be3c814421c9cdfd5a200f452881871d573-1","properties":{"facility_id":"05f9f4282b071d4b1df9adddfb711be3c814421c9cdfd5a200f452881871d573","point_ordinal":1,"zone_group_id":"483102028673","source_manage_no":"483102028673","facility_name":"수산경로당","sgg_code":"48310","facility_type_code":"2","api_first_registered_on":"2024-09-04","api_last_modified_on":"2025-03-21","updated_at":"2026-07-25T01:27:52.347112+00:00"},"geometry":{"type":"Point","coordinates":[128.652150329,34.778579846]}},{"type":"Feature","id":"03b14c57ceef22e9cacd38a128d55694fbef4691caced05754d336b85ae62251-1","properties":{"facility_id":"03b14c57ceef22e9cacd38a128d55694fbef4691caced05754d336b85ae62251","point_ordinal":1,"zone_group_id":"483101004770","source_manage_no":"483101004770","facility_name":"수양어린이집","sgg_code":"48310","facility_type_code":"1","api_first_registered_on":"2006-09-01","api_last_modified_on":null,"updated_at":"2026-07-25T01:27:52.347112+00:00"},"geometry":{"type":"Point","coordinates":[128.646926346,34.887821358]}},{"type":"Feature","id":"9971f23bae4aa01ef7bbd041053dc9b45bd56ba4e7eaac83d809aa500bd3acff-1","properties":{"facility_id":"9971f23bae4aa01ef7bbd041053dc9b45bd56ba4e7eaac83d809aa500bd3acff","point_ordinal":1,"zone_group_id":"483101004764","source_manage_no":"483101004762","facility_name":"수월초등학교","sgg_code":"48310","facility_type_code":"1","api_first_registered_on":"1995-05-23","api_last_modified_on":null,"updated_at":"2026-07-25T01:27:52.347112+00:00"},"geometry":{"type":"Point","coordinates":[128.64369605,34.890258811]}},{"type":"Feature","id":"9852a4380083026335749c9ce26b34569269d968300b61aec4330b1f93fc7ab5-1","properties":{"facility_id":"9852a4380083026335749c9ce26b34569269d968300b61aec4330b1f93fc7ab5","point_ordinal":1,"zone_group_id":"483101004764","source_manage_no":"483101004763","facility_name":"수월초등학교병설유치원","sgg_code":"48310","facility_type_code":"1","api_first_registered_on":"1995-05-23","api_last_modified_on":null,"updated_at":"2026-07-25T01:27:52.347112+00:00"},"geometry":{"type":"Point","coordinates":[128.644015946,34.890119293]}},{"type":"Feature","id":"9660a295b9959dbe577284a6821039e4c586fefc157c76a70c6edb09d8ccccd5-1","properties":{"facility_id":"9660a295b9959dbe577284a6821039e4c586fefc157c76a70c6edb09d8ccccd5","point_ordinal":1,"zone_group_id":"483101004747","source_manage_no":"483101004747","facility_name":"숭덕초등학교","sgg_code":"48310","facility_type_code":"1","api_first_registered_on":"1998-03-01","api_last_modified_on":null,"updated_at":"2026-07-25T01:27:52.347112+00:00"},"geometry":{"type":"Point","coordinates":[128.496478276,34.836494387]}},{"type":"Feature","id":"21358442893b9cfa6098defd427ba65c2003ec9590578f7b9cf1c7e155568c71-1","properties":{"facility_id":"21358442893b9cfa6098defd427ba65c2003ec9590578f7b9cf1c7e155568c71","point_ordinal":1,"zone_group_id":"483101004747","source_manage_no":"483101004748","facility_name":"숭덕초등학교병설유치원","sgg_code":"48310","facility_type_code":"1","api_first_registered_on":"1998-03-01","api_last_modified_on":null,"updated_at":"2026-07-25T01:27:52.347112+00:00"},"geometry":{"type":"Point","coordinates":[128.495541815,34.836695179]}},{"type":"Feature","id":"b7f0b7061a0502fb9691051764288333af5fd452b9f2d18ec9029d71b6885f7b-1","properties":{"facility_id":"b7f0b7061a0502fb9691051764288333af5fd452b9f2d18ec9029d71b6885f7b","point_ordinal":1,"zone_group_id":"483101004735","source_manage_no":"483101004735","facility_name":"신현초등학교","sgg_code":"48310","facility_type_code":"1","api_first_registered_on":"2004-09-21","api_last_modified_on":null,"updated_at":"2026-07-25T01:27:52.347112+00:00"},"geometry":{"type":"Point","coordinates":[128.617147916,34.888131884]}},{"type":"Feature","id":"b937958eab68f70e37c3b19289362d47f19d2908e718a537eff8056f246fcb57-1","properties":{"facility_id":"b937958eab68f70e37c3b19289362d47f19d2908e718a537eff8056f246fcb57","point_ordinal":1,"zone_group_id":"483101004735","source_manage_no":"483101004736","facility_name":"신현초등학교병설유치원","sgg_code":"48310","facility_type_code":"1","api_first_registered_on":"2004-09-21","api_last_modified_on":null,"updated_at":"2026-07-25T01:27:52.347112+00:00"},"geometry":{"type":"Point","coordinates":[128.617215639,34.887959741]}},{"type":"Feature","id":"c93c81a9fef3dec7a720a16a7b905930b3bd45f8fa238b916760300d8072850f-1","properties":{"facility_id":"c93c81a9fef3dec7a720a16a7b905930b3bd45f8fa238b916760300d8072850f","point_ordinal":1,"zone_group_id":"483101021971","source_manage_no":"483101021971","facility_name":"아이샘터유치원","sgg_code":"48310","facility_type_code":"1","api_first_registered_on":"2020-01-23","api_last_modified_on":null,"updated_at":"2026-07-25T01:27:52.347112+00:00"},"geometry":{"type":"Point","coordinates":[128.645196382,34.871982532]}},{"type":"Feature","id":"7975018366c84a1c1ad17ed2af446815ffd094ad06fd35fcec34f8bce7af3445-1","properties":{"facility_id":"7975018366c84a1c1ad17ed2af446815ffd094ad06fd35fcec34f8bce7af3445","point_ordinal":1,"zone_group_id":"483101004768","source_manage_no":"483101004768","facility_name":"아주초등학교","sgg_code":"48310","facility_type_code":"1","api_first_registered_on":"2006-05-10","api_last_modified_on":null,"updated_at":"2026-07-25T01:27:52.347112+00:00"},"geometry":{"type":"Point","coordinates":[128.692477481,34.864337416]}},{"type":"Feature","id":"67e6d7fa8770ff8315c3ac6302aec1d1b92c500f1e0d4fd24ab77c5092783f44-1","properties":{"facility_id":"67e6d7fa8770ff8315c3ac6302aec1d1b92c500f1e0d4fd24ab77c5092783f44","point_ordinal":1,"zone_group_id":"483101004768","source_manage_no":"483101004769","facility_name":"아주초등학교병설유치원","sgg_code":"48310","facility_type_code":"1","api_first_registered_on":"2006-05-10","api_last_modified_on":null,"updated_at":"2026-07-25T01:27:52.347112+00:00"},"geometry":{"type":"Point","coordinates":[128.692311172,34.864625883]}},{"type":"Feature","id":"4e5c00cf14bdf2f3ef82374f8e55ce941e48f10a406d16176517707880ee0873-1","properties":{"facility_id":"4e5c00cf14bdf2f3ef82374f8e55ce941e48f10a406d16176517707880ee0873","point_ordinal":1,"zone_group_id":"483101004768","source_manage_no":"483101021980","facility_name":"아주하나어린이집","sgg_code":"48310","facility_type_code":"1","api_first_registered_on":"2020-12-12","api_last_modified_on":null,"updated_at":"2026-07-25T01:27:52.347112+00:00"},"geometry":{"type":"Point","coordinates":[128.690922146,34.864716079]}},{"type":"Feature","id":"ded2224c13a8e86790bb51444ea9057e55995b7b961b7ccc9f69064f2f0fa40a-1","properties":{"facility_id":"ded2224c13a8e86790bb51444ea9057e55995b7b961b7ccc9f69064f2f0fa40a","point_ordinal":1,"zone_group_id":"483101022014","source_manage_no":"483101022014","facility_name":"양정초등학교","sgg_code":"48310","facility_type_code":"1","api_first_registered_on":"2018-11-21","api_last_modified_on":null,"updated_at":"2026-07-25T01:27:52.347112+00:00"},"geometry":{"type":"Point","coordinates":[128.651235487,34.871404654]}},{"type":"Feature","id":"08de65ebd301dce62d18d715fbd4146e15b30b58deb87593971ec5cda1685609-1","properties":{"facility_id":"08de65ebd301dce62d18d715fbd4146e15b30b58deb87593971ec5cda1685609","point_ordinal":1,"zone_group_id":"483101004797","source_manage_no":"483101004797","facility_name":"양지초등학교","sgg_code":"48310","facility_type_code":"1","api_first_registered_on":"2004-09-21","api_last_modified_on":null,"updated_at":"2026-07-25T01:27:52.347112+00:00"},"geometry":{"type":"Point","coordinates":[128.603215773,34.890795785]}},{"type":"Feature","id":"2cbb5e0f2063fb87c805a10455622a25dabc3d13db38a0f49def6d7dd156b451-1","properties":{"facility_id":"2cbb5e0f2063fb87c805a10455622a25dabc3d13db38a0f49def6d7dd156b451","point_ordinal":1,"zone_group_id":"483102028239","source_manage_no":"483102028239","facility_name":"양화경로당","sgg_code":"48310","facility_type_code":"2","api_first_registered_on":"2021-06-04","api_last_modified_on":null,"updated_at":"2026-07-25T01:27:52.347112+00:00"},"geometry":{"type":"Point","coordinates":[128.663469731,34.795547942]}},{"type":"Feature","id":"f624a5ea4dd8b949a3ea888d87f0aec8fc5e998178644ed9ccd7c4062b5e6ac5-1","properties":{"facility_id":"f624a5ea4dd8b949a3ea888d87f0aec8fc5e998178644ed9ccd7c4062b5e6ac5","point_ordinal":1,"zone_group_id":"483101004774","source_manage_no":"483101004774","facility_name":"연초초등학교","sgg_code":"48310","facility_type_code":"1","api_first_registered_on":"1995-05-23","api_last_modified_on":null,"updated_at":"2026-07-25T01:27:52.347112+00:00"},"geometry":{"type":"Point","coordinates":[128.652064346,34.912075738]}},{"type":"Feature","id":"ed2b3c968c19e09476fde10b4d70879a02e0182a78a602bd8d3b86228ef1462f-1","properties":{"facility_id":"ed2b3c968c19e09476fde10b4d70879a02e0182a78a602bd8d3b86228ef1462f","point_ordinal":1,"zone_group_id":"483101004774","source_manage_no":"483101004775","facility_name":"연초초등학교병설유치원","sgg_code":"48310","facility_type_code":"1","api_first_registered_on":"1995-05-23","api_last_modified_on":null,"updated_at":"2026-07-25T01:27:52.347112+00:00"},"geometry":{"type":"Point","coordinates":[128.652626031,34.911986986]}},{"type":"Feature","id":"84ef6fcfc61b621adfca6785ba586f67981a6813cfd5f0e66a982d437e590ab1-1","properties":{"facility_id":"84ef6fcfc61b621adfca6785ba586f67981a6813cfd5f0e66a982d437e590ab1","point_ordinal":1,"zone_group_id":"483101004755","source_manage_no":"483101004755","facility_name":"오량초등학교","sgg_code":"48310","facility_type_code":"1","api_first_registered_on":"1998-03-01","api_last_modified_on":null,"updated_at":"2026-07-25T01:27:52.347112+00:00"},"geometry":{"type":"Point","coordinates":[128.482230891,34.886557287]}},{"type":"Feature","id":"74759f0d33e991bbf5bf7cd535bfad731c3508c85c94d25ebcfcfc6a6b225f92-1","properties":{"facility_id":"74759f0d33e991bbf5bf7cd535bfad731c3508c85c94d25ebcfcfc6a6b225f92","point_ordinal":1,"zone_group_id":"483101004755","source_manage_no":"483101004756","facility_name":"오량초등학교병설유치원","sgg_code":"48310","facility_type_code":"1","api_first_registered_on":"1998-03-01","api_last_modified_on":null,"updated_at":"2026-07-25T01:27:52.347112+00:00"},"geometry":{"type":"Point","coordinates":[128.482630407,34.886268506]}},{"type":"Feature","id":"4cf91b32e10fcec2594b417ee6ade16005450e4d356e35bfe73165bd5865fa02-1","properties":{"facility_id":"4cf91b32e10fcec2594b417ee6ade16005450e4d356e35bfe73165bd5865fa02","point_ordinal":1,"zone_group_id":"483101004776","source_manage_no":"483101004776","facility_name":"오비초등학교","sgg_code":"48310","facility_type_code":"1","api_first_registered_on":"2006-05-10","api_last_modified_on":null,"updated_at":"2026-07-25T01:27:52.347112+00:00"},"geometry":{"type":"Point","coordinates":[128.621997923,34.922319266]}},{"type":"Feature","id":"3518a9f38dc38adeed4ca6982e056d078f93a096e5a032fa2273cd2abb702ae2-1","properties":{"facility_id":"3518a9f38dc38adeed4ca6982e056d078f93a096e5a032fa2273cd2abb702ae2","point_ordinal":1,"zone_group_id":"483101004776","source_manage_no":"483101004777","facility_name":"오비초등학교병설유치원","sgg_code":"48310","facility_type_code":"1","api_first_registered_on":"2006-05-10","api_last_modified_on":null,"updated_at":"2026-07-25T01:27:52.347112+00:00"},"geometry":{"type":"Point","coordinates":[128.622202699,34.922438203]}},{"type":"Feature","id":"0c6f7a5cddd21b40f315bb260c8c05571128bb04e52090c6981bfa5547117e69-1","properties":{"facility_id":"0c6f7a5cddd21b40f315bb260c8c05571128bb04e52090c6981bfa5547117e69","point_ordinal":1,"zone_group_id":"483101004742","source_manage_no":"483101004742","facility_name":"옥수어린이집","sgg_code":"48310","facility_type_code":"1","api_first_registered_on":"1998-03-01","api_last_modified_on":null,"updated_at":"2026-07-25T01:27:52.347112+00:00"},"geometry":{"type":"Point","coordinates":[128.729521269,34.876626499]}},{"type":"Feature","id":"34af3556ec8393dad579cbb4438c5e3f8e95fb7a5932fcc6081922b315afb80e-1","properties":{"facility_id":"34af3556ec8393dad579cbb4438c5e3f8e95fb7a5932fcc6081922b315afb80e","point_ordinal":1,"zone_group_id":"483101028677","source_manage_no":"483101028677","facility_name":"옥포초등학교","sgg_code":"48310","facility_type_code":"1","api_first_registered_on":"1995-05-20","api_last_modified_on":"2025-03-21","updated_at":"2026-07-25T01:27:52.347112+00:00"},"geometry":{"type":"Point","coordinates":[128.690251917,34.892181166]}},{"type":"Feature","id":"56df665e53976e23a75520730f740208b24d2836f2af21899f5fd69d40d471cd-1","properties":{"facility_id":"56df665e53976e23a75520730f740208b24d2836f2af21899f5fd69d40d471cd","point_ordinal":1,"zone_group_id":"483101004782","source_manage_no":"483101004783","facility_name":"옥포초등학교병설유치원","sgg_code":"48310","facility_type_code":"1","api_first_registered_on":"1995-05-20","api_last_modified_on":null,"updated_at":"2026-07-25T01:27:52.347112+00:00"},"geometry":{"type":"Point","coordinates":[128.690175041,34.891751745]}},{"type":"Feature","id":"b3846e72448907f5c809141b5d1bab288fd5841a564989d4ff1b4609b487ce54-1","properties":{"facility_id":"b3846e72448907f5c809141b5d1bab288fd5841a564989d4ff1b4609b487ce54","point_ordinal":1,"zone_group_id":"483101004726","source_manage_no":"483101004726","facility_name":"외간초등학교","sgg_code":"48310","facility_type_code":"1","api_first_registered_on":"1998-03-01","api_last_modified_on":null,"updated_at":"2026-07-25T01:27:52.347112+00:00"},"geometry":{"type":"Point","coordinates":[128.575884292,34.86003044]}},{"type":"Feature","id":"aee1f15df0b7b20298853820b76ca0c1917adb6f4124334f1daa85b9ae52a491-1","properties":{"facility_id":"aee1f15df0b7b20298853820b76ca0c1917adb6f4124334f1daa85b9ae52a491","point_ordinal":1,"zone_group_id":"483101004726","source_manage_no":"483101004727","facility_name":"외간초등학교병설유치원","sgg_code":"48310","facility_type_code":"1","api_first_registered_on":"1998-03-01","api_last_modified_on":null,"updated_at":"2026-07-25T01:27:52.347112+00:00"},"geometry":{"type":"Point","coordinates":[128.575759404,34.859788712]}},{"type":"Feature","id":"08799230be38e9cbf26245d7492804b11442ce4911b1365ea282bbba07eb73ed-1","properties":{"facility_id":"08799230be38e9cbf26245d7492804b11442ce4911b1365ea282bbba07eb73ed","point_ordinal":1,"zone_group_id":"483101004788","source_manage_no":"483101004788","facility_name":"외포초등학교","sgg_code":"48310","facility_type_code":"1","api_first_registered_on":"1998-03-01","api_last_modified_on":null,"updated_at":"2026-07-25T01:27:52.347112+00:00"},"geometry":{"type":"Point","coordinates":[128.717723776,34.942808825]}},{"type":"Feature","id":"135293dad9c16adc668a2e0a63786fc8abc05760334eb0ca5b562403eecfe06c-1","properties":{"facility_id":"135293dad9c16adc668a2e0a63786fc8abc05760334eb0ca5b562403eecfe06c","point_ordinal":1,"zone_group_id":"483101004788","source_manage_no":"483101004789","facility_name":"외포초등학교병설유치원","sgg_code":"48310","facility_type_code":"1","api_first_registered_on":"1998-03-01","api_last_modified_on":null,"updated_at":"2026-07-25T01:27:52.347112+00:00"},"geometry":{"type":"Point","coordinates":[128.716995772,34.942801094]}},{"type":"Feature","id":"494de6fc96450a9353bc4b810b35b7b15bea0fbd3b1ac4a2ca3f98b4d62dfc67-1","properties":{"facility_id":"494de6fc96450a9353bc4b810b35b7b15bea0fbd3b1ac4a2ca3f98b4d62dfc67","point_ordinal":1,"zone_group_id":"483101025357","source_manage_no":"483101025357","facility_name":"용소초등학교","sgg_code":"48310","facility_type_code":"1","api_first_registered_on":null,"api_last_modified_on":null,"updated_at":"2026-07-25T01:27:52.347112+00:00"},"geometry":{"type":"Point","coordinates":[128.687075168,34.873794019]}},{"type":"Feature","id":"94505e962b9253091ec713877408ca3b91d02a13f0274bb2c45be68c84021995-1","properties":{"facility_id":"94505e962b9253091ec713877408ca3b91d02a13f0274bb2c45be68c84021995","point_ordinal":1,"zone_group_id":"483101025358","source_manage_no":"483101025358","facility_name":"용소초등학교 병설유치원","sgg_code":"48310","facility_type_code":"1","api_first_registered_on":"2021-06-04","api_last_modified_on":null,"updated_at":"2026-07-25T01:27:52.347112+00:00"},"geometry":{"type":"Point","coordinates":[128.687203749,34.873931931]}},{"type":"Feature","id":"6ab6c4dfd3110a3b3e91955eb0d8a3e2d9d72e0b9871bcfc11f70164ff8d26b4-1","properties":{"facility_id":"6ab6c4dfd3110a3b3e91955eb0d8a3e2d9d72e0b9871bcfc11f70164ff8d26b4","point_ordinal":1,"zone_group_id":"483101021975","source_manage_no":"483101021975","facility_name":"윤슬유치원","sgg_code":"48310","facility_type_code":"1","api_first_registered_on":"2020-01-23","api_last_modified_on":null,"updated_at":"2026-07-25T01:27:52.347112+00:00"},"geometry":{"type":"Point","coordinates":[128.651091003,34.862607225]}},{"type":"Feature","id":"6c64769c98925f63a8e4bf51ed3de0ceffb5cd8b197c6f99e5bc11d69447882e-1","properties":{"facility_id":"6c64769c98925f63a8e4bf51ed3de0ceffb5cd8b197c6f99e5bc11d69447882e","point_ordinal":1,"zone_group_id":"483101004786","source_manage_no":"483101004786","facility_name":"일운초등학교","sgg_code":"48310","facility_type_code":"1","api_first_registered_on":"2002-05-16","api_last_modified_on":null,"updated_at":"2026-07-25T01:27:52.347112+00:00"},"geometry":{"type":"Point","coordinates":[128.70573307,34.828381745]}},{"type":"Feature","id":"d94349e1e7d2149b0528ec294ae8e0f49e3f6a11a6fdf55b49c4ba498866f463-1","properties":{"facility_id":"d94349e1e7d2149b0528ec294ae8e0f49e3f6a11a6fdf55b49c4ba498866f463","point_ordinal":1,"zone_group_id":"483101004786","source_manage_no":"483101004787","facility_name":"일운초등학교병설유치원","sgg_code":"48310","facility_type_code":"1","api_first_registered_on":"2002-05-16","api_last_modified_on":null,"updated_at":"2026-07-25T01:27:52.347112+00:00"},"geometry":{"type":"Point","coordinates":[128.706064363,34.828016591]}},{"type":"Feature","id":"fb7018331c1d7f732a57be67fee9c701d4c6f3df0f1adbf943a4e5d3f251de7b-1","properties":{"facility_id":"fb7018331c1d7f732a57be67fee9c701d4c6f3df0f1adbf943a4e5d3f251de7b","point_ordinal":1,"zone_group_id":"483101004790","source_manage_no":"483101004790","facility_name":"장목초등학교","sgg_code":"48310","facility_type_code":"1","api_first_registered_on":"1998-03-01","api_last_modified_on":null,"updated_at":"2026-07-25T01:27:52.347112+00:00"},"geometry":{"type":"Point","coordinates":[128.681959612,34.992144904]}},{"type":"Feature","id":"e0e2db503260916fb09e1e2f4c5eafb553139bc78d33c8dfc770a4795319a648-1","properties":{"facility_id":"e0e2db503260916fb09e1e2f4c5eafb553139bc78d33c8dfc770a4795319a648","point_ordinal":1,"zone_group_id":"483101004790","source_manage_no":"483101004791","facility_name":"장목초등학교병설유치원","sgg_code":"48310","facility_type_code":"1","api_first_registered_on":"1998-03-01","api_last_modified_on":null,"updated_at":"2026-07-25T01:27:52.347112+00:00"},"geometry":{"type":"Point","coordinates":[128.682099673,34.991764437]}},{"type":"Feature","id":"110944abe4b1a2c3f443895c81f2163e6a03099528c500cf11d1329fbfad59b5-1","properties":{"facility_id":"110944abe4b1a2c3f443895c81f2163e6a03099528c500cf11d1329fbfad59b5","point_ordinal":1,"zone_group_id":"483101004795","source_manage_no":"483101004795","facility_name":"장승포초등학교","sgg_code":"48310","facility_type_code":"1","api_first_registered_on":"1995-03-01","api_last_modified_on":null,"updated_at":"2026-07-25T01:27:52.347112+00:00"},"geometry":{"type":"Point","coordinates":[128.729784258,34.869669101]}},{"type":"Feature","id":"0eace69a034bcd3fac3813a4e3f7cdbc819492b601fbb55d80c81ae5d8dcd28d-1","properties":{"facility_id":"0eace69a034bcd3fac3813a4e3f7cdbc819492b601fbb55d80c81ae5d8dcd28d","point_ordinal":1,"zone_group_id":"483101004795","source_manage_no":"483101004796","facility_name":"장승포초등학교병설유치원","sgg_code":"48310","facility_type_code":"1","api_first_registered_on":"1995-03-01","api_last_modified_on":null,"updated_at":"2026-07-25T01:27:52.347112+00:00"},"geometry":{"type":"Point","coordinates":[128.729126728,34.869340484]}},{"type":"Feature","id":"9d1516ff2f0d7c6e3448cde61120769ad44bdc77bca748dc5e58aad81cb9b398-1","properties":{"facility_id":"9d1516ff2f0d7c6e3448cde61120769ad44bdc77bca748dc5e58aad81cb9b398","point_ordinal":1,"zone_group_id":"483101004798","source_manage_no":"483101004798","facility_name":"장평어린이집","sgg_code":"48310","facility_type_code":"1","api_first_registered_on":"2018-06-01","api_last_modified_on":null,"updated_at":"2026-07-25T01:27:52.347112+00:00"},"geometry":{"type":"Point","coordinates":[128.60776014,34.885299157]}},{"type":"Feature","id":"cafcc24a95dacd374e09f603dcea5269ed1692b82a17ba9681f4b388e12bc0b2-1","properties":{"facility_id":"cafcc24a95dacd374e09f603dcea5269ed1692b82a17ba9681f4b388e12bc0b2","point_ordinal":1,"zone_group_id":"483101004799","source_manage_no":"483101004799","facility_name":"장평초등학교","sgg_code":"48310","facility_type_code":"1","api_first_registered_on":"1998-03-01","api_last_modified_on":null,"updated_at":"2026-07-25T01:27:52.347112+00:00"},"geometry":{"type":"Point","coordinates":[128.60770356,34.893498216]}},{"type":"Feature","id":"d44cde78371265861b7fc941983c09d1557b1aeb9341af0b7aedd757f0a18238-1","properties":{"facility_id":"d44cde78371265861b7fc941983c09d1557b1aeb9341af0b7aedd757f0a18238","point_ordinal":1,"zone_group_id":"483101004799","source_manage_no":"483101004800","facility_name":"장평초등학교병설유치원","sgg_code":"48310","facility_type_code":"1","api_first_registered_on":"1998-03-01","api_last_modified_on":null,"updated_at":"2026-07-25T01:27:52.347112+00:00"},"geometry":{"type":"Point","coordinates":[128.607735427,34.893168829]}},{"type":"Feature","id":"f1bd9d1da27267bb22a69574a5c16fa35b9dfdd1eb9934a37f31456b58c766ba-1","properties":{"facility_id":"f1bd9d1da27267bb22a69574a5c16fa35b9dfdd1eb9934a37f31456b58c766ba","point_ordinal":1,"zone_group_id":"483101021976","source_manage_no":"483101021976","facility_name":"장흥사유치원","sgg_code":"48310","facility_type_code":"1","api_first_registered_on":"2020-01-23","api_last_modified_on":null,"updated_at":"2026-07-25T01:27:52.347112+00:00"},"geometry":{"type":"Point","coordinates":[128.684824583,34.864835369]}},{"type":"Feature","id":"3fc9fe478eb9921781bc1a12c0e9c2920e8da6832d01e09068ac086a8f4772bb-1","properties":{"facility_id":"3fc9fe478eb9921781bc1a12c0e9c2920e8da6832d01e09068ac086a8f4772bb","point_ordinal":1,"zone_group_id":"483101004764","source_manage_no":"483101004764","facility_name":"제산초등학교","sgg_code":"48310","facility_type_code":"1","api_first_registered_on":"2010-07-31","api_last_modified_on":null,"updated_at":"2026-07-25T01:27:52.347112+00:00"},"geometry":{"type":"Point","coordinates":[128.641774613,34.887659605]}},{"type":"Feature","id":"192f9f925bdd2ff54e73da7e5dcbda1542269e77dbe28572a47713c3e6422812-1","properties":{"facility_id":"192f9f925bdd2ff54e73da7e5dcbda1542269e77dbe28572a47713c3e6422812","point_ordinal":1,"zone_group_id":"483101004764","source_manage_no":"483101004765","facility_name":"제산초등학교병설유치원","sgg_code":"48310","facility_type_code":"1","api_first_registered_on":"2010-07-31","api_last_modified_on":null,"updated_at":"2026-07-25T01:27:52.347112+00:00"},"geometry":{"type":"Point","coordinates":[128.642028893,34.887246091]}},{"type":"Feature","id":"975d9e56c6d962062a6cec4501dff45884724b1d3a80cdfd6fe54a853c7582e2-1","properties":{"facility_id":"975d9e56c6d962062a6cec4501dff45884724b1d3a80cdfd6fe54a853c7582e2","point_ordinal":1,"zone_group_id":"483101004737","source_manage_no":"483101004737","facility_name":"중곡초등학교","sgg_code":"48310","facility_type_code":"1","api_first_registered_on":"1998-03-01","api_last_modified_on":null,"updated_at":"2026-07-25T01:27:52.347112+00:00"},"geometry":{"type":"Point","coordinates":[128.630151766,34.895092885]}},{"type":"Feature","id":"106286db9b8fac5e2dffb0b3276f28e1081dc7c3099ac3e4b0f913ef98c6fa0e-1","properties":{"facility_id":"106286db9b8fac5e2dffb0b3276f28e1081dc7c3099ac3e4b0f913ef98c6fa0e","point_ordinal":1,"zone_group_id":"483101004784","source_manage_no":"483101004784","facility_name":"진목초등학교","sgg_code":"48310","facility_type_code":"1","api_first_registered_on":"2002-05-16","api_last_modified_on":null,"updated_at":"2026-07-25T01:27:52.347112+00:00"},"geometry":{"type":"Point","coordinates":[128.68405747,34.900891538]}},{"type":"Feature","id":"960c14dac34621d14643bab6b981f21206cbdafca0be653c30c3c52b9c819acb-1","properties":{"facility_id":"960c14dac34621d14643bab6b981f21206cbdafca0be653c30c3c52b9c819acb","point_ordinal":1,"zone_group_id":"483101004757","source_manage_no":"483101004757","facility_name":"창호초등학교","sgg_code":"48310","facility_type_code":"1","api_first_registered_on":"2010-07-31","api_last_modified_on":null,"updated_at":"2026-07-25T01:27:52.347112+00:00"},"geometry":{"type":"Point","coordinates":[128.520494044,34.955506224]}},{"type":"Feature","id":"6283a014c146a2b8825032534844f7748f2f39c8d12c3ab708f9a48ead13bbe9-1","properties":{"facility_id":"6283a014c146a2b8825032534844f7748f2f39c8d12c3ab708f9a48ead13bbe9","point_ordinal":1,"zone_group_id":"483101004757","source_manage_no":"483101004758","facility_name":"창호초등학교병설유치원","sgg_code":"48310","facility_type_code":"1","api_first_registered_on":"2010-07-31","api_last_modified_on":null,"updated_at":"2026-07-25T01:27:52.347112+00:00"},"geometry":{"type":"Point","coordinates":[128.52112371,34.955813786]}},{"type":"Feature","id":"4361690c43629e45148bf9d48fe977cc2799d008fb48282eb7360a9ecd1eccb0-1","properties":{"facility_id":"4361690c43629e45148bf9d48fe977cc2799d008fb48282eb7360a9ecd1eccb0","point_ordinal":1,"zone_group_id":"483101004803","source_manage_no":"483101004803","facility_name":"칠천초등학교","sgg_code":"48310","facility_type_code":"1","api_first_registered_on":"2003-05-12","api_last_modified_on":null,"updated_at":"2026-07-25T01:27:52.347112+00:00"},"geometry":{"type":"Point","coordinates":[128.625055383,34.983684075]}},{"type":"Feature","id":"52688b88cdca3d2a146157074779a132464b83d2806321b9b477024dbe8951c3-1","properties":{"facility_id":"52688b88cdca3d2a146157074779a132464b83d2806321b9b477024dbe8951c3","point_ordinal":1,"zone_group_id":"483101004803","source_manage_no":"483101004804","facility_name":"칠천초등학교병설유치원","sgg_code":"48310","facility_type_code":"1","api_first_registered_on":"2003-05-12","api_last_modified_on":null,"updated_at":"2026-07-25T01:27:52.347112+00:00"},"geometry":{"type":"Point","coordinates":[128.624996819,34.984045363]}},{"type":"Feature","id":"87070ffa4a1d10506da754f9bab3b22689f9bda66d176167a79ca602a049e9c4-1","properties":{"facility_id":"87070ffa4a1d10506da754f9bab3b22689f9bda66d176167a79ca602a049e9c4","point_ordinal":1,"zone_group_id":"483101004770","source_manage_no":"483101021982","facility_name":"통큰아이유치원","sgg_code":"48310","facility_type_code":"1","api_first_registered_on":"2019-12-12","api_last_modified_on":null,"updated_at":"2026-07-25T01:27:52.347112+00:00"},"geometry":{"type":"Point","coordinates":[128.644640962,34.886772144]}},{"type":"Feature","id":"612b47875767b92279585856326bfcd7954c7cfef27e07ee274e1a4cb130b884-1","properties":{"facility_id":"612b47875767b92279585856326bfcd7954c7cfef27e07ee274e1a4cb130b884","point_ordinal":1,"zone_group_id":"483101004805","source_manage_no":"483101004805","facility_name":"하청초등학교","sgg_code":"48310","facility_type_code":"1","api_first_registered_on":"1998-03-01","api_last_modified_on":null,"updated_at":"2026-07-25T01:27:52.347112+00:00"},"geometry":{"type":"Point","coordinates":[128.655250751,34.955834453]}},{"type":"Feature","id":"0741e000286f00e68b9be8b53f5ceca5cd7f1e573e7937bac112c257bb6c98f2-1","properties":{"facility_id":"0741e000286f00e68b9be8b53f5ceca5cd7f1e573e7937bac112c257bb6c98f2","point_ordinal":1,"zone_group_id":"483101004805","source_manage_no":"483101004806","facility_name":"하청초등학교병설유치원","sgg_code":"48310","facility_type_code":"1","api_first_registered_on":"1998-03-01","api_last_modified_on":null,"updated_at":"2026-07-25T01:27:52.347112+00:00"},"geometry":{"type":"Point","coordinates":[128.655342651,34.956049502]}},{"type":"Feature","id":"ff6b46f886200cdd99d9d8f3fd8feb5513fd203926fdf1d0d046d2bea1cacde0-1","properties":{"facility_id":"ff6b46f886200cdd99d9d8f3fd8feb5513fd203926fdf1d0d046d2bea1cacde0","point_ordinal":1,"zone_group_id":"483102004749","source_manage_no":"483102004749","facility_name":"학산경로당","sgg_code":"48310","facility_type_code":"2","api_first_registered_on":null,"api_last_modified_on":null,"updated_at":"2026-07-25T01:27:52.347112+00:00"},"geometry":{"type":"Point","coordinates":[128.479708266,34.859563542]}},{"type":"Feature","id":"bbf429f0f1bdd946e148d38650a25531ed5ad46d9688bf9e3ef893cce23de536-1","properties":{"facility_id":"bbf429f0f1bdd946e148d38650a25531ed5ad46d9688bf9e3ef893cce23de536","point_ordinal":1,"zone_group_id":"483101004802","source_manage_no":"483101004802","facility_name":"한마음유치원","sgg_code":"48310","facility_type_code":"1","api_first_registered_on":"2006-09-01","api_last_modified_on":null,"updated_at":"2026-07-25T01:27:52.347112+00:00"},"geometry":{"type":"Point","coordinates":[128.600933912,34.89037464]}},{"type":"Feature","id":"12057688249ae58b84dce2a3b26a3acf2380800a78743a714b7abb4d4fab7c1a-1","properties":{"facility_id":"12057688249ae58b84dce2a3b26a3acf2380800a78743a714b7abb4d4fab7c1a","point_ordinal":1,"zone_group_id":"483101004737","source_manage_no":"483101022003","facility_name":"한아름단설유치원","sgg_code":"48310","facility_type_code":"1","api_first_registered_on":"1998-03-01","api_last_modified_on":"2025-03-21","updated_at":"2026-07-25T01:27:52.347112+00:00"},"geometry":{"type":"Point","coordinates":[128.629928558,34.895405076]}},{"type":"Feature","id":"99df304d0fea7d718b867146df620dd2ac7cf06ef7178a496a6a3ced751f32cf-1","properties":{"facility_id":"99df304d0fea7d718b867146df620dd2ac7cf06ef7178a496a6a3ced751f32cf","point_ordinal":1,"zone_group_id":"483101021975","source_manage_no":"483101021973","facility_name":"해달별유치원","sgg_code":"48310","facility_type_code":"1","api_first_registered_on":"2020-01-23","api_last_modified_on":null,"updated_at":"2026-07-25T01:27:52.347112+00:00"},"geometry":{"type":"Point","coordinates":[128.649939037,34.862663827]}},{"type":"Feature","id":"ecfeb8eb8b14c015b82a7bc680ed4c6bd17c01681fd3729acf1ec1ecea34bfea-1","properties":{"facility_id":"ecfeb8eb8b14c015b82a7bc680ed4c6bd17c01681fd3729acf1ec1ecea34bfea","point_ordinal":1,"zone_group_id":"483102028676","source_manage_no":"483102028676","facility_name":"황포경로당","sgg_code":"48310","facility_type_code":"2","api_first_registered_on":"2024-09-04","api_last_modified_on":"2025-03-21","updated_at":"2026-07-25T01:27:52.347112+00:00"},"geometry":{"type":"Point","coordinates":[128.67645824,35.028925996]}},{"type":"Feature","id":"0f1eed25b91eb4382f343bc294aeb6dd6611a92deb778842462fc447c84f6d07-1","properties":{"facility_id":"0f1eed25b91eb4382f343bc294aeb6dd6611a92deb778842462fc447c84f6d07","point_ordinal":1,"zone_group_id":"483301005329","source_manage_no":"483301005329","facility_name":"가남초등학교","sgg_code":"48330","facility_type_code":"1","api_first_registered_on":"2017-04-05","api_last_modified_on":null,"updated_at":"2026-07-25T01:27:52.347112+00:00"},"geometry":{"type":"Point","coordinates":[128.997989271,35.312281325]}},{"type":"Feature","id":"3edecf6bb322e934cc33ab84546a8c314d6737ca612177e0d114bae540f33b3f-1","properties":{"facility_id":"3edecf6bb322e934cc33ab84546a8c314d6737ca612177e0d114bae540f33b3f","point_ordinal":1,"zone_group_id":"483301005329","source_manage_no":"483301005330","facility_name":"가남초등학교병설유치원","sgg_code":"48330","facility_type_code":"1","api_first_registered_on":"2017-04-05","api_last_modified_on":"2025-02-19","updated_at":"2026-07-25T01:27:52.347112+00:00"},"geometry":{"type":"Point","coordinates":[128.997993703,35.312461482]}},{"type":"Feature","id":"3abfd076c168b465d6ad88c2ee097be81a63533761baaf82ee1c2e25a1096d42-1","properties":{"facility_id":"3abfd076c168b465d6ad88c2ee097be81a63533761baaf82ee1c2e25a1096d42","point_ordinal":1,"zone_group_id":"483301005331","source_manage_no":"483301005331","facility_name":"가양초등학교","sgg_code":"48330","facility_type_code":"1","api_first_registered_on":"2018-03-01","api_last_modified_on":null,"updated_at":"2026-07-25T01:27:52.347112+00:00"},"geometry":{"type":"Point","coordinates":[128.99126001,35.310615192]}},{"type":"Feature","id":"12f740923e2013de55536d1ff078d4427b292b2e7de1d4ec4d48dba2097878e8-1","properties":{"facility_id":"12f740923e2013de55536d1ff078d4427b292b2e7de1d4ec4d48dba2097878e8","point_ordinal":1,"zone_group_id":"483301005331","source_manage_no":"483301005332","facility_name":"가양초등학교병설유치원","sgg_code":"48330","facility_type_code":"1","api_first_registered_on":"2018-03-01","api_last_modified_on":null,"updated_at":"2026-07-25T01:27:52.347112+00:00"},"geometry":{"type":"Point","coordinates":[128.991255152,35.310417018]}},{"type":"Feature","id":"16f035225ddd8fbf79acc99ac59289ca0089d1c88d4afc0d684882f163a87c73-1","properties":{"facility_id":"16f035225ddd8fbf79acc99ac59289ca0089d1c88d4afc0d684882f163a87c73","point_ordinal":1,"zone_group_id":"483301020236","source_manage_no":"483301020236","facility_name":"가촌초등학교","sgg_code":"48330","facility_type_code":"1","api_first_registered_on":"2020-02-28","api_last_modified_on":null,"updated_at":"2026-07-25T01:27:52.347112+00:00"},"geometry":{"type":"Point","coordinates":[128.995796236,35.317037856]}},{"type":"Feature","id":"42e53b30538510d8428a3759261cbbb5c17c9dfc46dade32fe9f31549432e07f-1","properties":{"facility_id":"42e53b30538510d8428a3759261cbbb5c17c9dfc46dade32fe9f31549432e07f","point_ordinal":1,"zone_group_id":"483301020236","source_manage_no":"483301021362","facility_name":"가촌초등학교 병설유치원","sgg_code":"48330","facility_type_code":"1","api_first_registered_on":"2020-02-28","api_last_modified_on":null,"updated_at":"2026-07-25T01:27:52.347112+00:00"},"geometry":{"type":"Point","coordinates":[128.995799808,35.316822284]}},{"type":"Feature","id":"cf1e3a23d9dfb125f632af9d6f445c0e9c89ad58afe73c350047c5b49bfc93f8-1","properties":{"facility_id":"cf1e3a23d9dfb125f632af9d6f445c0e9c89ad58afe73c350047c5b49bfc93f8","point_ordinal":1,"zone_group_id":"483301005324","source_manage_no":"483301005324","facility_name":"국제사바나유치원","sgg_code":"48330","facility_type_code":"1","api_first_registered_on":"2017-04-05","api_last_modified_on":null,"updated_at":"2026-07-25T01:27:52.347112+00:00"},"geometry":{"type":"Point","coordinates":[129.022461204,35.312679898]}},{"type":"Feature","id":"7bd335211cbbac0abe2d5ade0a75e25034f9c93315c705d8851b626b9b8ec419-1","properties":{"facility_id":"7bd335211cbbac0abe2d5ade0a75e25034f9c93315c705d8851b626b9b8ec419","point_ordinal":1,"zone_group_id":"483301021133","source_manage_no":"483301021133","facility_name":"그린나래어린이집","sgg_code":"48330","facility_type_code":"1","api_first_registered_on":"2020-01-01","api_last_modified_on":null,"updated_at":"2026-07-25T01:27:52.347112+00:00"},"geometry":{"type":"Point","coordinates":[129.061804318,35.425625741]}},{"type":"Feature","id":"302c7d378c965b376b9616ae6a597fba03ed1ff25b62dd141dfaff57790f876c-1","properties":{"facility_id":"302c7d378c965b376b9616ae6a597fba03ed1ff25b62dd141dfaff57790f876c","point_ordinal":1,"zone_group_id":"483301030049","source_manage_no":"483301030049","facility_name":"금송초등학교","sgg_code":"48330","facility_type_code":"1","api_first_registered_on":null,"api_last_modified_on":"2026-04-22","updated_at":"2026-07-25T01:27:52.347112+00:00"},"geometry":{"type":"Point","coordinates":[129.070697307,35.307767587]}},{"type":"Feature","id":"7eb5f183cceb19dee9a6085314e8653677fb7cc4c4e9c09d3cf452e2dca5862a-1","properties":{"facility_id":"7eb5f183cceb19dee9a6085314e8653677fb7cc4c4e9c09d3cf452e2dca5862a","point_ordinal":1,"zone_group_id":"483301005342","source_manage_no":"483301020241","facility_name":"금오초중학교","sgg_code":"48330","facility_type_code":"1","api_first_registered_on":"2020-02-28","api_last_modified_on":null,"updated_at":"2026-07-25T01:27:52.347112+00:00"},"geometry":{"type":"Point","coordinates":[129.028041978,35.321925348]}},{"type":"Feature","id":"2226c3555f944408139c6bc0fb1f333e9e24b43a7dfb30d94591bd1bc02aecb0-1","properties":{"facility_id":"2226c3555f944408139c6bc0fb1f333e9e24b43a7dfb30d94591bd1bc02aecb0","point_ordinal":1,"zone_group_id":"483302030162","source_manage_no":"483302030162","facility_name":"내석노인정","sgg_code":"48330","facility_type_code":"2","api_first_registered_on":"2026-07-16","api_last_modified_on":"2026-07-16","updated_at":"2026-07-25T01:27:52.347112+00:00"},"geometry":{"type":"Point","coordinates":[129.020971385,35.449203306]}},{"type":"Feature","id":"3d0318dbc643b05a44f9e7035f63897c3cca29c7b61898468c519021ea4728ef-1","properties":{"facility_id":"3d0318dbc643b05a44f9e7035f63897c3cca29c7b61898468c519021ea4728ef","point_ordinal":1,"zone_group_id":"483302028495","source_manage_no":"483302028495","facility_name":"내송마을회관","sgg_code":"48330","facility_type_code":"2","api_first_registered_on":null,"api_last_modified_on":"2025-02-19","updated_at":"2026-07-25T01:27:52.347112+00:00"},"geometry":{"type":"Point","coordinates":[129.063604022,35.323073175]}},{"type":"Feature","id":"b780163fcfb8d11f71e1492063b174b84ece14ae391ec015daae11c352c75f7d-1","properties":{"facility_id":"b780163fcfb8d11f71e1492063b174b84ece14ae391ec015daae11c352c75f7d","point_ordinal":1,"zone_group_id":"483301005376","source_manage_no":"483301005376","facility_name":"내원사유치원","sgg_code":"48330","facility_type_code":"1","api_first_registered_on":"2001-03-01","api_last_modified_on":null,"updated_at":"2026-07-25T01:27:52.347112+00:00"},"geometry":{"type":"Point","coordinates":[129.055799321,35.39638196]}},{"type":"Feature","id":"329043bc3216843b3bf65755cdae8de62a890cebfc9d5f7083e630806faf584a-1","properties":{"facility_id":"329043bc3216843b3bf65755cdae8de62a890cebfc9d5f7083e630806faf584a","point_ordinal":1,"zone_group_id":"483302029549","source_manage_no":"483302029549","facility_name":"내포마을회관","sgg_code":"48330","facility_type_code":"2","api_first_registered_on":null,"api_last_modified_on":"2025-09-16","updated_at":"2026-07-25T01:27:52.347112+00:00"},"geometry":{"type":"Point","coordinates":[128.933128835,35.406305471]}},{"type":"Feature","id":"c5fd8074a6a8b08029f9301d4e0e217809103ed6bc91ef6b450f551bce990f47-1","properties":{"facility_id":"c5fd8074a6a8b08029f9301d4e0e217809103ed6bc91ef6b450f551bce990f47","point_ordinal":1,"zone_group_id":"483301005337","source_manage_no":"483301005333","facility_name":"누리유치원","sgg_code":"48330","facility_type_code":"1","api_first_registered_on":"2008-03-01","api_last_modified_on":null,"updated_at":"2026-07-25T01:27:52.347112+00:00"},"geometry":{"type":"Point","coordinates":[129.003109571,35.335065144]}},{"type":"Feature","id":"76905333e6492d94382d96fbcefafaa3e6c3f29c6ba39129f4f1b0737c298d61-1","properties":{"facility_id":"76905333e6492d94382d96fbcefafaa3e6c3f29c6ba39129f4f1b0737c298d61","point_ordinal":1,"zone_group_id":"483302005391","source_manage_no":"483302005391","facility_name":"당곡마을 경로당","sgg_code":"48330","facility_type_code":"2","api_first_registered_on":"2014-10-22","api_last_modified_on":null,"updated_at":"2026-07-25T01:27:52.347112+00:00"},"geometry":{"type":"Point","coordinates":[128.907975186,35.372743648]}},{"type":"Feature","id":"5b71786f0df6f21f9f2ad05cbd8301256907b8641a6123378f756eb58b3964ac-1","properties":{"facility_id":"5b71786f0df6f21f9f2ad05cbd8301256907b8641a6123378f756eb58b3964ac","point_ordinal":1,"zone_group_id":"483302028497","source_manage_no":"483302028497","facility_name":"당촌마을회관","sgg_code":"48330","facility_type_code":"2","api_first_registered_on":null,"api_last_modified_on":"2025-02-19","updated_at":"2026-07-25T01:27:52.347112+00:00"},"geometry":{"type":"Point","coordinates":[129.17954312,35.430672162]}},{"type":"Feature","id":"f8891592031a862c1d7dff07b78187d590d28a74b2c633687a42ef9f8112278b-1","properties":{"facility_id":"f8891592031a862c1d7dff07b78187d590d28a74b2c633687a42ef9f8112278b","point_ordinal":1,"zone_group_id":"483302029550","source_manage_no":"483302029550","facility_name":"대리마을경로당","sgg_code":"48330","facility_type_code":"2","api_first_registered_on":null,"api_last_modified_on":"2025-09-16","updated_at":"2026-07-25T01:27:52.347112+00:00"},"geometry":{"type":"Point","coordinates":[128.97716494,35.472599966]}},{"type":"Feature","id":"d86d596a2f805abc31f070af20a7b5e31123a6f578984f49655cdb1c13b8f918-1","properties":{"facility_id":"d86d596a2f805abc31f070af20a7b5e31123a6f578984f49655cdb1c13b8f918","point_ordinal":1,"zone_group_id":"483301005371","source_manage_no":"483301005371","facility_name":"대운초등학교","sgg_code":"48330","facility_type_code":"1","api_first_registered_on":"2005-09-01","api_last_modified_on":null,"updated_at":"2026-07-25T01:27:52.347112+00:00"},"geometry":{"type":"Point","coordinates":[129.173545491,35.408946901]}},{"type":"Feature","id":"71bd96713d9e637230f349ae227b62a5ebeb583662068c27dcc3d3fa2356fd9d-1","properties":{"facility_id":"71bd96713d9e637230f349ae227b62a5ebeb583662068c27dcc3d3fa2356fd9d","point_ordinal":1,"zone_group_id":"483302028498","source_manage_no":"483302028498","facility_name":"대원마을경로당","sgg_code":"48330","facility_type_code":"2","api_first_registered_on":null,"api_last_modified_on":"2025-02-19","updated_at":"2026-07-25T01:27:52.347112+00:00"},"geometry":{"type":"Point","coordinates":[129.081561263,35.49544251]}},{"type":"Feature","id":"125bc6223bd9e8a87b5f12863a4565313b37f6efa20d6b4a804f9bbeb2684baf-1","properties":{"facility_id":"125bc6223bd9e8a87b5f12863a4565313b37f6efa20d6b4a804f9bbeb2684baf","point_ordinal":1,"zone_group_id":"483301021726","source_manage_no":"483301021726","facility_name":"덕계초등학교","sgg_code":"48330","facility_type_code":"1","api_first_registered_on":null,"api_last_modified_on":null,"updated_at":"2026-07-25T01:27:52.347112+00:00"},"geometry":{"type":"Point","coordinates":[129.153368585,35.375678043]}},{"type":"Feature","id":"763d204224d3fb77b2176fa8ae3263c138361b9381ab4e412fc181694ad11308-1","properties":{"facility_id":"763d204224d3fb77b2176fa8ae3263c138361b9381ab4e412fc181694ad11308","point_ordinal":1,"zone_group_id":"483301021726","source_manage_no":"483301021589","facility_name":"덕계초등학교병설유치원","sgg_code":"48330","facility_type_code":"1","api_first_registered_on":null,"api_last_modified_on":null,"updated_at":"2026-07-25T01:27:52.347112+00:00"},"geometry":{"type":"Point","coordinates":[129.153371286,35.375762048]}},{"type":"Feature","id":"aa41bb992b54973977dcfb8e3b18e7f445503725eb87a9bc7c9f5b21c6825625-1","properties":{"facility_id":"aa41bb992b54973977dcfb8e3b18e7f445503725eb87a9bc7c9f5b21c6825625","point_ordinal":1,"zone_group_id":"483301025819","source_manage_no":"483301025819","facility_name":"동면유치원","sgg_code":"48330","facility_type_code":"1","api_first_registered_on":"2022-02-23","api_last_modified_on":null,"updated_at":"2026-07-25T01:27:52.347112+00:00"},"geometry":{"type":"Point","coordinates":[129.067261635,35.32005706]}},{"type":"Feature","id":"01039de78f80ce7ba7542c9018bc8b8b388a8a7d68eb13fffe2245e322adf66b-1","properties":{"facility_id":"01039de78f80ce7ba7542c9018bc8b8b388a8a7d68eb13fffe2245e322adf66b","point_ordinal":1,"zone_group_id":"483301025819","source_manage_no":"483301025820","facility_name":"동면초등학교","sgg_code":"48330","facility_type_code":"1","api_first_registered_on":"2022-08-26","api_last_modified_on":null,"updated_at":"2026-07-25T01:27:52.347112+00:00"},"geometry":{"type":"Point","coordinates":[129.068482138,35.320491254]}},{"type":"Feature","id":"ca6e0ed62cbeaea96ebc753f14d9c659a03f01146ce1534b0b07726a2a296cbe-1","properties":{"facility_id":"ca6e0ed62cbeaea96ebc753f14d9c659a03f01146ce1534b0b07726a2a296cbe","point_ordinal":1,"zone_group_id":"483301005325","source_manage_no":"483301005325","facility_name":"동산초등학교","sgg_code":"48330","facility_type_code":"1","api_first_registered_on":"2005-03-01","api_last_modified_on":null,"updated_at":"2026-07-25T01:27:52.347112+00:00"},"geometry":{"type":"Point","coordinates":[129.025907953,35.304045822]}},{"type":"Feature","id":"c77dd55e00aadc60a7939d08ac9244c8afbc9b1fa4d1137f9e4269f99318fe48-1","properties":{"facility_id":"c77dd55e00aadc60a7939d08ac9244c8afbc9b1fa4d1137f9e4269f99318fe48","point_ordinal":1,"zone_group_id":"483301005325","source_manage_no":"483301021516","facility_name":"동산초등학교 병설유치원","sgg_code":"48330","facility_type_code":"1","api_first_registered_on":"2005-03-01","api_last_modified_on":null,"updated_at":"2026-07-25T01:27:52.347112+00:00"},"geometry":{"type":"Point","coordinates":[129.025897005,35.303908258]}},{"type":"Feature","id":"c78a09cb6b643a351beb69c70774c10e61186838b628120b9cb5f51302e8b3a2-1","properties":{"facility_id":"c78a09cb6b643a351beb69c70774c10e61186838b628120b9cb5f51302e8b3a2","point_ordinal":1,"zone_group_id":"483301005317","source_manage_no":"483301020377","facility_name":"동원유치원","sgg_code":"48330","facility_type_code":"1","api_first_registered_on":"2008-03-01","api_last_modified_on":null,"updated_at":"2026-07-25T01:27:52.347112+00:00"},"geometry":{"type":"Point","coordinates":[129.027820462,35.331984328]}},{"type":"Feature","id":"7897b0e6892487f33baebace2c5a3bed20d24825c9e4553f9f3b9bafcfad197b-1","properties":{"facility_id":"7897b0e6892487f33baebace2c5a3bed20d24825c9e4553f9f3b9bafcfad197b","point_ordinal":1,"zone_group_id":"483301005334","source_manage_no":"483301005334","facility_name":"둥지유치원","sgg_code":"48330","facility_type_code":"1","api_first_registered_on":"2008-03-01","api_last_modified_on":"2025-09-26","updated_at":"2026-07-25T01:27:52.347112+00:00"},"geometry":{"type":"Point","coordinates":[129.133272596,35.368287164]}},{"type":"Feature","id":"25664ff169a48914d225840590bb27a97eff923acfd58e5c6201d7acb4797929-1","properties":{"facility_id":"25664ff169a48914d225840590bb27a97eff923acfd58e5c6201d7acb4797929","point_ordinal":1,"zone_group_id":"483301021249","source_manage_no":"483301021249","facility_name":"리틀카이스트 유치원","sgg_code":"48330","facility_type_code":"1","api_first_registered_on":"2011-11-10","api_last_modified_on":"2025-02-27","updated_at":"2026-07-25T01:27:52.347112+00:00"},"geometry":{"type":"Point","coordinates":[129.169092231,35.411084937]}},{"type":"Feature","id":"a2254e72fa226fa51d2ad240c060f15e3abb8f967d943e64b5c1f1eb1bad32ff-1","properties":{"facility_id":"a2254e72fa226fa51d2ad240c060f15e3abb8f967d943e64b5c1f1eb1bad32ff","point_ordinal":1,"zone_group_id":"483301021249","source_manage_no":"483301021248","facility_name":"리틀카이스트어린이집","sgg_code":"48330","facility_type_code":"1","api_first_registered_on":"2011-11-10","api_last_modified_on":null,"updated_at":"2026-07-25T01:27:52.347112+00:00"},"geometry":{"type":"Point","coordinates":[129.1689908,35.410996649]}},{"type":"Feature","id":"e6f725c754a09f8b7ee89d46d21da9603f8fe010c0f9247e134bad893df3f6ab-1","properties":{"facility_id":"e6f725c754a09f8b7ee89d46d21da9603f8fe010c0f9247e134bad893df3f6ab","point_ordinal":1,"zone_group_id":"483302023010","source_manage_no":"483302023010","facility_name":"매곡마을회관","sgg_code":"48330","facility_type_code":"2","api_first_registered_on":null,"api_last_modified_on":"2025-02-27","updated_at":"2026-07-25T01:27:52.347112+00:00"},"geometry":{"type":"Point","coordinates":[129.174234151,35.366883105]}},{"type":"Feature","id":"80de511e18e66ea1f862a31520c873de35e9c12d9424faebd4a1b0627a5c4264-1","properties":{"facility_id":"80de511e18e66ea1f862a31520c873de35e9c12d9424faebd4a1b0627a5c4264","point_ordinal":1,"zone_group_id":"483301021240","source_manage_no":"483301021240","facility_name":"명동유치원","sgg_code":"48330","facility_type_code":"1","api_first_registered_on":"2011-11-10","api_last_modified_on":"2025-02-19","updated_at":"2026-07-25T01:27:52.347112+00:00"},"geometry":{"type":"Point","coordinates":[129.169421067,35.405388528]}},{"type":"Feature","id":"38f515d81b22b51c08b35a86063ea5ff47ac4d6089758b1c880a8410b745643a-1","properties":{"facility_id":"38f515d81b22b51c08b35a86063ea5ff47ac4d6089758b1c880a8410b745643a","point_ordinal":1,"zone_group_id":"483301005372","source_manage_no":"483301021250","facility_name":"목원사랑어린이집","sgg_code":"48330","facility_type_code":"1","api_first_registered_on":null,"api_last_modified_on":null,"updated_at":"2026-07-25T01:27:52.347112+00:00"},"geometry":{"type":"Point","coordinates":[129.172465379,35.410143452]}},{"type":"Feature","id":"23b0733b56452ef94e20dd1b3ef48ad6dd1b050b0e47dd781acb8476ad18f740-1","properties":{"facility_id":"23b0733b56452ef94e20dd1b3ef48ad6dd1b050b0e47dd781acb8476ad18f740","point_ordinal":1,"zone_group_id":"483301005372","source_manage_no":"483301005372","facility_name":"목원유치원","sgg_code":"48330","facility_type_code":"1","api_first_registered_on":"2008-03-01","api_last_modified_on":null,"updated_at":"2026-07-25T01:27:52.347112+00:00"},"geometry":{"type":"Point","coordinates":[129.17227408,35.410289027]}},{"type":"Feature","id":"100f30d22d2a4dec5bd5cc7d0951cc3c1ff8c491b6e4050163f8d646c1c592a2-1","properties":{"facility_id":"100f30d22d2a4dec5bd5cc7d0951cc3c1ff8c491b6e4050163f8d646c1c592a2","point_ordinal":1,"zone_group_id":"483303020266","source_manage_no":"483303020266","facility_name":"무궁애학원","sgg_code":"48330","facility_type_code":"3","api_first_registered_on":"2011-11-10","api_last_modified_on":null,"updated_at":"2026-07-25T01:27:52.347112+00:00"},"geometry":{"type":"Point","coordinates":[128.99559223,35.328787531]}},{"type":"Feature","id":"9e4c45e1878c57dc9b51904c2de642afbdf0aa48bcdb10bc9d14808896fcba47-1","properties":{"facility_id":"9e4c45e1878c57dc9b51904c2de642afbdf0aa48bcdb10bc9d14808896fcba47","point_ordinal":1,"zone_group_id":"483301005323","source_manage_no":"483301005323","facility_name":"무지개유치원","sgg_code":"48330","facility_type_code":"1","api_first_registered_on":"2008-03-01","api_last_modified_on":null,"updated_at":"2026-07-25T01:27:52.347112+00:00"},"geometry":{"type":"Point","coordinates":[129.156990464,35.383945953]}},{"type":"Feature","id":"2b8ed2d13c6518e0f5b2726bcc4d0dfea61ead1ae39142bea80f5a8561fb9b91-1","properties":{"facility_id":"2b8ed2d13c6518e0f5b2726bcc4d0dfea61ead1ae39142bea80f5a8561fb9b91","point_ordinal":1,"zone_group_id":"483301021130","source_manage_no":"483301021130","facility_name":"물금엔젤어린이집","sgg_code":"48330","facility_type_code":"1","api_first_registered_on":"2019-05-23","api_last_modified_on":null,"updated_at":"2026-07-25T01:27:52.347112+00:00"},"geometry":{"type":"Point","coordinates":[129.000315692,35.332136296]}},{"type":"Feature","id":"9f47ab6a3fc39b6d9e4bd7e37774db906ccc5a8fba50a5d0db1c011d2e9a8cee-1","properties":{"facility_id":"9f47ab6a3fc39b6d9e4bd7e37774db906ccc5a8fba50a5d0db1c011d2e9a8cee","point_ordinal":1,"zone_group_id":"483301005335","source_manage_no":"483301005335","facility_name":"물금초등학교","sgg_code":"48330","facility_type_code":"1","api_first_registered_on":"2000-03-28","api_last_modified_on":null,"updated_at":"2026-07-25T01:27:52.347112+00:00"},"geometry":{"type":"Point","coordinates":[128.990976504,35.316897869]}},{"type":"Feature","id":"3158e33edc65ae5a096f7fb0efebdd54edd4123dd90cf63bad748fce3f27d3f2-1","properties":{"facility_id":"3158e33edc65ae5a096f7fb0efebdd54edd4123dd90cf63bad748fce3f27d3f2","point_ordinal":1,"zone_group_id":"483301005386","source_manage_no":"483301005386","facility_name":"백동초등학교","sgg_code":"48330","facility_type_code":"1","api_first_registered_on":"2001-12-04","api_last_modified_on":null,"updated_at":"2026-07-25T01:27:52.347112+00:00"},"geometry":{"type":"Point","coordinates":[129.15377645,35.406104495]}},{"type":"Feature","id":"0c531e18691e9b75126594fd3ba268c2f38f05d6acdcf91a5cb344b306975565-1","properties":{"facility_id":"0c531e18691e9b75126594fd3ba268c2f38f05d6acdcf91a5cb344b306975565","point_ordinal":1,"zone_group_id":"483301005386","source_manage_no":"483301021755","facility_name":"백동초등학교 병설유치원","sgg_code":"48330","facility_type_code":"1","api_first_registered_on":"2001-12-04","api_last_modified_on":null,"updated_at":"2026-07-25T01:27:52.347112+00:00"},"geometry":{"type":"Point","coordinates":[129.153619154,35.406126494]}},{"type":"Feature","id":"de60b162c1ea086a777891129e6b236b1b8a5e25abe19354dcb38ada364bbbbc-1","properties":{"facility_id":"de60b162c1ea086a777891129e6b236b1b8a5e25abe19354dcb38ada364bbbbc","point_ordinal":1,"zone_group_id":"483302005392","source_manage_no":"483302005392","facility_name":"범서마을 경로당","sgg_code":"48330","facility_type_code":"2","api_first_registered_on":"2014-05-21","api_last_modified_on":null,"updated_at":"2026-07-25T01:27:52.347112+00:00"},"geometry":{"type":"Point","coordinates":[128.960750557,35.343049712]}},{"type":"Feature","id":"06d3f80c0903747da96ee0d78bd5a312851a6658777815d0c26d389313854d17-1","properties":{"facility_id":"06d3f80c0903747da96ee0d78bd5a312851a6658777815d0c26d389313854d17","point_ordinal":1,"zone_group_id":"483301005337","source_manage_no":"483301005337","facility_name":"범어초등학교","sgg_code":"48330","facility_type_code":"1","api_first_registered_on":"1995-07-01","api_last_modified_on":null,"updated_at":"2026-07-25T01:27:52.347112+00:00"},"geometry":{"type":"Point","coordinates":[129.00565408,35.331447106]}},{"type":"Feature","id":"98e91f0315ac3110040f522b8d6e2f587915e59c162c02ff9087877b156009fd-1","properties":{"facility_id":"98e91f0315ac3110040f522b8d6e2f587915e59c162c02ff9087877b156009fd","point_ordinal":1,"zone_group_id":"483301005337","source_manage_no":"483301005338","facility_name":"범어초등학교병설유치원","sgg_code":"48330","facility_type_code":"1","api_first_registered_on":"1995-07-01","api_last_modified_on":null,"updated_at":"2026-07-25T01:27:52.347112+00:00"},"geometry":{"type":"Point","coordinates":[129.005651631,35.33134802]}},{"type":"Feature","id":"e83b060b70c92c909ad6cf9bd458e6e987019d6db13469fa1fe08cb4a0bf4a59-1","properties":{"facility_id":"e83b060b70c92c909ad6cf9bd458e6e987019d6db13469fa1fe08cb4a0bf4a59","point_ordinal":1,"zone_group_id":"483301005316","source_manage_no":"483301005316","facility_name":"벧엘어린이집","sgg_code":"48330","facility_type_code":"1","api_first_registered_on":"2008-03-01","api_last_modified_on":null,"updated_at":"2026-07-25T01:27:52.347112+00:00"},"geometry":{"type":"Point","coordinates":[129.024410678,35.34386833]}},{"type":"Feature","id":"46485b61e32b15b78f9600bf965dfca2d78eec5a6de3e2a7635d84765d266eea-1","properties":{"facility_id":"46485b61e32b15b78f9600bf965dfca2d78eec5a6de3e2a7635d84765d266eea","point_ordinal":1,"zone_group_id":"483301005363","source_manage_no":"483301005363","facility_name":"북정초등학교","sgg_code":"48330","facility_type_code":"1","api_first_registered_on":"2006-03-01","api_last_modified_on":null,"updated_at":"2026-07-25T01:27:52.347112+00:00"},"geometry":{"type":"Point","coordinates":[129.041728127,35.360323817]}},{"type":"Feature","id":"98e29aff159e4454e5a5daf4f1f6556120689c64224a9f9d2a3dfd42676427b2-1","properties":{"facility_id":"98e29aff159e4454e5a5daf4f1f6556120689c64224a9f9d2a3dfd42676427b2","point_ordinal":1,"zone_group_id":"483301005363","source_manage_no":"483301005364","facility_name":"북정초등학교병설유치원","sgg_code":"48330","facility_type_code":"1","api_first_registered_on":"2006-03-01","api_last_modified_on":null,"updated_at":"2026-07-25T01:27:52.347112+00:00"},"geometry":{"type":"Point","coordinates":[129.04173504,35.360161495]}},{"type":"Feature","id":"e977eb6858f295f3eea0dc910953f55c21a17285e4f3f74d3d6122c30f5d517c-1","properties":{"facility_id":"e977eb6858f295f3eea0dc910953f55c21a17285e4f3f74d3d6122c30f5d517c","point_ordinal":1,"zone_group_id":"483301005405","source_manage_no":"483301021244","facility_name":"삐아제어린이집","sgg_code":"48330","facility_type_code":"1","api_first_registered_on":"2011-11-10","api_last_modified_on":null,"updated_at":"2026-07-25T01:27:52.347112+00:00"},"geometry":{"type":"Point","coordinates":[129.145713782,35.385780405]}},{"type":"Feature","id":"01e1ff02dde941f65a86a5b91e1ebc1984756e996a722fb7df87d58ff52d6dc5-1","properties":{"facility_id":"01e1ff02dde941f65a86a5b91e1ebc1984756e996a722fb7df87d58ff52d6dc5","point_ordinal":1,"zone_group_id":"483301030049","source_manage_no":"483301030050","facility_name":"사송유치원","sgg_code":"48330","facility_type_code":"1","api_first_registered_on":null,"api_last_modified_on":"2026-04-22","updated_at":"2026-07-25T01:27:52.347112+00:00"},"geometry":{"type":"Point","coordinates":[129.069967129,35.30825933]}},{"type":"Feature","id":"201e2991fed835cb18169d1683dfbc54de5b98ecdf7f4ac89f47a4dccf46a79e-1","properties":{"facility_id":"201e2991fed835cb18169d1683dfbc54de5b98ecdf7f4ac89f47a4dccf46a79e","point_ordinal":1,"zone_group_id":"483301027610","source_manage_no":"483301027610","facility_name":"사송초등학교","sgg_code":"48330","facility_type_code":"1","api_first_registered_on":null,"api_last_modified_on":null,"updated_at":"2026-07-25T01:27:52.347112+00:00"},"geometry":{"type":"Point","coordinates":[129.073625568,35.312978807]}},{"type":"Feature","id":"dc6bd59f21dbb452f4848d277f4327bac6d7206e53b1915221f37339c4074f3d-1","properties":{"facility_id":"dc6bd59f21dbb452f4848d277f4327bac6d7206e53b1915221f37339c4074f3d","point_ordinal":1,"zone_group_id":"483302029259","source_manage_no":"483302029259","facility_name":"삼감마을회관","sgg_code":"48330","facility_type_code":"2","api_first_registered_on":null,"api_last_modified_on":"2025-05-23","updated_at":"2026-07-25T01:27:52.347112+00:00"},"geometry":{"type":"Point","coordinates":[129.069266404,35.448955363]}},{"type":"Feature","id":"80689b8d3f3476c8607ec989fed8046531bd9253fedcb612e41249001fca756c-1","properties":{"facility_id":"80689b8d3f3476c8607ec989fed8046531bd9253fedcb612e41249001fca756c","point_ordinal":1,"zone_group_id":"483301005366","source_manage_no":"483301005366","facility_name":"삼성초등학교","sgg_code":"48330","facility_type_code":"1","api_first_registered_on":"1997-09-10","api_last_modified_on":null,"updated_at":"2026-07-25T01:27:52.347112+00:00"},"geometry":{"type":"Point","coordinates":[129.047379399,35.364760336]}},{"type":"Feature","id":"a7184384e2ba17879cf4e584cbefc55b8cf561be7fff0775a4b4420eb18cfdc2-1","properties":{"facility_id":"a7184384e2ba17879cf4e584cbefc55b8cf561be7fff0775a4b4420eb18cfdc2","point_ordinal":1,"zone_group_id":"483301005366","source_manage_no":"483301005367","facility_name":"삼성초등학교병설유치원","sgg_code":"48330","facility_type_code":"1","api_first_registered_on":"1997-09-10","api_last_modified_on":null,"updated_at":"2026-07-25T01:27:52.347112+00:00"},"geometry":{"type":"Point","coordinates":[129.0473524,35.364562544]}},{"type":"Feature","id":"708132a32385b571410996860bc0659bdad713126af2f83d9a6b274721277554-1","properties":{"facility_id":"708132a32385b571410996860bc0659bdad713126af2f83d9a6b274721277554","point_ordinal":1,"zone_group_id":"483301005317","source_manage_no":"483301005317","facility_name":"삽량초등학교","sgg_code":"48330","facility_type_code":"1","api_first_registered_on":"2005-02-01","api_last_modified_on":null,"updated_at":"2026-07-25T01:27:52.347112+00:00"},"geometry":{"type":"Point","coordinates":[129.029554407,35.331932232]}},{"type":"Feature","id":"a9791ac0f7a07b5026c8313663cabe329991d22278ac8e8a5096c5bbf79a2f27-1","properties":{"facility_id":"a9791ac0f7a07b5026c8313663cabe329991d22278ac8e8a5096c5bbf79a2f27","point_ordinal":1,"zone_group_id":"483301005317","source_manage_no":"483301021360","facility_name":"삽량초등학교 병설유치원","sgg_code":"48330","facility_type_code":"1","api_first_registered_on":"2005-02-01","api_last_modified_on":null,"updated_at":"2026-07-25T01:27:52.347112+00:00"},"geometry":{"type":"Point","coordinates":[129.029557081,35.33181847]}},{"type":"Feature","id":"c7a14ee135ba1241207db06bae5ffb8f1337c1a0aab0602a8093859b8beba83e-1","properties":{"facility_id":"c7a14ee135ba1241207db06bae5ffb8f1337c1a0aab0602a8093859b8beba83e","point_ordinal":1,"zone_group_id":"483301005377","source_manage_no":"483301005377","facility_name":"상북초등학교","sgg_code":"48330","facility_type_code":"1","api_first_registered_on":"1996-08-10","api_last_modified_on":null,"updated_at":"2026-07-25T01:27:52.347112+00:00"},"geometry":{"type":"Point","coordinates":[129.060400583,35.416226322]}},{"type":"Feature","id":"554afc46fece7e179e0eed8c24119e36d793b823b2538d4784d85000fa40eebd-1","properties":{"facility_id":"554afc46fece7e179e0eed8c24119e36d793b823b2538d4784d85000fa40eebd","point_ordinal":1,"zone_group_id":"483301005377","source_manage_no":"483301005378","facility_name":"상북초등학교병설유치원","sgg_code":"48330","facility_type_code":"1","api_first_registered_on":"1996-08-10","api_last_modified_on":null,"updated_at":"2026-07-25T01:27:52.347112+00:00"},"geometry":{"type":"Point","coordinates":[129.06039588,35.416041671]}},{"type":"Feature","id":"ca49746db8bdf2a53405c9184172364b467fb1aede0a3635571a4a68bc5a2dc5-1","properties":{"facility_id":"ca49746db8bdf2a53405c9184172364b467fb1aede0a3635571a4a68bc5a2dc5","point_ordinal":1,"zone_group_id":"483302030163","source_manage_no":"483302030163","facility_name":"상하북종합사회복지관","sgg_code":"48330","facility_type_code":"2","api_first_registered_on":"2026-07-16","api_last_modified_on":"2026-07-16","updated_at":"2026-07-25T01:27:52.347112+00:00"},"geometry":{"type":"Point","coordinates":[129.066418086,35.418536958]}},{"type":"Feature","id":"2968aee5e197480cc345bf431c4e5c3dedb6fc355e65cb26020cbf91798f2439-1","properties":{"facility_id":"2968aee5e197480cc345bf431c4e5c3dedb6fc355e65cb26020cbf91798f2439","point_ordinal":1,"zone_group_id":"483301021249","source_manage_no":"483301005374","facility_name":"새싹유치원","sgg_code":"48330","facility_type_code":"1","api_first_registered_on":"2008-03-01","api_last_modified_on":null,"updated_at":"2026-07-25T01:27:52.347112+00:00"},"geometry":{"type":"Point","coordinates":[129.171002039,35.412315158]}},{"type":"Feature","id":"5ef655650c4bafd81009af72565e5f4c95282e5369cff63e57cedcabfe296b0d-1","properties":{"facility_id":"5ef655650c4bafd81009af72565e5f4c95282e5369cff63e57cedcabfe296b0d","point_ordinal":1,"zone_group_id":"483301005339","source_manage_no":"483301005339","facility_name":"서남초등학교","sgg_code":"48330","facility_type_code":"1","api_first_registered_on":"2000-03-28","api_last_modified_on":null,"updated_at":"2026-07-25T01:27:52.347112+00:00"},"geometry":{"type":"Point","coordinates":[128.998942563,35.328412087]}},{"type":"Feature","id":"243971a73e9a1830fc3ce5be0def27586dd0199983c12bfbb173e24b3a729838-1","properties":{"facility_id":"243971a73e9a1830fc3ce5be0def27586dd0199983c12bfbb173e24b3a729838","point_ordinal":1,"zone_group_id":"483302028499","source_manage_no":"483302028499","facility_name":"서리마을회관","sgg_code":"48330","facility_type_code":"2","api_first_registered_on":null,"api_last_modified_on":"2025-02-19","updated_at":"2026-07-25T01:27:52.347112+00:00"},"geometry":{"type":"Point","coordinates":[129.076000357,35.497487649]}},{"type":"Feature","id":"37642d2eb18b0e36d08242a03f56a14a424d35a4d07a6eff770fce5fb56109d4-1","properties":{"facility_id":"37642d2eb18b0e36d08242a03f56a14a424d35a4d07a6eff770fce5fb56109d4","point_ordinal":1,"zone_group_id":"483301005341","source_manage_no":"483301005341","facility_name":"서창초등학교","sgg_code":"48330","facility_type_code":"1","api_first_registered_on":"2000-03-28","api_last_modified_on":null,"updated_at":"2026-07-25T01:27:52.347112+00:00"},"geometry":{"type":"Point","coordinates":[129.171403246,35.417496877]}},{"type":"Feature","id":"e34b6237819a3144924b9facae022bce2ce36435b59c7578ef94d1c0b610511e-1","properties":{"facility_id":"e34b6237819a3144924b9facae022bce2ce36435b59c7578ef94d1c0b610511e","point_ordinal":1,"zone_group_id":"483301005341","source_manage_no":"483301021733","facility_name":"서창초등학교병설유치원","sgg_code":"48330","facility_type_code":"1","api_first_registered_on":"2000-03-28","api_last_modified_on":null,"updated_at":"2026-07-25T01:27:52.347112+00:00"},"geometry":{"type":"Point","coordinates":[129.171413394,35.417616833]}},{"type":"Feature","id":"514c59e2f9476f0fc1264a49fe240166df2f224541c9fed6d6f590fd5a157bf3-1","properties":{"facility_id":"514c59e2f9476f0fc1264a49fe240166df2f224541c9fed6d6f590fd5a157bf3","point_ordinal":1,"zone_group_id":"483301005342","source_manage_no":"483301005342","facility_name":"석산초등학교","sgg_code":"48330","facility_type_code":"1","api_first_registered_on":"2011-03-01","api_last_modified_on":null,"updated_at":"2026-07-25T01:27:52.347112+00:00"},"geometry":{"type":"Point","coordinates":[129.026568692,35.321517756]}},{"type":"Feature","id":"6de72f0ef30b7eaf1c0b929d49fb4855bbffa5d607dd0ad421cc15b9eff1d9c7-1","properties":{"facility_id":"6de72f0ef30b7eaf1c0b929d49fb4855bbffa5d607dd0ad421cc15b9eff1d9c7","point_ordinal":1,"zone_group_id":"483301005342","source_manage_no":"483301005343","facility_name":"석산초등학교병설유치원","sgg_code":"48330","facility_type_code":"1","api_first_registered_on":"2011-03-01","api_last_modified_on":null,"updated_at":"2026-07-25T01:27:52.347112+00:00"},"geometry":{"type":"Point","coordinates":[129.02657104,35.321391556]}},{"type":"Feature","id":"91563b6765fd37b77af8b79bebf0c9eb7b185b19d0d970352236d080aad60e2d-1","properties":{"facility_id":"91563b6765fd37b77af8b79bebf0c9eb7b185b19d0d970352236d080aad60e2d","point_ordinal":1,"zone_group_id":"483301005344","source_manage_no":"483301005344","facility_name":"성산초등학교","sgg_code":"48330","facility_type_code":"1","api_first_registered_on":"2009-03-01","api_last_modified_on":null,"updated_at":"2026-07-25T01:27:52.347112+00:00"},"geometry":{"type":"Point","coordinates":[129.018045959,35.330692501]}},{"type":"Feature","id":"5ba66b5b34124b044efd7a073a3772201027908bbb21c41d1b8652aff23dacab-1","properties":{"facility_id":"5ba66b5b34124b044efd7a073a3772201027908bbb21c41d1b8652aff23dacab","point_ordinal":1,"zone_group_id":"483301005344","source_manage_no":"483301005345","facility_name":"성산초등학교병설유치원","sgg_code":"48330","facility_type_code":"1","api_first_registered_on":"2009-03-01","api_last_modified_on":null,"updated_at":"2026-07-25T01:27:52.347112+00:00"},"geometry":{"type":"Point","coordinates":[129.017729218,35.330558112]}},{"type":"Feature","id":"4fe53ad8b35cfdb7ef95719a7d9e55e937c13863d3b45a75f49393b8460e80aa-1","properties":{"facility_id":"4fe53ad8b35cfdb7ef95719a7d9e55e937c13863d3b45a75f49393b8460e80aa","point_ordinal":1,"zone_group_id":"483301020948","source_manage_no":"483301020948","facility_name":"소토초등학교","sgg_code":"48330","facility_type_code":"1","api_first_registered_on":null,"api_last_modified_on":null,"updated_at":"2026-07-25T01:27:52.347112+00:00"},"geometry":{"type":"Point","coordinates":[129.052968367,35.379505483]}},{"type":"Feature","id":"455c8e90b4848bb164cdc3220758d9e2585448a424080f9744c18f3000965490-1","properties":{"facility_id":"455c8e90b4848bb164cdc3220758d9e2585448a424080f9744c18f3000965490","point_ordinal":1,"zone_group_id":"483301020948","source_manage_no":"483301022140","facility_name":"소토초등학교 병설유치원","sgg_code":"48330","facility_type_code":"1","api_first_registered_on":"2020-05-01","api_last_modified_on":null,"updated_at":"2026-07-25T01:27:52.347112+00:00"},"geometry":{"type":"Point","coordinates":[129.052968655,35.379408104]}},{"type":"Feature","id":"a099ee17da0feac376b36f37dd772498bf6ca0fa4f6dd014413595b9902faf8f-1","properties":{"facility_id":"a099ee17da0feac376b36f37dd772498bf6ca0fa4f6dd014413595b9902faf8f","point_ordinal":1,"zone_group_id":"483301005368","source_manage_no":"483301005368","facility_name":"숲속유치원","sgg_code":"48330","facility_type_code":"1","api_first_registered_on":"2008-03-01","api_last_modified_on":null,"updated_at":"2026-07-25T01:27:52.347112+00:00"},"geometry":{"type":"Point","coordinates":[129.04920217,35.36116998]}},{"type":"Feature","id":"938dce9a634d16617b7fb8677cb41d1bf6674208ef32d9843801f65b9e63d5ba-1","properties":{"facility_id":"938dce9a634d16617b7fb8677cb41d1bf6674208ef32d9843801f65b9e63d5ba","point_ordinal":1,"zone_group_id":"483303028501","source_manage_no":"483303028501","facility_name":"시나브로복지관","sgg_code":"48330","facility_type_code":"3","api_first_registered_on":null,"api_last_modified_on":"2025-02-19","updated_at":"2026-07-25T01:27:52.347112+00:00"},"geometry":{"type":"Point","coordinates":[129.14831331,35.374495119]}},{"type":"Feature","id":"1ca297bdeadeba136463ac6f7ffe2b856c4224afa9ba69ebc4e1a0121cfb1ab0-1","properties":{"facility_id":"1ca297bdeadeba136463ac6f7ffe2b856c4224afa9ba69ebc4e1a0121cfb1ab0","point_ordinal":1,"zone_group_id":"483301005362","source_manage_no":"483301005362","facility_name":"시립양산보듬이나눔어린이집","sgg_code":"48330","facility_type_code":"1","api_first_registered_on":"2015-04-22","api_last_modified_on":null,"updated_at":"2026-07-25T01:27:52.347112+00:00"},"geometry":{"type":"Point","coordinates":[129.048350667,35.355194398]}},{"type":"Feature","id":"ac220593174e8db1e281e66e57221b785e05ca5dce3ff1a8e91a9d537398daf1-1","properties":{"facility_id":"ac220593174e8db1e281e66e57221b785e05ca5dce3ff1a8e91a9d537398daf1","point_ordinal":1,"zone_group_id":"483301005388","source_manage_no":"483301005388","facility_name":"신기초등학교","sgg_code":"48330","facility_type_code":"1","api_first_registered_on":"2004-03-01","api_last_modified_on":null,"updated_at":"2026-07-25T01:27:52.347112+00:00"},"geometry":{"type":"Point","coordinates":[129.040615316,35.352408977]}},{"type":"Feature","id":"27d6123cd581ba094568611f22122e72526c3b0dd5bcb0af1b01fc53e4fdfcfe-1","properties":{"facility_id":"27d6123cd581ba094568611f22122e72526c3b0dd5bcb0af1b01fc53e4fdfcfe","point_ordinal":1,"zone_group_id":"483301005405","source_manage_no":"483301005405","facility_name":"신명초등학교","sgg_code":"48330","facility_type_code":"1","api_first_registered_on":"2004-03-01","api_last_modified_on":null,"updated_at":"2026-07-25T01:27:52.347112+00:00"},"geometry":{"type":"Point","coordinates":[129.142117352,35.388413878]}},{"type":"Feature","id":"78564672b6bfe4b16b48efe00382e60bf6f261de7e48d33300a4df31a0451acb-1","properties":{"facility_id":"78564672b6bfe4b16b48efe00382e60bf6f261de7e48d33300a4df31a0451acb","point_ordinal":1,"zone_group_id":"483301005405","source_manage_no":"483301021731","facility_name":"신명초등학교병설유치원","sgg_code":"48330","facility_type_code":"1","api_first_registered_on":"2004-03-01","api_last_modified_on":null,"updated_at":"2026-07-25T01:27:52.347112+00:00"},"geometry":{"type":"Point","coordinates":[129.142125434,35.388485507]}},{"type":"Feature","id":"1e10489aa48dd59872ff908a5b9335f1f88368d72f7ccfdc4a5543c9d9f8b398-1","properties":{"facility_id":"1e10489aa48dd59872ff908a5b9335f1f88368d72f7ccfdc4a5543c9d9f8b398","point_ordinal":1,"zone_group_id":"483301005317","source_manage_no":"483301005319","facility_name":"신양초등학교","sgg_code":"48330","facility_type_code":"1","api_first_registered_on":"2006-03-01","api_last_modified_on":null,"updated_at":"2026-07-25T01:27:52.347112+00:00"},"geometry":{"type":"Point","coordinates":[129.024651345,35.333560043]}},{"type":"Feature","id":"68c1ba3491da1251453f4ca15fb26423ecb043d3ace41ee93a41f493fcc05b1e-1","properties":{"facility_id":"68c1ba3491da1251453f4ca15fb26423ecb043d3ace41ee93a41f493fcc05b1e","point_ordinal":1,"zone_group_id":"483301005317","source_manage_no":"483301005320","facility_name":"신양초등학교병설유치원","sgg_code":"48330","facility_type_code":"1","api_first_registered_on":"2006-03-01","api_last_modified_on":null,"updated_at":"2026-07-25T01:27:52.347112+00:00"},"geometry":{"type":"Point","coordinates":[129.024641472,35.333494876]}},{"type":"Feature","id":"2e2f46c7fbfbf8326ebb3c409726b42cfe5730ed5b2ded84debac77e40dcbaba-1","properties":{"facility_id":"2e2f46c7fbfbf8326ebb3c409726b42cfe5730ed5b2ded84debac77e40dcbaba","point_ordinal":1,"zone_group_id":"483301005346","source_manage_no":"483301005346","facility_name":"신주초등학교","sgg_code":"48330","facility_type_code":"1","api_first_registered_on":"2015-03-02","api_last_modified_on":null,"updated_at":"2026-07-25T01:27:52.347112+00:00"},"geometry":{"type":"Point","coordinates":[129.019175534,35.337541995]}},{"type":"Feature","id":"0f93b69e1454dc3d5c01406549e8cfdef5d81d32d6c467599bc018da37b40e99-1","properties":{"facility_id":"0f93b69e1454dc3d5c01406549e8cfdef5d81d32d6c467599bc018da37b40e99","point_ordinal":1,"zone_group_id":"483302005393","source_manage_no":"483302005393","facility_name":"신촌마을 경로당","sgg_code":"48330","facility_type_code":"2","api_first_registered_on":"2016-07-04","api_last_modified_on":null,"updated_at":"2026-07-25T01:27:52.347112+00:00"},"geometry":{"type":"Point","coordinates":[128.920051948,35.372187568]}},{"type":"Feature","id":"c502f263754fabf95e915b9364191aba31ce67b3f7616895f9e6a8723fc7273b-1","properties":{"facility_id":"c502f263754fabf95e915b9364191aba31ce67b3f7616895f9e6a8723fc7273b","point_ordinal":1,"zone_group_id":"483301020634","source_manage_no":"483301020634","facility_name":"아이아띠유치원","sgg_code":"48330","facility_type_code":"1","api_first_registered_on":"2011-11-10","api_last_modified_on":null,"updated_at":"2026-07-25T01:27:52.347112+00:00"},"geometry":{"type":"Point","coordinates":[129.057912402,35.412855579]}},{"type":"Feature","id":"cbffeb0aadcfa8ad2d4edada523fab99438eb17bbb22818307aa4eb3c6664d59-1","properties":{"facility_id":"cbffeb0aadcfa8ad2d4edada523fab99438eb17bbb22818307aa4eb3c6664d59","point_ordinal":1,"zone_group_id":"483302021149","source_manage_no":"483302021149","facility_name":"양산노인실비요양원","sgg_code":"48330","facility_type_code":"2","api_first_registered_on":"2018-03-06","api_last_modified_on":null,"updated_at":"2026-07-25T01:27:52.347112+00:00"},"geometry":{"type":"Point","coordinates":[129.007871588,35.369353018]}},{"type":"Feature","id":"d2f229504e6b1bf68b473aa132ec4717e97f3742af22fdd85fcc700807ed49d3-1","properties":{"facility_id":"d2f229504e6b1bf68b473aa132ec4717e97f3742af22fdd85fcc700807ed49d3","point_ordinal":1,"zone_group_id":"483303021147","source_manage_no":"483303021147","facility_name":"양산시장애인복지관","sgg_code":"48330","facility_type_code":"3","api_first_registered_on":"2018-03-28","api_last_modified_on":null,"updated_at":"2026-07-25T01:27:52.347112+00:00"},"geometry":{"type":"Point","coordinates":[129.040183895,35.345758182]}},{"type":"Feature","id":"c3ceeb141952ef3c7f97a6b5ad2c0fc2030640ae3d8b30719a5c1c0677a5e471-1","properties":{"facility_id":"c3ceeb141952ef3c7f97a6b5ad2c0fc2030640ae3d8b30719a5c1c0677a5e471","point_ordinal":1,"zone_group_id":"483301005347","source_manage_no":"483301005347","facility_name":"양산유치원","sgg_code":"48330","facility_type_code":"1","api_first_registered_on":"2015-03-21","api_last_modified_on":null,"updated_at":"2026-07-25T01:27:52.347112+00:00"},"geometry":{"type":"Point","coordinates":[129.003076743,35.315464943]}},{"type":"Feature","id":"2a7dbc9ec4177840d10b3b2cdd61f8dd0753414f81c8f8d205ebdc4272c894a8-1","properties":{"facility_id":"2a7dbc9ec4177840d10b3b2cdd61f8dd0753414f81c8f8d205ebdc4272c894a8","point_ordinal":1,"zone_group_id":"483301005360","source_manage_no":"483301005360","facility_name":"양산초등학교","sgg_code":"48330","facility_type_code":"1","api_first_registered_on":"2005-03-01","api_last_modified_on":null,"updated_at":"2026-07-25T01:27:52.347112+00:00"},"geometry":{"type":"Point","coordinates":[129.042671277,35.345941982]}},{"type":"Feature","id":"c898340c9c18e92bd0ff61faee4d388917f153fea7f30dcb5b709095f5fe7254-1","properties":{"facility_id":"c898340c9c18e92bd0ff61faee4d388917f153fea7f30dcb5b709095f5fe7254","point_ordinal":1,"zone_group_id":"483301005360","source_manage_no":"483301005361","facility_name":"양산초등학교병설유치원","sgg_code":"48330","facility_type_code":"1","api_first_registered_on":"2005-03-01","api_last_modified_on":null,"updated_at":"2026-07-25T01:27:52.347112+00:00"},"geometry":{"type":"Point","coordinates":[129.042657788,35.345843085]}},{"type":"Feature","id":"8afbb020ba0e8935eda9558ff35eee72d6b7025953e45813bfa961fb5e2a79b0-1","properties":{"facility_id":"8afbb020ba0e8935eda9558ff35eee72d6b7025953e45813bfa961fb5e2a79b0","point_ordinal":1,"zone_group_id":"483301021133","source_manage_no":"483303005381","facility_name":"양산희망학교","sgg_code":"48330","facility_type_code":"1","api_first_registered_on":"2010-12-30","api_last_modified_on":"2025-02-19","updated_at":"2026-07-25T01:27:52.347112+00:00"},"geometry":{"type":"Point","coordinates":[129.05977497,35.427817402]}},{"type":"Feature","id":"daf81aa9f9748e50c379ef449dd085fc067dcac6a2b6eb09d6b55da0627ba170-1","properties":{"facility_id":"daf81aa9f9748e50c379ef449dd085fc067dcac6a2b6eb09d6b55da0627ba170","point_ordinal":1,"zone_group_id":"483301005377","source_manage_no":"483301005382","facility_name":"양주어린이집","sgg_code":"48330","facility_type_code":"1","api_first_registered_on":"2008-03-01","api_last_modified_on":null,"updated_at":"2026-07-25T01:27:52.347112+00:00"},"geometry":{"type":"Point","coordinates":[129.059358142,35.415368268]}},{"type":"Feature","id":"49452f335e6e4d3ba768de2d5013afa51a14065b5cb2ecce572bb6ccfa7c8974-1","properties":{"facility_id":"49452f335e6e4d3ba768de2d5013afa51a14065b5cb2ecce572bb6ccfa7c8974","point_ordinal":1,"zone_group_id":"483301005399","source_manage_no":"483301005399","facility_name":"양주유치원","sgg_code":"48330","facility_type_code":"1","api_first_registered_on":"2001-03-01","api_last_modified_on":null,"updated_at":"2026-07-25T01:27:52.347112+00:00"},"geometry":{"type":"Point","coordinates":[129.035688965,35.340745937]}},{"type":"Feature","id":"74918d2793efa1919451ecf7c75b19aa69b0d4ff2f84eb5ab84482c2fc2e1bd9-1","properties":{"facility_id":"74918d2793efa1919451ecf7c75b19aa69b0d4ff2f84eb5ab84482c2fc2e1bd9","point_ordinal":1,"zone_group_id":"483301005400","source_manage_no":"483301005400","facility_name":"양주초등학교","sgg_code":"48330","facility_type_code":"1","api_first_registered_on":"2000-09-04","api_last_modified_on":null,"updated_at":"2026-07-25T01:27:52.347112+00:00"},"geometry":{"type":"Point","coordinates":[129.031647244,35.342575902]}},{"type":"Feature","id":"4d3c4cbe6624b38962231773b83e7ab408507b533d34441f848f86107449b337-1","properties":{"facility_id":"4d3c4cbe6624b38962231773b83e7ab408507b533d34441f848f86107449b337","point_ordinal":1,"zone_group_id":"483301020756","source_manage_no":"483301020756","facility_name":"어곡새싹어린이집","sgg_code":"48330","facility_type_code":"1","api_first_registered_on":"2019-04-15","api_last_modified_on":null,"updated_at":"2026-07-25T01:27:52.347112+00:00"},"geometry":{"type":"Point","coordinates":[129.027528355,35.37504655]}},{"type":"Feature","id":"0a76f91d6f58c424641b331074f3091db9e9687c60cc662a02f0e73c3d8ee3f8-1","properties":{"facility_id":"0a76f91d6f58c424641b331074f3091db9e9687c60cc662a02f0e73c3d8ee3f8","point_ordinal":1,"zone_group_id":"483301005389","source_manage_no":"483301005389","facility_name":"어곡초등학교","sgg_code":"48330","facility_type_code":"1","api_first_registered_on":"1997-09-10","api_last_modified_on":null,"updated_at":"2026-07-25T01:27:52.347112+00:00"},"geometry":{"type":"Point","coordinates":[129.02911066,35.38061877]}},{"type":"Feature","id":"9559f6b127286c7bed4c439a239585847e7297ae88778e21767d5e60afff09ba-1","properties":{"facility_id":"9559f6b127286c7bed4c439a239585847e7297ae88778e21767d5e60afff09ba","point_ordinal":1,"zone_group_id":"483301005389","source_manage_no":"483301005390","facility_name":"어곡초등학교병설유치원","sgg_code":"48330","facility_type_code":"1","api_first_registered_on":"1997-09-10","api_last_modified_on":null,"updated_at":"2026-07-25T01:27:52.347112+00:00"},"geometry":{"type":"Point","coordinates":[129.029129273,35.380483286]}},{"type":"Feature","id":"3140eb58675efbb88b40535e16e19b0237b8bb24b0e50eec888fea814d5b9444-1","properties":{"facility_id":"3140eb58675efbb88b40535e16e19b0237b8bb24b0e50eec888fea814d5b9444","point_ordinal":1,"zone_group_id":"483301005369","source_manage_no":"483301005369","facility_name":"에덴어린이집","sgg_code":"48330","facility_type_code":"1","api_first_registered_on":"2008-03-01","api_last_modified_on":null,"updated_at":"2026-07-25T01:27:52.347112+00:00"},"geometry":{"type":"Point","coordinates":[129.049735404,35.35912557]}},{"type":"Feature","id":"269f3d8b84702c19d45b9da00261f1bc0e1d986133e3ceb900f43336ef46c577-1","properties":{"facility_id":"269f3d8b84702c19d45b9da00261f1bc0e1d986133e3ceb900f43336ef46c577","point_ordinal":1,"zone_group_id":"483301020621","source_manage_no":"483301020621","facility_name":"에듀웰명문유치원","sgg_code":"48330","facility_type_code":"1","api_first_registered_on":"2018-11-27","api_last_modified_on":null,"updated_at":"2026-07-25T01:27:52.347112+00:00"},"geometry":{"type":"Point","coordinates":[129.031282407,35.317272023]}},{"type":"Feature","id":"a1f2fbd8da321f76807d9b13d4799a9c809f4fe4519fc3434ed602df5fcbbc1e-1","properties":{"facility_id":"a1f2fbd8da321f76807d9b13d4799a9c809f4fe4519fc3434ed602df5fcbbc1e","point_ordinal":1,"zone_group_id":"483301005315","source_manage_no":"483301005315","facility_name":"연어린이집","sgg_code":"48330","facility_type_code":"1","api_first_registered_on":"2015-04-22","api_last_modified_on":null,"updated_at":"2026-07-25T01:27:52.347112+00:00"},"geometry":{"type":"Point","coordinates":[129.023464423,35.346801402]}},{"type":"Feature","id":"52be3d7dea43e20f4ce580a355f8b0e8411d43de82e01279266ac01ed7f3bb4d-1","properties":{"facility_id":"52be3d7dea43e20f4ce580a355f8b0e8411d43de82e01279266ac01ed7f3bb4d","point_ordinal":1,"zone_group_id":"483301005348","source_manage_no":"483301005348","facility_name":"영천초등학교","sgg_code":"48330","facility_type_code":"1","api_first_registered_on":"2000-03-28","api_last_modified_on":null,"updated_at":"2026-07-25T01:27:52.347112+00:00"},"geometry":{"type":"Point","coordinates":[129.11064237,35.311149215]}},{"type":"Feature","id":"d0e051e62af972e0218c7c7c92234035aded4a04fa1a1b99df400b289c61459a-1","properties":{"facility_id":"d0e051e62af972e0218c7c7c92234035aded4a04fa1a1b99df400b289c61459a","point_ordinal":1,"zone_group_id":"483301005348","source_manage_no":"483301005349","facility_name":"영천초등학교병설유치원","sgg_code":"48330","facility_type_code":"1","api_first_registered_on":"2000-03-28","api_last_modified_on":null,"updated_at":"2026-07-25T01:27:52.347112+00:00"},"geometry":{"type":"Point","coordinates":[129.11065079,35.311261709]}},{"type":"Feature","id":"ef92b5ee49c508b59a0f478aa68ed415aac2749a4212916543543a241998d841-1","properties":{"facility_id":"ef92b5ee49c508b59a0f478aa68ed415aac2749a4212916543543a241998d841","point_ordinal":1,"zone_group_id":"483301020729","source_manage_no":"483301020729","facility_name":"예지슬어린이집","sgg_code":"48330","facility_type_code":"1","api_first_registered_on":"2018-11-27","api_last_modified_on":null,"updated_at":"2026-07-25T01:27:52.347112+00:00"},"geometry":{"type":"Point","coordinates":[129.030355458,35.315377165]}},{"type":"Feature","id":"1317ee0a295e462d4d52b3aac75990263262aa447b8a2463b1aba742b0e793fa-1","properties":{"facility_id":"1317ee0a295e462d4d52b3aac75990263262aa447b8a2463b1aba742b0e793fa","point_ordinal":1,"zone_group_id":"483301005337","source_manage_no":"483301005350","facility_name":"오봉초등학교","sgg_code":"48330","facility_type_code":"1","api_first_registered_on":"2001-04-04","api_last_modified_on":null,"updated_at":"2026-07-25T01:27:52.347112+00:00"},"geometry":{"type":"Point","coordinates":[129.004588721,35.335074779]}},{"type":"Feature","id":"bfd8b0debc6cb23fcbfcf3f6f64efdf2a2194f5331fb3478d0ca24e63e6aa9ca-1","properties":{"facility_id":"bfd8b0debc6cb23fcbfcf3f6f64efdf2a2194f5331fb3478d0ca24e63e6aa9ca","point_ordinal":1,"zone_group_id":"483301005405","source_manage_no":"483301028503","facility_name":"옥스퍼드영재어린이집","sgg_code":"48330","facility_type_code":"1","api_first_registered_on":null,"api_last_modified_on":"2025-02-19","updated_at":"2026-07-25T01:27:52.347112+00:00"},"geometry":{"type":"Point","coordinates":[129.146102092,35.38450382]}},{"type":"Feature","id":"7151a8dba0f720b6e93ee0ab62b8737a1a581f3e14a4221451c79a3a707f6339-1","properties":{"facility_id":"7151a8dba0f720b6e93ee0ab62b8737a1a581f3e14a4221451c79a3a707f6339","point_ordinal":1,"zone_group_id":"483302028496","source_manage_no":"483302028496","facility_name":"용당마을회관","sgg_code":"48330","facility_type_code":"2","api_first_registered_on":null,"api_last_modified_on":"2025-02-19","updated_at":"2026-07-25T01:27:52.347112+00:00"},"geometry":{"type":"Point","coordinates":[129.184732203,35.426993224]}},{"type":"Feature","id":"6eff524e2a3bdcf9389f0e4844a98bcfb6f69b4139b32a5cf48b8d1d2a526c7f-1","properties":{"facility_id":"6eff524e2a3bdcf9389f0e4844a98bcfb6f69b4139b32a5cf48b8d1d2a526c7f","point_ordinal":1,"zone_group_id":"483302005413","source_manage_no":"483302005413","facility_name":"용연마을 경로당","sgg_code":"48330","facility_type_code":"2","api_first_registered_on":"2016-09-21","api_last_modified_on":null,"updated_at":"2026-07-25T01:27:52.347112+00:00"},"geometry":{"type":"Point","coordinates":[129.074645684,35.445408443]}},{"type":"Feature","id":"5c1374d2276793ff1832ab2b03cb7f983637faa78e731b2082bfa26330a88ff3-1","properties":{"facility_id":"5c1374d2276793ff1832ab2b03cb7f983637faa78e731b2082bfa26330a88ff3","point_ordinal":1,"zone_group_id":"483301005414","source_manage_no":"483301005414","facility_name":"용연초등학교","sgg_code":"48330","facility_type_code":"1","api_first_registered_on":"1996-08-10","api_last_modified_on":null,"updated_at":"2026-07-25T01:27:52.347112+00:00"},"geometry":{"type":"Point","coordinates":[129.074937989,35.448984687]}},{"type":"Feature","id":"96d91517af0076e4dca0d669bec5c2d0f432a101bc5ea5dc5d4a2af23199024e-1","properties":{"facility_id":"96d91517af0076e4dca0d669bec5c2d0f432a101bc5ea5dc5d4a2af23199024e","point_ordinal":1,"zone_group_id":"483301005414","source_manage_no":"483301005415","facility_name":"용연초등학교병설유치원","sgg_code":"48330","facility_type_code":"1","api_first_registered_on":"1996-08-10","api_last_modified_on":null,"updated_at":"2026-07-25T01:27:52.347112+00:00"},"geometry":{"type":"Point","coordinates":[129.07494169,35.449128802]}},{"type":"Feature","id":"31bb53380d369c71ec967fcd4802df1c745585c055676bd346445f8eacbf404f-1","properties":{"facility_id":"31bb53380d369c71ec967fcd4802df1c745585c055676bd346445f8eacbf404f","point_ordinal":1,"zone_group_id":"483301005335","source_manage_no":"483301005352","facility_name":"우리들유치원","sgg_code":"48330","facility_type_code":"1","api_first_registered_on":"2015-04-02","api_last_modified_on":null,"updated_at":"2026-07-25T01:27:52.347112+00:00"},"geometry":{"type":"Point","coordinates":[128.988247928,35.316009035]}},{"type":"Feature","id":"c7058425eda6f8f1cbc29d4eddef0409a5f7e1f8a27a54b1e906f870c262cd6b-1","properties":{"facility_id":"c7058425eda6f8f1cbc29d4eddef0409a5f7e1f8a27a54b1e906f870c262cd6b","point_ordinal":1,"zone_group_id":"483302021717","source_manage_no":"483302021717","facility_name":"웅상노인복지관","sgg_code":"48330","facility_type_code":"2","api_first_registered_on":null,"api_last_modified_on":null,"updated_at":"2026-07-25T01:27:52.347112+00:00"},"geometry":{"type":"Point","coordinates":[129.171953368,35.41439681]}},{"type":"Feature","id":"3197322544b488de7d8c9e1802421c4e033b1d70d37e56880e2e5b6100c95e97-1","properties":{"facility_id":"3197322544b488de7d8c9e1802421c4e033b1d70d37e56880e2e5b6100c95e97","point_ordinal":1,"zone_group_id":"483301005409","source_manage_no":"483301005406","facility_name":"웅상어린이집","sgg_code":"48330","facility_type_code":"1","api_first_registered_on":"2008-03-01","api_last_modified_on":null,"updated_at":"2026-07-25T01:27:52.347112+00:00"},"geometry":{"type":"Point","coordinates":[129.145449356,35.374692542]}},{"type":"Feature","id":"94d683dfab301f6bd90f518fdb7565d9d648eea0e7dec25b6015928804a03d9f-1","properties":{"facility_id":"94d683dfab301f6bd90f518fdb7565d9d648eea0e7dec25b6015928804a03d9f","point_ordinal":1,"zone_group_id":"483301005409","source_manage_no":"483301005407","facility_name":"웅상유치원","sgg_code":"48330","facility_type_code":"1","api_first_registered_on":"2008-03-01","api_last_modified_on":null,"updated_at":"2026-07-25T01:27:52.347112+00:00"},"geometry":{"type":"Point","coordinates":[129.148387778,35.379965535]}},{"type":"Feature","id":"b66e270a2d394e9f8c51333c0a472b23141491dcd823b36139c6f89d3ad3b9b5-1","properties":{"facility_id":"b66e270a2d394e9f8c51333c0a472b23141491dcd823b36139c6f89d3ad3b9b5","point_ordinal":1,"zone_group_id":"483301005327","source_manage_no":"483301005327","facility_name":"웅상초등학교","sgg_code":"48330","facility_type_code":"1","api_first_registered_on":"1995-07-01","api_last_modified_on":null,"updated_at":"2026-07-25T01:27:52.347112+00:00"},"geometry":{"type":"Point","coordinates":[129.164213576,35.39850369]}},{"type":"Feature","id":"1449a7a418f347e79169b7a3d227d25b55e22c17e86f07bfb35d19266cb04165-1","properties":{"facility_id":"1449a7a418f347e79169b7a3d227d25b55e22c17e86f07bfb35d19266cb04165","point_ordinal":1,"zone_group_id":"483301005327","source_manage_no":"483301021732","facility_name":"웅상초등학교병설유치원","sgg_code":"48330","facility_type_code":"1","api_first_registered_on":"2005-05-20","api_last_modified_on":null,"updated_at":"2026-07-25T01:27:52.347112+00:00"},"geometry":{"type":"Point","coordinates":[129.164213874,35.398601689]}},{"type":"Feature","id":"4a44a2753107bf014e06749cd5a187d10e0db4b2ee7cc945ab7eb4ce31c4c25b-1","properties":{"facility_id":"4a44a2753107bf014e06749cd5a187d10e0db4b2ee7cc945ab7eb4ce31c4c25b","point_ordinal":1,"zone_group_id":"483302021148","source_manage_no":"483302021148","facility_name":"원동마을회관","sgg_code":"48330","facility_type_code":"2","api_first_registered_on":"2019-12-26","api_last_modified_on":"2025-02-27","updated_at":"2026-07-25T01:27:52.347112+00:00"},"geometry":{"type":"Point","coordinates":[128.917557841,35.367278891]}},{"type":"Feature","id":"42df94e4556950e93235c0fd9a80a22388824972ac0a62c3c46e77bd9dd992f4-1","properties":{"facility_id":"42df94e4556950e93235c0fd9a80a22388824972ac0a62c3c46e77bd9dd992f4","point_ordinal":1,"zone_group_id":"483301005394","source_manage_no":"483301005394","facility_name":"원동초등학교","sgg_code":"48330","facility_type_code":"1","api_first_registered_on":"1997-09-10","api_last_modified_on":null,"updated_at":"2026-07-25T01:27:52.347112+00:00"},"geometry":{"type":"Point","coordinates":[128.922057785,35.364137772]}},{"type":"Feature","id":"04a1ae68a5147578a536224746e8a5b914c8c3f7c40361cf53cb0bc92d87c8b4-1","properties":{"facility_id":"04a1ae68a5147578a536224746e8a5b914c8c3f7c40361cf53cb0bc92d87c8b4","point_ordinal":1,"zone_group_id":"483301005396","source_manage_no":"483301021343","facility_name":"원동초등학교 이천분교장 병설유치원","sgg_code":"48330","facility_type_code":"1","api_first_registered_on":"2014-10-01","api_last_modified_on":null,"updated_at":"2026-07-25T01:27:52.347112+00:00"},"geometry":{"type":"Point","coordinates":[128.985604254,35.486842341]}},{"type":"Feature","id":"c3242dd71e50c03a43306e52b6be7976bdd9d70551ac2234d8ea6229f5e778e4-1","properties":{"facility_id":"c3242dd71e50c03a43306e52b6be7976bdd9d70551ac2234d8ea6229f5e778e4","point_ordinal":1,"zone_group_id":"483301005394","source_manage_no":"483301005395","facility_name":"원동초등학교병설유치원","sgg_code":"48330","facility_type_code":"1","api_first_registered_on":"1997-09-10","api_last_modified_on":null,"updated_at":"2026-07-25T01:27:52.347112+00:00"},"geometry":{"type":"Point","coordinates":[128.922053836,35.364435217]}},{"type":"Feature","id":"28c571d947cb90287b1accf1a8823da2b16b7d8bec2a0b0781717dd0477588fe-1","properties":{"facility_id":"28c571d947cb90287b1accf1a8823da2b16b7d8bec2a0b0781717dd0477588fe","point_ordinal":1,"zone_group_id":"483301005396","source_manage_no":"483301005396","facility_name":"원동초등학교이천분교","sgg_code":"48330","facility_type_code":"1","api_first_registered_on":"2014-10-01","api_last_modified_on":null,"updated_at":"2026-07-25T01:27:52.347112+00:00"},"geometry":{"type":"Point","coordinates":[128.985536055,35.487060326]}},{"type":"Feature","id":"9c2464bf17c146f2cd8964f7be51b08b6a9cb852acf29390b96c3f68013d203c-1","properties":{"facility_id":"9c2464bf17c146f2cd8964f7be51b08b6a9cb852acf29390b96c3f68013d203c","point_ordinal":1,"zone_group_id":"483301021249","source_manage_no":"483301021247","facility_name":"이화어린이집","sgg_code":"48330","facility_type_code":"1","api_first_registered_on":null,"api_last_modified_on":null,"updated_at":"2026-07-25T01:27:52.347112+00:00"},"geometry":{"type":"Point","coordinates":[129.172247104,35.413287739]}},{"type":"Feature","id":"b9bc39d07b7a6cdcb5eae9f1fcb74a801c304a94712cf64283292b0ee3968c26-1","properties":{"facility_id":"b9bc39d07b7a6cdcb5eae9f1fcb74a801c304a94712cf64283292b0ee3968c26","point_ordinal":1,"zone_group_id":"483301005383","source_manage_no":"483301005383","facility_name":"좌삼초등학교","sgg_code":"48330","facility_type_code":"1","api_first_registered_on":"2006-03-01","api_last_modified_on":null,"updated_at":"2026-07-25T01:27:52.347112+00:00"},"geometry":{"type":"Point","coordinates":[129.044092573,35.440272586]}},{"type":"Feature","id":"b837472e8b05ffc2179b033dccc5754a0cfcaab116421e5e99921acdfe51fa42-1","properties":{"facility_id":"b837472e8b05ffc2179b033dccc5754a0cfcaab116421e5e99921acdfe51fa42","point_ordinal":1,"zone_group_id":"483302027013","source_manage_no":"483302027013","facility_name":"주남마을경로당","sgg_code":"48330","facility_type_code":"2","api_first_registered_on":"2023-09-01","api_last_modified_on":"2025-02-27","updated_at":"2026-07-25T01:27:52.347112+00:00"},"geometry":{"type":"Point","coordinates":[129.152920274,35.423615224]}},{"type":"Feature","id":"bd3fe4b5ff291da03623d6fdf8a45d0f6ba50aad16bf124a8a9653192a2cc885-1","properties":{"facility_id":"bd3fe4b5ff291da03623d6fdf8a45d0f6ba50aad16bf124a8a9653192a2cc885","point_ordinal":1,"zone_group_id":"483301005337","source_manage_no":"483301021285","facility_name":"주니스어린이집","sgg_code":"48330","facility_type_code":"1","api_first_registered_on":"2011-11-10","api_last_modified_on":null,"updated_at":"2026-07-25T01:27:52.347112+00:00"},"geometry":{"type":"Point","coordinates":[129.004920234,35.33431137]}},{"type":"Feature","id":"77a380fe98aebaae23912eeaa728f8812a7e69870fc2a7b3dbe754355e66b4c1-1","properties":{"facility_id":"77a380fe98aebaae23912eeaa728f8812a7e69870fc2a7b3dbe754355e66b4c1","point_ordinal":1,"zone_group_id":"483301005402","source_manage_no":"483301005402","facility_name":"중부초등학교","sgg_code":"48330","facility_type_code":"1","api_first_registered_on":"2000-09-04","api_last_modified_on":null,"updated_at":"2026-07-25T01:27:52.347112+00:00"},"geometry":{"type":"Point","coordinates":[129.032829171,35.337529779]}},{"type":"Feature","id":"faeaa250343585fcc717ed6624df4563e383140bce58f420ebd931b6b26634f8-1","properties":{"facility_id":"faeaa250343585fcc717ed6624df4563e383140bce58f420ebd931b6b26634f8","point_ordinal":1,"zone_group_id":"483301005402","source_manage_no":"483301005403","facility_name":"중부초등학교병설유치원","sgg_code":"48330","facility_type_code":"1","api_first_registered_on":"2000-09-04","api_last_modified_on":null,"updated_at":"2026-07-25T01:27:52.347112+00:00"},"geometry":{"type":"Point","coordinates":[129.03281389,35.337358818]}},{"type":"Feature","id":"975ddfa7db7721e74a24e2672696a4a4d497ab3bbf564de2bd1451384c26566e-1","properties":{"facility_id":"975ddfa7db7721e74a24e2672696a4a4d497ab3bbf564de2bd1451384c26566e","point_ordinal":1,"zone_group_id":"483301005339","source_manage_no":"483301005353","facility_name":"중앙유치원","sgg_code":"48330","facility_type_code":"1","api_first_registered_on":"2008-03-01","api_last_modified_on":null,"updated_at":"2026-07-25T01:27:52.347112+00:00"},"geometry":{"type":"Point","coordinates":[129.000553764,35.328939032]}},{"type":"Feature","id":"890e5e2a6f8fc037ce5812a05c2725030ade95d367c275203bd1efe261e51dab-1","properties":{"facility_id":"890e5e2a6f8fc037ce5812a05c2725030ade95d367c275203bd1efe261e51dab","point_ordinal":1,"zone_group_id":"483301020589","source_manage_no":"483301020589","facility_name":"증산숲유치원","sgg_code":"48330","facility_type_code":"1","api_first_registered_on":"2019-05-23","api_last_modified_on":null,"updated_at":"2026-07-25T01:27:52.347112+00:00"},"geometry":{"type":"Point","coordinates":[129.004366449,35.306204633]}},{"type":"Feature","id":"9503750cae4f8dca4fd54e6305816ebb5b2e02a97807ce319df173384252aa86-1","properties":{"facility_id":"9503750cae4f8dca4fd54e6305816ebb5b2e02a97807ce319df173384252aa86","point_ordinal":1,"zone_group_id":"483301005354","source_manage_no":"483301005354","facility_name":"증산초등학교","sgg_code":"48330","facility_type_code":"1","api_first_registered_on":"2015-03-02","api_last_modified_on":null,"updated_at":"2026-07-25T01:27:52.347112+00:00"},"geometry":{"type":"Point","coordinates":[129.007305461,35.31619575]}},{"type":"Feature","id":"49da0bedfdee53307406c936b1077c2338f981c18968cf6dac83b4b14d42ce87-1","properties":{"facility_id":"49da0bedfdee53307406c936b1077c2338f981c18968cf6dac83b4b14d42ce87","point_ordinal":1,"zone_group_id":"483302024366","source_manage_no":"483302024366","facility_name":"지내마을회관","sgg_code":"48330","facility_type_code":"2","api_first_registered_on":null,"api_last_modified_on":"2025-02-27","updated_at":"2026-07-25T01:27:52.347112+00:00"},"geometry":{"type":"Point","coordinates":[129.080113814,35.499857381]}},{"type":"Feature","id":"a36849cafb60cd8cda31ab457d82b32a492548ebda8bbbfc9e7ed345e708bd3a-1","properties":{"facility_id":"a36849cafb60cd8cda31ab457d82b32a492548ebda8bbbfc9e7ed345e708bd3a","point_ordinal":1,"zone_group_id":"483302028500","source_manage_no":"483302028500","facility_name":"창기마을경로당","sgg_code":"48330","facility_type_code":"2","api_first_registered_on":null,"api_last_modified_on":"2025-02-19","updated_at":"2026-07-25T01:27:52.347112+00:00"},"geometry":{"type":"Point","coordinates":[129.122000702,35.336579362]}},{"type":"Feature","id":"920789a90bae98600ffb249ae17959b91f2f948c07dc99f0394783d63603498e-1","properties":{"facility_id":"920789a90bae98600ffb249ae17959b91f2f948c07dc99f0394783d63603498e","point_ordinal":1,"zone_group_id":"483301005409","source_manage_no":"483301005409","facility_name":"천성초등학교","sgg_code":"48330","facility_type_code":"1","api_first_registered_on":"2000-03-28","api_last_modified_on":null,"updated_at":"2026-07-25T01:27:52.347112+00:00"},"geometry":{"type":"Point","coordinates":[129.144423736,35.379079075]}},{"type":"Feature","id":"45db70d72446f2e9bc247f8cf7448008e4aa11d4a168eba34af94157f7204669-1","properties":{"facility_id":"45db70d72446f2e9bc247f8cf7448008e4aa11d4a168eba34af94157f7204669","point_ordinal":1,"zone_group_id":"483301005409","source_manage_no":"483301021729","facility_name":"천성초등학교병설유치원","sgg_code":"48330","facility_type_code":"1","api_first_registered_on":"2000-03-28","api_last_modified_on":null,"updated_at":"2026-07-25T01:27:52.347112+00:00"},"geometry":{"type":"Point","coordinates":[129.144398615,35.379199751]}},{"type":"Feature","id":"de3acb93a834c6e9971e04e18e525c583b276c165390220c201f1ac810bb6e96-1","properties":{"facility_id":"de3acb93a834c6e9971e04e18e525c583b276c165390220c201f1ac810bb6e96","point_ordinal":1,"zone_group_id":"483301005416","source_manage_no":"483301005416","facility_name":"통도사유치원","sgg_code":"48330","facility_type_code":"1","api_first_registered_on":"2001-03-01","api_last_modified_on":null,"updated_at":"2026-07-25T01:27:52.347112+00:00"},"geometry":{"type":"Point","coordinates":[129.087324923,35.49409791]}},{"type":"Feature","id":"a53cee80aa8638ce0b292a3da3c81b23984b11394572941d0b482408b26a1cf0-1","properties":{"facility_id":"a53cee80aa8638ce0b292a3da3c81b23984b11394572941d0b482408b26a1cf0","point_ordinal":1,"zone_group_id":"483302005412","source_manage_no":"483302005412","facility_name":"통도사자비원","sgg_code":"48330","facility_type_code":"2","api_first_registered_on":"2011-11-10","api_last_modified_on":"2025-02-27","updated_at":"2026-07-25T01:27:52.347112+00:00"},"geometry":{"type":"Point","coordinates":[129.089877359,35.495515803]}},{"type":"Feature","id":"d1c9c6be5a4a423c35ef1db3899df2c27b658f2537189e78cb311ae8533606a6-1","properties":{"facility_id":"d1c9c6be5a4a423c35ef1db3899df2c27b658f2537189e78cb311ae8533606a6","point_ordinal":1,"zone_group_id":"483301005339","source_manage_no":"483301005355","facility_name":"파랑새어린이집","sgg_code":"48330","facility_type_code":"1","api_first_registered_on":"2008-03-01","api_last_modified_on":null,"updated_at":"2026-07-25T01:27:52.347112+00:00"},"geometry":{"type":"Point","coordinates":[128.997009019,35.328016745]}},{"type":"Feature","id":"856b27e8b96b20e59e599beab1437a5fff40f7be3ee3aac9a0fc7782f0f70d28-1","properties":{"facility_id":"856b27e8b96b20e59e599beab1437a5fff40f7be3ee3aac9a0fc7782f0f70d28","point_ordinal":1,"zone_group_id":"483301005411","source_manage_no":"483301005411","facility_name":"평산초등학교","sgg_code":"48330","facility_type_code":"1","api_first_registered_on":"2001-12-04","api_last_modified_on":null,"updated_at":"2026-07-25T01:27:52.347112+00:00"},"geometry":{"type":"Point","coordinates":[129.153434318,35.386114143]}},{"type":"Feature","id":"53ab3df75d894d2036ea8af41f11597d4632d37a1f69d69d682b0ab5eda896ed-1","properties":{"facility_id":"53ab3df75d894d2036ea8af41f11597d4632d37a1f69d69d682b0ab5eda896ed","point_ordinal":1,"zone_group_id":"483301005411","source_manage_no":"483301021727","facility_name":"평산초등학교병설유치원","sgg_code":"48330","facility_type_code":"1","api_first_registered_on":"2001-12-04","api_last_modified_on":null,"updated_at":"2026-07-25T01:27:52.347112+00:00"},"geometry":{"type":"Point","coordinates":[129.153578973,35.386250951]}},{"type":"Feature","id":"04ee65a9bc0d5a1c498f437b77d3355b8585fe6c1fc14f6960d07d964238945a-1","properties":{"facility_id":"04ee65a9bc0d5a1c498f437b77d3355b8585fe6c1fc14f6960d07d964238945a","point_ordinal":1,"zone_group_id":"483301005337","source_manage_no":"483301021132","facility_name":"하늘꽃어린이집","sgg_code":"48330","facility_type_code":"1","api_first_registered_on":"2011-11-10","api_last_modified_on":null,"updated_at":"2026-07-25T01:27:52.347112+00:00"},"geometry":{"type":"Point","coordinates":[129.004653966,35.333103741]}},{"type":"Feature","id":"bfc863f078c910b5404235f382df23303c782c02d6aa15c158121089e503b99f-1","properties":{"facility_id":"bfc863f078c910b5404235f382df23303c782c02d6aa15c158121089e503b99f","point_ordinal":1,"zone_group_id":"483301005417","source_manage_no":"483301005417","facility_name":"하북초등학교","sgg_code":"48330","facility_type_code":"1","api_first_registered_on":"2000-03-28","api_last_modified_on":null,"updated_at":"2026-07-25T01:27:52.347112+00:00"},"geometry":{"type":"Point","coordinates":[129.088123054,35.489919026]}},{"type":"Feature","id":"668362a78c0074ee2d79bc9e40393b9ae25264835def7f04183898244b587f03-1","properties":{"facility_id":"668362a78c0074ee2d79bc9e40393b9ae25264835def7f04183898244b587f03","point_ordinal":1,"zone_group_id":"483301005417","source_manage_no":"483301005418","facility_name":"하북초등학교병설유치원","sgg_code":"48330","facility_type_code":"1","api_first_registered_on":"2000-03-28","api_last_modified_on":null,"updated_at":"2026-07-25T01:27:52.347112+00:00"},"geometry":{"type":"Point","coordinates":[129.088126317,35.490045125]}},{"type":"Feature","id":"9a738979015aff3f10b1af2256e62fc378084f4957ce52f4eeb7692c9d99d421-1","properties":{"facility_id":"9a738979015aff3f10b1af2256e62fc378084f4957ce52f4eeb7692c9d99d421","point_ordinal":1,"zone_group_id":"483301005411","source_manage_no":"483301021587","facility_name":"한소리유치원","sgg_code":"48330","facility_type_code":"1","api_first_registered_on":null,"api_last_modified_on":null,"updated_at":"2026-07-25T01:27:52.347112+00:00"},"geometry":{"type":"Point","coordinates":[129.154947349,35.386372345]}},{"type":"Feature","id":"57e3a17e811e892ee060ab530d5650081cf197bcb8b153bc366b71d05f63f6dc-1","properties":{"facility_id":"57e3a17e811e892ee060ab530d5650081cf197bcb8b153bc366b71d05f63f6dc","point_ordinal":1,"zone_group_id":"483302005397","source_manage_no":"483302005397","facility_name":"함포마을 경로당","sgg_code":"48330","facility_type_code":"2","api_first_registered_on":"2016-07-04","api_last_modified_on":null,"updated_at":"2026-07-25T01:27:52.347112+00:00"},"geometry":{"type":"Point","coordinates":[128.920851028,35.380094184]}},{"type":"Feature","id":"2233cf336f929f68eb97e892bb1416f55dd08f366c2ab218c41dbd4dd0ee40b2-1","properties":{"facility_id":"2233cf336f929f68eb97e892bb1416f55dd08f366c2ab218c41dbd4dd0ee40b2","point_ordinal":1,"zone_group_id":"483301005356","source_manage_no":"483301005356","facility_name":"해바라기유치원","sgg_code":"48330","facility_type_code":"1","api_first_registered_on":"2008-03-01","api_last_modified_on":null,"updated_at":"2026-07-25T01:27:52.347112+00:00"},"geometry":{"type":"Point","coordinates":[129.009696954,35.33430685]}},{"type":"Feature","id":"69164f738632a426e1015471e7d32c6ecdcba0e985e56336f111a962d7a3264a-1","properties":{"facility_id":"69164f738632a426e1015471e7d32c6ecdcba0e985e56336f111a962d7a3264a","point_ordinal":1,"zone_group_id":"483301005337","source_manage_no":"483301029290","facility_name":"행복한 장애아동 주간보호센터","sgg_code":"48330","facility_type_code":"1","api_first_registered_on":null,"api_last_modified_on":"2025-06-17","updated_at":"2026-07-25T01:27:52.347112+00:00"},"geometry":{"type":"Point","coordinates":[129.003801938,35.336099514]}},{"type":"Feature","id":"5c30dde8c9134b75c847bcff624f1f1751c82042c06ae6430fb66d85e1b5724f-1","properties":{"facility_id":"5c30dde8c9134b75c847bcff624f1f1751c82042c06ae6430fb66d85e1b5724f","point_ordinal":1,"zone_group_id":"483301005357","source_manage_no":"483301005357","facility_name":"화제초등학교","sgg_code":"48330","facility_type_code":"1","api_first_registered_on":"2006-03-01","api_last_modified_on":null,"updated_at":"2026-07-25T01:27:52.347112+00:00"},"geometry":{"type":"Point","coordinates":[128.978536418,35.350866221]}},{"type":"Feature","id":"8f1f633bd37234354bae1f2bb116249c09e9a4cc6f8a1987a942d5f597d8f728-1","properties":{"facility_id":"8f1f633bd37234354bae1f2bb116249c09e9a4cc6f8a1987a942d5f597d8f728","point_ordinal":1,"zone_group_id":"483301005357","source_manage_no":"483301005358","facility_name":"화제초등학교병설유치원","sgg_code":"48330","facility_type_code":"1","api_first_registered_on":"2006-03-01","api_last_modified_on":null,"updated_at":"2026-07-25T01:27:52.347112+00:00"},"geometry":{"type":"Point","coordinates":[128.978424268,35.35100323]}},{"type":"Feature","id":"c0022b4fd642f481f7272ea23d5ca6ac99b4d709a5a1b038b946bb583bccc7f2-1","properties":{"facility_id":"c0022b4fd642f481f7272ea23d5ca6ac99b4d709a5a1b038b946bb583bccc7f2","point_ordinal":1,"zone_group_id":"483301005359","source_manage_no":"483301005359","facility_name":"황산초등학교","sgg_code":"48330","facility_type_code":"1","api_first_registered_on":"2008-03-01","api_last_modified_on":"2025-03-28","updated_at":"2026-07-25T01:27:52.347112+00:00"},"geometry":{"type":"Point","coordinates":[129.009585912,35.330931436]}},{"type":"Feature","id":"7c657d35a546c72a16c22df7939f71db127a8526171ff496904f0b0e686c10c1-1","properties":{"facility_id":"7c657d35a546c72a16c22df7939f71db127a8526171ff496904f0b0e686c10c1","point_ordinal":1,"zone_group_id":"483301023006","source_manage_no":"483301023006","facility_name":"회야초등학교","sgg_code":"48330","facility_type_code":"1","api_first_registered_on":null,"api_last_modified_on":null,"updated_at":"2026-07-25T01:27:52.347112+00:00"},"geometry":{"type":"Point","coordinates":[129.16036377,35.373867813]}},{"type":"Feature","id":"e1cd4f32aae5750917e1aaa1e2390d0777000b5d61fd2ac7d32a94dcf5dd7472-1","properties":{"facility_id":"e1cd4f32aae5750917e1aaa1e2390d0777000b5d61fd2ac7d32a94dcf5dd7472","point_ordinal":1,"zone_group_id":"483301023006","source_manage_no":"483301028502","facility_name":"회야초등학교병설유치원","sgg_code":"48330","facility_type_code":"1","api_first_registered_on":null,"api_last_modified_on":"2025-02-19","updated_at":"2026-07-25T01:27:52.347112+00:00"},"geometry":{"type":"Point","coordinates":[129.160723956,35.374086812]}},{"type":"Feature","id":"c5a8f7bb0e1fef6f728c7589910f94aafc7ad1901312dc050008df6ae4906f09-1","properties":{"facility_id":"c5a8f7bb0e1fef6f728c7589910f94aafc7ad1901312dc050008df6ae4906f09","point_ordinal":1,"zone_group_id":"487202025447","source_manage_no":"487202025447","facility_name":"가례마을 복지회관","sgg_code":"48720","facility_type_code":"2","api_first_registered_on":null,"api_last_modified_on":null,"updated_at":"2026-07-25T01:27:52.347112+00:00"},"geometry":{"type":"Point","coordinates":[128.242333612,35.323597553]}},{"type":"Feature","id":"cff0666f265815882e98600807b501e918c4b8f3d953489daf85e51b1627d332-1","properties":{"facility_id":"cff0666f265815882e98600807b501e918c4b8f3d953489daf85e51b1627d332","point_ordinal":1,"zone_group_id":"487201005419","source_manage_no":"487201005419","facility_name":"가례초등학교","sgg_code":"48720","facility_type_code":"1","api_first_registered_on":"2020-05-20","api_last_modified_on":null,"updated_at":"2026-07-25T01:27:52.347112+00:00"},"geometry":{"type":"Point","coordinates":[128.246421876,35.332738095]}},{"type":"Feature","id":"afc6e52f3d6a796ddf3dd633f5001e929c81e53e2a28c71a4bb3b683027a2cff-1","properties":{"facility_id":"afc6e52f3d6a796ddf3dd633f5001e929c81e53e2a28c71a4bb3b683027a2cff","point_ordinal":1,"zone_group_id":"487201005420","source_manage_no":"487201005420","facility_name":"경남은광학교","sgg_code":"48720","facility_type_code":"1","api_first_registered_on":"2020-05-20","api_last_modified_on":null,"updated_at":"2026-07-25T01:27:52.347112+00:00"},"geometry":{"type":"Point","coordinates":[128.226601614,35.329874317]}},{"type":"Feature","id":"49071d1ed90ca839040241fa76af3c2f3b45f0c74d221eefafe33ae227722767-1","properties":{"facility_id":"49071d1ed90ca839040241fa76af3c2f3b45f0c74d221eefafe33ae227722767","point_ordinal":1,"zone_group_id":"487201005435","source_manage_no":"487201005434","facility_name":"공립 의령유치원","sgg_code":"48720","facility_type_code":"1","api_first_registered_on":"2020-05-20","api_last_modified_on":"2025-06-30","updated_at":"2026-07-25T01:27:52.347112+00:00"},"geometry":{"type":"Point","coordinates":[128.266771445,35.319266043]}},{"type":"Feature","id":"ef0cbef0b424822441d655d295920a64dc3b58c130eb1c4dc384b795fa258255-1","properties":{"facility_id":"ef0cbef0b424822441d655d295920a64dc3b58c130eb1c4dc384b795fa258255","point_ordinal":1,"zone_group_id":"487202025449","source_manage_no":"487202025449","facility_name":"괴진마을 복지회관","sgg_code":"48720","facility_type_code":"2","api_first_registered_on":"2021-04-28","api_last_modified_on":"2025-06-30","updated_at":"2026-07-25T01:27:52.347112+00:00"},"geometry":{"type":"Point","coordinates":[128.242197461,35.352786333]}},{"type":"Feature","id":"7838d78a0a02a0a194201ca53e5d6c30d3b6ba0907f85a24dab52297964a7773-1","properties":{"facility_id":"7838d78a0a02a0a194201ca53e5d6c30d3b6ba0907f85a24dab52297964a7773","point_ordinal":1,"zone_group_id":"487201022129","source_manage_no":"487201022129","facility_name":"낙서초등학교","sgg_code":"48720","facility_type_code":"1","api_first_registered_on":"2020-05-20","api_last_modified_on":null,"updated_at":"2026-07-25T01:27:52.347112+00:00"},"geometry":{"type":"Point","coordinates":[128.414317016,35.481372441]}},{"type":"Feature","id":"ec465f2c70bbc3396652cdf0aaab7608b3d446b784f981a5f23684d2a6e03093-1","properties":{"facility_id":"ec465f2c70bbc3396652cdf0aaab7608b3d446b784f981a5f23684d2a6e03093","point_ordinal":1,"zone_group_id":"487201022129","source_manage_no":"487201005424","facility_name":"낙서초등학교병설유치원","sgg_code":"48720","facility_type_code":"1","api_first_registered_on":"2006-09-11","api_last_modified_on":null,"updated_at":"2026-07-25T01:27:52.347112+00:00"},"geometry":{"type":"Point","coordinates":[128.414497628,35.48130172]}},{"type":"Feature","id":"67bdd09f35a3da16a5cc4011df34ea184363e6803196256e47a441ee8c251139-1","properties":{"facility_id":"67bdd09f35a3da16a5cc4011df34ea184363e6803196256e47a441ee8c251139","point_ordinal":1,"zone_group_id":"487201005435","source_manage_no":"487201005435","facility_name":"남산초등학교","sgg_code":"48720","facility_type_code":"1","api_first_registered_on":"2020-05-20","api_last_modified_on":null,"updated_at":"2026-07-25T01:27:52.347112+00:00"},"geometry":{"type":"Point","coordinates":[128.267921472,35.321053066]}},{"type":"Feature","id":"e21574712feb3e348eb3b94cf735f67cc1b30046229463d3fb5c57f372f481eb-1","properties":{"facility_id":"e21574712feb3e348eb3b94cf735f67cc1b30046229463d3fb5c57f372f481eb","point_ordinal":1,"zone_group_id":"487201022089","source_manage_no":"487201022089","facility_name":"대의초등학교","sgg_code":"48720","facility_type_code":"1","api_first_registered_on":"2020-05-20","api_last_modified_on":null,"updated_at":"2026-07-25T01:27:52.347112+00:00"},"geometry":{"type":"Point","coordinates":[128.109046441,35.37114868]}},{"type":"Feature","id":"5490d3e964c0f3011f932190e6579de69cbc914614a2d2298cc565a7dc186fb6-1","properties":{"facility_id":"5490d3e964c0f3011f932190e6579de69cbc914614a2d2298cc565a7dc186fb6","point_ordinal":1,"zone_group_id":"487201022089","source_manage_no":"487201005426","facility_name":"대의초등학교병설유치원","sgg_code":"48720","facility_type_code":"1","api_first_registered_on":"2020-05-20","api_last_modified_on":null,"updated_at":"2026-07-25T01:27:52.347112+00:00"},"geometry":{"type":"Point","coordinates":[128.109180058,35.371185958]}},{"type":"Feature","id":"2643bae5a9e115ce28a7a9022511e44507028f4b186a1a55cee8bbbf5ae27319-1","properties":{"facility_id":"2643bae5a9e115ce28a7a9022511e44507028f4b186a1a55cee8bbbf5ae27319","point_ordinal":1,"zone_group_id":"487201005429","source_manage_no":"487201005429","facility_name":"부림초등학교","sgg_code":"48720","facility_type_code":"1","api_first_registered_on":"2020-05-20","api_last_modified_on":null,"updated_at":"2026-07-25T01:27:52.347112+00:00"},"geometry":{"type":"Point","coordinates":[128.320880946,35.464568514]}},{"type":"Feature","id":"b038a2bbc990e7cc31cf25cf260f009d12c8d7a1af3783db1dd15d4078d10ada-1","properties":{"facility_id":"b038a2bbc990e7cc31cf25cf260f009d12c8d7a1af3783db1dd15d4078d10ada","point_ordinal":1,"zone_group_id":"487201005429","source_manage_no":"487201005430","facility_name":"부림초등학교 병설유치원","sgg_code":"48720","facility_type_code":"1","api_first_registered_on":"2020-05-20","api_last_modified_on":null,"updated_at":"2026-07-25T01:27:52.347112+00:00"},"geometry":{"type":"Point","coordinates":[128.320891187,35.464521087]}},{"type":"Feature","id":"732426689976d4a599c6993cf8cdea173596fa8815e699c6611b386347ccc42e-1","properties":{"facility_id":"732426689976d4a599c6993cf8cdea173596fa8815e699c6611b386347ccc42e","point_ordinal":1,"zone_group_id":"487201005427","source_manage_no":"487201005427","facility_name":"부림초등학교 봉수분교","sgg_code":"48720","facility_type_code":"1","api_first_registered_on":"2020-05-20","api_last_modified_on":null,"updated_at":"2026-07-25T01:27:52.347112+00:00"},"geometry":{"type":"Point","coordinates":[128.241584739,35.478707854]}},{"type":"Feature","id":"4fdaf61c2b86d5b1d55a62e384895a775a89e019c4dc7f46537c77d915770dc8-1","properties":{"facility_id":"4fdaf61c2b86d5b1d55a62e384895a775a89e019c4dc7f46537c77d915770dc8","point_ordinal":1,"zone_group_id":"487201005427","source_manage_no":"487201005428","facility_name":"부림초등학교 봉수분교 병설유치원","sgg_code":"48720","facility_type_code":"1","api_first_registered_on":"2020-05-20","api_last_modified_on":null,"updated_at":"2026-07-25T01:27:52.347112+00:00"},"geometry":{"type":"Point","coordinates":[128.24135402,35.478750784]}},{"type":"Feature","id":"b7eca4a0a1df7b3a6cf3c6611f2ad265309dcad76a6bf00801c5ac395534034e-1","properties":{"facility_id":"b7eca4a0a1df7b3a6cf3c6611f2ad265309dcad76a6bf00801c5ac395534034e","point_ordinal":1,"zone_group_id":"487201005431","source_manage_no":"487201005431","facility_name":"용덕초등학교","sgg_code":"48720","facility_type_code":"1","api_first_registered_on":"2020-05-20","api_last_modified_on":null,"updated_at":"2026-07-25T01:27:52.347112+00:00"},"geometry":{"type":"Point","coordinates":[128.291305112,35.348700637]}},{"type":"Feature","id":"be4c2d7166a2b1db0ff5ab8189a197821f4d626ade36a5af820e4a4beba767c1-1","properties":{"facility_id":"be4c2d7166a2b1db0ff5ab8189a197821f4d626ade36a5af820e4a4beba767c1","point_ordinal":1,"zone_group_id":"487201005432","source_manage_no":"487201005432","facility_name":"유곡초등학교","sgg_code":"48720","facility_type_code":"1","api_first_registered_on":"2020-05-20","api_last_modified_on":null,"updated_at":"2026-07-25T01:27:52.347112+00:00"},"geometry":{"type":"Point","coordinates":[128.314076803,35.433250936]}},{"type":"Feature","id":"89a46c2046abf276179c6cf5087e50c16159159e0eabd44cb2024ac292a35a6f-1","properties":{"facility_id":"89a46c2046abf276179c6cf5087e50c16159159e0eabd44cb2024ac292a35a6f","point_ordinal":1,"zone_group_id":"487201005432","source_manage_no":"487201022096","facility_name":"유곡초등학교 병설유치원","sgg_code":"48720","facility_type_code":"1","api_first_registered_on":"2020-05-20","api_last_modified_on":null,"updated_at":"2026-07-25T01:27:52.347112+00:00"},"geometry":{"type":"Point","coordinates":[128.314131541,35.433207731]}},{"type":"Feature","id":"940ff5e70ca85c0ea870544c721143935e68bed8d997f53dfc8ef83f8c360246-1","properties":{"facility_id":"940ff5e70ca85c0ea870544c721143935e68bed8d997f53dfc8ef83f8c360246","point_ordinal":1,"zone_group_id":"487201005436","source_manage_no":"487201005436","facility_name":"의령초등학교","sgg_code":"48720","facility_type_code":"1","api_first_registered_on":"2002-06-25","api_last_modified_on":null,"updated_at":"2026-07-25T01:27:52.347112+00:00"},"geometry":{"type":"Point","coordinates":[128.26066419,35.321450592]}},{"type":"Feature","id":"87554131bc57189c15d70ed3650f2a5f0d003e59f70156da4c3eb5b889703223-1","properties":{"facility_id":"87554131bc57189c15d70ed3650f2a5f0d003e59f70156da4c3eb5b889703223","point_ordinal":1,"zone_group_id":"487201005438","source_manage_no":"487201005438","facility_name":"정곡초등학교","sgg_code":"48720","facility_type_code":"1","api_first_registered_on":"2020-05-20","api_last_modified_on":null,"updated_at":"2026-07-25T01:27:52.347112+00:00"},"geometry":{"type":"Point","coordinates":[128.325145823,35.378950413]}},{"type":"Feature","id":"619e3f4d42b5286afb02cdd3f116d70e206bf5278c16cb7c625109657ce83ea6-1","properties":{"facility_id":"619e3f4d42b5286afb02cdd3f116d70e206bf5278c16cb7c625109657ce83ea6","point_ordinal":1,"zone_group_id":"487201005438","source_manage_no":"487201022127","facility_name":"정곡초등학교 병설유치원","sgg_code":"48720","facility_type_code":"1","api_first_registered_on":"2020-05-20","api_last_modified_on":null,"updated_at":"2026-07-25T01:27:52.347112+00:00"},"geometry":{"type":"Point","coordinates":[128.32519805,35.379005555]}},{"type":"Feature","id":"16d1e18f0fdd4a9860147c3bdcac386d384454e9cf08e2168ecb0d0a916e5464-1","properties":{"facility_id":"16d1e18f0fdd4a9860147c3bdcac386d384454e9cf08e2168ecb0d0a916e5464","point_ordinal":1,"zone_group_id":"487201022092","source_manage_no":"487201022092","facility_name":"지정초등학교","sgg_code":"48720","facility_type_code":"1","api_first_registered_on":"2020-05-20","api_last_modified_on":null,"updated_at":"2026-07-25T01:27:52.347112+00:00"},"geometry":{"type":"Point","coordinates":[128.38773245,35.382786794]}},{"type":"Feature","id":"55114e7c88c3808ec0efe05834215be6e0e0a62fd85ff021b68048c29be1fbfd-1","properties":{"facility_id":"55114e7c88c3808ec0efe05834215be6e0e0a62fd85ff021b68048c29be1fbfd","point_ordinal":1,"zone_group_id":"487201022092","source_manage_no":"487201005439","facility_name":"지정초등학교 병설유치원","sgg_code":"48720","facility_type_code":"1","api_first_registered_on":"1998-06-28","api_last_modified_on":null,"updated_at":"2026-07-25T01:27:52.347112+00:00"},"geometry":{"type":"Point","coordinates":[128.387752221,35.382654223]}},{"type":"Feature","id":"c44c03a1950a369eaedb3bb3f80449ddd29193e4f750573c5a7495ef3c1c1ee1-1","properties":{"facility_id":"c44c03a1950a369eaedb3bb3f80449ddd29193e4f750573c5a7495ef3c1c1ee1","point_ordinal":1,"zone_group_id":"487202025448","source_manage_no":"487202025448","facility_name":"칠곡 화촌마을","sgg_code":"48720","facility_type_code":"2","api_first_registered_on":"2021-04-28","api_last_modified_on":null,"updated_at":"2026-07-25T01:27:52.347112+00:00"},"geometry":{"type":"Point","coordinates":[128.194495882,35.346048094]}},{"type":"Feature","id":"3cd1a1ce0c01f803f83daceb3e700fc5b88cc78627c03151734ad537fefabb2b-1","properties":{"facility_id":"3cd1a1ce0c01f803f83daceb3e700fc5b88cc78627c03151734ad537fefabb2b","point_ordinal":1,"zone_group_id":"487201005441","source_manage_no":"487201005441","facility_name":"칠곡초등학교","sgg_code":"48720","facility_type_code":"1","api_first_registered_on":"2020-05-20","api_last_modified_on":null,"updated_at":"2026-07-25T01:27:52.347112+00:00"},"geometry":{"type":"Point","coordinates":[128.195269036,35.340535999]}},{"type":"Feature","id":"42dd2519970aabfe01aa7e06e8df43b0f04a14aa7ac7feab1ebb72144b88de55-1","properties":{"facility_id":"42dd2519970aabfe01aa7e06e8df43b0f04a14aa7ac7feab1ebb72144b88de55","point_ordinal":1,"zone_group_id":"487201005442","source_manage_no":"487201005442","facility_name":"화정초등학교","sgg_code":"48720","facility_type_code":"1","api_first_registered_on":"1998-06-27","api_last_modified_on":null,"updated_at":"2026-07-25T01:27:52.347112+00:00"},"geometry":{"type":"Point","coordinates":[128.212014635,35.276194188]}},{"type":"Feature","id":"bf80bf9b7acc82f2e0321bda9ed9f93e4bc6ac0ecb7665d891eea5df0d2832c9-1","properties":{"facility_id":"bf80bf9b7acc82f2e0321bda9ed9f93e4bc6ac0ecb7665d891eea5df0d2832c9","point_ordinal":1,"zone_group_id":"487201005442","source_manage_no":"487201022107","facility_name":"화정초등학교 병설유치원","sgg_code":"48720","facility_type_code":"1","api_first_registered_on":"2020-05-20","api_last_modified_on":null,"updated_at":"2026-07-25T01:27:52.347112+00:00"},"geometry":{"type":"Point","coordinates":[128.212060185,35.276185214]}},{"type":"Feature","id":"e45ca385b479b655dd3a2a24b112adfbfda33064125ba3d056ff85e7e4bc98f9-1","properties":{"facility_id":"e45ca385b479b655dd3a2a24b112adfbfda33064125ba3d056ff85e7e4bc98f9","point_ordinal":1,"zone_group_id":"487301005850","source_manage_no":"487301005850","facility_name":"가야초등학교","sgg_code":"48730","facility_type_code":"1","api_first_registered_on":"1995-12-17","api_last_modified_on":null,"updated_at":"2026-07-25T01:27:52.347112+00:00"},"geometry":{"type":"Point","coordinates":[128.402163246,35.278622426]}},{"type":"Feature","id":"c97ef7d9a22b2264631f20269224d56cdc6df830f7c91e6e8a9484afb8b099bb-1","properties":{"facility_id":"c97ef7d9a22b2264631f20269224d56cdc6df830f7c91e6e8a9484afb8b099bb","point_ordinal":1,"zone_group_id":"487301005857","source_manage_no":"487301005857","facility_name":"군북초등학교","sgg_code":"48730","facility_type_code":"1","api_first_registered_on":"2010-12-22","api_last_modified_on":null,"updated_at":"2026-07-25T01:27:52.347112+00:00"},"geometry":{"type":"Point","coordinates":[128.347471819,35.257612273]}},{"type":"Feature","id":"aff91d7efb8ec5753f30500137e1095757f0e2d4904d3fc598f88116f8e91047-1","properties":{"facility_id":"aff91d7efb8ec5753f30500137e1095757f0e2d4904d3fc598f88116f8e91047","point_ordinal":1,"zone_group_id":"487301005857","source_manage_no":"487301005856","facility_name":"군북초등학교병설유치원","sgg_code":"48730","facility_type_code":"1","api_first_registered_on":"2010-12-22","api_last_modified_on":null,"updated_at":"2026-07-25T01:27:52.347112+00:00"},"geometry":{"type":"Point","coordinates":[128.347415299,35.257682751]}},{"type":"Feature","id":"cab9fa71fae7b53f6f952430a4c4da0b42c104e112e6b80f2e3f09774d500438-1","properties":{"facility_id":"cab9fa71fae7b53f6f952430a4c4da0b42c104e112e6b80f2e3f09774d500438","point_ordinal":1,"zone_group_id":"487301005861","source_manage_no":"487301005861","facility_name":"대산초등학교","sgg_code":"48730","facility_type_code":"1","api_first_registered_on":"1998-04-07","api_last_modified_on":null,"updated_at":"2026-07-25T01:27:52.347112+00:00"},"geometry":{"type":"Point","coordinates":[128.430962733,35.350780256]}},{"type":"Feature","id":"2d073ad079369d4acbd59e15c7249b6a9982d13361b7dbf5ded3b4e37e199486-1","properties":{"facility_id":"2d073ad079369d4acbd59e15c7249b6a9982d13361b7dbf5ded3b4e37e199486","point_ordinal":1,"zone_group_id":"487301005861","source_manage_no":"487301005860","facility_name":"대산초등학교병설유치원","sgg_code":"48730","facility_type_code":"1","api_first_registered_on":"1998-04-07","api_last_modified_on":null,"updated_at":"2026-07-25T01:27:52.347112+00:00"},"geometry":{"type":"Point","coordinates":[128.430960738,35.350823089]}},{"type":"Feature","id":"6543b31d3311bc6a4a202acda234c08055c94a59901be22328a94450ee398b44-1","properties":{"facility_id":"6543b31d3311bc6a4a202acda234c08055c94a59901be22328a94450ee398b44","point_ordinal":1,"zone_group_id":"487301005864","source_manage_no":"487301005864","facility_name":"문암초등학교","sgg_code":"48730","facility_type_code":"1","api_first_registered_on":"2007-05-22","api_last_modified_on":null,"updated_at":"2026-07-25T01:27:52.347112+00:00"},"geometry":{"type":"Point","coordinates":[128.457784054,35.271872375]}},{"type":"Feature","id":"a4725d52f8bf7397abf049b16b99b2006c25e73e5e0a1b965e191298b3c02242-1","properties":{"facility_id":"a4725d52f8bf7397abf049b16b99b2006c25e73e5e0a1b965e191298b3c02242","point_ordinal":1,"zone_group_id":"487301005863","source_manage_no":"487301005863","facility_name":"법수초등학교","sgg_code":"48730","facility_type_code":"1","api_first_registered_on":"1995-12-17","api_last_modified_on":null,"updated_at":"2026-07-25T01:27:52.347112+00:00"},"geometry":{"type":"Point","coordinates":[128.380469638,35.317247224]}},{"type":"Feature","id":"cf4b6a314e87aec1577f1e219da695843af9e44cf782a03b80931033ff34bb7f-1","properties":{"facility_id":"cf4b6a314e87aec1577f1e219da695843af9e44cf782a03b80931033ff34bb7f","point_ordinal":1,"zone_group_id":"487301005863","source_manage_no":"487301005862","facility_name":"법수초등학교병설유치원","sgg_code":"48730","facility_type_code":"1","api_first_registered_on":"1995-12-17","api_last_modified_on":null,"updated_at":"2026-07-25T01:27:52.347112+00:00"},"geometry":{"type":"Point","coordinates":[128.380467579,35.317287803]}},{"type":"Feature","id":"6039a87d7d29dd16047985ee6bd87bf420febacb4c2d601f062efb4834997cc5-1","properties":{"facility_id":"6039a87d7d29dd16047985ee6bd87bf420febacb4c2d601f062efb4834997cc5","point_ordinal":1,"zone_group_id":"487301005865","source_manage_no":"487301005865","facility_name":"산인초등학교","sgg_code":"48730","facility_type_code":"1","api_first_registered_on":"1998-04-07","api_last_modified_on":null,"updated_at":"2026-07-25T01:27:52.347112+00:00"},"geometry":{"type":"Point","coordinates":[128.431880094,35.28975809]}},{"type":"Feature","id":"7be65de5b31f9f06669a3f0add3e8912f2f1ebe241cdac1eccb5fa932a3f971b-1","properties":{"facility_id":"7be65de5b31f9f06669a3f0add3e8912f2f1ebe241cdac1eccb5fa932a3f971b","point_ordinal":1,"zone_group_id":"487301005852","source_manage_no":"487301005852","facility_name":"아라초등학교","sgg_code":"48730","facility_type_code":"1","api_first_registered_on":"1995-12-17","api_last_modified_on":null,"updated_at":"2026-07-25T01:27:52.347112+00:00"},"geometry":{"type":"Point","coordinates":[128.409509828,35.271416993]}},{"type":"Feature","id":"c7d1726563fb017667e900855bda3295bd843bf63f9f664f436520fbc87d3f36-1","properties":{"facility_id":"c7d1726563fb017667e900855bda3295bd843bf63f9f664f436520fbc87d3f36","point_ordinal":1,"zone_group_id":"487301005852","source_manage_no":"487301005851","facility_name":"아라초등학교병설유치원","sgg_code":"48730","facility_type_code":"1","api_first_registered_on":"1995-12-17","api_last_modified_on":null,"updated_at":"2026-07-25T01:27:52.347112+00:00"},"geometry":{"type":"Point","coordinates":[128.40945049,35.271480772]}},{"type":"Feature","id":"a307f14285d8756729066467af3067833d46a9bfa9d280ee2f59067fa921588c-1","properties":{"facility_id":"a307f14285d8756729066467af3067833d46a9bfa9d280ee2f59067fa921588c","point_ordinal":1,"zone_group_id":"487301005874","source_manage_no":"487301005874","facility_name":"예곡초등학교","sgg_code":"48730","facility_type_code":"1","api_first_registered_on":"2007-05-22","api_last_modified_on":null,"updated_at":"2026-07-25T01:27:52.347112+00:00"},"geometry":{"type":"Point","coordinates":[128.532310486,35.276301438]}},{"type":"Feature","id":"15c2f814676c570d034af2e0d68fca9eb0d5c415b4899fc42985ead8b5027cb4-1","properties":{"facility_id":"15c2f814676c570d034af2e0d68fca9eb0d5c415b4899fc42985ead8b5027cb4","point_ordinal":1,"zone_group_id":"487301005874","source_manage_no":"487301005873","facility_name":"예곡초등학교병설유치원","sgg_code":"48730","facility_type_code":"1","api_first_registered_on":"2007-05-22","api_last_modified_on":null,"updated_at":"2026-07-25T01:27:52.347112+00:00"},"geometry":{"type":"Point","coordinates":[128.532305969,35.276353316]}},{"type":"Feature","id":"2ff2d3d6109dca19b3f3eae069ebb875c280c0cde56c75b3d981f34df765326a-1","properties":{"facility_id":"2ff2d3d6109dca19b3f3eae069ebb875c280c0cde56c75b3d981f34df765326a","point_ordinal":1,"zone_group_id":"487301005867","source_manage_no":"487301005867","facility_name":"외암초등학교","sgg_code":"48730","facility_type_code":"1","api_first_registered_on":"1996-06-30","api_last_modified_on":null,"updated_at":"2026-07-25T01:27:52.347112+00:00"},"geometry":{"type":"Point","coordinates":[128.434830913,35.20895505]}},{"type":"Feature","id":"b80affd4269b86a919f4f5f2602abf1bb4764cdacb4280c86ca87fd6cae2fb10-1","properties":{"facility_id":"b80affd4269b86a919f4f5f2602abf1bb4764cdacb4280c86ca87fd6cae2fb10","point_ordinal":1,"zone_group_id":"487301005867","source_manage_no":"487301005866","facility_name":"외암초등학교병설유치원","sgg_code":"48730","facility_type_code":"1","api_first_registered_on":"1996-06-30","api_last_modified_on":null,"updated_at":"2026-07-25T01:27:52.347112+00:00"},"geometry":{"type":"Point","coordinates":[128.434834609,35.209009082]}},{"type":"Feature","id":"1469f847b6024188c8e7194143e804fdd404fc43d0277bad88e06306c40d02bd-1","properties":{"facility_id":"1469f847b6024188c8e7194143e804fdd404fc43d0277bad88e06306c40d02bd","point_ordinal":1,"zone_group_id":"487301005859","source_manage_no":"487301005859","facility_name":"월촌초등학교","sgg_code":"48730","facility_type_code":"1","api_first_registered_on":"2010-10-18","api_last_modified_on":null,"updated_at":"2026-07-25T01:27:52.347112+00:00"},"geometry":{"type":"Point","coordinates":[128.303966964,35.291496489]}},{"type":"Feature","id":"9fbdcc0cbb06cbba00f48741058139feea3474497e0d294ec58d7fff88062bfd-1","properties":{"facility_id":"9fbdcc0cbb06cbba00f48741058139feea3474497e0d294ec58d7fff88062bfd","point_ordinal":1,"zone_group_id":"487301005859","source_manage_no":"487301005858","facility_name":"월촌초등학교병설유치원","sgg_code":"48730","facility_type_code":"1","api_first_registered_on":"2010-10-18","api_last_modified_on":null,"updated_at":"2026-07-25T01:27:52.347112+00:00"},"geometry":{"type":"Point","coordinates":[128.30392846,35.291494651]}},{"type":"Feature","id":"46d04305c70f6e97bda97ce4e78d2c49bdeaf4ff8d351e8ce8eae0f2242179c8-1","properties":{"facility_id":"46d04305c70f6e97bda97ce4e78d2c49bdeaf4ff8d351e8ce8eae0f2242179c8","point_ordinal":1,"zone_group_id":"487301005876","source_manage_no":"487301005876","facility_name":"유원초등학교","sgg_code":"48730","facility_type_code":"1","api_first_registered_on":"2009-03-13","api_last_modified_on":null,"updated_at":"2026-07-25T01:27:52.347112+00:00"},"geometry":{"type":"Point","coordinates":[128.497081345,35.297828723]}},{"type":"Feature","id":"dd8c0f51bc92c46f697a78328a862da4ef5c2e7119c57e88a08a68672da62d82-1","properties":{"facility_id":"dd8c0f51bc92c46f697a78328a862da4ef5c2e7119c57e88a08a68672da62d82","point_ordinal":1,"zone_group_id":"487301005876","source_manage_no":"487301005875","facility_name":"유원초등학교병설유치원","sgg_code":"48730","facility_type_code":"1","api_first_registered_on":"2009-03-13","api_last_modified_on":null,"updated_at":"2026-07-25T01:27:52.347112+00:00"},"geometry":{"type":"Point","coordinates":[128.497080017,35.29775664]}},{"type":"Feature","id":"9fb96cf41f328f4b61e534bbfd900be47a09a7d93ea024c959a71405fc985956-1","properties":{"facility_id":"9fb96cf41f328f4b61e534bbfd900be47a09a7d93ea024c959a71405fc985956","point_ordinal":1,"zone_group_id":"487301005853","source_manage_no":"487301005853","facility_name":"중앙초등학교","sgg_code":"48730","facility_type_code":"1","api_first_registered_on":"1995-12-17","api_last_modified_on":null,"updated_at":"2026-07-25T01:27:52.347112+00:00"},"geometry":{"type":"Point","coordinates":[128.400227532,35.29248641]}},{"type":"Feature","id":"b9ddfff29140c6f2b92da53a3988e1a3364b8e83141a141de3a8bce5b26c9e1a-1","properties":{"facility_id":"b9ddfff29140c6f2b92da53a3988e1a3364b8e83141a141de3a8bce5b26c9e1a","point_ordinal":1,"zone_group_id":"487301005872","source_manage_no":"487301005872","facility_name":"칠서초등학교","sgg_code":"48730","facility_type_code":"1","api_first_registered_on":"2009-03-13","api_last_modified_on":null,"updated_at":"2026-07-25T01:27:52.347112+00:00"},"geometry":{"type":"Point","coordinates":[128.498676876,35.332747739]}},{"type":"Feature","id":"4392e9263108318bcf7bcff680b7049b11a4c7169df34453a8dc787c97f5d414-1","properties":{"facility_id":"4392e9263108318bcf7bcff680b7049b11a4c7169df34453a8dc787c97f5d414","point_ordinal":1,"zone_group_id":"487301005870","source_manage_no":"487301005870","facility_name":"칠서초등학교 이룡분교","sgg_code":"48730","facility_type_code":"1","api_first_registered_on":"1998-04-07","api_last_modified_on":null,"updated_at":"2026-07-25T01:27:52.347112+00:00"},"geometry":{"type":"Point","coordinates":[128.506249514,35.387072118]}},{"type":"Feature","id":"022b849d94d32fdde7126859ead763fea8cea3b978d8a80c9b46c7d47a12065d-1","properties":{"facility_id":"022b849d94d32fdde7126859ead763fea8cea3b978d8a80c9b46c7d47a12065d","point_ordinal":1,"zone_group_id":"487301005872","source_manage_no":"487301005871","facility_name":"칠서초등학교병설유치원","sgg_code":"48730","facility_type_code":"1","api_first_registered_on":"2009-03-13","api_last_modified_on":null,"updated_at":"2026-07-25T01:27:52.347112+00:00"},"geometry":{"type":"Point","coordinates":[128.498675919,35.33269593]}},{"type":"Feature","id":"fd0fb619143cb4457698397792a8cdac82c74091650f8f8a2cc5d7522875cd6b-1","properties":{"facility_id":"fd0fb619143cb4457698397792a8cdac82c74091650f8f8a2cc5d7522875cd6b","point_ordinal":1,"zone_group_id":"487301005878","source_manage_no":"487301005878","facility_name":"칠원초등학교","sgg_code":"48730","facility_type_code":"1","api_first_registered_on":"2009-03-13","api_last_modified_on":null,"updated_at":"2026-07-25T01:27:52.347112+00:00"},"geometry":{"type":"Point","coordinates":[128.520009908,35.307224273]}},{"type":"Feature","id":"2d64d3252ef9c0b10d85d4cb1a1dffbaa031215a85f04c232e72f4415d8e73f3-1","properties":{"facility_id":"2d64d3252ef9c0b10d85d4cb1a1dffbaa031215a85f04c232e72f4415d8e73f3","point_ordinal":1,"zone_group_id":"487301005878","source_manage_no":"487301005877","facility_name":"칠원초등학교병설유치원","sgg_code":"48730","facility_type_code":"1","api_first_registered_on":"2009-03-13","api_last_modified_on":null,"updated_at":"2026-07-25T01:27:52.347112+00:00"},"geometry":{"type":"Point","coordinates":[128.520011434,35.307158914]}},{"type":"Feature","id":"4041982f55d675e0bd0d0e0d3974ef7d65f99eab70e269283e0ccdbd7b61b40f-1","properties":{"facility_id":"4041982f55d675e0bd0d0e0d3974ef7d65f99eab70e269283e0ccdbd7b61b40f","point_ordinal":1,"zone_group_id":"487302005855","source_manage_no":"487302005855","facility_name":"함안노인복지회관","sgg_code":"48730","facility_type_code":"2","api_first_registered_on":"2009-01-01","api_last_modified_on":null,"updated_at":"2026-07-25T01:27:52.347112+00:00"},"geometry":{"type":"Point","coordinates":[128.410438023,35.275233288]}},{"type":"Feature","id":"15244bc904e9c99d7eca4d683028c95373913d7b9fd73d4be7d92a3fed3ad642-1","properties":{"facility_id":"15244bc904e9c99d7eca4d683028c95373913d7b9fd73d4be7d92a3fed3ad642","point_ordinal":1,"zone_group_id":"487301005854","source_manage_no":"487301005854","facility_name":"함안유치원","sgg_code":"48730","facility_type_code":"1","api_first_registered_on":"2009-03-13","api_last_modified_on":null,"updated_at":"2026-07-25T01:27:52.347112+00:00"},"geometry":{"type":"Point","coordinates":[128.399622017,35.276522437]}},{"type":"Feature","id":"74a8c2f6b44919ce2e81f9702c71013f0de304c53d2e3d25ddd5591a1fa3a24f-1","properties":{"facility_id":"74a8c2f6b44919ce2e81f9702c71013f0de304c53d2e3d25ddd5591a1fa3a24f","point_ordinal":1,"zone_group_id":"487301005881","source_manage_no":"487301005881","facility_name":"함안초등학교","sgg_code":"48730","facility_type_code":"1","api_first_registered_on":"1996-06-30","api_last_modified_on":null,"updated_at":"2026-07-25T01:27:52.347112+00:00"},"geometry":{"type":"Point","coordinates":[128.421793063,35.240756719]}},{"type":"Feature","id":"dde34c582c318004716c8924b97e881bad6c8df16a64b168d272a516df1ef183-1","properties":{"facility_id":"dde34c582c318004716c8924b97e881bad6c8df16a64b168d272a516df1ef183","point_ordinal":1,"zone_group_id":"487301005881","source_manage_no":"487301005880","facility_name":"함안초등학교병설유치원","sgg_code":"48730","facility_type_code":"1","api_first_registered_on":"1996-06-30","api_last_modified_on":null,"updated_at":"2026-07-25T01:27:52.347112+00:00"},"geometry":{"type":"Point","coordinates":[128.421797107,35.240831025]}},{"type":"Feature","id":"9185437158602f987e64a5a000e01057b34617980b4cf797b7fe332e0130d7b0-1","properties":{"facility_id":"9185437158602f987e64a5a000e01057b34617980b4cf797b7fe332e0130d7b0","point_ordinal":1,"zone_group_id":"487301005879","source_manage_no":"487301005879","facility_name":"호암초등학교","sgg_code":"48730","facility_type_code":"1","api_first_registered_on":"2008-06-12","api_last_modified_on":null,"updated_at":"2026-07-25T01:27:52.347112+00:00"},"geometry":{"type":"Point","coordinates":[128.520942432,35.274423572]}},{"type":"Feature","id":"e980b8124ccfdc074e54db60cf3472a2444df6838189ef97a81ddf34b71725cc-1","properties":{"facility_id":"e980b8124ccfdc074e54db60cf3472a2444df6838189ef97a81ddf34b71725cc","point_ordinal":1,"zone_group_id":"487402005951","source_manage_no":"487402005951","facility_name":"계전경로당","sgg_code":"48740","facility_type_code":"2","api_first_registered_on":"2016-03-09","api_last_modified_on":"2025-09-18","updated_at":"2026-07-25T01:27:52.347112+00:00"},"geometry":{"type":"Point","coordinates":[128.502204036,35.481099553]}},{"type":"Feature","id":"d74f4abb0b9e187bb03cfb9b3c7a9e73fefd1c19c9ecca28626b61fe6d7e5f79-1","properties":{"facility_id":"d74f4abb0b9e187bb03cfb9b3c7a9e73fefd1c19c9ecca28626b61fe6d7e5f79","point_ordinal":1,"zone_group_id":"487401005547","source_manage_no":"487401005547","facility_name":"계창초등학교","sgg_code":"48740","facility_type_code":"1","api_first_registered_on":"2004-11-01","api_last_modified_on":null,"updated_at":"2026-07-25T01:27:52.347112+00:00"},"geometry":{"type":"Point","coordinates":[128.508860604,35.48434555]}},{"type":"Feature","id":"ac8d1bb9534cfdfd79655f978a5ec3d7931efdb0bd34b26dadfe6c67e316a622-1","properties":{"facility_id":"ac8d1bb9534cfdfd79655f978a5ec3d7931efdb0bd34b26dadfe6c67e316a622","point_ordinal":1,"zone_group_id":"487401005548","source_manage_no":"487401005548","facility_name":"계창초등학교병설유치원","sgg_code":"48740","facility_type_code":"1","api_first_registered_on":"2004-11-01","api_last_modified_on":null,"updated_at":"2026-07-25T01:27:52.347112+00:00"},"geometry":{"type":"Point","coordinates":[128.508860604,35.48434555]}},{"type":"Feature","id":"51c61cb57ca6283ccfd95cf312789ac84db7a12fd959ecef290eb9032a3cdd6d-1","properties":{"facility_id":"51c61cb57ca6283ccfd95cf312789ac84db7a12fd959ecef290eb9032a3cdd6d","point_ordinal":1,"zone_group_id":"487401005549","source_manage_no":"487401005549","facility_name":"고암초등학교","sgg_code":"48740","facility_type_code":"1","api_first_registered_on":"2008-10-31","api_last_modified_on":null,"updated_at":"2026-08-26T02:41:31.578329+00:00"},"geometry":{"type":"Point","coordinates":[128.511278982,35.576567706]}},{"type":"Feature","id":"2dd4a789f080f9fec900dbd760a9f03be7c85eb5b6371c65c2b8edd6a0728975-1","properties":{"facility_id":"2dd4a789f080f9fec900dbd760a9f03be7c85eb5b6371c65c2b8edd6a0728975","point_ordinal":1,"zone_group_id":"487401005550","source_manage_no":"487401005550","facility_name":"고암초등학교병설유치원","sgg_code":"48740","facility_type_code":"1","api_first_registered_on":"2008-10-31","api_last_modified_on":null,"updated_at":"2026-07-25T01:27:52.347112+00:00"},"geometry":{"type":"Point","coordinates":[128.511274864,35.576642106]}},{"type":"Feature","id":"9d7e2988848aa2db1d30a41d02a752ee4bc852316250193048e9d2cc83c7e142-1","properties":{"facility_id":"9d7e2988848aa2db1d30a41d02a752ee4bc852316250193048e9d2cc83c7e142","point_ordinal":1,"zone_group_id":"487402029513","source_manage_no":"487402029513","facility_name":"관동경로당","sgg_code":"48740","facility_type_code":"2","api_first_registered_on":null,"api_last_modified_on":"2025-08-29","updated_at":"2026-07-25T01:27:52.347112+00:00"},"geometry":{"type":"Point","coordinates":[128.497008617,35.456923186]}},{"type":"Feature","id":"4eef52e107c17681cdbee419ad23ea5186d009b7fce5dec887df52dbea360278-1","properties":{"facility_id":"4eef52e107c17681cdbee419ad23ea5186d009b7fce5dec887df52dbea360278","point_ordinal":1,"zone_group_id":"487401005552","source_manage_no":"487401005552","facility_name":"길곡초등학교","sgg_code":"48740","facility_type_code":"1","api_first_registered_on":"1998-06-02","api_last_modified_on":null,"updated_at":"2026-07-25T01:27:52.347112+00:00"},"geometry":{"type":"Point","coordinates":[128.568814878,35.384974952]}},{"type":"Feature","id":"a2c60aff66332b7a821d7c024d1a18987a573b7825729e93324852e2305d8172-1","properties":{"facility_id":"a2c60aff66332b7a821d7c024d1a18987a573b7825729e93324852e2305d8172","point_ordinal":1,"zone_group_id":"487401005553","source_manage_no":"487401005553","facility_name":"길곡초등학교병설유치원","sgg_code":"48740","facility_type_code":"1","api_first_registered_on":"1998-06-02","api_last_modified_on":null,"updated_at":"2026-07-25T01:27:52.347112+00:00"},"geometry":{"type":"Point","coordinates":[128.568814878,35.384974952]}},{"type":"Feature","id":"d42184e5bd9a5f212a354971e830fb86de3b84614ff9c5366119ad55b42b2372-1","properties":{"facility_id":"d42184e5bd9a5f212a354971e830fb86de3b84614ff9c5366119ad55b42b2372","point_ordinal":1,"zone_group_id":"487401005554","source_manage_no":"487401005554","facility_name":"남지초등학교","sgg_code":"48740","facility_type_code":"1","api_first_registered_on":"2002-09-16","api_last_modified_on":null,"updated_at":"2026-07-25T01:27:52.347112+00:00"},"geometry":{"type":"Point","coordinates":[128.471559817,35.388293791]}},{"type":"Feature","id":"aee465d533837ae8463ddb153e5d08d914c703f9d7840021a321ee73c49b3511-1","properties":{"facility_id":"aee465d533837ae8463ddb153e5d08d914c703f9d7840021a321ee73c49b3511","point_ordinal":1,"zone_group_id":"487401005555","source_manage_no":"487401005555","facility_name":"남지초등학교병설유치원","sgg_code":"48740","facility_type_code":"1","api_first_registered_on":"2002-09-16","api_last_modified_on":null,"updated_at":"2026-07-25T01:27:52.347112+00:00"},"geometry":{"type":"Point","coordinates":[128.471559817,35.388293791]}},{"type":"Feature","id":"07795896bbec47c3c8e7c0fc9a239cc1ebb50abeed1ac786c0780e9b60d48e3f-1","properties":{"facility_id":"07795896bbec47c3c8e7c0fc9a239cc1ebb50abeed1ac786c0780e9b60d48e3f","point_ordinal":1,"zone_group_id":"487401005559","source_manage_no":"487401005559","facility_name":"대지초등학교","sgg_code":"48740","facility_type_code":"1","api_first_registered_on":"2008-10-31","api_last_modified_on":null,"updated_at":"2026-07-25T01:27:52.347112+00:00"},"geometry":{"type":"Point","coordinates":[128.463916243,35.556166703]}},{"type":"Feature","id":"09f46a163d3f6d76433d672e92bc52fd7c41c17214d942b2dfa88e238c4b5cb8-1","properties":{"facility_id":"09f46a163d3f6d76433d672e92bc52fd7c41c17214d942b2dfa88e238c4b5cb8","point_ordinal":1,"zone_group_id":"487401005560","source_manage_no":"487401005560","facility_name":"대지초등학교병설유치원","sgg_code":"48740","facility_type_code":"1","api_first_registered_on":"2008-10-31","api_last_modified_on":null,"updated_at":"2026-07-25T01:27:52.347112+00:00"},"geometry":{"type":"Point","coordinates":[128.463916243,35.556166703]}},{"type":"Feature","id":"1ed9bfc42d50420bc6b1832bbac7f7ebf7329a5184772e2754f80b0a6d6e683b-1","properties":{"facility_id":"1ed9bfc42d50420bc6b1832bbac7f7ebf7329a5184772e2754f80b0a6d6e683b","point_ordinal":1,"zone_group_id":"487402029567","source_manage_no":"487402029567","facility_name":"대합신당경로당","sgg_code":"48740","facility_type_code":"2","api_first_registered_on":"2024-08-27","api_last_modified_on":"2025-09-18","updated_at":"2026-07-25T01:27:52.347112+00:00"},"geometry":{"type":"Point","coordinates":[128.437366062,35.575746303]}},{"type":"Feature","id":"b59c64a51f1476b00bdb4045baba463b61afa9e4e15aa7eca43dd2f7f8ef19e9-1","properties":{"facility_id":"b59c64a51f1476b00bdb4045baba463b61afa9e4e15aa7eca43dd2f7f8ef19e9","point_ordinal":1,"zone_group_id":"487401005561","source_manage_no":"487401005561","facility_name":"대합초등학교","sgg_code":"48740","facility_type_code":"1","api_first_registered_on":"2004-11-01","api_last_modified_on":null,"updated_at":"2026-07-25T01:27:52.347112+00:00"},"geometry":{"type":"Point","coordinates":[128.469227737,35.614233189]}},{"type":"Feature","id":"c3f2081d66e2aeec9f86f46b217e3acad4a0ea6a1c2fc0d6fabae5539ee6dd38-1","properties":{"facility_id":"c3f2081d66e2aeec9f86f46b217e3acad4a0ea6a1c2fc0d6fabae5539ee6dd38","point_ordinal":1,"zone_group_id":"487401005562","source_manage_no":"487401005562","facility_name":"대합초등학교병설유치원","sgg_code":"48740","facility_type_code":"1","api_first_registered_on":"2004-11-01","api_last_modified_on":null,"updated_at":"2026-07-25T01:27:52.347112+00:00"},"geometry":{"type":"Point","coordinates":[128.469227737,35.614233189]}},{"type":"Feature","id":"4013988b46eaa7e703f76a72c54460b51c2750782f677ec5ce7e6564e0f70f9d-1","properties":{"facility_id":"4013988b46eaa7e703f76a72c54460b51c2750782f677ec5ce7e6564e0f70f9d","point_ordinal":1,"zone_group_id":"487402005551","source_manage_no":"487402005551","facility_name":"더케이서드에이지","sgg_code":"48740","facility_type_code":"2","api_first_registered_on":"2016-01-01","api_last_modified_on":"2025-09-18","updated_at":"2026-07-25T01:27:52.347112+00:00"},"geometry":{"type":"Point","coordinates":[128.512472646,35.578064647]}},{"type":"Feature","id":"b0eb9cef5ec2d54185df5153250f76506ff00c0a4cbb9162e888d7608fe36ea9-1","properties":{"facility_id":"b0eb9cef5ec2d54185df5153250f76506ff00c0a4cbb9162e888d7608fe36ea9","point_ordinal":1,"zone_group_id":"487401005563","source_manage_no":"487401005563","facility_name":"도천초등학교","sgg_code":"48740","facility_type_code":"1","api_first_registered_on":"1998-06-02","api_last_modified_on":null,"updated_at":"2026-07-25T01:27:52.347112+00:00"},"geometry":{"type":"Point","coordinates":[128.517717443,35.433996357]}},{"type":"Feature","id":"acb03271396103134e9b726c9c5e78ecffc153ca744d610572f078eef486826b-1","properties":{"facility_id":"acb03271396103134e9b726c9c5e78ecffc153ca744d610572f078eef486826b","point_ordinal":1,"zone_group_id":"487401005564","source_manage_no":"487401005564","facility_name":"도천초등학교병설유치원","sgg_code":"48740","facility_type_code":"1","api_first_registered_on":"1998-06-02","api_last_modified_on":null,"updated_at":"2026-07-25T01:27:52.347112+00:00"},"geometry":{"type":"Point","coordinates":[128.517717443,35.433996357]}},{"type":"Feature","id":"07f48f15f0d4b29d8456a8e31421e605c3e787d59d9ad7aba9bff40af971490e-1","properties":{"facility_id":"07f48f15f0d4b29d8456a8e31421e605c3e787d59d9ad7aba9bff40af971490e","point_ordinal":1,"zone_group_id":"487401005556","source_manage_no":"487401005556","facility_name":"동포초등학교","sgg_code":"48740","facility_type_code":"1","api_first_registered_on":"2008-10-31","api_last_modified_on":null,"updated_at":"2026-07-25T01:27:52.347112+00:00"},"geometry":{"type":"Point","coordinates":[128.479190721,35.390170711]}},{"type":"Feature","id":"6463d0019957581fec84a72cdafb7c8df71fcfc6635fd99f039d52bfc4191d90-1","properties":{"facility_id":"6463d0019957581fec84a72cdafb7c8df71fcfc6635fd99f039d52bfc4191d90","point_ordinal":1,"zone_group_id":"487401005557","source_manage_no":"487401005557","facility_name":"동포초등학교병설유치원","sgg_code":"48740","facility_type_code":"1","api_first_registered_on":"2008-10-31","api_last_modified_on":null,"updated_at":"2026-07-25T01:27:52.347112+00:00"},"geometry":{"type":"Point","coordinates":[128.479190721,35.390170711]}},{"type":"Feature","id":"3a475722c28675ce48b21db19ef75e41374cfcea61c09d98ce473d34b796378e-1","properties":{"facility_id":"3a475722c28675ce48b21db19ef75e41374cfcea61c09d98ce473d34b796378e","point_ordinal":1,"zone_group_id":"487402029564","source_manage_no":"487402029564","facility_name":"마등부녀경로당","sgg_code":"48740","facility_type_code":"2","api_first_registered_on":"2016-03-09","api_last_modified_on":"2025-09-18","updated_at":"2026-07-25T01:27:52.347112+00:00"},"geometry":{"type":"Point","coordinates":[128.41610851,35.510326604]}},{"type":"Feature","id":"acac4c906a05c4b6a2d2613f2860f71ede68f44fbe0f7df588a3a72d12b6027e-1","properties":{"facility_id":"acac4c906a05c4b6a2d2613f2860f71ede68f44fbe0f7df588a3a72d12b6027e","point_ordinal":1,"zone_group_id":"487401020530","source_manage_no":"487401020530","facility_name":"명덕초등학교","sgg_code":"48740","facility_type_code":"1","api_first_registered_on":null,"api_last_modified_on":"2026-08-24","updated_at":"2026-08-26T02:41:31.578329+00:00"},"geometry":{"type":"Point","coordinates":[128.495383866,35.542844326]}},{"type":"Feature","id":"a930a8a2cfd2c416539308714a485792e247d3dba28dd25f0bdc394212a9e6c9-1","properties":{"facility_id":"a930a8a2cfd2c416539308714a485792e247d3dba28dd25f0bdc394212a9e6c9","point_ordinal":1,"zone_group_id":"487401005581","source_manage_no":"487401005581","facility_name":"명덕초등학교병설유치원","sgg_code":"48740","facility_type_code":"1","api_first_registered_on":"2002-05-20","api_last_modified_on":null,"updated_at":"2026-07-25T01:27:52.347112+00:00"},"geometry":{"type":"Point","coordinates":[128.497223515,35.543020698]}},{"type":"Feature","id":"5aa6c34125f12a8506b13094e341f1542d840ea115d231d1a8b79d1485960ff4-1","properties":{"facility_id":"5aa6c34125f12a8506b13094e341f1542d840ea115d231d1a8b79d1485960ff4","point_ordinal":1,"zone_group_id":"487401005565","source_manage_no":"487401005565","facility_name":"부곡초등학교","sgg_code":"48740","facility_type_code":"1","api_first_registered_on":"2004-11-01","api_last_modified_on":null,"updated_at":"2026-07-25T01:27:52.347112+00:00"},"geometry":{"type":"Point","coordinates":[128.601626868,35.436145108]}},{"type":"Feature","id":"62edcad307ea7513cbb3fdff573ca719ac7ed46116c331dbb54d32dd52e78001-1","properties":{"facility_id":"62edcad307ea7513cbb3fdff573ca719ac7ed46116c331dbb54d32dd52e78001","point_ordinal":1,"zone_group_id":"487401005566","source_manage_no":"487401005566","facility_name":"부곡초등학교병설유치원","sgg_code":"48740","facility_type_code":"1","api_first_registered_on":"2004-11-01","api_last_modified_on":null,"updated_at":"2026-07-25T01:27:52.347112+00:00"},"geometry":{"type":"Point","coordinates":[128.601626868,35.436145108]}},{"type":"Feature","id":"b97db010236947a44e3b0da9e3d3e6b8ed7fd4e8b0a32c0670dca7b91889e0eb-1","properties":{"facility_id":"b97db010236947a44e3b0da9e3d3e6b8ed7fd4e8b0a32c0670dca7b91889e0eb","point_ordinal":1,"zone_group_id":"487402029561","source_manage_no":"487402029561","facility_name":"석정경로당","sgg_code":"48740","facility_type_code":"2","api_first_registered_on":null,"api_last_modified_on":"2025-09-18","updated_at":"2026-07-25T01:27:52.347112+00:00"},"geometry":{"type":"Point","coordinates":[128.490221975,35.629055474]}},{"type":"Feature","id":"8c5d8ef1679a8da73172ecee44087745aee5956d47d5747235f5770609d9d902-1","properties":{"facility_id":"8c5d8ef1679a8da73172ecee44087745aee5956d47d5747235f5770609d9d902","point_ordinal":1,"zone_group_id":"487401005567","source_manage_no":"487401005567","facility_name":"성산초등학교","sgg_code":"48740","facility_type_code":"1","api_first_registered_on":"2008-10-31","api_last_modified_on":null,"updated_at":"2026-07-25T01:27:52.347112+00:00"},"geometry":{"type":"Point","coordinates":[128.477937406,35.623142836]}},{"type":"Feature","id":"3d2e430201ee75dea3b6cb90d7273783ad7a1cd0d75846c98fbe990a30c4679e-1","properties":{"facility_id":"3d2e430201ee75dea3b6cb90d7273783ad7a1cd0d75846c98fbe990a30c4679e","point_ordinal":1,"zone_group_id":"487401005568","source_manage_no":"487401005568","facility_name":"성산초등학교병설유치원","sgg_code":"48740","facility_type_code":"1","api_first_registered_on":"2008-10-31","api_last_modified_on":null,"updated_at":"2026-07-25T01:27:52.347112+00:00"},"geometry":{"type":"Point","coordinates":[128.477937406,35.623142836]}},{"type":"Feature","id":"3fff4d6f1f7ff0cb273fd5745b1642d17655d8e06ca3cb1e897296bd08ffe24b-1","properties":{"facility_id":"3fff4d6f1f7ff0cb273fd5745b1642d17655d8e06ca3cb1e897296bd08ffe24b","point_ordinal":1,"zone_group_id":"487402029566","source_manage_no":"487402029566","facility_name":"신기마을경로당","sgg_code":"48740","facility_type_code":"2","api_first_registered_on":"2023-12-13","api_last_modified_on":"2025-09-18","updated_at":"2026-07-25T01:27:52.347112+00:00"},"geometry":{"type":"Point","coordinates":[128.544726307,35.572242823]}},{"type":"Feature","id":"f89f90c87f12a366927f710a519bd3688148f8212674cc047e112413971a8497-1","properties":{"facility_id":"f89f90c87f12a366927f710a519bd3688148f8212674cc047e112413971a8497","point_ordinal":1,"zone_group_id":"487402005571","source_manage_no":"487402005571","facility_name":"영산노인복지회관","sgg_code":"48740","facility_type_code":"2","api_first_registered_on":"2016-01-01","api_last_modified_on":"2025-09-18","updated_at":"2026-07-25T01:27:52.347112+00:00"},"geometry":{"type":"Point","coordinates":[128.5285117,35.452344327]}},{"type":"Feature","id":"e0ddd0b8d24424e4448d8a81f7db8a7d6d06008a35b4a385ffda6081c7d51e5d-1","properties":{"facility_id":"e0ddd0b8d24424e4448d8a81f7db8a7d6d06008a35b4a385ffda6081c7d51e5d","point_ordinal":1,"zone_group_id":"487401005569","source_manage_no":"487401005569","facility_name":"영산초등학교","sgg_code":"48740","facility_type_code":"1","api_first_registered_on":"1998-06-03","api_last_modified_on":null,"updated_at":"2026-07-25T01:27:52.347112+00:00"},"geometry":{"type":"Point","coordinates":[128.529152749,35.457368845]}},{"type":"Feature","id":"68d2e9fafa01943c4a56e101debde7000f61659be3c2bb7a78766797a4a59eae-1","properties":{"facility_id":"68d2e9fafa01943c4a56e101debde7000f61659be3c2bb7a78766797a4a59eae","point_ordinal":1,"zone_group_id":"487401005570","source_manage_no":"487401005570","facility_name":"영산초등학교병설유치원","sgg_code":"48740","facility_type_code":"1","api_first_registered_on":"1998-06-03","api_last_modified_on":null,"updated_at":"2026-07-25T01:27:52.347112+00:00"},"geometry":{"type":"Point","coordinates":[128.529152749,35.457368845]}},{"type":"Feature","id":"8c9ca29146629443b39939eaeaeeed6adfb148444ec78fa0425cf75e4209aad8-1","properties":{"facility_id":"8c9ca29146629443b39939eaeaeeed6adfb148444ec78fa0425cf75e4209aad8","point_ordinal":1,"zone_group_id":"487402029563","source_manage_no":"487402029563","facility_name":"옥야경로당","sgg_code":"48740","facility_type_code":"2","api_first_registered_on":"2016-03-09","api_last_modified_on":"2025-09-18","updated_at":"2026-07-25T01:27:52.347112+00:00"},"geometry":{"type":"Point","coordinates":[128.381915237,35.602281561]}},{"type":"Feature","id":"808b9c90550e1c1d89b9abdd6703962f7d8a2a31aa2bff4d37ac3f1b981e9e61-1","properties":{"facility_id":"808b9c90550e1c1d89b9abdd6703962f7d8a2a31aa2bff4d37ac3f1b981e9e61","point_ordinal":1,"zone_group_id":"487402029565","source_manage_no":"487402029565","facility_name":"우산경로당","sgg_code":"48740","facility_type_code":"2","api_first_registered_on":"2023-01-11","api_last_modified_on":"2025-09-18","updated_at":"2026-07-25T01:27:52.347112+00:00"},"geometry":{"type":"Point","coordinates":[128.359899307,35.603819103]}},{"type":"Feature","id":"bf90718531ed41f10565e187f816d3728fe1d89af9abeceadf925a66259f41d7-1","properties":{"facility_id":"bf90718531ed41f10565e187f816d3728fe1d89af9abeceadf925a66259f41d7","point_ordinal":1,"zone_group_id":"487401005572","source_manage_no":"487401005572","facility_name":"유어초등학교","sgg_code":"48740","facility_type_code":"1","api_first_registered_on":"2006-12-15","api_last_modified_on":null,"updated_at":"2026-07-25T01:27:52.347112+00:00"},"geometry":{"type":"Point","coordinates":[128.411277224,35.508492279]}},{"type":"Feature","id":"bfad577c8ba5828ced69825b6fdaea005945b4447d29f0221a62a66738ab2bc7-1","properties":{"facility_id":"bfad577c8ba5828ced69825b6fdaea005945b4447d29f0221a62a66738ab2bc7","point_ordinal":1,"zone_group_id":"487401005573","source_manage_no":"487401005573","facility_name":"유어초등학교병설유치원","sgg_code":"48740","facility_type_code":"1","api_first_registered_on":"2006-12-15","api_last_modified_on":null,"updated_at":"2026-07-25T01:27:52.347112+00:00"},"geometry":{"type":"Point","coordinates":[128.411277224,35.508492279]}},{"type":"Feature","id":"0f2c617f1011e60bc568d85cdda5538f6dc69a1adec238a5460345e5c38fe04f-1","properties":{"facility_id":"0f2c617f1011e60bc568d85cdda5538f6dc69a1adec238a5460345e5c38fe04f","point_ordinal":1,"zone_group_id":"487401005574","source_manage_no":"487401005574","facility_name":"이방초등학교","sgg_code":"48740","facility_type_code":"1","api_first_registered_on":"2005-04-11","api_last_modified_on":null,"updated_at":"2026-07-25T01:27:52.347112+00:00"},"geometry":{"type":"Point","coordinates":[128.387887894,35.577433839]}},{"type":"Feature","id":"dcdd6d23bf9168252762072974d680a83f00f5760f4d00129da26ad6cd7eb051-1","properties":{"facility_id":"dcdd6d23bf9168252762072974d680a83f00f5760f4d00129da26ad6cd7eb051","point_ordinal":1,"zone_group_id":"487401005575","source_manage_no":"487401005575","facility_name":"이방초등학교병설유치원","sgg_code":"48740","facility_type_code":"1","api_first_registered_on":"2005-04-11","api_last_modified_on":null,"updated_at":"2026-07-25T01:27:52.347112+00:00"},"geometry":{"type":"Point","coordinates":[128.387887894,35.577433839]}},{"type":"Feature","id":"f2752b52f82b00d6e3dadc05c9ddd3a0a140801d85adf4eec1ae6293af968f0e-1","properties":{"facility_id":"f2752b52f82b00d6e3dadc05c9ddd3a0a140801d85adf4eec1ae6293af968f0e","point_ordinal":1,"zone_group_id":"487401029568","source_manage_no":"487401029568","facility_name":"장마동정경로당","sgg_code":"48740","facility_type_code":"2","api_first_registered_on":"2024-10-22","api_last_modified_on":"2025-09-18","updated_at":"2026-07-25T01:27:52.347112+00:00"},"geometry":{"type":"Point","coordinates":[128.451231273,35.461278951]}},{"type":"Feature","id":"5ed45cfbe80822c2022d45f0eb3a2433c08a52c9acbbf5c7a8914b61de9020e1-1","properties":{"facility_id":"5ed45cfbe80822c2022d45f0eb3a2433c08a52c9acbbf5c7a8914b61de9020e1","point_ordinal":1,"zone_group_id":"487401005578","source_manage_no":"487401005578","facility_name":"장마초등학교","sgg_code":"48740","facility_type_code":"1","api_first_registered_on":"2008-10-31","api_last_modified_on":null,"updated_at":"2026-07-25T01:27:52.347112+00:00"},"geometry":{"type":"Point","coordinates":[128.476826939,35.458885604]}},{"type":"Feature","id":"cf3f7319bf7cba92e3664afd646f74a82d295b275ff814bc2dd36e1ae9a1e360-1","properties":{"facility_id":"cf3f7319bf7cba92e3664afd646f74a82d295b275ff814bc2dd36e1ae9a1e360","point_ordinal":1,"zone_group_id":"487401005579","source_manage_no":"487401005579","facility_name":"장마초등학교병설유치원","sgg_code":"48740","facility_type_code":"1","api_first_registered_on":"2008-10-31","api_last_modified_on":null,"updated_at":"2026-07-25T01:27:52.347112+00:00"},"geometry":{"type":"Point","coordinates":[128.476826939,35.458885604]}},{"type":"Feature","id":"9d74c1f4eb71ee49437c029094117be37dc26bb8c862bf2bcffbf0c50e58e3ec-1","properties":{"facility_id":"9d74c1f4eb71ee49437c029094117be37dc26bb8c862bf2bcffbf0c50e58e3ec","point_ordinal":1,"zone_group_id":"487401005576","source_manage_no":"487401005576","facility_name":"장천초등학교","sgg_code":"48740","facility_type_code":"1","api_first_registered_on":"2004-11-01","api_last_modified_on":null,"updated_at":"2026-07-25T01:27:52.347112+00:00"},"geometry":{"type":"Point","coordinates":[128.376054189,35.599474922]}},{"type":"Feature","id":"fea6618449b93cd5ae107a168fa8480cecb6e3bd8ccf28440dd286ed42a28647-1","properties":{"facility_id":"fea6618449b93cd5ae107a168fa8480cecb6e3bd8ccf28440dd286ed42a28647","point_ordinal":1,"zone_group_id":"487401005577","source_manage_no":"487401005577","facility_name":"장천초등학교병설유치원","sgg_code":"48740","facility_type_code":"1","api_first_registered_on":"2004-11-01","api_last_modified_on":null,"updated_at":"2026-07-25T01:27:52.347112+00:00"},"geometry":{"type":"Point","coordinates":[128.376054189,35.599474922]}},{"type":"Feature","id":"6c86d5c20ddcc10aac866b2bd5ded3cceccac5972550b2264e4a493e4158e359-1","properties":{"facility_id":"6c86d5c20ddcc10aac866b2bd5ded3cceccac5972550b2264e4a493e4158e359","point_ordinal":1,"zone_group_id":"487402029562","source_manage_no":"487402029562","facility_name":"정녕1구 경로당","sgg_code":"48740","facility_type_code":"2","api_first_registered_on":"2016-03-09","api_last_modified_on":"2025-09-18","updated_at":"2026-07-25T01:27:52.347112+00:00"},"geometry":{"type":"Point","coordinates":[128.477926674,35.620432733]}},{"type":"Feature","id":"8a6c0e255cdb04f078ef657bb8e31bde14412c9c6ad5952505c1a3873067fef8-1","properties":{"facility_id":"8a6c0e255cdb04f078ef657bb8e31bde14412c9c6ad5952505c1a3873067fef8","point_ordinal":1,"zone_group_id":"487402005586","source_manage_no":"487402005586","facility_name":"창녕군노인복지회관","sgg_code":"48740","facility_type_code":"2","api_first_registered_on":"2016-01-01","api_last_modified_on":"2025-09-18","updated_at":"2026-07-25T01:27:52.347112+00:00"},"geometry":{"type":"Point","coordinates":[128.501720471,35.530888662]}},{"type":"Feature","id":"732a24d509cb956e5c0faf94b69f0597de9e14f26168528b32dc748ea199feff-1","properties":{"facility_id":"732a24d509cb956e5c0faf94b69f0597de9e14f26168528b32dc748ea199feff","point_ordinal":1,"zone_group_id":"487401005582","source_manage_no":"487401005582","facility_name":"창녕유치원","sgg_code":"48740","facility_type_code":"1","api_first_registered_on":"2009-06-05","api_last_modified_on":null,"updated_at":"2026-08-01T04:44:18.323998+00:00"},"geometry":{"type":"Point","coordinates":[128.490304419,35.515488129]}},{"type":"Feature","id":"b320cedb4449b4302469d8139a897072142e85d9d37ada667d35f61a96bf82c7-1","properties":{"facility_id":"b320cedb4449b4302469d8139a897072142e85d9d37ada667d35f61a96bf82c7","point_ordinal":1,"zone_group_id":"487401005583","source_manage_no":"487401005583","facility_name":"창녕초등학교","sgg_code":"48740","facility_type_code":"1","api_first_registered_on":"1998-06-02","api_last_modified_on":null,"updated_at":"2026-07-25T01:27:52.347112+00:00"},"geometry":{"type":"Point","coordinates":[128.501489654,35.536151084]}},{"type":"Feature","id":"8ef176b50b472963f677aec3d3d237c9759a2240a8f6a96e5c2c4efb398b377f-1","properties":{"facility_id":"8ef176b50b472963f677aec3d3d237c9759a2240a8f6a96e5c2c4efb398b377f","point_ordinal":1,"zone_group_id":"487402029560","source_manage_no":"487402029560","facility_name":"퇴천경로당","sgg_code":"48740","facility_type_code":"2","api_first_registered_on":null,"api_last_modified_on":"2025-09-18","updated_at":"2026-07-25T01:27:52.347112+00:00"},"geometry":{"type":"Point","coordinates":[128.502248967,35.521522856]}},{"type":"Feature","id":"42675335546df13f0e6d79824cd34f41576a5b6a8f4422b6da854f2dfa548a99-1","properties":{"facility_id":"42675335546df13f0e6d79824cd34f41576a5b6a8f4422b6da854f2dfa548a99","point_ordinal":1,"zone_group_id":"488202022002","source_manage_no":"488202022002","facility_name":"가동경로당","sgg_code":"48820","facility_type_code":"2","api_first_registered_on":null,"api_last_modified_on":null,"updated_at":"2026-07-25T01:27:52.347112+00:00"},"geometry":{"type":"Point","coordinates":[128.354954582,34.994074537]}},{"type":"Feature","id":"6ac78d2289a97deee41c59ffbd6faec99033ad2ed8e9ccbb518bfb9e3e1b733b-1","properties":{"facility_id":"6ac78d2289a97deee41c59ffbd6faec99033ad2ed8e9ccbb518bfb9e3e1b733b","point_ordinal":1,"zone_group_id":"488201004843","source_manage_no":"488201004843","facility_name":"개천초등학교","sgg_code":"48820","facility_type_code":"1","api_first_registered_on":"1996-11-05","api_last_modified_on":null,"updated_at":"2026-07-25T01:27:52.347112+00:00"},"geometry":{"type":"Point","coordinates":[128.259844166,35.097954815]}},{"type":"Feature","id":"391062334be83b794140a8ebe98837630a4a7b6f367540f554db57f8a44f38aa-1","properties":{"facility_id":"391062334be83b794140a8ebe98837630a4a7b6f367540f554db57f8a44f38aa","point_ordinal":1,"zone_group_id":"488201004843","source_manage_no":"488201004844","facility_name":"개천초등학교병설유치원","sgg_code":"48820","facility_type_code":"1","api_first_registered_on":"1996-11-05","api_last_modified_on":null,"updated_at":"2026-07-25T01:27:52.347112+00:00"},"geometry":{"type":"Point","coordinates":[128.259895694,35.097918228]}},{"type":"Feature","id":"371bceb263432ed2ef728e0a08ab37b73a918d9548b56ae1bb5e3cdc57bbc2f1-1","properties":{"facility_id":"371bceb263432ed2ef728e0a08ab37b73a918d9548b56ae1bb5e3cdc57bbc2f1","point_ordinal":1,"zone_group_id":"488201004845","source_manage_no":"488201004845","facility_name":"거류초등학교","sgg_code":"48820","facility_type_code":"1","api_first_registered_on":"1997-02-10","api_last_modified_on":null,"updated_at":"2026-07-25T01:27:52.347112+00:00"},"geometry":{"type":"Point","coordinates":[128.404376377,34.993051063]}},{"type":"Feature","id":"60e951dd1dbfb981f62909487fc336a64fc89a6028d1176e86dd64cdc4a95d50-1","properties":{"facility_id":"60e951dd1dbfb981f62909487fc336a64fc89a6028d1176e86dd64cdc4a95d50","point_ordinal":1,"zone_group_id":"488201004845","source_manage_no":"488201004846","facility_name":"거류초등학교병설유치원","sgg_code":"48820","facility_type_code":"1","api_first_registered_on":"1997-02-10","api_last_modified_on":null,"updated_at":"2026-07-25T01:27:52.347112+00:00"},"geometry":{"type":"Point","coordinates":[128.404474658,34.993034154]}},{"type":"Feature","id":"4373d10b1e241785332b6d114f15c7077e15533eed7c69aefce986f5c2c75d1a-1","properties":{"facility_id":"4373d10b1e241785332b6d114f15c7077e15533eed7c69aefce986f5c2c75d1a","point_ordinal":1,"zone_group_id":"488201004868","source_manage_no":"488201004868","facility_name":"고성보듬이나눔이어린이집","sgg_code":"48820","facility_type_code":"1","api_first_registered_on":"2015-12-29","api_last_modified_on":null,"updated_at":"2026-07-25T01:27:52.347112+00:00"},"geometry":{"type":"Point","coordinates":[128.327821654,34.994562068]}},{"type":"Feature","id":"608d1cd43ccc67f4e5c84d9fd4ab2e8698012dca4e392bc06261034625943d6f-1","properties":{"facility_id":"608d1cd43ccc67f4e5c84d9fd4ab2e8698012dca4e392bc06261034625943d6f","point_ordinal":1,"zone_group_id":"488201004847","source_manage_no":"488201004847","facility_name":"고성유치원","sgg_code":"48820","facility_type_code":"1","api_first_registered_on":"2013-03-04","api_last_modified_on":null,"updated_at":"2026-07-25T01:27:52.347112+00:00"},"geometry":{"type":"Point","coordinates":[128.359476881,34.982917402]}},{"type":"Feature","id":"93e986933a188d33324fb06537bafb515b334f1f7c48ed9e1ad5cb6d3fd50b70-1","properties":{"facility_id":"93e986933a188d33324fb06537bafb515b334f1f7c48ed9e1ad5cb6d3fd50b70","point_ordinal":1,"zone_group_id":"488201004853","source_manage_no":"488201004853","facility_name":"고성초등학교","sgg_code":"48820","facility_type_code":"1","api_first_registered_on":"1996-01-20","api_last_modified_on":null,"updated_at":"2026-07-25T01:27:52.347112+00:00"},"geometry":{"type":"Point","coordinates":[128.318796927,34.975763546]}},{"type":"Feature","id":"b2a9f84c3157db1009fe7c8575653532d386694c95f53eb94a8058f6690c0fc7-1","properties":{"facility_id":"b2a9f84c3157db1009fe7c8575653532d386694c95f53eb94a8058f6690c0fc7","point_ordinal":1,"zone_group_id":"488201004860","source_manage_no":"488201004860","facility_name":"구만초등학교","sgg_code":"48820","facility_type_code":"1","api_first_registered_on":"1996-11-05","api_last_modified_on":null,"updated_at":"2026-07-25T01:27:52.347112+00:00"},"geometry":{"type":"Point","coordinates":[128.335018431,35.088312682]}},{"type":"Feature","id":"647d8ff5c5016c85ad500b9c3eeafb9284ddbc1c57933f7bf1b3e14551ca3c5d-1","properties":{"facility_id":"647d8ff5c5016c85ad500b9c3eeafb9284ddbc1c57933f7bf1b3e14551ca3c5d","point_ordinal":1,"zone_group_id":"488201004860","source_manage_no":"488201004861","facility_name":"구만초등학교병설유치원","sgg_code":"48820","facility_type_code":"1","api_first_registered_on":"1996-11-05","api_last_modified_on":null,"updated_at":"2026-07-25T01:27:52.347112+00:00"},"geometry":{"type":"Point","coordinates":[128.335031327,35.088262969]}},{"type":"Feature","id":"8d737ec52cd2b59d04ae3f25d5a6b08ed9f34494c8f4db64c86c9cb3952878d4-1","properties":{"facility_id":"8d737ec52cd2b59d04ae3f25d5a6b08ed9f34494c8f4db64c86c9cb3952878d4","point_ordinal":1,"zone_group_id":"488202021999","source_manage_no":"488202021999","facility_name":"녹명경로당","sgg_code":"48820","facility_type_code":"2","api_first_registered_on":null,"api_last_modified_on":null,"updated_at":"2026-07-25T01:27:52.347112+00:00"},"geometry":{"type":"Point","coordinates":[128.358397622,35.068473736]}},{"type":"Feature","id":"858a88687e19f87a554a1ec314f513511c67592dbbf5d8b0b9dc059f21e6aeef-1","properties":{"facility_id":"858a88687e19f87a554a1ec314f513511c67592dbbf5d8b0b9dc059f21e6aeef","point_ordinal":1,"zone_group_id":"488201004854","source_manage_no":"488201004854","facility_name":"대성초등학교","sgg_code":"48820","facility_type_code":"1","api_first_registered_on":"1996-01-20","api_last_modified_on":null,"updated_at":"2026-07-25T01:27:52.347112+00:00"},"geometry":{"type":"Point","coordinates":[128.322722772,34.975295604]}},{"type":"Feature","id":"2f05e32634a30d7708c3563f51375e4759bb2c9d50ebee9b8bc8fc6b7da43573-1","properties":{"facility_id":"2f05e32634a30d7708c3563f51375e4759bb2c9d50ebee9b8bc8fc6b7da43573","point_ordinal":1,"zone_group_id":"488202021996","source_manage_no":"488202021996","facility_name":"대촌경로당","sgg_code":"48820","facility_type_code":"2","api_first_registered_on":"2020-07-15","api_last_modified_on":null,"updated_at":"2026-07-25T01:27:52.347112+00:00"},"geometry":{"type":"Point","coordinates":[128.230314417,35.046551122]}},{"type":"Feature","id":"a1ad83d7528dfc0c360f3f12f957d8659e8e01f84caf8a8a3e7e091518f60e29-1","properties":{"facility_id":"a1ad83d7528dfc0c360f3f12f957d8659e8e01f84caf8a8a3e7e091518f60e29","point_ordinal":1,"zone_group_id":"488201004862","source_manage_no":"488201004862","facility_name":"대흥초등학교","sgg_code":"48820","facility_type_code":"1","api_first_registered_on":"1996-11-05","api_last_modified_on":null,"updated_at":"2026-07-25T01:27:52.347112+00:00"},"geometry":{"type":"Point","coordinates":[128.297384427,35.015230217]}},{"type":"Feature","id":"5517cae89624bf4cad73179d267654803c552601bd5448ec762bf6c80253b6d0-1","properties":{"facility_id":"5517cae89624bf4cad73179d267654803c552601bd5448ec762bf6c80253b6d0","point_ordinal":1,"zone_group_id":"488201004862","source_manage_no":"488201004863","facility_name":"대흥초등학교병설유치원","sgg_code":"48820","facility_type_code":"1","api_first_registered_on":"1996-11-05","api_last_modified_on":null,"updated_at":"2026-07-25T01:27:52.347112+00:00"},"geometry":{"type":"Point","coordinates":[128.29738521,35.015279781]}},{"type":"Feature","id":"d919c82a7f8c07d7b0ed316c453261c13e980f6a8c195acdffb3098dc7ce12cf-1","properties":{"facility_id":"d919c82a7f8c07d7b0ed316c453261c13e980f6a8c195acdffb3098dc7ce12cf","point_ordinal":1,"zone_group_id":"488202021994","source_manage_no":"488202021994","facility_name":"덕곡경로당","sgg_code":"48820","facility_type_code":"2","api_first_registered_on":"2020-11-04","api_last_modified_on":null,"updated_at":"2026-07-25T01:27:52.347112+00:00"},"geometry":{"type":"Point","coordinates":[128.45967633,35.044179267]}},{"type":"Feature","id":"d601dcec9c9ff8c894739865c57c52a8b74f2cdc7620baa89699f8100cd03420-1","properties":{"facility_id":"d601dcec9c9ff8c894739865c57c52a8b74f2cdc7620baa89699f8100cd03420","point_ordinal":1,"zone_group_id":"488201004864","source_manage_no":"488201004864","facility_name":"동해초등학교","sgg_code":"48820","facility_type_code":"1","api_first_registered_on":"1996-11-05","api_last_modified_on":null,"updated_at":"2026-07-25T01:27:52.347112+00:00"},"geometry":{"type":"Point","coordinates":[128.444458354,35.045497092]}},{"type":"Feature","id":"78ceeb8c2e44e2a4b9e3685d689f08fdbf7747887bda632e988a4c698d657ecc-1","properties":{"facility_id":"78ceeb8c2e44e2a4b9e3685d689f08fdbf7747887bda632e988a4c698d657ecc","point_ordinal":1,"zone_group_id":"488201004866","source_manage_no":"488201004866","facility_name":"마암초등학교","sgg_code":"48820","facility_type_code":"1","api_first_registered_on":"1997-02-10","api_last_modified_on":null,"updated_at":"2026-07-25T01:27:52.347112+00:00"},"geometry":{"type":"Point","coordinates":[128.336277475,35.055594575]}},{"type":"Feature","id":"4f3b7c1a79b73fd6cc59c247ee322e273481e161f7273401fb6b98d0e1efb13c-1","properties":{"facility_id":"4f3b7c1a79b73fd6cc59c247ee322e273481e161f7273401fb6b98d0e1efb13c","point_ordinal":1,"zone_group_id":"488201004850","source_manage_no":"488201004850","facility_name":"방산초등학교","sgg_code":"48820","facility_type_code":"1","api_first_registered_on":"2014-06-10","api_last_modified_on":null,"updated_at":"2026-07-25T01:27:52.347112+00:00"},"geometry":{"type":"Point","coordinates":[128.363570404,34.971080321]}},{"type":"Feature","id":"bfd7f6c0f29631e919049e8e0accfeb5a4266ed3aca9b516310298efb829c2a6-1","properties":{"facility_id":"bfd7f6c0f29631e919049e8e0accfeb5a4266ed3aca9b516310298efb829c2a6","point_ordinal":1,"zone_group_id":"488201004883","source_manage_no":"488201004883","facility_name":"배둔어린이집","sgg_code":"48820","facility_type_code":"1","api_first_registered_on":"1997-02-01","api_last_modified_on":null,"updated_at":"2026-07-25T01:27:52.347112+00:00"},"geometry":{"type":"Point","coordinates":[128.372254811,35.055467658]}},{"type":"Feature","id":"187d74b694839e3a8f436161fd212a17f9cc7e4cd32818172d4a1fc2adb8475e-1","properties":{"facility_id":"187d74b694839e3a8f436161fd212a17f9cc7e4cd32818172d4a1fc2adb8475e","point_ordinal":1,"zone_group_id":"488202022000","source_manage_no":"488202022000","facility_name":"법진경로당","sgg_code":"48820","facility_type_code":"2","api_first_registered_on":null,"api_last_modified_on":null,"updated_at":"2026-07-25T01:27:52.347112+00:00"},"geometry":{"type":"Point","coordinates":[128.353677257,35.053139277]}},{"type":"Feature","id":"18c4dfe8f3961273a34a085d23fc0400a8d494334843e9791abef40b3aaa44ae-1","properties":{"facility_id":"18c4dfe8f3961273a34a085d23fc0400a8d494334843e9791abef40b3aaa44ae","point_ordinal":1,"zone_group_id":"488201004869","source_manage_no":"488201004869","facility_name":"삼산초등학교","sgg_code":"48820","facility_type_code":"1","api_first_registered_on":"2013-03-04","api_last_modified_on":null,"updated_at":"2026-07-25T01:27:52.347112+00:00"},"geometry":{"type":"Point","coordinates":[128.273092189,34.937568773]}},{"type":"Feature","id":"478c08c7342dea23ee043c08ae7955f5dc461df1dd4e158c80018db5577c607c-1","properties":{"facility_id":"478c08c7342dea23ee043c08ae7955f5dc461df1dd4e158c80018db5577c607c","point_ordinal":1,"zone_group_id":"488201004869","source_manage_no":"488201004870","facility_name":"삼산초등학교병설유치원","sgg_code":"48820","facility_type_code":"1","api_first_registered_on":"2013-03-04","api_last_modified_on":null,"updated_at":"2026-07-25T01:27:52.347112+00:00"},"geometry":{"type":"Point","coordinates":[128.273035363,34.937609928]}},{"type":"Feature","id":"422358a4a69d098c098cc73f3c4d1de6639c13894a325b163a78537b897e8cff-1","properties":{"facility_id":"422358a4a69d098c098cc73f3c4d1de6639c13894a325b163a78537b897e8cff","point_ordinal":1,"zone_group_id":"488202021997","source_manage_no":"488202021997","facility_name":"상리연꽃공원","sgg_code":"48820","facility_type_code":"2","api_first_registered_on":"2020-04-20","api_last_modified_on":null,"updated_at":"2026-07-25T01:27:52.347112+00:00"},"geometry":{"type":"Point","coordinates":[128.187215571,34.99464805]}},{"type":"Feature","id":"25cbd7e81d3fc05011e0db6c647dbde3773416d71a064cdf8dce1cd45275108f-1","properties":{"facility_id":"25cbd7e81d3fc05011e0db6c647dbde3773416d71a064cdf8dce1cd45275108f","point_ordinal":1,"zone_group_id":"488201004876","source_manage_no":"488201004876","facility_name":"상리초등학교","sgg_code":"48820","facility_type_code":"1","api_first_registered_on":"2006-08-28","api_last_modified_on":null,"updated_at":"2026-07-25T01:27:52.347112+00:00"},"geometry":{"type":"Point","coordinates":[128.186559044,34.998905778]}},{"type":"Feature","id":"7cef802c91f97b638fe0caecb558b135248d7f13e5c00a28117c1d26bea0f7b0-1","properties":{"facility_id":"7cef802c91f97b638fe0caecb558b135248d7f13e5c00a28117c1d26bea0f7b0","point_ordinal":1,"zone_group_id":"488201004876","source_manage_no":"488201004877","facility_name":"상리초등학교병설유치원","sgg_code":"48820","facility_type_code":"1","api_first_registered_on":"2006-08-28","api_last_modified_on":null,"updated_at":"2026-07-25T01:27:52.347112+00:00"},"geometry":{"type":"Point","coordinates":[128.186577331,34.99884476]}},{"type":"Feature","id":"a46b597f9b644dff196463e6a65a40d078ac503056e219103e3550ffc4abc5a8-1","properties":{"facility_id":"a46b597f9b644dff196463e6a65a40d078ac503056e219103e3550ffc4abc5a8","point_ordinal":1,"zone_group_id":"488201004878","source_manage_no":"488201004878","facility_name":"영오초등학교","sgg_code":"48820","facility_type_code":"1","api_first_registered_on":"1996-11-05","api_last_modified_on":null,"updated_at":"2026-07-25T01:27:52.347112+00:00"},"geometry":{"type":"Point","coordinates":[128.216779592,35.105304462]}},{"type":"Feature","id":"e846816dcc6a7a5ea6e34230b9cce0cd53176d73c3d0a94fbcf54bd511bc6d62-1","properties":{"facility_id":"e846816dcc6a7a5ea6e34230b9cce0cd53176d73c3d0a94fbcf54bd511bc6d62","point_ordinal":1,"zone_group_id":"488201004878","source_manage_no":"488201004879","facility_name":"영오초등학교병설유치원","sgg_code":"48820","facility_type_code":"1","api_first_registered_on":"1996-11-05","api_last_modified_on":null,"updated_at":"2026-07-25T01:27:52.347112+00:00"},"geometry":{"type":"Point","coordinates":[128.216829139,35.105317484]}},{"type":"Feature","id":"240b86f557204762fc958c7105bf516ba4002c50b731da23e108a4a03b88bacd-1","properties":{"facility_id":"240b86f557204762fc958c7105bf516ba4002c50b731da23e108a4a03b88bacd","point_ordinal":1,"zone_group_id":"488202004880","source_manage_no":"488202004880","facility_name":"외원마을 경로당","sgg_code":"48820","facility_type_code":"2","api_first_registered_on":"2017-01-01","api_last_modified_on":null,"updated_at":"2026-07-25T01:27:52.347112+00:00"},"geometry":{"type":"Point","coordinates":[128.157990917,34.987972776]}},{"type":"Feature","id":"3e668cc3302fd771ea6fbcea1149a55a4c354befbbbbf8808bbf43203b7057a8-1","properties":{"facility_id":"3e668cc3302fd771ea6fbcea1149a55a4c354befbbbbf8808bbf43203b7057a8","point_ordinal":1,"zone_group_id":"488202022001","source_manage_no":"488202022001","facility_name":"용흥경로당","sgg_code":"48820","facility_type_code":"2","api_first_registered_on":null,"api_last_modified_on":null,"updated_at":"2026-07-25T01:27:52.347112+00:00"},"geometry":{"type":"Point","coordinates":[128.406999828,35.0405544]}},{"type":"Feature","id":"e2ab8a5673ab565e42b9ed298fdac08e7c6440a03f9a675b3db48b79971b5960-1","properties":{"facility_id":"e2ab8a5673ab565e42b9ed298fdac08e7c6440a03f9a675b3db48b79971b5960","point_ordinal":1,"zone_group_id":"488202004852","source_manage_no":"488202004852","facility_name":"월치마을 경로당","sgg_code":"48820","facility_type_code":"2","api_first_registered_on":"2017-01-01","api_last_modified_on":null,"updated_at":"2026-07-25T01:27:52.347112+00:00"},"geometry":{"type":"Point","coordinates":[128.377862392,34.966618177]}},{"type":"Feature","id":"11a540990d44ac7f83e980b87d1ad5fd34f93f217930b6b7af6372d99f3dd444-1","properties":{"facility_id":"11a540990d44ac7f83e980b87d1ad5fd34f93f217930b6b7af6372d99f3dd444","point_ordinal":1,"zone_group_id":"488201004855","source_manage_no":"488201004855","facility_name":"율천초등학교","sgg_code":"48820","facility_type_code":"1","api_first_registered_on":"2014-06-10","api_last_modified_on":null,"updated_at":"2026-07-25T01:27:52.347112+00:00"},"geometry":{"type":"Point","coordinates":[128.328054863,34.991902392]}},{"type":"Feature","id":"d4bc2d89df49fa4bfabfdc04b5d01b0f81c82d2cdd4eaa8c57adf81d16fecf71-1","properties":{"facility_id":"d4bc2d89df49fa4bfabfdc04b5d01b0f81c82d2cdd4eaa8c57adf81d16fecf71","point_ordinal":1,"zone_group_id":"488201004855","source_manage_no":"488201004873","facility_name":"율천초등학교병설유치원","sgg_code":"48820","facility_type_code":"1","api_first_registered_on":"2014-06-10","api_last_modified_on":null,"updated_at":"2026-07-25T01:27:52.347112+00:00"},"geometry":{"type":"Point","coordinates":[128.327981494,34.991936994]}},{"type":"Feature","id":"0e831f0df973515f7787b6122d7592c06ba1106077eb5736792e4a58a34259eb-1","properties":{"facility_id":"0e831f0df973515f7787b6122d7592c06ba1106077eb5736792e4a58a34259eb","point_ordinal":1,"zone_group_id":"488201004856","source_manage_no":"488201004856","facility_name":"철성초등학교","sgg_code":"48820","facility_type_code":"1","api_first_registered_on":"1997-02-10","api_last_modified_on":null,"updated_at":"2026-07-25T01:27:52.347112+00:00"},"geometry":{"type":"Point","coordinates":[128.342234903,34.956992331]}},{"type":"Feature","id":"052016dd89bf4a55c95c069e320fc9dff08095343cc3369474a71f2d60354983-1","properties":{"facility_id":"052016dd89bf4a55c95c069e320fc9dff08095343cc3369474a71f2d60354983","point_ordinal":1,"zone_group_id":"488201004856","source_manage_no":"488201004857","facility_name":"철성초등학교병설유치원","sgg_code":"48820","facility_type_code":"1","api_first_registered_on":"1997-02-10","api_last_modified_on":null,"updated_at":"2026-07-25T01:27:52.347112+00:00"},"geometry":{"type":"Point","coordinates":[128.342262928,34.95703258]}},{"type":"Feature","id":"7e69c1615237b31a5931370fd72b39ac6702b386762a5a5c0955a77648c34eef-1","properties":{"facility_id":"7e69c1615237b31a5931370fd72b39ac6702b386762a5a5c0955a77648c34eef","point_ordinal":1,"zone_group_id":"488201004881","source_manage_no":"488201004881","facility_name":"하이초등학교","sgg_code":"48820","facility_type_code":"1","api_first_registered_on":"1996-01-20","api_last_modified_on":null,"updated_at":"2026-07-25T01:27:52.347112+00:00"},"geometry":{"type":"Point","coordinates":[128.121573741,34.928602888]}},{"type":"Feature","id":"ebe55888d55e0b99f03aec870dd1d21f0bda8c01d5efb485c7371765adf5b1cb-1","properties":{"facility_id":"ebe55888d55e0b99f03aec870dd1d21f0bda8c01d5efb485c7371765adf5b1cb","point_ordinal":1,"zone_group_id":"488201004874","source_manage_no":"488201004874","facility_name":"하일초등학교","sgg_code":"48820","facility_type_code":"1","api_first_registered_on":"2014-06-10","api_last_modified_on":null,"updated_at":"2026-07-25T01:27:52.347112+00:00"},"geometry":{"type":"Point","coordinates":[128.190466807,34.945521495]}},{"type":"Feature","id":"0d0239df9d75d79f4a7a07669335ebde4ec5be9097a5178466d7504a04c2fd36-1","properties":{"facility_id":"0d0239df9d75d79f4a7a07669335ebde4ec5be9097a5178466d7504a04c2fd36","point_ordinal":1,"zone_group_id":"488201004874","source_manage_no":"488201004875","facility_name":"하일초등학교병설유치원","sgg_code":"48820","facility_type_code":"1","api_first_registered_on":"2014-06-10","api_last_modified_on":null,"updated_at":"2026-07-25T01:27:52.347112+00:00"},"geometry":{"type":"Point","coordinates":[128.190406579,34.945519832]}},{"type":"Feature","id":"c7e15b39589cf7dd5e3a590273cf75fb0b6fa243f095d3ed55758e7f7308ce13-1","properties":{"facility_id":"c7e15b39589cf7dd5e3a590273cf75fb0b6fa243f095d3ed55758e7f7308ce13","point_ordinal":1,"zone_group_id":"488202004858","source_manage_no":"488202004858","facility_name":"홍류마을 경로당","sgg_code":"48820","facility_type_code":"2","api_first_registered_on":"2017-01-01","api_last_modified_on":null,"updated_at":"2026-07-25T01:27:52.347112+00:00"},"geometry":{"type":"Point","coordinates":[128.34940592,34.949787135]}},{"type":"Feature","id":"ba25e09c9767f32a3d3ae988f4961def2918e4d65274a398a8aaf030e7934265-1","properties":{"facility_id":"ba25e09c9767f32a3d3ae988f4961def2918e4d65274a398a8aaf030e7934265","point_ordinal":1,"zone_group_id":"488201004884","source_manage_no":"488201004884","facility_name":"회화초등학교","sgg_code":"48820","facility_type_code":"1","api_first_registered_on":"1996-11-05","api_last_modified_on":null,"updated_at":"2026-07-25T01:27:52.347112+00:00"},"geometry":{"type":"Point","coordinates":[128.374061927,35.061432917]}},{"type":"Feature","id":"122e6d6c28bc448b12292683666e3d9f13de5fd608710b8b93c0c4e498957602-1","properties":{"facility_id":"122e6d6c28bc448b12292683666e3d9f13de5fd608710b8b93c0c4e498957602","point_ordinal":1,"zone_group_id":"488201004884","source_manage_no":"488201004885","facility_name":"회화초등학교병설유치원","sgg_code":"48820","facility_type_code":"1","api_first_registered_on":"1996-11-05","api_last_modified_on":null,"updated_at":"2026-07-25T01:27:52.347112+00:00"},"geometry":{"type":"Point","coordinates":[128.374028294,35.061388234]}},{"type":"Feature","id":"d5467b41ff6222cd58e7b2cf18288b7f84ec0c84468b6a4bd857c1c35b48ddf6-1","properties":{"facility_id":"d5467b41ff6222cd58e7b2cf18288b7f84ec0c84468b6a4bd857c1c35b48ddf6","point_ordinal":1,"zone_group_id":"488401005048","source_manage_no":"488401005048","facility_name":"고현초등학교","sgg_code":"48840","facility_type_code":"1","api_first_registered_on":"2010-09-01","api_last_modified_on":null,"updated_at":"2026-07-25T01:27:52.347112+00:00"},"geometry":{"type":"Point","coordinates":[127.877620296,34.896252634]}},{"type":"Feature","id":"3dfa358acd9f5422547bb087e40829bb9311a412b5a12d84a36885836c2f2501-1","properties":{"facility_id":"3dfa358acd9f5422547bb087e40829bb9311a412b5a12d84a36885836c2f2501","point_ordinal":1,"zone_group_id":"488402018074","source_manage_no":"488402018074","facility_name":"남구경로당","sgg_code":"48840","facility_type_code":"2","api_first_registered_on":"2019-04-15","api_last_modified_on":null,"updated_at":"2026-07-25T01:27:52.347112+00:00"},"geometry":{"type":"Point","coordinates":[127.869426923,34.785061135]}},{"type":"Feature","id":"94790fabd280525451d7f3b8d0cd7b8f0b189f13524aefaeded681380f9cc6b5-1","properties":{"facility_id":"94790fabd280525451d7f3b8d0cd7b8f0b189f13524aefaeded681380f9cc6b5","point_ordinal":1,"zone_group_id":"488401018414","source_manage_no":"488401018414","facility_name":"남명초등학교","sgg_code":"48840","facility_type_code":"1","api_first_registered_on":null,"api_last_modified_on":null,"updated_at":"2026-07-25T01:27:52.347112+00:00"},"geometry":{"type":"Point","coordinates":[127.889856852,34.771827061]}},{"type":"Feature","id":"a75eaaeea1976bc56139f707ede7908ea93c77d71a7b0cb4cca3214b26843e21-1","properties":{"facility_id":"a75eaaeea1976bc56139f707ede7908ea93c77d71a7b0cb4cca3214b26843e21","point_ordinal":1,"zone_group_id":"488402030120","source_manage_no":"488402030120","facility_name":"남상경로당","sgg_code":"48840","facility_type_code":"2","api_first_registered_on":"2025-07-24","api_last_modified_on":"2026-06-29","updated_at":"2026-07-25T01:27:52.347112+00:00"},"geometry":{"type":"Point","coordinates":[127.818902296,34.847041127]}},{"type":"Feature","id":"dec2ac058df85cfd12f56e234f6a3a7a6336c18479ff825b715a360304a0f98a-1","properties":{"facility_id":"dec2ac058df85cfd12f56e234f6a3a7a6336c18479ff825b715a360304a0f98a","point_ordinal":1,"zone_group_id":"488402005054","source_manage_no":"488402005054","facility_name":"남해노인복지관","sgg_code":"48840","facility_type_code":"2","api_first_registered_on":"2015-01-01","api_last_modified_on":null,"updated_at":"2026-07-25T01:27:52.347112+00:00"},"geometry":{"type":"Point","coordinates":[127.889352344,34.838052318]}},{"type":"Feature","id":"075cfa34003ae959975c5d0cc616e35defe31c275f73603c09559ca3a4455044-1","properties":{"facility_id":"075cfa34003ae959975c5d0cc616e35defe31c275f73603c09559ca3a4455044","point_ordinal":1,"zone_group_id":"488401005056","source_manage_no":"488401005056","facility_name":"남해유치원","sgg_code":"48840","facility_type_code":"1","api_first_registered_on":"2008-12-26","api_last_modified_on":null,"updated_at":"2026-07-25T01:27:52.347112+00:00"},"geometry":{"type":"Point","coordinates":[127.886775553,34.834309211]}},{"type":"Feature","id":"ef11f7397eb753a8f26d4541b97de1c3b21330555597a66e6644452406d472ca-1","properties":{"facility_id":"ef11f7397eb753a8f26d4541b97de1c3b21330555597a66e6644452406d472ca","point_ordinal":1,"zone_group_id":"488401005057","source_manage_no":"488401005057","facility_name":"남해초등학교","sgg_code":"48840","facility_type_code":"1","api_first_registered_on":"2001-04-20","api_last_modified_on":null,"updated_at":"2026-07-25T01:27:52.347112+00:00"},"geometry":{"type":"Point","coordinates":[127.892513935,34.838213491]}},{"type":"Feature","id":"f4ccb131f50c4365bec0dc1892bcdf369c2c54a82ec32f6752ec85c1f6a05a95-1","properties":{"facility_id":"f4ccb131f50c4365bec0dc1892bcdf369c2c54a82ec32f6752ec85c1f6a05a95","point_ordinal":1,"zone_group_id":"488401005056","source_manage_no":"488401025579","facility_name":"남해하나어린이집","sgg_code":"48840","facility_type_code":"1","api_first_registered_on":null,"api_last_modified_on":null,"updated_at":"2026-07-25T01:27:52.347112+00:00"},"geometry":{"type":"Point","coordinates":[127.886258882,34.835249247]}},{"type":"Feature","id":"aba0a383d52565415c8cec85fd3cf7fd6a0da61d4399123316a9c1dcda00de90-1","properties":{"facility_id":"aba0a383d52565415c8cec85fd3cf7fd6a0da61d4399123316a9c1dcda00de90","point_ordinal":1,"zone_group_id":"488402023238","source_manage_no":"488402023238","facility_name":"단항경로당","sgg_code":"48840","facility_type_code":"2","api_first_registered_on":"2021-05-10","api_last_modified_on":null,"updated_at":"2026-07-25T01:27:52.347112+00:00"},"geometry":{"type":"Point","coordinates":[128.015638258,34.917277153]}},{"type":"Feature","id":"6d353dd32fc7ff8f6225adb7d12f1775612a91857377a5fd66ab4377cc66dae8-1","properties":{"facility_id":"6d353dd32fc7ff8f6225adb7d12f1775612a91857377a5fd66ab4377cc66dae8","point_ordinal":1,"zone_group_id":"488402025838","source_manage_no":"488402025838","facility_name":"대벽마을회관","sgg_code":"48840","facility_type_code":"2","api_first_registered_on":"2022-09-23","api_last_modified_on":null,"updated_at":"2026-07-25T01:27:52.347112+00:00"},"geometry":{"type":"Point","coordinates":[128.00142069,34.908699398]}},{"type":"Feature","id":"4222a10ea02f465f4668e848dcd12c0f9f0d96ba78a7e238e4502f7c3f1eaf28-1","properties":{"facility_id":"4222a10ea02f465f4668e848dcd12c0f9f0d96ba78a7e238e4502f7c3f1eaf28","point_ordinal":1,"zone_group_id":"488401005050","source_manage_no":"488401005050","facility_name":"도마초등학교","sgg_code":"48840","facility_type_code":"1","api_first_registered_on":"1999-08-21","api_last_modified_on":null,"updated_at":"2026-07-25T01:27:52.347112+00:00"},"geometry":{"type":"Point","coordinates":[127.893273902,34.869213493]}},{"type":"Feature","id":"950d3eb069a419e90647621822fa94132b4aed20dfbab4de140da02082a22917-1","properties":{"facility_id":"950d3eb069a419e90647621822fa94132b4aed20dfbab4de140da02082a22917","point_ordinal":1,"zone_group_id":"488402018076","source_manage_no":"488402018076","facility_name":"동갈화경로당","sgg_code":"48840","facility_type_code":"2","api_first_registered_on":"2019-11-19","api_last_modified_on":null,"updated_at":"2026-07-25T01:27:52.347112+00:00"},"geometry":{"type":"Point","coordinates":[127.837938992,34.894340459]}},{"type":"Feature","id":"48b53d82e75e1902fa1a3bdf8d9c3b09dca0cd3bf01f62e58ac4b59374353d6d-1","properties":{"facility_id":"48b53d82e75e1902fa1a3bdf8d9c3b09dca0cd3bf01f62e58ac4b59374353d6d","point_ordinal":1,"zone_group_id":"488402025581","source_manage_no":"488402025581","facility_name":"무지개경로당","sgg_code":"48840","facility_type_code":"2","api_first_registered_on":null,"api_last_modified_on":null,"updated_at":"2026-07-25T01:27:52.347112+00:00"},"geometry":{"type":"Point","coordinates":[127.896724039,34.744710472]}},{"type":"Feature","id":"96a35ad6ec894c83607c79de7f5b6ce52fe2561b21d1a4293df2d4f43add21ec-1","properties":{"facility_id":"96a35ad6ec894c83607c79de7f5b6ce52fe2561b21d1a4293df2d4f43add21ec","point_ordinal":1,"zone_group_id":"488401005068","source_manage_no":"488401005068","facility_name":"미조초등학교","sgg_code":"48840","facility_type_code":"1","api_first_registered_on":"2008-12-26","api_last_modified_on":null,"updated_at":"2026-07-25T01:27:52.347112+00:00"},"geometry":{"type":"Point","coordinates":[128.041812073,34.715541394]}},{"type":"Feature","id":"9a907f62dc1f98f03f6e80fbcb95357623389478bfedccb60fad312c6195ecbf-1","properties":{"facility_id":"9a907f62dc1f98f03f6e80fbcb95357623389478bfedccb60fad312c6195ecbf","point_ordinal":1,"zone_group_id":"488402018074","source_manage_no":"488402025580","facility_name":"북구경로당","sgg_code":"48840","facility_type_code":"2","api_first_registered_on":null,"api_last_modified_on":null,"updated_at":"2026-07-25T01:27:52.347112+00:00"},"geometry":{"type":"Point","coordinates":[127.870271748,34.788563038]}},{"type":"Feature","id":"fcc27e689b666c451f892e5af859b595d6b67a9895b1299fafc33906d8943968-1","properties":{"facility_id":"fcc27e689b666c451f892e5af859b595d6b67a9895b1299fafc33906d8943968","point_ordinal":1,"zone_group_id":"488402026628","source_manage_no":"488402026628","facility_name":"북변1리 경로당","sgg_code":"48840","facility_type_code":"2","api_first_registered_on":null,"api_last_modified_on":null,"updated_at":"2026-07-25T01:27:52.347112+00:00"},"geometry":{"type":"Point","coordinates":[127.895164517,34.838419952]}},{"type":"Feature","id":"5bc9396d69c9def74ecc571be6998c98a2b55df9be69a7912b7735a357100e43-1","properties":{"facility_id":"5bc9396d69c9def74ecc571be6998c98a2b55df9be69a7912b7735a357100e43","point_ordinal":1,"zone_group_id":"488402018070","source_manage_no":"488402018070","facility_name":"삼동면 종합복지회관","sgg_code":"48840","facility_type_code":"2","api_first_registered_on":null,"api_last_modified_on":null,"updated_at":"2026-07-25T01:27:52.347112+00:00"},"geometry":{"type":"Point","coordinates":[128.002377899,34.829980861]}},{"type":"Feature","id":"2e5af7be7b087b797b148624ebb886034892be33e0bdf2d058dd6dae320fefd8-1","properties":{"facility_id":"2e5af7be7b087b797b148624ebb886034892be33e0bdf2d058dd6dae320fefd8","point_ordinal":1,"zone_group_id":"488401005070","source_manage_no":"488401005070","facility_name":"삼동초등학교","sgg_code":"48840","facility_type_code":"1","api_first_registered_on":"2003-10-20","api_last_modified_on":null,"updated_at":"2026-07-25T01:27:52.347112+00:00"},"geometry":{"type":"Point","coordinates":[128.034919109,34.808417646]}},{"type":"Feature","id":"76884e17203fefdb1fff8a4685dc72c1577f742ba155f83af853ce2a8ff29d32-1","properties":{"facility_id":"76884e17203fefdb1fff8a4685dc72c1577f742ba155f83af853ce2a8ff29d32","point_ordinal":1,"zone_group_id":"488402025583","source_manage_no":"488402025583","facility_name":"상신경로당","sgg_code":"48840","facility_type_code":"2","api_first_registered_on":null,"api_last_modified_on":null,"updated_at":"2026-07-25T01:27:52.347112+00:00"},"geometry":{"type":"Point","coordinates":[128.00933114,34.862158006]}},{"type":"Feature","id":"2a5928d141f7be3b14667ea099514163b79d61f2f14147cbf75c88d876e15083-1","properties":{"facility_id":"2a5928d141f7be3b14667ea099514163b79d61f2f14147cbf75c88d876e15083","point_ordinal":1,"zone_group_id":"488401005074","source_manage_no":"488401005074","facility_name":"상주초등학교","sgg_code":"48840","facility_type_code":"1","api_first_registered_on":"1999-08-21","api_last_modified_on":null,"updated_at":"2026-07-25T01:27:52.347112+00:00"},"geometry":{"type":"Point","coordinates":[127.986023271,34.72403697]}},{"type":"Feature","id":"c2b51c0a4a5e1b67e174f79d586427e9e56f60cb3edd079327ec7a0208f1ca36-1","properties":{"facility_id":"c2b51c0a4a5e1b67e174f79d586427e9e56f60cb3edd079327ec7a0208f1ca36","point_ordinal":1,"zone_group_id":"488402025471","source_manage_no":"488402025471","facility_name":"서면복지회관","sgg_code":"48840","facility_type_code":"2","api_first_registered_on":null,"api_last_modified_on":null,"updated_at":"2026-07-25T01:27:52.347112+00:00"},"geometry":{"type":"Point","coordinates":[127.838942692,34.809949651]}},{"type":"Feature","id":"bbec3cbb1d87e4c91709e511b464c9784a13d3360a4d32011f9f3d1dd3d89fef-1","properties":{"facility_id":"bbec3cbb1d87e4c91709e511b464c9784a13d3360a4d32011f9f3d1dd3d89fef","point_ordinal":1,"zone_group_id":"488402023236","source_manage_no":"488402023236","facility_name":"석교경로당","sgg_code":"48840","facility_type_code":"2","api_first_registered_on":"2021-05-10","api_last_modified_on":null,"updated_at":"2026-07-25T01:27:52.347112+00:00"},"geometry":{"type":"Point","coordinates":[127.89925414,34.766311429]}},{"type":"Feature","id":"1d5b387097ef6677d71a299e223623c175ae56fbf0f11e1d803b309ac5c76ebe-1","properties":{"facility_id":"1d5b387097ef6677d71a299e223623c175ae56fbf0f11e1d803b309ac5c76ebe","point_ordinal":1,"zone_group_id":"488402030123","source_manage_no":"488402030123","facility_name":"설천노인대학","sgg_code":"48840","facility_type_code":"2","api_first_registered_on":"2026-07-24","api_last_modified_on":"2026-06-30","updated_at":"2026-07-25T01:27:52.347112+00:00"},"geometry":{"type":"Point","coordinates":[127.910261486,34.894139761]}},{"type":"Feature","id":"f018f5da7ef44a6a27ed37d7d2b135de8f81168baab7bc418877ba83591448fa-1","properties":{"facility_id":"f018f5da7ef44a6a27ed37d7d2b135de8f81168baab7bc418877ba83591448fa","point_ordinal":1,"zone_group_id":"488402018742","source_manage_no":"488402018742","facility_name":"설천종합복지회관","sgg_code":"48840","facility_type_code":"2","api_first_registered_on":null,"api_last_modified_on":null,"updated_at":"2026-07-25T01:27:52.347112+00:00"},"geometry":{"type":"Point","coordinates":[127.91543695,34.923098413]}},{"type":"Feature","id":"70b2bcece5fe19160f3d3c9f30b392742b6264b9b3620ade3a73c7965b4fc264-1","properties":{"facility_id":"70b2bcece5fe19160f3d3c9f30b392742b6264b9b3620ade3a73c7965b4fc264","point_ordinal":1,"zone_group_id":"488401005078","source_manage_no":"488401005078","facility_name":"설천초등학교","sgg_code":"48840","facility_type_code":"1","api_first_registered_on":"2009-02-05","api_last_modified_on":null,"updated_at":"2026-07-25T01:27:52.347112+00:00"},"geometry":{"type":"Point","coordinates":[127.915199795,34.925698437]}},{"type":"Feature","id":"86e631731f6c5a46dc2b70c2a63eb83352b860ba7054003c4a69e112a435cb17-1","properties":{"facility_id":"86e631731f6c5a46dc2b70c2a63eb83352b860ba7054003c4a69e112a435cb17","point_ordinal":1,"zone_group_id":"488402025472","source_manage_no":"488402025472","facility_name":"섬호경로당","sgg_code":"48840","facility_type_code":"2","api_first_registered_on":null,"api_last_modified_on":null,"updated_at":"2026-07-25T01:27:52.347112+00:00"},"geometry":{"type":"Point","coordinates":[127.923608823,34.830919742]}},{"type":"Feature","id":"6218c1ed6a311f0bec22e5c83094ff7eb7eb0d395e578bc72b1018f9a1dfd24a-1","properties":{"facility_id":"6218c1ed6a311f0bec22e5c83094ff7eb7eb0d395e578bc72b1018f9a1dfd24a","point_ordinal":1,"zone_group_id":"488401005076","source_manage_no":"488401005076","facility_name":"성명초등학교","sgg_code":"48840","facility_type_code":"1","api_first_registered_on":"2001-04-20","api_last_modified_on":null,"updated_at":"2026-07-25T01:27:52.347112+00:00"},"geometry":{"type":"Point","coordinates":[127.83864437,34.807814572]}},{"type":"Feature","id":"4c1267728084a44b0e049a2fb07f985fbf4e9e419b29d6dbfdf6733531ac5c84-1","properties":{"facility_id":"4c1267728084a44b0e049a2fb07f985fbf4e9e419b29d6dbfdf6733531ac5c84","point_ordinal":1,"zone_group_id":"488402025836","source_manage_no":"488402025836","facility_name":"송정마을회관","sgg_code":"48840","facility_type_code":"2","api_first_registered_on":null,"api_last_modified_on":null,"updated_at":"2026-07-25T01:27:52.347112+00:00"},"geometry":{"type":"Point","coordinates":[128.024615986,34.725692197]}},{"type":"Feature","id":"39627338a3b7f08455e496a934b00fd8183ba8c03517ad42cc26c5090464b6b7-1","properties":{"facility_id":"39627338a3b7f08455e496a934b00fd8183ba8c03517ad42cc26c5090464b6b7","point_ordinal":1,"zone_group_id":"488402023235","source_manage_no":"488402023235","facility_name":"숙호경로당","sgg_code":"48840","facility_type_code":"2","api_first_registered_on":"2021-05-10","api_last_modified_on":null,"updated_at":"2026-07-25T01:27:52.347112+00:00"},"geometry":{"type":"Point","coordinates":[127.901935131,34.756216428]}},{"type":"Feature","id":"d394831d9d7146bba02062a54b3c9373ffa970984a7a94fba0fad8b0a1d37502-1","properties":{"facility_id":"d394831d9d7146bba02062a54b3c9373ffa970984a7a94fba0fad8b0a1d37502","point_ordinal":1,"zone_group_id":"488402030122","source_manage_no":"488402030122","facility_name":"양지경로당","sgg_code":"48840","facility_type_code":"2","api_first_registered_on":"2024-10-22","api_last_modified_on":"2026-06-30","updated_at":"2026-07-25T01:27:52.347112+00:00"},"geometry":{"type":"Point","coordinates":[127.877890511,34.822709906]}},{"type":"Feature","id":"4a4da0c604cc23807e33b1dbfba401adbe39fd2d4fc40e9c503ac66e6f831445-1","properties":{"facility_id":"4a4da0c604cc23807e33b1dbfba401adbe39fd2d4fc40e9c503ac66e6f831445","point_ordinal":1,"zone_group_id":"488402025584","source_manage_no":"488402025584","facility_name":"연곡경로당","sgg_code":"48840","facility_type_code":"2","api_first_registered_on":null,"api_last_modified_on":null,"updated_at":"2026-07-25T01:27:52.347112+00:00"},"geometry":{"type":"Point","coordinates":[128.040770396,34.86909928]}},{"type":"Feature","id":"c4be9515ef5c1e19471697774d2326349870ba617e38464b00e84f15a32d4a0a-1","properties":{"facility_id":"c4be9515ef5c1e19471697774d2326349870ba617e38464b00e84f15a32d4a0a","point_ordinal":1,"zone_group_id":"488401005059","source_manage_no":"488401005059","facility_name":"연꽃어린이집","sgg_code":"48840","facility_type_code":"1","api_first_registered_on":"2010-09-01","api_last_modified_on":null,"updated_at":"2026-07-25T01:27:52.347112+00:00"},"geometry":{"type":"Point","coordinates":[127.892348244,34.842479353]}},{"type":"Feature","id":"423a0820bf27f41adc217611915ccaedec41ce5b476ae7f59ab94b8634121bf6-1","properties":{"facility_id":"423a0820bf27f41adc217611915ccaedec41ce5b476ae7f59ab94b8634121bf6","point_ordinal":1,"zone_group_id":"488402023237","source_manage_no":"488402023237","facility_name":"오리경로당","sgg_code":"48840","facility_type_code":"2","api_first_registered_on":"2021-05-10","api_last_modified_on":null,"updated_at":"2026-07-25T01:27:52.347112+00:00"},"geometry":{"type":"Point","coordinates":[127.860392761,34.772322797]}},{"type":"Feature","id":"523006024aaeef8262b598140e5935e5600dad246fb7d8cae56e987f1319fb7f-1","properties":{"facility_id":"523006024aaeef8262b598140e5935e5600dad246fb7d8cae56e987f1319fb7f","point_ordinal":1,"zone_group_id":"488402025837","source_manage_no":"488402025837","facility_name":"원천마을회관","sgg_code":"48840","facility_type_code":"2","api_first_registered_on":"2022-09-23","api_last_modified_on":null,"updated_at":"2026-07-25T01:27:52.347112+00:00"},"geometry":{"type":"Point","coordinates":[127.949216737,34.764291645]}},{"type":"Feature","id":"b7b55f9fde3caa67a6429aa25cf05bbe22c26b9875be0bd1a7d75dcc195ad0ef-1","properties":{"facility_id":"b7b55f9fde3caa67a6429aa25cf05bbe22c26b9875be0bd1a7d75dcc195ad0ef","point_ordinal":1,"zone_group_id":"488402026628","source_manage_no":"488402026629","facility_name":"유림2리 경로당","sgg_code":"48840","facility_type_code":"2","api_first_registered_on":"2023-06-29","api_last_modified_on":null,"updated_at":"2026-07-25T01:27:52.347112+00:00"},"geometry":{"type":"Point","coordinates":[127.893281107,34.841987524]}},{"type":"Feature","id":"5a875db88baa29d5f7de85d7405b4e73645ae7a13afec5c3665549cedb443e6f-1","properties":{"facility_id":"5a875db88baa29d5f7de85d7405b4e73645ae7a13afec5c3665549cedb443e6f","point_ordinal":1,"zone_group_id":"488402023240","source_manage_no":"488402023240","facility_name":"유포경로당","sgg_code":"48840","facility_type_code":"2","api_first_registered_on":"2021-05-10","api_last_modified_on":null,"updated_at":"2026-07-25T01:27:52.347112+00:00"},"geometry":{"type":"Point","coordinates":[127.819758015,34.860196894]}},{"type":"Feature","id":"304461f3491fef7dcd79a81ac7440a05d1db19693c8ec48b2639103062e2e289-1","properties":{"facility_id":"304461f3491fef7dcd79a81ac7440a05d1db19693c8ec48b2639103062e2e289","point_ordinal":1,"zone_group_id":"488401005081","source_manage_no":"488401005081","facility_name":"이동초등학교","sgg_code":"48840","facility_type_code":"1","api_first_registered_on":"2003-10-20","api_last_modified_on":null,"updated_at":"2026-07-25T01:27:52.347112+00:00"},"geometry":{"type":"Point","coordinates":[127.952291551,34.803351243]}},{"type":"Feature","id":"18213a11f2e9ac5204df5b1cdb17894617ef8ddaad583eb78569ba20d0853533-1","properties":{"facility_id":"18213a11f2e9ac5204df5b1cdb17894617ef8ddaad583eb78569ba20d0853533","point_ordinal":1,"zone_group_id":"488402026630","source_manage_no":"488402026630","facility_name":"정거경로당","sgg_code":"48840","facility_type_code":"2","api_first_registered_on":"2023-06-29","api_last_modified_on":null,"updated_at":"2026-07-25T01:27:52.347112+00:00"},"geometry":{"type":"Point","coordinates":[127.953051088,34.801127394]}},{"type":"Feature","id":"aacd213496e09789775e9c555ff99fb5f574dffb4e0024b1349daa42e7ad6b84-1","properties":{"facility_id":"aacd213496e09789775e9c555ff99fb5f574dffb4e0024b1349daa42e7ad6b84","point_ordinal":1,"zone_group_id":"488402025582","source_manage_no":"488402025582","facility_name":"중리경로당","sgg_code":"48840","facility_type_code":"2","api_first_registered_on":null,"api_last_modified_on":null,"updated_at":"2026-07-25T01:27:52.347112+00:00"},"geometry":{"type":"Point","coordinates":[127.819356263,34.84973241]}},{"type":"Feature","id":"383ef28cd4563508bc9bb4d900f0a8626447bb33381da904d54d5616a4856448-1","properties":{"facility_id":"383ef28cd4563508bc9bb4d900f0a8626447bb33381da904d54d5616a4856448","point_ordinal":1,"zone_group_id":"488401005072","source_manage_no":"488401005072","facility_name":"지족초등학교","sgg_code":"48840","facility_type_code":"1","api_first_registered_on":"2003-10-20","api_last_modified_on":null,"updated_at":"2026-07-25T01:27:52.347112+00:00"},"geometry":{"type":"Point","coordinates":[128.000284789,34.830423598]}},{"type":"Feature","id":"54554fed28e843a33c0ac8f4c0ea4633793e2c2948f72cb7aff001a347c6065b-1","properties":{"facility_id":"54554fed28e843a33c0ac8f4c0ea4633793e2c2948f72cb7aff001a347c6065b","point_ordinal":1,"zone_group_id":"488402005083","source_manage_no":"488402005083","facility_name":"창선면종합복지회관","sgg_code":"48840","facility_type_code":"2","api_first_registered_on":"2016-01-01","api_last_modified_on":null,"updated_at":"2026-07-25T01:27:52.347112+00:00"},"geometry":{"type":"Point","coordinates":[128.012270345,34.855081804]}},{"type":"Feature","id":"7f4ce724101dffdfab38747a7f3baee1c676a9dc13cfcae0d1ebe3231d7e67ed-1","properties":{"facility_id":"7f4ce724101dffdfab38747a7f3baee1c676a9dc13cfcae0d1ebe3231d7e67ed","point_ordinal":1,"zone_group_id":"488401005085","source_manage_no":"488401005085","facility_name":"창선초등학교","sgg_code":"48840","facility_type_code":"1","api_first_registered_on":"2001-04-20","api_last_modified_on":null,"updated_at":"2026-07-25T01:27:52.347112+00:00"},"geometry":{"type":"Point","coordinates":[128.01108356,34.857755987]}},{"type":"Feature","id":"090c433bcaa42d6a33f7e2ad16d6ba504c1874c66b9f81fcb97d497f5a9b7e9c-1","properties":{"facility_id":"090c433bcaa42d6a33f7e2ad16d6ba504c1874c66b9f81fcb97d497f5a9b7e9c","point_ordinal":1,"zone_group_id":"488402030121","source_manage_no":"488402030121","facility_name":"초양경로당","sgg_code":"48840","facility_type_code":"2","api_first_registered_on":"2024-10-22","api_last_modified_on":"2026-06-30","updated_at":"2026-07-25T01:27:52.347112+00:00"},"geometry":{"type":"Point","coordinates":[127.928609349,34.82939807]}},{"type":"Feature","id":"e887cd156604465ef1c3333e03ff736c91bb487adbcadf53fbb64a95399daa36-1","properties":{"facility_id":"e887cd156604465ef1c3333e03ff736c91bb487adbcadf53fbb64a95399daa36","point_ordinal":1,"zone_group_id":"488401005064","source_manage_no":"488401005064","facility_name":"해양초등학교","sgg_code":"48840","facility_type_code":"1","api_first_registered_on":"1999-08-21","api_last_modified_on":null,"updated_at":"2026-07-25T01:27:52.347112+00:00"},"geometry":{"type":"Point","coordinates":[127.896520922,34.83448524]}},{"type":"Feature","id":"fd457d6c3558e28f7e7c70a6e32c497d88f30839cd2af620a9bfaadf23bb1663-1","properties":{"facility_id":"fd457d6c3558e28f7e7c70a6e32c497d88f30839cd2af620a9bfaadf23bb1663","point_ordinal":1,"zone_group_id":"488401005066","source_manage_no":"488401005066","facility_name":"현대모모어린이집","sgg_code":"48840","facility_type_code":"1","api_first_registered_on":"2014-07-02","api_last_modified_on":null,"updated_at":"2026-07-25T01:27:52.347112+00:00"},"geometry":{"type":"Point","coordinates":[127.893362047,34.844063177]}},{"type":"Feature","id":"afcef851fcda517a15db4d4e9927f46d92b722e113c1ac41f463811d2b3ab92e-1","properties":{"facility_id":"afcef851fcda517a15db4d4e9927f46d92b722e113c1ac41f463811d2b3ab92e","point_ordinal":1,"zone_group_id":"488402018080","source_manage_no":"488402018080","facility_name":"홍현1리 경로당","sgg_code":"48840","facility_type_code":"2","api_first_registered_on":"2019-11-19","api_last_modified_on":null,"updated_at":"2026-07-25T01:27:52.347112+00:00"},"geometry":{"type":"Point","coordinates":[127.907327876,34.746979151]}},{"type":"Feature","id":"72580a7ccfacfdce90d3b540033a2155858ccbab5f089ad02686c530100c3581-1","properties":{"facility_id":"72580a7ccfacfdce90d3b540033a2155858ccbab5f089ad02686c530100c3581","point_ordinal":1,"zone_group_id":"488501005822","source_manage_no":"488501005822","facility_name":"갈육초등학교","sgg_code":"48850","facility_type_code":"1","api_first_registered_on":"2002-05-16","api_last_modified_on":null,"updated_at":"2026-07-25T01:27:52.347112+00:00"},"geometry":{"type":"Point","coordinates":[127.783651946,34.948349948]}},{"type":"Feature","id":"a80c67289189c66ec13db5862dc088265bd4554d21e1f4c4feedb734412c521c-1","properties":{"facility_id":"a80c67289189c66ec13db5862dc088265bd4554d21e1f4c4feedb734412c521c","point_ordinal":1,"zone_group_id":"488501005818","source_manage_no":"488501005818","facility_name":"고전초등학교","sgg_code":"48850","facility_type_code":"1","api_first_registered_on":"2002-05-16","api_last_modified_on":null,"updated_at":"2026-07-25T01:27:52.347112+00:00"},"geometry":{"type":"Point","coordinates":[127.818651988,35.024225874]}},{"type":"Feature","id":"23234c2fd932593c8d8c0031439f8b11b49211a66d5da6fa659484c46f3a2d69-1","properties":{"facility_id":"23234c2fd932593c8d8c0031439f8b11b49211a66d5da6fa659484c46f3a2d69","point_ordinal":1,"zone_group_id":"488501005818","source_manage_no":"488501005819","facility_name":"고전초등학교병설유치원","sgg_code":"48850","facility_type_code":"1","api_first_registered_on":"2002-05-16","api_last_modified_on":null,"updated_at":"2026-07-25T01:27:52.347112+00:00"},"geometry":{"type":"Point","coordinates":[127.818616289,35.024217101]}},{"type":"Feature","id":"90fc2da2e937ac13c5886dd8ccc401ad5ccc1f8f6389ed34434a7c1e7f067eca-1","properties":{"facility_id":"90fc2da2e937ac13c5886dd8ccc401ad5ccc1f8f6389ed34434a7c1e7f067eca","point_ordinal":1,"zone_group_id":"488501005823","source_manage_no":"488501005823","facility_name":"궁항초등학교","sgg_code":"48850","facility_type_code":"1","api_first_registered_on":"2009-09-15","api_last_modified_on":null,"updated_at":"2026-07-25T01:27:52.347112+00:00"},"geometry":{"type":"Point","coordinates":[127.795571937,34.97136814]}},{"type":"Feature","id":"84a881bc5992ed4bde2ecd33386c060f462cbbf98753860dcdb26322ce5c642b-1","properties":{"facility_id":"84a881bc5992ed4bde2ecd33386c060f462cbbf98753860dcdb26322ce5c642b","point_ordinal":1,"zone_group_id":"488501005823","source_manage_no":"488501005824","facility_name":"궁항초등학교병설유치원","sgg_code":"48850","facility_type_code":"1","api_first_registered_on":"2009-09-15","api_last_modified_on":null,"updated_at":"2026-07-25T01:27:52.347112+00:00"},"geometry":{"type":"Point","coordinates":[127.795566985,34.971422254]}},{"type":"Feature","id":"cffb06afba186d0b54ed7b3c3afb347ce9e4169b5fb4d3622ff71520c4f1a8a3-1","properties":{"facility_id":"cffb06afba186d0b54ed7b3c3afb347ce9e4169b5fb4d3622ff71520c4f1a8a3","point_ordinal":1,"zone_group_id":"488501005820","source_manage_no":"488501005820","facility_name":"노량초등학교","sgg_code":"48850","facility_type_code":"1","api_first_registered_on":"2000-01-05","api_last_modified_on":null,"updated_at":"2026-07-25T01:27:52.347112+00:00"},"geometry":{"type":"Point","coordinates":[127.857433583,34.951429613]}},{"type":"Feature","id":"080f5b3300b2bce66a3f8f69c7f7577fc3b2c027730c68b9c8e0c345615781dd-1","properties":{"facility_id":"080f5b3300b2bce66a3f8f69c7f7577fc3b2c027730c68b9c8e0c345615781dd","point_ordinal":1,"zone_group_id":"488501005836","source_manage_no":"488501005836","facility_name":"묵계초등학교","sgg_code":"48850","facility_type_code":"1","api_first_registered_on":"2001-07-13","api_last_modified_on":null,"updated_at":"2026-07-25T01:27:52.347112+00:00"},"geometry":{"type":"Point","coordinates":[127.734932544,35.228339176]}},{"type":"Feature","id":"fa8ab2c49a426b39b9c169f769d78cd43160e033ae1d44c7d39659794134a2f0-1","properties":{"facility_id":"fa8ab2c49a426b39b9c169f769d78cd43160e033ae1d44c7d39659794134a2f0","point_ordinal":1,"zone_group_id":"488501005838","source_manage_no":"488501005838","facility_name":"묵계초등학교(청암분교)","sgg_code":"48850","facility_type_code":"1","api_first_registered_on":"1996-02-11","api_last_modified_on":null,"updated_at":"2026-07-25T01:27:52.347112+00:00"},"geometry":{"type":"Point","coordinates":[127.797961734,35.15852746]}},{"type":"Feature","id":"b45d485ce65045572892505c17a401ff9547a4a49d8b15f09b09b7e35d5c4965-1","properties":{"facility_id":"b45d485ce65045572892505c17a401ff9547a4a49d8b15f09b09b7e35d5c4965","point_ordinal":1,"zone_group_id":"488501005838","source_manage_no":"488501005839","facility_name":"묵계초등학교(청암분교)병설유치원","sgg_code":"48850","facility_type_code":"1","api_first_registered_on":"1996-02-11","api_last_modified_on":null,"updated_at":"2026-07-25T01:27:52.347112+00:00"},"geometry":{"type":"Point","coordinates":[127.797968146,35.158622058]}},{"type":"Feature","id":"f379ca68e68d0fe0a957b890454c10ab697d63ea7d0185d2da1fa1a6eed00343-1","properties":{"facility_id":"f379ca68e68d0fe0a957b890454c10ab697d63ea7d0185d2da1fa1a6eed00343","point_ordinal":1,"zone_group_id":"488501005836","source_manage_no":"488501005837","facility_name":"묵계초등학교병설유치원","sgg_code":"48850","facility_type_code":"1","api_first_registered_on":"2001-07-13","api_last_modified_on":null,"updated_at":"2026-07-25T01:27:52.347112+00:00"},"geometry":{"type":"Point","coordinates":[127.734940314,35.228287303]}},{"type":"Feature","id":"6bb7e1708b362da1188b180880f1a1bbec2ab5501c7c560ecafc4d91a2e099b6-1","properties":{"facility_id":"6bb7e1708b362da1188b180880f1a1bbec2ab5501c7c560ecafc4d91a2e099b6","point_ordinal":1,"zone_group_id":"488501005825","source_manage_no":"488501005825","facility_name":"북천초등학교","sgg_code":"48850","facility_type_code":"1","api_first_registered_on":"2009-09-15","api_last_modified_on":null,"updated_at":"2026-07-25T01:27:52.347112+00:00"},"geometry":{"type":"Point","coordinates":[127.889465538,35.113071669]}},{"type":"Feature","id":"992033f4dba59fe0c2f5aaf1bc5d3ee48886c576f68e6560a8ff5ee6531a269f-1","properties":{"facility_id":"992033f4dba59fe0c2f5aaf1bc5d3ee48886c576f68e6560a8ff5ee6531a269f","point_ordinal":1,"zone_group_id":"488501005825","source_manage_no":"488501005826","facility_name":"북천초등학교병설유치원","sgg_code":"48850","facility_type_code":"1","api_first_registered_on":"2009-09-15","api_last_modified_on":null,"updated_at":"2026-07-25T01:27:52.347112+00:00"},"geometry":{"type":"Point","coordinates":[127.889500719,35.113028598]}},{"type":"Feature","id":"e43e75efbb8e66d0de8e0ed74a0b128b236dee6da511aa70c35e55ee15dec2e7-1","properties":{"facility_id":"e43e75efbb8e66d0de8e0ed74a0b128b236dee6da511aa70c35e55ee15dec2e7","point_ordinal":1,"zone_group_id":"488501005842","source_manage_no":"488501005842","facility_name":"쌍계초등학교","sgg_code":"48850","facility_type_code":"1","api_first_registered_on":"2009-09-15","api_last_modified_on":null,"updated_at":"2026-07-25T01:27:52.347112+00:00"},"geometry":{"type":"Point","coordinates":[127.645131626,35.232107263]}},{"type":"Feature","id":"325e3def5d90538d961d6eba2cdbe800d1dd6cd8f7ba56c631145f40e7a0e546-1","properties":{"facility_id":"325e3def5d90538d961d6eba2cdbe800d1dd6cd8f7ba56c631145f40e7a0e546","point_ordinal":1,"zone_group_id":"488501005842","source_manage_no":"488501005843","facility_name":"쌍계초등학교병설유치원","sgg_code":"48850","facility_type_code":"1","api_first_registered_on":"2009-09-15","api_last_modified_on":null,"updated_at":"2026-07-25T01:27:52.347112+00:00"},"geometry":{"type":"Point","coordinates":[127.645222589,35.232149591]}},{"type":"Feature","id":"d183dac36056df04f08d8aedcfd04f3de8ad4dda742bac320b29027e984a41b1-1","properties":{"facility_id":"d183dac36056df04f08d8aedcfd04f3de8ad4dda742bac320b29027e984a41b1","point_ordinal":1,"zone_group_id":"488501005827","source_manage_no":"488501005827","facility_name":"악양초등학교","sgg_code":"48850","facility_type_code":"1","api_first_registered_on":"2005-07-10","api_last_modified_on":null,"updated_at":"2026-07-25T01:27:52.347112+00:00"},"geometry":{"type":"Point","coordinates":[127.709208747,35.161815136]}},{"type":"Feature","id":"5cc6e45841936879bcd4ad7fac4799fb9d6c8b9297ba9bec354851a4bc467dcd-1","properties":{"facility_id":"5cc6e45841936879bcd4ad7fac4799fb9d6c8b9297ba9bec354851a4bc467dcd","point_ordinal":1,"zone_group_id":"488501005827","source_manage_no":"488501005828","facility_name":"악양초등학교병설유치원","sgg_code":"48850","facility_type_code":"1","api_first_registered_on":"2005-07-10","api_last_modified_on":null,"updated_at":"2026-07-25T01:27:52.347112+00:00"},"geometry":{"type":"Point","coordinates":[127.709167062,35.161754539]}},{"type":"Feature","id":"2e6994d22d11356256a03e2e2cac02e1485f70d6bd9cea0d2bbfbc22a7044072-1","properties":{"facility_id":"2e6994d22d11356256a03e2e2cac02e1485f70d6bd9cea0d2bbfbc22a7044072","point_ordinal":1,"zone_group_id":"488501005831","source_manage_no":"488501005831","facility_name":"옥종초등학교","sgg_code":"48850","facility_type_code":"1","api_first_registered_on":"2006-06-20","api_last_modified_on":null,"updated_at":"2026-07-25T01:27:52.347112+00:00"},"geometry":{"type":"Point","coordinates":[127.882801969,35.180637958]}},{"type":"Feature","id":"c99160c560b06601f4e1ecb52b750e5260eb24faae55872b1337a5fc484c102c-1","properties":{"facility_id":"c99160c560b06601f4e1ecb52b750e5260eb24faae55872b1337a5fc484c102c","point_ordinal":1,"zone_group_id":"488501005831","source_manage_no":"488501005832","facility_name":"옥종초등학교병설유치원","sgg_code":"48850","facility_type_code":"1","api_first_registered_on":"2006-06-20","api_last_modified_on":null,"updated_at":"2026-07-25T01:27:52.347112+00:00"},"geometry":{"type":"Point","coordinates":[127.882835509,35.180694046]}},{"type":"Feature","id":"1db7961f2349c7def4095328d614db1c8b5e45f3ad1e0ffa3c5f37e247a2c6f6-1","properties":{"facility_id":"1db7961f2349c7def4095328d614db1c8b5e45f3ad1e0ffa3c5f37e247a2c6f6","point_ordinal":1,"zone_group_id":"488501005833","source_manage_no":"488501005833","facility_name":"적량초등학교","sgg_code":"48850","facility_type_code":"1","api_first_registered_on":"2009-09-15","api_last_modified_on":null,"updated_at":"2026-07-25T01:27:52.347112+00:00"},"geometry":{"type":"Point","coordinates":[127.774022152,35.085400174]}},{"type":"Feature","id":"99e76282322b6c281689255185116e4903033ad59620cfa099f8247a00fe64be-1","properties":{"facility_id":"99e76282322b6c281689255185116e4903033ad59620cfa099f8247a00fe64be","point_ordinal":1,"zone_group_id":"488501005834","source_manage_no":"488501005834","facility_name":"진교초등학교","sgg_code":"48850","facility_type_code":"1","api_first_registered_on":"2001-07-13","api_last_modified_on":null,"updated_at":"2026-07-25T01:27:52.347112+00:00"},"geometry":{"type":"Point","coordinates":[127.899983581,35.033838705]}},{"type":"Feature","id":"f112a3a5e4e3837c3425320294a1b54d0797fdb79164dec0b9a657700ee78e80-1","properties":{"facility_id":"f112a3a5e4e3837c3425320294a1b54d0797fdb79164dec0b9a657700ee78e80","point_ordinal":1,"zone_group_id":"488501005834","source_manage_no":"488501005835","facility_name":"진교초등학교병설유치원","sgg_code":"48850","facility_type_code":"1","api_first_registered_on":"2001-07-13","api_last_modified_on":null,"updated_at":"2026-07-25T01:27:52.347112+00:00"},"geometry":{"type":"Point","coordinates":[127.899970206,35.033868097]}},{"type":"Feature","id":"b381f3dc37d31482c4839a3412e91e8710223d619a23829527ab860b01b59ccb-1","properties":{"facility_id":"b381f3dc37d31482c4839a3412e91e8710223d619a23829527ab860b01b59ccb","point_ordinal":1,"zone_group_id":"488501005821","source_manage_no":"488501005821","facility_name":"진정초등학교","sgg_code":"48850","facility_type_code":"1","api_first_registered_on":"2002-05-16","api_last_modified_on":null,"updated_at":"2026-07-25T01:27:52.347112+00:00"},"geometry":{"type":"Point","coordinates":[127.825286699,34.985799881]}},{"type":"Feature","id":"a67f6207dfcb7d4ea5703cad3329bd8ee6390cf01b41bf154abfd790307ba25b-1","properties":{"facility_id":"a67f6207dfcb7d4ea5703cad3329bd8ee6390cf01b41bf154abfd790307ba25b","point_ordinal":1,"zone_group_id":"488502025523","source_manage_no":"488502025523","facility_name":"하동군노인장애인종합복지관","sgg_code":"48850","facility_type_code":"2","api_first_registered_on":"2019-06-17","api_last_modified_on":null,"updated_at":"2026-07-25T01:27:52.347112+00:00"},"geometry":{"type":"Point","coordinates":[127.743151708,35.072268187]}},{"type":"Feature","id":"ac531483dc1bbae7022e204f814e0ec44d9ca286d0d400667175e96f3b73a460-1","properties":{"facility_id":"ac531483dc1bbae7022e204f814e0ec44d9ca286d0d400667175e96f3b73a460","point_ordinal":1,"zone_group_id":"488501022996","source_manage_no":"488501022996","facility_name":"하동유치원","sgg_code":"48850","facility_type_code":"1","api_first_registered_on":"1996-02-15","api_last_modified_on":null,"updated_at":"2026-07-25T01:27:52.347112+00:00"},"geometry":{"type":"Point","coordinates":[127.767133532,35.060863508]}},{"type":"Feature","id":"2130815e42c5819f471b9dac997dce03939297d2bd04d5cb27e969ef1ee1b790-1","properties":{"facility_id":"2130815e42c5819f471b9dac997dce03939297d2bd04d5cb27e969ef1ee1b790","point_ordinal":1,"zone_group_id":"488501005840","source_manage_no":"488501005840","facility_name":"하동초등학교","sgg_code":"48850","facility_type_code":"1","api_first_registered_on":"1996-02-11","api_last_modified_on":null,"updated_at":"2026-07-25T01:27:52.347112+00:00"},"geometry":{"type":"Point","coordinates":[127.747963765,35.065798544]}},{"type":"Feature","id":"5459a8efddf4091634b02c39a3b940566301391a81ca1e4cb3cdfccd5bb138c2-1","properties":{"facility_id":"5459a8efddf4091634b02c39a3b940566301391a81ca1e4cb3cdfccd5bb138c2","point_ordinal":1,"zone_group_id":"488501005847","source_manage_no":"488501005847","facility_name":"화개초등학교","sgg_code":"48850","facility_type_code":"1","api_first_registered_on":"1996-02-11","api_last_modified_on":null,"updated_at":"2026-07-25T01:27:52.347112+00:00"},"geometry":{"type":"Point","coordinates":[127.629290378,35.199672956]}},{"type":"Feature","id":"d9fdf33beeaa5e99833ee7b70073bbdda576dc1f10b9771483b039b5dee8a821-1","properties":{"facility_id":"d9fdf33beeaa5e99833ee7b70073bbdda576dc1f10b9771483b039b5dee8a821","point_ordinal":1,"zone_group_id":"488501005847","source_manage_no":"488501005846","facility_name":"화개초등학교 병설유치원","sgg_code":"48850","facility_type_code":"1","api_first_registered_on":"1996-02-11","api_last_modified_on":null,"updated_at":"2026-07-25T01:27:52.347112+00:00"},"geometry":{"type":"Point","coordinates":[127.629364774,35.199708622]}},{"type":"Feature","id":"7cf0612683443e3a3ce64a2652911e7b806d92d17dc65b70c62364810b5cebdb-1","properties":{"facility_id":"7cf0612683443e3a3ce64a2652911e7b806d92d17dc65b70c62364810b5cebdb","point_ordinal":1,"zone_group_id":"488501005844","source_manage_no":"488501005844","facility_name":"화개초등학교 왕성분교장","sgg_code":"48850","facility_type_code":"1","api_first_registered_on":"2001-08-20","api_last_modified_on":null,"updated_at":"2026-07-25T01:27:52.347112+00:00"},"geometry":{"type":"Point","coordinates":[127.637767714,35.26416251]}},{"type":"Feature","id":"cf7365b68ebfe54d24bc00df1cec5e388022602e837901cb480c3466004f0795-1","properties":{"facility_id":"cf7365b68ebfe54d24bc00df1cec5e388022602e837901cb480c3466004f0795","point_ordinal":1,"zone_group_id":"488501005848","source_manage_no":"488501005848","facility_name":"횡천초등학교","sgg_code":"48850","facility_type_code":"1","api_first_registered_on":"1996-02-11","api_last_modified_on":null,"updated_at":"2026-07-25T01:27:52.347112+00:00"},"geometry":{"type":"Point","coordinates":[127.808177131,35.110097592]}},{"type":"Feature","id":"e94ffae494825ad69d2c4c476f6f3c249c28ada3c530ffba2356b0890870835d-1","properties":{"facility_id":"e94ffae494825ad69d2c4c476f6f3c249c28ada3c530ffba2356b0890870835d","point_ordinal":1,"zone_group_id":"488501005848","source_manage_no":"488501005849","facility_name":"횡천초등학교병설유치원","sgg_code":"48850","facility_type_code":"1","api_first_registered_on":"1996-02-11","api_last_modified_on":null,"updated_at":"2026-07-25T01:27:52.347112+00:00"},"geometry":{"type":"Point","coordinates":[127.808175167,35.110176472]}},{"type":"Feature","id":"ac1ac03b2c5fbafc3563e336e30615e1f7fab87bf4f63a853d0e0119a0940695-1","properties":{"facility_id":"ac1ac03b2c5fbafc3563e336e30615e1f7fab87bf4f63a853d0e0119a0940695","point_ordinal":1,"zone_group_id":"488601005301","source_manage_no":"488601005301","facility_name":"금서초등학교","sgg_code":"48860","facility_type_code":"1","api_first_registered_on":"2008-01-01","api_last_modified_on":null,"updated_at":"2026-07-25T01:27:52.347112+00:00"},"geometry":{"type":"Point","coordinates":[127.79337286,35.460353694]}},{"type":"Feature","id":"d90ce0e6f45efa9d7bc9c3fcabb4fcbe972f7e925bce644d79fd552647cbaa55-1","properties":{"facility_id":"d90ce0e6f45efa9d7bc9c3fcabb4fcbe972f7e925bce644d79fd552647cbaa55","point_ordinal":1,"zone_group_id":"488601029470","source_manage_no":"488601029470","facility_name":"금서초등학교 병설유치원","sgg_code":"48860","facility_type_code":"1","api_first_registered_on":null,"api_last_modified_on":"2025-08-08","updated_at":"2026-07-25T01:27:52.347112+00:00"},"geometry":{"type":"Point","coordinates":[127.793109354,35.460497989]}},{"type":"Feature","id":"254aa7b48b3bc1fea6d386eee044847c810eed40f54b5d15dc06fd989d6dc207-1","properties":{"facility_id":"254aa7b48b3bc1fea6d386eee044847c810eed40f54b5d15dc06fd989d6dc207","point_ordinal":1,"zone_group_id":"488601005309","source_manage_no":"488601005309","facility_name":"단계초등학교","sgg_code":"48860","facility_type_code":"1","api_first_registered_on":"2006-01-01","api_last_modified_on":null,"updated_at":"2026-07-25T01:27:52.347112+00:00"},"geometry":{"type":"Point","coordinates":[128.010402525,35.378138211]}},{"type":"Feature","id":"7403f263e04d28e3d43f857c244183c7382195c782b2c2394ea672eee9984ead-1","properties":{"facility_id":"7403f263e04d28e3d43f857c244183c7382195c782b2c2394ea672eee9984ead","point_ordinal":1,"zone_group_id":"488601005309","source_manage_no":"488601029469","facility_name":"단계초등학교 병설유치원","sgg_code":"48860","facility_type_code":"1","api_first_registered_on":null,"api_last_modified_on":"2025-10-24","updated_at":"2026-07-25T01:27:52.347112+00:00"},"geometry":{"type":"Point","coordinates":[128.010287989,35.379226873]}},{"type":"Feature","id":"e0a8448284a962dda6b326d62f89ebc080e07096ac56aa3aadc6232ca9b753de-1","properties":{"facility_id":"e0a8448284a962dda6b326d62f89ebc080e07096ac56aa3aadc6232ca9b753de","point_ordinal":1,"zone_group_id":"488601005302","source_manage_no":"488601005302","facility_name":"단성초등학교","sgg_code":"48860","facility_type_code":"1","api_first_registered_on":"2007-01-01","api_last_modified_on":null,"updated_at":"2026-07-25T01:27:52.347112+00:00"},"geometry":{"type":"Point","coordinates":[127.956527648,35.29693169]}},{"type":"Feature","id":"dda6018f3dbad590241d5aa04f798adf5a134018e0b5191ee0d1560aac56f4c3-1","properties":{"facility_id":"dda6018f3dbad590241d5aa04f798adf5a134018e0b5191ee0d1560aac56f4c3","point_ordinal":1,"zone_group_id":"488601005307","source_manage_no":"488601005307","facility_name":"덕산초등학교","sgg_code":"48860","facility_type_code":"1","api_first_registered_on":"1996-01-01","api_last_modified_on":null,"updated_at":"2026-07-25T01:27:52.347112+00:00"},"geometry":{"type":"Point","coordinates":[127.838106752,35.278394104]}},{"type":"Feature","id":"d40c904686a26ddf0c3f0e792c4e42a77e72f619e8c8174ed117b4900e0d13e1-1","properties":{"facility_id":"d40c904686a26ddf0c3f0e792c4e42a77e72f619e8c8174ed117b4900e0d13e1","point_ordinal":1,"zone_group_id":"488601029468","source_manage_no":"488601029468","facility_name":"덕산초등학교 병설유치원","sgg_code":"48860","facility_type_code":"1","api_first_registered_on":null,"api_last_modified_on":"2025-08-08","updated_at":"2026-07-25T01:27:52.347112+00:00"},"geometry":{"type":"Point","coordinates":[127.838188747,35.278201513]}},{"type":"Feature","id":"2601ebcecc5dfd2b60b7e3b549b6c5544aff60e3d38a3dbeb1a0697aa3540a19-1","properties":{"facility_id":"2601ebcecc5dfd2b60b7e3b549b6c5544aff60e3d38a3dbeb1a0697aa3540a19","point_ordinal":1,"zone_group_id":"488601005311","source_manage_no":"488601005311","facility_name":"도산초등학교","sgg_code":"48860","facility_type_code":"1","api_first_registered_on":"2005-01-01","api_last_modified_on":null,"updated_at":"2026-07-25T01:27:52.347112+00:00"},"geometry":{"type":"Point","coordinates":[128.000666649,35.334772092]}},{"type":"Feature","id":"ac0a833637990f1efbcbf6e8f26c9e5f2085be19c89b8953c66916792d68db3c-1","properties":{"facility_id":"ac0a833637990f1efbcbf6e8f26c9e5f2085be19c89b8953c66916792d68db3c","point_ordinal":1,"zone_group_id":"488601029467","source_manage_no":"488601029467","facility_name":"도산초등학교 병설유치원","sgg_code":"48860","facility_type_code":"1","api_first_registered_on":null,"api_last_modified_on":"2025-08-08","updated_at":"2026-07-25T01:27:52.347112+00:00"},"geometry":{"type":"Point","coordinates":[128.000628974,35.334582531]}},{"type":"Feature","id":"9ba4d200f9b7006d8789e9b5858ceedb0a74b9e202772202fa1bad4bb81b8693-1","properties":{"facility_id":"9ba4d200f9b7006d8789e9b5858ceedb0a74b9e202772202fa1bad4bb81b8693","point_ordinal":1,"zone_group_id":"488602030168","source_manage_no":"488602030168","facility_name":"산청요양병원","sgg_code":"48860","facility_type_code":"2","api_first_registered_on":null,"api_last_modified_on":"2026-07-16","updated_at":"2026-07-25T01:27:52.347112+00:00"},"geometry":{"type":"Point","coordinates":[127.868454766,35.423342559]}},{"type":"Feature","id":"107cc582989752b5ea4207248c8f48e0635f5d7915a5810a082ee9e42c2ac0d3-1","properties":{"facility_id":"107cc582989752b5ea4207248c8f48e0635f5d7915a5810a082ee9e42c2ac0d3","point_ordinal":1,"zone_group_id":"488601028953","source_manage_no":"488601028953","facility_name":"산청유치원","sgg_code":"48860","facility_type_code":"1","api_first_registered_on":null,"api_last_modified_on":"2025-10-24","updated_at":"2026-07-25T01:27:52.347112+00:00"},"geometry":{"type":"Point","coordinates":[127.949867311,35.330612261]}},{"type":"Feature","id":"728afb006b4401208b724a6b5412c9218798c53116c9d3a5ea935da2c34a89dd-1","properties":{"facility_id":"728afb006b4401208b724a6b5412c9218798c53116c9d3a5ea935da2c34a89dd","point_ordinal":1,"zone_group_id":"488601005303","source_manage_no":"488601005303","facility_name":"산청초등학교","sgg_code":"48860","facility_type_code":"1","api_first_registered_on":"1996-01-01","api_last_modified_on":null,"updated_at":"2026-07-25T01:27:52.347112+00:00"},"geometry":{"type":"Point","coordinates":[127.875934279,35.41643878]}},{"type":"Feature","id":"bb88d603bf4ff3c39163a05fdd0201e9712c639b18556bb0ec8b113c1199a0b0-1","properties":{"facility_id":"bb88d603bf4ff3c39163a05fdd0201e9712c639b18556bb0ec8b113c1199a0b0","point_ordinal":1,"zone_group_id":"488601005304","source_manage_no":"488601005304","facility_name":"삼장초등학교","sgg_code":"48860","facility_type_code":"1","api_first_registered_on":"2009-01-01","api_last_modified_on":null,"updated_at":"2026-07-25T01:27:52.347112+00:00"},"geometry":{"type":"Point","coordinates":[127.838900902,35.334368995]}},{"type":"Feature","id":"8d2425b6607b181ded8322deb5b29e7d4e03620aa080b741d9f810964d6238a6-1","properties":{"facility_id":"8d2425b6607b181ded8322deb5b29e7d4e03620aa080b741d9f810964d6238a6","point_ordinal":1,"zone_group_id":"488601029466","source_manage_no":"488601029466","facility_name":"삼장초등학교 병설유치원","sgg_code":"48860","facility_type_code":"1","api_first_registered_on":null,"api_last_modified_on":"2025-08-08","updated_at":"2026-07-25T01:27:52.347112+00:00"},"geometry":{"type":"Point","coordinates":[127.838899599,35.334456435]}},{"type":"Feature","id":"ebdbc6fc0298a02c5652689c16f6981e64aba26c5130cf9bc6a90df0cdad220c-1","properties":{"facility_id":"ebdbc6fc0298a02c5652689c16f6981e64aba26c5130cf9bc6a90df0cdad220c","point_ordinal":1,"zone_group_id":"488601005305","source_manage_no":"488601005305","facility_name":"생비량초등학교","sgg_code":"48860","facility_type_code":"1","api_first_registered_on":"1996-01-01","api_last_modified_on":null,"updated_at":"2026-07-25T01:27:52.347112+00:00"},"geometry":{"type":"Point","coordinates":[128.046713532,35.345762468]}},{"type":"Feature","id":"179ad466af9749d71ced36ba00e775e46541a4d18a801dd7a47f28cff0180130-1","properties":{"facility_id":"179ad466af9749d71ced36ba00e775e46541a4d18a801dd7a47f28cff0180130","point_ordinal":1,"zone_group_id":"488601029471","source_manage_no":"488601029471","facility_name":"생비량초등학교 병설유치원","sgg_code":"48860","facility_type_code":"1","api_first_registered_on":null,"api_last_modified_on":"2025-08-08","updated_at":"2026-07-25T01:27:52.347112+00:00"},"geometry":{"type":"Point","coordinates":[128.046552541,35.345627167]}},{"type":"Feature","id":"64997ebbbfc9e544e67a837e8947b253da10fbe98bb1ebb243c81456ebc1fdba-1","properties":{"facility_id":"64997ebbbfc9e544e67a837e8947b253da10fbe98bb1ebb243c81456ebc1fdba","point_ordinal":1,"zone_group_id":"488601005306","source_manage_no":"488601005306","facility_name":"생초초등학교","sgg_code":"48860","facility_type_code":"1","api_first_registered_on":"2007-01-01","api_last_modified_on":null,"updated_at":"2026-07-25T01:27:52.347112+00:00"},"geometry":{"type":"Point","coordinates":[127.836285153,35.49418055]}},{"type":"Feature","id":"80382b80b70cd2f4b14dbb823ae6cddcffc2dab0b5e12d4b1fb967e76eb9ede7-1","properties":{"facility_id":"80382b80b70cd2f4b14dbb823ae6cddcffc2dab0b5e12d4b1fb967e76eb9ede7","point_ordinal":1,"zone_group_id":"488601029465","source_manage_no":"488601029465","facility_name":"생초초등학교 병설유치원","sgg_code":"48860","facility_type_code":"1","api_first_registered_on":null,"api_last_modified_on":"2025-08-08","updated_at":"2026-07-25T01:27:52.347112+00:00"},"geometry":{"type":"Point","coordinates":[127.83624871,35.49400152]}},{"type":"Feature","id":"2a1e2042c289673532aedc4b5bfc1b964390eeb1c9daaf4640ea86d8a1305ccd-1","properties":{"facility_id":"2a1e2042c289673532aedc4b5bfc1b964390eeb1c9daaf4640ea86d8a1305ccd","point_ordinal":1,"zone_group_id":"488601005312","source_manage_no":"488601005312","facility_name":"신안초등학교","sgg_code":"48860","facility_type_code":"1","api_first_registered_on":"1996-01-01","api_last_modified_on":null,"updated_at":"2026-07-25T01:27:52.347112+00:00"},"geometry":{"type":"Point","coordinates":[127.972690662,35.301792824]}},{"type":"Feature","id":"238a7c145592ddeeb985d6eeea9d347826c70bbc0a8e321cd71eaa96e242f00f-1","properties":{"facility_id":"238a7c145592ddeeb985d6eeea9d347826c70bbc0a8e321cd71eaa96e242f00f","point_ordinal":1,"zone_group_id":"488601005308","source_manage_no":"488601005308","facility_name":"신천초등학교","sgg_code":"48860","facility_type_code":"1","api_first_registered_on":"2009-01-01","api_last_modified_on":"2025-03-28","updated_at":"2026-07-25T01:27:52.347112+00:00"},"geometry":{"type":"Point","coordinates":[127.780266165,35.258803706]}},{"type":"Feature","id":"61b9c9309f0a0f3c3dc80aa283ff4a19490494af4ca02993047329496667221a-1","properties":{"facility_id":"61b9c9309f0a0f3c3dc80aa283ff4a19490494af4ca02993047329496667221a","point_ordinal":1,"zone_group_id":"488601029464","source_manage_no":"488601029464","facility_name":"신천초등학교 병설유치원","sgg_code":"48860","facility_type_code":"1","api_first_registered_on":null,"api_last_modified_on":"2025-08-08","updated_at":"2026-07-25T01:27:52.347112+00:00"},"geometry":{"type":"Point","coordinates":[127.780265073,35.258714468]}},{"type":"Feature","id":"6799309db1ae6e2da4e28a69c3466b4254165e2ae4b0bf66b682385e400d741e-1","properties":{"facility_id":"6799309db1ae6e2da4e28a69c3466b4254165e2ae4b0bf66b682385e400d741e","point_ordinal":1,"zone_group_id":"488601005313","source_manage_no":"488601005313","facility_name":"오부초등학교","sgg_code":"48860","facility_type_code":"1","api_first_registered_on":"2007-01-01","api_last_modified_on":null,"updated_at":"2026-07-25T01:27:52.347112+00:00"},"geometry":{"type":"Point","coordinates":[127.887223275,35.499005016]}},{"type":"Feature","id":"df8096feca1d15ffb01e4823b3d4fc4cf34098b423b1a27d53584ab8b479c625-1","properties":{"facility_id":"df8096feca1d15ffb01e4823b3d4fc4cf34098b423b1a27d53584ab8b479c625","point_ordinal":1,"zone_group_id":"488601029463","source_manage_no":"488601029463","facility_name":"오부초등학교 병설유치원","sgg_code":"48860","facility_type_code":"1","api_first_registered_on":null,"api_last_modified_on":"2025-08-08","updated_at":"2026-07-25T01:27:52.347112+00:00"},"geometry":{"type":"Point","coordinates":[127.887144369,35.498897936]}},{"type":"Feature","id":"3f6718c73638060050cd012c4838e9acb9fc5fdc319b7be85e1f659cacebba05-1","properties":{"facility_id":"3f6718c73638060050cd012c4838e9acb9fc5fdc319b7be85e1f659cacebba05","point_ordinal":1,"zone_group_id":"488601005314","source_manage_no":"488601005314","facility_name":"차황초등학교","sgg_code":"48860","facility_type_code":"1","api_first_registered_on":"2005-01-01","api_last_modified_on":null,"updated_at":"2026-07-25T01:27:52.347112+00:00"},"geometry":{"type":"Point","coordinates":[127.927365991,35.463064423]}},{"type":"Feature","id":"622be646c054dcfbf8d36854c3e5cec9c8121be583ac956609c10382451ebd65-1","properties":{"facility_id":"622be646c054dcfbf8d36854c3e5cec9c8121be583ac956609c10382451ebd65","point_ordinal":1,"zone_group_id":"488601029462","source_manage_no":"488601029462","facility_name":"차황초등학교 병설유치원","sgg_code":"48860","facility_type_code":"1","api_first_registered_on":null,"api_last_modified_on":"2025-08-08","updated_at":"2026-07-25T01:27:52.347112+00:00"},"geometry":{"type":"Point","coordinates":[127.92746532,35.463137663]}},{"type":"Feature","id":"6da750fff3ca62e5382c5814706cf17bf04aa81bde6dc79e84e5214d0050240a-1","properties":{"facility_id":"6da750fff3ca62e5382c5814706cf17bf04aa81bde6dc79e84e5214d0050240a","point_ordinal":1,"zone_group_id":"488602030166","source_manage_no":"488602030166","facility_name":"한일노인요양원","sgg_code":"48860","facility_type_code":"2","api_first_registered_on":null,"api_last_modified_on":"2026-07-16","updated_at":"2026-07-25T01:27:52.347112+00:00"},"geometry":{"type":"Point","coordinates":[127.876286405,35.411492039]}},{"type":"Feature","id":"f3c30c3ab575d8f0dfaec0d7fe0ffb0437059c82ff6454b0d7f20fad8d82fe7d-1","properties":{"facility_id":"f3c30c3ab575d8f0dfaec0d7fe0ffb0437059c82ff6454b0d7f20fad8d82fe7d","point_ordinal":1,"zone_group_id":"488701005905","source_manage_no":"488701005905","facility_name":"금반초등학교","sgg_code":"48870","facility_type_code":"1","api_first_registered_on":"2003-08-01","api_last_modified_on":null,"updated_at":"2026-07-25T01:27:52.347112+00:00"},"geometry":{"type":"Point","coordinates":[127.73709372,35.476671376]}},{"type":"Feature","id":"95c37a489caa74bc84759110ee9008441faecbdfdec0cd1d9934081df4113d83-1","properties":{"facility_id":"95c37a489caa74bc84759110ee9008441faecbdfdec0cd1d9934081df4113d83","point_ordinal":1,"zone_group_id":"488701005906","source_manage_no":"488701005906","facility_name":"금반초등학교병설유치원","sgg_code":"48870","facility_type_code":"1","api_first_registered_on":"2003-08-01","api_last_modified_on":null,"updated_at":"2026-07-25T01:27:52.347112+00:00"},"geometry":{"type":"Point","coordinates":[127.73709372,35.476671376]}},{"type":"Feature","id":"5d7d15dc648f6a9cec07c92ba658a21a486cfc7b05ad7a1cc7f2c9182416d694-1","properties":{"facility_id":"5d7d15dc648f6a9cec07c92ba658a21a486cfc7b05ad7a1cc7f2c9182416d694","point_ordinal":1,"zone_group_id":"488701005882","source_manage_no":"488701005882","facility_name":"마천초등학교","sgg_code":"48870","facility_type_code":"1","api_first_registered_on":"2003-10-01","api_last_modified_on":null,"updated_at":"2026-07-25T01:27:52.347112+00:00"},"geometry":{"type":"Point","coordinates":[127.659731799,35.386098707]}},{"type":"Feature","id":"e00c0684f712e4fce31e1bf00aefaa64a539f2ea98d049784d05fa4ec6734cf4-1","properties":{"facility_id":"e00c0684f712e4fce31e1bf00aefaa64a539f2ea98d049784d05fa4ec6734cf4","point_ordinal":1,"zone_group_id":"488701005883","source_manage_no":"488701005883","facility_name":"마천초등학교병설유치원","sgg_code":"48870","facility_type_code":"1","api_first_registered_on":"2003-10-01","api_last_modified_on":null,"updated_at":"2026-07-25T01:27:52.347112+00:00"},"geometry":{"type":"Point","coordinates":[127.659731799,35.386098707]}},{"type":"Feature","id":"a00e58c13ba82ea66c9f9143d6ec21c1607e58248e07e64034a9f676b3d2a32e-1","properties":{"facility_id":"a00e58c13ba82ea66c9f9143d6ec21c1607e58248e07e64034a9f676b3d2a32e","point_ordinal":1,"zone_group_id":"488701005884","source_manage_no":"488701005884","facility_name":"백전초등학교","sgg_code":"48870","facility_type_code":"1","api_first_registered_on":"2006-11-01","api_last_modified_on":null,"updated_at":"2026-07-25T01:27:52.347112+00:00"},"geometry":{"type":"Point","coordinates":[127.635499934,35.551918987]}},{"type":"Feature","id":"af88b935cb75bfc6b06de627f00f0474772b4450300555f9216ffb900db3b242-1","properties":{"facility_id":"af88b935cb75bfc6b06de627f00f0474772b4450300555f9216ffb900db3b242","point_ordinal":1,"zone_group_id":"488701005885","source_manage_no":"488701005885","facility_name":"백전초등학교병설유치원","sgg_code":"48870","facility_type_code":"1","api_first_registered_on":"2006-11-01","api_last_modified_on":null,"updated_at":"2026-07-25T01:27:52.347112+00:00"},"geometry":{"type":"Point","coordinates":[127.635499934,35.551918987]}},{"type":"Feature","id":"3602358f4e740c43725c6a06509a8b87e6c4f817e1736515fdcf2a83fd8bb578-1","properties":{"facility_id":"3602358f4e740c43725c6a06509a8b87e6c4f817e1736515fdcf2a83fd8bb578","point_ordinal":1,"zone_group_id":"488701005886","source_manage_no":"488701005886","facility_name":"병곡초등학교","sgg_code":"48870","facility_type_code":"1","api_first_registered_on":"2006-11-01","api_last_modified_on":null,"updated_at":"2026-07-25T01:27:52.347112+00:00"},"geometry":{"type":"Point","coordinates":[127.688780579,35.5287648]}},{"type":"Feature","id":"52012bdd3dbc390db8281a49c6031ab5da8ddbc9442561f47c489374bb8fb920-1","properties":{"facility_id":"52012bdd3dbc390db8281a49c6031ab5da8ddbc9442561f47c489374bb8fb920","point_ordinal":1,"zone_group_id":"488701005887","source_manage_no":"488701005887","facility_name":"병곡초등학교병설유치원","sgg_code":"48870","facility_type_code":"1","api_first_registered_on":"2006-11-01","api_last_modified_on":null,"updated_at":"2026-07-25T01:27:52.347112+00:00"},"geometry":{"type":"Point","coordinates":[127.688780579,35.5287648]}},{"type":"Feature","id":"b07926b791eb3ae7ac62f1910cab3670ee651cde32aed853b172cb712d1fbbef-1","properties":{"facility_id":"b07926b791eb3ae7ac62f1910cab3670ee651cde32aed853b172cb712d1fbbef","point_ordinal":1,"zone_group_id":"488701005888","source_manage_no":"488701005888","facility_name":"서상초등학교","sgg_code":"48870","facility_type_code":"1","api_first_registered_on":"2003-08-01","api_last_modified_on":null,"updated_at":"2026-07-25T01:27:52.347112+00:00"},"geometry":{"type":"Point","coordinates":[127.686117035,35.683808008]}},{"type":"Feature","id":"443e7ef94d2c1315aa83c138c6c3e57e025c1dc13ea746cd8bcd2a17ede36ff8-1","properties":{"facility_id":"443e7ef94d2c1315aa83c138c6c3e57e025c1dc13ea746cd8bcd2a17ede36ff8","point_ordinal":1,"zone_group_id":"488701005889","source_manage_no":"488701005889","facility_name":"서상초등학교병설유치원","sgg_code":"48870","facility_type_code":"1","api_first_registered_on":"2003-08-01","api_last_modified_on":null,"updated_at":"2026-07-25T01:27:52.347112+00:00"},"geometry":{"type":"Point","coordinates":[127.686117035,35.683808008]}},{"type":"Feature","id":"b11f059f5bdd5512527c45bc89034e552d73942c6227ac602892ad511d6a659b-1","properties":{"facility_id":"b11f059f5bdd5512527c45bc89034e552d73942c6227ac602892ad511d6a659b","point_ordinal":1,"zone_group_id":"488701005890","source_manage_no":"488701005890","facility_name":"서하초등학교","sgg_code":"48870","facility_type_code":"1","api_first_registered_on":"2003-10-01","api_last_modified_on":null,"updated_at":"2026-07-25T01:27:52.347112+00:00"},"geometry":{"type":"Point","coordinates":[127.69828543,35.648381066]}},{"type":"Feature","id":"ddcbff456f820ed22ac6521e593b6d17bb0ddf10e88cd31192e4abce6729bcc7-1","properties":{"facility_id":"ddcbff456f820ed22ac6521e593b6d17bb0ddf10e88cd31192e4abce6729bcc7","point_ordinal":1,"zone_group_id":"488701005891","source_manage_no":"488701005891","facility_name":"서하초등학교병설유치원","sgg_code":"48870","facility_type_code":"1","api_first_registered_on":"2003-10-01","api_last_modified_on":null,"updated_at":"2026-07-25T01:27:52.347112+00:00"},"geometry":{"type":"Point","coordinates":[127.69828543,35.648381066]}},{"type":"Feature","id":"7b5f1f9fb19e09c217e2c8709765568c2b72a511d553a7952591b5f0a045ee08-1","properties":{"facility_id":"7b5f1f9fb19e09c217e2c8709765568c2b72a511d553a7952591b5f0a045ee08","point_ordinal":1,"zone_group_id":"488701005892","source_manage_no":"488701005892","facility_name":"수동초등학교","sgg_code":"48870","facility_type_code":"1","api_first_registered_on":"2006-11-01","api_last_modified_on":null,"updated_at":"2026-07-25T01:27:52.347112+00:00"},"geometry":{"type":"Point","coordinates":[127.790898923,35.522075476]}},{"type":"Feature","id":"5c6abb1f70b1a43cd3c836e37f7f7c48f58d1f88c16025b51981eaf668b4b01b-1","properties":{"facility_id":"5c6abb1f70b1a43cd3c836e37f7f7c48f58d1f88c16025b51981eaf668b4b01b","point_ordinal":1,"zone_group_id":"488701005892","source_manage_no":"488701005893","facility_name":"수동초등학교병설유치원","sgg_code":"48870","facility_type_code":"1","api_first_registered_on":"2006-11-01","api_last_modified_on":null,"updated_at":"2026-07-25T01:27:52.347112+00:00"},"geometry":{"type":"Point","coordinates":[127.790795707,35.522024937]}},{"type":"Feature","id":"c9200a3a7d2d71848004e335ecd3814d8303b35be3397acbfa324dadb80dbd39-1","properties":{"facility_id":"c9200a3a7d2d71848004e335ecd3814d8303b35be3397acbfa324dadb80dbd39","point_ordinal":1,"zone_group_id":"488701005894","source_manage_no":"488701005894","facility_name":"안의초등학교","sgg_code":"48870","facility_type_code":"1","api_first_registered_on":"2003-08-01","api_last_modified_on":null,"updated_at":"2026-07-25T01:27:52.347112+00:00"},"geometry":{"type":"Point","coordinates":[127.809979563,35.629093647]}},{"type":"Feature","id":"7d31c0e8035d1d83f6b1c4aa9c0c6d332dda152779c5342689c4a9511885b1a7-1","properties":{"facility_id":"7d31c0e8035d1d83f6b1c4aa9c0c6d332dda152779c5342689c4a9511885b1a7","point_ordinal":1,"zone_group_id":"488701005895","source_manage_no":"488701005895","facility_name":"안의초등학교병설유치원","sgg_code":"48870","facility_type_code":"1","api_first_registered_on":"2003-08-01","api_last_modified_on":null,"updated_at":"2026-07-25T01:27:52.347112+00:00"},"geometry":{"type":"Point","coordinates":[127.809979563,35.629093647]}},{"type":"Feature","id":"129cf43c867c520f8290d2044350dd4a148035b75d1b363876b6a055e93b1d75-1","properties":{"facility_id":"129cf43c867c520f8290d2044350dd4a148035b75d1b363876b6a055e93b1d75","point_ordinal":1,"zone_group_id":"488701020295","source_manage_no":"488701020295","facility_name":"연꽃어린이집","sgg_code":"48870","facility_type_code":"1","api_first_registered_on":null,"api_last_modified_on":null,"updated_at":"2026-07-25T01:27:52.347112+00:00"},"geometry":{"type":"Point","coordinates":[127.718679389,35.508699394]}},{"type":"Feature","id":"5748049e8b66e445c31eb34ca7e3cc8e3f8c620ff247225ecba0519f830b56ba-1","properties":{"facility_id":"5748049e8b66e445c31eb34ca7e3cc8e3f8c620ff247225ecba0519f830b56ba","point_ordinal":1,"zone_group_id":"488701005900","source_manage_no":"488701005900","facility_name":"위림초등학교","sgg_code":"48870","facility_type_code":"1","api_first_registered_on":"2003-08-01","api_last_modified_on":null,"updated_at":"2026-07-25T01:27:52.347112+00:00"},"geometry":{"type":"Point","coordinates":[127.719487166,35.520210141]}},{"type":"Feature","id":"f30ad8a73714c2e97b4aace3f2ca20f116d4eec04e4ca7dbf4827ad958cc2d74-1","properties":{"facility_id":"f30ad8a73714c2e97b4aace3f2ca20f116d4eec04e4ca7dbf4827ad958cc2d74","point_ordinal":1,"zone_group_id":"488701005901","source_manage_no":"488701005901","facility_name":"위림초등학교병설유치원","sgg_code":"48870","facility_type_code":"1","api_first_registered_on":"2003-08-01","api_last_modified_on":null,"updated_at":"2026-07-25T01:27:52.347112+00:00"},"geometry":{"type":"Point","coordinates":[127.719487166,35.520210141]}},{"type":"Feature","id":"3ad0f1596eed7cf8ca4d9512e3f2779d9b94fd861048997a1052f984d566362a-1","properties":{"facility_id":"3ad0f1596eed7cf8ca4d9512e3f2779d9b94fd861048997a1052f984d566362a","point_ordinal":1,"zone_group_id":"488701005902","source_manage_no":"488701005902","facility_name":"위성초등학교","sgg_code":"48870","facility_type_code":"1","api_first_registered_on":"1996-05-01","api_last_modified_on":null,"updated_at":"2026-07-25T01:27:52.347112+00:00"},"geometry":{"type":"Point","coordinates":[127.732024348,35.523099051]}},{"type":"Feature","id":"40544aeb1941c87707f821182205a2a4041a1478a21cbb44244213cbcf68d833-1","properties":{"facility_id":"40544aeb1941c87707f821182205a2a4041a1478a21cbb44244213cbcf68d833","point_ordinal":1,"zone_group_id":"488701005896","source_manage_no":"488701005896","facility_name":"유림초등학교","sgg_code":"48870","facility_type_code":"1","api_first_registered_on":"2003-10-01","api_last_modified_on":null,"updated_at":"2026-07-25T01:27:52.347112+00:00"},"geometry":{"type":"Point","coordinates":[127.792927739,35.471328108]}},{"type":"Feature","id":"3ab05b2aa821e043ffa0ad23cb2707d2d5f8ded3db503d2b765b201b05770c05-1","properties":{"facility_id":"3ab05b2aa821e043ffa0ad23cb2707d2d5f8ded3db503d2b765b201b05770c05","point_ordinal":1,"zone_group_id":"488701005897","source_manage_no":"488701005897","facility_name":"유림초등학교병설유치원","sgg_code":"48870","facility_type_code":"1","api_first_registered_on":"2003-10-01","api_last_modified_on":null,"updated_at":"2026-07-25T01:27:52.347112+00:00"},"geometry":{"type":"Point","coordinates":[127.792927739,35.471328108]}},{"type":"Feature","id":"6c7868b7f0d7df0f7fe1b698df81c104744d27cc98bcd8a940de407d678316af-1","properties":{"facility_id":"6c7868b7f0d7df0f7fe1b698df81c104744d27cc98bcd8a940de407d678316af","point_ordinal":1,"zone_group_id":"488701005898","source_manage_no":"488701005898","facility_name":"지곡초등학교","sgg_code":"48870","facility_type_code":"1","api_first_registered_on":"2006-11-01","api_last_modified_on":null,"updated_at":"2026-07-25T01:27:52.347112+00:00"},"geometry":{"type":"Point","coordinates":[127.77146742,35.566314421]}},{"type":"Feature","id":"8925ce570460b76ddbbf48fde6630c275c77015c1e0d1c63dfe52f9a3c7481ce-1","properties":{"facility_id":"8925ce570460b76ddbbf48fde6630c275c77015c1e0d1c63dfe52f9a3c7481ce","point_ordinal":1,"zone_group_id":"488701005899","source_manage_no":"488701005899","facility_name":"지곡초등학교병설유치원","sgg_code":"48870","facility_type_code":"1","api_first_registered_on":"2006-11-01","api_last_modified_on":null,"updated_at":"2026-07-25T01:27:52.347112+00:00"},"geometry":{"type":"Point","coordinates":[127.77146742,35.566314421]}},{"type":"Feature","id":"4b96783616f61af449ad713e3d1301eea5f0a847490ac583208c46e3d38e5d8c-1","properties":{"facility_id":"4b96783616f61af449ad713e3d1301eea5f0a847490ac583208c46e3d38e5d8c","point_ordinal":1,"zone_group_id":"488701005903","source_manage_no":"488701005903","facility_name":"천령유치원","sgg_code":"48870","facility_type_code":"1","api_first_registered_on":"2006-11-01","api_last_modified_on":null,"updated_at":"2026-07-25T01:27:52.347112+00:00"},"geometry":{"type":"Point","coordinates":[127.717287701,35.502090642]}},{"type":"Feature","id":"f91e06c6dcb7edb2da69fc66241a74a4a826e0991cde0c7bc91b27a637da5170-1","properties":{"facility_id":"f91e06c6dcb7edb2da69fc66241a74a4a826e0991cde0c7bc91b27a637da5170","point_ordinal":1,"zone_group_id":"488701005904","source_manage_no":"488701005904","facility_name":"함양초등학교","sgg_code":"48870","facility_type_code":"1","api_first_registered_on":"1995-05-01","api_last_modified_on":null,"updated_at":"2026-07-25T01:27:52.347112+00:00"},"geometry":{"type":"Point","coordinates":[127.726082611,35.520261076]}},{"type":"Feature","id":"ebd7d894b8d04e8181c0f0a300d323006359111b7f62b99f43452b20f9617105-1","properties":{"facility_id":"ebd7d894b8d04e8181c0f0a300d323006359111b7f62b99f43452b20f9617105","point_ordinal":1,"zone_group_id":"488802029503","source_manage_no":"488802029503","facility_name":"가북면 강계경로당","sgg_code":"48880","facility_type_code":"2","api_first_registered_on":null,"api_last_modified_on":"2025-08-08","updated_at":"2026-07-25T01:27:52.347112+00:00"},"geometry":{"type":"Point","coordinates":[128.024865614,35.80201955]}},{"type":"Feature","id":"d3762c2aeb1fe68fbd883e9977600ccbd281b8b4c15a3ede8bec77f8bf157bfe-1","properties":{"facility_id":"d3762c2aeb1fe68fbd883e9977600ccbd281b8b4c15a3ede8bec77f8bf157bfe","point_ordinal":1,"zone_group_id":"488802029502","source_manage_no":"488802029502","facility_name":"가북면 다전경로당","sgg_code":"48880","facility_type_code":"2","api_first_registered_on":null,"api_last_modified_on":"2025-08-08","updated_at":"2026-07-25T01:27:52.347112+00:00"},"geometry":{"type":"Point","coordinates":[127.971386711,35.806072386]}},{"type":"Feature","id":"b5c3b9dabde2621a62ec099b2ec5275178fb669cf74d23751207a62cf5f59f3b-1","properties":{"facility_id":"b5c3b9dabde2621a62ec099b2ec5275178fb669cf74d23751207a62cf5f59f3b","point_ordinal":1,"zone_group_id":"488802029499","source_manage_no":"488802029499","facility_name":"가북면 회남경로당","sgg_code":"48880","facility_type_code":"2","api_first_registered_on":null,"api_last_modified_on":"2025-08-08","updated_at":"2026-07-25T01:27:52.347112+00:00"},"geometry":{"type":"Point","coordinates":[127.971642278,35.793548051]}},{"type":"Feature","id":"9bd2b837a53c3ed55fc2404e5766cab1f30aa54ff9d93a866e51a79c62062a7f-1","properties":{"facility_id":"9bd2b837a53c3ed55fc2404e5766cab1f30aa54ff9d93a866e51a79c62062a7f","point_ordinal":1,"zone_group_id":"488801004807","source_manage_no":"488801004807","facility_name":"가북초등학교","sgg_code":"48880","facility_type_code":"1","api_first_registered_on":"1996-01-01","api_last_modified_on":null,"updated_at":"2026-07-25T01:27:52.347112+00:00"},"geometry":{"type":"Point","coordinates":[127.992246928,35.762252528]}},{"type":"Feature","id":"b9cc149cad3b5b9eff101c5b58a3cad49898042a7276de01deed647bcf7643a0-1","properties":{"facility_id":"b9cc149cad3b5b9eff101c5b58a3cad49898042a7276de01deed647bcf7643a0","point_ordinal":1,"zone_group_id":"488801004807","source_manage_no":"488801004808","facility_name":"가북초등학교병설유치원","sgg_code":"48880","facility_type_code":"1","api_first_registered_on":"1996-01-01","api_last_modified_on":null,"updated_at":"2026-07-25T01:27:52.347112+00:00"},"geometry":{"type":"Point","coordinates":[127.992481122,35.762412817]}},{"type":"Feature","id":"cb4a084c2b8399f8d09d8ae7379a6a72943dde85dd4e150e485979176d129790-1","properties":{"facility_id":"cb4a084c2b8399f8d09d8ae7379a6a72943dde85dd4e150e485979176d129790","point_ordinal":1,"zone_group_id":"488802029172","source_manage_no":"488802029172","facility_name":"가조면 녹동마을회관","sgg_code":"48880","facility_type_code":"2","api_first_registered_on":null,"api_last_modified_on":"2025-04-22","updated_at":"2026-07-25T01:27:52.347112+00:00"},"geometry":{"type":"Point","coordinates":[128.034579477,35.704251643]}},{"type":"Feature","id":"20618b51697450b6f300ee5486e5367ad95a7c5b9138f5f4677087e467ffe940-1","properties":{"facility_id":"20618b51697450b6f300ee5486e5367ad95a7c5b9138f5f4677087e467ffe940","point_ordinal":1,"zone_group_id":"488802029472","source_manage_no":"488802029472","facility_name":"가조면 도산당마을회관","sgg_code":"48880","facility_type_code":"2","api_first_registered_on":null,"api_last_modified_on":"2025-08-08","updated_at":"2026-07-25T01:27:52.347112+00:00"},"geometry":{"type":"Point","coordinates":[128.046590238,35.704763886]}},{"type":"Feature","id":"bacbad1d0396839619aa0783a9480acf6375a7628de6bd7670f894538b4a99ea-1","properties":{"facility_id":"bacbad1d0396839619aa0783a9480acf6375a7628de6bd7670f894538b4a99ea","point_ordinal":1,"zone_group_id":"488802029474","source_manage_no":"488802029474","facility_name":"가조면 도산마을회관","sgg_code":"48880","facility_type_code":"2","api_first_registered_on":null,"api_last_modified_on":"2025-08-08","updated_at":"2026-07-25T01:27:52.347112+00:00"},"geometry":{"type":"Point","coordinates":[128.020160116,35.699698214]}},{"type":"Feature","id":"8edc3ef406487257ee6464b9ef57f5416d7f4235824369c28308059dec1abcea-1","properties":{"facility_id":"8edc3ef406487257ee6464b9ef57f5416d7f4235824369c28308059dec1abcea","point_ordinal":1,"zone_group_id":"488802029477","source_manage_no":"488802029477","facility_name":"가조면 들마경로당","sgg_code":"48880","facility_type_code":"2","api_first_registered_on":null,"api_last_modified_on":"2025-08-08","updated_at":"2026-07-25T01:27:52.347112+00:00"},"geometry":{"type":"Point","coordinates":[128.02156996,35.691478709]}},{"type":"Feature","id":"cf17d60596ee1b5602463e257eabe8137f769400a031a238ae9f797756dfc0f8-1","properties":{"facility_id":"cf17d60596ee1b5602463e257eabe8137f769400a031a238ae9f797756dfc0f8","point_ordinal":1,"zone_group_id":"488802029484","source_manage_no":"488802029484","facility_name":"가조면 월포경로당","sgg_code":"48880","facility_type_code":"2","api_first_registered_on":null,"api_last_modified_on":"2025-08-08","updated_at":"2026-07-25T01:27:52.347112+00:00"},"geometry":{"type":"Point","coordinates":[128.021516885,35.712186345]}},{"type":"Feature","id":"d2ee25a324bfa0ee21e143db3ecf3db90d7a4cca35a681624827abd2eb2d6154-1","properties":{"facility_id":"d2ee25a324bfa0ee21e143db3ecf3db90d7a4cca35a681624827abd2eb2d6154","point_ordinal":1,"zone_group_id":"488802029473","source_manage_no":"488802029473","facility_name":"가조면 화곡마을회관","sgg_code":"48880","facility_type_code":"2","api_first_registered_on":null,"api_last_modified_on":"2025-08-08","updated_at":"2026-07-25T01:27:52.347112+00:00"},"geometry":{"type":"Point","coordinates":[128.053091413,35.704611151]}},{"type":"Feature","id":"1952b69ab95397dab5d30c8c9f7dc9224276a5fbcbda352ca6d564e09e6242f0-1","properties":{"facility_id":"1952b69ab95397dab5d30c8c9f7dc9224276a5fbcbda352ca6d564e09e6242f0","point_ordinal":1,"zone_group_id":"488801004809","source_manage_no":"488801004809","facility_name":"가조초등학교","sgg_code":"48880","facility_type_code":"1","api_first_registered_on":"1996-01-01","api_last_modified_on":null,"updated_at":"2026-07-25T01:27:52.347112+00:00"},"geometry":{"type":"Point","coordinates":[128.013880973,35.710075315]}},{"type":"Feature","id":"c09ce72b7959dd20bb140d2a6410fd0c319179c44149d5f704283971e0722885-1","properties":{"facility_id":"c09ce72b7959dd20bb140d2a6410fd0c319179c44149d5f704283971e0722885","point_ordinal":1,"zone_group_id":"488801004809","source_manage_no":"488801004810","facility_name":"가조초등학교병설유치원","sgg_code":"48880","facility_type_code":"1","api_first_registered_on":"1996-01-01","api_last_modified_on":null,"updated_at":"2026-07-25T01:27:52.347112+00:00"},"geometry":{"type":"Point","coordinates":[128.013718206,35.710311007]}},{"type":"Feature","id":"735cf31b51dee3c4860e5c3cf03357cdaaaefd2edaceb5afafa039fe52659b8b-1","properties":{"facility_id":"735cf31b51dee3c4860e5c3cf03357cdaaaefd2edaceb5afafa039fe52659b8b","point_ordinal":1,"zone_group_id":"488801023518","source_manage_no":"488801023518","facility_name":"거창나래학교","sgg_code":"48880","facility_type_code":"1","api_first_registered_on":null,"api_last_modified_on":null,"updated_at":"2026-07-25T01:27:52.347112+00:00"},"geometry":{"type":"Point","coordinates":[127.851484994,35.700164912]}},{"type":"Feature","id":"08f04e0077fc79c7a7367ebccca18fa2c4c4e49378489bcbffc99209de0b3955-1","properties":{"facility_id":"08f04e0077fc79c7a7367ebccca18fa2c4c4e49378489bcbffc99209de0b3955","point_ordinal":1,"zone_group_id":"488801004811","source_manage_no":"488801004811","facility_name":"거창유치원","sgg_code":"48880","facility_type_code":"1","api_first_registered_on":"2006-01-01","api_last_modified_on":null,"updated_at":"2026-07-25T01:27:52.347112+00:00"},"geometry":{"type":"Point","coordinates":[127.903447598,35.697999555]}},{"type":"Feature","id":"086eaabc0afe2acc0eb74490d8d4fbb201200004b3999dd1b745e356425251fa-1","properties":{"facility_id":"086eaabc0afe2acc0eb74490d8d4fbb201200004b3999dd1b745e356425251fa","point_ordinal":1,"zone_group_id":"488802029485","source_manage_no":"488802029485","facility_name":"거창읍 정장경로당","sgg_code":"48880","facility_type_code":"2","api_first_registered_on":null,"api_last_modified_on":"2025-08-08","updated_at":"2026-07-25T01:27:52.347112+00:00"},"geometry":{"type":"Point","coordinates":[127.918541085,35.670503995]}},{"type":"Feature","id":"a308fb95be06dfe17b5abdd16fd5a036f8e9360856dd2da52fbadcf7b384683a-1","properties":{"facility_id":"a308fb95be06dfe17b5abdd16fd5a036f8e9360856dd2da52fbadcf7b384683a","point_ordinal":1,"zone_group_id":"488801004812","source_manage_no":"488801004812","facility_name":"거창초등학교","sgg_code":"48880","facility_type_code":"1","api_first_registered_on":"1995-01-01","api_last_modified_on":null,"updated_at":"2026-07-25T01:27:52.347112+00:00"},"geometry":{"type":"Point","coordinates":[127.91007971,35.687229676]}},{"type":"Feature","id":"4318d9de8ca0839a5b2e40b6f5c7e12e0b41adb8adc9fad525614e0b67469bf0-1","properties":{"facility_id":"4318d9de8ca0839a5b2e40b6f5c7e12e0b41adb8adc9fad525614e0b67469bf0","point_ordinal":1,"zone_group_id":"488802029475","source_manage_no":"488802029475","facility_name":"고제면 고제경로당","sgg_code":"48880","facility_type_code":"2","api_first_registered_on":null,"api_last_modified_on":"2025-08-08","updated_at":"2026-07-25T01:27:52.347112+00:00"},"geometry":{"type":"Point","coordinates":[127.872278309,35.814754005]}},{"type":"Feature","id":"8305b9128d8fc7fa1c7da5ff0631d445744cf1c3e7544df0d3bf18a23a345925-1","properties":{"facility_id":"8305b9128d8fc7fa1c7da5ff0631d445744cf1c3e7544df0d3bf18a23a345925","point_ordinal":1,"zone_group_id":"488802029506","source_manage_no":"488802029506","facility_name":"고제면 원농산경로당","sgg_code":"48880","facility_type_code":"2","api_first_registered_on":null,"api_last_modified_on":"2025-08-08","updated_at":"2026-07-25T01:27:52.347112+00:00"},"geometry":{"type":"Point","coordinates":[127.869320504,35.80618893]}},{"type":"Feature","id":"f442ae4e8d99f1d089c602ac8987872c9879ac1b89d6f50cadb09a9409166c46-1","properties":{"facility_id":"f442ae4e8d99f1d089c602ac8987872c9879ac1b89d6f50cadb09a9409166c46","point_ordinal":1,"zone_group_id":"488801004825","source_manage_no":"488801004825","facility_name":"고제초등학교","sgg_code":"48880","facility_type_code":"1","api_first_registered_on":"1996-01-01","api_last_modified_on":null,"updated_at":"2026-07-25T01:27:52.347112+00:00"},"geometry":{"type":"Point","coordinates":[127.877064736,35.837100794]}},{"type":"Feature","id":"aa3c7a74d48876c82f1bdb220deb324ca826c5f51893d248b3152fc0deeb8fa1-1","properties":{"facility_id":"aa3c7a74d48876c82f1bdb220deb324ca826c5f51893d248b3152fc0deeb8fa1","point_ordinal":1,"zone_group_id":"488801004825","source_manage_no":"488801004826","facility_name":"고제초등학교병설유치원","sgg_code":"48880","facility_type_code":"1","api_first_registered_on":"1996-01-01","api_last_modified_on":null,"updated_at":"2026-07-25T01:27:52.347112+00:00"},"geometry":{"type":"Point","coordinates":[127.87735492,35.837069386]}},{"type":"Feature","id":"b48048a738888d414ea0f17f814c9af4570e48275d3905b5eec3703473cb49c4-1","properties":{"facility_id":"b48048a738888d414ea0f17f814c9af4570e48275d3905b5eec3703473cb49c4","point_ordinal":1,"zone_group_id":"488801004813","source_manage_no":"488801004813","facility_name":"나라어린이집","sgg_code":"48880","facility_type_code":"1","api_first_registered_on":"2010-01-01","api_last_modified_on":null,"updated_at":"2026-07-25T01:27:52.347112+00:00"},"geometry":{"type":"Point","coordinates":[127.899593838,35.689906726]}},{"type":"Feature","id":"7ce92a201fdc68fe599469d0f643c04d66f320762b98d58b60b9e1456326fc31-1","properties":{"facility_id":"7ce92a201fdc68fe599469d0f643c04d66f320762b98d58b60b9e1456326fc31","point_ordinal":1,"zone_group_id":"488802029487","source_manage_no":"488802029487","facility_name":"남상면 괴화경로당","sgg_code":"48880","facility_type_code":"2","api_first_registered_on":null,"api_last_modified_on":"2025-08-08","updated_at":"2026-07-25T01:27:52.347112+00:00"},"geometry":{"type":"Point","coordinates":[127.920190333,35.64520368]}},{"type":"Feature","id":"fd6365e89c8393871e099eac7bb9b27306fdcab7c85cfaaead262bd98fc89066-1","properties":{"facility_id":"fd6365e89c8393871e099eac7bb9b27306fdcab7c85cfaaead262bd98fc89066","point_ordinal":1,"zone_group_id":"488802029486","source_manage_no":"488802029486","facility_name":"남상면 대현경로당","sgg_code":"48880","facility_type_code":"2","api_first_registered_on":null,"api_last_modified_on":"2025-08-08","updated_at":"2026-07-25T01:27:52.347112+00:00"},"geometry":{"type":"Point","coordinates":[127.93762221,35.651825631]}},{"type":"Feature","id":"7a103d8fe4767fa6de0064c1856c5f2fdf4e6dcf0e793c744b7ddcb9d118f76a-1","properties":{"facility_id":"7a103d8fe4767fa6de0064c1856c5f2fdf4e6dcf0e793c744b7ddcb9d118f76a","point_ordinal":1,"zone_group_id":"488802029480","source_manage_no":"488802029480","facility_name":"남상면 매산경로당","sgg_code":"48880","facility_type_code":"2","api_first_registered_on":null,"api_last_modified_on":"2025-08-08","updated_at":"2026-07-25T01:27:52.347112+00:00"},"geometry":{"type":"Point","coordinates":[127.906043354,35.632022422]}},{"type":"Feature","id":"8531af253e3b2e37b8b5a7de8cf998a41386a776a607b0bc00163d70abd279dd-1","properties":{"facility_id":"8531af253e3b2e37b8b5a7de8cf998a41386a776a607b0bc00163d70abd279dd","point_ordinal":1,"zone_group_id":"488802029491","source_manage_no":"488802029491","facility_name":"남상면 명산동경로당","sgg_code":"48880","facility_type_code":"2","api_first_registered_on":null,"api_last_modified_on":"2025-08-08","updated_at":"2026-07-25T01:27:52.347112+00:00"},"geometry":{"type":"Point","coordinates":[127.960817896,35.627751658]}},{"type":"Feature","id":"0e1f55171e74a87ac05c3e27ac1b6c987a8005d6b590c95fd51b243fbdb5d3d0-1","properties":{"facility_id":"0e1f55171e74a87ac05c3e27ac1b6c987a8005d6b590c95fd51b243fbdb5d3d0","point_ordinal":1,"zone_group_id":"488802029492","source_manage_no":"488802029492","facility_name":"남상면 무촌경로당","sgg_code":"48880","facility_type_code":"2","api_first_registered_on":null,"api_last_modified_on":"2025-08-08","updated_at":"2026-07-25T01:27:52.347112+00:00"},"geometry":{"type":"Point","coordinates":[127.906781162,35.640915535]}},{"type":"Feature","id":"95f71d0788672a5bed742f3fb614dde0d65b1742ff9c510565ff09915863744b-1","properties":{"facility_id":"95f71d0788672a5bed742f3fb614dde0d65b1742ff9c510565ff09915863744b","point_ordinal":1,"zone_group_id":"488802029489","source_manage_no":"488802029489","facility_name":"남상면 상매경로당","sgg_code":"48880","facility_type_code":"2","api_first_registered_on":null,"api_last_modified_on":"2025-08-08","updated_at":"2026-07-25T01:27:52.347112+00:00"},"geometry":{"type":"Point","coordinates":[127.910264428,35.628141375]}},{"type":"Feature","id":"b560ab43db673dba6733f82b23ba683a8b5a3fb4bc342527a73fb5d04ae76498-1","properties":{"facility_id":"b560ab43db673dba6733f82b23ba683a8b5a3fb4bc342527a73fb5d04ae76498","point_ordinal":1,"zone_group_id":"488802029493","source_manage_no":"488802029493","facility_name":"남상면 월평경로당","sgg_code":"48880","facility_type_code":"2","api_first_registered_on":null,"api_last_modified_on":"2025-08-08","updated_at":"2026-07-25T01:27:52.347112+00:00"},"geometry":{"type":"Point","coordinates":[127.931698954,35.661912745]}},{"type":"Feature","id":"9e6d006d18e6d74387c3add6d14636432e159fb6f492c0cd60813394fc585040-1","properties":{"facility_id":"9e6d006d18e6d74387c3add6d14636432e159fb6f492c0cd60813394fc585040","point_ordinal":1,"zone_group_id":"488801004827","source_manage_no":"488801004827","facility_name":"남상초등학교","sgg_code":"48880","facility_type_code":"1","api_first_registered_on":"2005-01-01","api_last_modified_on":null,"updated_at":"2026-07-25T01:27:52.347112+00:00"},"geometry":{"type":"Point","coordinates":[127.909806262,35.644343644]}},{"type":"Feature","id":"99b8ca93ef37ea9e5ad82562665036bcce3e093b6f475e4077249aaf3a57449b-1","properties":{"facility_id":"99b8ca93ef37ea9e5ad82562665036bcce3e093b6f475e4077249aaf3a57449b","point_ordinal":1,"zone_group_id":"488801004827","source_manage_no":"488801004828","facility_name":"남상초등학교병설유치원","sgg_code":"48880","facility_type_code":"1","api_first_registered_on":"2005-01-01","api_last_modified_on":null,"updated_at":"2026-07-25T01:27:52.347112+00:00"},"geometry":{"type":"Point","coordinates":[127.909682828,35.644168833]}},{"type":"Feature","id":"04a1066052607e8793386c354c2423c371abe306edf527e11ab2bf88726c4a1d-1","properties":{"facility_id":"04a1066052607e8793386c354c2423c371abe306edf527e11ab2bf88726c4a1d","point_ordinal":1,"zone_group_id":"488802029501","source_manage_no":"488802029501","facility_name":"남하면 대야경로당","sgg_code":"48880","facility_type_code":"2","api_first_registered_on":null,"api_last_modified_on":"2025-08-08","updated_at":"2026-07-25T01:27:52.347112+00:00"},"geometry":{"type":"Point","coordinates":[127.963453124,35.635312084]}},{"type":"Feature","id":"1c44bd75ea817dc8f893403b16c98e99cbb67e275a846b1d25eff2528bd76626-1","properties":{"facility_id":"1c44bd75ea817dc8f893403b16c98e99cbb67e275a846b1d25eff2528bd76626","point_ordinal":1,"zone_group_id":"488802029482","source_manage_no":"488802029482","facility_name":"남하면 산포경로당","sgg_code":"48880","facility_type_code":"2","api_first_registered_on":null,"api_last_modified_on":"2025-08-08","updated_at":"2026-07-25T01:27:52.347112+00:00"},"geometry":{"type":"Point","coordinates":[127.95294665,35.650434546]}},{"type":"Feature","id":"d241eed0bcd8b06299984fa36a29c41f3ad42b1d9f5d24e576be373f37d6ac5a-1","properties":{"facility_id":"d241eed0bcd8b06299984fa36a29c41f3ad42b1d9f5d24e576be373f37d6ac5a","point_ordinal":1,"zone_group_id":"488802029500","source_manage_no":"488802029500","facility_name":"남하면 상촌경로당","sgg_code":"48880","facility_type_code":"2","api_first_registered_on":null,"api_last_modified_on":"2025-08-08","updated_at":"2026-07-25T01:27:52.347112+00:00"},"geometry":{"type":"Point","coordinates":[127.945360388,35.685658641]}},{"type":"Feature","id":"655afcf176696b2f1c5f6ea739d4b99e78a8ed2a75d74f8861d971755431f62e-1","properties":{"facility_id":"655afcf176696b2f1c5f6ea739d4b99e78a8ed2a75d74f8861d971755431f62e","point_ordinal":1,"zone_group_id":"488802029483","source_manage_no":"488802029483","facility_name":"남하면 월곡경로당","sgg_code":"48880","facility_type_code":"2","api_first_registered_on":null,"api_last_modified_on":"2025-08-08","updated_at":"2026-07-25T01:27:52.347112+00:00"},"geometry":{"type":"Point","coordinates":[127.957925266,35.657767047]}},{"type":"Feature","id":"2035b4218b6ac97d7cc33dff5cca82c8cf056105819523e27584c96d25f1f2e9-1","properties":{"facility_id":"2035b4218b6ac97d7cc33dff5cca82c8cf056105819523e27584c96d25f1f2e9","point_ordinal":1,"zone_group_id":"488801004829","source_manage_no":"488801004829","facility_name":"남하초등학교","sgg_code":"48880","facility_type_code":"1","api_first_registered_on":"1996-01-01","api_last_modified_on":null,"updated_at":"2026-07-25T01:27:52.347112+00:00"},"geometry":{"type":"Point","coordinates":[127.945935857,35.658168736]}},{"type":"Feature","id":"770468342f6ad5ba6e1b6c89a6330f05431300b657d91b6568962c3d5c3edfba-1","properties":{"facility_id":"770468342f6ad5ba6e1b6c89a6330f05431300b657d91b6568962c3d5c3edfba","point_ordinal":1,"zone_group_id":"488801004829","source_manage_no":"488801004830","facility_name":"남하초등학교병설유치원","sgg_code":"48880","facility_type_code":"1","api_first_registered_on":"1996-01-01","api_last_modified_on":null,"updated_at":"2026-07-25T01:27:52.347112+00:00"},"geometry":{"type":"Point","coordinates":[127.946185949,35.658306464]}},{"type":"Feature","id":"d12da12d78c688e7fa1157abfc179d76f08f81a18c5c453a7c01365126a76a19-1","properties":{"facility_id":"d12da12d78c688e7fa1157abfc179d76f08f81a18c5c453a7c01365126a76a19","point_ordinal":1,"zone_group_id":"488802029497","source_manage_no":"488802029497","facility_name":"마리면 신기삼거리경로당","sgg_code":"48880","facility_type_code":"2","api_first_registered_on":null,"api_last_modified_on":"2025-08-08","updated_at":"2026-07-25T01:27:52.347112+00:00"},"geometry":{"type":"Point","coordinates":[127.841348224,35.686847746]}},{"type":"Feature","id":"49556d308815299e206d6c39facd22f3e472a6e2894d1be70de979fcd364ba7a-1","properties":{"facility_id":"49556d308815299e206d6c39facd22f3e472a6e2894d1be70de979fcd364ba7a","point_ordinal":1,"zone_group_id":"488801004831","source_manage_no":"488801004831","facility_name":"마리초등학교","sgg_code":"48880","facility_type_code":"1","api_first_registered_on":"1996-01-01","api_last_modified_on":null,"updated_at":"2026-07-25T01:27:52.347112+00:00"},"geometry":{"type":"Point","coordinates":[127.854038627,35.701546648]}},{"type":"Feature","id":"9d49026e472a92f8b022fbf16ee967263c541ffb3344504b4094e3bbcda1333c-1","properties":{"facility_id":"9d49026e472a92f8b022fbf16ee967263c541ffb3344504b4094e3bbcda1333c","point_ordinal":1,"zone_group_id":"488801004831","source_manage_no":"488801004832","facility_name":"마리초등학교병설유치원","sgg_code":"48880","facility_type_code":"1","api_first_registered_on":"1996-01-01","api_last_modified_on":null,"updated_at":"2026-07-25T01:27:52.347112+00:00"},"geometry":{"type":"Point","coordinates":[127.854397599,35.701535087]}},{"type":"Feature","id":"e9a670fe283c50d82997bb13bf537a6f9e7e24b34de55f57c874fd93874dfadf-1","properties":{"facility_id":"e9a670fe283c50d82997bb13bf537a6f9e7e24b34de55f57c874fd93874dfadf","point_ordinal":1,"zone_group_id":"488802029488","source_manage_no":"488802029488","facility_name":"북상면 월성경로당","sgg_code":"48880","facility_type_code":"2","api_first_registered_on":null,"api_last_modified_on":"2025-08-08","updated_at":"2026-07-25T01:27:52.347112+00:00"},"geometry":{"type":"Point","coordinates":[127.742635816,35.764273527]}},{"type":"Feature","id":"77f61f065762e0846dbc50c929e4f5aeb726867e5b3328023c71fc9a06ad2150-1","properties":{"facility_id":"77f61f065762e0846dbc50c929e4f5aeb726867e5b3328023c71fc9a06ad2150","point_ordinal":1,"zone_group_id":"488802029498","source_manage_no":"488802029498","facility_name":"북상면 탑불경로당","sgg_code":"48880","facility_type_code":"2","api_first_registered_on":null,"api_last_modified_on":"2025-08-08","updated_at":"2026-07-25T01:27:52.347112+00:00"},"geometry":{"type":"Point","coordinates":[127.815152001,35.79040553]}},{"type":"Feature","id":"79586f985f1e95864e0c3be5946289db76be1da70430985c57a940f4a770ad4f-1","properties":{"facility_id":"79586f985f1e95864e0c3be5946289db76be1da70430985c57a940f4a770ad4f","point_ordinal":1,"zone_group_id":"488801004833","source_manage_no":"488801004833","facility_name":"북상초등학교","sgg_code":"48880","facility_type_code":"1","api_first_registered_on":"1996-01-01","api_last_modified_on":null,"updated_at":"2026-07-25T01:27:52.347112+00:00"},"geometry":{"type":"Point","coordinates":[127.818580077,35.778472043]}},{"type":"Feature","id":"c3e09dc4dd57d991381a6cb3c78aaf9830590ee013ec51269e76868fd8b012e2-1","properties":{"facility_id":"c3e09dc4dd57d991381a6cb3c78aaf9830590ee013ec51269e76868fd8b012e2","point_ordinal":1,"zone_group_id":"488801004833","source_manage_no":"488801004834","facility_name":"북상초등학교병설유치원","sgg_code":"48880","facility_type_code":"1","api_first_registered_on":"1996-01-01","api_last_modified_on":null,"updated_at":"2026-07-25T01:27:52.347112+00:00"},"geometry":{"type":"Point","coordinates":[127.818304573,35.778568548]}},{"type":"Feature","id":"c4a6e579d1f09b7724008018ad41c49509ab48f543040c3a5b2bf7e8ed371355-1","properties":{"facility_id":"c4a6e579d1f09b7724008018ad41c49509ab48f543040c3a5b2bf7e8ed371355","point_ordinal":1,"zone_group_id":"488801004814","source_manage_no":"488801004814","facility_name":"샛별초등학교","sgg_code":"48880","facility_type_code":"1","api_first_registered_on":"2005-01-01","api_last_modified_on":null,"updated_at":"2026-07-25T01:27:52.347112+00:00"},"geometry":{"type":"Point","coordinates":[127.911482323,35.691345356]}},{"type":"Feature","id":"14475ba6c883e2aa7fd646ce45c6ef46a82492cf6961860b65868059b6a78474-1","properties":{"facility_id":"14475ba6c883e2aa7fd646ce45c6ef46a82492cf6961860b65868059b6a78474","point_ordinal":1,"zone_group_id":"488801004815","source_manage_no":"488801004815","facility_name":"세종유치원","sgg_code":"48880","facility_type_code":"1","api_first_registered_on":"2010-01-01","api_last_modified_on":null,"updated_at":"2026-07-25T01:27:52.347112+00:00"},"geometry":{"type":"Point","coordinates":[127.90037581,35.678300088]}},{"type":"Feature","id":"62ff388f5a9b7b2705478affd76a2b61e39c6b290ff7b149286ec7b3e17cea3c-1","properties":{"facility_id":"62ff388f5a9b7b2705478affd76a2b61e39c6b290ff7b149286ec7b3e17cea3c","point_ordinal":1,"zone_group_id":"488801004816","source_manage_no":"488801004816","facility_name":"신나는강남어린이집","sgg_code":"48880","facility_type_code":"1","api_first_registered_on":"2010-01-01","api_last_modified_on":null,"updated_at":"2026-07-25T01:27:52.347112+00:00"},"geometry":{"type":"Point","coordinates":[127.903959373,35.692083126]}},{"type":"Feature","id":"073af668dddada23eff91a5e2de743031a050401e621796026c1b215634405e5-1","properties":{"facility_id":"073af668dddada23eff91a5e2de743031a050401e621796026c1b215634405e5","point_ordinal":1,"zone_group_id":"488802029494","source_manage_no":"488802029494","facility_name":"신원면 내동경로당","sgg_code":"48880","facility_type_code":"2","api_first_registered_on":null,"api_last_modified_on":"2025-08-08","updated_at":"2026-07-25T01:27:52.347112+00:00"},"geometry":{"type":"Point","coordinates":[127.894251111,35.575864676]}},{"type":"Feature","id":"7178e278c83fde6ec779f7f52f6b268064477e22a71621b2e729ffccb1a99134-1","properties":{"facility_id":"7178e278c83fde6ec779f7f52f6b268064477e22a71621b2e729ffccb1a99134","point_ordinal":1,"zone_group_id":"488802029496","source_manage_no":"488802029496","facility_name":"신원면 번득경로당","sgg_code":"48880","facility_type_code":"2","api_first_registered_on":null,"api_last_modified_on":"2025-08-08","updated_at":"2026-07-25T01:27:52.347112+00:00"},"geometry":{"type":"Point","coordinates":[127.922385639,35.572300438]}},{"type":"Feature","id":"6281916b0fe41f4013dfb9493db8f6dd1d3430e30a6297079075c7bd4627df6e-1","properties":{"facility_id":"6281916b0fe41f4013dfb9493db8f6dd1d3430e30a6297079075c7bd4627df6e","point_ordinal":1,"zone_group_id":"488802029495","source_manage_no":"488802029495","facility_name":"신원면 세안경로당","sgg_code":"48880","facility_type_code":"2","api_first_registered_on":null,"api_last_modified_on":"2025-08-08","updated_at":"2026-07-25T01:27:52.347112+00:00"},"geometry":{"type":"Point","coordinates":[127.91826651,35.573187623]}},{"type":"Feature","id":"1bfb5f0197c87a78130ecf3c66d01077fdaab82393901f8de035f4b40d1156a1-1","properties":{"facility_id":"1bfb5f0197c87a78130ecf3c66d01077fdaab82393901f8de035f4b40d1156a1","point_ordinal":1,"zone_group_id":"488802029505","source_manage_no":"488802029505","facility_name":"신원면 원동경로당","sgg_code":"48880","facility_type_code":"2","api_first_registered_on":null,"api_last_modified_on":"2025-08-08","updated_at":"2026-07-25T01:27:52.347112+00:00"},"geometry":{"type":"Point","coordinates":[127.97333424,35.585111427]}},{"type":"Feature","id":"3068aaa26c248b17886efc94891dc875fd5c52aacfcf12b371a15bf760558b39-1","properties":{"facility_id":"3068aaa26c248b17886efc94891dc875fd5c52aacfcf12b371a15bf760558b39","point_ordinal":1,"zone_group_id":"488802029490","source_manage_no":"488802029490","facility_name":"신원면 청연경로당","sgg_code":"48880","facility_type_code":"2","api_first_registered_on":null,"api_last_modified_on":"2025-08-08","updated_at":"2026-07-25T01:27:52.347112+00:00"},"geometry":{"type":"Point","coordinates":[127.911465222,35.602964928]}},{"type":"Feature","id":"56c88221df8f3be0bc02e12b0a7c659872e531ea22751d3d4845da2433d47228-1","properties":{"facility_id":"56c88221df8f3be0bc02e12b0a7c659872e531ea22751d3d4845da2433d47228","point_ordinal":1,"zone_group_id":"488802029504","source_manage_no":"488802029504","facility_name":"신원면 청용경로당","sgg_code":"48880","facility_type_code":"2","api_first_registered_on":null,"api_last_modified_on":"2025-08-08","updated_at":"2026-07-25T01:27:52.347112+00:00"},"geometry":{"type":"Point","coordinates":[127.901639647,35.570141458]}},{"type":"Feature","id":"fc935198a39cc432baee1ac893c675bb39c18013725facaa2eb8fbb1012298c6-1","properties":{"facility_id":"fc935198a39cc432baee1ac893c675bb39c18013725facaa2eb8fbb1012298c6","point_ordinal":1,"zone_group_id":"488801004835","source_manage_no":"488801004835","facility_name":"신원초등학교","sgg_code":"48880","facility_type_code":"1","api_first_registered_on":"1996-01-01","api_last_modified_on":null,"updated_at":"2026-07-25T01:27:52.347112+00:00"},"geometry":{"type":"Point","coordinates":[127.925677991,35.566365361]}},{"type":"Feature","id":"cb4b0222595154dc6dcd497c54dc96bd5950d84ae1e20917fa6fd338499ac58a-1","properties":{"facility_id":"cb4b0222595154dc6dcd497c54dc96bd5950d84ae1e20917fa6fd338499ac58a","point_ordinal":1,"zone_group_id":"488801004835","source_manage_no":"488801004836","facility_name":"신원초등학교병설유치원","sgg_code":"48880","facility_type_code":"1","api_first_registered_on":"1996-01-01","api_last_modified_on":null,"updated_at":"2026-07-25T01:27:52.347112+00:00"},"geometry":{"type":"Point","coordinates":[127.925873391,35.56657115]}},{"type":"Feature","id":"f9151d2d434ee167040f0a6033864dbaf61f715f2beeff12068bbdfb3f36e18b-1","properties":{"facility_id":"f9151d2d434ee167040f0a6033864dbaf61f715f2beeff12068bbdfb3f36e18b","point_ordinal":1,"zone_group_id":"488801004817","source_manage_no":"488801004817","facility_name":"아림유치원","sgg_code":"48880","facility_type_code":"1","api_first_registered_on":"2007-01-01","api_last_modified_on":null,"updated_at":"2026-07-25T01:27:52.347112+00:00"},"geometry":{"type":"Point","coordinates":[127.902138806,35.686093355]}},{"type":"Feature","id":"f17c8314b63c61fbdcfd2e4357e9777b035c823029c3cf1b1f71b77b1234bfb9-1","properties":{"facility_id":"f17c8314b63c61fbdcfd2e4357e9777b035c823029c3cf1b1f71b77b1234bfb9","point_ordinal":1,"zone_group_id":"488801004818","source_manage_no":"488801004818","facility_name":"아림초등학교","sgg_code":"48880","facility_type_code":"1","api_first_registered_on":"2004-01-01","api_last_modified_on":null,"updated_at":"2026-07-25T01:27:52.347112+00:00"},"geometry":{"type":"Point","coordinates":[127.904054207,35.688972171]}},{"type":"Feature","id":"519ef0f54ce1de5521e394ba4f31cf2de5e49bc760a168be0c130d4bb33779c9-1","properties":{"facility_id":"519ef0f54ce1de5521e394ba4f31cf2de5e49bc760a168be0c130d4bb33779c9","point_ordinal":1,"zone_group_id":"488801004819","source_manage_no":"488801004819","facility_name":"아림키즈스쿨어린이집","sgg_code":"48880","facility_type_code":"1","api_first_registered_on":null,"api_last_modified_on":null,"updated_at":"2026-07-25T01:27:52.347112+00:00"},"geometry":{"type":"Point","coordinates":[127.923472125,35.693052943]}},{"type":"Feature","id":"fc51af8ca8e6b4da410c144108e220910521d2b75a80a4c12f180d8368d44ffe-1","properties":{"facility_id":"fc51af8ca8e6b4da410c144108e220910521d2b75a80a4c12f180d8368d44ffe","point_ordinal":1,"zone_group_id":"488802029478","source_manage_no":"488802029478","facility_name":"웅양면 오산경로당","sgg_code":"48880","facility_type_code":"2","api_first_registered_on":null,"api_last_modified_on":"2025-08-08","updated_at":"2026-07-25T01:27:52.347112+00:00"},"geometry":{"type":"Point","coordinates":[127.922193878,35.872550431]}},{"type":"Feature","id":"f71c748b050ca66e335848e39bdb915ccf8f7a329a4ff30e6b4203537492d6de-1","properties":{"facility_id":"f71c748b050ca66e335848e39bdb915ccf8f7a329a4ff30e6b4203537492d6de","point_ordinal":1,"zone_group_id":"488802029479","source_manage_no":"488802029479","facility_name":"웅양면 원촌경로당","sgg_code":"48880","facility_type_code":"2","api_first_registered_on":null,"api_last_modified_on":"2025-08-08","updated_at":"2026-07-25T01:27:52.347112+00:00"},"geometry":{"type":"Point","coordinates":[127.91785125,35.806658864]}},{"type":"Feature","id":"2319a068665b59b4ccc9346e1945257860f2535563f67e5d840a00315e0d942f-1","properties":{"facility_id":"2319a068665b59b4ccc9346e1945257860f2535563f67e5d840a00315e0d942f","point_ordinal":1,"zone_group_id":"488801004837","source_manage_no":"488801004837","facility_name":"웅양초등학교","sgg_code":"48880","facility_type_code":"1","api_first_registered_on":"1996-01-01","api_last_modified_on":null,"updated_at":"2026-07-25T01:27:52.347112+00:00"},"geometry":{"type":"Point","coordinates":[127.916505626,35.802753132]}},{"type":"Feature","id":"9676c3da7eb4915b734b20b48220cd296af0cc0a7c82f7ee432089463a9feafe-1","properties":{"facility_id":"9676c3da7eb4915b734b20b48220cd296af0cc0a7c82f7ee432089463a9feafe","point_ordinal":1,"zone_group_id":"488801004837","source_manage_no":"488801004838","facility_name":"웅양초등학교병설유치원","sgg_code":"48880","facility_type_code":"1","api_first_registered_on":"1996-01-01","api_last_modified_on":null,"updated_at":"2026-07-25T01:27:52.347112+00:00"},"geometry":{"type":"Point","coordinates":[127.917047666,35.802748999]}},{"type":"Feature","id":"e9dd12edf6826ddee583486c23508b537518b866996018655752d2d93972400b-1","properties":{"facility_id":"e9dd12edf6826ddee583486c23508b537518b866996018655752d2d93972400b","point_ordinal":1,"zone_group_id":"488801004820","source_manage_no":"488801004820","facility_name":"월천초등학교","sgg_code":"48880","facility_type_code":"1","api_first_registered_on":"1996-01-01","api_last_modified_on":null,"updated_at":"2026-07-25T01:27:52.347112+00:00"},"geometry":{"type":"Point","coordinates":[127.917670537,35.713459659]}},{"type":"Feature","id":"44a9e70965eb1226bc81ffca427f56953cef0a153c2676a779781ce67dfb3a30-1","properties":{"facility_id":"44a9e70965eb1226bc81ffca427f56953cef0a153c2676a779781ce67dfb3a30","point_ordinal":1,"zone_group_id":"488801004820","source_manage_no":"488801004821","facility_name":"월천초등학교병설유치원","sgg_code":"48880","facility_type_code":"1","api_first_registered_on":"1996-01-01","api_last_modified_on":null,"updated_at":"2026-07-25T01:27:52.347112+00:00"},"geometry":{"type":"Point","coordinates":[127.917553431,35.713365922]}},{"type":"Feature","id":"59a5a565c5bf184fcef649e2ed0df4652d1dab494f0a2488d2b7fe2cdf3ba8c8-1","properties":{"facility_id":"59a5a565c5bf184fcef649e2ed0df4652d1dab494f0a2488d2b7fe2cdf3ba8c8","point_ordinal":1,"zone_group_id":"488802029481","source_manage_no":"488802029481","facility_name":"위천면 원당경로당","sgg_code":"48880","facility_type_code":"2","api_first_registered_on":null,"api_last_modified_on":"2025-08-08","updated_at":"2026-07-25T01:27:52.347112+00:00"},"geometry":{"type":"Point","coordinates":[127.867958321,35.774699123]}},{"type":"Feature","id":"5fdf08820f804733f5c71fc77e47f2cfda10245b6c5b2042835517ed43d0de6e-1","properties":{"facility_id":"5fdf08820f804733f5c71fc77e47f2cfda10245b6c5b2042835517ed43d0de6e","point_ordinal":1,"zone_group_id":"488801004839","source_manage_no":"488801004839","facility_name":"위천초등학교","sgg_code":"48880","facility_type_code":"1","api_first_registered_on":"1996-01-01","api_last_modified_on":null,"updated_at":"2026-07-25T01:27:52.347112+00:00"},"geometry":{"type":"Point","coordinates":[127.830509447,35.752184532]}},{"type":"Feature","id":"77f04863c2dcebeec5e0da724bc4af754fe6ff847690d633dea004c9f7743b4d-1","properties":{"facility_id":"77f04863c2dcebeec5e0da724bc4af754fe6ff847690d633dea004c9f7743b4d","point_ordinal":1,"zone_group_id":"488801004839","source_manage_no":"488801004840","facility_name":"위천초등학교병설유치원","sgg_code":"48880","facility_type_code":"1","api_first_registered_on":"1996-01-01","api_last_modified_on":null,"updated_at":"2026-07-25T01:27:52.347112+00:00"},"geometry":{"type":"Point","coordinates":[127.830179052,35.75230848]}},{"type":"Feature","id":"70dba7e811d661101a6d27ba2b345f157b3349b488a6b19ec4e16fa77026d424-1","properties":{"facility_id":"70dba7e811d661101a6d27ba2b345f157b3349b488a6b19ec4e16fa77026d424","point_ordinal":1,"zone_group_id":"488802022069","source_manage_no":"488802022069","facility_name":"장기마을회관경로당","sgg_code":"48880","facility_type_code":"2","api_first_registered_on":null,"api_last_modified_on":null,"updated_at":"2026-07-25T01:27:52.347112+00:00"},"geometry":{"type":"Point","coordinates":[127.999321771,35.71374992]}},{"type":"Feature","id":"18a60fbd6967befaf798795e4b9d615a57d9b49f50e523bdc4f6791ac09c62df-1","properties":{"facility_id":"18a60fbd6967befaf798795e4b9d615a57d9b49f50e523bdc4f6791ac09c62df","point_ordinal":1,"zone_group_id":"488802029476","source_manage_no":"488802029476","facility_name":"주상면 도동경로당","sgg_code":"48880","facility_type_code":"2","api_first_registered_on":null,"api_last_modified_on":"2025-08-08","updated_at":"2026-07-25T01:27:52.347112+00:00"},"geometry":{"type":"Point","coordinates":[127.877064431,35.796935012]}},{"type":"Feature","id":"b011032b3113f055bcf38c3f81524af60d572ea14c87e4ada5b252d9fa25aa15-1","properties":{"facility_id":"b011032b3113f055bcf38c3f81524af60d572ea14c87e4ada5b252d9fa25aa15","point_ordinal":1,"zone_group_id":"488801004841","source_manage_no":"488801004841","facility_name":"주상초등학교","sgg_code":"48880","facility_type_code":"1","api_first_registered_on":"1997-01-01","api_last_modified_on":null,"updated_at":"2026-07-25T01:27:52.347112+00:00"},"geometry":{"type":"Point","coordinates":[127.913815357,35.749267017]}},{"type":"Feature","id":"f6d7c45d9df8e6a8806a6a36050805102a7910022434f55216d4a9d50157c5bf-1","properties":{"facility_id":"f6d7c45d9df8e6a8806a6a36050805102a7910022434f55216d4a9d50157c5bf","point_ordinal":1,"zone_group_id":"488801004841","source_manage_no":"488801004842","facility_name":"주상초등학교병설유치원","sgg_code":"48880","facility_type_code":"1","api_first_registered_on":"1997-01-01","api_last_modified_on":null,"updated_at":"2026-07-25T01:27:52.347112+00:00"},"geometry":{"type":"Point","coordinates":[127.91403748,35.749355453]}},{"type":"Feature","id":"a1eaaeee347ff3c6d465f7bfed219df14aa0e85b19e1c28e03f133968474b01b-1","properties":{"facility_id":"a1eaaeee347ff3c6d465f7bfed219df14aa0e85b19e1c28e03f133968474b01b","point_ordinal":1,"zone_group_id":"488801004822","source_manage_no":"488801004822","facility_name":"창남초등학교","sgg_code":"48880","facility_type_code":"1","api_first_registered_on":"1997-01-01","api_last_modified_on":null,"updated_at":"2026-07-25T01:27:52.347112+00:00"},"geometry":{"type":"Point","coordinates":[127.91586614,35.682061495]}},{"type":"Feature","id":"8c3335f584d90e15691075d7021c4b9ffb58d980921f742668ac48ff68d101d7-1","properties":{"facility_id":"8c3335f584d90e15691075d7021c4b9ffb58d980921f742668ac48ff68d101d7","point_ordinal":1,"zone_group_id":"488801004822","source_manage_no":"488801004823","facility_name":"창남초등학교병설유치원","sgg_code":"48880","facility_type_code":"1","api_first_registered_on":"1997-01-01","api_last_modified_on":null,"updated_at":"2026-07-25T01:27:52.347112+00:00"},"geometry":{"type":"Point","coordinates":[127.915791294,35.682278363]}},{"type":"Feature","id":"ef61cebd118bbe56439edab026af27729128c29bebbfec2e07d39abf16b3cf38-1","properties":{"facility_id":"ef61cebd118bbe56439edab026af27729128c29bebbfec2e07d39abf16b3cf38","point_ordinal":1,"zone_group_id":"488801004824","source_manage_no":"488801004824","facility_name":"창동초등학교","sgg_code":"48880","facility_type_code":"1","api_first_registered_on":"1996-01-01","api_last_modified_on":null,"updated_at":"2026-07-25T01:27:52.347112+00:00"},"geometry":{"type":"Point","coordinates":[127.920366646,35.688898283]}},{"type":"Feature","id":"a3ae25a12e8589f447fb7946aeb8617db77f3ff4d79b262ebfa3109efcc6dff0-1","properties":{"facility_id":"a3ae25a12e8589f447fb7946aeb8617db77f3ff4d79b262ebfa3109efcc6dff0","point_ordinal":1,"zone_group_id":"488901005912","source_manage_no":"488901005912","facility_name":"가회초등학교","sgg_code":"48890","facility_type_code":"1","api_first_registered_on":"2008-04-28","api_last_modified_on":null,"updated_at":"2026-07-25T01:27:52.347112+00:00"},"geometry":{"type":"Point","coordinates":[128.033735876,35.435639899]}},{"type":"Feature","id":"2c6d114e66a06d7aa1a1807be6284c3cf736e50f6ac20a3d9b611261f704a5a6-1","properties":{"facility_id":"2c6d114e66a06d7aa1a1807be6284c3cf736e50f6ac20a3d9b611261f704a5a6","point_ordinal":1,"zone_group_id":"488901005912","source_manage_no":"488901028982","facility_name":"가회초등학교 병설유치원","sgg_code":"48890","facility_type_code":"1","api_first_registered_on":"2008-04-28","api_last_modified_on":"2025-03-28","updated_at":"2026-07-25T01:27:52.347112+00:00"},"geometry":{"type":"Point","coordinates":[128.034276965,35.435978364]}},{"type":"Feature","id":"985f5d3e0a7d9e76f6b15e1fab7d2db015a19127eddbf61ca2c4f1a4bd615a73-1","properties":{"facility_id":"985f5d3e0a7d9e76f6b15e1fab7d2db015a19127eddbf61ca2c4f1a4bd615a73","point_ordinal":1,"zone_group_id":"488901005943","source_manage_no":"488901005943","facility_name":"남정초등학교","sgg_code":"48890","facility_type_code":"1","api_first_registered_on":"1998-09-08","api_last_modified_on":null,"updated_at":"2026-07-25T01:27:52.347112+00:00"},"geometry":{"type":"Point","coordinates":[128.156477743,35.562867122]}},{"type":"Feature","id":"9e319f975e3da931b912f84052260ddf038e34d7753e9d1f8e9c2602b82ac0c9-1","properties":{"facility_id":"9e319f975e3da931b912f84052260ddf038e34d7753e9d1f8e9c2602b82ac0c9","point_ordinal":1,"zone_group_id":"488902005931","source_manage_no":"488902005931","facility_name":"노블하임노인전문요양원","sgg_code":"48890","facility_type_code":"2","api_first_registered_on":"2012-01-01","api_last_modified_on":null,"updated_at":"2026-07-25T01:27:52.347112+00:00"},"geometry":{"type":"Point","coordinates":[128.115797446,35.566300637]}},{"type":"Feature","id":"2c608eb0445966a352fae348383637abac1028000a566011959a227e7aca0d62-1","properties":{"facility_id":"2c608eb0445966a352fae348383637abac1028000a566011959a227e7aca0d62","point_ordinal":1,"zone_group_id":"488901005913","source_manage_no":"488901005913","facility_name":"대병초등학교","sgg_code":"48890","facility_type_code":"1","api_first_registered_on":"2008-12-24","api_last_modified_on":"2025-03-28","updated_at":"2026-07-25T01:27:52.347112+00:00"},"geometry":{"type":"Point","coordinates":[128.011060439,35.518878902]}},{"type":"Feature","id":"05c629be482ea15988d73d0d0a85cd5be493ddbcb8925d0b59a383c856c000b3-1","properties":{"facility_id":"05c629be482ea15988d73d0d0a85cd5be493ddbcb8925d0b59a383c856c000b3","point_ordinal":1,"zone_group_id":"488901005915","source_manage_no":"488901005915","facility_name":"대양초등학교","sgg_code":"48890","facility_type_code":"1","api_first_registered_on":"2008-04-28","api_last_modified_on":null,"updated_at":"2026-07-25T01:27:52.347112+00:00"},"geometry":{"type":"Point","coordinates":[128.172592284,35.517110069]}},{"type":"Feature","id":"777346a843f44481dccaadeed3afbcb3d9569b156382ea0ec1928606fce13dce-1","properties":{"facility_id":"777346a843f44481dccaadeed3afbcb3d9569b156382ea0ec1928606fce13dce","point_ordinal":1,"zone_group_id":"488902005916","source_manage_no":"488902005916","facility_name":"덕정마을회관","sgg_code":"48890","facility_type_code":"2","api_first_registered_on":"2018-02-10","api_last_modified_on":null,"updated_at":"2026-07-25T01:27:52.347112+00:00"},"geometry":{"type":"Point","coordinates":[128.178423338,35.51426407]}},{"type":"Feature","id":"8bf1a8bac84623f696119cbe9643631076141341bf778edd517b5def5a69a1fb-1","properties":{"facility_id":"8bf1a8bac84623f696119cbe9643631076141341bf778edd517b5def5a69a1fb","point_ordinal":1,"zone_group_id":"488901005919","source_manage_no":"488901005919","facility_name":"묘산초등학교","sgg_code":"48890","facility_type_code":"1","api_first_registered_on":"1998-11-12","api_last_modified_on":null,"updated_at":"2026-07-25T01:27:52.347112+00:00"},"geometry":{"type":"Point","coordinates":[128.111114675,35.658660757]}},{"type":"Feature","id":"c52c24fc71ec6fa512c346e0b82a67e6b92b29e823bc593d684261a44d592da6-1","properties":{"facility_id":"c52c24fc71ec6fa512c346e0b82a67e6b92b29e823bc593d684261a44d592da6","point_ordinal":1,"zone_group_id":"488901005919","source_manage_no":"488901028987","facility_name":"묘산초등학교 병설유치원","sgg_code":"48890","facility_type_code":"1","api_first_registered_on":"1998-11-12","api_last_modified_on":"2025-03-28","updated_at":"2026-07-25T01:27:52.347112+00:00"},"geometry":{"type":"Point","coordinates":[128.111321339,35.659242228]}},{"type":"Feature","id":"9e4605f881df185a22e0b9e02757f5273244826e6db8db22e4436c5f164dcd21-1","properties":{"facility_id":"9e4605f881df185a22e0b9e02757f5273244826e6db8db22e4436c5f164dcd21","point_ordinal":1,"zone_group_id":"488901005920","source_manage_no":"488901005920","facility_name":"봉산초등학교","sgg_code":"48890","facility_type_code":"1","api_first_registered_on":"2008-12-24","api_last_modified_on":"2025-03-28","updated_at":"2026-07-25T01:27:52.347112+00:00"},"geometry":{"type":"Point","coordinates":[128.040869563,35.625866895]}},{"type":"Feature","id":"93159cda55893b8b9765ca659473460221de463c1b01546fc5241e14b1689319-1","properties":{"facility_id":"93159cda55893b8b9765ca659473460221de463c1b01546fc5241e14b1689319","point_ordinal":1,"zone_group_id":"488901005920","source_manage_no":"488901028979","facility_name":"봉산초등학교 병설유치원","sgg_code":"48890","facility_type_code":"1","api_first_registered_on":"2008-12-24","api_last_modified_on":"2025-04-22","updated_at":"2026-07-25T01:27:52.347112+00:00"},"geometry":{"type":"Point","coordinates":[128.040721119,35.626283923]}},{"type":"Feature","id":"e74f9b62d11090b81b97d6e302eb7b25e482f17ea76b60699f55da18841d8d17-1","properties":{"facility_id":"e74f9b62d11090b81b97d6e302eb7b25e482f17ea76b60699f55da18841d8d17","point_ordinal":1,"zone_group_id":"488901005923","source_manage_no":"488901022047","facility_name":"삼가어린이집","sgg_code":"48890","facility_type_code":"1","api_first_registered_on":"1998-10-05","api_last_modified_on":null,"updated_at":"2026-07-25T01:27:52.347112+00:00"},"geometry":{"type":"Point","coordinates":[128.119708173,35.407868359]}},{"type":"Feature","id":"de6b8cd7224174e3474110b5f8e369a8c78202118a17ab2229e8a559d72c6691-1","properties":{"facility_id":"de6b8cd7224174e3474110b5f8e369a8c78202118a17ab2229e8a559d72c6691","point_ordinal":1,"zone_group_id":"488901005923","source_manage_no":"488901005923","facility_name":"삼가초등학교","sgg_code":"48890","facility_type_code":"1","api_first_registered_on":"2008-07-10","api_last_modified_on":"2025-03-28","updated_at":"2026-07-25T01:27:52.347112+00:00"},"geometry":{"type":"Point","coordinates":[128.119593729,35.411223771]}},{"type":"Feature","id":"c5b0e22fa52aab831cd98001ad24bcbac03be19092c9de17547460d9e6765c17-1","properties":{"facility_id":"c5b0e22fa52aab831cd98001ad24bcbac03be19092c9de17547460d9e6765c17","point_ordinal":1,"zone_group_id":"488901005923","source_manage_no":"488901028975","facility_name":"삼가초등학교 병설유치원","sgg_code":"48890","facility_type_code":"1","api_first_registered_on":"2008-07-10","api_last_modified_on":"2025-10-30","updated_at":"2026-07-25T01:27:52.347112+00:00"},"geometry":{"type":"Point","coordinates":[128.118481455,35.412096167]}},{"type":"Feature","id":"1020a2ff295971472081d6d282db14ee8a175f22a815dc49060fb51b9f5a2681-1","properties":{"facility_id":"1020a2ff295971472081d6d282db14ee8a175f22a815dc49060fb51b9f5a2681","point_ordinal":1,"zone_group_id":"488902028977","source_manage_no":"488902028977","facility_name":"성기1구 마을회관","sgg_code":"48890","facility_type_code":"2","api_first_registered_on":null,"api_last_modified_on":"2025-03-28","updated_at":"2026-07-25T01:27:52.347112+00:00"},"geometry":{"type":"Point","coordinates":[128.102905506,35.722050601]}},{"type":"Feature","id":"08c489c6aee09f15e42d0676f9d4240db568a912769f7ddcc995e8579b48a64e-1","properties":{"facility_id":"08c489c6aee09f15e42d0676f9d4240db568a912769f7ddcc995e8579b48a64e","point_ordinal":1,"zone_group_id":"488901005946","source_manage_no":"488901028984","facility_name":"성모유치원","sgg_code":"48890","facility_type_code":"1","api_first_registered_on":"1996-05-10","api_last_modified_on":"2025-04-22","updated_at":"2026-07-25T01:27:52.347112+00:00"},"geometry":{"type":"Point","coordinates":[128.16174045,35.565741189]}},{"type":"Feature","id":"a37853ba24ca6dd5abd5223f086de39766126f9c377004c8b227621a6737dae2-1","properties":{"facility_id":"a37853ba24ca6dd5abd5223f086de39766126f9c377004c8b227621a6737dae2","point_ordinal":1,"zone_group_id":"488902028976","source_manage_no":"488902028976","facility_name":"숭산노인회관","sgg_code":"48890","facility_type_code":"2","api_first_registered_on":null,"api_last_modified_on":"2025-03-28","updated_at":"2026-07-25T01:27:52.347112+00:00"},"geometry":{"type":"Point","coordinates":[128.108481773,35.731774225]}},{"type":"Feature","id":"cc9c0b066e119cd2750f64b3cf6bc2520d3245b81cebd7b6f947841af0f203b1-1","properties":{"facility_id":"cc9c0b066e119cd2750f64b3cf6bc2520d3245b81cebd7b6f947841af0f203b1","point_ordinal":1,"zone_group_id":"488902022027","source_manage_no":"488902022027","facility_name":"신소양 노인회관","sgg_code":"48890","facility_type_code":"2","api_first_registered_on":"2020-04-13","api_last_modified_on":null,"updated_at":"2026-07-25T01:27:52.347112+00:00"},"geometry":{"type":"Point","coordinates":[128.167971575,35.578869093]}},{"type":"Feature","id":"4ff074efa4983acde5dea0cde4414b84de513f44633a2a4ca09b3a1d200b74e3-1","properties":{"facility_id":"4ff074efa4983acde5dea0cde4414b84de513f44633a2a4ca09b3a1d200b74e3","point_ordinal":1,"zone_group_id":"488901005925","source_manage_no":"488901005925","facility_name":"쌍백초등학교","sgg_code":"48890","facility_type_code":"1","api_first_registered_on":"2008-12-24","api_last_modified_on":"2025-03-28","updated_at":"2026-07-25T01:27:52.347112+00:00"},"geometry":{"type":"Point","coordinates":[128.146238668,35.440484662]}},{"type":"Feature","id":"6ace63c0b9d2058feec253f4083a14b6ba2df77af1257a570797050c97960466-1","properties":{"facility_id":"6ace63c0b9d2058feec253f4083a14b6ba2df77af1257a570797050c97960466","point_ordinal":1,"zone_group_id":"488901005925","source_manage_no":"488901028980","facility_name":"쌍백초등학교 병설유치원","sgg_code":"48890","facility_type_code":"1","api_first_registered_on":"2008-12-24","api_last_modified_on":"2025-03-28","updated_at":"2026-07-25T01:27:52.347112+00:00"},"geometry":{"type":"Point","coordinates":[128.147003617,35.44012652]}},{"type":"Feature","id":"7ada036a5df885c6c278a5ae605b7a042167e476e907759fea9cc4a49092eab2-1","properties":{"facility_id":"7ada036a5df885c6c278a5ae605b7a042167e476e907759fea9cc4a49092eab2","point_ordinal":1,"zone_group_id":"488901005927","source_manage_no":"488901005927","facility_name":"쌍책초등학교","sgg_code":"48890","facility_type_code":"1","api_first_registered_on":"2008-12-24","api_last_modified_on":"2025-03-28","updated_at":"2026-07-25T01:27:52.347112+00:00"},"geometry":{"type":"Point","coordinates":[128.282149828,35.575353259]}},{"type":"Feature","id":"e3e1da235e9677755c0c2efb0e6282306f3d305b73a3d197df9813abc6bd86ff-1","properties":{"facility_id":"e3e1da235e9677755c0c2efb0e6282306f3d305b73a3d197df9813abc6bd86ff","point_ordinal":1,"zone_group_id":"488901005929","source_manage_no":"488901005929","facility_name":"야로초등학교","sgg_code":"48890","facility_type_code":"1","api_first_registered_on":"2008-04-28","api_last_modified_on":"2025-03-28","updated_at":"2026-07-25T01:27:52.347112+00:00"},"geometry":{"type":"Point","coordinates":[128.178015352,35.711007196]}},{"type":"Feature","id":"372a4f2122dfb14c0e788689496c000b5f2044bc04363e07efd2b42fe6c1ef1f-1","properties":{"facility_id":"372a4f2122dfb14c0e788689496c000b5f2044bc04363e07efd2b42fe6c1ef1f","point_ordinal":1,"zone_group_id":"488901005929","source_manage_no":"488901028983","facility_name":"야로초등학교 병설유치원","sgg_code":"48890","facility_type_code":"1","api_first_registered_on":null,"api_last_modified_on":"2025-03-28","updated_at":"2026-07-25T01:27:52.347112+00:00"},"geometry":{"type":"Point","coordinates":[128.177966234,35.711710822]}},{"type":"Feature","id":"ce986d977d2c085bb37e8da26d12c603e6120556a09c2efd571d00ac1ca3484a-1","properties":{"facility_id":"ce986d977d2c085bb37e8da26d12c603e6120556a09c2efd571d00ac1ca3484a","point_ordinal":1,"zone_group_id":"488901005932","source_manage_no":"488901005932","facility_name":"영전초등학교","sgg_code":"48890","facility_type_code":"1","api_first_registered_on":"2010-09-27","api_last_modified_on":null,"updated_at":"2026-07-25T01:27:52.347112+00:00"},"geometry":{"type":"Point","coordinates":[128.219003203,35.571955968]}},{"type":"Feature","id":"5c67f354a4447ed3266fb9c2aecae2ff2d801482c829a80db77c47ef0fbe18f0-1","properties":{"facility_id":"5c67f354a4447ed3266fb9c2aecae2ff2d801482c829a80db77c47ef0fbe18f0","point_ordinal":1,"zone_group_id":"488901005933","source_manage_no":"488901005933","facility_name":"용주초등학교","sgg_code":"48890","facility_type_code":"1","api_first_registered_on":"2008-12-24","api_last_modified_on":"2025-03-28","updated_at":"2026-07-25T01:27:52.347112+00:00"},"geometry":{"type":"Point","coordinates":[128.113322242,35.539786868]}},{"type":"Feature","id":"10e9176796a78e708a68bba6263b013a495e1ee3110f5b53afa4ef354e8e9a69-1","properties":{"facility_id":"10e9176796a78e708a68bba6263b013a495e1ee3110f5b53afa4ef354e8e9a69","point_ordinal":1,"zone_group_id":"488901005943","source_manage_no":"488901028972","facility_name":"원광어린이집","sgg_code":"48890","facility_type_code":"1","api_first_registered_on":null,"api_last_modified_on":"2025-03-28","updated_at":"2026-07-25T01:27:52.347112+00:00"},"geometry":{"type":"Point","coordinates":[128.157599342,35.564446067]}},{"type":"Feature","id":"09acd3e15fad14573dccb9f77736c1d48329f8b8f86f1ddfcedb532b5610bfd3-1","properties":{"facility_id":"09acd3e15fad14573dccb9f77736c1d48329f8b8f86f1ddfcedb532b5610bfd3","point_ordinal":1,"zone_group_id":"488901005936","source_manage_no":"488901005936","facility_name":"적중초등학교","sgg_code":"48890","facility_type_code":"1","api_first_registered_on":"2008-04-28","api_last_modified_on":"2025-03-28","updated_at":"2026-07-25T01:27:52.347112+00:00"},"geometry":{"type":"Point","coordinates":[128.281832387,35.545777357]}},{"type":"Feature","id":"81f8b9b06cad08cfe638c736659e04ee9664ad91157596cc89d62064f0e71e72-1","properties":{"facility_id":"81f8b9b06cad08cfe638c736659e04ee9664ad91157596cc89d62064f0e71e72","point_ordinal":1,"zone_group_id":"488901005936","source_manage_no":"488901028981","facility_name":"적중초등학교 병설유치원","sgg_code":"48890","facility_type_code":"1","api_first_registered_on":"2008-04-28","api_last_modified_on":"2025-03-28","updated_at":"2026-07-25T01:27:52.347112+00:00"},"geometry":{"type":"Point","coordinates":[128.281397013,35.54621568]}},{"type":"Feature","id":"6d26a3b9c3eb9a576f14bd080da79cdad30a30b12b6fc2f399a0123bb134fe76-1","properties":{"facility_id":"6d26a3b9c3eb9a576f14bd080da79cdad30a30b12b6fc2f399a0123bb134fe76","point_ordinal":1,"zone_group_id":"488901005938","source_manage_no":"488901005938","facility_name":"청덕초등학교","sgg_code":"48890","facility_type_code":"1","api_first_registered_on":"2008-04-28","api_last_modified_on":"2025-03-28","updated_at":"2026-07-25T01:27:52.347112+00:00"},"geometry":{"type":"Point","coordinates":[128.316118549,35.557034449]}},{"type":"Feature","id":"d4417ac0bf1f50223ad05a6700e9247258d5a16d26d13a2d458f9a9ce21a998f-1","properties":{"facility_id":"d4417ac0bf1f50223ad05a6700e9247258d5a16d26d13a2d458f9a9ce21a998f","point_ordinal":1,"zone_group_id":"488902005940","source_manage_no":"488902005940","facility_name":"초계면 노인회관","sgg_code":"48890","facility_type_code":"2","api_first_registered_on":"2016-01-01","api_last_modified_on":null,"updated_at":"2026-07-25T01:27:52.347112+00:00"},"geometry":{"type":"Point","coordinates":[128.26801625,35.557321294]}},{"type":"Feature","id":"87d2b5d7b0a140a75f96ca078776154215fc0846ee27d2d7db644adbe286d892-1","properties":{"facility_id":"87d2b5d7b0a140a75f96ca078776154215fc0846ee27d2d7db644adbe286d892","point_ordinal":1,"zone_group_id":"488901005941","source_manage_no":"488901005941","facility_name":"초계초등학교","sgg_code":"48890","facility_type_code":"1","api_first_registered_on":"1998-09-08","api_last_modified_on":null,"updated_at":"2026-07-25T01:27:52.347112+00:00"},"geometry":{"type":"Point","coordinates":[128.263802433,35.559459892]}},{"type":"Feature","id":"d3d904e97e4b77a3ec5edef01ef0e9288581f7a480015768c1f2916992eaf4ab-1","properties":{"facility_id":"d3d904e97e4b77a3ec5edef01ef0e9288581f7a480015768c1f2916992eaf4ab","point_ordinal":1,"zone_group_id":"488901005917","source_manage_no":"488901005917","facility_name":"초계초등학교 덕곡분교장","sgg_code":"48890","facility_type_code":"1","api_first_registered_on":"1998-10-05","api_last_modified_on":"2025-03-28","updated_at":"2026-07-25T01:27:52.347112+00:00"},"geometry":{"type":"Point","coordinates":[128.321066936,35.628659946]}},{"type":"Feature","id":"e88960fbe8108ed2146f119a262a54167456b576cd73283f46415eff93c76d61-1","properties":{"facility_id":"e88960fbe8108ed2146f119a262a54167456b576cd73283f46415eff93c76d61","point_ordinal":1,"zone_group_id":"488901005917","source_manage_no":"488901028986","facility_name":"초계초등학교 덕곡분교장 병설유치원","sgg_code":"48890","facility_type_code":"1","api_first_registered_on":"1998-10-05","api_last_modified_on":"2025-03-28","updated_at":"2026-07-25T01:27:52.347112+00:00"},"geometry":{"type":"Point","coordinates":[128.321184008,35.629031745]}},{"type":"Feature","id":"6a6fec242b0830b4be374ef59c91e414c1203d10ff66e7d7a28c09852c1ab3df-1","properties":{"facility_id":"6a6fec242b0830b4be374ef59c91e414c1203d10ff66e7d7a28c09852c1ab3df","point_ordinal":1,"zone_group_id":"488901005941","source_manage_no":"488901028985","facility_name":"초계초등학교 병설유치원","sgg_code":"48890","facility_type_code":"1","api_first_registered_on":"1998-09-08","api_last_modified_on":"2025-03-28","updated_at":"2026-07-25T01:27:52.347112+00:00"},"geometry":{"type":"Point","coordinates":[128.264267992,35.559847355]}},{"type":"Feature","id":"7093dba6810bc79cf3c14a4b651c259994f7dcd8f7fe1973e428d21865811e51-1","properties":{"facility_id":"7093dba6810bc79cf3c14a4b651c259994f7dcd8f7fe1973e428d21865811e51","point_ordinal":1,"zone_group_id":"488901022128","source_manage_no":"488901022128","facility_name":"합천가야초등학교","sgg_code":"48890","facility_type_code":"1","api_first_registered_on":"2019-02-12","api_last_modified_on":"2025-03-28","updated_at":"2026-07-25T01:27:52.347112+00:00"},"geometry":{"type":"Point","coordinates":[128.135534544,35.757912935]}},{"type":"Feature","id":"dbc7203692d65481fa8db89979c6794794b4e308813dc30f6c25432202031bb9-1","properties":{"facility_id":"dbc7203692d65481fa8db89979c6794794b4e308813dc30f6c25432202031bb9","point_ordinal":1,"zone_group_id":"488901022128","source_manage_no":"488901028978","facility_name":"합천가야초등학교 병설유치원","sgg_code":"48890","facility_type_code":"1","api_first_registered_on":null,"api_last_modified_on":"2025-03-28","updated_at":"2026-07-25T01:27:52.347112+00:00"},"geometry":{"type":"Point","coordinates":[128.135421479,35.757135548]}},{"type":"Feature","id":"f21368d52f910951494b44539fd351c380aad48a14b52040e5a9b90a1dbc36bc-1","properties":{"facility_id":"f21368d52f910951494b44539fd351c380aad48a14b52040e5a9b90a1dbc36bc","point_ordinal":1,"zone_group_id":"488902021984","source_manage_no":"488902021984","facility_name":"합천군군립노인전문요양원","sgg_code":"48890","facility_type_code":"2","api_first_registered_on":"2019-02-27","api_last_modified_on":null,"updated_at":"2026-07-25T01:27:52.347112+00:00"},"geometry":{"type":"Point","coordinates":[128.247148603,35.559616542]}},{"type":"Feature","id":"d7db880469d59282f4af20c295650f5cac1397ea8d5d581508d5a9eb9537bf40-1","properties":{"facility_id":"d7db880469d59282f4af20c295650f5cac1397ea8d5d581508d5a9eb9537bf40","point_ordinal":1,"zone_group_id":"488901005934","source_manage_no":"488901005934","facility_name":"합천유치원","sgg_code":"48890","facility_type_code":"1","api_first_registered_on":"2012-02-17","api_last_modified_on":null,"updated_at":"2026-07-25T01:27:52.347112+00:00"},"geometry":{"type":"Point","coordinates":[128.15272319,35.569325222]}},{"type":"Feature","id":"09dc1cf5ce20ffe0ab6e9ac58249d32f3b503271d03bf20dfb023e846ca90585-1","properties":{"facility_id":"09dc1cf5ce20ffe0ab6e9ac58249d32f3b503271d03bf20dfb023e846ca90585","point_ordinal":1,"zone_group_id":"488902005945","source_manage_no":"488902005945","facility_name":"합천종합사회복지관","sgg_code":"48890","facility_type_code":"2","api_first_registered_on":"2012-01-01","api_last_modified_on":null,"updated_at":"2026-07-25T01:27:52.347112+00:00"},"geometry":{"type":"Point","coordinates":[128.156694157,35.567752835]}},{"type":"Feature","id":"7eb0c750b3ab3739d65f8a4334705f32ab67526d065f1d6bb3e753c456457655-1","properties":{"facility_id":"7eb0c750b3ab3739d65f8a4334705f32ab67526d065f1d6bb3e753c456457655","point_ordinal":1,"zone_group_id":"488901005946","source_manage_no":"488901005946","facility_name":"합천초등학교","sgg_code":"48890","facility_type_code":"1","api_first_registered_on":"1996-05-10","api_last_modified_on":null,"updated_at":"2026-07-25T01:27:52.347112+00:00"},"geometry":{"type":"Point","coordinates":[128.162997973,35.565401116]}}]}