{"type":"FeatureCollection","features":[{"type":"Feature","id":"ff3138f3f38a2037b889f4426800ada7bf2647440c1262611dba05f5a4ba38d6-1","properties":{"facility_id":"ff3138f3f38a2037b889f4426800ada7bf2647440c1262611dba05f5a4ba38d6","point_ordinal":1,"zone_group_id":"501101015293","source_manage_no":"501101015293","facility_name":"YWCA어린이집","sgg_code":"50110","facility_type_code":"1","api_first_registered_on":null,"api_last_modified_on":null,"updated_at":"2026-07-25T01:27:52.347112+00:00"},"geometry":{"type":"Point","coordinates":[126.564580497,33.520322909]}},{"type":"Feature","id":"51d2d25e384cd8fdf5a14494a39fc5ecfec3abbaf01d2b96545ed0b2a91d4b19-1","properties":{"facility_id":"51d2d25e384cd8fdf5a14494a39fc5ecfec3abbaf01d2b96545ed0b2a91d4b19","point_ordinal":1,"zone_group_id":"501102022236","source_manage_no":"501102022236","facility_name":"가문동경로당","sgg_code":"50110","facility_type_code":"2","api_first_registered_on":null,"api_last_modified_on":null,"updated_at":"2026-07-25T01:27:52.347112+00:00"},"geometry":{"type":"Point","coordinates":[126.396312796,33.483671228]}},{"type":"Feature","id":"457eacf07cd1f863e529372522afd724282178cc9596466c27ab7cecacfe8120-1","properties":{"facility_id":"457eacf07cd1f863e529372522afd724282178cc9596466c27ab7cecacfe8120","point_ordinal":1,"zone_group_id":"501102027421","source_manage_no":"501102027421","facility_name":"강구동 경로당","sgg_code":"50110","facility_type_code":"2","api_first_registered_on":null,"api_last_modified_on":null,"updated_at":"2026-07-25T01:27:52.347112+00:00"},"geometry":{"type":"Point","coordinates":[126.277335056,33.408578913]}},{"type":"Feature","id":"7f250bdd6a5a2fe14a80825ebb0fdf16dd545af45c89552dd18c8e0d49b77c55-1","properties":{"facility_id":"7f250bdd6a5a2fe14a80825ebb0fdf16dd545af45c89552dd18c8e0d49b77c55","point_ordinal":1,"zone_group_id":"501102026710","source_manage_no":"501102026710","facility_name":"고내리 경로당","sgg_code":"50110","facility_type_code":"2","api_first_registered_on":"2023-07-13","api_last_modified_on":null,"updated_at":"2026-07-25T01:27:52.347112+00:00"},"geometry":{"type":"Point","coordinates":[126.33834868,33.465372545]}},{"type":"Feature","id":"c420e42eb34836445cc5451ea7643d4e0b39bb1d10a26952c5da55343973b839-1","properties":{"facility_id":"c420e42eb34836445cc5451ea7643d4e0b39bb1d10a26952c5da55343973b839","point_ordinal":1,"zone_group_id":"501102028696","source_manage_no":"501102028696","facility_name":"고산1리 경로당","sgg_code":"50110","facility_type_code":"2","api_first_registered_on":null,"api_last_modified_on":"2025-03-24","updated_at":"2026-07-25T01:27:52.347112+00:00"},"geometry":{"type":"Point","coordinates":[126.182375646,33.302212947]}},{"type":"Feature","id":"d05a7637297d0e4f37d7dd8c090c2449bc2767ba1b719811651a23a9420b6be5-1","properties":{"facility_id":"d05a7637297d0e4f37d7dd8c090c2449bc2767ba1b719811651a23a9420b6be5","point_ordinal":1,"zone_group_id":"5002028697","source_manage_no":"5002028697","facility_name":"고산2리 경로당","sgg_code":"50110","facility_type_code":"2","api_first_registered_on":null,"api_last_modified_on":"2025-03-24","updated_at":"2026-07-25T01:27:52.347112+00:00"},"geometry":{"type":"Point","coordinates":[126.188953745,33.30202164]}},{"type":"Feature","id":"5f05360c35bc7b9777d874ca45b128a9aa9696c96408b02b5460c84a4ab7fc63-1","properties":{"facility_id":"5f05360c35bc7b9777d874ca45b128a9aa9696c96408b02b5460c84a4ab7fc63","point_ordinal":1,"zone_group_id":"501101015253","source_manage_no":"501101015253","facility_name":"고산초등학교","sgg_code":"50110","facility_type_code":"1","api_first_registered_on":null,"api_last_modified_on":"2025-04-15","updated_at":"2026-07-25T01:27:52.347112+00:00"},"geometry":{"type":"Point","coordinates":[126.176840225,33.303880122]}},{"type":"Feature","id":"7ec21564cbb3938d80db57659036fda9a4e0b0fa64e304c540827337ee23e040-1","properties":{"facility_id":"7ec21564cbb3938d80db57659036fda9a4e0b0fa64e304c540827337ee23e040","point_ordinal":1,"zone_group_id":"501101029094","source_manage_no":"501101029094","facility_name":"고산초등학교 병설유치원","sgg_code":"50110","facility_type_code":"1","api_first_registered_on":null,"api_last_modified_on":"2025-04-15","updated_at":"2026-07-25T01:27:52.347112+00:00"},"geometry":{"type":"Point","coordinates":[126.176709224,33.304473093]}},{"type":"Feature","id":"d83cbb3660b173bcee6483af9af43751cccb1fe6033562cf189659032a259f10-1","properties":{"facility_id":"d83cbb3660b173bcee6483af9af43751cccb1fe6033562cf189659032a259f10","point_ordinal":1,"zone_group_id":"501102024949","source_manage_no":"501102024949","facility_name":"고성2리경로당","sgg_code":"50110","facility_type_code":"2","api_first_registered_on":null,"api_last_modified_on":null,"updated_at":"2026-07-25T01:27:52.347112+00:00"},"geometry":{"type":"Point","coordinates":[126.425236798,33.435580321]}},{"type":"Feature","id":"782e79904ac6e773736c7adcac77ab89841b73c4bde471664530cd2bce3a2f67-1","properties":{"facility_id":"782e79904ac6e773736c7adcac77ab89841b73c4bde471664530cd2bce3a2f67","point_ordinal":1,"zone_group_id":"501101015084","source_manage_no":"501101015084","facility_name":"고슴도치어린이집","sgg_code":"50110","facility_type_code":"1","api_first_registered_on":null,"api_last_modified_on":"2025-04-15","updated_at":"2026-07-25T01:27:52.347112+00:00"},"geometry":{"type":"Point","coordinates":[126.463755532,33.469292796]}},{"type":"Feature","id":"8ef0b87c60eec62e0e07403652f0367a5b4b9f03ea7596ea95a0def7c92ad6ad-1","properties":{"facility_id":"8ef0b87c60eec62e0e07403652f0367a5b4b9f03ea7596ea95a0def7c92ad6ad","point_ordinal":1,"zone_group_id":"501101015111","source_manage_no":"501101015111","facility_name":"공립모두별어린이집","sgg_code":"50110","facility_type_code":"1","api_first_registered_on":null,"api_last_modified_on":null,"updated_at":"2026-07-25T01:27:52.347112+00:00"},"geometry":{"type":"Point","coordinates":[126.444295369,33.479338544]}},{"type":"Feature","id":"1c4b2e265bd0e62a82f4b72f756d902853ed437a010e896e0c463edd2ad7d392-1","properties":{"facility_id":"1c4b2e265bd0e62a82f4b72f756d902853ed437a010e896e0c463edd2ad7d392","point_ordinal":1,"zone_group_id":"501101029040","source_manage_no":"501101029040","facility_name":"공립새솔어린이집","sgg_code":"50110","facility_type_code":"1","api_first_registered_on":null,"api_last_modified_on":"2025-04-14","updated_at":"2026-07-25T01:27:52.347112+00:00"},"geometry":{"type":"Point","coordinates":[126.413610824,33.483316574]}},{"type":"Feature","id":"d10b29ec9bdd932e00b09a2261db4f77a7bf329d107d0011ae98c5fcd5ba1142-1","properties":{"facility_id":"d10b29ec9bdd932e00b09a2261db4f77a7bf329d107d0011ae98c5fcd5ba1142","point_ordinal":1,"zone_group_id":"501101015150","source_manage_no":"501101015150","facility_name":"공립아이세상어린이집","sgg_code":"50110","facility_type_code":"1","api_first_registered_on":null,"api_last_modified_on":null,"updated_at":"2026-07-25T01:27:52.347112+00:00"},"geometry":{"type":"Point","coordinates":[126.378715227,33.468742426]}},{"type":"Feature","id":"a81134bf4a73259946e2c318170177b73257f085cb02a37e14ed87c9f3c8b86c-1","properties":{"facility_id":"a81134bf4a73259946e2c318170177b73257f085cb02a37e14ed87c9f3c8b86c","point_ordinal":1,"zone_group_id":"501101015136","source_manage_no":"501101015136","facility_name":"곽금초등학교","sgg_code":"50110","facility_type_code":"1","api_first_registered_on":null,"api_last_modified_on":null,"updated_at":"2026-07-25T01:27:52.347112+00:00"},"geometry":{"type":"Point","coordinates":[126.306161459,33.446879348]}},{"type":"Feature","id":"43b61e9370cb186d9c959f4699d7e2758a9b9232f4c3188846426c8e1c56e825-1","properties":{"facility_id":"43b61e9370cb186d9c959f4699d7e2758a9b9232f4c3188846426c8e1c56e825","point_ordinal":1,"zone_group_id":"501102026701","source_manage_no":"501102026701","facility_name":"곽지리경로당","sgg_code":"50110","facility_type_code":"2","api_first_registered_on":"2023-07-13","api_last_modified_on":null,"updated_at":"2026-07-25T01:27:52.347112+00:00"},"geometry":{"type":"Point","coordinates":[126.308391598,33.445582417]}},{"type":"Feature","id":"be0bed302d5bad8a29fce88821d8752c5305699b7145acfeb10d1e971790b38a-1","properties":{"facility_id":"be0bed302d5bad8a29fce88821d8752c5305699b7145acfeb10d1e971790b38a","point_ordinal":1,"zone_group_id":"501102015134","source_manage_no":"501102015134","facility_name":"광령2리 복지회관","sgg_code":"50110","facility_type_code":"2","api_first_registered_on":null,"api_last_modified_on":null,"updated_at":"2026-07-25T01:27:52.347112+00:00"},"geometry":{"type":"Point","coordinates":[126.429309631,33.449041151]}},{"type":"Feature","id":"f55c35eafa2889cd40464662ff961cf085e3783908e0b5ca5a9397e3bbedb17a-1","properties":{"facility_id":"f55c35eafa2889cd40464662ff961cf085e3783908e0b5ca5a9397e3bbedb17a","point_ordinal":1,"zone_group_id":"501101015137","source_manage_no":"501101015137","facility_name":"광령초등학교","sgg_code":"50110","facility_type_code":"1","api_first_registered_on":null,"api_last_modified_on":"2025-04-15","updated_at":"2026-07-25T01:27:52.347112+00:00"},"geometry":{"type":"Point","coordinates":[126.436216677,33.460509771]}},{"type":"Feature","id":"758a09488f17e46ee05e122e2ad974d1c88db94bca6651d54159b45287aa1798-1","properties":{"facility_id":"758a09488f17e46ee05e122e2ad974d1c88db94bca6651d54159b45287aa1798","point_ordinal":1,"zone_group_id":"501101029089","source_manage_no":"501101029089","facility_name":"광령초등학교 병설유치원","sgg_code":"50110","facility_type_code":"1","api_first_registered_on":null,"api_last_modified_on":"2025-04-15","updated_at":"2026-07-25T01:27:52.347112+00:00"},"geometry":{"type":"Point","coordinates":[126.436463731,33.459494863]}},{"type":"Feature","id":"00e5f2ce09cb90d0ba9fa20e18f4e89f29be4a370defdb812bcc1f15658512b0-1","properties":{"facility_id":"00e5f2ce09cb90d0ba9fa20e18f4e89f29be4a370defdb812bcc1f15658512b0","point_ordinal":1,"zone_group_id":"501101015210","source_manage_no":"501101015210","facility_name":"광양초등학교","sgg_code":"50110","facility_type_code":"1","api_first_registered_on":null,"api_last_modified_on":"2025-04-14","updated_at":"2026-07-25T01:27:52.347112+00:00"},"geometry":{"type":"Point","coordinates":[126.529609321,33.501736012]}},{"type":"Feature","id":"0cabc48262b40fe509c2e5f2e99e2da859c5e860e05456c6234e54666f49aaba-1","properties":{"facility_id":"0cabc48262b40fe509c2e5f2e99e2da859c5e860e05456c6234e54666f49aaba","point_ordinal":1,"zone_group_id":"501101029047","source_manage_no":"501101029047","facility_name":"광양초등학교 병설유치원","sgg_code":"50110","facility_type_code":"1","api_first_registered_on":null,"api_last_modified_on":"2025-04-14","updated_at":"2026-07-25T01:27:52.347112+00:00"},"geometry":{"type":"Point","coordinates":[126.529566371,33.502730659]}},{"type":"Feature","id":"d16a067dbee6115285003d6df1a2fd3c199262cb42d14ca408f4850583e8d79c-1","properties":{"facility_id":"d16a067dbee6115285003d6df1a2fd3c199262cb42d14ca408f4850583e8d79c","point_ordinal":1,"zone_group_id":"501102027194","source_manage_no":"501102027194","facility_name":"광평3리 경로당","sgg_code":"50110","facility_type_code":"2","api_first_registered_on":null,"api_last_modified_on":null,"updated_at":"2026-07-25T01:27:52.347112+00:00"},"geometry":{"type":"Point","coordinates":[126.423273671,33.464048054]}},{"type":"Feature","id":"5f061ab0163eff7b6f8b193ab20966b5d34817fd918b9833c56c6f00c2707f41-1","properties":{"facility_id":"5f061ab0163eff7b6f8b193ab20966b5d34817fd918b9833c56c6f00c2707f41","point_ordinal":1,"zone_group_id":"501101015139","source_manage_no":"501101015139","facility_name":"구엄초등학교","sgg_code":"50110","facility_type_code":"1","api_first_registered_on":null,"api_last_modified_on":"2025-04-14","updated_at":"2026-07-25T01:27:52.347112+00:00"},"geometry":{"type":"Point","coordinates":[126.374690031,33.473774629]}},{"type":"Feature","id":"cbd79ccbf5f7ef6f4ca924088ae92ed16401c8de0ab82210851c7e0cf80ae7df-1","properties":{"facility_id":"cbd79ccbf5f7ef6f4ca924088ae92ed16401c8de0ab82210851c7e0cf80ae7df","point_ordinal":1,"zone_group_id":"501101029051","source_manage_no":"501101029051","facility_name":"구엄초등학교 병설유치원","sgg_code":"50110","facility_type_code":"1","api_first_registered_on":null,"api_last_modified_on":"2025-04-14","updated_at":"2026-07-25T01:27:52.347112+00:00"},"geometry":{"type":"Point","coordinates":[126.374987816,33.472944141]}},{"type":"Feature","id":"54d15ea9c3f27627e527951f107f9d3aad52420c394ebe27c21dac56d42f14f9-1","properties":{"facility_id":"54d15ea9c3f27627e527951f107f9d3aad52420c394ebe27c21dac56d42f14f9","point_ordinal":1,"zone_group_id":"501101015062","source_manage_no":"501101015062","facility_name":"구좌중앙초등학교","sgg_code":"50110","facility_type_code":"1","api_first_registered_on":null,"api_last_modified_on":null,"updated_at":"2026-07-25T01:27:52.347112+00:00"},"geometry":{"type":"Point","coordinates":[126.798181575,33.551071432]}},{"type":"Feature","id":"b29830b172568aae0d81c4352cf970123614965d0927691adc9daa45cc35be9d-1","properties":{"facility_id":"b29830b172568aae0d81c4352cf970123614965d0927691adc9daa45cc35be9d","point_ordinal":1,"zone_group_id":"501101029061","source_manage_no":"501101029061","facility_name":"구좌중앙초등학교 병설유치원","sgg_code":"50110","facility_type_code":"1","api_first_registered_on":null,"api_last_modified_on":"2025-04-14","updated_at":"2026-07-25T01:27:52.347112+00:00"},"geometry":{"type":"Point","coordinates":[126.797602399,33.551690443]}},{"type":"Feature","id":"7aaf89824d348f02e1daf9c896b26e8626046867330d3c183e959cf0d9d029b4-1","properties":{"facility_id":"7aaf89824d348f02e1daf9c896b26e8626046867330d3c183e959cf0d9d029b4","point_ordinal":1,"zone_group_id":"501101015298","source_manage_no":"501101029104","facility_name":"국청사어린이집","sgg_code":"50110","facility_type_code":"1","api_first_registered_on":null,"api_last_modified_on":"2025-04-15","updated_at":"2026-07-25T01:27:52.347112+00:00"},"geometry":{"type":"Point","coordinates":[126.564504227,33.507666014]}},{"type":"Feature","id":"f1b81f34f5a12765e5d3241a7125d0f9e49b6d36550dc42fb674b9cc2cebce82-1","properties":{"facility_id":"f1b81f34f5a12765e5d3241a7125d0f9e49b6d36550dc42fb674b9cc2cebce82","point_ordinal":1,"zone_group_id":"501102025793","source_manage_no":"501102025793","facility_name":"귀덕1리 경로당","sgg_code":"50110","facility_type_code":"2","api_first_registered_on":null,"api_last_modified_on":null,"updated_at":"2026-07-25T01:27:52.347112+00:00"},"geometry":{"type":"Point","coordinates":[126.298113655,33.436386086]}},{"type":"Feature","id":"f4c8cb1f5f93f3254eba65f078fe81e0fbccc9c35175a32d74b01076f10505ac-1","properties":{"facility_id":"f4c8cb1f5f93f3254eba65f078fe81e0fbccc9c35175a32d74b01076f10505ac","point_ordinal":1,"zone_group_id":"501102015265","source_manage_no":"501102015265","facility_name":"귀덕3리경로당","sgg_code":"50110","facility_type_code":"2","api_first_registered_on":null,"api_last_modified_on":null,"updated_at":"2026-07-25T01:27:52.347112+00:00"},"geometry":{"type":"Point","coordinates":[126.296315326,33.418987711]}},{"type":"Feature","id":"8c81db79f97ff7cfb5e312a453ac254564e2a4ec720e0b6090faa81fb1e80b14-1","properties":{"facility_id":"8c81db79f97ff7cfb5e312a453ac254564e2a4ec720e0b6090faa81fb1e80b14","point_ordinal":1,"zone_group_id":"501101015266","source_manage_no":"501101015266","facility_name":"귀덕초등학교","sgg_code":"50110","facility_type_code":"1","api_first_registered_on":null,"api_last_modified_on":"2025-04-14","updated_at":"2026-07-25T01:27:52.347112+00:00"},"geometry":{"type":"Point","coordinates":[126.294388254,33.442463391]}},{"type":"Feature","id":"53336158d077c7100b0978b16b3f77796b50e2192841e0b650f74360c31a6c93-1","properties":{"facility_id":"53336158d077c7100b0978b16b3f77796b50e2192841e0b650f74360c31a6c93","point_ordinal":1,"zone_group_id":"501101029076","source_manage_no":"501101029076","facility_name":"귀덕초등학교 병설유치원","sgg_code":"50110","facility_type_code":"1","api_first_registered_on":null,"api_last_modified_on":"2025-04-14","updated_at":"2026-07-25T01:27:52.347112+00:00"},"geometry":{"type":"Point","coordinates":[126.293698804,33.442463829]}},{"type":"Feature","id":"dbaafdc9b1a12ba4c6bec6567def848ee4b966daadad6da7f74d584efde10659-1","properties":{"facility_id":"dbaafdc9b1a12ba4c6bec6567def848ee4b966daadad6da7f74d584efde10659","point_ordinal":1,"zone_group_id":"501102025620","source_manage_no":"501102025620","facility_name":"금능리경로당","sgg_code":"50110","facility_type_code":"2","api_first_registered_on":null,"api_last_modified_on":null,"updated_at":"2026-07-25T01:27:52.347112+00:00"},"geometry":{"type":"Point","coordinates":[126.227301366,33.387971997]}},{"type":"Feature","id":"6c6731383653af371da1ae56fc24229a9835c8d5ea5b6309438dc9a6fe1a8695-1","properties":{"facility_id":"6c6731383653af371da1ae56fc24229a9835c8d5ea5b6309438dc9a6fe1a8695","point_ordinal":1,"zone_group_id":"501102015141","source_manage_no":"501102015141","facility_name":"금성경로당","sgg_code":"50110","facility_type_code":"2","api_first_registered_on":null,"api_last_modified_on":null,"updated_at":"2026-07-25T01:27:52.347112+00:00"},"geometry":{"type":"Point","coordinates":[126.30064546,33.444309826]}},{"type":"Feature","id":"8deb0897ce024ab0f70b40b3734dbb855e6d05f865f360d63a3a1964fc1b4ced-1","properties":{"facility_id":"8deb0897ce024ab0f70b40b3734dbb855e6d05f865f360d63a3a1964fc1b4ced","point_ordinal":1,"zone_group_id":"501101015268","source_manage_no":"501101015268","facility_name":"금악초등학교","sgg_code":"50110","facility_type_code":"1","api_first_registered_on":null,"api_last_modified_on":null,"updated_at":"2026-07-25T01:27:52.347112+00:00"},"geometry":{"type":"Point","coordinates":[126.295248645,33.356782175]}},{"type":"Feature","id":"830400879582cc0f614bbff409fe848e5430fc969dc836831970ad9879594ba7-1","properties":{"facility_id":"830400879582cc0f614bbff409fe848e5430fc969dc836831970ad9879594ba7","point_ordinal":1,"zone_group_id":"501101029091","source_manage_no":"501101029091","facility_name":"김녕초동복분교 병설유치원","sgg_code":"50110","facility_type_code":"1","api_first_registered_on":null,"api_last_modified_on":"2025-04-15","updated_at":"2026-07-25T01:27:52.347112+00:00"},"geometry":{"type":"Point","coordinates":[126.713297277,33.552217895]}},{"type":"Feature","id":"cd0d65fa1a089597bc8f3662ff551f3cd2b0d4787de17268e5f25f652bf4b035-1","properties":{"facility_id":"cd0d65fa1a089597bc8f3662ff551f3cd2b0d4787de17268e5f25f652bf4b035","point_ordinal":1,"zone_group_id":"501101015064","source_manage_no":"501101015064","facility_name":"김녕초등학교","sgg_code":"50110","facility_type_code":"1","api_first_registered_on":null,"api_last_modified_on":"2025-04-14","updated_at":"2026-07-25T01:27:52.347112+00:00"},"geometry":{"type":"Point","coordinates":[126.750515304,33.554859746]}},{"type":"Feature","id":"f60d2278e98bf99872a1eed7988f3428c5b4926d93a3ac58d166e28e372d04c7-1","properties":{"facility_id":"f60d2278e98bf99872a1eed7988f3428c5b4926d93a3ac58d166e28e372d04c7","point_ordinal":1,"zone_group_id":"501101029154","source_manage_no":"501101029154","facility_name":"김녕초등학교 병설유치원","sgg_code":"50110","facility_type_code":"1","api_first_registered_on":null,"api_last_modified_on":"2025-04-15","updated_at":"2026-07-25T01:27:52.347112+00:00"},"geometry":{"type":"Point","coordinates":[126.750422202,33.555427206]}},{"type":"Feature","id":"a933ee22bfad4cfd03d00e4a45974d8eef036b8d313a8b240e153dad0e409ae2-1","properties":{"facility_id":"a933ee22bfad4cfd03d00e4a45974d8eef036b8d313a8b240e153dad0e409ae2","point_ordinal":1,"zone_group_id":"501101015065","source_manage_no":"501101015065","facility_name":"김녕초등학교동복분교","sgg_code":"50110","facility_type_code":"1","api_first_registered_on":null,"api_last_modified_on":"2025-04-15","updated_at":"2026-07-25T01:27:52.347112+00:00"},"geometry":{"type":"Point","coordinates":[126.712850805,33.551766897]}},{"type":"Feature","id":"c702cc55d4306cec9f8318dfd1418487db3b7b16f65455825835ca7bc854330d-1","properties":{"facility_id":"c702cc55d4306cec9f8318dfd1418487db3b7b16f65455825835ca7bc854330d","point_ordinal":1,"zone_group_id":"501101015126","source_manage_no":"501101015126","facility_name":"까리따스유치원","sgg_code":"50110","facility_type_code":"1","api_first_registered_on":null,"api_last_modified_on":null,"updated_at":"2026-07-25T01:27:52.347112+00:00"},"geometry":{"type":"Point","coordinates":[126.547993207,33.474532492]}},{"type":"Feature","id":"64cca61ff40ca1fd336270b08a94f5ce3fe1d589d2365ff62ff68d7ef0074f53-1","properties":{"facility_id":"64cca61ff40ca1fd336270b08a94f5ce3fe1d589d2365ff62ff68d7ef0074f53","point_ordinal":1,"zone_group_id":"501101019391","source_manage_no":"501101029107","facility_name":"꼬마숲어린이집","sgg_code":"50110","facility_type_code":"1","api_first_registered_on":null,"api_last_modified_on":"2025-04-15","updated_at":"2026-07-25T01:27:52.347112+00:00"},"geometry":{"type":"Point","coordinates":[126.506502058,33.507506775]}},{"type":"Feature","id":"cc52939e82783550bf82a53d28c4df97b3ffdedc0b2d03eb32c10e7d016a2c5d-1","properties":{"facility_id":"cc52939e82783550bf82a53d28c4df97b3ffdedc0b2d03eb32c10e7d016a2c5d","point_ordinal":1,"zone_group_id":"501101015302","source_manage_no":"501101015302","facility_name":"꾸러기어린이집","sgg_code":"50110","facility_type_code":"1","api_first_registered_on":null,"api_last_modified_on":null,"updated_at":"2026-07-25T01:27:52.347112+00:00"},"geometry":{"type":"Point","coordinates":[126.534419648,33.508691276]}},{"type":"Feature","id":"6f2fba6e23d4236e2ba65a942fa6edac7306eb045011220f9745bf3a0b4ab2c1-1","properties":{"facility_id":"6f2fba6e23d4236e2ba65a942fa6edac7306eb045011220f9745bf3a0b4ab2c1","point_ordinal":1,"zone_group_id":"501102015255","source_manage_no":"501102015255","facility_name":"낙천리경로당","sgg_code":"50110","facility_type_code":"2","api_first_registered_on":null,"api_last_modified_on":null,"updated_at":"2026-07-25T01:27:52.347112+00:00"},"geometry":{"type":"Point","coordinates":[126.227004223,33.326446726]}},{"type":"Feature","id":"b0ae626b19fcd516798308fac4d231b41a5d5f4e4fb7dadcf6d24a95511d2745-1","properties":{"facility_id":"b0ae626b19fcd516798308fac4d231b41a5d5f4e4fb7dadcf6d24a95511d2745","point_ordinal":1,"zone_group_id":"501101027467","source_manage_no":"501101027467","facility_name":"남광초등학교","sgg_code":"50110","facility_type_code":"1","api_first_registered_on":null,"api_last_modified_on":null,"updated_at":"2026-07-25T01:27:52.347112+00:00"},"geometry":{"type":"Point","coordinates":[126.539340267,33.493279604]}},{"type":"Feature","id":"bc30606acf1cd0cbcc1892247aa063f0f75073dd17974ef29a01cde33dc6d1b9-1","properties":{"facility_id":"bc30606acf1cd0cbcc1892247aa063f0f75073dd17974ef29a01cde33dc6d1b9","point_ordinal":1,"zone_group_id":"501101029038","source_manage_no":"501101029038","facility_name":"남국어린이집","sgg_code":"50110","facility_type_code":"1","api_first_registered_on":null,"api_last_modified_on":"2025-04-14","updated_at":"2026-07-25T01:27:52.347112+00:00"},"geometry":{"type":"Point","coordinates":[126.54341373,33.480747746]}},{"type":"Feature","id":"a9ede85526c2c34660a18ea4cb0aa19507fb30a972bcdcc63808db4aa6094c8e-1","properties":{"facility_id":"a9ede85526c2c34660a18ea4cb0aa19507fb30a972bcdcc63808db4aa6094c8e","point_ordinal":1,"zone_group_id":"501102026711","source_manage_no":"501102026711","facility_name":"납읍리 경로당","sgg_code":"50110","facility_type_code":"2","api_first_registered_on":"2023-07-13","api_last_modified_on":null,"updated_at":"2026-07-25T01:27:52.347112+00:00"},"geometry":{"type":"Point","coordinates":[126.331068541,33.438380108]}},{"type":"Feature","id":"b8576439a68819be15417a50c0ab43d479ad56228b2181356e6c1dd4d0d304f6-1","properties":{"facility_id":"b8576439a68819be15417a50c0ab43d479ad56228b2181356e6c1dd4d0d304f6","point_ordinal":1,"zone_group_id":"501101015142","source_manage_no":"501101015142","facility_name":"납읍초등학교","sgg_code":"50110","facility_type_code":"1","api_first_registered_on":null,"api_last_modified_on":"2025-04-15","updated_at":"2026-07-25T01:27:52.347112+00:00"},"geometry":{"type":"Point","coordinates":[126.33017375,33.434905534]}},{"type":"Feature","id":"489d11cc4c88f6d92ba8ff0ac76bee937c96a7fe2987abe7fe4c3f3348462c08-1","properties":{"facility_id":"489d11cc4c88f6d92ba8ff0ac76bee937c96a7fe2987abe7fe4c3f3348462c08","point_ordinal":1,"zone_group_id":"501101029101","source_manage_no":"501101029101","facility_name":"납읍초등학교 병설유치원","sgg_code":"50110","facility_type_code":"1","api_first_registered_on":null,"api_last_modified_on":"2025-04-15","updated_at":"2026-07-25T01:27:52.347112+00:00"},"geometry":{"type":"Point","coordinates":[126.33060847,33.435429552]}},{"type":"Feature","id":"d0ebcde4d042c11c6add4809dfe193a7c1058c64bf07d8610a6eac7bc145f27e-1","properties":{"facility_id":"d0ebcde4d042c11c6add4809dfe193a7c1058c64bf07d8610a6eac7bc145f27e","point_ordinal":1,"zone_group_id":"501101015085","source_manage_no":"501101015085","facility_name":"노형초등학교","sgg_code":"50110","facility_type_code":"1","api_first_registered_on":null,"api_last_modified_on":"2025-04-14","updated_at":"2026-07-25T01:27:52.347112+00:00"},"geometry":{"type":"Point","coordinates":[126.476460139,33.484334379]}},{"type":"Feature","id":"c7f5c0b6770cf1c27646d1daba18e12597f3cf2ef1ca265574fe83be78463d65-1","properties":{"facility_id":"c7f5c0b6770cf1c27646d1daba18e12597f3cf2ef1ca265574fe83be78463d65","point_ordinal":1,"zone_group_id":"501101029046","source_manage_no":"501101029046","facility_name":"노형초등학교 병설유치원","sgg_code":"50110","facility_type_code":"1","api_first_registered_on":null,"api_last_modified_on":"2025-04-14","updated_at":"2026-07-25T01:27:52.347112+00:00"},"geometry":{"type":"Point","coordinates":[126.475865045,33.485010619]}},{"type":"Feature","id":"37992c8da93d8669c18e6b3b95f29ffa25794991303ceea215e04f15ecc86df0-1","properties":{"facility_id":"37992c8da93d8669c18e6b3b95f29ffa25794991303ceea215e04f15ecc86df0","point_ordinal":1,"zone_group_id":"501101015188","source_manage_no":"501101015188","facility_name":"녹원어린이집","sgg_code":"50110","facility_type_code":"1","api_first_registered_on":null,"api_last_modified_on":null,"updated_at":"2026-07-25T01:27:52.347112+00:00"},"geometry":{"type":"Point","coordinates":[126.507345838,33.487616061]}},{"type":"Feature","id":"083e32a184ca391360a021886d18e2f3c90ca3307cfa86d7a33ee1b0fc7a157b-1","properties":{"facility_id":"083e32a184ca391360a021886d18e2f3c90ca3307cfa86d7a33ee1b0fc7a157b","point_ordinal":1,"zone_group_id":"501101029156","source_manage_no":"501101029156","facility_name":"다음 카카오 어린이집","sgg_code":"50110","facility_type_code":"1","api_first_registered_on":null,"api_last_modified_on":"2025-04-15","updated_at":"2026-07-25T01:27:52.347112+00:00"},"geometry":{"type":"Point","coordinates":[126.569700429,33.452411869]}},{"type":"Feature","id":"3acc6e8134b890960910e5a2ea1e8cb69d8af92ec6ef8c5b044df0d64550d3ce-1","properties":{"facility_id":"3acc6e8134b890960910e5a2ea1e8cb69d8af92ec6ef8c5b044df0d64550d3ce","point_ordinal":1,"zone_group_id":"501102015269","source_manage_no":"501102015269","facility_name":"대림리경로당","sgg_code":"50110","facility_type_code":"2","api_first_registered_on":null,"api_last_modified_on":null,"updated_at":"2026-07-25T01:27:52.347112+00:00"},"geometry":{"type":"Point","coordinates":[126.281101813,33.42249182]}},{"type":"Feature","id":"03f15e349085bb804ec568ea2bc18d08f8acfc2b32928dfa272a39baad5c213f-1","properties":{"facility_id":"03f15e349085bb804ec568ea2bc18d08f8acfc2b32928dfa272a39baad5c213f","point_ordinal":1,"zone_group_id":"501102015234","source_manage_no":"501102015234","facility_name":"대흘1리경로당","sgg_code":"50110","facility_type_code":"2","api_first_registered_on":null,"api_last_modified_on":null,"updated_at":"2026-07-25T01:27:52.347112+00:00"},"geometry":{"type":"Point","coordinates":[126.654639706,33.498593556]}},{"type":"Feature","id":"99b039d748f9237e67a5ec66cb6467906b6bebbe1602c258298d6b9c9be4a02b-1","properties":{"facility_id":"99b039d748f9237e67a5ec66cb6467906b6bebbe1602c258298d6b9c9be4a02b","point_ordinal":1,"zone_group_id":"501101015235","source_manage_no":"501101015235","facility_name":"대흘초등학교","sgg_code":"50110","facility_type_code":"1","api_first_registered_on":null,"api_last_modified_on":"2025-04-14","updated_at":"2026-07-25T01:27:52.347112+00:00"},"geometry":{"type":"Point","coordinates":[126.65772452,33.499092586]}},{"type":"Feature","id":"411269478eee079bb69c86a0934363262b3d00c2c24053e322f0f85505acc1ff-1","properties":{"facility_id":"411269478eee079bb69c86a0934363262b3d00c2c24053e322f0f85505acc1ff","point_ordinal":1,"zone_group_id":"501101029082","source_manage_no":"501101029082","facility_name":"대흘초등학교 병설유치원","sgg_code":"50110","facility_type_code":"1","api_first_registered_on":null,"api_last_modified_on":"2025-04-14","updated_at":"2026-07-25T01:27:52.347112+00:00"},"geometry":{"type":"Point","coordinates":[126.65804887,33.499540726]}},{"type":"Feature","id":"51336a066b9d6a09bdca2a04b88c8cebb5aff96fce41c033bbcca9ca06394d4a-1","properties":{"facility_id":"51336a066b9d6a09bdca2a04b88c8cebb5aff96fce41c033bbcca9ca06394d4a","point_ordinal":1,"zone_group_id":"501101015152","source_manage_no":"501101015152","facility_name":"더럭초등학교","sgg_code":"50110","facility_type_code":"1","api_first_registered_on":null,"api_last_modified_on":null,"updated_at":"2026-07-25T01:27:52.347112+00:00"},"geometry":{"type":"Point","coordinates":[126.345992131,33.453984646]}},{"type":"Feature","id":"2a6518e08b802c10fc9f3bbc9e66a7b4b7dcd156a94a0b9e3ece2da730b8a17d-1","properties":{"facility_id":"2a6518e08b802c10fc9f3bbc9e66a7b4b7dcd156a94a0b9e3ece2da730b8a17d","point_ordinal":1,"zone_group_id":"501101015104","source_manage_no":"501101015104","facility_name":"도남초등학교","sgg_code":"50110","facility_type_code":"1","api_first_registered_on":null,"api_last_modified_on":null,"updated_at":"2026-07-25T01:27:52.347112+00:00"},"geometry":{"type":"Point","coordinates":[126.526342238,33.493539036]}},{"type":"Feature","id":"444f8ca5e09a3ca7908fd0041ba73873869acebf1131696eacd6e83150400441-1","properties":{"facility_id":"444f8ca5e09a3ca7908fd0041ba73873869acebf1131696eacd6e83150400441","point_ordinal":1,"zone_group_id":"501101029059","source_manage_no":"501101029059","facility_name":"도남초등학교 병설유치원","sgg_code":"50110","facility_type_code":"1","api_first_registered_on":null,"api_last_modified_on":"2025-04-14","updated_at":"2026-07-25T01:27:52.347112+00:00"},"geometry":{"type":"Point","coordinates":[126.526072578,33.493720706]}},{"type":"Feature","id":"d9543be035bf1297042b1e585e0135675a455fd62106375854f681a48b095817-1","properties":{"facility_id":"d9543be035bf1297042b1e585e0135675a455fd62106375854f681a48b095817","point_ordinal":1,"zone_group_id":"501101015108","source_manage_no":"501101015108","facility_name":"도련초등학교","sgg_code":"50110","facility_type_code":"1","api_first_registered_on":null,"api_last_modified_on":"2025-04-15","updated_at":"2026-07-25T01:27:52.347112+00:00"},"geometry":{"type":"Point","coordinates":[126.583348823,33.514212943]}},{"type":"Feature","id":"cde5d59b1d6adf2ee56899a3a01bd9dabd111e92947a5775105a7480c91c49c3-1","properties":{"facility_id":"cde5d59b1d6adf2ee56899a3a01bd9dabd111e92947a5775105a7480c91c49c3","point_ordinal":1,"zone_group_id":"501101015108","source_manage_no":"501101029106","facility_name":"도련초등학교 병설유치원","sgg_code":"50110","facility_type_code":"1","api_first_registered_on":null,"api_last_modified_on":"2025-04-15","updated_at":"2026-07-25T01:27:52.347112+00:00"},"geometry":{"type":"Point","coordinates":[126.584310697,33.51406136]}},{"type":"Feature","id":"1b9691e837305471a3bbe43f664b918088b258c42d1ca32c4ca61eb4e0016e29-1","properties":{"facility_id":"1b9691e837305471a3bbe43f664b918088b258c42d1ca32c4ca61eb4e0016e29","point_ordinal":1,"zone_group_id":"501101015105","source_manage_no":"501101015105","facility_name":"도리초등학교","sgg_code":"50110","facility_type_code":"1","api_first_registered_on":null,"api_last_modified_on":"2025-04-14","updated_at":"2026-07-25T01:27:52.347112+00:00"},"geometry":{"type":"Point","coordinates":[126.465428983,33.501424129]}},{"type":"Feature","id":"e887dbbccc87a2e1d2df2fdc3f89d25afe4fcc73fc2d72a3aaa09de3853ee23a-1","properties":{"facility_id":"e887dbbccc87a2e1d2df2fdc3f89d25afe4fcc73fc2d72a3aaa09de3853ee23a","point_ordinal":1,"zone_group_id":"501101029044","source_manage_no":"501101029044","facility_name":"도리초등학교 병설유치원","sgg_code":"50110","facility_type_code":"1","api_first_registered_on":null,"api_last_modified_on":"2025-04-14","updated_at":"2026-07-25T01:27:52.347112+00:00"},"geometry":{"type":"Point","coordinates":[126.465110287,33.502183154]}},{"type":"Feature","id":"7f1595ac1b51e494997fcf88baf68cbaf41a517b06c299f95e6f7370e214d1c0-1","properties":{"facility_id":"7f1595ac1b51e494997fcf88baf68cbaf41a517b06c299f95e6f7370e214d1c0","point_ordinal":1,"zone_group_id":"501101015087","source_manage_no":"501101015087","facility_name":"도토리소풍 넥슨어린이집","sgg_code":"50110","facility_type_code":"1","api_first_registered_on":null,"api_last_modified_on":null,"updated_at":"2026-07-25T01:27:52.347112+00:00"},"geometry":{"type":"Point","coordinates":[126.486362574,33.473232057]}},{"type":"Feature","id":"c4135c9fd7e18a7346d3cc2f7b51579c3791c5eb6f3be2bd40d6bb4e6e0a1206-1","properties":{"facility_id":"c4135c9fd7e18a7346d3cc2f7b51579c3791c5eb6f3be2bd40d6bb4e6e0a1206","point_ordinal":1,"zone_group_id":"501101015109","source_manage_no":"501101015109","facility_name":"도평초등학교","sgg_code":"50110","facility_type_code":"1","api_first_registered_on":null,"api_last_modified_on":"2025-04-15","updated_at":"2026-07-25T01:27:52.347112+00:00"},"geometry":{"type":"Point","coordinates":[126.447601066,33.480990093]}},{"type":"Feature","id":"1db2e80225fe6850ce6066791260458ac31c3766c2c5c125c48e25be171bbba7-1","properties":{"facility_id":"1db2e80225fe6850ce6066791260458ac31c3766c2c5c125c48e25be171bbba7","point_ordinal":1,"zone_group_id":"501101029092","source_manage_no":"501101029092","facility_name":"도평초등학교 병설유치원","sgg_code":"50110","facility_type_code":"1","api_first_registered_on":null,"api_last_modified_on":"2025-04-15","updated_at":"2026-07-25T01:27:52.347112+00:00"},"geometry":{"type":"Point","coordinates":[126.447436009,33.48085539]}},{"type":"Feature","id":"3d9ea48ba52badd77bc650953031c981592a9ef78a69a9b2f6eccd044eddd8bb-1","properties":{"facility_id":"3d9ea48ba52badd77bc650953031c981592a9ef78a69a9b2f6eccd044eddd8bb","point_ordinal":1,"zone_group_id":"501101015224","source_manage_no":"501101015224","facility_name":"동광초등학교","sgg_code":"50110","facility_type_code":"1","api_first_registered_on":null,"api_last_modified_on":"2025-04-14","updated_at":"2026-07-25T01:27:52.347112+00:00"},"geometry":{"type":"Point","coordinates":[126.547832609,33.501994655]}},{"type":"Feature","id":"775cb87d28a9b2ea6bbeab236d6889c03a6c2d954946233465878f84f64d51a4-1","properties":{"facility_id":"775cb87d28a9b2ea6bbeab236d6889c03a6c2d954946233465878f84f64d51a4","point_ordinal":1,"zone_group_id":"501101029048","source_manage_no":"501101029048","facility_name":"동광초등학교 병설유치원","sgg_code":"50110","facility_type_code":"1","api_first_registered_on":null,"api_last_modified_on":"2025-04-14","updated_at":"2026-07-25T01:27:52.347112+00:00"},"geometry":{"type":"Point","coordinates":[126.547216897,33.501917618]}},{"type":"Feature","id":"403b9f5eaef79e2662e85b758260f0ac20aa29fdd723db96710d7d88ccc9f6f2-1","properties":{"facility_id":"403b9f5eaef79e2662e85b758260f0ac20aa29fdd723db96710d7d88ccc9f6f2","point_ordinal":1,"zone_group_id":"501101015270","source_manage_no":"501101015270","facility_name":"동남어린이집","sgg_code":"50110","facility_type_code":"1","api_first_registered_on":null,"api_last_modified_on":null,"updated_at":"2026-07-25T01:27:52.347112+00:00"},"geometry":{"type":"Point","coordinates":[126.251986969,33.401440698]}},{"type":"Feature","id":"4d5df520d1c61d2164f63bd812f920e9b0605f24aa8b23542509a59718a7943f-1","properties":{"facility_id":"4d5df520d1c61d2164f63bd812f920e9b0605f24aa8b23542509a59718a7943f","point_ordinal":1,"zone_group_id":"501101015219","source_manage_no":"501101015219","facility_name":"동원유치원","sgg_code":"50110","facility_type_code":"1","api_first_registered_on":null,"api_last_modified_on":"2025-04-15","updated_at":"2026-07-25T01:27:52.347112+00:00"},"geometry":{"type":"Point","coordinates":[126.551156882,33.498259168]}},{"type":"Feature","id":"496090e25821c6863cd5feb071dfac89f9b9ca8476bba8678cc585f0d06c20d6-1","properties":{"facility_id":"496090e25821c6863cd5feb071dfac89f9b9ca8476bba8678cc585f0d06c20d6","point_ordinal":1,"zone_group_id":"501101029080","source_manage_no":"501101029080","facility_name":"동화초등학교","sgg_code":"50110","facility_type_code":"1","api_first_registered_on":null,"api_last_modified_on":"2025-04-14","updated_at":"2026-07-25T01:27:52.347112+00:00"},"geometry":{"type":"Point","coordinates":[126.576376274,33.51892712]}},{"type":"Feature","id":"e3105a5ba0bb8fb955383675dee212bd4ad23e0dd0b5480a57530c4bf456a41b-1","properties":{"facility_id":"e3105a5ba0bb8fb955383675dee212bd4ad23e0dd0b5480a57530c4bf456a41b","point_ordinal":1,"zone_group_id":"501101029081","source_manage_no":"501101029081","facility_name":"동화초등학교 병설유치원","sgg_code":"50110","facility_type_code":"1","api_first_registered_on":null,"api_last_modified_on":"2025-04-14","updated_at":"2026-07-25T01:27:52.347112+00:00"},"geometry":{"type":"Point","coordinates":[126.575340909,33.518792345]}},{"type":"Feature","id":"7ade8f9eedc7219166c20c071aca6499ca0fa42cc62a60dcb128eb9f1e772666-1","properties":{"facility_id":"7ade8f9eedc7219166c20c071aca6499ca0fa42cc62a60dcb128eb9f1e772666","point_ordinal":1,"zone_group_id":"501101015144","source_manage_no":"501101015144","facility_name":"둥지어린이집","sgg_code":"50110","facility_type_code":"1","api_first_registered_on":null,"api_last_modified_on":null,"updated_at":"2026-07-25T01:27:52.347112+00:00"},"geometry":{"type":"Point","coordinates":[126.419350044,33.469599412]}},{"type":"Feature","id":"00be6a98f85a18afdc26165f24568facbea30c721a5a2748643f11abbdce1f7f-1","properties":{"facility_id":"00be6a98f85a18afdc26165f24568facbea30c721a5a2748643f11abbdce1f7f","point_ordinal":1,"zone_group_id":"501101015219","source_manage_no":"501101029098","facility_name":"딸기아트어린이집","sgg_code":"50110","facility_type_code":"1","api_first_registered_on":null,"api_last_modified_on":"2025-04-15","updated_at":"2026-07-25T01:27:52.347112+00:00"},"geometry":{"type":"Point","coordinates":[126.552312786,33.498164469]}},{"type":"Feature","id":"40577842eb77a3c4d9dc2e873a31f69beae84407544ce7ff35443eedba7563dd-1","properties":{"facility_id":"40577842eb77a3c4d9dc2e873a31f69beae84407544ce7ff35443eedba7563dd","point_ordinal":1,"zone_group_id":"501101015193","source_manage_no":"501101015193","facility_name":"레몬숲 어린이집","sgg_code":"50110","facility_type_code":"1","api_first_registered_on":null,"api_last_modified_on":null,"updated_at":"2026-07-25T01:27:52.347112+00:00"},"geometry":{"type":"Point","coordinates":[126.426502635,33.483866587]}},{"type":"Feature","id":"1370f8c31a1c43c67cff8bf4b125954667f8c0c2cf167c88da6b24aa68c93bbb-1","properties":{"facility_id":"1370f8c31a1c43c67cff8bf4b125954667f8c0c2cf167c88da6b24aa68c93bbb","point_ordinal":1,"zone_group_id":"501103015145","source_manage_no":"501103015145","facility_name":"마리아의 집","sgg_code":"50110","facility_type_code":"3","api_first_registered_on":null,"api_last_modified_on":null,"updated_at":"2026-07-25T01:27:52.347112+00:00"},"geometry":{"type":"Point","coordinates":[126.417037572,33.480744815]}},{"type":"Feature","id":"1752090ac6b8c98e2024671e3264f4e53893255ca440f2d3de46f67175d1243c-1","properties":{"facility_id":"1752090ac6b8c98e2024671e3264f4e53893255ca440f2d3de46f67175d1243c","point_ordinal":1,"zone_group_id":"501101015298","source_manage_no":"501101015298","facility_name":"마야유치원","sgg_code":"50110","facility_type_code":"1","api_first_registered_on":null,"api_last_modified_on":"2025-04-15","updated_at":"2026-07-25T01:27:52.347112+00:00"},"geometry":{"type":"Point","coordinates":[126.564592321,33.508219287]}},{"type":"Feature","id":"ec53020f6ef587daa453f53c6cfd4aaf01476816be8215d8d41aea3aeca28f74-1","properties":{"facility_id":"ec53020f6ef587daa453f53c6cfd4aaf01476816be8215d8d41aea3aeca28f74","point_ordinal":1,"zone_group_id":"501102026695","source_manage_no":"501102026695","facility_name":"명신마을 경로당","sgg_code":"50110","facility_type_code":"2","api_first_registered_on":null,"api_last_modified_on":null,"updated_at":"2026-07-25T01:27:52.347112+00:00"},"geometry":{"type":"Point","coordinates":[126.500917298,33.500031893]}},{"type":"Feature","id":"c1cefea208ff8ce392c758d77e8dbcec59e4f12dd9b0377774493a991d140d25-1","properties":{"facility_id":"c1cefea208ff8ce392c758d77e8dbcec59e4f12dd9b0377774493a991d140d25","point_ordinal":1,"zone_group_id":"501102015272","source_manage_no":"501102015272","facility_name":"명월리 경로당","sgg_code":"50110","facility_type_code":"2","api_first_registered_on":null,"api_last_modified_on":null,"updated_at":"2026-07-25T01:27:52.347112+00:00"},"geometry":{"type":"Point","coordinates":[126.267334799,33.384431018]}},{"type":"Feature","id":"51f920aa13c2006fbfbc4046ccc1340967bdc40b7cd1e736ff9f41852462f2b5-1","properties":{"facility_id":"51f920aa13c2006fbfbc4046ccc1340967bdc40b7cd1e736ff9f41852462f2b5","point_ordinal":1,"zone_group_id":"501102027419","source_manage_no":"501102027419","facility_name":"명월상동 경로당","sgg_code":"50110","facility_type_code":"2","api_first_registered_on":null,"api_last_modified_on":null,"updated_at":"2026-07-25T01:27:52.347112+00:00"},"geometry":{"type":"Point","coordinates":[126.283899653,33.373048859]}},{"type":"Feature","id":"fcf1ccc4a2a460e8b47a5c14ab2011040b5c7b9b38981f385dbedb47ace556bf-1","properties":{"facility_id":"fcf1ccc4a2a460e8b47a5c14ab2011040b5c7b9b38981f385dbedb47ace556bf","point_ordinal":1,"zone_group_id":"501101015237","source_manage_no":"501101015237","facility_name":"명지어린이집","sgg_code":"50110","facility_type_code":"1","api_first_registered_on":null,"api_last_modified_on":null,"updated_at":"2026-07-25T01:27:52.347112+00:00"},"geometry":{"type":"Point","coordinates":[126.639584243,33.532871221]}},{"type":"Feature","id":"5d9bb6b29e3b421474d24681cc67919c74733bb112127533f40cb25388a58484-1","properties":{"facility_id":"5d9bb6b29e3b421474d24681cc67919c74733bb112127533f40cb25388a58484","point_ordinal":1,"zone_group_id":"501101015178","source_manage_no":"501101015178","facility_name":"무궁화어린이집","sgg_code":"50110","facility_type_code":"1","api_first_registered_on":null,"api_last_modified_on":null,"updated_at":"2026-07-25T01:27:52.347112+00:00"},"geometry":{"type":"Point","coordinates":[126.565167345,33.473752277]}},{"type":"Feature","id":"d1637c662dcb8e4b8df584f81e3347cacfa09f3725065d4f708bdb6ebb2e8764-1","properties":{"facility_id":"d1637c662dcb8e4b8df584f81e3347cacfa09f3725065d4f708bdb6ebb2e8764","point_ordinal":1,"zone_group_id":"501101015146","source_manage_no":"501101015146","facility_name":"물메초등학교","sgg_code":"50110","facility_type_code":"1","api_first_registered_on":null,"api_last_modified_on":"2025-04-15","updated_at":"2026-07-25T01:27:52.347112+00:00"},"geometry":{"type":"Point","coordinates":[126.392896007,33.466407704]}},{"type":"Feature","id":"3bec3e6b4c68c87219060bbc43c0dbb8774090a1d733334fa9fa703327c4cf33-1","properties":{"facility_id":"3bec3e6b4c68c87219060bbc43c0dbb8774090a1d733334fa9fa703327c4cf33","point_ordinal":1,"zone_group_id":"501101029093","source_manage_no":"501101029093","facility_name":"물메초등학교 병설유치원","sgg_code":"50110","facility_type_code":"1","api_first_registered_on":null,"api_last_modified_on":"2025-04-15","updated_at":"2026-07-25T01:27:52.347112+00:00"},"geometry":{"type":"Point","coordinates":[126.391556457,33.466010961]}},{"type":"Feature","id":"f34fa0421946800b0bca5e3475133653ce9727bebc4bfb51a3a26921cf132c1c-1","properties":{"facility_id":"f34fa0421946800b0bca5e3475133653ce9727bebc4bfb51a3a26921cf132c1c","point_ordinal":1,"zone_group_id":"501103020368","source_manage_no":"501103020368","facility_name":"믿음의 집","sgg_code":"50110","facility_type_code":"3","api_first_registered_on":null,"api_last_modified_on":null,"updated_at":"2026-07-25T01:27:52.347112+00:00"},"geometry":{"type":"Point","coordinates":[126.271946312,33.377657238]}},{"type":"Feature","id":"bccfd9f28e85ddbedf518709b4ddb85f97abbfb11475dfb241340b73d42b2087-1","properties":{"facility_id":"bccfd9f28e85ddbedf518709b4ddb85f97abbfb11475dfb241340b73d42b2087","point_ordinal":1,"zone_group_id":"501101025442","source_manage_no":"501101025442","facility_name":"반석어린이집","sgg_code":"50110","facility_type_code":"1","api_first_registered_on":null,"api_last_modified_on":null,"updated_at":"2026-07-25T01:27:52.347112+00:00"},"geometry":{"type":"Point","coordinates":[126.592260156,33.512244209]}},{"type":"Feature","id":"6eb516529ea4d37c4e49b261f53b1f4147a8f94c2a6eaa41012744c211404549-1","properties":{"facility_id":"6eb516529ea4d37c4e49b261f53b1f4147a8f94c2a6eaa41012744c211404549","point_ordinal":1,"zone_group_id":"501101015091","source_manage_no":"501101015091","facility_name":"백록초등학교","sgg_code":"50110","facility_type_code":"1","api_first_registered_on":null,"api_last_modified_on":"2025-04-15","updated_at":"2026-07-25T01:27:52.347112+00:00"},"geometry":{"type":"Point","coordinates":[126.469737275,33.486704807]}},{"type":"Feature","id":"b67ba1addcb1f6adc4fbf403c3abfcf900bcfc8da3b4e7c177b83d8dfc8e0fe7-1","properties":{"facility_id":"b67ba1addcb1f6adc4fbf403c3abfcf900bcfc8da3b4e7c177b83d8dfc8e0fe7","point_ordinal":1,"zone_group_id":"501101029095","source_manage_no":"501101029095","facility_name":"백록초등학교 병설유치원","sgg_code":"50110","facility_type_code":"1","api_first_registered_on":null,"api_last_modified_on":"2025-04-15","updated_at":"2026-07-25T01:27:52.347112+00:00"},"geometry":{"type":"Point","coordinates":[126.470086484,33.487201333]}},{"type":"Feature","id":"573d8d95186f93862a0a9e82fe1a614dc6066251ceff0c7d8b35982414c651d4-1","properties":{"facility_id":"573d8d95186f93862a0a9e82fe1a614dc6066251ceff0c7d8b35982414c651d4","point_ordinal":1,"zone_group_id":"501101029155","source_manage_no":"501101029155","facility_name":"백룡어린이집","sgg_code":"50110","facility_type_code":"1","api_first_registered_on":null,"api_last_modified_on":"2025-04-15","updated_at":"2026-07-25T01:27:52.347112+00:00"},"geometry":{"type":"Point","coordinates":[126.494166507,33.476720508]}},{"type":"Feature","id":"425ae274741f605c6a39c6a196a35ef3f01e47fbdba9d0050d19043b0ca8e1c7-1","properties":{"facility_id":"425ae274741f605c6a39c6a196a35ef3f01e47fbdba9d0050d19043b0ca8e1c7","point_ordinal":1,"zone_group_id":"501101027192","source_manage_no":"501101027192","facility_name":"보물섬학교","sgg_code":"50110","facility_type_code":"1","api_first_registered_on":null,"api_last_modified_on":"2025-04-15","updated_at":"2026-07-25T01:27:52.347112+00:00"},"geometry":{"type":"Point","coordinates":[126.522042992,33.470307378]}},{"type":"Feature","id":"65aade7164d4e94496180fa9dda284897ee20dbbd77294d03266e98cba24cb01-1","properties":{"facility_id":"65aade7164d4e94496180fa9dda284897ee20dbbd77294d03266e98cba24cb01","point_ordinal":1,"zone_group_id":"501101029032","source_manage_no":"501101029032","facility_name":"봄소리어린이집","sgg_code":"50110","facility_type_code":"1","api_first_registered_on":null,"api_last_modified_on":"2025-04-11","updated_at":"2026-07-25T01:27:52.347112+00:00"},"geometry":{"type":"Point","coordinates":[126.586090545,33.523851847]}},{"type":"Feature","id":"fad4fb37ebd0bbe4e549f3a10e0ed64900b2e0896a4b9a360b0e6b6afd8da3c2-1","properties":{"facility_id":"fad4fb37ebd0bbe4e549f3a10e0ed64900b2e0896a4b9a360b0e6b6afd8da3c2","point_ordinal":1,"zone_group_id":"501101015112","source_manage_no":"501101015112","facility_name":"봉개초등학교","sgg_code":"50110","facility_type_code":"1","api_first_registered_on":null,"api_last_modified_on":"2025-04-14","updated_at":"2026-07-25T01:27:52.347112+00:00"},"geometry":{"type":"Point","coordinates":[126.593735804,33.490776308]}},{"type":"Feature","id":"f6788dec25a0b9819619c3c6718e8d1062f47212ee343fc2cc9f5c2f44d47042-1","properties":{"facility_id":"f6788dec25a0b9819619c3c6718e8d1062f47212ee343fc2cc9f5c2f44d47042","point_ordinal":1,"zone_group_id":"501101029066","source_manage_no":"501101029066","facility_name":"봉개초등학교 병설유치원","sgg_code":"50110","facility_type_code":"1","api_first_registered_on":null,"api_last_modified_on":"2025-04-14","updated_at":"2026-07-25T01:27:52.347112+00:00"},"geometry":{"type":"Point","coordinates":[126.594199972,33.490441301]}},{"type":"Feature","id":"0ae7ebe7c3361de25761cff94ab6e0ba36c368826870127efa9bc0e83bffdc75-1","properties":{"facility_id":"0ae7ebe7c3361de25761cff94ab6e0ba36c368826870127efa9bc0e83bffdc75","point_ordinal":1,"zone_group_id":"501101029031","source_manage_no":"501101029031","facility_name":"부라보어린이집","sgg_code":"50110","facility_type_code":"1","api_first_registered_on":null,"api_last_modified_on":"2025-04-11","updated_at":"2026-07-25T01:27:52.347112+00:00"},"geometry":{"type":"Point","coordinates":[126.589240365,33.518473066]}},{"type":"Feature","id":"735782d94f6f775c8bd1da9fcc62a341c17a9a336de534c47bca07c99fd03194-1","properties":{"facility_id":"735782d94f6f775c8bd1da9fcc62a341c17a9a336de534c47bca07c99fd03194","point_ordinal":1,"zone_group_id":"501102028695","source_manage_no":"501102028695","facility_name":"북촌리 경로당","sgg_code":"50110","facility_type_code":"2","api_first_registered_on":null,"api_last_modified_on":"2025-03-24","updated_at":"2026-07-25T01:27:52.347112+00:00"},"geometry":{"type":"Point","coordinates":[126.693372689,33.549701541]}},{"type":"Feature","id":"4117bfcac1f0243aefd850cd5a3557bba24c81dd200582a2d7df0f0d48662ef7-1","properties":{"facility_id":"4117bfcac1f0243aefd850cd5a3557bba24c81dd200582a2d7df0f0d48662ef7","point_ordinal":1,"zone_group_id":"501101019795","source_manage_no":"501101019795","facility_name":"북촌초등학교","sgg_code":"50110","facility_type_code":"1","api_first_registered_on":null,"api_last_modified_on":"2025-04-14","updated_at":"2026-07-25T01:27:52.347112+00:00"},"geometry":{"type":"Point","coordinates":[126.692463031,33.547389392]}},{"type":"Feature","id":"03d15ac3bc6716548ffbd7ac2d2f8055ca9cfa64b43d3a44e52ae766ea669d4d-1","properties":{"facility_id":"03d15ac3bc6716548ffbd7ac2d2f8055ca9cfa64b43d3a44e52ae766ea669d4d","point_ordinal":1,"zone_group_id":"501101029083","source_manage_no":"501101029083","facility_name":"북촌초등학교 병설유치원","sgg_code":"50110","facility_type_code":"1","api_first_registered_on":null,"api_last_modified_on":"2025-04-14","updated_at":"2026-07-25T01:27:52.347112+00:00"},"geometry":{"type":"Point","coordinates":[126.69183234,33.54800298]}},{"type":"Feature","id":"852917179ea47ed1a22caf8dc2834a9ff487eb7cf3df126c59ea73b39cb06d3b-1","properties":{"facility_id":"852917179ea47ed1a22caf8dc2834a9ff487eb7cf3df126c59ea73b39cb06d3b","point_ordinal":1,"zone_group_id":"501103015299","source_manage_no":"501103015299","facility_name":"사랑의 집","sgg_code":"50110","facility_type_code":"3","api_first_registered_on":null,"api_last_modified_on":null,"updated_at":"2026-07-25T01:27:52.347112+00:00"},"geometry":{"type":"Point","coordinates":[126.55871985,33.487773431]}},{"type":"Feature","id":"6b8b52939dfcc94dad44ec5f252aa621e84e3d8c80e4936ad2b83ab62d8247b8-1","properties":{"facility_id":"6b8b52939dfcc94dad44ec5f252aa621e84e3d8c80e4936ad2b83ab62d8247b8","point_ordinal":1,"zone_group_id":"501102015256","source_manage_no":"501102015256","facility_name":"산양리 복지회관","sgg_code":"50110","facility_type_code":"2","api_first_registered_on":null,"api_last_modified_on":null,"updated_at":"2026-07-25T01:27:52.347112+00:00"},"geometry":{"type":"Point","coordinates":[126.23338314,33.293953182]}},{"type":"Feature","id":"129f641b871a10968abffce41b9fca0de99a2008788c7e82bf65a8b6d3cdcb67-1","properties":{"facility_id":"129f641b871a10968abffce41b9fca0de99a2008788c7e82bf65a8b6d3cdcb67","point_ordinal":1,"zone_group_id":"501101015115","source_manage_no":"501101015115","facility_name":"삼도어린이집","sgg_code":"50110","facility_type_code":"1","api_first_registered_on":null,"api_last_modified_on":null,"updated_at":"2026-07-25T01:27:52.347112+00:00"},"geometry":{"type":"Point","coordinates":[126.52402887,33.506878177]}},{"type":"Feature","id":"28a5bc45c37778c7c54b441b963c6ce4304c0b98df17b58f53bb1f8c5034655f-1","properties":{"facility_id":"28a5bc45c37778c7c54b441b963c6ce4304c0b98df17b58f53bb1f8c5034655f","point_ordinal":1,"zone_group_id":"501101015211","source_manage_no":"501101015211","facility_name":"삼성초등학교","sgg_code":"50110","facility_type_code":"1","api_first_registered_on":null,"api_last_modified_on":"2025-04-14","updated_at":"2026-07-25T01:27:52.347112+00:00"},"geometry":{"type":"Point","coordinates":[126.525996464,33.503267971]}},{"type":"Feature","id":"655258c7e3d87981025c290bfdd1297ffb57b28dc1ad050cc0ee81ef7ecff5b1-1","properties":{"facility_id":"655258c7e3d87981025c290bfdd1297ffb57b28dc1ad050cc0ee81ef7ecff5b1","point_ordinal":1,"zone_group_id":"501101029057","source_manage_no":"501101029057","facility_name":"삼성초등학교 병설유치원","sgg_code":"50110","facility_type_code":"1","api_first_registered_on":null,"api_last_modified_on":"2025-04-14","updated_at":"2026-07-25T01:27:52.347112+00:00"},"geometry":{"type":"Point","coordinates":[126.52571665,33.503327061]}},{"type":"Feature","id":"b364cdddad7ebfe0fe70fead27e15e6c2272da3b388e3cb8d10e3653b0335480-1","properties":{"facility_id":"b364cdddad7ebfe0fe70fead27e15e6c2272da3b388e3cb8d10e3653b0335480","point_ordinal":1,"zone_group_id":"501101015124","source_manage_no":"501101015124","facility_name":"삼양초등학교","sgg_code":"50110","facility_type_code":"1","api_first_registered_on":null,"api_last_modified_on":"2025-04-11","updated_at":"2026-07-25T01:27:52.347112+00:00"},"geometry":{"type":"Point","coordinates":[126.585404781,33.520406276]}},{"type":"Feature","id":"a13f708dcd5e769072c176c1fc91906c9b57c114130a57b918e559c66d6e2b56-1","properties":{"facility_id":"a13f708dcd5e769072c176c1fc91906c9b57c114130a57b918e559c66d6e2b56","point_ordinal":1,"zone_group_id":"501101029030","source_manage_no":"501101029030","facility_name":"삼양초등학교 병설유치원","sgg_code":"50110","facility_type_code":"1","api_first_registered_on":null,"api_last_modified_on":"2025-04-11","updated_at":"2026-07-25T01:27:52.347112+00:00"},"geometry":{"type":"Point","coordinates":[126.585497274,33.520723594]}},{"type":"Feature","id":"3768681cd66178dda13b4e6337ee1a2650cd8ff2fa69496ad0351de1d54498b2-1","properties":{"facility_id":"3768681cd66178dda13b4e6337ee1a2650cd8ff2fa69496ad0351de1d54498b2","point_ordinal":1,"zone_group_id":"501101015120","source_manage_no":"501101015120","facility_name":"삼화어린이집","sgg_code":"50110","facility_type_code":"1","api_first_registered_on":null,"api_last_modified_on":null,"updated_at":"2026-07-25T01:27:52.347112+00:00"},"geometry":{"type":"Point","coordinates":[126.593261037,33.529077347]}},{"type":"Feature","id":"a9215afa97bdf2ba2e7d9ab338076b19549fee36f0859cba97c48402ce6f32b2-1","properties":{"facility_id":"a9215afa97bdf2ba2e7d9ab338076b19549fee36f0859cba97c48402ce6f32b2","point_ordinal":1,"zone_group_id":"501101015291","source_manage_no":"501101015291","facility_name":"삼화초등학교","sgg_code":"50110","facility_type_code":"1","api_first_registered_on":null,"api_last_modified_on":"2025-04-14","updated_at":"2026-07-25T01:27:52.347112+00:00"},"geometry":{"type":"Point","coordinates":[126.576439083,33.514964324]}},{"type":"Feature","id":"5d077fd256950dab099ca7a137918b99ad79cefed4bc3204c8de512453176ffe-1","properties":{"facility_id":"5d077fd256950dab099ca7a137918b99ad79cefed4bc3204c8de512453176ffe","point_ordinal":1,"zone_group_id":"501101029079","source_manage_no":"501101029079","facility_name":"삼화초등학교 병설유치원","sgg_code":"50110","facility_type_code":"1","api_first_registered_on":null,"api_last_modified_on":"2025-04-14","updated_at":"2026-07-25T01:27:52.347112+00:00"},"geometry":{"type":"Point","coordinates":[126.576725787,33.515275492]}},{"type":"Feature","id":"9b57a3b4c1a0b7a9a4bf2a3c7bd3ae38430c41ab626eff1c10d1ca7116079924-1","properties":{"facility_id":"9b57a3b4c1a0b7a9a4bf2a3c7bd3ae38430c41ab626eff1c10d1ca7116079924","point_ordinal":1,"zone_group_id":"501102025799","source_manage_no":"501102025799","facility_name":"상가리 경로당","sgg_code":"50110","facility_type_code":"2","api_first_registered_on":null,"api_last_modified_on":null,"updated_at":"2026-07-25T01:27:52.347112+00:00"},"geometry":{"type":"Point","coordinates":[126.345258313,33.449598621]}},{"type":"Feature","id":"32b62186f87557eb69715f0b95dcd4b4b837f53f91fa1584c11de382232238f4-1","properties":{"facility_id":"32b62186f87557eb69715f0b95dcd4b4b837f53f91fa1584c11de382232238f4","point_ordinal":1,"zone_group_id":"501102015148","source_manage_no":"501102015148","facility_name":"상귀리경로당","sgg_code":"50110","facility_type_code":"2","api_first_registered_on":null,"api_last_modified_on":null,"updated_at":"2026-07-25T01:27:52.347112+00:00"},"geometry":{"type":"Point","coordinates":[126.408565411,33.473166649]}},{"type":"Feature","id":"2793a21c810ae3e535bbf56efc4518b3db9b730f812583ad5a168569ddcdda6d-1","properties":{"facility_id":"2793a21c810ae3e535bbf56efc4518b3db9b730f812583ad5a168569ddcdda6d","point_ordinal":1,"zone_group_id":"501102015273","source_manage_no":"501102015273","facility_name":"상대리경로당","sgg_code":"50110","facility_type_code":"2","api_first_registered_on":null,"api_last_modified_on":null,"updated_at":"2026-07-25T01:27:52.347112+00:00"},"geometry":{"type":"Point","coordinates":[126.293908827,33.407907058]}},{"type":"Feature","id":"b04b2c4a7abd04dd13aa47338648285013835e84f5f0083108916b22b90ea4d7-1","properties":{"facility_id":"b04b2c4a7abd04dd13aa47338648285013835e84f5f0083108916b22b90ea4d7","point_ordinal":1,"zone_group_id":"501102015061","source_manage_no":"501102015061","facility_name":"상한동 복지회관","sgg_code":"50110","facility_type_code":"2","api_first_registered_on":null,"api_last_modified_on":null,"updated_at":"2026-07-25T01:27:52.347112+00:00"},"geometry":{"type":"Point","coordinates":[126.82340755,33.534742539]}},{"type":"Feature","id":"5f52d22f2df4600febed919da40f286ce50e780507c604590f0cc11c0290bfcf-1","properties":{"facility_id":"5f52d22f2df4600febed919da40f286ce50e780507c604590f0cc11c0290bfcf","point_ordinal":1,"zone_group_id":"501101015189","source_manage_no":"501101015189","facility_name":"선덕어린이집","sgg_code":"50110","facility_type_code":"1","api_first_registered_on":null,"api_last_modified_on":null,"updated_at":"2026-07-25T01:27:52.347112+00:00"},"geometry":{"type":"Point","coordinates":[126.51140367,33.476257316]}},{"type":"Feature","id":"e84c7ddca936a7664e0078e9c031e384ed96052851c7767d64348f3b08c0216f-1","properties":{"facility_id":"e84c7ddca936a7664e0078e9c031e384ed96052851c7767d64348f3b08c0216f","point_ordinal":1,"zone_group_id":"501103015274","source_manage_no":"501103015274","facility_name":"선도원 벧엘","sgg_code":"50110","facility_type_code":"3","api_first_registered_on":null,"api_last_modified_on":null,"updated_at":"2026-07-25T01:27:52.347112+00:00"},"geometry":{"type":"Point","coordinates":[126.280809726,33.368717714]}},{"type":"Feature","id":"01d148d0143bad9476cef2407fc7ee00306795c73f346a5c35243e1ba018fddd-1","properties":{"facility_id":"01d148d0143bad9476cef2407fc7ee00306795c73f346a5c35243e1ba018fddd","point_ordinal":1,"zone_group_id":"501101015067","source_manage_no":"501101015067","facility_name":"선유어린이집","sgg_code":"50110","facility_type_code":"1","api_first_registered_on":null,"api_last_modified_on":null,"updated_at":"2026-07-25T01:27:52.347112+00:00"},"geometry":{"type":"Point","coordinates":[126.735051241,33.555504741]}},{"type":"Feature","id":"0f315d7dc816c2d028d3902005edcfa45d7c2fb6ccd767877f6ce9181a9f2b96-1","properties":{"facility_id":"0f315d7dc816c2d028d3902005edcfa45d7c2fb6ccd767877f6ce9181a9f2b96","point_ordinal":1,"zone_group_id":"501102025794","source_manage_no":"501102025794","facility_name":"선흘1리경로당","sgg_code":"50110","facility_type_code":"2","api_first_registered_on":null,"api_last_modified_on":null,"updated_at":"2026-07-25T01:27:52.347112+00:00"},"geometry":{"type":"Point","coordinates":[126.705122401,33.511392855]}},{"type":"Feature","id":"39d6ddec5907f83461c5458ded17e25be19eb64254bb1b80fe94ecafea5385af-1","properties":{"facility_id":"39d6ddec5907f83461c5458ded17e25be19eb64254bb1b80fe94ecafea5385af","point_ordinal":1,"zone_group_id":"501102015275","source_manage_no":"501102015275","facility_name":"성이시돌요양원","sgg_code":"50110","facility_type_code":"2","api_first_registered_on":null,"api_last_modified_on":null,"updated_at":"2026-07-25T01:27:52.347112+00:00"},"geometry":{"type":"Point","coordinates":[126.321839572,33.344672164]}},{"type":"Feature","id":"6c49140f4a295d04f73e451fdf9ff04b47450e4053fff81a6eafc8fb7a865bd0-1","properties":{"facility_id":"6c49140f4a295d04f73e451fdf9ff04b47450e4053fff81a6eafc8fb7a865bd0","point_ordinal":1,"zone_group_id":"501101015194","source_manage_no":"501101015194","facility_name":"성지어린이집","sgg_code":"50110","facility_type_code":"1","api_first_registered_on":null,"api_last_modified_on":null,"updated_at":"2026-07-25T01:27:52.347112+00:00"},"geometry":{"type":"Point","coordinates":[126.432909912,33.49150695]}},{"type":"Feature","id":"c54e63faa3a4a48ceb788b3c8ecaa5f85a677262eea17aa6f80518d65bec17ef-1","properties":{"facility_id":"c54e63faa3a4a48ceb788b3c8ecaa5f85a677262eea17aa6f80518d65bec17ef","point_ordinal":1,"zone_group_id":"501102015195","source_manage_no":"501102015195","facility_name":"성지요양원","sgg_code":"50110","facility_type_code":"2","api_first_registered_on":null,"api_last_modified_on":null,"updated_at":"2026-07-25T01:27:52.347112+00:00"},"geometry":{"type":"Point","coordinates":[126.438326475,33.482507361]}},{"type":"Feature","id":"37f2bb4c3ca0a3d0541686b67283b46f1c1fe277e32dd295a7c09fc76743780e-1","properties":{"facility_id":"37f2bb4c3ca0a3d0541686b67283b46f1c1fe277e32dd295a7c09fc76743780e","point_ordinal":1,"zone_group_id":"501102015068","source_manage_no":"501102015068","facility_name":"세화 요양원","sgg_code":"50110","facility_type_code":"2","api_first_registered_on":null,"api_last_modified_on":null,"updated_at":"2026-07-25T01:27:52.347112+00:00"},"geometry":{"type":"Point","coordinates":[126.852267439,33.522233638]}},{"type":"Feature","id":"323437e2c34b164e59cccb9e51e5d494437f00f907b9a40ce5f1d67cecc486f1-1","properties":{"facility_id":"323437e2c34b164e59cccb9e51e5d494437f00f907b9a40ce5f1d67cecc486f1","point_ordinal":1,"zone_group_id":"501101029068","source_manage_no":"501101029068","facility_name":"세화어린이집","sgg_code":"50110","facility_type_code":"1","api_first_registered_on":null,"api_last_modified_on":"2025-04-14","updated_at":"2026-07-25T01:27:52.347112+00:00"},"geometry":{"type":"Point","coordinates":[126.856972367,33.519678108]}},{"type":"Feature","id":"860b87e9dfe1dbb66784ba28daccb68fb91fdeb85bbfa91085402847a6f61cbc-1","properties":{"facility_id":"860b87e9dfe1dbb66784ba28daccb68fb91fdeb85bbfa91085402847a6f61cbc","point_ordinal":1,"zone_group_id":"501101015069","source_manage_no":"501101015069","facility_name":"세화초등학교","sgg_code":"50110","facility_type_code":"1","api_first_registered_on":null,"api_last_modified_on":"2025-04-14","updated_at":"2026-07-25T01:27:52.347112+00:00"},"geometry":{"type":"Point","coordinates":[126.858125713,33.522201]}},{"type":"Feature","id":"5595dda3ad823dd0b00584ec53034f6f9ada534dc5e31f286803e6af7d3b6d52-1","properties":{"facility_id":"5595dda3ad823dd0b00584ec53034f6f9ada534dc5e31f286803e6af7d3b6d52","point_ordinal":1,"zone_group_id":"501101029067","source_manage_no":"501101029067","facility_name":"세화초등학교 병설유치원","sgg_code":"50110","facility_type_code":"1","api_first_registered_on":null,"api_last_modified_on":"2025-04-14","updated_at":"2026-07-25T01:27:52.347112+00:00"},"geometry":{"type":"Point","coordinates":[126.858868777,33.522896997]}},{"type":"Feature","id":"ee06688d18f27494ef2e37947ad8a74f50802d30971390bedf4744fc68255c33-1","properties":{"facility_id":"ee06688d18f27494ef2e37947ad8a74f50802d30971390bedf4744fc68255c33","point_ordinal":1,"zone_group_id":"501102026192","source_manage_no":"501102026192","facility_name":"소길리 경로당","sgg_code":"50110","facility_type_code":"2","api_first_registered_on":null,"api_last_modified_on":null,"updated_at":"2026-07-25T01:27:52.347112+00:00"},"geometry":{"type":"Point","coordinates":[126.379827702,33.438118568]}},{"type":"Feature","id":"96707bfda1712a9671ae97872d0db310ca9ec73f0edb5814b73746db27b3bf11-1","properties":{"facility_id":"96707bfda1712a9671ae97872d0db310ca9ec73f0edb5814b73746db27b3bf11","point_ordinal":1,"zone_group_id":"501101015071","source_manage_no":"501101015071","facility_name":"송당초등학교","sgg_code":"50110","facility_type_code":"1","api_first_registered_on":null,"api_last_modified_on":"2025-04-14","updated_at":"2026-07-25T01:27:52.347112+00:00"},"geometry":{"type":"Point","coordinates":[126.779955218,33.471803893]}},{"type":"Feature","id":"72d2bea83f08e5758437699d6f8b786b7166b8153fffafa0176b4bb6b844e33d-1","properties":{"facility_id":"72d2bea83f08e5758437699d6f8b786b7166b8153fffafa0176b4bb6b844e33d","point_ordinal":1,"zone_group_id":"501101029084","source_manage_no":"501101029084","facility_name":"송당초등학교 병설유치원","sgg_code":"50110","facility_type_code":"1","api_first_registered_on":null,"api_last_modified_on":"2025-04-14","updated_at":"2026-07-25T01:27:52.347112+00:00"},"geometry":{"type":"Point","coordinates":[126.780792748,33.471254106]}},{"type":"Feature","id":"c623f4c16aa7aa605f3f30f8e63e701e472ddbc4ccd933d11670a9d5b40ab5f1-1","properties":{"facility_id":"c623f4c16aa7aa605f3f30f8e63e701e472ddbc4ccd933d11670a9d5b40ab5f1","point_ordinal":1,"zone_group_id":"501103015149","source_manage_no":"501103015149","facility_name":"송죽원&송향원","sgg_code":"50110","facility_type_code":"3","api_first_registered_on":null,"api_last_modified_on":null,"updated_at":"2026-07-25T01:27:52.347112+00:00"},"geometry":{"type":"Point","coordinates":[126.396146619,33.417932116]}},{"type":"Feature","id":"961adaebf7ae1b0d058e81568407b93b7688ca75a82b41e6020dc9250c30342a-1","properties":{"facility_id":"961adaebf7ae1b0d058e81568407b93b7688ca75a82b41e6020dc9250c30342a","point_ordinal":1,"zone_group_id":"501102022237","source_manage_no":"501102022237","facility_name":"수동마을회관","sgg_code":"50110","facility_type_code":"2","api_first_registered_on":null,"api_last_modified_on":null,"updated_at":"2026-07-25T01:27:52.347112+00:00"},"geometry":{"type":"Point","coordinates":[126.236342819,33.337216462]}},{"type":"Feature","id":"2c2c9008df5ba3c59b7aa3118a45f5fe4eec88c92a5a6f2f5ff6665abfc8953c-1","properties":{"facility_id":"2c2c9008df5ba3c59b7aa3118a45f5fe4eec88c92a5a6f2f5ff6665abfc8953c","point_ordinal":1,"zone_group_id":"501102025800","source_manage_no":"501102025800","facility_name":"수원리경로당","sgg_code":"50110","facility_type_code":"2","api_first_registered_on":null,"api_last_modified_on":null,"updated_at":"2026-07-25T01:27:52.347112+00:00"},"geometry":{"type":"Point","coordinates":[126.270682526,33.427367724]}},{"type":"Feature","id":"be1cb026c7352de99e3c4cebd742705d2ac5448839396ff1853a4fc7885b7a1e-1","properties":{"facility_id":"be1cb026c7352de99e3c4cebd742705d2ac5448839396ff1853a4fc7885b7a1e","point_ordinal":1,"zone_group_id":"501101015276","source_manage_no":"501101015276","facility_name":"수원초등학교","sgg_code":"50110","facility_type_code":"1","api_first_registered_on":null,"api_last_modified_on":"2025-04-14","updated_at":"2026-07-25T01:27:52.347112+00:00"},"geometry":{"type":"Point","coordinates":[126.269844086,33.42607844]}},{"type":"Feature","id":"1cb259a983c6e008866cdc140532b089da5c00db91dd4f2de6dc71d05395654f-1","properties":{"facility_id":"1cb259a983c6e008866cdc140532b089da5c00db91dd4f2de6dc71d05395654f","point_ordinal":1,"zone_group_id":"501101029075","source_manage_no":"501101029075","facility_name":"수원초등학교 병설유치원","sgg_code":"50110","facility_type_code":"1","api_first_registered_on":null,"api_last_modified_on":"2025-04-14","updated_at":"2026-07-25T01:27:52.347112+00:00"},"geometry":{"type":"Point","coordinates":[126.270177966,33.425893234]}},{"type":"Feature","id":"2cd10f41548c6ad66ef63aace984c3b0a051fd73165285ef343d99193f8e0920-1","properties":{"facility_id":"2cd10f41548c6ad66ef63aace984c3b0a051fd73165285ef343d99193f8e0920","point_ordinal":1,"zone_group_id":"501103026189","source_manage_no":"501103026189","facility_name":"승담단기거주시설","sgg_code":"50110","facility_type_code":"3","api_first_registered_on":null,"api_last_modified_on":null,"updated_at":"2026-07-25T01:27:52.347112+00:00"},"geometry":{"type":"Point","coordinates":[126.26968562,33.381696813]}},{"type":"Feature","id":"f67354e2fc9e54d08e70a3e2f8f6185fce7de369c5d7e4f1ce49edf4b40df609-1","properties":{"facility_id":"f67354e2fc9e54d08e70a3e2f8f6185fce7de369c5d7e4f1ce49edf4b40df609","point_ordinal":1,"zone_group_id":"501101015110","source_manage_no":"501101015110","facility_name":"신광어린이집","sgg_code":"50110","facility_type_code":"1","api_first_registered_on":null,"api_last_modified_on":null,"updated_at":"2026-07-25T01:27:52.347112+00:00"},"geometry":{"type":"Point","coordinates":[126.450723676,33.49069404]}},{"type":"Feature","id":"df7a738072767d90b2136c945f3757301b2a3206d9f0df8a4ee94925658ea411-1","properties":{"facility_id":"df7a738072767d90b2136c945f3757301b2a3206d9f0df8a4ee94925658ea411","point_ordinal":1,"zone_group_id":"501101015168","source_manage_no":"501101015168","facility_name":"신광초등학교","sgg_code":"50110","facility_type_code":"1","api_first_registered_on":null,"api_last_modified_on":"2025-04-14","updated_at":"2026-07-25T01:27:52.347112+00:00"},"geometry":{"type":"Point","coordinates":[126.484569346,33.492256737]}},{"type":"Feature","id":"9b4705de4fe78bdb8a65f07dce09cd8a5d293d72e0db288b87140a24b83df742-1","properties":{"facility_id":"9b4705de4fe78bdb8a65f07dce09cd8a5d293d72e0db288b87140a24b83df742","point_ordinal":1,"zone_group_id":"501101029050","source_manage_no":"501101029050","facility_name":"신광초등학교 병설유치원","sgg_code":"50110","facility_type_code":"1","api_first_registered_on":null,"api_last_modified_on":"2025-04-14","updated_at":"2026-07-25T01:27:52.347112+00:00"},"geometry":{"type":"Point","coordinates":[126.484871827,33.491710893]}},{"type":"Feature","id":"4dab8f41a38d95e91e5b6d756caa70fb7576dee603ca212edeae14fec84f7821-1","properties":{"facility_id":"4dab8f41a38d95e91e5b6d756caa70fb7576dee603ca212edeae14fec84f7821","point_ordinal":1,"zone_group_id":"501102024956","source_manage_no":"501102024956","facility_name":"신엄리경로당","sgg_code":"50110","facility_type_code":"2","api_first_registered_on":null,"api_last_modified_on":null,"updated_at":"2026-07-25T01:27:52.347112+00:00"},"geometry":{"type":"Point","coordinates":[126.367540584,33.474057026]}},{"type":"Feature","id":"83ec0aa3e735c1e7baa7a559cabc6183210fba29b7ff72f6fb8e868c31a4875e-1","properties":{"facility_id":"83ec0aa3e735c1e7baa7a559cabc6183210fba29b7ff72f6fb8e868c31a4875e","point_ordinal":1,"zone_group_id":"501101015169","source_manage_no":"501101015169","facility_name":"신제주초등학교","sgg_code":"50110","facility_type_code":"1","api_first_registered_on":null,"api_last_modified_on":"2025-04-14","updated_at":"2026-07-25T01:27:52.347112+00:00"},"geometry":{"type":"Point","coordinates":[126.497371726,33.483540287]}},{"type":"Feature","id":"ea5da1abf612416f4a5dddfdcf37a1637ceb5142272b419fc621ae170d8da1a1-1","properties":{"facility_id":"ea5da1abf612416f4a5dddfdcf37a1637ceb5142272b419fc621ae170d8da1a1","point_ordinal":1,"zone_group_id":"501101029034","source_manage_no":"501101029034","facility_name":"신제주초등학교 병설유치원","sgg_code":"50110","facility_type_code":"1","api_first_registered_on":null,"api_last_modified_on":"2025-04-14","updated_at":"2026-07-25T01:27:52.347112+00:00"},"geometry":{"type":"Point","coordinates":[126.497813048,33.483456465]}},{"type":"Feature","id":"2dcab73057a8e505dfca00c7191a81928bf222cfae63075095e55182973d64c8-1","properties":{"facility_id":"2dcab73057a8e505dfca00c7191a81928bf222cfae63075095e55182973d64c8","point_ordinal":1,"zone_group_id":"501102015258","source_manage_no":"501102015258","facility_name":"신창상동경로당","sgg_code":"50110","facility_type_code":"2","api_first_registered_on":null,"api_last_modified_on":null,"updated_at":"2026-07-25T01:27:52.347112+00:00"},"geometry":{"type":"Point","coordinates":[126.187029282,33.34854187]}},{"type":"Feature","id":"ee3f2bb202978903487876dfe8b0698f81ee6053b38f9a4975c19fd7ffb8a4f8-1","properties":{"facility_id":"ee3f2bb202978903487876dfe8b0698f81ee6053b38f9a4975c19fd7ffb8a4f8","point_ordinal":1,"zone_group_id":"501101015257","source_manage_no":"501101015257","facility_name":"신창성이시돌어린이집","sgg_code":"50110","facility_type_code":"1","api_first_registered_on":null,"api_last_modified_on":null,"updated_at":"2026-07-25T01:27:52.347112+00:00"},"geometry":{"type":"Point","coordinates":[126.18275443,33.345547403]}},{"type":"Feature","id":"2bafcd3909f4dbc4fc60f06028cd9f2606884978187a5da8932369091c9d50b2-1","properties":{"facility_id":"2bafcd3909f4dbc4fc60f06028cd9f2606884978187a5da8932369091c9d50b2","point_ordinal":1,"zone_group_id":"501101015259","source_manage_no":"501101015259","facility_name":"신창초등학교","sgg_code":"50110","facility_type_code":"1","api_first_registered_on":null,"api_last_modified_on":"2025-04-14","updated_at":"2026-07-25T01:27:52.347112+00:00"},"geometry":{"type":"Point","coordinates":[126.182771513,33.349407684]}},{"type":"Feature","id":"dfcae77bb52d62fc45c74751d84271c5c1190df098fe5b9bddd8d6775fc2d9b2-1","properties":{"facility_id":"dfcae77bb52d62fc45c74751d84271c5c1190df098fe5b9bddd8d6775fc2d9b2","point_ordinal":1,"zone_group_id":"501101029064","source_manage_no":"501101029064","facility_name":"신창초등학교 병설유치원","sgg_code":"50110","facility_type_code":"1","api_first_registered_on":null,"api_last_modified_on":"2025-04-14","updated_at":"2026-07-25T01:27:52.347112+00:00"},"geometry":{"type":"Point","coordinates":[126.183677706,33.349375329]}},{"type":"Feature","id":"72de20dea1c079f149e45cb9c8f19ea41226c801fd8f41838a884fdd432c0911-1","properties":{"facility_id":"72de20dea1c079f149e45cb9c8f19ea41226c801fd8f41838a884fdd432c0911","point_ordinal":1,"zone_group_id":"501101015240","source_manage_no":"501101015240","facility_name":"신촌초등학교","sgg_code":"50110","facility_type_code":"1","api_first_registered_on":null,"api_last_modified_on":"2025-04-14","updated_at":"2026-07-25T01:27:52.347112+00:00"},"geometry":{"type":"Point","coordinates":[126.619440784,33.533306854]}},{"type":"Feature","id":"c66c472802c38f369109f02d7c2af17c791daf68eee382138a165328253f2ea2-1","properties":{"facility_id":"c66c472802c38f369109f02d7c2af17c791daf68eee382138a165328253f2ea2","point_ordinal":1,"zone_group_id":"501101029070","source_manage_no":"501101029070","facility_name":"신촌초등학교 병설유치원","sgg_code":"50110","facility_type_code":"1","api_first_registered_on":null,"api_last_modified_on":"2025-04-14","updated_at":"2026-07-25T01:27:52.347112+00:00"},"geometry":{"type":"Point","coordinates":[126.619038092,33.534261527]}},{"type":"Feature","id":"084b4f82ea8d7e39bd3cedbb5c17dd659b0a65a5bd7d12b0712f1772587539b4-1","properties":{"facility_id":"084b4f82ea8d7e39bd3cedbb5c17dd659b0a65a5bd7d12b0712f1772587539b4","point_ordinal":1,"zone_group_id":"501102015233","source_manage_no":"501102015233","facility_name":"신흥리 경로당","sgg_code":"50110","facility_type_code":"2","api_first_registered_on":null,"api_last_modified_on":null,"updated_at":"2026-07-25T01:27:52.347112+00:00"},"geometry":{"type":"Point","coordinates":[126.652090716,33.546901176]}},{"type":"Feature","id":"f466e5c5e77362c3d10b173c98ce43f7d04ee27a301387e26311dccc5e18ac8c-1","properties":{"facility_id":"f466e5c5e77362c3d10b173c98ce43f7d04ee27a301387e26311dccc5e18ac8c","point_ordinal":1,"zone_group_id":"501103015242","source_manage_no":"501103015242","facility_name":"아가의집","sgg_code":"50110","facility_type_code":"3","api_first_registered_on":null,"api_last_modified_on":null,"updated_at":"2026-07-25T01:27:52.347112+00:00"},"geometry":{"type":"Point","coordinates":[126.677696231,33.51596652]}},{"type":"Feature","id":"65bdd3c472ac6fb0250cb1e24bd4e28a3aecf7fe275d51d07b1dd941977f4273-1","properties":{"facility_id":"65bdd3c472ac6fb0250cb1e24bd4e28a3aecf7fe275d51d07b1dd941977f4273","point_ordinal":1,"zone_group_id":"501102015128","source_manage_no":"501102015128","facility_name":"아라요양병원","sgg_code":"50110","facility_type_code":"2","api_first_registered_on":null,"api_last_modified_on":null,"updated_at":"2026-07-25T01:27:52.347112+00:00"},"geometry":{"type":"Point","coordinates":[126.545598138,33.456412521]}},{"type":"Feature","id":"0c1f644f8f984d60368cde3504a078a9ca265d88c695bf2fcb4493dbf0d5f9ee-1","properties":{"facility_id":"0c1f644f8f984d60368cde3504a078a9ca265d88c695bf2fcb4493dbf0d5f9ee","point_ordinal":1,"zone_group_id":"501102026696","source_manage_no":"501102026696","facility_name":"아라요양원","sgg_code":"50110","facility_type_code":"2","api_first_registered_on":null,"api_last_modified_on":"2025-09-09","updated_at":"2026-07-25T01:27:52.347112+00:00"},"geometry":{"type":"Point","coordinates":[126.538787499,33.470487503]}},{"type":"Feature","id":"372fa2e17002ab7d403e57c52fabde4f3885d17c6416bfca6293af00bd90bbfb-1","properties":{"facility_id":"372fa2e17002ab7d403e57c52fabde4f3885d17c6416bfca6293af00bd90bbfb","point_ordinal":1,"zone_group_id":"501101015129","source_manage_no":"501101015129","facility_name":"아라초등학교","sgg_code":"50110","facility_type_code":"1","api_first_registered_on":null,"api_last_modified_on":"2025-04-14","updated_at":"2026-07-25T01:27:52.347112+00:00"},"geometry":{"type":"Point","coordinates":[126.544037102,33.477072512]}},{"type":"Feature","id":"9bf9929a3601892ab6fc5f4df1b82df113d2c0f3c381d162196f102ace407242-1","properties":{"facility_id":"9bf9929a3601892ab6fc5f4df1b82df113d2c0f3c381d162196f102ace407242","point_ordinal":1,"zone_group_id":"501101029037","source_manage_no":"501101029037","facility_name":"아라초등학교 병설유치원","sgg_code":"50110","facility_type_code":"1","api_first_registered_on":null,"api_last_modified_on":"2025-04-14","updated_at":"2026-07-25T01:27:52.347112+00:00"},"geometry":{"type":"Point","coordinates":[126.543315663,33.47611318]}},{"type":"Feature","id":"f88342890f5ba7c9d12818d35911b0736167382060a03f76273f0cee879f7d88-1","properties":{"facility_id":"f88342890f5ba7c9d12818d35911b0736167382060a03f76273f0cee879f7d88","point_ordinal":1,"zone_group_id":"501102024957","source_manage_no":"501102024957","facility_name":"애월리경로당","sgg_code":"50110","facility_type_code":"2","api_first_registered_on":null,"api_last_modified_on":null,"updated_at":"2026-07-25T01:27:52.347112+00:00"},"geometry":{"type":"Point","coordinates":[126.318333925,33.461538248]}},{"type":"Feature","id":"514ca55ac368b9ea33129aa9114dd1611d66f14d75e6be6f0f28aa2e00366a23-1","properties":{"facility_id":"514ca55ac368b9ea33129aa9114dd1611d66f14d75e6be6f0f28aa2e00366a23","point_ordinal":1,"zone_group_id":"501101022217","source_manage_no":"501101022217","facility_name":"애월원광어린이집","sgg_code":"50110","facility_type_code":"1","api_first_registered_on":null,"api_last_modified_on":null,"updated_at":"2026-07-25T01:27:52.347112+00:00"},"geometry":{"type":"Point","coordinates":[126.313844214,33.462611606]}},{"type":"Feature","id":"a51dd0677c99fddd41eae3a016076550e33cdc515b1e2dbccbbccf7248b21e73-1","properties":{"facility_id":"a51dd0677c99fddd41eae3a016076550e33cdc515b1e2dbccbbccf7248b21e73","point_ordinal":1,"zone_group_id":"501101015151","source_manage_no":"501101015151","facility_name":"애월초등학교","sgg_code":"50110","facility_type_code":"1","api_first_registered_on":null,"api_last_modified_on":"2025-04-14","updated_at":"2026-07-25T01:27:52.347112+00:00"},"geometry":{"type":"Point","coordinates":[126.323535163,33.464497115]}},{"type":"Feature","id":"39cb0ee4dff06962586a549c1e99dcac35b3411dcb0c4d53949329bc23254205-1","properties":{"facility_id":"39cb0ee4dff06962586a549c1e99dcac35b3411dcb0c4d53949329bc23254205","point_ordinal":1,"zone_group_id":"501101029072","source_manage_no":"501101029072","facility_name":"애월초등학교 병설유치원","sgg_code":"50110","facility_type_code":"1","api_first_registered_on":null,"api_last_modified_on":"2025-04-14","updated_at":"2026-07-25T01:27:52.347112+00:00"},"geometry":{"type":"Point","coordinates":[126.321854958,33.465364253]}},{"type":"Feature","id":"1a68a2e04b8e723dc28a37f6a376d362033ab2b8d4835eda2350b2b500cee3fe-1","properties":{"facility_id":"1a68a2e04b8e723dc28a37f6a376d362033ab2b8d4835eda2350b2b500cee3fe","point_ordinal":1,"zone_group_id":"501101029100","source_manage_no":"501101029100","facility_name":"애육어린이집","sgg_code":"50110","facility_type_code":"1","api_first_registered_on":null,"api_last_modified_on":"2025-04-15","updated_at":"2026-07-25T01:27:52.347112+00:00"},"geometry":{"type":"Point","coordinates":[126.477830824,33.491649493]}},{"type":"Feature","id":"d1a8214fb3b8c3ed3fcc493b0fac6fca5f0f87fe9d58feb10b268b390f308625-1","properties":{"facility_id":"d1a8214fb3b8c3ed3fcc493b0fac6fca5f0f87fe9d58feb10b268b390f308625","point_ordinal":1,"zone_group_id":"501101015154","source_manage_no":"501101015154","facility_name":"어도초등학교","sgg_code":"50110","facility_type_code":"1","api_first_registered_on":null,"api_last_modified_on":"2025-04-14","updated_at":"2026-07-25T01:27:52.347112+00:00"},"geometry":{"type":"Point","coordinates":[126.312554701,33.419829683]}},{"type":"Feature","id":"e18659d6fdb67be481776731f7212a7cddfec4e3380e3a306894878c85b951a7-1","properties":{"facility_id":"e18659d6fdb67be481776731f7212a7cddfec4e3380e3a306894878c85b951a7","point_ordinal":1,"zone_group_id":"501101029071","source_manage_no":"501101029071","facility_name":"어도초등학교 병설유치원","sgg_code":"50110","facility_type_code":"1","api_first_registered_on":null,"api_last_modified_on":"2025-04-14","updated_at":"2026-07-25T01:27:52.347112+00:00"},"geometry":{"type":"Point","coordinates":[126.312759623,33.420198751]}},{"type":"Feature","id":"8a6f1e236acaf4fe52e5a19302a105299d705f9e2c9c4e9aabdb0ad6cef5d002-1","properties":{"facility_id":"8a6f1e236acaf4fe52e5a19302a105299d705f9e2c9c4e9aabdb0ad6cef5d002","point_ordinal":1,"zone_group_id":"501102015156","source_manage_no":"501102015156","facility_name":"어음1리 복지회관","sgg_code":"50110","facility_type_code":"2","api_first_registered_on":null,"api_last_modified_on":null,"updated_at":"2026-07-25T01:27:52.347112+00:00"},"geometry":{"type":"Point","coordinates":[126.330616725,33.417115194]}},{"type":"Feature","id":"ff9f1f29a07a7b5d3055014aee2b6312cc0153566e3b17aa4cea462a808e3027-1","properties":{"facility_id":"ff9f1f29a07a7b5d3055014aee2b6312cc0153566e3b17aa4cea462a808e3027","point_ordinal":1,"zone_group_id":"501102026702","source_manage_no":"501102026702","facility_name":"어음2리 경로당","sgg_code":"50110","facility_type_code":"2","api_first_registered_on":"2023-07-13","api_last_modified_on":null,"updated_at":"2026-07-25T01:27:52.347112+00:00"},"geometry":{"type":"Point","coordinates":[126.33687212,33.40112974]}},{"type":"Feature","id":"46900eb9fdc0f65d16b23e45d6a82ad34b6eb6c91ced2ec7a32e25252d3e6577-1","properties":{"facility_id":"46900eb9fdc0f65d16b23e45d6a82ad34b6eb6c91ced2ec7a32e25252d3e6577","point_ordinal":1,"zone_group_id":"501101029029","source_manage_no":"501101029029","facility_name":"에디슨어린이집","sgg_code":"50110","facility_type_code":"1","api_first_registered_on":null,"api_last_modified_on":"2025-04-14","updated_at":"2026-07-25T01:27:52.347112+00:00"},"geometry":{"type":"Point","coordinates":[126.513444139,33.487731514]}},{"type":"Feature","id":"4f05a8202183dbaf53e823297f1c7a4e1a6cbf69a39e1d8d54ace33722de0909-1","properties":{"facility_id":"4f05a8202183dbaf53e823297f1c7a4e1a6cbf69a39e1d8d54ace33722de0909","point_ordinal":1,"zone_group_id":"501101027466","source_manage_no":"501101027466","facility_name":"에코숲어린이집","sgg_code":"50110","facility_type_code":"1","api_first_registered_on":null,"api_last_modified_on":null,"updated_at":"2026-07-25T01:27:52.347112+00:00"},"geometry":{"type":"Point","coordinates":[126.470637919,33.489738709]}},{"type":"Feature","id":"2abb9eeac2644df52a9ce6c64648bd659ea6aa944579bbec040e285db7af0e71-1","properties":{"facility_id":"2abb9eeac2644df52a9ce6c64648bd659ea6aa944579bbec040e285db7af0e71","point_ordinal":1,"zone_group_id":"501101015170","source_manage_no":"501101015170","facility_name":"연동어린이집","sgg_code":"50110","facility_type_code":"1","api_first_registered_on":null,"api_last_modified_on":null,"updated_at":"2026-07-25T01:27:52.347112+00:00"},"geometry":{"type":"Point","coordinates":[126.491992562,33.476822493]}},{"type":"Feature","id":"12c6f9a6b869dc7a5c5fbae6ecad4b136dec0a8b634781dd7cc007f48118f723-1","properties":{"facility_id":"12c6f9a6b869dc7a5c5fbae6ecad4b136dec0a8b634781dd7cc007f48118f723","point_ordinal":1,"zone_group_id":"501102015180","source_manage_no":"501102015180","facility_name":"영평상동 마을회관","sgg_code":"50110","facility_type_code":"2","api_first_registered_on":null,"api_last_modified_on":null,"updated_at":"2026-07-25T01:27:52.347112+00:00"},"geometry":{"type":"Point","coordinates":[126.568366289,33.476527224]}},{"type":"Feature","id":"898fd8fe030abbc0ed62a644f39e2b26d78808533eff24572d2f8af0d11a2372-1","properties":{"facility_id":"898fd8fe030abbc0ed62a644f39e2b26d78808533eff24572d2f8af0d11a2372","point_ordinal":1,"zone_group_id":"501101015181","source_manage_no":"501101015181","facility_name":"영평초등학교","sgg_code":"50110","facility_type_code":"1","api_first_registered_on":null,"api_last_modified_on":"2025-04-14","updated_at":"2026-07-25T01:27:52.347112+00:00"},"geometry":{"type":"Point","coordinates":[126.567542743,33.478054297]}},{"type":"Feature","id":"15006c615f560e675d916802d5cd7875140a7f921fcb71dc4dc511f638f4aca4-1","properties":{"facility_id":"15006c615f560e675d916802d5cd7875140a7f921fcb71dc4dc511f638f4aca4","point_ordinal":1,"zone_group_id":"501101029065","source_manage_no":"501101029065","facility_name":"영평초등학교 병설유치원","sgg_code":"50110","facility_type_code":"1","api_first_registered_on":null,"api_last_modified_on":"2025-04-14","updated_at":"2026-07-25T01:27:52.347112+00:00"},"geometry":{"type":"Point","coordinates":[126.566945103,33.478748761]}},{"type":"Feature","id":"3d5d025f3459ccc1059a0fbc9b78896843da02ca92d95389b199c023a68de345-1","properties":{"facility_id":"3d5d025f3459ccc1059a0fbc9b78896843da02ca92d95389b199c023a68de345","point_ordinal":1,"zone_group_id":"501102025792","source_manage_no":"501102025792","facility_name":"영평하동경로당","sgg_code":"50110","facility_type_code":"2","api_first_registered_on":null,"api_last_modified_on":null,"updated_at":"2026-07-25T01:27:52.347112+00:00"},"geometry":{"type":"Point","coordinates":[126.573901479,33.486304842]}},{"type":"Feature","id":"2dc384f45a9a137ae8aa34dbab560174ccc5724aa4326380c249a4526027b275-1","properties":{"facility_id":"2dc384f45a9a137ae8aa34dbab560174ccc5724aa4326380c249a4526027b275","point_ordinal":1,"zone_group_id":"501101019391","source_manage_no":"501101019391","facility_name":"예솔어린이집","sgg_code":"50110","facility_type_code":"1","api_first_registered_on":null,"api_last_modified_on":"2025-04-15","updated_at":"2026-07-25T01:27:52.347112+00:00"},"geometry":{"type":"Point","coordinates":[126.505736301,33.507809194]}},{"type":"Feature","id":"62ca09a6c9c12aa9d3c39653e09bef2faa0d509ec1927c70abdbbfd17176b544-1","properties":{"facility_id":"62ca09a6c9c12aa9d3c39653e09bef2faa0d509ec1927c70abdbbfd17176b544","point_ordinal":1,"zone_group_id":"501102015185","source_manage_no":"501102015185","facility_name":"오등동경로당","sgg_code":"50110","facility_type_code":"2","api_first_registered_on":null,"api_last_modified_on":null,"updated_at":"2026-07-25T01:27:52.347112+00:00"},"geometry":{"type":"Point","coordinates":[126.527808162,33.475061263]}},{"type":"Feature","id":"b80b510f14cea028d32ab4fa9b13dd2fbc6bdd72a4b42f44a446cbb5a27536cb-1","properties":{"facility_id":"b80b510f14cea028d32ab4fa9b13dd2fbc6bdd72a4b42f44a446cbb5a27536cb","point_ordinal":1,"zone_group_id":"501102015186","source_manage_no":"501102015186","facility_name":"오등상동경로당","sgg_code":"50110","facility_type_code":"2","api_first_registered_on":null,"api_last_modified_on":null,"updated_at":"2026-07-25T01:27:52.347112+00:00"},"geometry":{"type":"Point","coordinates":[126.53989352,33.45950716]}},{"type":"Feature","id":"7c320ba174aa36165599cf77a46b5a24d98858773dbb5baacd027053d85a0a79-1","properties":{"facility_id":"7c320ba174aa36165599cf77a46b5a24d98858773dbb5baacd027053d85a0a79","point_ordinal":1,"zone_group_id":"501101015190","source_manage_no":"501101015190","facility_name":"오라초등학교","sgg_code":"50110","facility_type_code":"1","api_first_registered_on":null,"api_last_modified_on":"2025-04-11","updated_at":"2026-07-25T01:27:52.347112+00:00"},"geometry":{"type":"Point","coordinates":[126.513120071,33.489087206]}},{"type":"Feature","id":"0a8d62b396828e4608973002e7c9611a34b2e52685fea89919968ae9b195f281-1","properties":{"facility_id":"0a8d62b396828e4608973002e7c9611a34b2e52685fea89919968ae9b195f281","point_ordinal":1,"zone_group_id":"501101029028","source_manage_no":"501101029028","facility_name":"오라초등학교 병설유치원","sgg_code":"50110","facility_type_code":"1","api_first_registered_on":null,"api_last_modified_on":"2025-04-11","updated_at":"2026-07-25T01:27:52.347112+00:00"},"geometry":{"type":"Point","coordinates":[126.513355033,33.489234571]}},{"type":"Feature","id":"a0f99cd6d7d752974e338ba7370c9681195c9398f5576a1c42c8907777af7d6b-1","properties":{"facility_id":"a0f99cd6d7d752974e338ba7370c9681195c9398f5576a1c42c8907777af7d6b","point_ordinal":1,"zone_group_id":"501102026708","source_manage_no":"501102026708","facility_name":"옹포리 경로당","sgg_code":"50110","facility_type_code":"2","api_first_registered_on":"2023-07-13","api_last_modified_on":null,"updated_at":"2026-07-25T01:27:52.347112+00:00"},"geometry":{"type":"Point","coordinates":[126.255636864,33.403495873]}},{"type":"Feature","id":"402bdb6ac360121a4d52756f77ad4c46d2de1f8250d11cdd1a538cec60ab5d45-1","properties":{"facility_id":"402bdb6ac360121a4d52756f77ad4c46d2de1f8250d11cdd1a538cec60ab5d45","point_ordinal":1,"zone_group_id":"501101015197","source_manage_no":"501101015197","facility_name":"외도초등학교","sgg_code":"50110","facility_type_code":"1","api_first_registered_on":null,"api_last_modified_on":"2025-04-14","updated_at":"2026-07-25T01:27:52.347112+00:00"},"geometry":{"type":"Point","coordinates":[126.43411104,33.493627745]}},{"type":"Feature","id":"c915f5749be9c4f861d2e159a046ac42f82c3058e0c01fa0c82c1972b88a0593-1","properties":{"facility_id":"c915f5749be9c4f861d2e159a046ac42f82c3058e0c01fa0c82c1972b88a0593","point_ordinal":1,"zone_group_id":"501101029035","source_manage_no":"501101029035","facility_name":"외도초등학교 병설유치원","sgg_code":"50110","facility_type_code":"1","api_first_registered_on":null,"api_last_modified_on":"2025-04-14","updated_at":"2026-07-25T01:27:52.347112+00:00"},"geometry":{"type":"Point","coordinates":[126.433800823,33.492818537]}},{"type":"Feature","id":"07e3538b1bf2ae20a469406e42d4f66330703a4731d49d2900018d8f7b08e1f8-1","properties":{"facility_id":"07e3538b1bf2ae20a469406e42d4f66330703a4731d49d2900018d8f7b08e1f8","point_ordinal":1,"zone_group_id":"501102015199","source_manage_no":"501102015199","facility_name":"용강동경로당","sgg_code":"50110","facility_type_code":"2","api_first_registered_on":null,"api_last_modified_on":null,"updated_at":"2026-07-25T01:27:52.347112+00:00"},"geometry":{"type":"Point","coordinates":[126.586247342,33.477120325]}},{"type":"Feature","id":"4c550cdfb50f12644b8e09b2d0ffd21647423c24fb7445181e5ea9bc874ffb09-1","properties":{"facility_id":"4c550cdfb50f12644b8e09b2d0ffd21647423c24fb7445181e5ea9bc874ffb09","point_ordinal":1,"zone_group_id":"501101027422","source_manage_no":"501101027422","facility_name":"용담 어린이집","sgg_code":"50110","facility_type_code":"1","api_first_registered_on":null,"api_last_modified_on":null,"updated_at":"2026-07-25T01:27:52.347112+00:00"},"geometry":{"type":"Point","coordinates":[126.505580153,33.511670498]}},{"type":"Feature","id":"732148c4308edc728ea9f84da1b19d2ce36f06efdaf21b2e7f094947c000a9dd-1","properties":{"facility_id":"732148c4308edc728ea9f84da1b19d2ce36f06efdaf21b2e7f094947c000a9dd","point_ordinal":1,"zone_group_id":"501102015260","source_manage_no":"501102015260","facility_name":"용당리경로당","sgg_code":"50110","facility_type_code":"2","api_first_registered_on":null,"api_last_modified_on":null,"updated_at":"2026-07-25T01:27:52.347112+00:00"},"geometry":{"type":"Point","coordinates":[126.181715375,33.33391999]}},{"type":"Feature","id":"20807077d3104b8dc5b862f1cd4b2d9869ea19e7a0ca8e1f86100e3e25feb3b8-1","properties":{"facility_id":"20807077d3104b8dc5b862f1cd4b2d9869ea19e7a0ca8e1f86100e3e25feb3b8","point_ordinal":1,"zone_group_id":"501102015157","source_manage_no":"501102015157","facility_name":"용흥리경로당","sgg_code":"50110","facility_type_code":"2","api_first_registered_on":null,"api_last_modified_on":null,"updated_at":"2026-07-25T01:27:52.347112+00:00"},"geometry":{"type":"Point","coordinates":[126.369446795,33.45902593]}},{"type":"Feature","id":"ec9a7f2dc5cbe5024ea49546022b145126dd644dd2624e22ebba2605d0b42901-1","properties":{"facility_id":"ec9a7f2dc5cbe5024ea49546022b145126dd644dd2624e22ebba2605d0b42901","point_ordinal":1,"zone_group_id":"501101015206","source_manage_no":"501101015206","facility_name":"우도초등학교","sgg_code":"50110","facility_type_code":"1","api_first_registered_on":null,"api_last_modified_on":"2025-04-14","updated_at":"2026-07-25T01:27:52.347112+00:00"},"geometry":{"type":"Point","coordinates":[126.953977968,33.506452648]}},{"type":"Feature","id":"0fde5ad952631d94fc1837ca815c96ebd4d3de4abbf4b98c2b92274f4e95894f-1","properties":{"facility_id":"0fde5ad952631d94fc1837ca815c96ebd4d3de4abbf4b98c2b92274f4e95894f","point_ordinal":1,"zone_group_id":"501101029073","source_manage_no":"501101029073","facility_name":"우도초등학교 병설유치원","sgg_code":"50110","facility_type_code":"1","api_first_registered_on":null,"api_last_modified_on":"2025-04-14","updated_at":"2026-07-25T01:27:52.347112+00:00"},"geometry":{"type":"Point","coordinates":[126.955316324,33.506247126]}},{"type":"Feature","id":"ee58191768db912c741858247ec438eb025f0a959ea4b0bc3d131551c3b1ccd8-1","properties":{"facility_id":"ee58191768db912c741858247ec438eb025f0a959ea4b0bc3d131551c3b1ccd8","point_ordinal":1,"zone_group_id":"501101015097","source_manage_no":"501101015097","facility_name":"월랑초등학교","sgg_code":"50110","facility_type_code":"1","api_first_registered_on":null,"api_last_modified_on":"2025-04-15","updated_at":"2026-07-25T01:27:52.347112+00:00"},"geometry":{"type":"Point","coordinates":[126.479073188,33.492797816]}},{"type":"Feature","id":"b1bccb71139b415fb711fcb7d62e2363e5899ca9c24fe0fa119352ec5ab5e3a5-1","properties":{"facility_id":"b1bccb71139b415fb711fcb7d62e2363e5899ca9c24fe0fa119352ec5ab5e3a5","point_ordinal":1,"zone_group_id":"501101029099","source_manage_no":"501101029099","facility_name":"월랑초등학교 병설유치원","sgg_code":"50110","facility_type_code":"1","api_first_registered_on":null,"api_last_modified_on":"2025-04-15","updated_at":"2026-07-25T01:27:52.347112+00:00"},"geometry":{"type":"Point","coordinates":[126.478351158,33.491808466]}},{"type":"Feature","id":"70af71d1f4459c1dca3fe4e0ad7c5a2a69b29c8ac4cffce4b2c18f92f9814d72-1","properties":{"facility_id":"70af71d1f4459c1dca3fe4e0ad7c5a2a69b29c8ac4cffce4b2c18f92f9814d72","point_ordinal":1,"zone_group_id":"501102020303","source_manage_no":"501102020303","facility_name":"월령리사무소","sgg_code":"50110","facility_type_code":"2","api_first_registered_on":null,"api_last_modified_on":null,"updated_at":"2026-07-25T01:27:52.347112+00:00"},"geometry":{"type":"Point","coordinates":[126.215810113,33.375951624]}},{"type":"Feature","id":"455954b4fc0920b33088626e24043882685cb95389ece8be8c6266d06d4e9aa6-1","properties":{"facility_id":"455954b4fc0920b33088626e24043882685cb95389ece8be8c6266d06d4e9aa6","point_ordinal":1,"zone_group_id":"501102015278","source_manage_no":"501102015278","facility_name":"월림리경로당","sgg_code":"50110","facility_type_code":"2","api_first_registered_on":null,"api_last_modified_on":null,"updated_at":"2026-07-25T01:27:52.347112+00:00"},"geometry":{"type":"Point","coordinates":[126.256262605,33.349615436]}},{"type":"Feature","id":"a85d139c0710238a0b1d8a00d0c11716d0d6bb66ee20235ec1c2671ecb9cb792-1","properties":{"facility_id":"a85d139c0710238a0b1d8a00d0c11716d0d6bb66ee20235ec1c2671ecb9cb792","point_ordinal":1,"zone_group_id":"501102025795","source_manage_no":"501102025795","facility_name":"월산마을 경로당","sgg_code":"50110","facility_type_code":"2","api_first_registered_on":null,"api_last_modified_on":null,"updated_at":"2026-07-25T01:27:52.347112+00:00"},"geometry":{"type":"Point","coordinates":[126.463828276,33.472473272]}},{"type":"Feature","id":"19ca418d20580915cc65ca35acb78c53b86c4f6705a7af5ceccfa044ef764f92-1","properties":{"facility_id":"19ca418d20580915cc65ca35acb78c53b86c4f6705a7af5ceccfa044ef764f92","point_ordinal":1,"zone_group_id":"501102025791","source_manage_no":"501102025791","facility_name":"월성경로당","sgg_code":"50110","facility_type_code":"2","api_first_registered_on":null,"api_last_modified_on":null,"updated_at":"2026-07-25T01:27:52.347112+00:00"},"geometry":{"type":"Point","coordinates":[126.504989607,33.501536677]}},{"type":"Feature","id":"25efa874f86a6a10f4ce6496ebae0968ef772e79384c358f5f63dc81a393a306-1","properties":{"facility_id":"25efa874f86a6a10f4ce6496ebae0968ef772e79384c358f5f63dc81a393a306","point_ordinal":1,"zone_group_id":"501102015208","source_manage_no":"501102015208","facility_name":"월평동경로당","sgg_code":"50110","facility_type_code":"2","api_first_registered_on":null,"api_last_modified_on":null,"updated_at":"2026-07-25T01:27:52.347112+00:00"},"geometry":{"type":"Point","coordinates":[126.574960487,33.469740043]}},{"type":"Feature","id":"11ba130679136745e2320ba0ed5cf4959cf396e98da6f8b3237c16e1be185f5d-1","properties":{"facility_id":"11ba130679136745e2320ba0ed5cf4959cf396e98da6f8b3237c16e1be185f5d","point_ordinal":1,"zone_group_id":"501102025801","source_manage_no":"501102025801","facility_name":"유수암리 경로당","sgg_code":"50110","facility_type_code":"2","api_first_registered_on":null,"api_last_modified_on":null,"updated_at":"2026-07-25T01:27:52.347112+00:00"},"geometry":{"type":"Point","coordinates":[126.40302595,33.441400848]}},{"type":"Feature","id":"72596c605cc04589e5b3427ed4c8eef4a7d54579d037eacb6ac13066e580a7ab-1","properties":{"facility_id":"72596c605cc04589e5b3427ed4c8eef4a7d54579d037eacb6ac13066e580a7ab","point_ordinal":1,"zone_group_id":"501103024946","source_manage_no":"501103024946","facility_name":"유진단기거주시설","sgg_code":"50110","facility_type_code":"3","api_first_registered_on":null,"api_last_modified_on":null,"updated_at":"2026-07-25T01:27:52.347112+00:00"},"geometry":{"type":"Point","coordinates":[126.451310141,33.461132414]}},{"type":"Feature","id":"f619c29127b9695718bc7fbaadd8acdee26b56197710221ac38f57ec8c6812e3-1","properties":{"facility_id":"f619c29127b9695718bc7fbaadd8acdee26b56197710221ac38f57ec8c6812e3","point_ordinal":1,"zone_group_id":"501102015243","source_manage_no":"501102015243","facility_name":"은빛마을 노인복지센터","sgg_code":"50110","facility_type_code":"2","api_first_registered_on":null,"api_last_modified_on":null,"updated_at":"2026-07-25T01:27:52.347112+00:00"},"geometry":{"type":"Point","coordinates":[126.667341804,33.53803056]}},{"type":"Feature","id":"0f304a8309bb21aa4d33aba9339b0ff2107bf97d7f83ee122345f0cb1800858d-1","properties":{"facility_id":"0f304a8309bb21aa4d33aba9339b0ff2107bf97d7f83ee122345f0cb1800858d","point_ordinal":1,"zone_group_id":"501101015215","source_manage_no":"501101015215","facility_name":"이도초등학교","sgg_code":"50110","facility_type_code":"1","api_first_registered_on":null,"api_last_modified_on":"2025-04-15","updated_at":"2026-07-25T01:27:52.347112+00:00"},"geometry":{"type":"Point","coordinates":[126.532641496,33.488519608]}},{"type":"Feature","id":"892482fa96858855aa9ed05d743cc4991e1797743ea36cc8650d01bbe73c8f26-1","properties":{"facility_id":"892482fa96858855aa9ed05d743cc4991e1797743ea36cc8650d01bbe73c8f26","point_ordinal":1,"zone_group_id":"501101029105","source_manage_no":"501101029105","facility_name":"이도초등학교 병설유치원","sgg_code":"50110","facility_type_code":"1","api_first_registered_on":null,"api_last_modified_on":"2025-04-15","updated_at":"2026-07-25T01:27:52.347112+00:00"},"geometry":{"type":"Point","coordinates":[126.532077633,33.487917471]}},{"type":"Feature","id":"d0ba9ee9d3369abc89043ca62ee677e0564298c1a5e44c256059842277169055-1","properties":{"facility_id":"d0ba9ee9d3369abc89043ca62ee677e0564298c1a5e44c256059842277169055","point_ordinal":1,"zone_group_id":"501101025443","source_manage_no":"501101025443","facility_name":"인도어린이집","sgg_code":"50110","facility_type_code":"1","api_first_registered_on":null,"api_last_modified_on":null,"updated_at":"2026-07-25T01:27:52.347112+00:00"},"geometry":{"type":"Point","coordinates":[126.58675117,33.509622603]}},{"type":"Feature","id":"1cb0269fe6025e86e61acd2236a0257b2872cbd8e8ce5b06644cbb6b75dd207a-1","properties":{"facility_id":"1cb0269fe6025e86e61acd2236a0257b2872cbd8e8ce5b06644cbb6b75dd207a","point_ordinal":1,"zone_group_id":"501101015131","source_manage_no":"501101015131","facility_name":"인예어린이집","sgg_code":"50110","facility_type_code":"1","api_first_registered_on":null,"api_last_modified_on":null,"updated_at":"2026-07-25T01:27:52.347112+00:00"},"geometry":{"type":"Point","coordinates":[126.532227691,33.476367555]}},{"type":"Feature","id":"b1aa117aed74dd8cb8df9c4f744c5fd8f546c82da5a59cc07391223781cb0fdd-1","properties":{"facility_id":"b1aa117aed74dd8cb8df9c4f744c5fd8f546c82da5a59cc07391223781cb0fdd","point_ordinal":1,"zone_group_id":"501101015231","source_manage_no":"501101015231","facility_name":"인화초등학교","sgg_code":"50110","facility_type_code":"1","api_first_registered_on":null,"api_last_modified_on":"2025-04-14","updated_at":"2026-07-25T01:27:52.347112+00:00"},"geometry":{"type":"Point","coordinates":[126.538519525,33.506937374]}},{"type":"Feature","id":"76fd1ce565ff6cd10a44bcb759658b8c1cf4087842750bd19313816955edd46b-1","properties":{"facility_id":"76fd1ce565ff6cd10a44bcb759658b8c1cf4087842750bd19313816955edd46b","point_ordinal":1,"zone_group_id":"501101029043","source_manage_no":"501101029043","facility_name":"인화초등학교 병설유치원","sgg_code":"50110","facility_type_code":"1","api_first_registered_on":null,"api_last_modified_on":"2025-04-14","updated_at":"2026-07-25T01:27:52.347112+00:00"},"geometry":{"type":"Point","coordinates":[126.537769911,33.506944045]}},{"type":"Feature","id":"d50ec7dbc421cd5cf69195ccb21c3da523b3a6d1a5a08ad899e1e7ebd473d5f1-1","properties":{"facility_id":"d50ec7dbc421cd5cf69195ccb21c3da523b3a6d1a5a08ad899e1e7ebd473d5f1","point_ordinal":1,"zone_group_id":"501101015226","source_manage_no":"501101015226","facility_name":"일도초등학교","sgg_code":"50110","facility_type_code":"1","api_first_registered_on":null,"api_last_modified_on":"2025-04-14","updated_at":"2026-07-25T01:27:52.347112+00:00"},"geometry":{"type":"Point","coordinates":[126.529843003,33.509737814]}},{"type":"Feature","id":"0a182bb16d274d108ad7dbb27ed55784330863e338a07438a53d907daab9f174-1","properties":{"facility_id":"0a182bb16d274d108ad7dbb27ed55784330863e338a07438a53d907daab9f174","point_ordinal":1,"zone_group_id":"501101029054","source_manage_no":"501101029054","facility_name":"일도초등학교 병설유치원","sgg_code":"50110","facility_type_code":"1","api_first_registered_on":null,"api_last_modified_on":"2025-04-14","updated_at":"2026-07-25T01:27:52.347112+00:00"},"geometry":{"type":"Point","coordinates":[126.529494306,33.509418442]}},{"type":"Feature","id":"3648266f338c57e4c16e342541c9a6dcc9136bd7d22a7d20c021105953c86d32-1","properties":{"facility_id":"3648266f338c57e4c16e342541c9a6dcc9136bd7d22a7d20c021105953c86d32","point_ordinal":1,"zone_group_id":"501101015223","source_manage_no":"501101015223","facility_name":"장미어린이집","sgg_code":"50110","facility_type_code":"1","api_first_registered_on":null,"api_last_modified_on":null,"updated_at":"2026-07-25T01:27:52.347112+00:00"},"geometry":{"type":"Point","coordinates":[126.458869602,33.501693866]}},{"type":"Feature","id":"57fc7c0a5ed5a3ec45cd3e6fc229d34b9c887ee3302afe312b518d8681c1b8fe-1","properties":{"facility_id":"57fc7c0a5ed5a3ec45cd3e6fc229d34b9c887ee3302afe312b518d8681c1b8fe","point_ordinal":1,"zone_group_id":"501101015158","source_manage_no":"501101015158","facility_name":"장전초등학교","sgg_code":"50110","facility_type_code":"1","api_first_registered_on":null,"api_last_modified_on":"2025-04-15","updated_at":"2026-07-25T01:27:52.347112+00:00"},"geometry":{"type":"Point","coordinates":[126.390268661,33.450492654]}},{"type":"Feature","id":"cbf061e939a14d9b25a6813cef6a4f1f318eef6588b0a62bd6f05980014215a3-1","properties":{"facility_id":"cbf061e939a14d9b25a6813cef6a4f1f318eef6588b0a62bd6f05980014215a3","point_ordinal":1,"zone_group_id":"501101029090","source_manage_no":"501101029090","facility_name":"장전초등학교 병설유치원","sgg_code":"50110","facility_type_code":"1","api_first_registered_on":null,"api_last_modified_on":"2025-04-15","updated_at":"2026-07-25T01:27:52.347112+00:00"},"geometry":{"type":"Point","coordinates":[126.390415278,33.44942799]}},{"type":"Feature","id":"cc1226d62a245611e7f0aaf72b63f684aa978454ed19b3bd438bdaeb0ae83018-1","properties":{"facility_id":"cc1226d62a245611e7f0aaf72b63f684aa978454ed19b3bd438bdaeb0ae83018","point_ordinal":1,"zone_group_id":"501101019383","source_manage_no":"501101019383","facility_name":"재놀스배어린이집","sgg_code":"50110","facility_type_code":"1","api_first_registered_on":null,"api_last_modified_on":null,"updated_at":"2026-07-25T01:27:52.347112+00:00"},"geometry":{"type":"Point","coordinates":[126.47345169,33.495804511]}},{"type":"Feature","id":"b22fb5b8de24b42ad08e6fa35a726523b8277652be8a4a75084b24944db668ef-1","properties":{"facility_id":"b22fb5b8de24b42ad08e6fa35a726523b8277652be8a4a75084b24944db668ef","point_ordinal":1,"zone_group_id":"501101015279","source_manage_no":"501101015279","facility_name":"재릉초등학교","sgg_code":"50110","facility_type_code":"1","api_first_registered_on":null,"api_last_modified_on":"2025-04-14","updated_at":"2026-07-25T01:27:52.347112+00:00"},"geometry":{"type":"Point","coordinates":[126.237203006,33.390215853]}},{"type":"Feature","id":"655422bffc78166d9b5705e272c0e1b0edf76be47ac0be8c880d443a25118749-1","properties":{"facility_id":"655422bffc78166d9b5705e272c0e1b0edf76be47ac0be8c880d443a25118749","point_ordinal":1,"zone_group_id":"501101029077","source_manage_no":"501101029077","facility_name":"재릉초등학교 병설유치원","sgg_code":"50110","facility_type_code":"1","api_first_registered_on":null,"api_last_modified_on":"2025-04-14","updated_at":"2026-07-25T01:27:52.347112+00:00"},"geometry":{"type":"Point","coordinates":[126.238308209,33.388373681]}},{"type":"Feature","id":"8b7d54896ff9db5dcc7298087a938b7417cee0094e10938460cc4d4ddd9cbca0-1","properties":{"facility_id":"8b7d54896ff9db5dcc7298087a938b7417cee0094e10938460cc4d4ddd9cbca0","point_ordinal":1,"zone_group_id":"501102015261","source_manage_no":"501102015261","facility_name":"저지리경로당","sgg_code":"50110","facility_type_code":"2","api_first_registered_on":null,"api_last_modified_on":null,"updated_at":"2026-07-25T01:27:52.347112+00:00"},"geometry":{"type":"Point","coordinates":[126.25631049,33.33264209]}},{"type":"Feature","id":"1196b4441aeb7703cd17ce83230d15fcd57d08e1c9bdb10c870912ce04c67875-1","properties":{"facility_id":"1196b4441aeb7703cd17ce83230d15fcd57d08e1c9bdb10c870912ce04c67875","point_ordinal":1,"zone_group_id":"501101015262","source_manage_no":"501101015262","facility_name":"저청초등학교","sgg_code":"50110","facility_type_code":"1","api_first_registered_on":null,"api_last_modified_on":"2025-04-14","updated_at":"2026-07-25T01:27:52.347112+00:00"},"geometry":{"type":"Point","coordinates":[126.251874776,33.325743117]}},{"type":"Feature","id":"ebc16cf54c1cc5a89fc1e459f8c922c83d24b09306e9dfa816359f8d9e5e2a1d-1","properties":{"facility_id":"ebc16cf54c1cc5a89fc1e459f8c922c83d24b09306e9dfa816359f8d9e5e2a1d","point_ordinal":1,"zone_group_id":"501101029078","source_manage_no":"501101029078","facility_name":"저청초등학교 병설유치원","sgg_code":"50110","facility_type_code":"1","api_first_registered_on":null,"api_last_modified_on":"2025-04-14","updated_at":"2026-07-25T01:27:52.347112+00:00"},"geometry":{"type":"Point","coordinates":[126.251197629,33.326534375]}},{"type":"Feature","id":"8b414988d8c6c1b92631f989e82a438b9060390408daf05ef2e9c2a6cfe66824-1","properties":{"facility_id":"8b414988d8c6c1b92631f989e82a438b9060390408daf05ef2e9c2a6cfe66824","point_ordinal":1,"zone_group_id":"501101015218","source_manage_no":"501101029097","facility_name":"전원어린이집","sgg_code":"50110","facility_type_code":"1","api_first_registered_on":null,"api_last_modified_on":"2025-04-15","updated_at":"2026-07-25T01:27:52.347112+00:00"},"geometry":{"type":"Point","coordinates":[126.539517192,33.487683506]}},{"type":"Feature","id":"b984b6da4b9c950ed787566c2e373df95058538b996f82b1945f3a755805b3ff-1","properties":{"facility_id":"b984b6da4b9c950ed787566c2e373df95058538b996f82b1945f3a755805b3ff","point_ordinal":1,"zone_group_id":"501101015218","source_manage_no":"501101015218","facility_name":"전원유치원","sgg_code":"50110","facility_type_code":"1","api_first_registered_on":null,"api_last_modified_on":"2025-04-15","updated_at":"2026-07-25T01:27:52.347112+00:00"},"geometry":{"type":"Point","coordinates":[126.539359797,33.487399381]}},{"type":"Feature","id":"b3c8be7f73b38c72cdd5a6bf3f32dc4fdd869cea3b3e34f2af6eb175c8a528ab-1","properties":{"facility_id":"b3c8be7f73b38c72cdd5a6bf3f32dc4fdd869cea3b3e34f2af6eb175c8a528ab","point_ordinal":1,"zone_group_id":"501102015192","source_manage_no":"501102015192","facility_name":"제광원","sgg_code":"50110","facility_type_code":"2","api_first_registered_on":null,"api_last_modified_on":null,"updated_at":"2026-07-25T01:27:52.347112+00:00"},"geometry":{"type":"Point","coordinates":[126.512582033,33.455865342]}},{"type":"Feature","id":"684b4938349a53ca4c43a70db91b3459758c85c100f7a678755d74e3dda94364-1","properties":{"facility_id":"684b4938349a53ca4c43a70db91b3459758c85c100f7a678755d74e3dda94364","point_ordinal":1,"zone_group_id":"501102027418","source_manage_no":"501102027418","facility_name":"제주 양로원","sgg_code":"50110","facility_type_code":"2","api_first_registered_on":null,"api_last_modified_on":null,"updated_at":"2026-07-25T01:27:52.347112+00:00"},"geometry":{"type":"Point","coordinates":[126.448105809,33.473570371]}},{"type":"Feature","id":"71dfae1d3da23632a70850f5ca720e7005eb02ee69944319d76692af4ace3e3d-1","properties":{"facility_id":"71dfae1d3da23632a70850f5ca720e7005eb02ee69944319d76692af4ace3e3d","point_ordinal":1,"zone_group_id":"501101015301","source_manage_no":"501101015301","facility_name":"제주YMCA유치원","sgg_code":"50110","facility_type_code":"1","api_first_registered_on":null,"api_last_modified_on":null,"updated_at":"2026-07-25T01:27:52.347112+00:00"},"geometry":{"type":"Point","coordinates":[126.520132305,33.512538481]}},{"type":"Feature","id":"33d401fea8074c93b579191b8930e19964b0ea765377269cd9604c31673f596e-1","properties":{"facility_id":"33d401fea8074c93b579191b8930e19964b0ea765377269cd9604c31673f596e","point_ordinal":1,"zone_group_id":"501101029033","source_manage_no":"501101029033","facility_name":"제주관광대학교 부속어린이집","sgg_code":"50110","facility_type_code":"1","api_first_registered_on":null,"api_last_modified_on":"2025-04-14","updated_at":"2026-07-25T01:27:52.347112+00:00"},"geometry":{"type":"Point","coordinates":[126.493871683,33.483580179]}},{"type":"Feature","id":"bf924fa1ce764583788e7ca2122462401653dfd6a47c4f004a31c44a3dcc047f-1","properties":{"facility_id":"bf924fa1ce764583788e7ca2122462401653dfd6a47c4f004a31c44a3dcc047f","point_ordinal":1,"zone_group_id":"501101015161","source_manage_no":"501101029096","facility_name":"제주관광대학부속 유치원","sgg_code":"50110","facility_type_code":"1","api_first_registered_on":null,"api_last_modified_on":"2025-04-15","updated_at":"2026-07-25T01:27:52.347112+00:00"},"geometry":{"type":"Point","coordinates":[126.435259019,33.451105061]}},{"type":"Feature","id":"92f1733101dbeda10c850bb986979466e07d8eb487d755b09d5390e078a54d10-1","properties":{"facility_id":"92f1733101dbeda10c850bb986979466e07d8eb487d755b09d5390e078a54d10","point_ordinal":1,"zone_group_id":"501101015122","source_manage_no":"501101015122","facility_name":"제주근로복지공단어린이집","sgg_code":"50110","facility_type_code":"1","api_first_registered_on":null,"api_last_modified_on":null,"updated_at":"2026-07-25T01:27:52.347112+00:00"},"geometry":{"type":"Point","coordinates":[126.579418657,33.520325852]}},{"type":"Feature","id":"5904761a91c1857d517bd4d3e0d3caf3132ba0a44324f6898d992c0c8cae8c3d-1","properties":{"facility_id":"5904761a91c1857d517bd4d3e0d3caf3132ba0a44324f6898d992c0c8cae8c3d","point_ordinal":1,"zone_group_id":"501101015116","source_manage_no":"501101015116","facility_name":"제주남초등학교","sgg_code":"50110","facility_type_code":"1","api_first_registered_on":null,"api_last_modified_on":"2025-04-14","updated_at":"2026-07-25T01:27:52.347112+00:00"},"geometry":{"type":"Point","coordinates":[126.521428874,33.509265772]}},{"type":"Feature","id":"b8ddf3eb3b943e3eecc466fe327643adfbceab995ec5d42db885b847da6f9733-1","properties":{"facility_id":"b8ddf3eb3b943e3eecc466fe327643adfbceab995ec5d42db885b847da6f9733","point_ordinal":1,"zone_group_id":"501101029055","source_manage_no":"501101029055","facility_name":"제주남초등학교 병설유치원","sgg_code":"50110","facility_type_code":"1","api_first_registered_on":null,"api_last_modified_on":"2025-04-14","updated_at":"2026-07-25T01:27:52.347112+00:00"},"geometry":{"type":"Point","coordinates":[126.521398049,33.509803662]}},{"type":"Feature","id":"1e554c2d778cdf787dbd163c913845f53feed662a695bc8c31e9447cb95e82b3-1","properties":{"facility_id":"1e554c2d778cdf787dbd163c913845f53feed662a695bc8c31e9447cb95e82b3","point_ordinal":1,"zone_group_id":"501101015294","source_manage_no":"501101015294","facility_name":"제주대학교교육대학부설초등학교","sgg_code":"50110","facility_type_code":"1","api_first_registered_on":null,"api_last_modified_on":null,"updated_at":"2026-07-25T01:27:52.347112+00:00"},"geometry":{"type":"Point","coordinates":[126.553444333,33.513600215]}},{"type":"Feature","id":"177b923abc85bf6592551bb71ab643350f7bd9da17dd50b487e96593b3c7d854-1","properties":{"facility_id":"177b923abc85bf6592551bb71ab643350f7bd9da17dd50b487e96593b3c7d854","point_ordinal":1,"zone_group_id":"501103025809","source_manage_no":"501103025809","facility_name":"제주도 농아복지관","sgg_code":"50110","facility_type_code":"3","api_first_registered_on":null,"api_last_modified_on":null,"updated_at":"2026-07-25T01:27:52.347112+00:00"},"geometry":{"type":"Point","coordinates":[126.425640886,33.484898919]}},{"type":"Feature","id":"dde867c9efd1f324bf6b8635fa5d844fb770584fa517935026dd2d0ceaa118ad-1","properties":{"facility_id":"dde867c9efd1f324bf6b8635fa5d844fb770584fa517935026dd2d0ceaa118ad","point_ordinal":1,"zone_group_id":"501102015132","source_manage_no":"501102015132","facility_name":"제주도립요양원","sgg_code":"50110","facility_type_code":"2","api_first_registered_on":null,"api_last_modified_on":null,"updated_at":"2026-07-25T01:27:52.347112+00:00"},"geometry":{"type":"Point","coordinates":[126.558670778,33.445527033]}},{"type":"Feature","id":"29a773b2270cd2f5c95ee9abe823e83c833b7b3b01d0b9233050484890e2b044-1","properties":{"facility_id":"29a773b2270cd2f5c95ee9abe823e83c833b7b3b01d0b9233050484890e2b044","point_ordinal":1,"zone_group_id":"501101015059","source_manage_no":"501101015059","facility_name":"제주동초등학교","sgg_code":"50110","facility_type_code":"1","api_first_registered_on":null,"api_last_modified_on":"2025-04-14","updated_at":"2026-07-25T01:27:52.347112+00:00"},"geometry":{"type":"Point","coordinates":[126.53312745,33.513551527]}},{"type":"Feature","id":"00ccb5c49830d0a9a10cae017f30d7a71d457f333749d00470ff2400b6c8d1c9-1","properties":{"facility_id":"00ccb5c49830d0a9a10cae017f30d7a71d457f333749d00470ff2400b6c8d1c9","point_ordinal":1,"zone_group_id":"501101029049","source_manage_no":"501101029049","facility_name":"제주동초등학교 병설유치원","sgg_code":"50110","facility_type_code":"1","api_first_registered_on":null,"api_last_modified_on":"2025-04-14","updated_at":"2026-07-25T01:27:52.347112+00:00"},"geometry":{"type":"Point","coordinates":[126.532966515,33.513972346]}},{"type":"Feature","id":"8386a3f72ac96cfa3785a9c9499cd761f6166dc35458169143f0b55bef54ae8e-1","properties":{"facility_id":"8386a3f72ac96cfa3785a9c9499cd761f6166dc35458169143f0b55bef54ae8e","point_ordinal":1,"zone_group_id":"501101015179","source_manage_no":"501101015179","facility_name":"제주보듬이나눔이어린이집","sgg_code":"50110","facility_type_code":"1","api_first_registered_on":null,"api_last_modified_on":null,"updated_at":"2026-07-25T01:27:52.347112+00:00"},"geometry":{"type":"Point","coordinates":[126.569666605,33.448505204]}},{"type":"Feature","id":"3124f4b5252e1475a677bc39b4413fdd3b394de29a8119e2ff761f6cc496935b-1","properties":{"facility_id":"3124f4b5252e1475a677bc39b4413fdd3b394de29a8119e2ff761f6cc496935b","point_ordinal":1,"zone_group_id":"501101015118","source_manage_no":"501101015118","facility_name":"제주북초등학교","sgg_code":"50110","facility_type_code":"1","api_first_registered_on":null,"api_last_modified_on":"2025-04-14","updated_at":"2026-07-25T01:27:52.347112+00:00"},"geometry":{"type":"Point","coordinates":[126.523209101,33.5156383]}},{"type":"Feature","id":"ff09159901c251cc5be9dee40114fe98cc1b6140d076ab46be05bba76ed343ba-1","properties":{"facility_id":"ff09159901c251cc5be9dee40114fe98cc1b6140d076ab46be05bba76ed343ba","point_ordinal":1,"zone_group_id":"501101029045","source_manage_no":"501101029045","facility_name":"제주북초등학교 병설유치원","sgg_code":"50110","facility_type_code":"1","api_first_registered_on":null,"api_last_modified_on":"2025-04-14","updated_at":"2026-07-25T01:27:52.347112+00:00"},"geometry":{"type":"Point","coordinates":[126.52221287,33.515190304]}},{"type":"Feature","id":"bffca21fa9f5ff62b077c007a3f17ac11d9f30128d18902a8c590f43830aeffd-1","properties":{"facility_id":"bffca21fa9f5ff62b077c007a3f17ac11d9f30128d18902a8c590f43830aeffd","point_ordinal":1,"zone_group_id":"501101015213","source_manage_no":"501101015213","facility_name":"제주삼성어린이집","sgg_code":"50110","facility_type_code":"1","api_first_registered_on":null,"api_last_modified_on":null,"updated_at":"2026-07-25T01:27:52.347112+00:00"},"geometry":{"type":"Point","coordinates":[126.527887694,33.505510552]}},{"type":"Feature","id":"2e54eb0b9bc4f7478fe5dbbb825af5c2f08d358a4d377aac1894c51f46091b76-1","properties":{"facility_id":"2e54eb0b9bc4f7478fe5dbbb825af5c2f08d358a4d377aac1894c51f46091b76","point_ordinal":1,"zone_group_id":"501101015204","source_manage_no":"501101015204","facility_name":"제주서초등학교","sgg_code":"50110","facility_type_code":"1","api_first_registered_on":null,"api_last_modified_on":"2025-04-14","updated_at":"2026-07-25T01:27:52.347112+00:00"},"geometry":{"type":"Point","coordinates":[126.510787084,33.512500282]}},{"type":"Feature","id":"c061f1c85a6fd80f6a8cca6695a3f683be1ac360c94104a2fce35f6c8eca936b-1","properties":{"facility_id":"c061f1c85a6fd80f6a8cca6695a3f683be1ac360c94104a2fce35f6c8eca936b","point_ordinal":1,"zone_group_id":"501101029053","source_manage_no":"501101029053","facility_name":"제주서초등학교 병설유치원","sgg_code":"50110","facility_type_code":"1","api_first_registered_on":null,"api_last_modified_on":"2025-04-14","updated_at":"2026-07-25T01:27:52.347112+00:00"},"geometry":{"type":"Point","coordinates":[126.511142933,33.511619898]}},{"type":"Feature","id":"f22886ef23ecbb25cf8acba264049007e9f8caabd8ef7cd83c477b5c48ceac4b-1","properties":{"facility_id":"f22886ef23ecbb25cf8acba264049007e9f8caabd8ef7cd83c477b5c48ceac4b","point_ordinal":1,"zone_group_id":"501102015220","source_manage_no":"501102015220","facility_name":"제주시 노인복지회관","sgg_code":"50110","facility_type_code":"2","api_first_registered_on":null,"api_last_modified_on":null,"updated_at":"2026-07-25T01:27:52.347112+00:00"},"geometry":{"type":"Point","coordinates":[126.535621489,33.501286903]}},{"type":"Feature","id":"b7b2a0f452523b52fdab267329e60a48951cd8ea01697c1c8c18b50ac4a5384a-1","properties":{"facility_id":"b7b2a0f452523b52fdab267329e60a48951cd8ea01697c1c8c18b50ac4a5384a","point_ordinal":1,"zone_group_id":"501103028693","source_manage_no":"501103028693","facility_name":"제주시 동백주간 활동센터","sgg_code":"50110","facility_type_code":"3","api_first_registered_on":null,"api_last_modified_on":"2025-03-24","updated_at":"2026-07-25T01:27:52.347112+00:00"},"geometry":{"type":"Point","coordinates":[126.701766304,33.54299616]}},{"type":"Feature","id":"c8d12d6ee67aa278f040c1f63b2c31ffe46ae90727d1886dc05b382bacb2a5d1-1","properties":{"facility_id":"c8d12d6ee67aa278f040c1f63b2c31ffe46ae90727d1886dc05b382bacb2a5d1","point_ordinal":1,"zone_group_id":"501103015300","source_manage_no":"501103015300","facility_name":"제주애덕의 집&가를로의 집","sgg_code":"50110","facility_type_code":"3","api_first_registered_on":null,"api_last_modified_on":null,"updated_at":"2026-07-25T01:27:52.347112+00:00"},"geometry":{"type":"Point","coordinates":[126.557850159,33.490553751]}},{"type":"Feature","id":"5f121fc15844440959d655f29f22224a206af2517da2bb2d582f6ad1929a1365-1","properties":{"facility_id":"5f121fc15844440959d655f29f22224a206af2517da2bb2d582f6ad1929a1365","point_ordinal":1,"zone_group_id":"501101015133","source_manage_no":"501101015133","facility_name":"제주어린이집","sgg_code":"50110","facility_type_code":"1","api_first_registered_on":null,"api_last_modified_on":null,"updated_at":"2026-07-25T01:27:52.347112+00:00"},"geometry":{"type":"Point","coordinates":[126.552245439,33.478380201]}},{"type":"Feature","id":"fbfd78a7ab16561114a9c6806386b25a3d5145031113f83ab752d8878b4b0459-1","properties":{"facility_id":"fbfd78a7ab16561114a9c6806386b25a3d5145031113f83ab752d8878b4b0459","point_ordinal":1,"zone_group_id":"501101015229","source_manage_no":"501101019371","facility_name":"제주영락어린이집","sgg_code":"50110","facility_type_code":"1","api_first_registered_on":null,"api_last_modified_on":null,"updated_at":"2026-07-25T01:27:52.347112+00:00"},"geometry":{"type":"Point","coordinates":[126.543539379,33.511416356]}},{"type":"Feature","id":"326d6bc14cce238357cc1866d50517cee821f775c2cb00c4e1db91feedecc2c6-1","properties":{"facility_id":"326d6bc14cce238357cc1866d50517cee821f775c2cb00c4e1db91feedecc2c6","point_ordinal":1,"zone_group_id":"501101015229","source_manage_no":"501101015229","facility_name":"제주영락유치원","sgg_code":"50110","facility_type_code":"1","api_first_registered_on":null,"api_last_modified_on":null,"updated_at":"2026-07-25T01:27:52.347112+00:00"},"geometry":{"type":"Point","coordinates":[126.543551139,33.511485896]}},{"type":"Feature","id":"e9638fe0e0f62c9aa47dc0174ef0fc65186f5bdaad934af52889015ba19d7790-1","properties":{"facility_id":"e9638fe0e0f62c9aa47dc0174ef0fc65186f5bdaad934af52889015ba19d7790","point_ordinal":1,"zone_group_id":"501101015161","source_manage_no":"501101015161","facility_name":"제주영송학교","sgg_code":"50110","facility_type_code":"1","api_first_registered_on":null,"api_last_modified_on":"2025-04-15","updated_at":"2026-07-25T01:27:52.347112+00:00"},"geometry":{"type":"Point","coordinates":[126.43498897,33.449153199]}},{"type":"Feature","id":"ad43f9a347ec6c31896e092d48e684d76cf1d6547e4910ec347ab94d1f384d83-1","properties":{"facility_id":"ad43f9a347ec6c31896e092d48e684d76cf1d6547e4910ec347ab94d1f384d83","point_ordinal":1,"zone_group_id":"501101015221","source_manage_no":"501101015221","facility_name":"제주영지학교","sgg_code":"50110","facility_type_code":"1","api_first_registered_on":null,"api_last_modified_on":null,"updated_at":"2026-07-25T01:27:52.347112+00:00"},"geometry":{"type":"Point","coordinates":[126.542508502,33.48883976]}},{"type":"Feature","id":"25f82033cd48cd4dbb11bcc538a6e3b31cda61f7f3d9c041cf60ba76bda10692-1","properties":{"facility_id":"25f82033cd48cd4dbb11bcc538a6e3b31cda61f7f3d9c041cf60ba76bda10692","point_ordinal":1,"zone_group_id":"501103015183","source_manage_no":"501103015183","facility_name":"제주장애인요양원&제주케어하우스","sgg_code":"50110","facility_type_code":"3","api_first_registered_on":null,"api_last_modified_on":null,"updated_at":"2026-07-25T01:27:52.347112+00:00"},"geometry":{"type":"Point","coordinates":[126.571491523,33.453939456]}},{"type":"Feature","id":"e56a2b216fd49ca21b8947ebac90cc6e89df1208fb0f0e27ec0ea3ccbf1ba0fc-1","properties":{"facility_id":"e56a2b216fd49ca21b8947ebac90cc6e89df1208fb0f0e27ec0ea3ccbf1ba0fc","point_ordinal":1,"zone_group_id":"501101015114","source_manage_no":"501101015114","facility_name":"제주중앙초등학교","sgg_code":"50110","facility_type_code":"1","api_first_registered_on":null,"api_last_modified_on":"2025-04-14","updated_at":"2026-07-25T01:27:52.347112+00:00"},"geometry":{"type":"Point","coordinates":[126.515761884,33.502131201]}},{"type":"Feature","id":"226584b3f3b34334d1b20b5599137d6336f2e1a98ed4ff64d78071157f4e449e-1","properties":{"facility_id":"226584b3f3b34334d1b20b5599137d6336f2e1a98ed4ff64d78071157f4e449e","point_ordinal":1,"zone_group_id":"501101029058","source_manage_no":"501101029058","facility_name":"제주중앙초등학교 병설유치원","sgg_code":"50110","facility_type_code":"1","api_first_registered_on":null,"api_last_modified_on":"2025-04-14","updated_at":"2026-07-25T01:27:52.347112+00:00"},"geometry":{"type":"Point","coordinates":[126.516276231,33.50216758]}},{"type":"Feature","id":"9a9582c1842624a5cff0a147e97fe631177aa05d888b5d13d2c5b168d8ca45d1-1","properties":{"facility_id":"9a9582c1842624a5cff0a147e97fe631177aa05d888b5d13d2c5b168d8ca45d1","point_ordinal":1,"zone_group_id":"501101015173","source_manage_no":"501101015173","facility_name":"제주충신유치원","sgg_code":"50110","facility_type_code":"1","api_first_registered_on":null,"api_last_modified_on":null,"updated_at":"2026-07-25T01:27:52.347112+00:00"},"geometry":{"type":"Point","coordinates":[126.489181922,33.477890917]}},{"type":"Feature","id":"19333e858230a3e0a9ebbbeb4dbe1edd9202d95190eb8c7a6766373c42379bf5-1","properties":{"facility_id":"19333e858230a3e0a9ebbbeb4dbe1edd9202d95190eb8c7a6766373c42379bf5","point_ordinal":1,"zone_group_id":"501103026188","source_manage_no":"501103026188","facility_name":"제주특별자치도장애인종합복지관","sgg_code":"50110","facility_type_code":"3","api_first_registered_on":null,"api_last_modified_on":null,"updated_at":"2026-07-25T01:27:52.347112+00:00"},"geometry":{"type":"Point","coordinates":[126.553002901,33.452572601]}},{"type":"Feature","id":"2ef1ae8ac05d86885253d2cb96bd8e146878a5bca2aeb54dc7db36ee331ca792-1","properties":{"facility_id":"2ef1ae8ac05d86885253d2cb96bd8e146878a5bca2aeb54dc7db36ee331ca792","point_ordinal":1,"zone_group_id":"501101015099","source_manage_no":"501101015099","facility_name":"제주한라대학부설유치원","sgg_code":"50110","facility_type_code":"1","api_first_registered_on":null,"api_last_modified_on":null,"updated_at":"2026-07-25T01:27:52.347112+00:00"},"geometry":{"type":"Point","coordinates":[126.47683597,33.475255234]}},{"type":"Feature","id":"f47dee73fcc8cc5c9c33413f4acea522500226dfbd9d8f9d28bbcc60aeb2a19c-1","properties":{"facility_id":"f47dee73fcc8cc5c9c33413f4acea522500226dfbd9d8f9d28bbcc60aeb2a19c","point_ordinal":1,"zone_group_id":"501102025796","source_manage_no":"501102025796","facility_name":"조수1리 경로당","sgg_code":"50110","facility_type_code":"2","api_first_registered_on":null,"api_last_modified_on":null,"updated_at":"2026-07-25T01:27:52.347112+00:00"},"geometry":{"type":"Point","coordinates":[126.228468542,33.337308765]}},{"type":"Feature","id":"cb79ff65241043c924f5b9b878c6e16f5d23cf5924e0af8ee438f8966014e94c-1","properties":{"facility_id":"cb79ff65241043c924f5b9b878c6e16f5d23cf5924e0af8ee438f8966014e94c","point_ordinal":1,"zone_group_id":"501102015244","source_manage_no":"501102015244","facility_name":"조천리경로당","sgg_code":"50110","facility_type_code":"2","api_first_registered_on":null,"api_last_modified_on":null,"updated_at":"2026-07-25T01:27:52.347112+00:00"},"geometry":{"type":"Point","coordinates":[126.639715053,33.538148362]}},{"type":"Feature","id":"cd3ad1a1998c65ce6b9014ffd7019f9abb6e08f814c4b51331121b6d2a82a12b-1","properties":{"facility_id":"cd3ad1a1998c65ce6b9014ffd7019f9abb6e08f814c4b51331121b6d2a82a12b","point_ordinal":1,"zone_group_id":"501101029088","source_manage_no":"501101029088","facility_name":"조천삼일어린이집","sgg_code":"50110","facility_type_code":"1","api_first_registered_on":null,"api_last_modified_on":"2025-04-14","updated_at":"2026-07-25T01:27:52.347112+00:00"},"geometry":{"type":"Point","coordinates":[126.635368719,33.534666804]}},{"type":"Feature","id":"2b3f8a0a6b64e441563f030b0c118a2545afe498f9ae8be5e1c42bdedf78f3ec-1","properties":{"facility_id":"2b3f8a0a6b64e441563f030b0c118a2545afe498f9ae8be5e1c42bdedf78f3ec","point_ordinal":1,"zone_group_id":"501101015245","source_manage_no":"501101015245","facility_name":"조천초등학교","sgg_code":"50110","facility_type_code":"1","api_first_registered_on":null,"api_last_modified_on":"2025-04-14","updated_at":"2026-07-25T01:27:52.347112+00:00"},"geometry":{"type":"Point","coordinates":[126.633608135,33.534931028]}},{"type":"Feature","id":"3d26b59090e190f4f70818377e20ae702ffc93aa1a8ba33db4c1e4c2fb76b7b0-1","properties":{"facility_id":"3d26b59090e190f4f70818377e20ae702ffc93aa1a8ba33db4c1e4c2fb76b7b0","point_ordinal":1,"zone_group_id":"501101029087","source_manage_no":"501101029087","facility_name":"조천초등학교 병설유치원","sgg_code":"50110","facility_type_code":"1","api_first_registered_on":null,"api_last_modified_on":"2025-04-14","updated_at":"2026-07-25T01:27:52.347112+00:00"},"geometry":{"type":"Point","coordinates":[126.634354296,33.535672596]}},{"type":"Feature","id":"bcfb338054675f4a6ab395e378d1cf656df237035aca817817f488305cabb006-1","properties":{"facility_id":"bcfb338054675f4a6ab395e378d1cf656df237035aca817817f488305cabb006","point_ordinal":1,"zone_group_id":"501101015246","source_manage_no":"501101015246","facility_name":"조천초등학교교래분교","sgg_code":"50110","facility_type_code":"1","api_first_registered_on":null,"api_last_modified_on":null,"updated_at":"2026-07-25T01:27:52.347112+00:00"},"geometry":{"type":"Point","coordinates":[126.678013765,33.436769978]}},{"type":"Feature","id":"7d7a29ba3c84344694981e8aaab9ebfbd93e940442532cd16af8df41f7a97a9d-1","properties":{"facility_id":"7d7a29ba3c84344694981e8aaab9ebfbd93e940442532cd16af8df41f7a97a9d","point_ordinal":1,"zone_group_id":"501101015072","source_manage_no":"501101015072","facility_name":"종달초등학교","sgg_code":"50110","facility_type_code":"1","api_first_registered_on":null,"api_last_modified_on":null,"updated_at":"2026-07-25T01:27:52.347112+00:00"},"geometry":{"type":"Point","coordinates":[126.896907352,33.492072528]}},{"type":"Feature","id":"5260b8419578c7871f3e992779ee73003ba22b135d4256d55be62d76b09901fb-1","properties":{"facility_id":"5260b8419578c7871f3e992779ee73003ba22b135d4256d55be62d76b09901fb","point_ordinal":1,"zone_group_id":"501101029060","source_manage_no":"501101029060","facility_name":"종달초등학교 병설유치원","sgg_code":"50110","facility_type_code":"1","api_first_registered_on":null,"api_last_modified_on":"2025-04-14","updated_at":"2026-07-25T01:27:52.347112+00:00"},"geometry":{"type":"Point","coordinates":[126.896766861,33.492480495]}},{"type":"Feature","id":"aa31b0090ad4fec24d8c084fa586913a70d2fff1cde88421c855be711f8f664b-1","properties":{"facility_id":"aa31b0090ad4fec24d8c084fa586913a70d2fff1cde88421c855be711f8f664b","point_ordinal":1,"zone_group_id":"501101015162","source_manage_no":"501101015162","facility_name":"주사랑어린이집","sgg_code":"50110","facility_type_code":"1","api_first_registered_on":null,"api_last_modified_on":null,"updated_at":"2026-07-25T01:27:52.347112+00:00"},"geometry":{"type":"Point","coordinates":[126.330789007,33.457999943]}},{"type":"Feature","id":"f906010b5a0db7dfca8ef5dcc33d4c72f8d1d859de65ca47fe3571667b41b986-1","properties":{"facility_id":"f906010b5a0db7dfca8ef5dcc33d4c72f8d1d859de65ca47fe3571667b41b986","point_ordinal":1,"zone_group_id":"501101015230","source_manage_no":"501101015230","facility_name":"중앙유치원","sgg_code":"50110","facility_type_code":"1","api_first_registered_on":null,"api_last_modified_on":null,"updated_at":"2026-07-25T01:27:52.347112+00:00"},"geometry":{"type":"Point","coordinates":[126.539846983,33.511520374]}},{"type":"Feature","id":"958631f6481e004e3b2c8247f338f1fa7e1764380a2b6b0c0627c87246406d6e-1","properties":{"facility_id":"958631f6481e004e3b2c8247f338f1fa7e1764380a2b6b0c0627c87246406d6e","point_ordinal":1,"zone_group_id":"501102026186","source_manage_no":"501102026186","facility_name":"중엄노인회관","sgg_code":"50110","facility_type_code":"2","api_first_registered_on":null,"api_last_modified_on":null,"updated_at":"2026-07-25T01:27:52.347112+00:00"},"geometry":{"type":"Point","coordinates":[126.372695382,33.474004089]}},{"type":"Feature","id":"310371c76224c25dba428a1f5067b6fe477f81ac358709f934bc5e7f4e4cb259-1","properties":{"facility_id":"310371c76224c25dba428a1f5067b6fe477f81ac358709f934bc5e7f4e4cb259","point_ordinal":1,"zone_group_id":"501103015163","source_manage_no":"501103015163","facility_name":"창암재활원","sgg_code":"50110","facility_type_code":"3","api_first_registered_on":null,"api_last_modified_on":null,"updated_at":"2026-07-25T01:27:52.347112+00:00"},"geometry":{"type":"Point","coordinates":[126.417156894,33.408809556]}},{"type":"Feature","id":"1f13a1f2536064318cfaa46ef345cd16a25e170ca6fe109e146ce820fd9f065f-1","properties":{"facility_id":"1f13a1f2536064318cfaa46ef345cd16a25e170ca6fe109e146ce820fd9f065f","point_ordinal":1,"zone_group_id":"501102025811","source_manage_no":"501102025811","facility_name":"청수리 경로당","sgg_code":"50110","facility_type_code":"2","api_first_registered_on":null,"api_last_modified_on":null,"updated_at":"2026-07-25T01:27:52.347112+00:00"},"geometry":{"type":"Point","coordinates":[126.247526896,33.318101563]}},{"type":"Feature","id":"daaa088d7383f7610a11e66202c391f681e13853c5da872523a9b510df42936e-1","properties":{"facility_id":"daaa088d7383f7610a11e66202c391f681e13853c5da872523a9b510df42936e","point_ordinal":1,"zone_group_id":"501101015102","source_manage_no":"501101015102","facility_name":"추자초등학교","sgg_code":"50110","facility_type_code":"1","api_first_registered_on":null,"api_last_modified_on":"2025-04-15","updated_at":"2026-07-25T01:27:52.347112+00:00"},"geometry":{"type":"Point","coordinates":[126.29574335,33.963606395]}},{"type":"Feature","id":"ec0d756af33b03b90685c68e2f461d648ca3c0b839515f0efd81fe45f3c9c8d2-1","properties":{"facility_id":"ec0d756af33b03b90685c68e2f461d648ca3c0b839515f0efd81fe45f3c9c8d2","point_ordinal":1,"zone_group_id":"501101029102","source_manage_no":"501101029102","facility_name":"추자초등학교 병설유치원","sgg_code":"50110","facility_type_code":"1","api_first_registered_on":null,"api_last_modified_on":"2025-04-15","updated_at":"2026-07-25T01:27:52.347112+00:00"},"geometry":{"type":"Point","coordinates":[126.295302708,33.96429536]}},{"type":"Feature","id":"ced6dfc4cd69860c1b06b25859f56af9a51d15d1733f3e76af9b137107a717e7-1","properties":{"facility_id":"ced6dfc4cd69860c1b06b25859f56af9a51d15d1733f3e76af9b137107a717e7","point_ordinal":1,"zone_group_id":"501101029103","source_manage_no":"501101029103","facility_name":"추자초등학교 신양분교 병설유치원","sgg_code":"50110","facility_type_code":"1","api_first_registered_on":null,"api_last_modified_on":"2025-04-15","updated_at":"2026-07-25T01:27:52.347112+00:00"},"geometry":{"type":"Point","coordinates":[126.325612121,33.945126212]}},{"type":"Feature","id":"120a8b0317a42cfb9a3f533fcbb96dee0ed4fef66b0254c0258ee3820005fda4-1","properties":{"facility_id":"120a8b0317a42cfb9a3f533fcbb96dee0ed4fef66b0254c0258ee3820005fda4","point_ordinal":1,"zone_group_id":"501101015252","source_manage_no":"501101015252","facility_name":"추자초등학교신양분교","sgg_code":"50110","facility_type_code":"1","api_first_registered_on":null,"api_last_modified_on":"2025-04-15","updated_at":"2026-07-25T01:27:52.347112+00:00"},"geometry":{"type":"Point","coordinates":[126.325914468,33.944183997]}},{"type":"Feature","id":"361297b482f76d62fe3ec126a0c44851407b4152ccb3624f59c1b252630491e0-1","properties":{"facility_id":"361297b482f76d62fe3ec126a0c44851407b4152ccb3624f59c1b252630491e0","point_ordinal":1,"zone_group_id":"501101015084","source_manage_no":"501101029157","facility_name":"큰숲어린이집","sgg_code":"50110","facility_type_code":"1","api_first_registered_on":null,"api_last_modified_on":"2025-04-15","updated_at":"2026-07-25T01:27:52.347112+00:00"},"geometry":{"type":"Point","coordinates":[126.464150449,33.470874267]}},{"type":"Feature","id":"786e3f83d34ca52efbc8690b6f8159b33e5a4cb287cd4ee1064961c734f7dc1b-1","properties":{"facility_id":"786e3f83d34ca52efbc8690b6f8159b33e5a4cb287cd4ee1064961c734f7dc1b","point_ordinal":1,"zone_group_id":"501103027193","source_manage_no":"501103027193","facility_name":"탐라장애인복지관","sgg_code":"50110","facility_type_code":"3","api_first_registered_on":null,"api_last_modified_on":null,"updated_at":"2026-07-25T01:27:52.347112+00:00"},"geometry":{"type":"Point","coordinates":[126.525111994,33.501414977]}},{"type":"Feature","id":"9437b11e8b0fe9a42bf9fae2ce73b8d3c0007ee7116d06420bba1b4f7519387d-1","properties":{"facility_id":"9437b11e8b0fe9a42bf9fae2ce73b8d3c0007ee7116d06420bba1b4f7519387d","point_ordinal":1,"zone_group_id":"501101029036","source_manage_no":"501101029036","facility_name":"펀키즈어린이집","sgg_code":"50110","facility_type_code":"1","api_first_registered_on":null,"api_last_modified_on":"2025-04-14","updated_at":"2026-07-25T01:27:52.347112+00:00"},"geometry":{"type":"Point","coordinates":[126.436136593,33.491461027]}},{"type":"Feature","id":"cde4abb8242723f05dedb4f36c950d947905b5e388e284ac57f7aedb1b6c9387-1","properties":{"facility_id":"cde4abb8242723f05dedb4f36c950d947905b5e388e284ac57f7aedb1b6c9387","point_ordinal":1,"zone_group_id":"501102015074","source_manage_no":"501102015074","facility_name":"평대리경로당","sgg_code":"50110","facility_type_code":"2","api_first_registered_on":null,"api_last_modified_on":null,"updated_at":"2026-07-25T01:27:52.347112+00:00"},"geometry":{"type":"Point","coordinates":[126.842508014,33.528351473]}},{"type":"Feature","id":"1ffd96dc6fed29300726c88af84613824378fb19c6a510ca51903c44ef4ec73e-1","properties":{"facility_id":"1ffd96dc6fed29300726c88af84613824378fb19c6a510ca51903c44ef4ec73e","point_ordinal":1,"zone_group_id":"501102015075","source_manage_no":"501102015075","facility_name":"평대리동동경로당","sgg_code":"50110","facility_type_code":"2","api_first_registered_on":null,"api_last_modified_on":null,"updated_at":"2026-07-25T01:27:52.347112+00:00"},"geometry":{"type":"Point","coordinates":[126.848824757,33.52467788]}},{"type":"Feature","id":"5013d24fc4c9a3bd963ccf28330c2b73188c34fb2f330f597ca24c8c1d884214-1","properties":{"facility_id":"5013d24fc4c9a3bd963ccf28330c2b73188c34fb2f330f597ca24c8c1d884214","point_ordinal":1,"zone_group_id":"501101015076","source_manage_no":"501101015076","facility_name":"평대초등학교","sgg_code":"50110","facility_type_code":"1","api_first_registered_on":null,"api_last_modified_on":"2025-04-14","updated_at":"2026-07-25T01:27:52.347112+00:00"},"geometry":{"type":"Point","coordinates":[126.839615542,33.529183906]}},{"type":"Feature","id":"c150a2526bc87250a78b0ceaa92d05cf1a637578a4e92b7fc9ce93cff079c589-1","properties":{"facility_id":"c150a2526bc87250a78b0ceaa92d05cf1a637578a4e92b7fc9ce93cff079c589","point_ordinal":1,"zone_group_id":"501101029069","source_manage_no":"501101029069","facility_name":"평대초등학교 병설유치원","sgg_code":"50110","facility_type_code":"1","api_first_registered_on":null,"api_last_modified_on":"2025-04-14","updated_at":"2026-07-25T01:27:52.347112+00:00"},"geometry":{"type":"Point","coordinates":[126.840507711,33.529517249]}},{"type":"Feature","id":"b862e709a3822595e3a79a39b709a025c6b78e81db3822f0e104e312f5ed7aae-1","properties":{"facility_id":"b862e709a3822595e3a79a39b709a025c6b78e81db3822f0e104e312f5ed7aae","point_ordinal":1,"zone_group_id":"501101025439","source_manage_no":"501101025439","facility_name":"프라임국제어린이집","sgg_code":"50110","facility_type_code":"1","api_first_registered_on":null,"api_last_modified_on":null,"updated_at":"2026-07-25T01:27:52.347112+00:00"},"geometry":{"type":"Point","coordinates":[126.579359073,33.518126793]}},{"type":"Feature","id":"bf03280ee0454144ea1b0556e03d085006fc694481307e9051d9c31b3bf16eaa-1","properties":{"facility_id":"bf03280ee0454144ea1b0556e03d085006fc694481307e9051d9c31b3bf16eaa","point_ordinal":1,"zone_group_id":"501102020302","source_manage_no":"501102020302","facility_name":"하가리경로당","sgg_code":"50110","facility_type_code":"2","api_first_registered_on":null,"api_last_modified_on":null,"updated_at":"2026-07-25T01:27:52.347112+00:00"},"geometry":{"type":"Point","coordinates":[126.350114108,33.457090986]}},{"type":"Feature","id":"7edfe9089eb2d609512b3d98de0ee382140a49db170fa125f3b4183556b08ab2-1","properties":{"facility_id":"7edfe9089eb2d609512b3d98de0ee382140a49db170fa125f3b4183556b08ab2","point_ordinal":1,"zone_group_id":"501102026790","source_manage_no":"501102026790","facility_name":"하귀2리 경로당","sgg_code":"50110","facility_type_code":"2","api_first_registered_on":null,"api_last_modified_on":null,"updated_at":"2026-07-25T01:27:52.347112+00:00"},"geometry":{"type":"Point","coordinates":[126.403041312,33.478663621]}},{"type":"Feature","id":"ff1675e8ee89ea702a5dfcbf0dcd3b4195be1519ac231ab5b3a1533bf72e3375-1","properties":{"facility_id":"ff1675e8ee89ea702a5dfcbf0dcd3b4195be1519ac231ab5b3a1533bf72e3375","point_ordinal":1,"zone_group_id":"501101015164","source_manage_no":"501101015164","facility_name":"하귀일초등학교","sgg_code":"50110","facility_type_code":"1","api_first_registered_on":null,"api_last_modified_on":"2025-04-14","updated_at":"2026-07-25T01:27:52.347112+00:00"},"geometry":{"type":"Point","coordinates":[126.415046428,33.48419973]}},{"type":"Feature","id":"0078783a2ae0bb7f14893093c18fef9fda432d335339ae225a5aeecfb574775d-1","properties":{"facility_id":"0078783a2ae0bb7f14893093c18fef9fda432d335339ae225a5aeecfb574775d","point_ordinal":1,"zone_group_id":"501101029039","source_manage_no":"501101029039","facility_name":"하귀일초등학교 병설유치원","sgg_code":"50110","facility_type_code":"1","api_first_registered_on":null,"api_last_modified_on":"2025-04-14","updated_at":"2026-07-25T01:27:52.347112+00:00"},"geometry":{"type":"Point","coordinates":[126.415005679,33.483891166]}},{"type":"Feature","id":"51fc309114b982b9c386def3b6206a20965772e0a14ff45993afe87c9967b046-1","properties":{"facility_id":"51fc309114b982b9c386def3b6206a20965772e0a14ff45993afe87c9967b046","point_ordinal":1,"zone_group_id":"501101015166","source_manage_no":"501101015166","facility_name":"하귀초등학교","sgg_code":"50110","facility_type_code":"1","api_first_registered_on":null,"api_last_modified_on":"2025-04-14","updated_at":"2026-07-25T01:27:52.347112+00:00"},"geometry":{"type":"Point","coordinates":[126.401922857,33.480187917]}},{"type":"Feature","id":"b542e0b7111a1c310edc5e6aa9cc6858c74ab7cfa6ee60362eda336aaaca5d47-1","properties":{"facility_id":"b542e0b7111a1c310edc5e6aa9cc6858c74ab7cfa6ee60362eda336aaaca5d47","point_ordinal":1,"zone_group_id":"501101029063","source_manage_no":"501101029063","facility_name":"하귀초등학교 병설유치원","sgg_code":"50110","facility_type_code":"1","api_first_registered_on":null,"api_last_modified_on":"2025-04-14","updated_at":"2026-07-25T01:27:52.347112+00:00"},"geometry":{"type":"Point","coordinates":[126.401946155,33.479796485]}},{"type":"Feature","id":"0f0381de53f1aa577a44e9d3731ede8aa7a778855d0221f069e65a3ad4a30551-1","properties":{"facility_id":"0f0381de53f1aa577a44e9d3731ede8aa7a778855d0221f069e65a3ad4a30551","point_ordinal":1,"zone_group_id":"501103029399","source_manage_no":"501103029399","facility_name":"하나원","sgg_code":"50110","facility_type_code":"3","api_first_registered_on":"2025-04-30","api_last_modified_on":"2025-07-18","updated_at":"2026-07-25T01:27:52.347112+00:00"},"geometry":{"type":"Point","coordinates":[126.681750797,33.490304908]}},{"type":"Feature","id":"88a8fb105e09d3b5f9b9c569aed039c7ba733893821169a9171aa934b24c225e-1","properties":{"facility_id":"88a8fb105e09d3b5f9b9c569aed039c7ba733893821169a9171aa934b24c225e","point_ordinal":1,"zone_group_id":"501102015078","source_manage_no":"501102015078","facility_name":"하도리경로당","sgg_code":"50110","facility_type_code":"2","api_first_registered_on":null,"api_last_modified_on":null,"updated_at":"2026-07-25T01:27:52.347112+00:00"},"geometry":{"type":"Point","coordinates":[126.883593083,33.51764928]}},{"type":"Feature","id":"f869f5226afe154d5678c7c3139daab1e87e93437b9d41bd5bde5942127a274a-1","properties":{"facility_id":"f869f5226afe154d5678c7c3139daab1e87e93437b9d41bd5bde5942127a274a","point_ordinal":1,"zone_group_id":"501101015079","source_manage_no":"501101015079","facility_name":"하도초등학교","sgg_code":"50110","facility_type_code":"1","api_first_registered_on":null,"api_last_modified_on":"2025-04-14","updated_at":"2026-07-25T01:27:52.347112+00:00"},"geometry":{"type":"Point","coordinates":[126.878541509,33.517849525]}},{"type":"Feature","id":"19dc7116d3bf8ced89135d7280913ae302cfe8fb4063e66d75fd5aaaa68045ca-1","properties":{"facility_id":"19dc7116d3bf8ced89135d7280913ae302cfe8fb4063e66d75fd5aaaa68045ca","point_ordinal":1,"zone_group_id":"501101029085","source_manage_no":"501101029085","facility_name":"하도초등학교 병설유치원","sgg_code":"50110","facility_type_code":"1","api_first_registered_on":null,"api_last_modified_on":"2025-04-14","updated_at":"2026-07-25T01:27:52.347112+00:00"},"geometry":{"type":"Point","coordinates":[126.878444276,33.517563247]}},{"type":"Feature","id":"11ba0269527ce637ee2799d75b08255dfb23237d61c45fc4e7bf849b37afb3ca-1","properties":{"facility_id":"11ba0269527ce637ee2799d75b08255dfb23237d61c45fc4e7bf849b37afb3ca","point_ordinal":1,"zone_group_id":"501101015081","source_manage_no":"501101015081","facility_name":"한동초등학교","sgg_code":"50110","facility_type_code":"1","api_first_registered_on":null,"api_last_modified_on":"2025-04-14","updated_at":"2026-07-25T01:27:52.347112+00:00"},"geometry":{"type":"Point","coordinates":[126.828314527,33.538061315]}},{"type":"Feature","id":"a5cdda209351030312b45c7a116dd532c7298485dbce59be7b53f3b861439b2f-1","properties":{"facility_id":"a5cdda209351030312b45c7a116dd532c7298485dbce59be7b53f3b861439b2f","point_ordinal":1,"zone_group_id":"501101029086","source_manage_no":"501101029086","facility_name":"한동초등학교 병설유치원","sgg_code":"50110","facility_type_code":"1","api_first_registered_on":null,"api_last_modified_on":"2025-04-14","updated_at":"2026-07-25T01:27:52.347112+00:00"},"geometry":{"type":"Point","coordinates":[126.828315368,33.53876061]}},{"type":"Feature","id":"a761b3d18326986fe04468604b27a342bc62a52dee0d3920f461337d8a323aac-1","properties":{"facility_id":"a761b3d18326986fe04468604b27a342bc62a52dee0d3920f461337d8a323aac","point_ordinal":1,"zone_group_id":"501101015175","source_manage_no":"501101015175","facility_name":"한라유치원","sgg_code":"50110","facility_type_code":"1","api_first_registered_on":null,"api_last_modified_on":null,"updated_at":"2026-07-25T01:27:52.347112+00:00"},"geometry":{"type":"Point","coordinates":[126.491859357,33.479960068]}},{"type":"Feature","id":"a8c2df0599a9c1134acb8add049da5e6116f432f7b617e3f778b0a0e2c4cb748-1","properties":{"facility_id":"a8c2df0599a9c1134acb8add049da5e6116f432f7b617e3f778b0a0e2c4cb748","point_ordinal":1,"zone_group_id":"501101015100","source_manage_no":"501101015100","facility_name":"한라초등학교","sgg_code":"50110","facility_type_code":"1","api_first_registered_on":null,"api_last_modified_on":null,"updated_at":"2026-07-25T01:27:52.347112+00:00"},"geometry":{"type":"Point","coordinates":[126.487155604,33.478144947]}},{"type":"Feature","id":"2eb02055e0a87dc7f9bdcb4dc510787c2d55cb0370f52d4df58d00a48e19ba47-1","properties":{"facility_id":"2eb02055e0a87dc7f9bdcb4dc510787c2d55cb0370f52d4df58d00a48e19ba47","point_ordinal":1,"zone_group_id":"501102024959","source_manage_no":"501102024959","facility_name":"한림2리경로당","sgg_code":"50110","facility_type_code":"2","api_first_registered_on":null,"api_last_modified_on":null,"updated_at":"2026-07-25T01:27:52.347112+00:00"},"geometry":{"type":"Point","coordinates":[126.26884316,33.414586636]}},{"type":"Feature","id":"9df79532e59e764978ed2b59a48acf63523435172d6409fe2c76383fda7e1e34-1","properties":{"facility_id":"9df79532e59e764978ed2b59a48acf63523435172d6409fe2c76383fda7e1e34","point_ordinal":1,"zone_group_id":"501102025797","source_manage_no":"501102025797","facility_name":"한림3리경로당","sgg_code":"50110","facility_type_code":"2","api_first_registered_on":null,"api_last_modified_on":null,"updated_at":"2026-07-25T01:27:52.347112+00:00"},"geometry":{"type":"Point","coordinates":[126.284218444,33.412826382]}},{"type":"Feature","id":"7ebe6b4e9c82544c8315b7f77715a0d361dc69aa751771365602037f008e8708-1","properties":{"facility_id":"7ebe6b4e9c82544c8315b7f77715a0d361dc69aa751771365602037f008e8708","point_ordinal":1,"zone_group_id":"501101015281","source_manage_no":"501101015281","facility_name":"한림성모유치원","sgg_code":"50110","facility_type_code":"1","api_first_registered_on":null,"api_last_modified_on":null,"updated_at":"2026-07-25T01:27:52.347112+00:00"},"geometry":{"type":"Point","coordinates":[126.265905444,33.417859135]}},{"type":"Feature","id":"578c3eb232837638ff5036b7d4df71a5054c3dbc974d6b1e716ed7ef37696ef5-1","properties":{"facility_id":"578c3eb232837638ff5036b7d4df71a5054c3dbc974d6b1e716ed7ef37696ef5","point_ordinal":1,"zone_group_id":"501101015282","source_manage_no":"501101015282","facility_name":"한림원광어린이집","sgg_code":"50110","facility_type_code":"1","api_first_registered_on":null,"api_last_modified_on":null,"updated_at":"2026-07-25T01:27:52.347112+00:00"},"geometry":{"type":"Point","coordinates":[126.270903002,33.41504975]}},{"type":"Feature","id":"c6e348a15125a1b8751648d44eda09e2a29a9a872e05c077a6279191fa8caece-1","properties":{"facility_id":"c6e348a15125a1b8751648d44eda09e2a29a9a872e05c077a6279191fa8caece","point_ordinal":1,"zone_group_id":"501101015286","source_manage_no":"501101015286","facility_name":"한림초등학교","sgg_code":"50110","facility_type_code":"1","api_first_registered_on":null,"api_last_modified_on":"2025-04-14","updated_at":"2026-07-25T01:27:52.347112+00:00"},"geometry":{"type":"Point","coordinates":[126.259959769,33.410927406]}},{"type":"Feature","id":"2bb451f413eacb7a8b62f6ede00c1d20f605aad25432fdbaad64f99273176bbf-1","properties":{"facility_id":"2bb451f413eacb7a8b62f6ede00c1d20f605aad25432fdbaad64f99273176bbf","point_ordinal":1,"zone_group_id":"501101029074","source_manage_no":"501101029074","facility_name":"한림초등학교 병설유치원","sgg_code":"50110","facility_type_code":"1","api_first_registered_on":null,"api_last_modified_on":"2025-04-14","updated_at":"2026-07-25T01:27:52.347112+00:00"},"geometry":{"type":"Point","coordinates":[126.260637924,33.41210482]}},{"type":"Feature","id":"3e54a2724bdf3e65e8abdd5d93524f8d5a7890c449f4d0a7ba240a6d8d5e6b55-1","properties":{"facility_id":"3e54a2724bdf3e65e8abdd5d93524f8d5a7890c449f4d0a7ba240a6d8d5e6b55","point_ordinal":1,"zone_group_id":"501102015284","source_manage_no":"501102015284","facility_name":"한수리 노인복지회관","sgg_code":"50110","facility_type_code":"2","api_first_registered_on":null,"api_last_modified_on":null,"updated_at":"2026-07-25T01:27:52.347112+00:00"},"geometry":{"type":"Point","coordinates":[126.263965838,33.421158791]}},{"type":"Feature","id":"a6b8a66e8d5eca424d59473d60de69fd08fd826f686c173b44e3f4e24c56af5d-1","properties":{"facility_id":"a6b8a66e8d5eca424d59473d60de69fd08fd826f686c173b44e3f4e24c56af5d","point_ordinal":1,"zone_group_id":"501101015285","source_manage_no":"501101015285","facility_name":"한수풀 어린이집","sgg_code":"50110","facility_type_code":"1","api_first_registered_on":null,"api_last_modified_on":null,"updated_at":"2026-07-25T01:27:52.347112+00:00"},"geometry":{"type":"Point","coordinates":[126.272081676,33.419940675]}},{"type":"Feature","id":"09aca2b2156a033ccf8f2f64a51e7139e4b99d47426320c22585632ccf4dd5b3-1","properties":{"facility_id":"09aca2b2156a033ccf8f2f64a51e7139e4b99d47426320c22585632ccf4dd5b3","point_ordinal":1,"zone_group_id":"501102015264","source_manage_no":"501102015264","facility_name":"한원리경로당","sgg_code":"50110","facility_type_code":"2","api_first_registered_on":null,"api_last_modified_on":null,"updated_at":"2026-07-25T01:27:52.347112+00:00"},"geometry":{"type":"Point","coordinates":[126.195775587,33.338523809]}},{"type":"Feature","id":"5c1143449dc543099d4ba007a2214c8d5222893f8374c4d3bdaa40372e8e44f5-1","properties":{"facility_id":"5c1143449dc543099d4ba007a2214c8d5222893f8374c4d3bdaa40372e8e44f5","point_ordinal":1,"zone_group_id":"5002028696","source_manage_no":"5002028696","facility_name":"한장동 경로당","sgg_code":"50110","facility_type_code":"2","api_first_registered_on":null,"api_last_modified_on":"2025-03-24","updated_at":"2026-07-25T01:27:52.347112+00:00"},"geometry":{"type":"Point","coordinates":[126.166625014,33.289688265]}},{"type":"Feature","id":"2790b6c80c382ce776737d8f83c445aec70a50d97f49c832c8cb0279ec53bff3-1","properties":{"facility_id":"2790b6c80c382ce776737d8f83c445aec70a50d97f49c832c8cb0279ec53bff3","point_ordinal":1,"zone_group_id":"501101015200","source_manage_no":"501101015200","facility_name":"한천초등학교","sgg_code":"50110","facility_type_code":"1","api_first_registered_on":null,"api_last_modified_on":"2025-04-14","updated_at":"2026-07-25T01:27:52.347112+00:00"},"geometry":{"type":"Point","coordinates":[126.513253806,33.506711648]}},{"type":"Feature","id":"0d607e84234859ab2efa551e8c0f97e65848504d72f82e0f65f9aaa09e1b0060-1","properties":{"facility_id":"0d607e84234859ab2efa551e8c0f97e65848504d72f82e0f65f9aaa09e1b0060","point_ordinal":1,"zone_group_id":"501101029056","source_manage_no":"501101029056","facility_name":"한천초등학교 병설유치원","sgg_code":"50110","facility_type_code":"1","api_first_registered_on":null,"api_last_modified_on":"2025-04-14","updated_at":"2026-07-25T01:27:52.347112+00:00"},"geometry":{"type":"Point","coordinates":[126.51280016,33.507348127]}},{"type":"Feature","id":"130ee435e00269191a56921b890e490995350e0a40eb61fbd8d3dd986e3cd02f-1","properties":{"facility_id":"130ee435e00269191a56921b890e490995350e0a40eb61fbd8d3dd986e3cd02f","point_ordinal":1,"zone_group_id":"501101027472","source_manage_no":"501101027472","facility_name":"함덕초등학교","sgg_code":"50110","facility_type_code":"1","api_first_registered_on":null,"api_last_modified_on":"2025-04-14","updated_at":"2026-07-25T01:27:52.347112+00:00"},"geometry":{"type":"Point","coordinates":[126.672414608,33.538813574]}},{"type":"Feature","id":"12b7b1ad0398bb1db0e00659acccab145e9cef7079313a271de76e7db4b862bc-1","properties":{"facility_id":"12b7b1ad0398bb1db0e00659acccab145e9cef7079313a271de76e7db4b862bc","point_ordinal":1,"zone_group_id":"501101029062","source_manage_no":"501101029062","facility_name":"함덕초등학교 병설유치원","sgg_code":"50110","facility_type_code":"1","api_first_registered_on":null,"api_last_modified_on":"2025-04-14","updated_at":"2026-07-25T01:27:52.347112+00:00"},"geometry":{"type":"Point","coordinates":[126.672209306,33.539041095]}},{"type":"Feature","id":"6f89aa0b91ceb0c5d9f081cee00658864d4039fc02b43322dc1116cf67a1a5a8-1","properties":{"facility_id":"6f89aa0b91ceb0c5d9f081cee00658864d4039fc02b43322dc1116cf67a1a5a8","point_ordinal":1,"zone_group_id":"501101015250","source_manage_no":"501101015250","facility_name":"함덕초등학교선인분교","sgg_code":"50110","facility_type_code":"1","api_first_registered_on":null,"api_last_modified_on":null,"updated_at":"2026-07-25T01:27:52.347112+00:00"},"geometry":{"type":"Point","coordinates":[126.703737749,33.458890992]}},{"type":"Feature","id":"3da42478f0cdb7e57405798fec861ddf11c8b48ce1487b20991b42df037f9461-1","properties":{"facility_id":"3da42478f0cdb7e57405798fec861ddf11c8b48ce1487b20991b42df037f9461","point_ordinal":1,"zone_group_id":"501101015251","source_manage_no":"501101015251","facility_name":"함덕초등학교선흘분교","sgg_code":"50110","facility_type_code":"1","api_first_registered_on":null,"api_last_modified_on":null,"updated_at":"2026-07-25T01:27:52.347112+00:00"},"geometry":{"type":"Point","coordinates":[126.704770537,33.514267281]}},{"type":"Feature","id":"92d8ed2a2bc0f1d3bddf1cdbd4e22b6ce14b960d1ee924068263b28bd3b3f01d-1","properties":{"facility_id":"92d8ed2a2bc0f1d3bddf1cdbd4e22b6ce14b960d1ee924068263b28bd3b3f01d","point_ordinal":1,"zone_group_id":"501101015196","source_manage_no":"501101015196","facility_name":"해든어린이집","sgg_code":"50110","facility_type_code":"1","api_first_registered_on":null,"api_last_modified_on":null,"updated_at":"2026-07-25T01:27:52.347112+00:00"},"geometry":{"type":"Point","coordinates":[126.428902564,33.48563705]}},{"type":"Feature","id":"9aaa2b8c9ee2690804d4b9948853e93c924c68103af52c2dcf60da2a2e886764-1","properties":{"facility_id":"9aaa2b8c9ee2690804d4b9948853e93c924c68103af52c2dcf60da2a2e886764","point_ordinal":1,"zone_group_id":"501101015287","source_manage_no":"501101015287","facility_name":"해안어린이집","sgg_code":"50110","facility_type_code":"1","api_first_registered_on":null,"api_last_modified_on":null,"updated_at":"2026-07-25T01:27:52.347112+00:00"},"geometry":{"type":"Point","coordinates":[126.451374117,33.455470962]}},{"type":"Feature","id":"69f7a430ca1e17d3e7b04ba8d92da92c5c393133b8813f3d5404a0149dafa4cc-1","properties":{"facility_id":"69f7a430ca1e17d3e7b04ba8d92da92c5c393133b8813f3d5404a0149dafa4cc","point_ordinal":1,"zone_group_id":"501101015288","source_manage_no":"501101015288","facility_name":"해안초등학교","sgg_code":"50110","facility_type_code":"1","api_first_registered_on":null,"api_last_modified_on":null,"updated_at":"2026-07-25T01:27:52.347112+00:00"},"geometry":{"type":"Point","coordinates":[126.454748591,33.456708021]}},{"type":"Feature","id":"49b28bea51d58c4aa4a97ccce6a3225cf94f94682eb3d53bbce167f5906f09c9-1","properties":{"facility_id":"49b28bea51d58c4aa4a97ccce6a3225cf94f94682eb3d53bbce167f5906f09c9","point_ordinal":1,"zone_group_id":"501102026709","source_manage_no":"501102026709","facility_name":"협재리 경로당","sgg_code":"50110","facility_type_code":"2","api_first_registered_on":"2023-07-13","api_last_modified_on":null,"updated_at":"2026-07-25T01:27:52.347112+00:00"},"geometry":{"type":"Point","coordinates":[126.245944067,33.397831778]}},{"type":"Feature","id":"3a46acb8918ec44acc9ed82dd12b476790e23f673f15dc57335e22e7f25aa52b-1","properties":{"facility_id":"3a46acb8918ec44acc9ed82dd12b476790e23f673f15dc57335e22e7f25aa52b","point_ordinal":1,"zone_group_id":"501101015101","source_manage_no":"501101015101","facility_name":"혜솔어린이집","sgg_code":"50110","facility_type_code":"1","api_first_registered_on":null,"api_last_modified_on":"2025-04-15","updated_at":"2026-07-25T01:27:52.347112+00:00"},"geometry":{"type":"Point","coordinates":[126.479666583,33.475242494]}},{"type":"Feature","id":"2a2ea2d5b4629b1d559ed5c19361089719983e33e4c896009361f2a689728c10-1","properties":{"facility_id":"2a2ea2d5b4629b1d559ed5c19361089719983e33e4c896009361f2a689728c10","point_ordinal":1,"zone_group_id":"501102025798","source_manage_no":"501102025798","facility_name":"혜주원요양원","sgg_code":"50110","facility_type_code":"2","api_first_registered_on":null,"api_last_modified_on":null,"updated_at":"2026-07-25T01:27:52.347112+00:00"},"geometry":{"type":"Point","coordinates":[126.573143694,33.467633152]}},{"type":"Feature","id":"f1014de2697eeff02bd97e0c51acb542baa2a7503deb59f67ed40bcaf3329789-1","properties":{"facility_id":"f1014de2697eeff02bd97e0c51acb542baa2a7503deb59f67ed40bcaf3329789","point_ordinal":1,"zone_group_id":"501101015295","source_manage_no":"501101015295","facility_name":"화북초등학교","sgg_code":"50110","facility_type_code":"1","api_first_registered_on":null,"api_last_modified_on":"2025-04-14","updated_at":"2026-07-25T01:27:52.347112+00:00"},"geometry":{"type":"Point","coordinates":[126.562440162,33.518097034]}},{"type":"Feature","id":"1c78d2cf0ec23ac8d49bf6425fa7bf92914123e1b989ef2343524a197fa40816-1","properties":{"facility_id":"1c78d2cf0ec23ac8d49bf6425fa7bf92914123e1b989ef2343524a197fa40816","point_ordinal":1,"zone_group_id":"501101029052","source_manage_no":"501101029052","facility_name":"화북초등학교 병설유치원","sgg_code":"50110","facility_type_code":"1","api_first_registered_on":null,"api_last_modified_on":"2025-04-14","updated_at":"2026-07-25T01:27:52.347112+00:00"},"geometry":{"type":"Point","coordinates":[126.561768259,33.518680208]}},{"type":"Feature","id":"c3f936e217d74937b8b49ff9c3eaab5ac87ef679209447b44b3ba01a5cae673a-1","properties":{"facility_id":"c3f936e217d74937b8b49ff9c3eaab5ac87ef679209447b44b3ba01a5cae673a","point_ordinal":1,"zone_group_id":"501303028692","source_manage_no":"501303028692","facility_name":"(사)제주특별자치도 지적발달장애인복지협회 서귀포지부","sgg_code":"50130","facility_type_code":"3","api_first_registered_on":null,"api_last_modified_on":"2025-03-24","updated_at":"2026-07-25T01:27:52.347112+00:00"},"geometry":{"type":"Point","coordinates":[126.665155601,33.288191245]}},{"type":"Feature","id":"497dbaccb0d94ad74908e47a90536df7224fe1305ae7b11c6f4bbec7fa92aef8-1","properties":{"facility_id":"497dbaccb0d94ad74908e47a90536df7224fe1305ae7b11c6f4bbec7fa92aef8","point_ordinal":1,"zone_group_id":"501301015037","source_manage_no":"501301015037","facility_name":"가마초등학교","sgg_code":"50130","facility_type_code":"1","api_first_registered_on":null,"api_last_modified_on":null,"updated_at":"2026-07-25T01:27:52.347112+00:00"},"geometry":{"type":"Point","coordinates":[126.800259848,33.305843272]}},{"type":"Feature","id":"2501c57097c91114216d82f7b345fdef92e942e0ce49741b562ac50303a1b89e-1","properties":{"facility_id":"2501c57097c91114216d82f7b345fdef92e942e0ce49741b562ac50303a1b89e","point_ordinal":1,"zone_group_id":"501301014929","source_manage_no":"501301014929","facility_name":"가파초등학교","sgg_code":"50130","facility_type_code":"1","api_first_registered_on":null,"api_last_modified_on":"2025-04-15","updated_at":"2026-07-25T01:27:52.347112+00:00"},"geometry":{"type":"Point","coordinates":[126.270663977,33.169438632]}},{"type":"Feature","id":"1a1d5ac2595d81e0903c9543c0150f57a0b0200f51f5bd2faba78aa6ac4c3ebd-1","properties":{"facility_id":"1a1d5ac2595d81e0903c9543c0150f57a0b0200f51f5bd2faba78aa6ac4c3ebd","point_ordinal":1,"zone_group_id":"501301014929","source_manage_no":"501301029150","facility_name":"가파초등학교 병설유치원","sgg_code":"50130","facility_type_code":"1","api_first_registered_on":null,"api_last_modified_on":"2025-04-15","updated_at":"2026-07-25T01:27:52.347112+00:00"},"geometry":{"type":"Point","coordinates":[126.27022987,33.169320463]}},{"type":"Feature","id":"a8aab9cad06dff1a1d839676cb0b6ec51832b683365d9fc80fb93f17fa68c7dd-1","properties":{"facility_id":"a8aab9cad06dff1a1d839676cb0b6ec51832b683365d9fc80fb93f17fa68c7dd","point_ordinal":1,"zone_group_id":"501302020307","source_manage_no":"501302020307","facility_name":"감산리사무소","sgg_code":"50130","facility_type_code":"2","api_first_registered_on":null,"api_last_modified_on":null,"updated_at":"2026-07-25T01:27:52.347112+00:00"},"geometry":{"type":"Point","coordinates":[126.353893992,33.259470524]}},{"type":"Feature","id":"6cf2bf8fa54645da67345a2267e346281c01851cf4f8612ce82b95ff55a1a583-1","properties":{"facility_id":"6cf2bf8fa54645da67345a2267e346281c01851cf4f8612ce82b95ff55a1a583","point_ordinal":1,"zone_group_id":"501301019483","source_manage_no":"501301019483","facility_name":"강정초등학교","sgg_code":"50130","facility_type_code":"1","api_first_registered_on":null,"api_last_modified_on":"2025-04-15","updated_at":"2026-07-25T01:27:52.347112+00:00"},"geometry":{"type":"Point","coordinates":[126.479742272,33.234792675]}},{"type":"Feature","id":"42a89b720791f3436f91792a24f3882e5796a4e0057d88a76869e6e72983f042-1","properties":{"facility_id":"42a89b720791f3436f91792a24f3882e5796a4e0057d88a76869e6e72983f042","point_ordinal":1,"zone_group_id":"501301029131","source_manage_no":"501301029131","facility_name":"강정초등학교 병설유치원","sgg_code":"50130","facility_type_code":"1","api_first_registered_on":null,"api_last_modified_on":"2025-04-15","updated_at":"2026-07-25T01:27:52.347112+00:00"},"geometry":{"type":"Point","coordinates":[126.478558174,33.234949999]}},{"type":"Feature","id":"d212ec1ce111628367959151ce50ef9f4a364d2f8652fc927f6ea2455874f359-1","properties":{"facility_id":"d212ec1ce111628367959151ce50ef9f4a364d2f8652fc927f6ea2455874f359","point_ordinal":1,"zone_group_id":"501301022232","source_manage_no":"501301022232","facility_name":"공립중흥S클래스어린이집","sgg_code":"50130","facility_type_code":"1","api_first_registered_on":null,"api_last_modified_on":null,"updated_at":"2026-07-25T01:27:52.347112+00:00"},"geometry":{"type":"Point","coordinates":[126.501943949,33.252127184]}},{"type":"Feature","id":"64da45822242e85c23d7e0d98fc90613392f8b116c1ed565dfbb3c0017bd86e3-1","properties":{"facility_id":"64da45822242e85c23d7e0d98fc90613392f8b116c1ed565dfbb3c0017bd86e3","point_ordinal":1,"zone_group_id":"501302026191","source_manage_no":"501302026191","facility_name":"광평리 경로당","sgg_code":"50130","facility_type_code":"2","api_first_registered_on":null,"api_last_modified_on":null,"updated_at":"2026-07-25T01:27:52.347112+00:00"},"geometry":{"type":"Point","coordinates":[126.381231761,33.329606376]}},{"type":"Feature","id":"39d96b536e9d654fd6176fd1b7b14a7303991b56edf631071e1728e70dd94fc7-1","properties":{"facility_id":"39d96b536e9d654fd6176fd1b7b14a7303991b56edf631071e1728e70dd94fc7","point_ordinal":1,"zone_group_id":"501302014930","source_manage_no":"501302014930","facility_name":"구억리경로당","sgg_code":"50130","facility_type_code":"2","api_first_registered_on":null,"api_last_modified_on":null,"updated_at":"2026-07-25T01:27:52.347112+00:00"},"geometry":{"type":"Point","coordinates":[126.28026806,33.274174238]}},{"type":"Feature","id":"37e584bee6dcc84155a8562f27494f71a607c0d174ef98ced85057690264b17e-1","properties":{"facility_id":"37e584bee6dcc84155a8562f27494f71a607c0d174ef98ced85057690264b17e","point_ordinal":1,"zone_group_id":"501302014965","source_manage_no":"501302014965","facility_name":"기로회 요양원","sgg_code":"50130","facility_type_code":"2","api_first_registered_on":null,"api_last_modified_on":null,"updated_at":"2026-07-25T01:27:52.347112+00:00"},"geometry":{"type":"Point","coordinates":[126.597706349,33.266078311]}},{"type":"Feature","id":"dc8311654e210525cbe6e1bb0002e9ddfb4ebcafdfa62dad3f87a0f13ad6321d-1","properties":{"facility_id":"dc8311654e210525cbe6e1bb0002e9ddfb4ebcafdfa62dad3f87a0f13ad6321d","point_ordinal":1,"zone_group_id":"501301025444","source_manage_no":"501301025444","facility_name":"꿈동산어린이집","sgg_code":"50130","facility_type_code":"1","api_first_registered_on":null,"api_last_modified_on":null,"updated_at":"2026-07-25T01:27:52.347112+00:00"},"geometry":{"type":"Point","coordinates":[126.649976535,33.270378066]}},{"type":"Feature","id":"9efd58ff6e944a769c03af49bd7cc1cc831186fff5bfbe076eebb9ee4ce0f9fe-1","properties":{"facility_id":"9efd58ff6e944a769c03af49bd7cc1cc831186fff5bfbe076eebb9ee4ce0f9fe","point_ordinal":1,"zone_group_id":"501302026791","source_manage_no":"501302026791","facility_name":"난산리 경로당","sgg_code":"50130","facility_type_code":"2","api_first_registered_on":null,"api_last_modified_on":null,"updated_at":"2026-07-25T01:27:52.347112+00:00"},"geometry":{"type":"Point","coordinates":[126.872210028,33.401040301]}},{"type":"Feature","id":"7f21a78d67b657249b82bce19aaa225f9954ca8ade0b0df3bf68ce6481c2ce8b-1","properties":{"facility_id":"7f21a78d67b657249b82bce19aaa225f9954ca8ade0b0df3bf68ce6481c2ce8b","point_ordinal":1,"zone_group_id":"501302028694","source_manage_no":"501302028694","facility_name":"남원2리 경로당","sgg_code":"50130","facility_type_code":"2","api_first_registered_on":null,"api_last_modified_on":"2025-03-24","updated_at":"2026-07-25T01:27:52.347112+00:00"},"geometry":{"type":"Point","coordinates":[126.709951366,33.29291118]}},{"type":"Feature","id":"04f273174d5b1e225c31c8c54fd3588759e619efd667bc417e7c20fba782e707-1","properties":{"facility_id":"04f273174d5b1e225c31c8c54fd3588759e619efd667bc417e7c20fba782e707","point_ordinal":1,"zone_group_id":"501301014903","source_manage_no":"501301014903","facility_name":"남원유치원","sgg_code":"50130","facility_type_code":"1","api_first_registered_on":null,"api_last_modified_on":null,"updated_at":"2026-07-25T01:27:52.347112+00:00"},"geometry":{"type":"Point","coordinates":[126.717176789,33.281364469]}},{"type":"Feature","id":"62196a48c3079a466635da22f4c929cc2e70d8a0d988b9a6601f0871dc11ebd2-1","properties":{"facility_id":"62196a48c3079a466635da22f4c929cc2e70d8a0d988b9a6601f0871dc11ebd2","point_ordinal":1,"zone_group_id":"501301014904","source_manage_no":"501301014904","facility_name":"남원초등학교","sgg_code":"50130","facility_type_code":"1","api_first_registered_on":null,"api_last_modified_on":null,"updated_at":"2026-07-25T01:27:52.347112+00:00"},"geometry":{"type":"Point","coordinates":[126.715850411,33.27837963]}},{"type":"Feature","id":"8ba908bb42567965a0257d288a8753ca65e2b5a8c34feaddfaf0d6a894526f8a-1","properties":{"facility_id":"8ba908bb42567965a0257d288a8753ca65e2b5a8c34feaddfaf0d6a894526f8a","point_ordinal":1,"zone_group_id":"501301014951","source_manage_no":"501301014951","facility_name":"남제주별어린이집","sgg_code":"50130","facility_type_code":"1","api_first_registered_on":null,"api_last_modified_on":null,"updated_at":"2026-07-25T01:27:52.347112+00:00"},"geometry":{"type":"Point","coordinates":[126.712228704,33.279899088]}},{"type":"Feature","id":"2a209ffa3ca7cb5a7f4f1649cce68e26525d568475311602f4301b294c6e2c5e-1","properties":{"facility_id":"2a209ffa3ca7cb5a7f4f1649cce68e26525d568475311602f4301b294c6e2c5e","point_ordinal":1,"zone_group_id":"501301014927","source_manage_no":"501301014927","facility_name":"노스런던컬리지잇스쿨","sgg_code":"50130","facility_type_code":"1","api_first_registered_on":null,"api_last_modified_on":"2025-04-15","updated_at":"2026-07-25T01:27:52.347112+00:00"},"geometry":{"type":"Point","coordinates":[126.288973683,33.296103755]}},{"type":"Feature","id":"2283f909f650d0dd91408e1d134680786b0ba1abad0a34dfe460aac777a95bf2-1","properties":{"facility_id":"2283f909f650d0dd91408e1d134680786b0ba1abad0a34dfe460aac777a95bf2","point_ordinal":1,"zone_group_id":"501303025810","source_manage_no":"501303025810","facility_name":"단기거주시설 행복나눔","sgg_code":"50130","facility_type_code":"3","api_first_registered_on":null,"api_last_modified_on":null,"updated_at":"2026-07-25T01:27:52.347112+00:00"},"geometry":{"type":"Point","coordinates":[126.667563021,33.279906638]}},{"type":"Feature","id":"a7caf300fa40f3244f8c1dab2b3bfac4c6f1feddc5e9cb15fd195fd79d58d203-1","properties":{"facility_id":"a7caf300fa40f3244f8c1dab2b3bfac4c6f1feddc5e9cb15fd195fd79d58d203","point_ordinal":1,"zone_group_id":"501301014931","source_manage_no":"501301014931","facility_name":"대정서초등학교","sgg_code":"50130","facility_type_code":"1","api_first_registered_on":null,"api_last_modified_on":"2025-04-15","updated_at":"2026-07-25T01:27:52.347112+00:00"},"geometry":{"type":"Point","coordinates":[126.238499343,33.23168311]}},{"type":"Feature","id":"0913568b34f22ea5e5f30c152e42da9cccaa4fc2165c61df1e6c6623d47fbe6c-1","properties":{"facility_id":"0913568b34f22ea5e5f30c152e42da9cccaa4fc2165c61df1e6c6623d47fbe6c","point_ordinal":1,"zone_group_id":"501301029117","source_manage_no":"501301029117","facility_name":"대정서초등학교 병설유치원","sgg_code":"50130","facility_type_code":"1","api_first_registered_on":null,"api_last_modified_on":"2025-04-15","updated_at":"2026-07-25T01:27:52.347112+00:00"},"geometry":{"type":"Point","coordinates":[126.239067461,33.232183793]}},{"type":"Feature","id":"d52acce62fd1f4224e62bf6d7adf1dac8d825cd735e09d29ed7300e5b84ded35-1","properties":{"facility_id":"d52acce62fd1f4224e62bf6d7adf1dac8d825cd735e09d29ed7300e5b84ded35","point_ordinal":1,"zone_group_id":"501301014933","source_manage_no":"501301014933","facility_name":"대정어린이집","sgg_code":"50130","facility_type_code":"1","api_first_registered_on":null,"api_last_modified_on":null,"updated_at":"2026-07-25T01:27:52.347112+00:00"},"geometry":{"type":"Point","coordinates":[126.256913151,33.220459218]}},{"type":"Feature","id":"3cee078fbefcf9d1c003890eab30187652dff77db2c60a731a41f76870f60b74-1","properties":{"facility_id":"3cee078fbefcf9d1c003890eab30187652dff77db2c60a731a41f76870f60b74","point_ordinal":1,"zone_group_id":"501301014934","source_manage_no":"501301014934","facility_name":"대정초등학교","sgg_code":"50130","facility_type_code":"1","api_first_registered_on":null,"api_last_modified_on":"2025-04-15","updated_at":"2026-07-25T01:27:52.347112+00:00"},"geometry":{"type":"Point","coordinates":[126.255952679,33.224634526]}},{"type":"Feature","id":"56bfd4afb66844c1147f7f15747eaa582e09f3a113fc048fe60120c5d1896857-1","properties":{"facility_id":"56bfd4afb66844c1147f7f15747eaa582e09f3a113fc048fe60120c5d1896857","point_ordinal":1,"zone_group_id":"501301029121","source_manage_no":"501301029121","facility_name":"대정초등학교 병설유치원","sgg_code":"50130","facility_type_code":"1","api_first_registered_on":null,"api_last_modified_on":"2025-04-15","updated_at":"2026-07-25T01:27:52.347112+00:00"},"geometry":{"type":"Point","coordinates":[126.255430763,33.225444826]}},{"type":"Feature","id":"2718706ab15baaa737df955669f56495a6b4fed08220d269652676b8eabe08b3-1","properties":{"facility_id":"2718706ab15baaa737df955669f56495a6b4fed08220d269652676b8eabe08b3","point_ordinal":1,"zone_group_id":"501301015010","source_manage_no":"501301015010","facility_name":"덕수초등학교","sgg_code":"50130","facility_type_code":"1","api_first_registered_on":null,"api_last_modified_on":null,"updated_at":"2026-07-25T01:27:52.347112+00:00"},"geometry":{"type":"Point","coordinates":[126.303975176,33.251378563]}},{"type":"Feature","id":"0c6a74ab01064cab542266ed021df7be273abdf8ac26b0f65f972dcd4bc13c67-1","properties":{"facility_id":"0c6a74ab01064cab542266ed021df7be273abdf8ac26b0f65f972dcd4bc13c67","point_ordinal":1,"zone_group_id":"501301014946","source_manage_no":"501301014946","facility_name":"도순원광어린이집","sgg_code":"50130","facility_type_code":"1","api_first_registered_on":null,"api_last_modified_on":null,"updated_at":"2026-07-25T01:27:52.347112+00:00"},"geometry":{"type":"Point","coordinates":[126.472118079,33.252566447]}},{"type":"Feature","id":"4c58ddd1333a175d615f2ae3dcf9c33fbbd27c0f0b0848898b28cb594b0c7fe2-1","properties":{"facility_id":"4c58ddd1333a175d615f2ae3dcf9c33fbbd27c0f0b0848898b28cb594b0c7fe2","point_ordinal":1,"zone_group_id":"501301014943","source_manage_no":"501301014943","facility_name":"도순초등학교","sgg_code":"50130","facility_type_code":"1","api_first_registered_on":null,"api_last_modified_on":"2025-04-15","updated_at":"2026-07-25T01:27:52.347112+00:00"},"geometry":{"type":"Point","coordinates":[126.476596637,33.246858004]}},{"type":"Feature","id":"075ab94f0b3fa1d242e36adb0135e5cf1ab568b4eda80567f807fa51a97abf20-1","properties":{"facility_id":"075ab94f0b3fa1d242e36adb0135e5cf1ab568b4eda80567f807fa51a97abf20","point_ordinal":1,"zone_group_id":"501301014943","source_manage_no":"501301029148","facility_name":"도순초등학교 병설유치원","sgg_code":"50130","facility_type_code":"1","api_first_registered_on":null,"api_last_modified_on":"2025-04-15","updated_at":"2026-07-25T01:27:52.347112+00:00"},"geometry":{"type":"Point","coordinates":[126.477171001,33.247447488]}},{"type":"Feature","id":"56dca9b6b94c86aafe81c06f02af04b7bba30eda624c41e5e5176cc29483856d-1","properties":{"facility_id":"56dca9b6b94c86aafe81c06f02af04b7bba30eda624c41e5e5176cc29483856d","point_ordinal":1,"zone_group_id":"501302015011","source_manage_no":"501302015011","facility_name":"동광효도마을요양원","sgg_code":"50130","facility_type_code":"2","api_first_registered_on":null,"api_last_modified_on":null,"updated_at":"2026-07-25T01:27:52.347112+00:00"},"geometry":{"type":"Point","coordinates":[126.339239927,33.3120604]}},{"type":"Feature","id":"ed149663084123f8f2ce419c283f4a7ff6dd54fa9b3d2bea15a0197be2b5c313-1","properties":{"facility_id":"ed149663084123f8f2ce419c283f4a7ff6dd54fa9b3d2bea15a0197be2b5c313","point_ordinal":1,"zone_group_id":"501301019771","source_manage_no":"501301019771","facility_name":"동남어린이집","sgg_code":"50130","facility_type_code":"1","api_first_registered_on":null,"api_last_modified_on":null,"updated_at":"2026-07-25T01:27:52.347112+00:00"},"geometry":{"type":"Point","coordinates":[126.911841076,33.453393842]}},{"type":"Feature","id":"a0f0085a8e8af45154182b125c6ea5cbbf2ee729bad356ab6ba6559b9e3a717f-1","properties":{"facility_id":"a0f0085a8e8af45154182b125c6ea5cbbf2ee729bad356ab6ba6559b9e3a717f","point_ordinal":1,"zone_group_id":"501301014988","source_manage_no":"501301014988","facility_name":"동남초등학교","sgg_code":"50130","facility_type_code":"1","api_first_registered_on":null,"api_last_modified_on":"2025-04-15","updated_at":"2026-07-25T01:27:52.347112+00:00"},"geometry":{"type":"Point","coordinates":[126.914873461,33.448874041]}},{"type":"Feature","id":"c80376db74625e78cc1b2f177b40aa56eb09967300028226fdc2826dc36475c0-1","properties":{"facility_id":"c80376db74625e78cc1b2f177b40aa56eb09967300028226fdc2826dc36475c0","point_ordinal":1,"zone_group_id":"501301029118","source_manage_no":"501301029118","facility_name":"동남초등학교 병설유치원","sgg_code":"50130","facility_type_code":"1","api_first_registered_on":null,"api_last_modified_on":"2025-04-15","updated_at":"2026-07-25T01:27:52.347112+00:00"},"geometry":{"type":"Point","coordinates":[126.913962613,33.449196324]}},{"type":"Feature","id":"c1290bc7f343fba4e2b7d21de90ca0d19869758d8ab92c6f2ed466a9991220ce-1","properties":{"facility_id":"c1290bc7f343fba4e2b7d21de90ca0d19869758d8ab92c6f2ed466a9991220ce","point_ordinal":1,"zone_group_id":"501301029120","source_manage_no":"501301029120","facility_name":"동산밭어린이집","sgg_code":"50130","facility_type_code":"1","api_first_registered_on":null,"api_last_modified_on":"2025-04-15","updated_at":"2026-07-25T01:27:52.347112+00:00"},"geometry":{"type":"Point","coordinates":[126.392984052,33.247199704]}},{"type":"Feature","id":"8ed3b609fa6a08475a5be2316be3d9a51d44cdbd19cbc381cd9e039ef473a038-1","properties":{"facility_id":"8ed3b609fa6a08475a5be2316be3d9a51d44cdbd19cbc381cd9e039ef473a038","point_ordinal":1,"zone_group_id":"501302020320","source_manage_no":"501302020320","facility_name":"동일1리 복지회관","sgg_code":"50130","facility_type_code":"2","api_first_registered_on":null,"api_last_modified_on":null,"updated_at":"2026-07-25T01:27:52.347112+00:00"},"geometry":{"type":"Point","coordinates":[126.242428181,33.228443601]}},{"type":"Feature","id":"147922482feb58c5e826c753de33a4232a8d94d8a665dc79882354603152460f-1","properties":{"facility_id":"147922482feb58c5e826c753de33a4232a8d94d8a665dc79882354603152460f","point_ordinal":1,"zone_group_id":"501302024950","source_manage_no":"501302024950","facility_name":"동하동경로당","sgg_code":"50130","facility_type_code":"2","api_first_registered_on":null,"api_last_modified_on":null,"updated_at":"2026-07-25T01:27:52.347112+00:00"},"geometry":{"type":"Point","coordinates":[126.338188927,33.24055858]}},{"type":"Feature","id":"11ab1e675b1e1fbf5c4a7d397f327d95424b363c04852d7f9c981f6bfe742c61-1","properties":{"facility_id":"11ab1e675b1e1fbf5c4a7d397f327d95424b363c04852d7f9c981f6bfe742c61","point_ordinal":1,"zone_group_id":"501302014948","source_manage_no":"501302014948","facility_name":"동홍2동 경로당","sgg_code":"50130","facility_type_code":"2","api_first_registered_on":null,"api_last_modified_on":null,"updated_at":"2026-07-25T01:27:52.347112+00:00"},"geometry":{"type":"Point","coordinates":[126.569535287,33.265906751]}},{"type":"Feature","id":"fd3e7d0052b3a5c2daa9ae955950bb68d079bd20d8e281d3328fcb6268a95437-1","properties":{"facility_id":"fd3e7d0052b3a5c2daa9ae955950bb68d079bd20d8e281d3328fcb6268a95437","point_ordinal":1,"zone_group_id":"501302025804","source_manage_no":"501302025804","facility_name":"동홍7통 경로당","sgg_code":"50130","facility_type_code":"2","api_first_registered_on":null,"api_last_modified_on":null,"updated_at":"2026-07-25T01:27:52.347112+00:00"},"geometry":{"type":"Point","coordinates":[126.572162511,33.254498904]}},{"type":"Feature","id":"d56218bc02a126cb50c0179a1d5cfa7767f66bca233cf096e6fac22d5ed85a08-1","properties":{"facility_id":"d56218bc02a126cb50c0179a1d5cfa7767f66bca233cf096e6fac22d5ed85a08","point_ordinal":1,"zone_group_id":"501302014949","source_manage_no":"501302014949","facility_name":"동홍동 5통 경로당","sgg_code":"50130","facility_type_code":"2","api_first_registered_on":null,"api_last_modified_on":null,"updated_at":"2026-07-25T01:27:52.347112+00:00"},"geometry":{"type":"Point","coordinates":[126.574383841,33.252070905]}},{"type":"Feature","id":"7d465c356c7f6ee27a026c965cff77dccb1d724464ddee1666ec3dc9e614dfa8-1","properties":{"facility_id":"7d465c356c7f6ee27a026c965cff77dccb1d724464ddee1666ec3dc9e614dfa8","point_ordinal":1,"zone_group_id":"501301014947","source_manage_no":"501301014947","facility_name":"동홍초등학교","sgg_code":"50130","facility_type_code":"1","api_first_registered_on":null,"api_last_modified_on":null,"updated_at":"2026-07-25T01:27:52.347112+00:00"},"geometry":{"type":"Point","coordinates":[126.57006679,33.259317457]}},{"type":"Feature","id":"fd43c7c1b3c20b5eb566ab9c176d17046c5c6882590d542e4591be24a4c56a90-1","properties":{"facility_id":"fd43c7c1b3c20b5eb566ab9c176d17046c5c6882590d542e4591be24a4c56a90","point_ordinal":1,"zone_group_id":"501301014950","source_manage_no":"501301014950","facility_name":"동화나라어린이집","sgg_code":"50130","facility_type_code":"1","api_first_registered_on":null,"api_last_modified_on":null,"updated_at":"2026-07-25T01:27:52.347112+00:00"},"geometry":{"type":"Point","coordinates":[126.574957179,33.257766499]}},{"type":"Feature","id":"5b6ca3b44ef10cee20c0ae96195bfbf416174523482563f5d3ba35f15afdc342-1","properties":{"facility_id":"5b6ca3b44ef10cee20c0ae96195bfbf416174523482563f5d3ba35f15afdc342","point_ordinal":1,"zone_group_id":"501301014979","source_manage_no":"501301014979","facility_name":"명성어린이집","sgg_code":"50130","facility_type_code":"1","api_first_registered_on":null,"api_last_modified_on":null,"updated_at":"2026-07-25T01:27:52.347112+00:00"},"geometry":{"type":"Point","coordinates":[126.558086004,33.265288387]}},{"type":"Feature","id":"00d9d2b75691a9f3b6fbddac57662394ea31d63e6d144d9af39e221110353b7e-1","properties":{"facility_id":"00d9d2b75691a9f3b6fbddac57662394ea31d63e6d144d9af39e221110353b7e","point_ordinal":1,"zone_group_id":"501302014936","source_manage_no":"501302014936","facility_name":"무릉1리경로당","sgg_code":"50130","facility_type_code":"2","api_first_registered_on":null,"api_last_modified_on":null,"updated_at":"2026-07-25T01:27:52.347112+00:00"},"geometry":{"type":"Point","coordinates":[126.203136993,33.270245811]}},{"type":"Feature","id":"0ac994d6fe087bb0e785c60884e1cac9107a4deb86d536a695fd0d339e881de4-1","properties":{"facility_id":"0ac994d6fe087bb0e785c60884e1cac9107a4deb86d536a695fd0d339e881de4","point_ordinal":1,"zone_group_id":"501301014938","source_manage_no":"501301014938","facility_name":"무릉초등학교","sgg_code":"50130","facility_type_code":"1","api_first_registered_on":null,"api_last_modified_on":"2025-04-15","updated_at":"2026-07-25T01:27:52.347112+00:00"},"geometry":{"type":"Point","coordinates":[126.200847086,33.271899445]}},{"type":"Feature","id":"1fad3ce730e49d2638c020b4a32b1237bbdc3ccf2aba3de8a78a204c9d764024-1","properties":{"facility_id":"1fad3ce730e49d2638c020b4a32b1237bbdc3ccf2aba3de8a78a204c9d764024","point_ordinal":1,"zone_group_id":"501301029130","source_manage_no":"501301029130","facility_name":"무릉초등학교 병설유치원","sgg_code":"50130","facility_type_code":"1","api_first_registered_on":null,"api_last_modified_on":"2025-04-15","updated_at":"2026-07-25T01:27:52.347112+00:00"},"geometry":{"type":"Point","coordinates":[126.201444346,33.272460099]}},{"type":"Feature","id":"10a6d91f53a525de180a09316c9401b7992ac5242b368bfba5bf29ee360dcf1b-1","properties":{"facility_id":"10a6d91f53a525de180a09316c9401b7992ac5242b368bfba5bf29ee360dcf1b","point_ordinal":1,"zone_group_id":"501301015031","source_manage_no":"501301015031","facility_name":"무지개어린이집","sgg_code":"50130","facility_type_code":"1","api_first_registered_on":null,"api_last_modified_on":null,"updated_at":"2026-07-25T01:27:52.347112+00:00"},"geometry":{"type":"Point","coordinates":[126.582823364,33.262163167]}},{"type":"Feature","id":"2b1c81e1609ee7780a34e45dc9a75857dc76282b8d315519679c07ab10473043-1","properties":{"facility_id":"2b1c81e1609ee7780a34e45dc9a75857dc76282b8d315519679c07ab10473043","point_ordinal":1,"zone_group_id":"501301014959","source_manage_no":"501301029143","facility_name":"법환어린이집","sgg_code":"50130","facility_type_code":"1","api_first_registered_on":null,"api_last_modified_on":"2025-04-15","updated_at":"2026-07-25T01:27:52.347112+00:00"},"geometry":{"type":"Point","coordinates":[126.508751146,33.239099177]}},{"type":"Feature","id":"5889906913a9c87d68abfa23e337229a0a6e3f4dc7db762658674d79059f3d70-1","properties":{"facility_id":"5889906913a9c87d68abfa23e337229a0a6e3f4dc7db762658674d79059f3d70","point_ordinal":1,"zone_group_id":"501301014959","source_manage_no":"501301014959","facility_name":"법환초등학교","sgg_code":"50130","facility_type_code":"1","api_first_registered_on":null,"api_last_modified_on":"2025-04-15","updated_at":"2026-07-25T01:27:52.347112+00:00"},"geometry":{"type":"Point","coordinates":[126.50907448,33.236721565]}},{"type":"Feature","id":"e2c5cc9bfcf583d66c5468369d5f4414f5b70cc874e2de33503155da286cb2cc-1","properties":{"facility_id":"e2c5cc9bfcf583d66c5468369d5f4414f5b70cc874e2de33503155da286cb2cc","point_ordinal":1,"zone_group_id":"501301014959","source_manage_no":"501301029142","facility_name":"법환초등학교 병설유치원","sgg_code":"50130","facility_type_code":"1","api_first_registered_on":null,"api_last_modified_on":"2025-04-15","updated_at":"2026-07-25T01:27:52.347112+00:00"},"geometry":{"type":"Point","coordinates":[126.509646995,33.237024459]}},{"type":"Feature","id":"81c9baca4443ba1527737d8f98df252bd680b215be53febc5e5e97cd8387ff77-1","properties":{"facility_id":"81c9baca4443ba1527737d8f98df252bd680b215be53febc5e5e97cd8387ff77","point_ordinal":1,"zone_group_id":"501301014960","source_manage_no":"501301014960","facility_name":"보목어린이집","sgg_code":"50130","facility_type_code":"1","api_first_registered_on":null,"api_last_modified_on":null,"updated_at":"2026-07-25T01:27:52.347112+00:00"},"geometry":{"type":"Point","coordinates":[126.60204635,33.240656517]}},{"type":"Feature","id":"226d987e725ee112a76893598e435d4dc8ad1c4463214bb2edf6ca0d252217c3-1","properties":{"facility_id":"226d987e725ee112a76893598e435d4dc8ad1c4463214bb2edf6ca0d252217c3","point_ordinal":1,"zone_group_id":"501301015008","source_manage_no":"501301015008","facility_name":"보목초등학교","sgg_code":"50130","facility_type_code":"1","api_first_registered_on":null,"api_last_modified_on":"2025-04-15","updated_at":"2026-07-25T01:27:52.347112+00:00"},"geometry":{"type":"Point","coordinates":[126.600228034,33.244224149]}},{"type":"Feature","id":"c209ede2ad366fa84be3efa34b253f4cca7cd6a70cce7941ab3bd05f30b5f2e3-1","properties":{"facility_id":"c209ede2ad366fa84be3efa34b253f4cca7cd6a70cce7941ab3bd05f30b5f2e3","point_ordinal":1,"zone_group_id":"501301015008","source_manage_no":"501301029144","facility_name":"보목초등학교 병설유치원","sgg_code":"50130","facility_type_code":"1","api_first_registered_on":null,"api_last_modified_on":"2025-04-15","updated_at":"2026-07-25T01:27:52.347112+00:00"},"geometry":{"type":"Point","coordinates":[126.599934347,33.24493784]}},{"type":"Feature","id":"45970085a005be6e3cf8e1d0cb3e8a08f2ad43a161b09a3eff0fbb1533e294e4-1","properties":{"facility_id":"45970085a005be6e3cf8e1d0cb3e8a08f2ad43a161b09a3eff0fbb1533e294e4","point_ordinal":1,"zone_group_id":"501301014940","source_manage_no":"501301014940","facility_name":"보성초등학교","sgg_code":"50130","facility_type_code":"1","api_first_registered_on":null,"api_last_modified_on":"2025-04-15","updated_at":"2026-07-25T01:27:52.347112+00:00"},"geometry":{"type":"Point","coordinates":[126.276875744,33.249482485]}},{"type":"Feature","id":"6448c4a7c8039fb0576b3f8c1b9c1452b773b233c9b2950627e4fde846251187-1","properties":{"facility_id":"6448c4a7c8039fb0576b3f8c1b9c1452b773b233c9b2950627e4fde846251187","point_ordinal":1,"zone_group_id":"501301029129","source_manage_no":"501301029129","facility_name":"보성초등학교 병설유치원","sgg_code":"50130","facility_type_code":"1","api_first_registered_on":null,"api_last_modified_on":"2025-04-15","updated_at":"2026-07-25T01:27:52.347112+00:00"},"geometry":{"type":"Point","coordinates":[126.275945595,33.249834364]}},{"type":"Feature","id":"e05db77a08b1ee8e4f25a28fae26ed14b236064c94de6d2cac4647681c22d459-1","properties":{"facility_id":"e05db77a08b1ee8e4f25a28fae26ed14b236064c94de6d2cac4647681c22d459","point_ordinal":1,"zone_group_id":"501301019727","source_manage_no":"501301019727","facility_name":"브랭섬홀아시아(BHA)","sgg_code":"50130","facility_type_code":"1","api_first_registered_on":null,"api_last_modified_on":"2025-04-15","updated_at":"2026-07-25T01:27:52.347112+00:00"},"geometry":{"type":"Point","coordinates":[126.287334258,33.289691703]}},{"type":"Feature","id":"7310e4c00be3259d485d8f6e16f1396bd9046e64ab29c601a0c1d98c8069de4b-1","properties":{"facility_id":"7310e4c00be3259d485d8f6e16f1396bd9046e64ab29c601a0c1d98c8069de4b","point_ordinal":1,"zone_group_id":"501301015013","source_manage_no":"501301015013","facility_name":"사계초등학교","sgg_code":"50130","facility_type_code":"1","api_first_registered_on":null,"api_last_modified_on":"2025-04-15","updated_at":"2026-07-25T01:27:52.347112+00:00"},"geometry":{"type":"Point","coordinates":[126.299714587,33.232460259]}},{"type":"Feature","id":"d0d1b7210344593303c7c3243554906107b8aacb544431a4250b77d14ef365b9-1","properties":{"facility_id":"d0d1b7210344593303c7c3243554906107b8aacb544431a4250b77d14ef365b9","point_ordinal":1,"zone_group_id":"501301029122","source_manage_no":"501301029122","facility_name":"사계초등학교 병설유치원","sgg_code":"50130","facility_type_code":"1","api_first_registered_on":null,"api_last_modified_on":"2025-04-15","updated_at":"2026-07-25T01:27:52.347112+00:00"},"geometry":{"type":"Point","coordinates":[126.299654824,33.233753084]}},{"type":"Feature","id":"15b236431b43eafb7828fa3656211132e2c07f065793aec37134d506187d7d95-1","properties":{"facility_id":"15b236431b43eafb7828fa3656211132e2c07f065793aec37134d506187d7d95","point_ordinal":1,"zone_group_id":"501302014989","source_manage_no":"501302014989","facility_name":"삼달1리경로당","sgg_code":"50130","facility_type_code":"2","api_first_registered_on":null,"api_last_modified_on":null,"updated_at":"2026-07-25T01:27:52.347112+00:00"},"geometry":{"type":"Point","coordinates":[126.847098169,33.374385983]}},{"type":"Feature","id":"cac77b05b5d14fb5d534d01449cf34e440b5d254e7d274133d38af50e6f73ba3-1","properties":{"facility_id":"cac77b05b5d14fb5d534d01449cf34e440b5d254e7d274133d38af50e6f73ba3","point_ordinal":1,"zone_group_id":"501302014990","source_manage_no":"501302014990","facility_name":"삼달2리경로당","sgg_code":"50130","facility_type_code":"2","api_first_registered_on":null,"api_last_modified_on":null,"updated_at":"2026-07-25T01:27:52.347112+00:00"},"geometry":{"type":"Point","coordinates":[126.868902376,33.369528941]}},{"type":"Feature","id":"12d0bdf351ce411e08f22f8a1b807b5123dfce1546e62b25a342e04d0fd91572-1","properties":{"facility_id":"12d0bdf351ce411e08f22f8a1b807b5123dfce1546e62b25a342e04d0fd91572","point_ordinal":1,"zone_group_id":"501302020321","source_manage_no":"501302020321","facility_name":"상모1리사무소","sgg_code":"50130","facility_type_code":"2","api_first_registered_on":null,"api_last_modified_on":null,"updated_at":"2026-07-25T01:27:52.347112+00:00"},"geometry":{"type":"Point","coordinates":[126.269183542,33.226514164]}},{"type":"Feature","id":"b013eea4b326746ab73c6cb1f01b02e1dbf9bc682094fa1f5de273f7f52b60e4-1","properties":{"facility_id":"b013eea4b326746ab73c6cb1f01b02e1dbf9bc682094fa1f5de273f7f52b60e4","point_ordinal":1,"zone_group_id":"501302014963","source_manage_no":"501302014963","facility_name":"상예2동 복지회관","sgg_code":"50130","facility_type_code":"2","api_first_registered_on":null,"api_last_modified_on":null,"updated_at":"2026-07-25T01:27:52.347112+00:00"},"geometry":{"type":"Point","coordinates":[126.376362387,33.264437245]}},{"type":"Feature","id":"be988ca42c32db1e98ed9677267364979d3f76ae0fdb369a415417c48c2ab6f3-1","properties":{"facility_id":"be988ca42c32db1e98ed9677267364979d3f76ae0fdb369a415417c48c2ab6f3","point_ordinal":1,"zone_group_id":"501302015014","source_manage_no":"501302015014","facility_name":"상창리경로당","sgg_code":"50130","facility_type_code":"2","api_first_registered_on":null,"api_last_modified_on":null,"updated_at":"2026-07-25T01:27:52.347112+00:00"},"geometry":{"type":"Point","coordinates":[126.365278907,33.272201391]}},{"type":"Feature","id":"da2fa3f207f61fcc67dbc471964c941c2620d07777038c0a9b916b79ea77f637-1","properties":{"facility_id":"da2fa3f207f61fcc67dbc471964c941c2620d07777038c0a9b916b79ea77f637","point_ordinal":1,"zone_group_id":"501301014973","source_manage_no":"501301014973","facility_name":"새서귀초등학교","sgg_code":"50130","facility_type_code":"1","api_first_registered_on":null,"api_last_modified_on":null,"updated_at":"2026-07-25T01:27:52.347112+00:00"},"geometry":{"type":"Point","coordinates":[126.513637683,33.255680712]}},{"type":"Feature","id":"96dfd140066d2b06dfe2910ae861e072c09589c3ba14d755d73c1937141ad8a8-1","properties":{"facility_id":"96dfd140066d2b06dfe2910ae861e072c09589c3ba14d755d73c1937141ad8a8","point_ordinal":1,"zone_group_id":"501301019727","source_manage_no":"501301029152","facility_name":"샘어린이집","sgg_code":"50130","facility_type_code":"1","api_first_registered_on":null,"api_last_modified_on":"2025-04-15","updated_at":"2026-07-25T01:27:52.347112+00:00"},"geometry":{"type":"Point","coordinates":[126.282001866,33.288164958]}},{"type":"Feature","id":"390e0ae3de483ab0e790f19b7ea25ecbbfb9faee46fdbc72be0336c741ae0073-1","properties":{"facility_id":"390e0ae3de483ab0e790f19b7ea25ecbbfb9faee46fdbc72be0336c741ae0073","point_ordinal":1,"zone_group_id":"501301014980","source_manage_no":"501301014980","facility_name":"샘터어린이집","sgg_code":"50130","facility_type_code":"1","api_first_registered_on":null,"api_last_modified_on":null,"updated_at":"2026-07-25T01:27:52.347112+00:00"},"geometry":{"type":"Point","coordinates":[126.543006315,33.26285522]}},{"type":"Feature","id":"1bdd7aea126c5952be7fa23b856b0db7e8cea054c028a41e2840bf2fc169b23c-1","properties":{"facility_id":"1bdd7aea126c5952be7fa23b856b0db7e8cea054c028a41e2840bf2fc169b23c","point_ordinal":1,"zone_group_id":"501302020305","source_manage_no":"501302020305","facility_name":"서광동리 경로당","sgg_code":"50130","facility_type_code":"2","api_first_registered_on":null,"api_last_modified_on":null,"updated_at":"2026-07-25T01:27:52.347112+00:00"},"geometry":{"type":"Point","coordinates":[126.331140989,33.286078529]}},{"type":"Feature","id":"00908e5163d0fc66f5ef05ab03080449f7ff75cb91f3bf0f9efe41fee56bbe76-1","properties":{"facility_id":"00908e5163d0fc66f5ef05ab03080449f7ff75cb91f3bf0f9efe41fee56bbe76","point_ordinal":1,"zone_group_id":"501302024951","source_manage_no":"501302024951","facility_name":"서광서리경로당","sgg_code":"50130","facility_type_code":"2","api_first_registered_on":null,"api_last_modified_on":null,"updated_at":"2026-07-25T01:27:52.347112+00:00"},"geometry":{"type":"Point","coordinates":[126.302276483,33.284956046]}},{"type":"Feature","id":"3a8e7656cb3054eddbb322a0c1519bac1d41dc284b604da2a82563f955f2d8f8-1","properties":{"facility_id":"3a8e7656cb3054eddbb322a0c1519bac1d41dc284b604da2a82563f955f2d8f8","point_ordinal":1,"zone_group_id":"501301015015","source_manage_no":"501301015015","facility_name":"서광초등학교","sgg_code":"50130","facility_type_code":"1","api_first_registered_on":null,"api_last_modified_on":"2025-04-15","updated_at":"2026-07-25T01:27:52.347112+00:00"},"geometry":{"type":"Point","coordinates":[126.326201392,33.28784765]}},{"type":"Feature","id":"644fb1187942eb8c13412e6a78dd5e3d54982348beb30289fa52008e13fe0e4b-1","properties":{"facility_id":"644fb1187942eb8c13412e6a78dd5e3d54982348beb30289fa52008e13fe0e4b","point_ordinal":1,"zone_group_id":"501301029112","source_manage_no":"501301029112","facility_name":"서광초등학교 병설유치원","sgg_code":"50130","facility_type_code":"1","api_first_registered_on":null,"api_last_modified_on":"2025-04-15","updated_at":"2026-07-25T01:27:52.347112+00:00"},"geometry":{"type":"Point","coordinates":[126.326391146,33.288376143]}},{"type":"Feature","id":"21df3b05b7115eb0ba93bca4ad15c230e667ad7b2ebbc7a5efc7c655ffa46a62-1","properties":{"facility_id":"21df3b05b7115eb0ba93bca4ad15c230e667ad7b2ebbc7a5efc7c655ffa46a62","point_ordinal":1,"zone_group_id":"501301029110","source_manage_no":"501301029110","facility_name":"서귀북초등학교 병설유치원","sgg_code":"50130","facility_type_code":"1","api_first_registered_on":null,"api_last_modified_on":"2025-04-15","updated_at":"2026-07-25T01:27:52.347112+00:00"},"geometry":{"type":"Point","coordinates":[126.558285415,33.26035829]}},{"type":"Feature","id":"4e921460a739e773094c2d7eae0c61d6e3ea6af1eee92aab4f25862230098283-1","properties":{"facility_id":"4e921460a739e773094c2d7eae0c61d6e3ea6af1eee92aab4f25862230098283","point_ordinal":1,"zone_group_id":"501301014981","source_manage_no":"501301014981","facility_name":"서귀북초등학교서","sgg_code":"50130","facility_type_code":"1","api_first_registered_on":null,"api_last_modified_on":"2025-04-15","updated_at":"2026-07-25T01:27:52.347112+00:00"},"geometry":{"type":"Point","coordinates":[126.559227832,33.259930424]}},{"type":"Feature","id":"a3c52bf40c85f3a5f331279476f69cf2719e09d33640e3de807923cbee564e71-1","properties":{"facility_id":"a3c52bf40c85f3a5f331279476f69cf2719e09d33640e3de807923cbee564e71","point_ordinal":1,"zone_group_id":"501301014983","source_manage_no":"501301014983","facility_name":"서귀서초등학교","sgg_code":"50130","facility_type_code":"1","api_first_registered_on":null,"api_last_modified_on":"2025-04-15","updated_at":"2026-07-25T01:27:52.347112+00:00"},"geometry":{"type":"Point","coordinates":[126.556898769,33.253878724]}},{"type":"Feature","id":"941d79f3550d60600f05c02306690881c54c047a9bb71c164d391e7249988f68-1","properties":{"facility_id":"941d79f3550d60600f05c02306690881c54c047a9bb71c164d391e7249988f68","point_ordinal":1,"zone_group_id":"501301029116","source_manage_no":"501301029116","facility_name":"서귀서초등학교 병설유치원","sgg_code":"50130","facility_type_code":"1","api_first_registered_on":null,"api_last_modified_on":"2025-04-15","updated_at":"2026-07-25T01:27:52.347112+00:00"},"geometry":{"type":"Point","coordinates":[126.556150502,33.254723021]}},{"type":"Feature","id":"117d884c5a44ac685f9c1dd0d420ffa556f8d8ddcea4da7cf5ac0d2b3421c8d3-1","properties":{"facility_id":"117d884c5a44ac685f9c1dd0d420ffa556f8d8ddcea4da7cf5ac0d2b3421c8d3","point_ordinal":1,"zone_group_id":"501301014968","source_manage_no":"501301014968","facility_name":"서귀어린이집","sgg_code":"50130","facility_type_code":"1","api_first_registered_on":null,"api_last_modified_on":null,"updated_at":"2026-07-25T01:27:52.347112+00:00"},"geometry":{"type":"Point","coordinates":[126.560600015,33.248080126]}},{"type":"Feature","id":"4f7eeddc8d48fafedca297c447914cf2351898ee8bd8170f5e640f0c52af1f10-1","properties":{"facility_id":"4f7eeddc8d48fafedca297c447914cf2351898ee8bd8170f5e640f0c52af1f10","point_ordinal":1,"zone_group_id":"501301014969","source_manage_no":"501301014969","facility_name":"서귀중앙초등학교","sgg_code":"50130","facility_type_code":"1","api_first_registered_on":null,"api_last_modified_on":"2025-04-15","updated_at":"2026-07-25T01:27:52.347112+00:00"},"geometry":{"type":"Point","coordinates":[126.563215353,33.252465307]}},{"type":"Feature","id":"258d6c6a2c8edbf8a9a1a58f37afddc6dba640a1bcb7b0cd2001f37bd82734a4-1","properties":{"facility_id":"258d6c6a2c8edbf8a9a1a58f37afddc6dba640a1bcb7b0cd2001f37bd82734a4","point_ordinal":1,"zone_group_id":"501301029108","source_manage_no":"501301029108","facility_name":"서귀중앙초등학교 병설유치원","sgg_code":"50130","facility_type_code":"1","api_first_registered_on":null,"api_last_modified_on":"2025-04-15","updated_at":"2026-07-25T01:27:52.347112+00:00"},"geometry":{"type":"Point","coordinates":[126.563644819,33.253173697]}},{"type":"Feature","id":"0626f9a1ff16dc95c8864e42dc6c8ee0e60ceb8c4c5817f55d4c387a9d41af8b-1","properties":{"facility_id":"0626f9a1ff16dc95c8864e42dc6c8ee0e60ceb8c4c5817f55d4c387a9d41af8b","point_ordinal":1,"zone_group_id":"501302020304","source_manage_no":"501302020304","facility_name":"서귀포 공립요양원&서귀포시 동부노인복지관","sgg_code":"50130","facility_type_code":"2","api_first_registered_on":null,"api_last_modified_on":null,"updated_at":"2026-07-25T01:27:52.347112+00:00"},"geometry":{"type":"Point","coordinates":[126.715349596,33.282834419]}},{"type":"Feature","id":"233fd1d39f3d9e38a66117bff1a63401c0703174f3aeba956d0251eb31da3947-1","properties":{"facility_id":"233fd1d39f3d9e38a66117bff1a63401c0703174f3aeba956d0251eb31da3947","point_ordinal":1,"zone_group_id":"501302014952","source_manage_no":"501302014952","facility_name":"서귀포노인복지관","sgg_code":"50130","facility_type_code":"2","api_first_registered_on":null,"api_last_modified_on":null,"updated_at":"2026-07-25T01:27:52.347112+00:00"},"geometry":{"type":"Point","coordinates":[126.570792932,33.254614692]}},{"type":"Feature","id":"0b8045268434d44ed89ac545f6ee9c1d2aa814f65d479ccc47172ceab82becc1-1","properties":{"facility_id":"0b8045268434d44ed89ac545f6ee9c1d2aa814f65d479ccc47172ceab82becc1","point_ordinal":1,"zone_group_id":"501302025806","source_manage_no":"501302025806","facility_name":"서귀포시 노인복지지원센터","sgg_code":"50130","facility_type_code":"2","api_first_registered_on":null,"api_last_modified_on":null,"updated_at":"2026-07-25T01:27:52.347112+00:00"},"geometry":{"type":"Point","coordinates":[126.515598937,33.250547709]}},{"type":"Feature","id":"a5d9ca910eca61adb64df59527af89cc6628007871a384565418079be899d920-1","properties":{"facility_id":"a5d9ca910eca61adb64df59527af89cc6628007871a384565418079be899d920","point_ordinal":1,"zone_group_id":"501303026793","source_manage_no":"501303026793","facility_name":"서귀포시 장애인 종합복지관","sgg_code":"50130","facility_type_code":"3","api_first_registered_on":null,"api_last_modified_on":null,"updated_at":"2026-07-25T01:27:52.347112+00:00"},"geometry":{"type":"Point","coordinates":[126.584590797,33.286918506]}},{"type":"Feature","id":"57bee1a02c6ce73971e9dbc3a580302058df86ada0cb2093360d737c81ba23a6-1","properties":{"facility_id":"57bee1a02c6ce73971e9dbc3a580302058df86ada0cb2093360d737c81ba23a6","point_ordinal":1,"zone_group_id":"501302024952","source_manage_no":"501302024952","facility_name":"서귀포시노인복지관","sgg_code":"50130","facility_type_code":"2","api_first_registered_on":null,"api_last_modified_on":null,"updated_at":"2026-07-25T01:27:52.347112+00:00"},"geometry":{"type":"Point","coordinates":[126.517342952,33.254075924]}},{"type":"Feature","id":"8fc1d5e612c453f4d42341b759b45b99c530f40640056417128558e53875fe7e-1","properties":{"facility_id":"8fc1d5e612c453f4d42341b759b45b99c530f40640056417128558e53875fe7e","point_ordinal":1,"zone_group_id":"501301015023","source_manage_no":"501301015023","facility_name":"서귀포온성학교","sgg_code":"50130","facility_type_code":"1","api_first_registered_on":"2005-12-20","api_last_modified_on":null,"updated_at":"2026-07-25T01:27:52.347112+00:00"},"geometry":{"type":"Point","coordinates":[126.594387862,33.291119436]}},{"type":"Feature","id":"9f19315ddebff5b305d01b5eb0e5d4f4a6da1d759f49c8646f4f57ccdfc74855-1","properties":{"facility_id":"9f19315ddebff5b305d01b5eb0e5d4f4a6da1d759f49c8646f4f57ccdfc74855","point_ordinal":1,"zone_group_id":"501301014971","source_manage_no":"501301014971","facility_name":"서귀포초등학교","sgg_code":"50130","facility_type_code":"1","api_first_registered_on":null,"api_last_modified_on":"2025-04-15","updated_at":"2026-07-25T01:27:52.347112+00:00"},"geometry":{"type":"Point","coordinates":[126.565844936,33.243429474]}},{"type":"Feature","id":"c54bf846debd8fe42c078b9e7925f81d6aa968a2230e55fce984a9609db9cd14-1","properties":{"facility_id":"c54bf846debd8fe42c078b9e7925f81d6aa968a2230e55fce984a9609db9cd14","point_ordinal":1,"zone_group_id":"501301029111","source_manage_no":"501301029111","facility_name":"서귀포초등학교 병설유치원","sgg_code":"50130","facility_type_code":"1","api_first_registered_on":null,"api_last_modified_on":"2025-04-15","updated_at":"2026-07-25T01:27:52.347112+00:00"},"geometry":{"type":"Point","coordinates":[126.566790515,33.24393772]}},{"type":"Feature","id":"f656a07ea0461c69faea2fd719194b6b1136a073166db0aa02a679f33965bea2-1","properties":{"facility_id":"f656a07ea0461c69faea2fd719194b6b1136a073166db0aa02a679f33965bea2","point_ordinal":1,"zone_group_id":"501301014974","source_manage_no":"501301014974","facility_name":"서호어린이집","sgg_code":"50130","facility_type_code":"1","api_first_registered_on":null,"api_last_modified_on":null,"updated_at":"2026-07-25T01:27:52.347112+00:00"},"geometry":{"type":"Point","coordinates":[126.524239391,33.257072182]}},{"type":"Feature","id":"475d7c189bf59d666c43b77a57754d3a8b7db8ad4a686830da9d60c0ef45b884-1","properties":{"facility_id":"475d7c189bf59d666c43b77a57754d3a8b7db8ad4a686830da9d60c0ef45b884","point_ordinal":1,"zone_group_id":"501302014975","source_manage_no":"501302014975","facility_name":"서호요양원","sgg_code":"50130","facility_type_code":"2","api_first_registered_on":null,"api_last_modified_on":null,"updated_at":"2026-07-25T01:27:52.347112+00:00"},"geometry":{"type":"Point","coordinates":[126.5203552,33.267468147]}},{"type":"Feature","id":"7541635fb53204f762b925bc99f8cd35ca1c4755c6cce67beaefc136091a103b-1","properties":{"facility_id":"7541635fb53204f762b925bc99f8cd35ca1c4755c6cce67beaefc136091a103b","point_ordinal":1,"zone_group_id":"501301014977","source_manage_no":"501301014977","facility_name":"서호초등학교","sgg_code":"50130","facility_type_code":"1","api_first_registered_on":null,"api_last_modified_on":"2025-04-15","updated_at":"2026-07-25T01:27:52.347112+00:00"},"geometry":{"type":"Point","coordinates":[126.528962101,33.254240956]}},{"type":"Feature","id":"fd2f49b5cd550f1ff8b09ca2eea5883c76e4bbf39fcd8e1370bc91e3acc6c665-1","properties":{"facility_id":"fd2f49b5cd550f1ff8b09ca2eea5883c76e4bbf39fcd8e1370bc91e3acc6c665","point_ordinal":1,"zone_group_id":"501301014977","source_manage_no":"501301029138","facility_name":"서호초등학교 병설유치원","sgg_code":"50130","facility_type_code":"1","api_first_registered_on":null,"api_last_modified_on":"2025-04-15","updated_at":"2026-07-25T01:27:52.347112+00:00"},"geometry":{"type":"Point","coordinates":[126.528676382,33.253687739]}},{"type":"Feature","id":"74bdbbb2471a809c9112abeea124a210f323a85da8b130c59f5e3400e3095b89-1","properties":{"facility_id":"74bdbbb2471a809c9112abeea124a210f323a85da8b130c59f5e3400e3095b89","point_ordinal":1,"zone_group_id":"501301015019","source_manage_no":"501301029139","facility_name":"성모유치원","sgg_code":"50130","facility_type_code":"1","api_first_registered_on":null,"api_last_modified_on":"2025-04-15","updated_at":"2026-07-25T01:27:52.347112+00:00"},"geometry":{"type":"Point","coordinates":[126.334540541,33.249977368]}},{"type":"Feature","id":"6d3f9f789d465c9ba500ae7ab64e1c1cfcf57679d9b86146c7fc6c3cf2969ce4-1","properties":{"facility_id":"6d3f9f789d465c9ba500ae7ab64e1c1cfcf57679d9b86146c7fc6c3cf2969ce4","point_ordinal":1,"zone_group_id":"501302026703","source_manage_no":"501302026703","facility_name":"성산LH아파트 경로당","sgg_code":"50130","facility_type_code":"2","api_first_registered_on":"2023-07-13","api_last_modified_on":null,"updated_at":"2026-07-25T01:27:52.347112+00:00"},"geometry":{"type":"Point","coordinates":[126.909225736,33.450926176]}},{"type":"Feature","id":"64da336e5d4938a3f5e267b3ac030a071ede5bde105018bfd82048db8a02b586-1","properties":{"facility_id":"64da336e5d4938a3f5e267b3ac030a071ede5bde105018bfd82048db8a02b586","point_ordinal":1,"zone_group_id":"501301014991","source_manage_no":"501301014991","facility_name":"성산원광어린이집","sgg_code":"50130","facility_type_code":"1","api_first_registered_on":null,"api_last_modified_on":null,"updated_at":"2026-07-25T01:27:52.347112+00:00"},"geometry":{"type":"Point","coordinates":[126.910966456,33.449072011]}},{"type":"Feature","id":"2e1112f5433ac8eb780271cb6010ac0ca29cf6b3e9990acb3af87e98c1bbe2ff-1","properties":{"facility_id":"2e1112f5433ac8eb780271cb6010ac0ca29cf6b3e9990acb3af87e98c1bbe2ff","point_ordinal":1,"zone_group_id":"501302024953","source_manage_no":"501302024953","facility_name":"성산읍노인복지회관","sgg_code":"50130","facility_type_code":"2","api_first_registered_on":null,"api_last_modified_on":null,"updated_at":"2026-07-25T01:27:52.347112+00:00"},"geometry":{"type":"Point","coordinates":[126.906395349,33.448424685]}},{"type":"Feature","id":"2a1903326032a9b8347cfc840e61ee2bda06553ae712859edc67f8fe10810df5-1","properties":{"facility_id":"2a1903326032a9b8347cfc840e61ee2bda06553ae712859edc67f8fe10810df5","point_ordinal":1,"zone_group_id":"501301014993","source_manage_no":"501301014993","facility_name":"성산초등학교","sgg_code":"50130","facility_type_code":"1","api_first_registered_on":null,"api_last_modified_on":"2025-04-15","updated_at":"2026-07-25T01:27:52.347112+00:00"},"geometry":{"type":"Point","coordinates":[126.931147936,33.467692369]}},{"type":"Feature","id":"d5153d17af8f070bce1e63286e9def1369ef8fc9dfeb3a23c9fe190848de8602-1","properties":{"facility_id":"d5153d17af8f070bce1e63286e9def1369ef8fc9dfeb3a23c9fe190848de8602","point_ordinal":1,"zone_group_id":"501301014993","source_manage_no":"501301029141","facility_name":"성산초등학교 병설유치원","sgg_code":"50130","facility_type_code":"1","api_first_registered_on":null,"api_last_modified_on":"2025-04-15","updated_at":"2026-07-25T01:27:52.347112+00:00"},"geometry":{"type":"Point","coordinates":[126.931794957,33.468390159]}},{"type":"Feature","id":"aed18bdd2ef718ec29841468f901043c1f914e8d72bd175f5469fd66bee5ccdd-1","properties":{"facility_id":"aed18bdd2ef718ec29841468f901043c1f914e8d72bd175f5469fd66bee5ccdd","point_ordinal":1,"zone_group_id":"501301014994","source_manage_no":"501301014994","facility_name":"성신유치원","sgg_code":"50130","facility_type_code":"1","api_first_registered_on":null,"api_last_modified_on":null,"updated_at":"2026-07-25T01:27:52.347112+00:00"},"geometry":{"type":"Point","coordinates":[126.913658341,33.45356748]}},{"type":"Feature","id":"eec67c513b4466deb8cf0394c1b9f7c11c90791d8358c143c3c0e900bbc9f296-1","properties":{"facility_id":"eec67c513b4466deb8cf0394c1b9f7c11c90791d8358c143c3c0e900bbc9f296","point_ordinal":1,"zone_group_id":"501302015039","source_manage_no":"501302015039","facility_name":"성읍1리경로당","sgg_code":"50130","facility_type_code":"2","api_first_registered_on":null,"api_last_modified_on":null,"updated_at":"2026-07-25T01:27:52.347112+00:00"},"geometry":{"type":"Point","coordinates":[126.800969194,33.3905143]}},{"type":"Feature","id":"09ebbf12f0df4ccd0d8c611f1c5dc9b9d070e94bcd2813df43ba72a822029df4-1","properties":{"facility_id":"09ebbf12f0df4ccd0d8c611f1c5dc9b9d070e94bcd2813df43ba72a822029df4","point_ordinal":1,"zone_group_id":"501301015041","source_manage_no":"501301015041","facility_name":"성읍초등학교","sgg_code":"50130","facility_type_code":"1","api_first_registered_on":null,"api_last_modified_on":"2025-04-15","updated_at":"2026-07-25T01:27:52.347112+00:00"},"geometry":{"type":"Point","coordinates":[126.799643997,33.382804133]}},{"type":"Feature","id":"4e15d688f97544734a36dba1befda61ae39c23faa4cb74d33ba690aeaf94db92-1","properties":{"facility_id":"4e15d688f97544734a36dba1befda61ae39c23faa4cb74d33ba690aeaf94db92","point_ordinal":1,"zone_group_id":"501301029124","source_manage_no":"501301029124","facility_name":"성읍초등학교 병설유치원","sgg_code":"50130","facility_type_code":"1","api_first_registered_on":null,"api_last_modified_on":"2025-04-15","updated_at":"2026-07-25T01:27:52.347112+00:00"},"geometry":{"type":"Point","coordinates":[126.797981951,33.384051458]}},{"type":"Feature","id":"8cae3235d09567639f762fa3c416591cab5b43b2df365014252fe77216ce018e-1","properties":{"facility_id":"8cae3235d09567639f762fa3c416591cab5b43b2df365014252fe77216ce018e","point_ordinal":1,"zone_group_id":"501303014924","source_manage_no":"501303014924","facility_name":"성자현","sgg_code":"50130","facility_type_code":"3","api_first_registered_on":null,"api_last_modified_on":null,"updated_at":"2026-07-25T01:27:52.347112+00:00"},"geometry":{"type":"Point","coordinates":[126.699041706,33.28814894]}},{"type":"Feature","id":"664420c374084bd90d95c4bd33f855b098c8f43afc5623ef70d73d501d1d74c6-1","properties":{"facility_id":"664420c374084bd90d95c4bd33f855b098c8f43afc5623ef70d73d501d1d74c6","point_ordinal":1,"zone_group_id":"501301022231","source_manage_no":"501301022231","facility_name":"세인트존스베리아카데미","sgg_code":"50130","facility_type_code":"1","api_first_registered_on":null,"api_last_modified_on":"2025-04-15","updated_at":"2026-07-25T01:27:52.347112+00:00"},"geometry":{"type":"Point","coordinates":[126.284987115,33.284275341]}},{"type":"Feature","id":"99fe9047bbe59001c8d4228299973ce7b1323c359b3092396d95aeb794553ed2-1","properties":{"facility_id":"99fe9047bbe59001c8d4228299973ce7b1323c359b3092396d95aeb794553ed2","point_ordinal":1,"zone_group_id":"501302015042","source_manage_no":"501302015042","facility_name":"세화1리경로당","sgg_code":"50130","facility_type_code":"2","api_first_registered_on":null,"api_last_modified_on":null,"updated_at":"2026-07-25T01:27:52.347112+00:00"},"geometry":{"type":"Point","coordinates":[126.79815114,33.331726781]}},{"type":"Feature","id":"c366dcdf7756185a3f23dfcc5c00c55f8addb1f17ce71b23cf265fe2fa98ca62-1","properties":{"facility_id":"c366dcdf7756185a3f23dfcc5c00c55f8addb1f17ce71b23cf265fe2fa98ca62","point_ordinal":1,"zone_group_id":"501302015043","source_manage_no":"501302015043","facility_name":"세화2리경로당","sgg_code":"50130","facility_type_code":"2","api_first_registered_on":null,"api_last_modified_on":null,"updated_at":"2026-07-25T01:27:52.347112+00:00"},"geometry":{"type":"Point","coordinates":[126.800940307,33.306722009]}},{"type":"Feature","id":"8eeed5e89d5e2685c65cf062af1e2747f0bb3ebfc342e75783376ba7d1d3197b-1","properties":{"facility_id":"8eeed5e89d5e2685c65cf062af1e2747f0bb3ebfc342e75783376ba7d1d3197b","point_ordinal":1,"zone_group_id":"501302015044","source_manage_no":"501302015044","facility_name":"세화3리경로당","sgg_code":"50130","facility_type_code":"2","api_first_registered_on":null,"api_last_modified_on":null,"updated_at":"2026-07-25T01:27:52.347112+00:00"},"geometry":{"type":"Point","coordinates":[126.790068144,33.318827873]}},{"type":"Feature","id":"28d231b3a636772eaed06d41f3d69ebb24a49cd54c67055d0a3e5029601e0e33-1","properties":{"facility_id":"28d231b3a636772eaed06d41f3d69ebb24a49cd54c67055d0a3e5029601e0e33","point_ordinal":1,"zone_group_id":"501302026792","source_manage_no":"501302026792","facility_name":"수망리 경로당","sgg_code":"50130","facility_type_code":"2","api_first_registered_on":null,"api_last_modified_on":null,"updated_at":"2026-07-25T01:27:52.347112+00:00"},"geometry":{"type":"Point","coordinates":[126.712804076,33.329019546]}},{"type":"Feature","id":"eabfe4a0b86be96058051be2374e57c513933b31cf39225492f09ea72259d58a-1","properties":{"facility_id":"eabfe4a0b86be96058051be2374e57c513933b31cf39225492f09ea72259d58a","point_ordinal":1,"zone_group_id":"501302024954","source_manage_no":"501302024954","facility_name":"수산1리경로당","sgg_code":"50130","facility_type_code":"2","api_first_registered_on":null,"api_last_modified_on":null,"updated_at":"2026-07-25T01:27:52.347112+00:00"},"geometry":{"type":"Point","coordinates":[126.882583308,33.446736442]}},{"type":"Feature","id":"ee89dd2956ac78dbf3035560c358d1039c3edab1d803a0a2d7574711b8d0f5fa-1","properties":{"facility_id":"ee89dd2956ac78dbf3035560c358d1039c3edab1d803a0a2d7574711b8d0f5fa","point_ordinal":1,"zone_group_id":"501302026190","source_manage_no":"501302026190","facility_name":"수산2리 경로당","sgg_code":"50130","facility_type_code":"2","api_first_registered_on":null,"api_last_modified_on":null,"updated_at":"2026-07-25T01:27:52.347112+00:00"},"geometry":{"type":"Point","coordinates":[126.863553714,33.442069112]}},{"type":"Feature","id":"cd46152a86f84cf3887ee62fdd43fcd7eacfb3e60d183a5f709cc67790618d36-1","properties":{"facility_id":"cd46152a86f84cf3887ee62fdd43fcd7eacfb3e60d183a5f709cc67790618d36","point_ordinal":1,"zone_group_id":"501301019466","source_manage_no":"501301019466","facility_name":"수산초등학교","sgg_code":"50130","facility_type_code":"1","api_first_registered_on":null,"api_last_modified_on":"2025-04-15","updated_at":"2026-07-25T01:27:52.347112+00:00"},"geometry":{"type":"Point","coordinates":[126.886267189,33.446511761]}},{"type":"Feature","id":"71e6bffd6c4d864797479157b6cdcf0b00262194810bceafdd8cceb134c419c4-1","properties":{"facility_id":"71e6bffd6c4d864797479157b6cdcf0b00262194810bceafdd8cceb134c419c4","point_ordinal":1,"zone_group_id":"501301029125","source_manage_no":"501301029125","facility_name":"수산초등학교 병설유치원","sgg_code":"50130","facility_type_code":"1","api_first_registered_on":null,"api_last_modified_on":"2025-04-15","updated_at":"2026-07-25T01:27:52.347112+00:00"},"geometry":{"type":"Point","coordinates":[126.885280747,33.447389418]}},{"type":"Feature","id":"32925c2073416eac03b0e2fbccbf56e7d6a2da383b4dd28b9daf22f1a8c6bdfb-1","properties":{"facility_id":"32925c2073416eac03b0e2fbccbf56e7d6a2da383b4dd28b9daf22f1a8c6bdfb","point_ordinal":1,"zone_group_id":"501301015026","source_manage_no":"501301015026","facility_name":"슬기샘어린이집","sgg_code":"50130","facility_type_code":"1","api_first_registered_on":null,"api_last_modified_on":null,"updated_at":"2026-07-25T01:27:52.347112+00:00"},"geometry":{"type":"Point","coordinates":[126.426677081,33.254374237]}},{"type":"Feature","id":"ae21447a4261a5335fb9f32cfb1e5f11eea7a22c4977d8796944ca44b521ec02-1","properties":{"facility_id":"ae21447a4261a5335fb9f32cfb1e5f11eea7a22c4977d8796944ca44b521ec02","point_ordinal":1,"zone_group_id":"501301019528","source_manage_no":"501301019528","facility_name":"시흥초등학교","sgg_code":"50130","facility_type_code":"1","api_first_registered_on":null,"api_last_modified_on":"2025-04-15","updated_at":"2026-07-25T01:27:52.347112+00:00"},"geometry":{"type":"Point","coordinates":[126.896260561,33.47874404]}},{"type":"Feature","id":"071217fca27316a78970598853ab16f2cf6bc620be2a4bfbba7643b13e18dd8c-1","properties":{"facility_id":"071217fca27316a78970598853ab16f2cf6bc620be2a4bfbba7643b13e18dd8c","point_ordinal":1,"zone_group_id":"501301029134","source_manage_no":"501301029134","facility_name":"시흥초등학교 병설유치원","sgg_code":"50130","facility_type_code":"1","api_first_registered_on":null,"api_last_modified_on":"2025-04-15","updated_at":"2026-07-25T01:27:52.347112+00:00"},"geometry":{"type":"Point","coordinates":[126.895549512,33.479576665]}},{"type":"Feature","id":"38ad0f7331922d266d7fdfb9f56772a29e63137a951896dff4bf12342543823e-1","properties":{"facility_id":"38ad0f7331922d266d7fdfb9f56772a29e63137a951896dff4bf12342543823e","point_ordinal":1,"zone_group_id":"501302024955","source_manage_no":"501302024955","facility_name":"신도1리경로당","sgg_code":"50130","facility_type_code":"2","api_first_registered_on":null,"api_last_modified_on":null,"updated_at":"2026-07-25T01:27:52.347112+00:00"},"geometry":{"type":"Point","coordinates":[126.191757463,33.278426115]}},{"type":"Feature","id":"a648334653f875d443bcf2a4902543524590bec1c172584b974869a3657db257-1","properties":{"facility_id":"a648334653f875d443bcf2a4902543524590bec1c172584b974869a3657db257","point_ordinal":1,"zone_group_id":"501302025807","source_manage_no":"501302025807","facility_name":"신도2리 경로당","sgg_code":"50130","facility_type_code":"2","api_first_registered_on":null,"api_last_modified_on":null,"updated_at":"2026-07-25T01:27:52.347112+00:00"},"geometry":{"type":"Point","coordinates":[126.174878694,33.277645109]}},{"type":"Feature","id":"6d1a5427a1fc602c22d548b572cfcd567ea926a7bf06b649f2435da7fe19c9ef-1","properties":{"facility_id":"6d1a5427a1fc602c22d548b572cfcd567ea926a7bf06b649f2435da7fe19c9ef","point_ordinal":1,"zone_group_id":"501302014906","source_manage_no":"501302014906","facility_name":"신례2리경로당","sgg_code":"50130","facility_type_code":"2","api_first_registered_on":null,"api_last_modified_on":null,"updated_at":"2026-07-25T01:27:52.347112+00:00"},"geometry":{"type":"Point","coordinates":[126.640518208,33.265587915]}},{"type":"Feature","id":"6ffb364fb6d77a537082c4644d43e06e81e67d189bb9bd2affdf7ab5486edf98-1","properties":{"facility_id":"6ffb364fb6d77a537082c4644d43e06e81e67d189bb9bd2affdf7ab5486edf98","point_ordinal":1,"zone_group_id":"501301014908","source_manage_no":"501301014908","facility_name":"신례초등학교","sgg_code":"50130","facility_type_code":"1","api_first_registered_on":null,"api_last_modified_on":"2025-04-15","updated_at":"2026-07-25T01:27:52.347112+00:00"},"geometry":{"type":"Point","coordinates":[126.632212619,33.283578372]}},{"type":"Feature","id":"8b09e193a9523c82560ec024dd797e2b10baea815b1866a42ec0c3237abaf65a-1","properties":{"facility_id":"8b09e193a9523c82560ec024dd797e2b10baea815b1866a42ec0c3237abaf65a","point_ordinal":1,"zone_group_id":"501301014908","source_manage_no":"501301029136","facility_name":"신례초등학교 병설유치원","sgg_code":"50130","facility_type_code":"1","api_first_registered_on":null,"api_last_modified_on":"2025-04-15","updated_at":"2026-07-25T01:27:52.347112+00:00"},"geometry":{"type":"Point","coordinates":[126.632097682,33.284572419]}},{"type":"Feature","id":"de428edcfde913b7abfdb647c7e6f4cf9c13e8bc99e77bc99c93538c79a709fd-1","properties":{"facility_id":"de428edcfde913b7abfdb647c7e6f4cf9c13e8bc99e77bc99c93538c79a709fd","point_ordinal":1,"zone_group_id":"501301019529","source_manage_no":"501301019529","facility_name":"신산초등학교","sgg_code":"50130","facility_type_code":"1","api_first_registered_on":null,"api_last_modified_on":"2025-04-14","updated_at":"2026-07-25T01:27:52.347112+00:00"},"geometry":{"type":"Point","coordinates":[126.876352303,33.38113961]}},{"type":"Feature","id":"5f2820de3d00821d2224e189f6a16747bf9952b2e9339ebd46d694b8e8d68b19-1","properties":{"facility_id":"5f2820de3d00821d2224e189f6a16747bf9952b2e9339ebd46d694b8e8d68b19","point_ordinal":1,"zone_group_id":"501301029042","source_manage_no":"501301029042","facility_name":"신산초등학교 병설유치원","sgg_code":"50130","facility_type_code":"1","api_first_registered_on":null,"api_last_modified_on":"2025-04-14","updated_at":"2026-07-25T01:27:52.347112+00:00"},"geometry":{"type":"Point","coordinates":[126.875372542,33.381348249]}},{"type":"Feature","id":"63505d609bb1ac688bdc1b018c50df15809441c9eb051338c5a5bbb4ce751253-1","properties":{"facility_id":"63505d609bb1ac688bdc1b018c50df15809441c9eb051338c5a5bbb4ce751253","point_ordinal":1,"zone_group_id":"501302015001","source_manage_no":"501302015001","facility_name":"신천리경로당","sgg_code":"50130","facility_type_code":"2","api_first_registered_on":null,"api_last_modified_on":null,"updated_at":"2026-07-25T01:27:52.347112+00:00"},"geometry":{"type":"Point","coordinates":[126.849276114,33.344641677]}},{"type":"Feature","id":"9ad9803607443456bc4bc8456485aa63110685a77980913822cde40230a50beb-1","properties":{"facility_id":"9ad9803607443456bc4bc8456485aa63110685a77980913822cde40230a50beb","point_ordinal":1,"zone_group_id":"501302014941","source_manage_no":"501302014941","facility_name":"신평리경로당","sgg_code":"50130","facility_type_code":"2","api_first_registered_on":null,"api_last_modified_on":null,"updated_at":"2026-07-25T01:27:52.347112+00:00"},"geometry":{"type":"Point","coordinates":[126.259177617,33.265253012]}},{"type":"Feature","id":"53bdce6a89a81f2aa8019b9af0fd414b556bef8f995bc9a6eb192103d50bcf87-1","properties":{"facility_id":"53bdce6a89a81f2aa8019b9af0fd414b556bef8f995bc9a6eb192103d50bcf87","point_ordinal":1,"zone_group_id":"501302015002","source_manage_no":"501302015002","facility_name":"신풍리 사무소","sgg_code":"50130","facility_type_code":"2","api_first_registered_on":null,"api_last_modified_on":null,"updated_at":"2026-07-25T01:27:52.347112+00:00"},"geometry":{"type":"Point","coordinates":[126.835556449,33.36113808]}},{"type":"Feature","id":"563cca3dffea2d883e47d6b57d8512f981704332c0f2a6a34221df00eb87d645-1","properties":{"facility_id":"563cca3dffea2d883e47d6b57d8512f981704332c0f2a6a34221df00eb87d645","point_ordinal":1,"zone_group_id":"501302026706","source_manage_no":"501302026706","facility_name":"신흥1리 경로당","sgg_code":"50130","facility_type_code":"2","api_first_registered_on":"2023-07-13","api_last_modified_on":null,"updated_at":"2026-07-25T01:27:52.347112+00:00"},"geometry":{"type":"Point","coordinates":[126.767596073,33.304581264]}},{"type":"Feature","id":"3fb3577ebd5c09ac92cb0aacd5c8b945f637451ae80fad24fddd6d60bb9dca37-1","properties":{"facility_id":"3fb3577ebd5c09ac92cb0aacd5c8b945f637451ae80fad24fddd6d60bb9dca37","point_ordinal":1,"zone_group_id":"501302014909","source_manage_no":"501302014909","facility_name":"신흥2리 복지타운","sgg_code":"50130","facility_type_code":"2","api_first_registered_on":null,"api_last_modified_on":null,"updated_at":"2026-07-25T01:27:52.347112+00:00"},"geometry":{"type":"Point","coordinates":[126.745870327,33.321318422]}},{"type":"Feature","id":"4958368c6708dac388103f5a91c1d8b92f2ab32a6c9df478c4ed676352f8f538-1","properties":{"facility_id":"4958368c6708dac388103f5a91c1d8b92f2ab32a6c9df478c4ed676352f8f538","point_ordinal":1,"zone_group_id":"501301014942","source_manage_no":"501301014942","facility_name":"아이사랑어린이집","sgg_code":"50130","facility_type_code":"1","api_first_registered_on":null,"api_last_modified_on":"2025-04-15","updated_at":"2026-07-25T01:27:52.347112+00:00"},"geometry":{"type":"Point","coordinates":[126.271098232,33.226652047]}},{"type":"Feature","id":"fb303dd46845f756023824e7cc30809ca85f3a99b5164503e18d545a6cf166df-1","properties":{"facility_id":"fb303dd46845f756023824e7cc30809ca85f3a99b5164503e18d545a6cf166df","point_ordinal":1,"zone_group_id":"501301014942","source_manage_no":"501301029147","facility_name":"아이세상어린이집","sgg_code":"50130","facility_type_code":"1","api_first_registered_on":null,"api_last_modified_on":"2025-04-15","updated_at":"2026-07-25T01:27:52.347112+00:00"},"geometry":{"type":"Point","coordinates":[126.27140046,33.226509001]}},{"type":"Feature","id":"637cb4aec62e023e31439747dbeb8e9d02d962f8699fc2579a8b21a6466b2632-1","properties":{"facility_id":"637cb4aec62e023e31439747dbeb8e9d02d962f8699fc2579a8b21a6466b2632","point_ordinal":1,"zone_group_id":"501301015019","source_manage_no":"501301015019","facility_name":"안덕초등학교","sgg_code":"50130","facility_type_code":"1","api_first_registered_on":null,"api_last_modified_on":"2025-04-15","updated_at":"2026-07-25T01:27:52.347112+00:00"},"geometry":{"type":"Point","coordinates":[126.335881672,33.249480656]}},{"type":"Feature","id":"a4819ea64a14feb09f0bf90e6a727436efd7002631077165b9cbc8effead3c3b-1","properties":{"facility_id":"a4819ea64a14feb09f0bf90e6a727436efd7002631077165b9cbc8effead3c3b","point_ordinal":1,"zone_group_id":"501301015019","source_manage_no":"501301029137","facility_name":"안덕초등학교 병설유치원","sgg_code":"50130","facility_type_code":"1","api_first_registered_on":null,"api_last_modified_on":"2025-04-15","updated_at":"2026-07-25T01:27:52.347112+00:00"},"geometry":{"type":"Point","coordinates":[126.336107177,33.250573291]}},{"type":"Feature","id":"cb279d1049ea29f1e722ebd4c48e672d8537ea63607e9518a8064374c76ce852-1","properties":{"facility_id":"cb279d1049ea29f1e722ebd4c48e672d8537ea63607e9518a8064374c76ce852","point_ordinal":1,"zone_group_id":"501301014944","source_manage_no":"501301014944","facility_name":"에덴어린이집","sgg_code":"50130","facility_type_code":"1","api_first_registered_on":null,"api_last_modified_on":null,"updated_at":"2026-07-25T01:27:52.347112+00:00"},"geometry":{"type":"Point","coordinates":[126.433630999,33.244846457]}},{"type":"Feature","id":"daf46a38d31135c926911dc12f0494607c0bae2aeecfbc4748df16332aefd393-1","properties":{"facility_id":"daf46a38d31135c926911dc12f0494607c0bae2aeecfbc4748df16332aefd393","point_ordinal":1,"zone_group_id":"501301014953","source_manage_no":"501301014953","facility_name":"에벤에셀어린이집","sgg_code":"50130","facility_type_code":"1","api_first_registered_on":null,"api_last_modified_on":null,"updated_at":"2026-07-25T01:27:52.347112+00:00"},"geometry":{"type":"Point","coordinates":[126.566555339,33.257379007]}},{"type":"Feature","id":"d26ca4b4ca3f6aa4cfd609ed883ce3e70ea7d400ceface0925fc226671d27799-1","properties":{"facility_id":"d26ca4b4ca3f6aa4cfd609ed883ce3e70ea7d400ceface0925fc226671d27799","point_ordinal":1,"zone_group_id":"501301014964","source_manage_no":"501301014964","facility_name":"예래초등학교","sgg_code":"50130","facility_type_code":"1","api_first_registered_on":null,"api_last_modified_on":"2025-04-15","updated_at":"2026-07-25T01:27:52.347112+00:00"},"geometry":{"type":"Point","coordinates":[126.391555934,33.246435761]}},{"type":"Feature","id":"d37d9ad8fea38047ca1907f90ec8c12e7d0a92e97e7f59a6656a1482a804cdd4-1","properties":{"facility_id":"d37d9ad8fea38047ca1907f90ec8c12e7d0a92e97e7f59a6656a1482a804cdd4","point_ordinal":1,"zone_group_id":"501301029119","source_manage_no":"501301029119","facility_name":"예래초등학교 병설유치원","sgg_code":"50130","facility_type_code":"1","api_first_registered_on":null,"api_last_modified_on":"2025-04-15","updated_at":"2026-07-25T01:27:52.347112+00:00"},"geometry":{"type":"Point","coordinates":[126.391384497,33.246336476]}},{"type":"Feature","id":"89b6a86c13aebf718319e060ed081ec6e614d4bf7a277351765561b6a6b7a0cc-1","properties":{"facility_id":"89b6a86c13aebf718319e060ed081ec6e614d4bf7a277351765561b6a6b7a0cc","point_ordinal":1,"zone_group_id":"501301014978","source_manage_no":"501301014978","facility_name":"예사랑어린이집","sgg_code":"50130","facility_type_code":"1","api_first_registered_on":null,"api_last_modified_on":null,"updated_at":"2026-07-25T01:27:52.347112+00:00"},"geometry":{"type":"Point","coordinates":[126.520695866,33.258108623]}},{"type":"Feature","id":"3269fe20f23ec5267274ed734df11512e009fe7b8c47c954998bf012d5a3d7bb-1","properties":{"facility_id":"3269fe20f23ec5267274ed734df11512e009fe7b8c47c954998bf012d5a3d7bb","point_ordinal":1,"zone_group_id":"501301014955","source_manage_no":"501301014955","facility_name":"예원유치원","sgg_code":"50130","facility_type_code":"1","api_first_registered_on":null,"api_last_modified_on":null,"updated_at":"2026-07-25T01:27:52.347112+00:00"},"geometry":{"type":"Point","coordinates":[126.571893598,33.253062533]}},{"type":"Feature","id":"3effe4a16e6e71386f2e8047fc7f5379564a06e6cf27ec810831fb80d85143a1-1","properties":{"facility_id":"3effe4a16e6e71386f2e8047fc7f5379564a06e6cf27ec810831fb80d85143a1","point_ordinal":1,"zone_group_id":"501301014901","source_manage_no":"501301014901","facility_name":"예일어린이집","sgg_code":"50130","facility_type_code":"1","api_first_registered_on":null,"api_last_modified_on":null,"updated_at":"2026-07-25T01:27:52.347112+00:00"},"geometry":{"type":"Point","coordinates":[126.508282193,33.261257239]}},{"type":"Feature","id":"8fd8ebf0f53092b3c2dae912121706e76b28e0ec74282c782fdddfcc3247fdf5-1","properties":{"facility_id":"8fd8ebf0f53092b3c2dae912121706e76b28e0ec74282c782fdddfcc3247fdf5","point_ordinal":1,"zone_group_id":"501302020319","source_manage_no":"501302020319","facility_name":"오조리사무소","sgg_code":"50130","facility_type_code":"2","api_first_registered_on":null,"api_last_modified_on":null,"updated_at":"2026-07-25T01:27:52.347112+00:00"},"geometry":{"type":"Point","coordinates":[126.915046495,33.461497047]}},{"type":"Feature","id":"f4364e0befd58449d1d9e6d3ac2679880467b9823fb8dafbc065cb4ea642d086-1","properties":{"facility_id":"f4364e0befd58449d1d9e6d3ac2679880467b9823fb8dafbc065cb4ea642d086","point_ordinal":1,"zone_group_id":"501301015004","source_manage_no":"501301015004","facility_name":"온평초등학교","sgg_code":"50130","facility_type_code":"1","api_first_registered_on":null,"api_last_modified_on":"2025-04-15","updated_at":"2026-07-25T01:27:52.347112+00:00"},"geometry":{"type":"Point","coordinates":[126.897308194,33.407705817]}},{"type":"Feature","id":"14479b5a5753150824342b44f2137f6acc286bbf1826c8721bc7ac7ec27f5c1e-1","properties":{"facility_id":"14479b5a5753150824342b44f2137f6acc286bbf1826c8721bc7ac7ec27f5c1e","point_ordinal":1,"zone_group_id":"501301029133","source_manage_no":"501301029133","facility_name":"온평초등학교 병설유치원","sgg_code":"50130","facility_type_code":"1","api_first_registered_on":null,"api_last_modified_on":"2025-04-15","updated_at":"2026-07-25T01:27:52.347112+00:00"},"geometry":{"type":"Point","coordinates":[126.896795927,33.408288767]}},{"type":"Feature","id":"b937a1522022c665ebdd31802355014285fb15ae0dc1a5288e3356dca0081c51-1","properties":{"facility_id":"b937a1522022c665ebdd31802355014285fb15ae0dc1a5288e3356dca0081c51","point_ordinal":1,"zone_group_id":"501303025812","source_manage_no":"501303025812","facility_name":"우리집","sgg_code":"50130","facility_type_code":"3","api_first_registered_on":null,"api_last_modified_on":null,"updated_at":"2026-07-25T01:27:52.347112+00:00"},"geometry":{"type":"Point","coordinates":[126.292563534,33.279071133]}},{"type":"Feature","id":"1234a753e18e7b46f58cf1407d7e53df3e6ed122ea1ffeac6909f887d065b69d-1","properties":{"facility_id":"1234a753e18e7b46f58cf1407d7e53df3e6ed122ea1ffeac6909f887d065b69d","point_ordinal":1,"zone_group_id":"501302020322","source_manage_no":"501302020322","facility_name":"위미리 자미성","sgg_code":"50130","facility_type_code":"2","api_first_registered_on":null,"api_last_modified_on":null,"updated_at":"2026-07-25T01:27:52.347112+00:00"},"geometry":{"type":"Point","coordinates":[126.661771594,33.291265661]}},{"type":"Feature","id":"3b40d4d082c2f5f1bc19c10acd18ceeb83bf089e5124b4c782ecf6c6540c4f91-1","properties":{"facility_id":"3b40d4d082c2f5f1bc19c10acd18ceeb83bf089e5124b4c782ecf6c6540c4f91","point_ordinal":1,"zone_group_id":"501301014910","source_manage_no":"501301014910","facility_name":"위미초등학교","sgg_code":"50130","facility_type_code":"1","api_first_registered_on":null,"api_last_modified_on":"2025-04-15","updated_at":"2026-07-25T01:27:52.347112+00:00"},"geometry":{"type":"Point","coordinates":[126.654066522,33.273518861]}},{"type":"Feature","id":"eb807ea52c0303f046494509cfc74b1460df366d9c0de4ca88fd49d45a47f97b-1","properties":{"facility_id":"eb807ea52c0303f046494509cfc74b1460df366d9c0de4ca88fd49d45a47f97b","point_ordinal":1,"zone_group_id":"501301029109","source_manage_no":"501301029109","facility_name":"위미초등학교 병설유치원","sgg_code":"50130","facility_type_code":"1","api_first_registered_on":null,"api_last_modified_on":"2025-04-15","updated_at":"2026-07-25T01:27:52.347112+00:00"},"geometry":{"type":"Point","coordinates":[126.653283921,33.274463433]}},{"type":"Feature","id":"b1bdf3f2105b570affc8c6207d45c92e5e3c7cd3aa8ad6baa55349d43eae57f8-1","properties":{"facility_id":"b1bdf3f2105b570affc8c6207d45c92e5e3c7cd3aa8ad6baa55349d43eae57f8","point_ordinal":1,"zone_group_id":"501301015020","source_manage_no":"501301015020","facility_name":"은지어린이집","sgg_code":"50130","facility_type_code":"1","api_first_registered_on":null,"api_last_modified_on":null,"updated_at":"2026-07-25T01:27:52.347112+00:00"},"geometry":{"type":"Point","coordinates":[126.318292905,33.250730777]}},{"type":"Feature","id":"aaf377a36768203844a2a47c39dbf9736f03627007ffd5b6c1e511f4dc4acd7f-1","properties":{"facility_id":"aaf377a36768203844a2a47c39dbf9736f03627007ffd5b6c1e511f4dc4acd7f","point_ordinal":1,"zone_group_id":"501301014956","source_manage_no":"501301014956","facility_name":"은현어린이집","sgg_code":"50130","facility_type_code":"1","api_first_registered_on":null,"api_last_modified_on":null,"updated_at":"2026-07-25T01:27:52.347112+00:00"},"geometry":{"type":"Point","coordinates":[126.575720006,33.25567062]}},{"type":"Feature","id":"d9429346f6e76507ed4a109aa63395e107953fd2331c95ff0b8dfbe1e1089cb1-1","properties":{"facility_id":"d9429346f6e76507ed4a109aa63395e107953fd2331c95ff0b8dfbe1e1089cb1","point_ordinal":1,"zone_group_id":"501301014912","source_manage_no":"501301014912","facility_name":"의귀어린이집","sgg_code":"50130","facility_type_code":"1","api_first_registered_on":null,"api_last_modified_on":null,"updated_at":"2026-07-25T01:27:52.347112+00:00"},"geometry":{"type":"Point","coordinates":[126.713904664,33.31214578]}},{"type":"Feature","id":"77993f06138bd2c701044424da1a74fed5d381ca1ed35742657ed52a3cc20132-1","properties":{"facility_id":"77993f06138bd2c701044424da1a74fed5d381ca1ed35742657ed52a3cc20132","point_ordinal":1,"zone_group_id":"501301014914","source_manage_no":"501301014914","facility_name":"의귀초등학교","sgg_code":"50130","facility_type_code":"1","api_first_registered_on":null,"api_last_modified_on":"2025-04-15","updated_at":"2026-07-25T01:27:52.347112+00:00"},"geometry":{"type":"Point","coordinates":[126.714182372,33.309928719]}},{"type":"Feature","id":"e4f70c9bb6f60b3e369fe46a745c822f8880a3b3019073526d1de343416d45f0-1","properties":{"facility_id":"e4f70c9bb6f60b3e369fe46a745c822f8880a3b3019073526d1de343416d45f0","point_ordinal":1,"zone_group_id":"501301029128","source_manage_no":"501301029128","facility_name":"의귀초등학교 병설유치원","sgg_code":"50130","facility_type_code":"1","api_first_registered_on":null,"api_last_modified_on":"2025-04-15","updated_at":"2026-07-25T01:27:52.347112+00:00"},"geometry":{"type":"Point","coordinates":[126.714212425,33.31105932]}},{"type":"Feature","id":"8211cda5ea458144340a458e68501f02468415866bd557e3fb05b41b0c9388e9-1","properties":{"facility_id":"8211cda5ea458144340a458e68501f02468415866bd557e3fb05b41b0c9388e9","point_ordinal":1,"zone_group_id":"501302024958","source_manage_no":"501302024958","facility_name":"인성리경로당","sgg_code":"50130","facility_type_code":"2","api_first_registered_on":null,"api_last_modified_on":null,"updated_at":"2026-07-25T01:27:52.347112+00:00"},"geometry":{"type":"Point","coordinates":[126.28040309,33.247804028]}},{"type":"Feature","id":"da149a98f6dd89b97352612490047da07cb5c52a51ad94f7e024536cbba034c1-1","properties":{"facility_id":"da149a98f6dd89b97352612490047da07cb5c52a51ad94f7e024536cbba034c1","point_ordinal":1,"zone_group_id":"501303014945","source_manage_no":"501303014945","facility_name":"자광원","sgg_code":"50130","facility_type_code":"3","api_first_registered_on":null,"api_last_modified_on":null,"updated_at":"2026-07-25T01:27:52.347112+00:00"},"geometry":{"type":"Point","coordinates":[126.448303094,33.247623104]}},{"type":"Feature","id":"f53b5d4ec9f121cf30aa215b311de851f663632e65a19c0619b2faa0e4f7603f-1","properties":{"facility_id":"f53b5d4ec9f121cf30aa215b311de851f663632e65a19c0619b2faa0e4f7603f","point_ordinal":1,"zone_group_id":"501303015056","source_manage_no":"501303015056","facility_name":"작은예수의집","sgg_code":"50130","facility_type_code":"3","api_first_registered_on":null,"api_last_modified_on":null,"updated_at":"2026-07-25T01:27:52.347112+00:00"},"geometry":{"type":"Point","coordinates":[126.529301165,33.242022183]}},{"type":"Feature","id":"6771d6a31af91eb74cb6bd2ff3bb74129bae5ea198956acd0c1b86734bcad26f-1","properties":{"facility_id":"6771d6a31af91eb74cb6bd2ff3bb74129bae5ea198956acd0c1b86734bcad26f","point_ordinal":1,"zone_group_id":"501302020318","source_manage_no":"501302020318","facility_name":"정방동경로당","sgg_code":"50130","facility_type_code":"2","api_first_registered_on":null,"api_last_modified_on":null,"updated_at":"2026-07-25T01:27:52.347112+00:00"},"geometry":{"type":"Point","coordinates":[126.570667142,33.24684065]}},{"type":"Feature","id":"1270a5563ba90e673f8852307c491bcbafb370514969800f326d825c0a1de7f7-1","properties":{"facility_id":"1270a5563ba90e673f8852307c491bcbafb370514969800f326d825c0a1de7f7","point_ordinal":1,"zone_group_id":"501303015032","source_manage_no":"501303015032","facility_name":"정혜재활원","sgg_code":"50130","facility_type_code":"3","api_first_registered_on":null,"api_last_modified_on":null,"updated_at":"2026-07-25T01:27:52.347112+00:00"},"geometry":{"type":"Point","coordinates":[126.580635994,33.284434236]}},{"type":"Feature","id":"f1e623cd46a96e287748cdb0fe57b0bb45915b434d3a790f39b4ed79f9d0f6be-1","properties":{"facility_id":"f1e623cd46a96e287748cdb0fe57b0bb45915b434d3a790f39b4ed79f9d0f6be","point_ordinal":1,"zone_group_id":"501302015030","source_manage_no":"501302015030","facility_name":"제일 요양원","sgg_code":"50130","facility_type_code":"2","api_first_registered_on":null,"api_last_modified_on":null,"updated_at":"2026-07-25T01:27:52.347112+00:00"},"geometry":{"type":"Point","coordinates":[126.576732417,33.252295813]}},{"type":"Feature","id":"bd27735ae8707f33defdeefd86c945522e950b3eb6a0d1c484d1f03b4ea9d7a7-1","properties":{"facility_id":"bd27735ae8707f33defdeefd86c945522e950b3eb6a0d1c484d1f03b4ea9d7a7","point_ordinal":1,"zone_group_id":"501302022250","source_manage_no":"501302022250","facility_name":"좌기동경로당","sgg_code":"50130","facility_type_code":"2","api_first_registered_on":null,"api_last_modified_on":null,"updated_at":"2026-07-25T01:27:52.347112+00:00"},"geometry":{"type":"Point","coordinates":[126.233072659,33.273678563]}},{"type":"Feature","id":"1034f0ca32526969ff9d3f77d58dbb3ba74b8436e9f2afe5f2b1b676055823b5-1","properties":{"facility_id":"1034f0ca32526969ff9d3f77d58dbb3ba74b8436e9f2afe5f2b1b676055823b5","point_ordinal":1,"zone_group_id":"501302015025","source_manage_no":"501302015025","facility_name":"중문 요양원","sgg_code":"50130","facility_type_code":"2","api_first_registered_on":null,"api_last_modified_on":null,"updated_at":"2026-07-25T01:27:52.347112+00:00"},"geometry":{"type":"Point","coordinates":[126.434072276,33.262429018]}},{"type":"Feature","id":"6ee4d16326500a39bf3653b50c3d46af6b5d70b249a8b3f9e06979e4db03381b-1","properties":{"facility_id":"6ee4d16326500a39bf3653b50c3d46af6b5d70b249a8b3f9e06979e4db03381b","point_ordinal":1,"zone_group_id":"501302026185","source_manage_no":"501302026185","facility_name":"중문노인복지타운","sgg_code":"50130","facility_type_code":"2","api_first_registered_on":null,"api_last_modified_on":null,"updated_at":"2026-07-25T01:27:52.347112+00:00"},"geometry":{"type":"Point","coordinates":[126.438498086,33.254955044]}},{"type":"Feature","id":"5628ac3b1cc2ade911770dee2b451e015b0cda6d008e40b6787b9080f98d0c65-1","properties":{"facility_id":"5628ac3b1cc2ade911770dee2b451e015b0cda6d008e40b6787b9080f98d0c65","point_ordinal":1,"zone_group_id":"501301015028","source_manage_no":"501301015028","facility_name":"중문초등학교","sgg_code":"50130","facility_type_code":"1","api_first_registered_on":null,"api_last_modified_on":"2025-04-15","updated_at":"2026-07-25T01:27:52.347112+00:00"},"geometry":{"type":"Point","coordinates":[126.429492562,33.251494267]}},{"type":"Feature","id":"c80390b4a3d9ae1c1933fd19e8f0b8e0c2ba3fcf37b750ea3e8e15bd8ea034db-1","properties":{"facility_id":"c80390b4a3d9ae1c1933fd19e8f0b8e0c2ba3fcf37b750ea3e8e15bd8ea034db","point_ordinal":1,"zone_group_id":"501301029114","source_manage_no":"501301029114","facility_name":"중문초등학교 병설유치원","sgg_code":"50130","facility_type_code":"1","api_first_registered_on":null,"api_last_modified_on":"2025-04-15","updated_at":"2026-07-25T01:27:52.347112+00:00"},"geometry":{"type":"Point","coordinates":[126.430129818,33.252639051]}},{"type":"Feature","id":"c2df0f8f1879f284b783603dbddd64251ec9f0e1327153cd3d5e76636c13596e-1","properties":{"facility_id":"c2df0f8f1879f284b783603dbddd64251ec9f0e1327153cd3d5e76636c13596e","point_ordinal":1,"zone_group_id":"501301015022","source_manage_no":"501301015022","facility_name":"창천초등학교","sgg_code":"50130","facility_type_code":"1","api_first_registered_on":null,"api_last_modified_on":"2025-04-15","updated_at":"2026-07-25T01:27:52.347112+00:00"},"geometry":{"type":"Point","coordinates":[126.369752209,33.263349128]}},{"type":"Feature","id":"7bf7221757bbf84c43bee41c891ef46cd1940be158504b6ef6bce7c9e5a75983-1","properties":{"facility_id":"7bf7221757bbf84c43bee41c891ef46cd1940be158504b6ef6bce7c9e5a75983","point_ordinal":1,"zone_group_id":"501301029113","source_manage_no":"501301029113","facility_name":"창천초등학교 병설유치원","sgg_code":"50130","facility_type_code":"1","api_first_registered_on":null,"api_last_modified_on":"2025-04-15","updated_at":"2026-07-25T01:27:52.347112+00:00"},"geometry":{"type":"Point","coordinates":[126.368611666,33.26366801]}},{"type":"Feature","id":"89fecf80e8ce66fa107b41a82630f11c43abbfcc2cc9bd9787940dc4182589b8-1","properties":{"facility_id":"89fecf80e8ce66fa107b41a82630f11c43abbfcc2cc9bd9787940dc4182589b8","point_ordinal":1,"zone_group_id":"501302026187","source_manage_no":"501302026187","facility_name":"천지동경로당","sgg_code":"50130","facility_type_code":"2","api_first_registered_on":null,"api_last_modified_on":null,"updated_at":"2026-07-25T01:27:52.347112+00:00"},"geometry":{"type":"Point","coordinates":[126.558388832,33.249602024]}},{"type":"Feature","id":"0c4ae66e3bd14d5c3fef2824471e054080d67746d5f65543a27857f3be97c536-1","properties":{"facility_id":"0c4ae66e3bd14d5c3fef2824471e054080d67746d5f65543a27857f3be97c536","point_ordinal":1,"zone_group_id":"501301015026","source_manage_no":"501301029041","facility_name":"초록사과어린이집","sgg_code":"50130","facility_type_code":"1","api_first_registered_on":null,"api_last_modified_on":"2025-04-14","updated_at":"2026-07-25T01:27:52.347112+00:00"},"geometry":{"type":"Point","coordinates":[126.426997096,33.253598667]}},{"type":"Feature","id":"bc1532ff40c942cbd475c8d9cae0b5a5db2843c57a30d2c509d43b5001860ec4-1","properties":{"facility_id":"bc1532ff40c942cbd475c8d9cae0b5a5db2843c57a30d2c509d43b5001860ec4","point_ordinal":1,"zone_group_id":"501302014915","source_manage_no":"501302014915","facility_name":"태흥1리경로당","sgg_code":"50130","facility_type_code":"2","api_first_registered_on":null,"api_last_modified_on":null,"updated_at":"2026-07-25T01:27:52.347112+00:00"},"geometry":{"type":"Point","coordinates":[126.733236365,33.283214382]}},{"type":"Feature","id":"0928622bbd786847b21f44a8dd014d0ee460b968b33142be34d0104657ace9d3-1","properties":{"facility_id":"0928622bbd786847b21f44a8dd014d0ee460b968b33142be34d0104657ace9d3","point_ordinal":1,"zone_group_id":"501302014916","source_manage_no":"501302014916","facility_name":"태흥3리경로당","sgg_code":"50130","facility_type_code":"2","api_first_registered_on":null,"api_last_modified_on":null,"updated_at":"2026-07-25T01:27:52.347112+00:00"},"geometry":{"type":"Point","coordinates":[126.75854353,33.293893857]}},{"type":"Feature","id":"c3e33c7cf0220fb94a53092dbe839144c6213a3847a8decaf40b0e0e63388c47-1","properties":{"facility_id":"c3e33c7cf0220fb94a53092dbe839144c6213a3847a8decaf40b0e0e63388c47","point_ordinal":1,"zone_group_id":"501301014918","source_manage_no":"501301014918","facility_name":"태흥초등학교","sgg_code":"50130","facility_type_code":"1","api_first_registered_on":null,"api_last_modified_on":"2025-04-15","updated_at":"2026-07-25T01:27:52.347112+00:00"},"geometry":{"type":"Point","coordinates":[126.743181439,33.285602402]}},{"type":"Feature","id":"34f7ab974aa978fed6202cc72405954e61260ed18d5603b9640c850c25143d91-1","properties":{"facility_id":"34f7ab974aa978fed6202cc72405954e61260ed18d5603b9640c850c25143d91","point_ordinal":1,"zone_group_id":"501301014918","source_manage_no":"501301029140","facility_name":"태흥초등학교 병설유치원","sgg_code":"50130","facility_type_code":"1","api_first_registered_on":null,"api_last_modified_on":"2025-04-15","updated_at":"2026-07-25T01:27:52.347112+00:00"},"geometry":{"type":"Point","coordinates":[126.742400975,33.286163325]}},{"type":"Feature","id":"0f798a8156fd02f2a36f42af2737938ae315e080522ee6ac66adee3312ac4023-1","properties":{"facility_id":"0f798a8156fd02f2a36f42af2737938ae315e080522ee6ac66adee3312ac4023","point_ordinal":1,"zone_group_id":"501301014984","source_manage_no":"501301014984","facility_name":"토담어린이집","sgg_code":"50130","facility_type_code":"1","api_first_registered_on":null,"api_last_modified_on":null,"updated_at":"2026-07-25T01:27:52.347112+00:00"},"geometry":{"type":"Point","coordinates":[126.547798027,33.253637998]}},{"type":"Feature","id":"da8fff549da4c5b780046b6f9c7302454833e8d915ca9f046790456fc2f92de5-1","properties":{"facility_id":"da8fff549da4c5b780046b6f9c7302454833e8d915ca9f046790456fc2f92de5","point_ordinal":1,"zone_group_id":"501302015036","source_manage_no":"501302015036","facility_name":"토산1리 노인회","sgg_code":"50130","facility_type_code":"2","api_first_registered_on":null,"api_last_modified_on":null,"updated_at":"2026-07-25T01:27:52.347112+00:00"},"geometry":{"type":"Point","coordinates":[126.770272386,33.329933575]}},{"type":"Feature","id":"e618eb58553f0639c11d557de984d1791ba72087ea7421d35ac305e9e9cd9bc3-1","properties":{"facility_id":"e618eb58553f0639c11d557de984d1791ba72087ea7421d35ac305e9e9cd9bc3","point_ordinal":1,"zone_group_id":"501302025805","source_manage_no":"501302025805","facility_name":"토산2리 경로당","sgg_code":"50130","facility_type_code":"2","api_first_registered_on":null,"api_last_modified_on":null,"updated_at":"2026-07-25T01:27:52.347112+00:00"},"geometry":{"type":"Point","coordinates":[126.779799894,33.308901004]}},{"type":"Feature","id":"e4e5123e0e9e0bb2e39e5072595c1b3b4f9f4a460e09d315069d05ff89d612c2-1","properties":{"facility_id":"e4e5123e0e9e0bb2e39e5072595c1b3b4f9f4a460e09d315069d05ff89d612c2","point_ordinal":1,"zone_group_id":"501301015046","source_manage_no":"501301015046","facility_name":"토산초등학교","sgg_code":"50130","facility_type_code":"1","api_first_registered_on":null,"api_last_modified_on":"2025-04-15","updated_at":"2026-07-25T01:27:52.347112+00:00"},"geometry":{"type":"Point","coordinates":[126.776579681,33.311705727]}},{"type":"Feature","id":"b7d6e4e265cb5bd3790694c9cbf6a221ea5e4a2529071f6c779327e889975b52-1","properties":{"facility_id":"b7d6e4e265cb5bd3790694c9cbf6a221ea5e4a2529071f6c779327e889975b52","point_ordinal":1,"zone_group_id":"501301015046","source_manage_no":"501301029149","facility_name":"토산초등학교 병설유치원","sgg_code":"50130","facility_type_code":"1","api_first_registered_on":null,"api_last_modified_on":"2025-04-15","updated_at":"2026-07-25T01:27:52.347112+00:00"},"geometry":{"type":"Point","coordinates":[126.778088556,33.312575315]}},{"type":"Feature","id":"2d9c0971aba4ddaa9a0a61ae1680709eb99921c1d52a14ef0ef44147c45ad339-1","properties":{"facility_id":"2d9c0971aba4ddaa9a0a61ae1680709eb99921c1d52a14ef0ef44147c45ad339","point_ordinal":1,"zone_group_id":"501302025803","source_manage_no":"501302025803","facility_name":"토평동 경로당","sgg_code":"50130","facility_type_code":"2","api_first_registered_on":null,"api_last_modified_on":null,"updated_at":"2026-07-25T01:27:52.347112+00:00"},"geometry":{"type":"Point","coordinates":[126.590222683,33.271103676]}},{"type":"Feature","id":"dfcceb02591d43069359f1eac0a79b087d3bb7910c94fd48a5ec047e7e489806-1","properties":{"facility_id":"dfcceb02591d43069359f1eac0a79b087d3bb7910c94fd48a5ec047e7e489806","point_ordinal":1,"zone_group_id":"501301015034","source_manage_no":"501301015034","facility_name":"토평초등학교","sgg_code":"50130","facility_type_code":"1","api_first_registered_on":null,"api_last_modified_on":"2025-04-15","updated_at":"2026-07-25T01:27:52.347112+00:00"},"geometry":{"type":"Point","coordinates":[126.588905696,33.265752563]}},{"type":"Feature","id":"14574f1d67d348e72c0da83f51d45f2074bfae29cffadd4c9946d960a21cc490-1","properties":{"facility_id":"14574f1d67d348e72c0da83f51d45f2074bfae29cffadd4c9946d960a21cc490","point_ordinal":1,"zone_group_id":"501301015034","source_manage_no":"501301029145","facility_name":"토평초등학교 병설유치원","sgg_code":"50130","facility_type_code":"1","api_first_registered_on":null,"api_last_modified_on":"2025-04-15","updated_at":"2026-07-25T01:27:52.347112+00:00"},"geometry":{"type":"Point","coordinates":[126.589522778,33.26610553]}},{"type":"Feature","id":"e6a75ae86c9e13251aff3e12c7782f5d115a2ecf6f179673558809f2f7cff932-1","properties":{"facility_id":"e6a75ae86c9e13251aff3e12c7782f5d115a2ecf6f179673558809f2f7cff932","point_ordinal":1,"zone_group_id":"501302015035","source_manage_no":"501302015035","facility_name":"평안요양원","sgg_code":"50130","facility_type_code":"2","api_first_registered_on":null,"api_last_modified_on":null,"updated_at":"2026-07-25T01:27:52.347112+00:00"},"geometry":{"type":"Point","coordinates":[126.588472928,33.281569635]}},{"type":"Feature","id":"e36c9247c0b4e4946aa4fdc3bbe0375b7a564db0127b31c48fdd7fa0b55f137f-1","properties":{"facility_id":"e36c9247c0b4e4946aa4fdc3bbe0375b7a564db0127b31c48fdd7fa0b55f137f","point_ordinal":1,"zone_group_id":"501301015038","source_manage_no":"501301015038","facility_name":"표선어린이집","sgg_code":"50130","facility_type_code":"1","api_first_registered_on":null,"api_last_modified_on":null,"updated_at":"2026-07-25T01:27:52.347112+00:00"},"geometry":{"type":"Point","coordinates":[126.824098377,33.329164791]}},{"type":"Feature","id":"ada9f1b3a3923aeb9b0a9388eef22cfbfe06c38fd1dc700b4d5a5ba01d9cc1d4-1","properties":{"facility_id":"ada9f1b3a3923aeb9b0a9388eef22cfbfe06c38fd1dc700b4d5a5ba01d9cc1d4","point_ordinal":1,"zone_group_id":"501301019741","source_manage_no":"501301019741","facility_name":"표선원광어린이집","sgg_code":"50130","facility_type_code":"1","api_first_registered_on":null,"api_last_modified_on":"2025-04-15","updated_at":"2026-07-25T01:27:52.347112+00:00"},"geometry":{"type":"Point","coordinates":[126.829780284,33.325947909]}},{"type":"Feature","id":"1e77a200fcc057fc20191ec8b357933c10689f0079ff94424967bd8bc1eb9696-1","properties":{"facility_id":"1e77a200fcc057fc20191ec8b357933c10689f0079ff94424967bd8bc1eb9696","point_ordinal":1,"zone_group_id":"501301015050","source_manage_no":"501301015050","facility_name":"표선초등학교","sgg_code":"50130","facility_type_code":"1","api_first_registered_on":null,"api_last_modified_on":"2025-04-15","updated_at":"2026-07-25T01:27:52.347112+00:00"},"geometry":{"type":"Point","coordinates":[126.83570146,33.329308562]}},{"type":"Feature","id":"086b3d42798de76184e2f344271605f8a27c53cc2fcc16eac9488541a5997ebf-1","properties":{"facility_id":"086b3d42798de76184e2f344271605f8a27c53cc2fcc16eac9488541a5997ebf","point_ordinal":1,"zone_group_id":"501301029135","source_manage_no":"501301029135","facility_name":"표선초등학교 병설유치원","sgg_code":"50130","facility_type_code":"1","api_first_registered_on":null,"api_last_modified_on":"2025-04-15","updated_at":"2026-07-25T01:27:52.347112+00:00"},"geometry":{"type":"Point","coordinates":[126.834606974,33.329793339]}},{"type":"Feature","id":"4062ce33827c5a5dbd7d354c4b8a923e5dd70812bd1244fdd42010b4c59c5e00-1","properties":{"facility_id":"4062ce33827c5a5dbd7d354c4b8a923e5dd70812bd1244fdd42010b4c59c5e00","point_ordinal":1,"zone_group_id":"501301015006","source_manage_no":"501301015006","facility_name":"풍천초등학교","sgg_code":"50130","facility_type_code":"1","api_first_registered_on":null,"api_last_modified_on":"2025-04-15","updated_at":"2026-07-25T01:27:52.347112+00:00"},"geometry":{"type":"Point","coordinates":[126.850037862,33.347703326]}},{"type":"Feature","id":"08c70a40fd9c7caa33bff009d12ef4a29638bba59c594b57f5eb254466ccf189-1","properties":{"facility_id":"08c70a40fd9c7caa33bff009d12ef4a29638bba59c594b57f5eb254466ccf189","point_ordinal":1,"zone_group_id":"501301015006","source_manage_no":"501301029146","facility_name":"풍천초등학교 병설유치원","sgg_code":"50130","facility_type_code":"1","api_first_registered_on":null,"api_last_modified_on":"2025-04-15","updated_at":"2026-07-25T01:27:52.347112+00:00"},"geometry":{"type":"Point","coordinates":[126.850156578,33.349065805]}},{"type":"Feature","id":"c5f249a4ab1cb70b8bf90272abc26fae03c776dbc8d372d171870975ca6b88f0-1","properties":{"facility_id":"c5f249a4ab1cb70b8bf90272abc26fae03c776dbc8d372d171870975ca6b88f0","point_ordinal":1,"zone_group_id":"501302026707","source_manage_no":"501302026707","facility_name":"하례1리 경로당","sgg_code":"50130","facility_type_code":"2","api_first_registered_on":"2023-07-13","api_last_modified_on":null,"updated_at":"2026-07-25T01:27:52.347112+00:00"},"geometry":{"type":"Point","coordinates":[126.627352027,33.269185316]}},{"type":"Feature","id":"0540f50200e1f787866db1f54e42930ab1dfa5ffa6abcaf416f5db3303c37e05-1","properties":{"facility_id":"0540f50200e1f787866db1f54e42930ab1dfa5ffa6abcaf416f5db3303c37e05","point_ordinal":1,"zone_group_id":"501301014920","source_manage_no":"501301014920","facility_name":"하례초등학교","sgg_code":"50130","facility_type_code":"1","api_first_registered_on":null,"api_last_modified_on":"2025-04-15","updated_at":"2026-07-25T01:27:52.347112+00:00"},"geometry":{"type":"Point","coordinates":[126.631193889,33.263917623]}},{"type":"Feature","id":"6a387398c637fdb41b80f0148f2c5c33d4f66eae307e592a3ca30b69a3da79d7-1","properties":{"facility_id":"6a387398c637fdb41b80f0148f2c5c33d4f66eae307e592a3ca30b69a3da79d7","point_ordinal":1,"zone_group_id":"501301029123","source_manage_no":"501301029123","facility_name":"하례초등학교 병설유치원","sgg_code":"50130","facility_type_code":"1","api_first_registered_on":null,"api_last_modified_on":"2025-04-15","updated_at":"2026-07-25T01:27:52.347112+00:00"},"geometry":{"type":"Point","coordinates":[126.630585042,33.264726069]}},{"type":"Feature","id":"6dcee7a9c7f0b540aea1141e0006ab3e96f08b79f1471f35412663e0aa8fbefc-1","properties":{"facility_id":"6dcee7a9c7f0b540aea1141e0006ab3e96f08b79f1471f35412663e0aa8fbefc","point_ordinal":1,"zone_group_id":"501302025808","source_manage_no":"501302025808","facility_name":"하모3리 경로당","sgg_code":"50130","facility_type_code":"2","api_first_registered_on":null,"api_last_modified_on":null,"updated_at":"2026-07-25T01:27:52.347112+00:00"},"geometry":{"type":"Point","coordinates":[126.247515281,33.223036525]}},{"type":"Feature","id":"64af371cdb1bf330d8c8d1c0d5164b6dd2c0f32249db8c013108174da7e033b8-1","properties":{"facility_id":"64af371cdb1bf330d8c8d1c0d5164b6dd2c0f32249db8c013108174da7e033b8","point_ordinal":1,"zone_group_id":"501301019514","source_manage_no":"501301019514","facility_name":"하원초등학교","sgg_code":"50130","facility_type_code":"1","api_first_registered_on":null,"api_last_modified_on":"2025-04-15","updated_at":"2026-07-25T01:27:52.347112+00:00"},"geometry":{"type":"Point","coordinates":[126.460058443,33.252962203]}},{"type":"Feature","id":"41efda833a708a766fb4a7345b587ac683f60c28325cfdade77625caacac48ff-1","properties":{"facility_id":"41efda833a708a766fb4a7345b587ac683f60c28325cfdade77625caacac48ff","point_ordinal":1,"zone_group_id":"501301029132","source_manage_no":"501301029132","facility_name":"하원초등학교 병설유치원","sgg_code":"50130","facility_type_code":"1","api_first_registered_on":null,"api_last_modified_on":"2025-04-15","updated_at":"2026-07-25T01:27:52.347112+00:00"},"geometry":{"type":"Point","coordinates":[126.460023817,33.252484442]}},{"type":"Feature","id":"a895d65a8d60278aaede38d663f0ce9c88af538bc67c116073690771f081efbe-1","properties":{"facility_id":"a895d65a8d60278aaede38d663f0ce9c88af538bc67c116073690771f081efbe","point_ordinal":1,"zone_group_id":"501302015051","source_manage_no":"501302015051","facility_name":"하천리경로당","sgg_code":"50130","facility_type_code":"2","api_first_registered_on":null,"api_last_modified_on":null,"updated_at":"2026-07-25T01:27:52.347112+00:00"},"geometry":{"type":"Point","coordinates":[126.840407462,33.346434896]}},{"type":"Feature","id":"393200857d1ccd6d3168b961be75f91b87ad48e52f5023ac80f678ada33fffc3-1","properties":{"facility_id":"393200857d1ccd6d3168b961be75f91b87ad48e52f5023ac80f678ada33fffc3","point_ordinal":1,"zone_group_id":"501301019727","source_manage_no":"501301029151","facility_name":"한국국제학교","sgg_code":"50130","facility_type_code":"1","api_first_registered_on":null,"api_last_modified_on":"2025-04-15","updated_at":"2026-07-25T01:27:52.347112+00:00"},"geometry":{"type":"Point","coordinates":[126.284231277,33.288871435]}},{"type":"Feature","id":"236e9f8c3979e78e3abb5c261a8218183185119227c08f812fac58d423fef6c4-1","properties":{"facility_id":"236e9f8c3979e78e3abb5c261a8218183185119227c08f812fac58d423fef6c4","point_ordinal":1,"zone_group_id":"501302014921","source_manage_no":"501302014921","facility_name":"한남리노인회관","sgg_code":"50130","facility_type_code":"2","api_first_registered_on":null,"api_last_modified_on":null,"updated_at":"2026-07-25T01:27:52.347112+00:00"},"geometry":{"type":"Point","coordinates":[126.695169037,33.312242297]}},{"type":"Feature","id":"2d81853f0d9c6e0c89e3b1bbf490582263234e1271abf47d66fa57432d8cf5d3-1","properties":{"facility_id":"2d81853f0d9c6e0c89e3b1bbf490582263234e1271abf47d66fa57432d8cf5d3","point_ordinal":1,"zone_group_id":"501302014986","source_manage_no":"501302014986","facility_name":"한마음 노인복지센터","sgg_code":"50130","facility_type_code":"2","api_first_registered_on":null,"api_last_modified_on":null,"updated_at":"2026-07-25T01:27:52.347112+00:00"},"geometry":{"type":"Point","coordinates":[126.913735085,33.445360062]}},{"type":"Feature","id":"64de24f98613915af9b6dec944c265230ce67ee275751832247094868def3d20-1","properties":{"facility_id":"64de24f98613915af9b6dec944c265230ce67ee275751832247094868def3d20","point_ordinal":1,"zone_group_id":"501301015053","source_manage_no":"501301015053","facility_name":"한마음초등학교","sgg_code":"50130","facility_type_code":"1","api_first_registered_on":null,"api_last_modified_on":"2025-04-15","updated_at":"2026-07-25T01:27:52.347112+00:00"},"geometry":{"type":"Point","coordinates":[126.814715492,33.352853037]}},{"type":"Feature","id":"8b681aef6ec396470c5932d9bd8a49a2005c6c13ca26ba21b721050df03e03b3-1","properties":{"facility_id":"8b681aef6ec396470c5932d9bd8a49a2005c6c13ca26ba21b721050df03e03b3","point_ordinal":1,"zone_group_id":"501301029126","source_manage_no":"501301029126","facility_name":"한마음초등학교 병설유치원","sgg_code":"50130","facility_type_code":"1","api_first_registered_on":null,"api_last_modified_on":"2025-04-15","updated_at":"2026-07-25T01:27:52.347112+00:00"},"geometry":{"type":"Point","coordinates":[126.815013745,33.352050903]}},{"type":"Feature","id":"4b6eb46d4d6413b0ad4ae7cc11ec55a777ca6a36aecccf3747fa11aca0257561-1","properties":{"facility_id":"4b6eb46d4d6413b0ad4ae7cc11ec55a777ca6a36aecccf3747fa11aca0257561","point_ordinal":1,"zone_group_id":"501301014966","source_manage_no":"501301014966","facility_name":"한사랑어린이집","sgg_code":"50130","facility_type_code":"1","api_first_registered_on":null,"api_last_modified_on":null,"updated_at":"2026-07-25T01:27:52.347112+00:00"},"geometry":{"type":"Point","coordinates":[126.597216407,33.271955493]}},{"type":"Feature","id":"33a41568d1bba661fdfebd2dbedc8f48c31284345b6b6fdbe74336a340f7de00-1","properties":{"facility_id":"33a41568d1bba661fdfebd2dbedc8f48c31284345b6b6fdbe74336a340f7de00","point_ordinal":1,"zone_group_id":"501301014985","source_manage_no":"501301014985","facility_name":"한울어린이집","sgg_code":"50130","facility_type_code":"1","api_first_registered_on":null,"api_last_modified_on":null,"updated_at":"2026-07-25T01:27:52.347112+00:00"},"geometry":{"type":"Point","coordinates":[126.55307392,33.255166506]}},{"type":"Feature","id":"1a172079f0866f3d8ed62e2110cc1b9879a6d8fa4ed7e50ed311dcfdd92eba3d-1","properties":{"facility_id":"1a172079f0866f3d8ed62e2110cc1b9879a6d8fa4ed7e50ed311dcfdd92eba3d","point_ordinal":1,"zone_group_id":"501301019729","source_manage_no":"501301019729","facility_name":"해성유치원","sgg_code":"50130","facility_type_code":"1","api_first_registered_on":null,"api_last_modified_on":null,"updated_at":"2026-07-25T01:27:52.347112+00:00"},"geometry":{"type":"Point","coordinates":[126.560848271,33.259823646]}},{"type":"Feature","id":"07963844f53d67bc667438945e34047b0417b65e5711bbd311eb1dee6d3ca13b-1","properties":{"facility_id":"07963844f53d67bc667438945e34047b0417b65e5711bbd311eb1dee6d3ca13b","point_ordinal":1,"zone_group_id":"501302015057","source_manage_no":"501302015057","facility_name":"회수마을경로당","sgg_code":"50130","facility_type_code":"2","api_first_registered_on":null,"api_last_modified_on":null,"updated_at":"2026-07-25T01:27:52.347112+00:00"},"geometry":{"type":"Point","coordinates":[126.445197844,33.263065066]}},{"type":"Feature","id":"91ecbee2990db9cd0014f6f5f870a5fa8781cc31df09157bbe7aa5364b6b0816-1","properties":{"facility_id":"91ecbee2990db9cd0014f6f5f870a5fa8781cc31df09157bbe7aa5364b6b0816","point_ordinal":1,"zone_group_id":"501301015009","source_manage_no":"501301015009","facility_name":"효돈초등학교","sgg_code":"50130","facility_type_code":"1","api_first_registered_on":null,"api_last_modified_on":"2025-04-15","updated_at":"2026-07-25T01:27:52.347112+00:00"},"geometry":{"type":"Point","coordinates":[126.616036079,33.263720585]}},{"type":"Feature","id":"06184b8a1b2852831ee1861c589d80793ce6d51ecee856289613b2895cfba50e-1","properties":{"facility_id":"06184b8a1b2852831ee1861c589d80793ce6d51ecee856289613b2895cfba50e","point_ordinal":1,"zone_group_id":"501301029115","source_manage_no":"501301029115","facility_name":"효돈초등학교 병설유치원","sgg_code":"50130","facility_type_code":"1","api_first_registered_on":null,"api_last_modified_on":"2025-04-15","updated_at":"2026-07-25T01:27:52.347112+00:00"},"geometry":{"type":"Point","coordinates":[126.61581216,33.264530537]}},{"type":"Feature","id":"1f2569c7835828b87e44688222d0a1561fb496e8d23514f7996a2335bc672335-1","properties":{"facility_id":"1f2569c7835828b87e44688222d0a1561fb496e8d23514f7996a2335bc672335","point_ordinal":1,"zone_group_id":"501301014923","source_manage_no":"501301014923","facility_name":"흥산초등학교","sgg_code":"50130","facility_type_code":"1","api_first_registered_on":null,"api_last_modified_on":"2025-04-15","updated_at":"2026-07-25T01:27:52.347112+00:00"},"geometry":{"type":"Point","coordinates":[126.765638414,33.299546206]}},{"type":"Feature","id":"23a15b6f6d1b1cdbdd0958018bf33f92783dad20286c24a8645885d1f72a2008-1","properties":{"facility_id":"23a15b6f6d1b1cdbdd0958018bf33f92783dad20286c24a8645885d1f72a2008","point_ordinal":1,"zone_group_id":"501301029127","source_manage_no":"501301029127","facility_name":"흥산초등학교 병설유치원","sgg_code":"50130","facility_type_code":"1","api_first_registered_on":null,"api_last_modified_on":"2025-04-15","updated_at":"2026-07-25T01:27:52.347112+00:00"},"geometry":{"type":"Point","coordinates":[126.765222953,33.300151635]}}]}