{"type":"FeatureCollection","features":[{"type":"Feature","id":"f746d91eebc8239d545cc5ddc50d01cd67b9e5e53e053558bf7983880cad0d41-1","properties":{"facility_id":"f746d91eebc8239d545cc5ddc50d01cd67b9e5e53e053558bf7983880cad0d41","point_ordinal":1,"zone_group_id":"511101000525","source_manage_no":"511101000525","facility_name":"가산초등학교","sgg_code":"51110","facility_type_code":"1","api_first_registered_on":"2002-01-01","api_last_modified_on":null,"updated_at":"2026-07-25T01:27:52.347112+00:00"},"geometry":{"type":"Point","coordinates":[127.782244287,37.908204727]}},{"type":"Feature","id":"a5e8af29d4f11d2ba155556cd57bddebf97af9bf241c0e6ae6c5a246be3c4d53-1","properties":{"facility_id":"a5e8af29d4f11d2ba155556cd57bddebf97af9bf241c0e6ae6c5a246be3c4d53","point_ordinal":1,"zone_group_id":"511102022827","source_manage_no":"511102022827","facility_name":"감정2리경로당","sgg_code":"51110","facility_type_code":"2","api_first_registered_on":"2019-10-01","api_last_modified_on":"2025-06-02","updated_at":"2026-07-25T01:27:52.347112+00:00"},"geometry":{"type":"Point","coordinates":[127.791458541,37.901123813]}},{"type":"Feature","id":"cb1bf908f9294121b1b94a1666c52ba3386da1737043a25f495b445bad4232f1-1","properties":{"facility_id":"cb1bf908f9294121b1b94a1666c52ba3386da1737043a25f495b445bad4232f1","point_ordinal":1,"zone_group_id":"511101000526","source_manage_no":"511101000526","facility_name":"강원경찰청어린이집","sgg_code":"51110","facility_type_code":"1","api_first_registered_on":"2017-04-13","api_last_modified_on":null,"updated_at":"2026-07-25T01:27:52.347112+00:00"},"geometry":{"type":"Point","coordinates":[127.764906205,37.87779129]}},{"type":"Feature","id":"b8d62f02f893f59d29f593a649bbab3699f4ab5f6334c282fbd311890474aa58-1","properties":{"facility_id":"b8d62f02f893f59d29f593a649bbab3699f4ab5f6334c282fbd311890474aa58","point_ordinal":1,"zone_group_id":"511101000587","source_manage_no":"511101000587","facility_name":"강원명진학교","sgg_code":"51110","facility_type_code":"1","api_first_registered_on":"2009-01-01","api_last_modified_on":null,"updated_at":"2026-07-25T01:27:52.347112+00:00"},"geometry":{"type":"Point","coordinates":[127.734606627,37.899201164]}},{"type":"Feature","id":"77f8eb4722eb688f8070008dcc5437464f4d240667e48b1a9f69b76e19ee28e9-1","properties":{"facility_id":"77f8eb4722eb688f8070008dcc5437464f4d240667e48b1a9f69b76e19ee28e9","point_ordinal":1,"zone_group_id":"511103028952","source_manage_no":"511103028952","facility_name":"강원특별자치도 장애인종합복지관","sgg_code":"51110","facility_type_code":"3","api_first_registered_on":null,"api_last_modified_on":"2025-03-28","updated_at":"2026-07-25T01:27:52.347112+00:00"},"geometry":{"type":"Point","coordinates":[127.727448547,37.907716078]}},{"type":"Feature","id":"8ad9d527c137893f79349cd0bf6823e98c1e80dafe238cf45a79c1fbc36f71a1-1","properties":{"facility_id":"8ad9d527c137893f79349cd0bf6823e98c1e80dafe238cf45a79c1fbc36f71a1","point_ordinal":1,"zone_group_id":"511101022817","source_manage_no":"511101022817","facility_name":"강원특별자치도청어린이집","sgg_code":"51110","facility_type_code":"1","api_first_registered_on":"2019-01-14","api_last_modified_on":null,"updated_at":"2026-07-25T01:27:52.347112+00:00"},"geometry":{"type":"Point","coordinates":[127.732254925,37.886071555]}},{"type":"Feature","id":"d24ab16a112ca7d9bd11147d80af8e02fc70a43e93f3a975ab085dfad4eeef85-1","properties":{"facility_id":"d24ab16a112ca7d9bd11147d80af8e02fc70a43e93f3a975ab085dfad4eeef85","point_ordinal":1,"zone_group_id":"511102022829","source_manage_no":"511102022829","facility_name":"강촌1리 경로당","sgg_code":"51110","facility_type_code":"2","api_first_registered_on":"2020-04-03","api_last_modified_on":"2025-06-02","updated_at":"2026-07-25T01:27:52.347112+00:00"},"geometry":{"type":"Point","coordinates":[127.636721181,37.808339057]}},{"type":"Feature","id":"67d07af7b6f3dd537afec9b1ba9ecc2b1c6b5afd34b6545f065792843a43b29f-1","properties":{"facility_id":"67d07af7b6f3dd537afec9b1ba9ecc2b1c6b5afd34b6545f065792843a43b29f","point_ordinal":1,"zone_group_id":"511102028943","source_manage_no":"511102028943","facility_name":"고성2리 노인회관","sgg_code":"51110","facility_type_code":"2","api_first_registered_on":null,"api_last_modified_on":"2025-06-02","updated_at":"2026-07-25T01:27:52.347112+00:00"},"geometry":{"type":"Point","coordinates":[127.734836864,37.994097601]}},{"type":"Feature","id":"634b095dcc906f0a956b50796add116c68d04794059b1ee50908cad5a2c0d5dd-1","properties":{"facility_id":"634b095dcc906f0a956b50796add116c68d04794059b1ee50908cad5a2c0d5dd","point_ordinal":1,"zone_group_id":"511102029929","source_manage_no":"511102029929","facility_name":"고은1리경로당","sgg_code":"51110","facility_type_code":"2","api_first_registered_on":"2025-12-15","api_last_modified_on":"2026-01-18","updated_at":"2026-07-25T01:27:52.347112+00:00"},"geometry":{"type":"Point","coordinates":[127.783759884,37.845801063]}},{"type":"Feature","id":"ffc7260104b57f714cab84bae8604b491f5b451dcb67a4389b4968361baefb6b-1","properties":{"facility_id":"ffc7260104b57f714cab84bae8604b491f5b451dcb67a4389b4968361baefb6b","point_ordinal":1,"zone_group_id":"511101000512","source_manage_no":"511101000512","facility_name":"광판초등학교","sgg_code":"51110","facility_type_code":"1","api_first_registered_on":"1997-01-01","api_last_modified_on":null,"updated_at":"2026-07-25T01:27:52.347112+00:00"},"geometry":{"type":"Point","coordinates":[127.699135783,37.730706624]}},{"type":"Feature","id":"c69a84d2361b7d734842f0540f06a9467dadccea72113d7e73f47e21e5c1ecd2-1","properties":{"facility_id":"c69a84d2361b7d734842f0540f06a9467dadccea72113d7e73f47e21e5c1ecd2","point_ordinal":1,"zone_group_id":"511101000513","source_manage_no":"511101000513","facility_name":"광판초등학교 병설유치원","sgg_code":"51110","facility_type_code":"1","api_first_registered_on":"1997-01-01","api_last_modified_on":null,"updated_at":"2026-07-25T01:27:52.347112+00:00"},"geometry":{"type":"Point","coordinates":[127.699131552,37.730859811]}},{"type":"Feature","id":"53419299f5847255b3e90dae027668be62f976045e0b374ddb0b9e0eabdf9d19-1","properties":{"facility_id":"53419299f5847255b3e90dae027668be62f976045e0b374ddb0b9e0eabdf9d19","point_ordinal":1,"zone_group_id":"511101000508","source_manage_no":"511101000508","facility_name":"교동초등학교","sgg_code":"51110","facility_type_code":"1","api_first_registered_on":"2003-01-01","api_last_modified_on":null,"updated_at":"2026-07-25T01:27:52.347112+00:00"},"geometry":{"type":"Point","coordinates":[127.737479172,37.881040972]}},{"type":"Feature","id":"5fc14da3c0baa260c4729dc63d737b787d3f92e58cdaaca638e95c05d7418e7d-1","properties":{"facility_id":"5fc14da3c0baa260c4729dc63d737b787d3f92e58cdaaca638e95c05d7418e7d","point_ordinal":1,"zone_group_id":"511101000509","source_manage_no":"511101000509","facility_name":"교동초등학교 병설유치원","sgg_code":"51110","facility_type_code":"1","api_first_registered_on":"2003-01-01","api_last_modified_on":null,"updated_at":"2026-07-25T01:27:52.347112+00:00"},"geometry":{"type":"Point","coordinates":[127.73706503,37.88111564]}},{"type":"Feature","id":"15abd7213612b8e877da705da2b56ef0a2ec4946db10b94405d37062e660d920-1","properties":{"facility_id":"15abd7213612b8e877da705da2b56ef0a2ec4946db10b94405d37062e660d920","point_ordinal":1,"zone_group_id":"511102027034","source_manage_no":"511102027034","facility_name":"군자1리경로당","sgg_code":"51110","facility_type_code":"2","api_first_registered_on":"2024-02-05","api_last_modified_on":"2025-06-02","updated_at":"2026-07-25T01:27:52.347112+00:00"},"geometry":{"type":"Point","coordinates":[127.722065837,37.748730921]}},{"type":"Feature","id":"0063170ec3378180d95a2fb6f24ac30008a37dff5fd53318691502aa45daac57-1","properties":{"facility_id":"0063170ec3378180d95a2fb6f24ac30008a37dff5fd53318691502aa45daac57","point_ordinal":1,"zone_group_id":"511102022825","source_manage_no":"511102022825","facility_name":"근화경로당","sgg_code":"51110","facility_type_code":"2","api_first_registered_on":null,"api_last_modified_on":"2025-06-02","updated_at":"2026-07-25T01:27:52.347112+00:00"},"geometry":{"type":"Point","coordinates":[127.71440626,37.879934007]}},{"type":"Feature","id":"1fa883b02342d14e4977bbba78ce22d59bb4624ac7a8df6ae72e4fb8926bb310-1","properties":{"facility_id":"1fa883b02342d14e4977bbba78ce22d59bb4624ac7a8df6ae72e4fb8926bb310","point_ordinal":1,"zone_group_id":"511101000564","source_manage_no":"511101000564","facility_name":"근화어린이집","sgg_code":"51110","facility_type_code":"1","api_first_registered_on":"2016-05-05","api_last_modified_on":null,"updated_at":"2026-07-25T01:27:52.347112+00:00"},"geometry":{"type":"Point","coordinates":[127.730192966,37.893791532]}},{"type":"Feature","id":"f5b0eb406127fc9efdc1019129efc01fd1b5d7ab1d56222ff963a6e28616ea11-1","properties":{"facility_id":"f5b0eb406127fc9efdc1019129efc01fd1b5d7ab1d56222ff963a6e28616ea11","point_ordinal":1,"zone_group_id":"511101000511","source_manage_no":"511101000511","facility_name":"근화초등학교","sgg_code":"51110","facility_type_code":"1","api_first_registered_on":"2003-01-01","api_last_modified_on":null,"updated_at":"2026-07-25T01:27:52.347112+00:00"},"geometry":{"type":"Point","coordinates":[127.723256701,37.889448269]}},{"type":"Feature","id":"8336a97fd605684a7e8da10dd284d774583e73ff86451d6ae4acab449e698cb8-1","properties":{"facility_id":"8336a97fd605684a7e8da10dd284d774583e73ff86451d6ae4acab449e698cb8","point_ordinal":1,"zone_group_id":"511101000544","source_manage_no":"511101000544","facility_name":"금병초등학교","sgg_code":"51110","facility_type_code":"1","api_first_registered_on":"1997-01-01","api_last_modified_on":null,"updated_at":"2026-07-25T01:27:52.347112+00:00"},"geometry":{"type":"Point","coordinates":[127.714593016,37.815291847]}},{"type":"Feature","id":"d1b69f681997ac8cc191cc9187767009035a83c6a3d059aeb2a807b7d6384efa-1","properties":{"facility_id":"d1b69f681997ac8cc191cc9187767009035a83c6a3d059aeb2a807b7d6384efa","point_ordinal":1,"zone_group_id":"511101000545","source_manage_no":"511101000545","facility_name":"금병초등학교 병설유치원","sgg_code":"51110","facility_type_code":"1","api_first_registered_on":"1997-01-01","api_last_modified_on":null,"updated_at":"2026-07-25T01:27:52.347112+00:00"},"geometry":{"type":"Point","coordinates":[127.714586166,37.815170262]}},{"type":"Feature","id":"91df72bef007a39010fe81e2dd149d36ba1dc556a9428723becd2bb5bc146118-1","properties":{"facility_id":"91df72bef007a39010fe81e2dd149d36ba1dc556a9428723becd2bb5bc146118","point_ordinal":1,"zone_group_id":"511101000546","source_manage_no":"511101000546","facility_name":"금산초등학교","sgg_code":"51110","facility_type_code":"1","api_first_registered_on":"2002-01-01","api_last_modified_on":null,"updated_at":"2026-07-25T01:27:52.347112+00:00"},"geometry":{"type":"Point","coordinates":[127.700018428,37.903862588]}},{"type":"Feature","id":"23e2bbf9a1c010d14d4ddeba92858fa639c25be96815dce70a524149a0498ca0-1","properties":{"facility_id":"23e2bbf9a1c010d14d4ddeba92858fa639c25be96815dce70a524149a0498ca0","point_ordinal":1,"zone_group_id":"511101000547","source_manage_no":"511101000547","facility_name":"금산초등학교 병설유치원","sgg_code":"51110","facility_type_code":"1","api_first_registered_on":"2002-01-01","api_last_modified_on":null,"updated_at":"2026-07-25T01:27:52.347112+00:00"},"geometry":{"type":"Point","coordinates":[127.700028475,37.903722884]}},{"type":"Feature","id":"9718876e8437135da7c3100115014045763518e5bfc9bb456d1affad6c47254b-1","properties":{"facility_id":"9718876e8437135da7c3100115014045763518e5bfc9bb456d1affad6c47254b","point_ordinal":1,"zone_group_id":"511101000609","source_manage_no":"511101000609","facility_name":"꿈나무유치원","sgg_code":"51110","facility_type_code":"1","api_first_registered_on":"1998-01-01","api_last_modified_on":null,"updated_at":"2026-07-25T01:27:52.347112+00:00"},"geometry":{"type":"Point","coordinates":[127.754156725,37.890512141]}},{"type":"Feature","id":"33f969897bbfce97508848148528113a886364dfdcae14867496877e793e0fae-1","properties":{"facility_id":"33f969897bbfce97508848148528113a886364dfdcae14867496877e793e0fae","point_ordinal":1,"zone_group_id":"511101000617","source_manage_no":"511101000618","facility_name":"나래어린이집","sgg_code":"51110","facility_type_code":"1","api_first_registered_on":"2006-01-01","api_last_modified_on":null,"updated_at":"2026-07-25T01:27:52.347112+00:00"},"geometry":{"type":"Point","coordinates":[127.758199322,37.877131136]}},{"type":"Feature","id":"2f4edb37e91d48d5d284875d227786f025dfa145b7d4170603dba80d833967ad-1","properties":{"facility_id":"2f4edb37e91d48d5d284875d227786f025dfa145b7d4170603dba80d833967ad","point_ordinal":1,"zone_group_id":"511101000595","source_manage_no":"511101000595","facility_name":"남부초등학교","sgg_code":"51110","facility_type_code":"1","api_first_registered_on":"1997-01-01","api_last_modified_on":null,"updated_at":"2026-07-25T01:27:52.347112+00:00"},"geometry":{"type":"Point","coordinates":[127.726250786,37.858755862]}},{"type":"Feature","id":"d4e07ecabc383e37607a1b4d481743101a1d5ac78b60807f1f6dce1c53fb0804-1","properties":{"facility_id":"d4e07ecabc383e37607a1b4d481743101a1d5ac78b60807f1f6dce1c53fb0804","point_ordinal":1,"zone_group_id":"511101000514","source_manage_no":"511101000514","facility_name":"남산초등학교","sgg_code":"51110","facility_type_code":"1","api_first_registered_on":"1997-01-01","api_last_modified_on":null,"updated_at":"2026-07-25T01:27:52.347112+00:00"},"geometry":{"type":"Point","coordinates":[127.645598387,37.792979631]}},{"type":"Feature","id":"3e0947cee2295a9522ecf364013aabea14693d9d4193997141a4ad4fabd73ecb-1","properties":{"facility_id":"3e0947cee2295a9522ecf364013aabea14693d9d4193997141a4ad4fabd73ecb","point_ordinal":1,"zone_group_id":"511101000515","source_manage_no":"511101000515","facility_name":"남산초등학교 병설유치원","sgg_code":"51110","facility_type_code":"1","api_first_registered_on":"1997-01-01","api_last_modified_on":null,"updated_at":"2026-07-25T01:27:52.347112+00:00"},"geometry":{"type":"Point","coordinates":[127.645588838,37.793186901]}},{"type":"Feature","id":"657e7e03c0d9684eee25cae0ccc948299d3d1a0941d7104bebee4abe2eb9f868-1","properties":{"facility_id":"657e7e03c0d9684eee25cae0ccc948299d3d1a0941d7104bebee4abe2eb9f868","point_ordinal":1,"zone_group_id":"511101000594","source_manage_no":"511101000594","facility_name":"남춘천초등학교","sgg_code":"51110","facility_type_code":"1","api_first_registered_on":"1996-01-01","api_last_modified_on":null,"updated_at":"2026-07-25T01:27:52.347112+00:00"},"geometry":{"type":"Point","coordinates":[127.722434693,37.861128936]}},{"type":"Feature","id":"3fe2633f1c339c2a701c0608303e3928106d28ecdd3773ea750c005041167247-1","properties":{"facility_id":"3fe2633f1c339c2a701c0608303e3928106d28ecdd3773ea750c005041167247","point_ordinal":1,"zone_group_id":"511101000568","source_manage_no":"511101000568","facility_name":"다경어린이집","sgg_code":"51110","facility_type_code":"1","api_first_registered_on":"2006-01-01","api_last_modified_on":null,"updated_at":"2026-07-25T01:27:52.347112+00:00"},"geometry":{"type":"Point","coordinates":[127.748511132,37.927814219]}},{"type":"Feature","id":"a501a42dfa5bfff4b762947581348fc3472b56acee29f4d78e68d3ed939c9227-1","properties":{"facility_id":"a501a42dfa5bfff4b762947581348fc3472b56acee29f4d78e68d3ed939c9227","point_ordinal":1,"zone_group_id":"511101000548","source_manage_no":"511101000548","facility_name":"당림초등학교","sgg_code":"51110","facility_type_code":"1","api_first_registered_on":"1998-01-01","api_last_modified_on":null,"updated_at":"2026-07-25T01:27:52.347112+00:00"},"geometry":{"type":"Point","coordinates":[127.608084561,37.83782808]}},{"type":"Feature","id":"665081e963e183895d71847046c76dfec6dfb85599da8ea452a8ad34a893d60d-1","properties":{"facility_id":"665081e963e183895d71847046c76dfec6dfb85599da8ea452a8ad34a893d60d","point_ordinal":1,"zone_group_id":"511101000549","source_manage_no":"511101000549","facility_name":"당림초등학교 병설유치원","sgg_code":"51110","facility_type_code":"1","api_first_registered_on":"1998-01-01","api_last_modified_on":null,"updated_at":"2026-07-25T01:27:52.347112+00:00"},"geometry":{"type":"Point","coordinates":[127.608076651,37.837902449]}},{"type":"Feature","id":"9075bb274bceb084463bc4469717914444f83ae12cf017540219d62a0543efda-1","properties":{"facility_id":"9075bb274bceb084463bc4469717914444f83ae12cf017540219d62a0543efda","point_ordinal":1,"zone_group_id":"511102028947","source_manage_no":"511102028947","facility_name":"덕두원1리경로당","sgg_code":"51110","facility_type_code":"2","api_first_registered_on":null,"api_last_modified_on":"2025-03-28","updated_at":"2026-07-25T01:27:52.347112+00:00"},"geometry":{"type":"Point","coordinates":[127.661846199,37.853863556]}},{"type":"Feature","id":"52b8ba306d4c566146d2d077e7b92b9a2c508531e84dd96dadfb5b411a2702cc-1","properties":{"facility_id":"52b8ba306d4c566146d2d077e7b92b9a2c508531e84dd96dadfb5b411a2702cc","point_ordinal":1,"zone_group_id":"511103029927","source_manage_no":"511103029927","facility_name":"도래샘단기보호소","sgg_code":"51110","facility_type_code":"3","api_first_registered_on":"2025-09-25","api_last_modified_on":"2026-01-18","updated_at":"2026-07-25T01:27:52.347112+00:00"},"geometry":{"type":"Point","coordinates":[127.702160335,37.872268225]}},{"type":"Feature","id":"c2df17b4120bf80adac1996aa77084be5063352096506029be6a95c9f4ddd561-1","properties":{"facility_id":"c2df17b4120bf80adac1996aa77084be5063352096506029be6a95c9f4ddd561","point_ordinal":1,"zone_group_id":"511101000519","source_manage_no":"511101000519","facility_name":"동내초등학교","sgg_code":"51110","facility_type_code":"1","api_first_registered_on":"1997-01-01","api_last_modified_on":null,"updated_at":"2026-07-25T01:27:52.347112+00:00"},"geometry":{"type":"Point","coordinates":[127.766018595,37.851119281]}},{"type":"Feature","id":"531418afa5ca23f97c474f43bbb1adc5e03c9843ba540feb30525549bfd6496c-1","properties":{"facility_id":"531418afa5ca23f97c474f43bbb1adc5e03c9843ba540feb30525549bfd6496c","point_ordinal":1,"zone_group_id":"511101000520","source_manage_no":"511101000520","facility_name":"동내초등학교 병설유치원","sgg_code":"51110","facility_type_code":"1","api_first_registered_on":"1997-01-01","api_last_modified_on":null,"updated_at":"2026-07-25T01:27:52.347112+00:00"},"geometry":{"type":"Point","coordinates":[127.766026234,37.851308427]}},{"type":"Feature","id":"f6d336ae9c9c0f0b05a4c63209eac2928f9a8d0c206e9d83552f302b244d9ab5-1","properties":{"facility_id":"f6d336ae9c9c0f0b05a4c63209eac2928f9a8d0c206e9d83552f302b244d9ab5","point_ordinal":1,"zone_group_id":"511101000616","source_manage_no":"511101000616","facility_name":"동부초등학교","sgg_code":"51110","facility_type_code":"1","api_first_registered_on":"2005-01-01","api_last_modified_on":null,"updated_at":"2026-07-25T01:27:52.347112+00:00"},"geometry":{"type":"Point","coordinates":[127.754806423,37.871061565]}},{"type":"Feature","id":"c6e10b49955d1ed25d0d6e7bf0c4121c450c3f199d2aa2814fe4d86eaec450b4-1","properties":{"facility_id":"c6e10b49955d1ed25d0d6e7bf0c4121c450c3f199d2aa2814fe4d86eaec450b4","point_ordinal":1,"zone_group_id":"511101000605","source_manage_no":"511101000605","facility_name":"동춘천초등학교","sgg_code":"51110","facility_type_code":"1","api_first_registered_on":"2000-01-01","api_last_modified_on":null,"updated_at":"2026-07-25T01:27:52.347112+00:00"},"geometry":{"type":"Point","coordinates":[127.742785041,37.876953622]}},{"type":"Feature","id":"aa10e05933b541beed0b7b1a32b00e13110bb2cdb2e6dcaba339b02c54a253ba-1","properties":{"facility_id":"aa10e05933b541beed0b7b1a32b00e13110bb2cdb2e6dcaba339b02c54a253ba","point_ordinal":1,"zone_group_id":"511101000528","source_manage_no":"511101000528","facility_name":"만천유치원","sgg_code":"51110","facility_type_code":"1","api_first_registered_on":"2017-04-13","api_last_modified_on":null,"updated_at":"2026-07-25T01:27:52.347112+00:00"},"geometry":{"type":"Point","coordinates":[127.779949446,37.87600883]}},{"type":"Feature","id":"c203c453ea18e7ac2b70d27a47137ce2c69adb6771ce7cb522be083fe60ca0c3-1","properties":{"facility_id":"c203c453ea18e7ac2b70d27a47137ce2c69adb6771ce7cb522be083fe60ca0c3","point_ordinal":1,"zone_group_id":"511101000535","source_manage_no":"511101000535","facility_name":"만천초등학교","sgg_code":"51110","facility_type_code":"1","api_first_registered_on":"2016-08-22","api_last_modified_on":null,"updated_at":"2026-07-25T01:27:52.347112+00:00"},"geometry":{"type":"Point","coordinates":[127.75740771,37.884248587]}},{"type":"Feature","id":"3eb41caf182ae81d0133a10a647f770816af7a8554f4ba6dbcd487fd949fddfc-1","properties":{"facility_id":"3eb41caf182ae81d0133a10a647f770816af7a8554f4ba6dbcd487fd949fddfc","point_ordinal":1,"zone_group_id":"511101000536","source_manage_no":"511101000536","facility_name":"만천초등학교 병설유치원","sgg_code":"51110","facility_type_code":"1","api_first_registered_on":"1997-01-01","api_last_modified_on":null,"updated_at":"2026-07-25T01:27:52.347112+00:00"},"geometry":{"type":"Point","coordinates":[127.757943045,37.884076217]}},{"type":"Feature","id":"4dca1e06c4d93ce7ecc179ca60f55cfa7fd3a38bddadcd365408bd600dc48625-1","properties":{"facility_id":"4dca1e06c4d93ce7ecc179ca60f55cfa7fd3a38bddadcd365408bd600dc48625","point_ordinal":1,"zone_group_id":"511101000596","source_manage_no":"511101000596","facility_name":"무궁화유치원","sgg_code":"51110","facility_type_code":"1","api_first_registered_on":"2013-03-15","api_last_modified_on":null,"updated_at":"2026-07-25T01:27:52.347112+00:00"},"geometry":{"type":"Point","coordinates":[127.728643278,37.858886341]}},{"type":"Feature","id":"ea89eb4ca8275b4570fafe2310ad5802cff258e2ba9689acfc9e6239888d9470-1","properties":{"facility_id":"ea89eb4ca8275b4570fafe2310ad5802cff258e2ba9689acfc9e6239888d9470","point_ordinal":1,"zone_group_id":"511101000565","source_manage_no":"511101000565","facility_name":"미래숲유치원","sgg_code":"51110","facility_type_code":"1","api_first_registered_on":"2008-01-01","api_last_modified_on":null,"updated_at":"2026-07-25T01:27:52.347112+00:00"},"geometry":{"type":"Point","coordinates":[127.728423227,37.922681465]}},{"type":"Feature","id":"24326d136b79caca7612d425c8b9646a9364427c916dbde4432bcc6e9f767930-1","properties":{"facility_id":"24326d136b79caca7612d425c8b9646a9364427c916dbde4432bcc6e9f767930","point_ordinal":1,"zone_group_id":"511102026157","source_manage_no":"511102026157","facility_name":"백양2리 경로당","sgg_code":"51110","facility_type_code":"2","api_first_registered_on":"2022-09-29","api_last_modified_on":"2025-06-02","updated_at":"2026-07-25T01:27:52.347112+00:00"},"geometry":{"type":"Point","coordinates":[127.57303418,37.810340486]}},{"type":"Feature","id":"f3ea463a57954e5ecf8b3675beaf2ed0f67a13d334bc55446e0be42f23eb1465-1","properties":{"facility_id":"f3ea463a57954e5ecf8b3675beaf2ed0f67a13d334bc55446e0be42f23eb1465","point_ordinal":1,"zone_group_id":"511101000556","source_manage_no":"511101000556","facility_name":"봄내초등학교","sgg_code":"51110","facility_type_code":"1","api_first_registered_on":"1998-01-01","api_last_modified_on":null,"updated_at":"2026-07-25T01:27:52.347112+00:00"},"geometry":{"type":"Point","coordinates":[127.741951903,37.855878828]}},{"type":"Feature","id":"1aba1c36aceaadb045a6dabac7748ebeb38c8ec0f18398f7997ab68186033349-1","properties":{"facility_id":"1aba1c36aceaadb045a6dabac7748ebeb38c8ec0f18398f7997ab68186033349","point_ordinal":1,"zone_group_id":"511101022824","source_manage_no":"511101022824","facility_name":"봄봄유치원","sgg_code":"51110","facility_type_code":"1","api_first_registered_on":"2017-03-08","api_last_modified_on":null,"updated_at":"2026-07-25T01:27:52.347112+00:00"},"geometry":{"type":"Point","coordinates":[127.711451978,37.834915799]}},{"type":"Feature","id":"802844056c41a755742515d16069614955ec9c2ea163c5ec80bbbdfd08f51275-1","properties":{"facility_id":"802844056c41a755742515d16069614955ec9c2ea163c5ec80bbbdfd08f51275","point_ordinal":1,"zone_group_id":"511101000582","source_manage_no":"511101000582","facility_name":"봉의초등학교","sgg_code":"51110","facility_type_code":"1","api_first_registered_on":"1997-01-01","api_last_modified_on":null,"updated_at":"2026-07-25T01:27:52.347112+00:00"},"geometry":{"type":"Point","coordinates":[127.729168969,37.875883284]}},{"type":"Feature","id":"3625c99c0dddbb79c8489230acb62b9c69e15beb928b8966af2a2bde45cbf816-1","properties":{"facility_id":"3625c99c0dddbb79c8489230acb62b9c69e15beb928b8966af2a2bde45cbf816","point_ordinal":1,"zone_group_id":"511101000582","source_manage_no":"511101000583","facility_name":"봉의초등학교 병설유치원","sgg_code":"51110","facility_type_code":"1","api_first_registered_on":"1997-01-01","api_last_modified_on":null,"updated_at":"2026-07-25T01:27:52.347112+00:00"},"geometry":{"type":"Point","coordinates":[127.729443356,37.876046004]}},{"type":"Feature","id":"904fc15b85f516d0502822b1e2e8ebd303b303bea7c682045fe5b832e06d15f2-1","properties":{"facility_id":"904fc15b85f516d0502822b1e2e8ebd303b303bea7c682045fe5b832e06d15f2","point_ordinal":1,"zone_group_id":"511101000615","source_manage_no":"511101000615","facility_name":"부안초등학교","sgg_code":"51110","facility_type_code":"1","api_first_registered_on":"2002-01-01","api_last_modified_on":null,"updated_at":"2026-07-25T01:27:52.347112+00:00"},"geometry":{"type":"Point","coordinates":[127.749703738,37.876391798]}},{"type":"Feature","id":"851407983837a1c094f534032463c189a1ca7997136901796825826fa251dc00-1","properties":{"facility_id":"851407983837a1c094f534032463c189a1ca7997136901796825826fa251dc00","point_ordinal":1,"zone_group_id":"511102027033","source_manage_no":"511102027033","facility_name":"비봉경로당","sgg_code":"51110","facility_type_code":"2","api_first_registered_on":"2024-02-05","api_last_modified_on":"2025-06-02","updated_at":"2026-07-25T01:27:52.347112+00:00"},"geometry":{"type":"Point","coordinates":[127.746558659,37.872802371]}},{"type":"Feature","id":"da512c08b2b3b83766577568b5a5612c02f7818f70804fdff45e493f7c975e50-1","properties":{"facility_id":"da512c08b2b3b83766577568b5a5612c02f7818f70804fdff45e493f7c975e50","point_ordinal":1,"zone_group_id":"511101000588","source_manage_no":"511101000588","facility_name":"사우어린이집","sgg_code":"51110","facility_type_code":"1","api_first_registered_on":"2006-01-01","api_last_modified_on":null,"updated_at":"2026-07-25T01:27:52.347112+00:00"},"geometry":{"type":"Point","coordinates":[127.729955099,37.901542995]}},{"type":"Feature","id":"0fbb7df1490477a719a1bd95f73dcb1f27fb85c9ea838d9d4acd841c55a1cfa2-1","properties":{"facility_id":"0fbb7df1490477a719a1bd95f73dcb1f27fb85c9ea838d9d4acd841c55a1cfa2","point_ordinal":1,"zone_group_id":"511101000612","source_manage_no":"511101000612","facility_name":"사회문화어린이집","sgg_code":"51110","facility_type_code":"1","api_first_registered_on":"2006-01-01","api_last_modified_on":null,"updated_at":"2026-07-25T01:27:52.347112+00:00"},"geometry":{"type":"Point","coordinates":[127.743866375,37.88922117]}},{"type":"Feature","id":"94cf809340515125bb5373ac54408c60c2f034416940964985d6410995b8cf02-1","properties":{"facility_id":"94cf809340515125bb5373ac54408c60c2f034416940964985d6410995b8cf02","point_ordinal":1,"zone_group_id":"511101000522","source_manage_no":"511101000522","facility_name":"산내들어린이집","sgg_code":"51110","facility_type_code":"1","api_first_registered_on":"2013-03-15","api_last_modified_on":null,"updated_at":"2026-07-25T01:27:52.347112+00:00"},"geometry":{"type":"Point","coordinates":[127.760262247,37.861406046]}},{"type":"Feature","id":"0e28e751cb710a4b6214553f9e66329116e246e5a3bda1123b4f852ea737bbe6-1","properties":{"facility_id":"0e28e751cb710a4b6214553f9e66329116e246e5a3bda1123b4f852ea737bbe6","point_ordinal":1,"zone_group_id":"511102029931","source_manage_no":"511102029931","facility_name":"산천2리경로당","sgg_code":"51110","facility_type_code":"2","api_first_registered_on":"2025-12-15","api_last_modified_on":"2026-01-18","updated_at":"2026-07-25T01:27:52.347112+00:00"},"geometry":{"type":"Point","coordinates":[127.743357171,37.958603847]}},{"type":"Feature","id":"894bfc93117bee62d3e2fd746e089c33a43ee97d50e1bd1b37f857f989f71e67-1","properties":{"facility_id":"894bfc93117bee62d3e2fd746e089c33a43ee97d50e1bd1b37f857f989f71e67","point_ordinal":1,"zone_group_id":"511101000610","source_manage_no":"511101000610","facility_name":"삼운사유치원","sgg_code":"51110","facility_type_code":"1","api_first_registered_on":"2010-01-01","api_last_modified_on":null,"updated_at":"2026-07-25T01:27:52.347112+00:00"},"geometry":{"type":"Point","coordinates":[127.741736884,37.888369322]}},{"type":"Feature","id":"aa78009989c09a0718b8deb776a81dc0c02a1a96a9bdc4b6bbe96afd4f4009fe-1","properties":{"facility_id":"aa78009989c09a0718b8deb776a81dc0c02a1a96a9bdc4b6bbe96afd4f4009fe","point_ordinal":1,"zone_group_id":"511102024041","source_manage_no":"511102024041","facility_name":"상걸1리 경로당","sgg_code":"51110","facility_type_code":"2","api_first_registered_on":"2021-07-09","api_last_modified_on":"2025-06-02","updated_at":"2026-07-25T01:27:52.347112+00:00"},"geometry":{"type":"Point","coordinates":[127.844086975,37.866438471]}},{"type":"Feature","id":"f53e1fa224f013b25abb9e4cb3a5a69a0cba81d47e6f8e87a880b9e981375bad-1","properties":{"facility_id":"f53e1fa224f013b25abb9e4cb3a5a69a0cba81d47e6f8e87a880b9e981375bad","point_ordinal":1,"zone_group_id":"511102000529","source_manage_no":"511102000529","facility_name":"상걸2리 경로당","sgg_code":"51110","facility_type_code":"2","api_first_registered_on":"2021-09-06","api_last_modified_on":"2025-06-02","updated_at":"2026-07-25T01:27:52.347112+00:00"},"geometry":{"type":"Point","coordinates":[127.851049567,37.86183007]}},{"type":"Feature","id":"3dd3fdd8f283b340a87333ad778649de290bb2ef81852bfc5836041827c722c9-1","properties":{"facility_id":"3dd3fdd8f283b340a87333ad778649de290bb2ef81852bfc5836041827c722c9","point_ordinal":1,"zone_group_id":"511101000570","source_manage_no":"511101000570","facility_name":"상천초등학교","sgg_code":"51110","facility_type_code":"1","api_first_registered_on":"1998-01-01","api_last_modified_on":null,"updated_at":"2026-07-25T01:27:52.347112+00:00"},"geometry":{"type":"Point","coordinates":[127.785221206,37.933589114]}},{"type":"Feature","id":"a9a7a2743b72e4ec47d348eb7cc3c4df0a878cb214af4ddcc157b02dfe446d27-1","properties":{"facility_id":"a9a7a2743b72e4ec47d348eb7cc3c4df0a878cb214af4ddcc157b02dfe446d27","point_ordinal":1,"zone_group_id":"511101000571","source_manage_no":"511101000571","facility_name":"상천초등학교 병설유치원","sgg_code":"51110","facility_type_code":"1","api_first_registered_on":"1998-01-01","api_last_modified_on":null,"updated_at":"2026-07-25T01:27:52.347112+00:00"},"geometry":{"type":"Point","coordinates":[127.785257915,37.933832117]}},{"type":"Feature","id":"e93410e4ecbcf120823f069b53194e60125186bfc4f7c52e7b331b0add70dabb-1","properties":{"facility_id":"e93410e4ecbcf120823f069b53194e60125186bfc4f7c52e7b331b0add70dabb","point_ordinal":1,"zone_group_id":"511102027036","source_manage_no":"511101000591","facility_name":"새봄유치원","sgg_code":"51110","facility_type_code":"1","api_first_registered_on":"2009-01-01","api_last_modified_on":null,"updated_at":"2026-07-25T01:27:52.347112+00:00"},"geometry":{"type":"Point","coordinates":[127.722820294,37.875767287]}},{"type":"Feature","id":"da1335251e78db2dc766d3636548b27d519bd8a2225c1d4f303e63c2b8357c7e-1","properties":{"facility_id":"da1335251e78db2dc766d3636548b27d519bd8a2225c1d4f303e63c2b8357c7e","point_ordinal":1,"zone_group_id":"511102024043","source_manage_no":"511102024043","facility_name":"새청 경로당","sgg_code":"51110","facility_type_code":"2","api_first_registered_on":"2021-07-09","api_last_modified_on":"2025-06-02","updated_at":"2026-07-25T01:27:52.347112+00:00"},"geometry":{"type":"Point","coordinates":[127.73938802,37.899513873]}},{"type":"Feature","id":"f062ea06b8676d4d264efa92f1c9243c06883a388fefdf9d8a665f65ca3e3bf5-1","properties":{"facility_id":"f062ea06b8676d4d264efa92f1c9243c06883a388fefdf9d8a665f65ca3e3bf5","point_ordinal":1,"zone_group_id":"511101000550","source_manage_no":"511101000550","facility_name":"서상초등학교","sgg_code":"51110","facility_type_code":"1","api_first_registered_on":"1997-01-01","api_last_modified_on":null,"updated_at":"2026-07-25T01:27:52.347112+00:00"},"geometry":{"type":"Point","coordinates":[127.707294918,37.929158286]}},{"type":"Feature","id":"80ea9a7e32ec25ec78a6d0d75cab69a8eaba8935a49d149d9c5874ad0ad67053-1","properties":{"facility_id":"80ea9a7e32ec25ec78a6d0d75cab69a8eaba8935a49d149d9c5874ad0ad67053","point_ordinal":1,"zone_group_id":"511101000551","source_manage_no":"511101000551","facility_name":"서상초등학교 병설유치원","sgg_code":"51110","facility_type_code":"1","api_first_registered_on":"1997-01-01","api_last_modified_on":null,"updated_at":"2026-07-25T01:27:52.347112+00:00"},"geometry":{"type":"Point","coordinates":[127.707299785,37.929072669]}},{"type":"Feature","id":"13fc9daa7f58ad4a6096a6936aa22f2216c1c2eb65031e0f1c19185e9fcce0c2-1","properties":{"facility_id":"13fc9daa7f58ad4a6096a6936aa22f2216c1c2eb65031e0f1c19185e9fcce0c2","point_ordinal":1,"zone_group_id":"511101000554","source_manage_no":"511101000554","facility_name":"석사초등학교","sgg_code":"51110","facility_type_code":"1","api_first_registered_on":"1998-01-01","api_last_modified_on":null,"updated_at":"2026-07-25T01:27:52.347112+00:00"},"geometry":{"type":"Point","coordinates":[127.749523046,37.858039426]}},{"type":"Feature","id":"7f79ead02a56b0cb7d6b5d60f6c91b8698d83a0b6f5f8c57861b804e4f43b4a4-1","properties":{"facility_id":"7f79ead02a56b0cb7d6b5d60f6c91b8698d83a0b6f5f8c57861b804e4f43b4a4","point_ordinal":1,"zone_group_id":"511101000555","source_manage_no":"511101000555","facility_name":"석사초등학교 병설유치원","sgg_code":"51110","facility_type_code":"1","api_first_registered_on":"1998-01-01","api_last_modified_on":null,"updated_at":"2026-07-25T01:27:52.347112+00:00"},"geometry":{"type":"Point","coordinates":[127.749524232,37.858156539]}},{"type":"Feature","id":"8f9a99c53f037229298c9159bf8891d42966b10639b71999977e9822bd17c537-1","properties":{"facility_id":"8f9a99c53f037229298c9159bf8891d42966b10639b71999977e9822bd17c537","point_ordinal":1,"zone_group_id":"511101000558","source_manage_no":"511101000558","facility_name":"성림초등학교","sgg_code":"51110","facility_type_code":"1","api_first_registered_on":"2003-01-01","api_last_modified_on":null,"updated_at":"2026-07-25T01:27:52.347112+00:00"},"geometry":{"type":"Point","coordinates":[127.740372046,37.852239264]}},{"type":"Feature","id":"b45ca6b5b7c0bc415a7d6a4f630df87e2861907cd8ef6120e204280085203581-1","properties":{"facility_id":"b45ca6b5b7c0bc415a7d6a4f630df87e2861907cd8ef6120e204280085203581","point_ordinal":1,"zone_group_id":"511102000510","source_manage_no":"511102000510","facility_name":"성심경로당","sgg_code":"51110","facility_type_code":"2","api_first_registered_on":"2016-05-16","api_last_modified_on":"2025-06-02","updated_at":"2026-07-25T01:27:52.347112+00:00"},"geometry":{"type":"Point","coordinates":[127.739882342,37.880932214]}},{"type":"Feature","id":"bed4e08981d0a703575670384cef55f7e96e2716ecbddcb603bd910014325ddd-1","properties":{"facility_id":"bed4e08981d0a703575670384cef55f7e96e2716ecbddcb603bd910014325ddd","point_ordinal":1,"zone_group_id":"511101000530","source_manage_no":"511101000530","facility_name":"성심유치원","sgg_code":"51110","facility_type_code":"1","api_first_registered_on":"2006-01-01","api_last_modified_on":null,"updated_at":"2026-07-25T01:27:52.347112+00:00"},"geometry":{"type":"Point","coordinates":[127.72696018,37.876059855]}},{"type":"Feature","id":"953dc10ac56b5a3f654a988918a83b18c432f3d4577a6ac7f38da7e3c532215f-1","properties":{"facility_id":"953dc10ac56b5a3f654a988918a83b18c432f3d4577a6ac7f38da7e3c532215f","point_ordinal":1,"zone_group_id":"511101000598","source_manage_no":"511101000598","facility_name":"성원초등학교","sgg_code":"51110","facility_type_code":"1","api_first_registered_on":"2005-01-01","api_last_modified_on":null,"updated_at":"2026-07-25T01:27:52.347112+00:00"},"geometry":{"type":"Point","coordinates":[127.745080057,37.848310049]}},{"type":"Feature","id":"8fd33a65f7629cbc396e7660e4eb5af67ef8bf00fbbd910db9bba6d0ba3bcc4d-1","properties":{"facility_id":"8fd33a65f7629cbc396e7660e4eb5af67ef8bf00fbbd910db9bba6d0ba3bcc4d","point_ordinal":1,"zone_group_id":"511102000579","source_manage_no":"511102000579","facility_name":"소양강댐노인복지관","sgg_code":"51110","facility_type_code":"2","api_first_registered_on":"2016-05-16","api_last_modified_on":"2025-04-30","updated_at":"2026-07-25T01:27:52.347112+00:00"},"geometry":{"type":"Point","coordinates":[127.749194461,37.948218149]}},{"type":"Feature","id":"5dbb493221463e17850597a9e293e6cb0bc4059553fd703165e5a640b46c16ab-1","properties":{"facility_id":"5dbb493221463e17850597a9e293e6cb0bc4059553fd703165e5a640b46c16ab","point_ordinal":1,"zone_group_id":"511101000580","source_manage_no":"511101000580","facility_name":"소양초등학교","sgg_code":"51110","facility_type_code":"1","api_first_registered_on":"2001-01-01","api_last_modified_on":null,"updated_at":"2026-07-25T01:27:52.347112+00:00"},"geometry":{"type":"Point","coordinates":[127.739819046,37.904763805]}},{"type":"Feature","id":"4fcbf2d49c914eec839c1acf89ef91f586c8d89246bf43339e9f6589892586c3-1","properties":{"facility_id":"4fcbf2d49c914eec839c1acf89ef91f586c8d89246bf43339e9f6589892586c3","point_ordinal":1,"zone_group_id":"511101000581","source_manage_no":"511101000581","facility_name":"소양초등학교 병설유치원","sgg_code":"51110","facility_type_code":"1","api_first_registered_on":"2001-01-01","api_last_modified_on":null,"updated_at":"2026-07-25T01:27:52.347112+00:00"},"geometry":{"type":"Point","coordinates":[127.739995366,37.904771705]}},{"type":"Feature","id":"98d03700fcb45cb2ead7e72a7174b4be94b5753b40e7688824d60d27e9442be6-1","properties":{"facility_id":"98d03700fcb45cb2ead7e72a7174b4be94b5753b40e7688824d60d27e9442be6","point_ordinal":1,"zone_group_id":"511101000539","source_manage_no":"511101000539","facility_name":"송화초등학교","sgg_code":"51110","facility_type_code":"1","api_first_registered_on":"1998-01-01","api_last_modified_on":null,"updated_at":"2026-07-25T01:27:52.347112+00:00"},"geometry":{"type":"Point","coordinates":[127.708036364,37.987822354]}},{"type":"Feature","id":"018aa879ca10f5a2988550322684905062f429eb16059575f4658d5f8851ce24-1","properties":{"facility_id":"018aa879ca10f5a2988550322684905062f429eb16059575f4658d5f8851ce24","point_ordinal":1,"zone_group_id":"511101000540","source_manage_no":"511101000540","facility_name":"송화초등학교 병설유치원","sgg_code":"51110","facility_type_code":"1","api_first_registered_on":"1998-01-01","api_last_modified_on":null,"updated_at":"2026-07-25T01:27:52.347112+00:00"},"geometry":{"type":"Point","coordinates":[127.708020221,37.9879193]}},{"type":"Feature","id":"dec8cad9c27672f9aba4dd6a447e2b0d9fe0d54a2213f5eb906924d700acaf18-1","properties":{"facility_id":"dec8cad9c27672f9aba4dd6a447e2b0d9fe0d54a2213f5eb906924d700acaf18","point_ordinal":1,"zone_group_id":"511101000592","source_manage_no":"511101000592","facility_name":"신남초등학교","sgg_code":"51110","facility_type_code":"1","api_first_registered_on":"1997-01-01","api_last_modified_on":null,"updated_at":"2026-07-25T01:27:52.347112+00:00"},"geometry":{"type":"Point","coordinates":[127.711460695,37.842807899]}},{"type":"Feature","id":"329be9c7ad586c57cc655ce60add6c0ebcb841e7e3f7c2b7081d81f855e70559-1","properties":{"facility_id":"329be9c7ad586c57cc655ce60add6c0ebcb841e7e3f7c2b7081d81f855e70559","point_ordinal":1,"zone_group_id":"511101027561","source_manage_no":"511101027561","facility_name":"신동초등학교","sgg_code":"51110","facility_type_code":"1","api_first_registered_on":"2024-09-26","api_last_modified_on":"2025-04-17","updated_at":"2026-07-25T01:27:52.347112+00:00"},"geometry":{"type":"Point","coordinates":[127.733066507,37.912315003]}},{"type":"Feature","id":"7b786797ebd67c0871e2bf4efd035594f36a5335d3344ca77e17561fab10250b-1","properties":{"facility_id":"7b786797ebd67c0871e2bf4efd035594f36a5335d3344ca77e17561fab10250b","point_ordinal":1,"zone_group_id":"511101028971","source_manage_no":"511101028971","facility_name":"신동초등학교병설유치원","sgg_code":"51110","facility_type_code":"1","api_first_registered_on":null,"api_last_modified_on":"2025-03-28","updated_at":"2026-07-25T01:27:52.347112+00:00"},"geometry":{"type":"Point","coordinates":[127.733063721,37.911952161]}},{"type":"Feature","id":"cd3f5fb382b1010dce57650bf68765284c1f31f71054a222cb7579a3a672a2bb-1","properties":{"facility_id":"cd3f5fb382b1010dce57650bf68765284c1f31f71054a222cb7579a3a672a2bb","point_ordinal":1,"zone_group_id":"511102000552","source_manage_no":"511102000552","facility_name":"신매3리 경로당","sgg_code":"51110","facility_type_code":"2","api_first_registered_on":"2017-11-02","api_last_modified_on":"2025-06-02","updated_at":"2026-07-25T01:27:52.347112+00:00"},"geometry":{"type":"Point","coordinates":[127.711491612,37.918260685]}},{"type":"Feature","id":"90a470bb3bf978abe85c247dd5d243081c09bf55394b0097afbb6cf14262b310-1","properties":{"facility_id":"90a470bb3bf978abe85c247dd5d243081c09bf55394b0097afbb6cf14262b310","point_ordinal":1,"zone_group_id":"511102026156","source_manage_no":"511102026156","facility_name":"신촌1리 경로당","sgg_code":"51110","facility_type_code":"2","api_first_registered_on":"2022-09-29","api_last_modified_on":"2025-06-02","updated_at":"2026-07-25T01:27:52.347112+00:00"},"geometry":{"type":"Point","coordinates":[127.781073834,37.853887404]}},{"type":"Feature","id":"19081dd3a3d85bb48ea0e3b3e13221082a0fd0b6399296e51832399fd69cb887-1","properties":{"facility_id":"19081dd3a3d85bb48ea0e3b3e13221082a0fd0b6399296e51832399fd69cb887","point_ordinal":1,"zone_group_id":"511101000599","source_manage_no":"511101000599","facility_name":"아이사랑","sgg_code":"51110","facility_type_code":"1","api_first_registered_on":"2006-01-01","api_last_modified_on":null,"updated_at":"2026-07-25T01:27:52.347112+00:00"},"geometry":{"type":"Point","coordinates":[127.72242451,37.857564641]}},{"type":"Feature","id":"ed0cb85060ec41426879aef502f97e03a50e3641453a39cfd3fa5bd3afc60dc5-1","properties":{"facility_id":"ed0cb85060ec41426879aef502f97e03a50e3641453a39cfd3fa5bd3afc60dc5","point_ordinal":1,"zone_group_id":"511101000586","source_manage_no":"511101000586","facility_name":"열린유치원","sgg_code":"51110","facility_type_code":"1","api_first_registered_on":"2006-01-01","api_last_modified_on":null,"updated_at":"2026-07-25T01:27:52.347112+00:00"},"geometry":{"type":"Point","coordinates":[127.721158789,37.862002328]}},{"type":"Feature","id":"c63954b778b0462b53a4c43a8be9398ff4061a3ca3c3d9b0b0be992188e90f93-1","properties":{"facility_id":"c63954b778b0462b53a4c43a8be9398ff4061a3ca3c3d9b0b0be992188e90f93","point_ordinal":1,"zone_group_id":"511101000600","source_manage_no":"511101000600","facility_name":"예원유치원","sgg_code":"51110","facility_type_code":"1","api_first_registered_on":"2013-06-13","api_last_modified_on":null,"updated_at":"2026-07-25T01:27:52.347112+00:00"},"geometry":{"type":"Point","coordinates":[127.734336366,37.856438363]}},{"type":"Feature","id":"4c79a695c12aeba6fcf6211cac3b73e20c8bad5edb406ea9483407787211f858-1","properties":{"facility_id":"4c79a695c12aeba6fcf6211cac3b73e20c8bad5edb406ea9483407787211f858","point_ordinal":1,"zone_group_id":"511101000523","source_manage_no":"511101000523","facility_name":"예초유치원","sgg_code":"51110","facility_type_code":"1","api_first_registered_on":"2015-09-16","api_last_modified_on":null,"updated_at":"2026-07-25T01:27:52.347112+00:00"},"geometry":{"type":"Point","coordinates":[127.753869867,37.856602395]}},{"type":"Feature","id":"bbd29f34dcb3872f275e7c005ce91fc6579b535f8c85cd946a3a2e9068b79415-1","properties":{"facility_id":"bbd29f34dcb3872f275e7c005ce91fc6579b535f8c85cd946a3a2e9068b79415","point_ordinal":1,"zone_group_id":"511101000572","source_manage_no":"511101000572","facility_name":"오동초등학교","sgg_code":"51110","facility_type_code":"1","api_first_registered_on":"2003-01-01","api_last_modified_on":null,"updated_at":"2026-07-25T01:27:52.347112+00:00"},"geometry":{"type":"Point","coordinates":[127.758361109,37.951592711]}},{"type":"Feature","id":"db893a83591814053af5da80971de4fbb6bc5e954cb1d4be8a46f677df51c23e-1","properties":{"facility_id":"db893a83591814053af5da80971de4fbb6bc5e954cb1d4be8a46f677df51c23e","point_ordinal":1,"zone_group_id":"511101000573","source_manage_no":"511101000573","facility_name":"오동초등학교 병설유치원","sgg_code":"51110","facility_type_code":"1","api_first_registered_on":"2003-01-01","api_last_modified_on":null,"updated_at":"2026-07-25T01:27:52.347112+00:00"},"geometry":{"type":"Point","coordinates":[127.758365639,37.951480067]}},{"type":"Feature","id":"3ae1092373c880ab2d8d95298210b2552db90e2c75af7df43cff61a632dad3b2-1","properties":{"facility_id":"3ae1092373c880ab2d8d95298210b2552db90e2c75af7df43cff61a632dad3b2","point_ordinal":1,"zone_group_id":"511102024377","source_manage_no":"511102024377","facility_name":"오탄1리 경로당","sgg_code":"51110","facility_type_code":"2","api_first_registered_on":"2021-09-06","api_last_modified_on":"2025-06-02","updated_at":"2026-07-25T01:27:52.347112+00:00"},"geometry":{"type":"Point","coordinates":[127.621876399,38.041957781]}},{"type":"Feature","id":"e477b80b112134a87eb743cd4380fe10832131e89a7b8de8f1cd077d13f78bc8-1","properties":{"facility_id":"e477b80b112134a87eb743cd4380fe10832131e89a7b8de8f1cd077d13f78bc8","point_ordinal":1,"zone_group_id":"511102026163","source_manage_no":"511102026163","facility_name":"오탄2리 마을회관","sgg_code":"51110","facility_type_code":"2","api_first_registered_on":"2023-03-10","api_last_modified_on":"2025-06-02","updated_at":"2026-07-25T01:27:52.347112+00:00"},"geometry":{"type":"Point","coordinates":[127.602862552,38.051863325]}},{"type":"Feature","id":"1918b7d66744ccf16529e4e1f161f41a9926aac30cdefda26f9b3519aded82e5-1","properties":{"facility_id":"1918b7d66744ccf16529e4e1f161f41a9926aac30cdefda26f9b3519aded82e5","point_ordinal":1,"zone_group_id":"511101027224","source_manage_no":"511101027224","facility_name":"온의유치원","sgg_code":"51110","facility_type_code":"1","api_first_registered_on":"2024-05-27","api_last_modified_on":null,"updated_at":"2026-07-25T01:27:52.347112+00:00"},"geometry":{"type":"Point","coordinates":[127.711609659,37.867338174]}},{"type":"Feature","id":"37eabf8c4e62fb687465d616b0bae9b546be022796f638e50a7d41c617d49a6f-1","properties":{"facility_id":"37eabf8c4e62fb687465d616b0bae9b546be022796f638e50a7d41c617d49a6f","point_ordinal":1,"zone_group_id":"511102028945","source_manage_no":"511102028945","facility_name":"올미경로당","sgg_code":"51110","facility_type_code":"2","api_first_registered_on":null,"api_last_modified_on":"2025-03-28","updated_at":"2026-07-25T01:27:52.347112+00:00"},"geometry":{"type":"Point","coordinates":[127.737619041,37.926545945]}},{"type":"Feature","id":"b411ec3201c700f007e3cefaa34b3db51178db63c80d33e5a8f93f209009e8ca-1","properties":{"facility_id":"b411ec3201c700f007e3cefaa34b3db51178db63c80d33e5a8f93f209009e8ca","point_ordinal":1,"zone_group_id":"511101000589","source_manage_no":"511101000589","facility_name":"우두나무어린이집","sgg_code":"51110","facility_type_code":"1","api_first_registered_on":"2018-05-10","api_last_modified_on":null,"updated_at":"2026-07-25T01:27:52.347112+00:00"},"geometry":{"type":"Point","coordinates":[127.738046671,37.911387119]}},{"type":"Feature","id":"712a7340b1f3467712997fb518d0808e9e97b5863f248726cecbef76314c2de6-1","properties":{"facility_id":"712a7340b1f3467712997fb518d0808e9e97b5863f248726cecbef76314c2de6","point_ordinal":1,"zone_group_id":"511101000559","source_manage_no":"511101000559","facility_name":"우리유치원","sgg_code":"51110","facility_type_code":"1","api_first_registered_on":"2006-01-01","api_last_modified_on":null,"updated_at":"2026-07-25T01:27:52.347112+00:00"},"geometry":{"type":"Point","coordinates":[127.750143927,37.848802361]}},{"type":"Feature","id":"92e5efbe77e4e3c55b704f2b0b1d28cab31cf9e99cc38e3e3099574334f3f356-1","properties":{"facility_id":"92e5efbe77e4e3c55b704f2b0b1d28cab31cf9e99cc38e3e3099574334f3f356","point_ordinal":1,"zone_group_id":"511101000560","source_manage_no":"511101000560","facility_name":"우석초등학교","sgg_code":"51110","facility_type_code":"1","api_first_registered_on":"1999-01-01","api_last_modified_on":null,"updated_at":"2026-07-25T01:27:52.347112+00:00"},"geometry":{"type":"Point","coordinates":[127.749728852,37.864693719]}},{"type":"Feature","id":"d76b3f2e061bf0be0c4a4d50c35860941356b01d41d839e0e5e31151e1a67928-1","properties":{"facility_id":"d76b3f2e061bf0be0c4a4d50c35860941356b01d41d839e0e5e31151e1a67928","point_ordinal":1,"zone_group_id":"511101000606","source_manage_no":"511101000606","facility_name":"월드비전 춘천어린이집","sgg_code":"51110","facility_type_code":"1","api_first_registered_on":"2006-01-01","api_last_modified_on":null,"updated_at":"2026-07-25T01:27:52.347112+00:00"},"geometry":{"type":"Point","coordinates":[127.722783907,37.8703241]}},{"type":"Feature","id":"2854a503e9879c1a7f47bc51264549056fc85830b94019f36fbb137b1c600f82-1","properties":{"facility_id":"2854a503e9879c1a7f47bc51264549056fc85830b94019f36fbb137b1c600f82","point_ordinal":1,"zone_group_id":"511102000607","source_manage_no":"511102000607","facility_name":"월드비젼주간보호센터","sgg_code":"51110","facility_type_code":"2","api_first_registered_on":null,"api_last_modified_on":"2025-06-02","updated_at":"2026-07-25T01:27:52.347112+00:00"},"geometry":{"type":"Point","coordinates":[127.722713445,37.870347887]}},{"type":"Feature","id":"3a5e10861a38b030235bc6a1cf13cf92ebbd160903effd638b01bcdffee86ea8-1","properties":{"facility_id":"3a5e10861a38b030235bc6a1cf13cf92ebbd160903effd638b01bcdffee86ea8","point_ordinal":1,"zone_group_id":"511102022826","source_manage_no":"511102022826","facility_name":"유포1리경로당","sgg_code":"51110","facility_type_code":"2","api_first_registered_on":"2019-01-30","api_last_modified_on":"2025-06-02","updated_at":"2026-07-25T01:27:52.347112+00:00"},"geometry":{"type":"Point","coordinates":[127.76355925,37.950496281]}},{"type":"Feature","id":"5e4aac54f6216533dbb570e032c9201023964a50c9991e508f5d999726268e17-1","properties":{"facility_id":"5e4aac54f6216533dbb570e032c9201023964a50c9991e508f5d999726268e17","point_ordinal":1,"zone_group_id":"511101000524","source_manage_no":"511101000524","facility_name":"은빛유치원","sgg_code":"51110","facility_type_code":"1","api_first_registered_on":"2010-01-01","api_last_modified_on":null,"updated_at":"2026-07-25T01:27:52.347112+00:00"},"geometry":{"type":"Point","coordinates":[127.756217717,37.854571836]}},{"type":"Feature","id":"f50c40d6b1d5ea2223b18921592fcaaf925ca6d356c291aa37a77c1afbc43dbd-1","properties":{"facility_id":"f50c40d6b1d5ea2223b18921592fcaaf925ca6d356c291aa37a77c1afbc43dbd","point_ordinal":1,"zone_group_id":"511101022823","source_manage_no":"511101022823","facility_name":"은영어린이집","sgg_code":"51110","facility_type_code":"1","api_first_registered_on":"2020-11-30","api_last_modified_on":null,"updated_at":"2026-07-25T01:27:52.347112+00:00"},"geometry":{"type":"Point","coordinates":[127.754527188,37.871375543]}},{"type":"Feature","id":"0971532d1e373fba60006612dcd3d0fc477afebbadf293916c8db3205747095d-1","properties":{"facility_id":"0971532d1e373fba60006612dcd3d0fc477afebbadf293916c8db3205747095d","point_ordinal":1,"zone_group_id":"511101022820","source_manage_no":"511101022820","facility_name":"은혜어린이집","sgg_code":"51110","facility_type_code":"1","api_first_registered_on":"2019-01-15","api_last_modified_on":null,"updated_at":"2026-07-25T01:27:52.347112+00:00"},"geometry":{"type":"Point","coordinates":[127.741132746,37.875631657]}},{"type":"Feature","id":"2c326e064fb9ccac0f3ee8315b18c77861491be1c96a135049569f3a49fa3549-1","properties":{"facility_id":"2c326e064fb9ccac0f3ee8315b18c77861491be1c96a135049569f3a49fa3549","point_ordinal":1,"zone_group_id":"511101022821","source_manage_no":"511101022821","facility_name":"이안키즈어린이집","sgg_code":"51110","facility_type_code":"1","api_first_registered_on":"2019-12-19","api_last_modified_on":null,"updated_at":"2026-07-25T01:27:52.347112+00:00"},"geometry":{"type":"Point","coordinates":[127.731953153,37.85803587]}},{"type":"Feature","id":"0ab81e49058e11e0c7888cb00a73e2e53a2a1589c14f8030a29c5ac503504576-1","properties":{"facility_id":"0ab81e49058e11e0c7888cb00a73e2e53a2a1589c14f8030a29c5ac503504576","point_ordinal":1,"zone_group_id":"511101000531","source_manage_no":"511101000531","facility_name":"장학초등학교","sgg_code":"51110","facility_type_code":"1","api_first_registered_on":"2014-10-30","api_last_modified_on":null,"updated_at":"2026-07-25T01:27:52.347112+00:00"},"geometry":{"type":"Point","coordinates":[127.752308229,37.895173619]}},{"type":"Feature","id":"8e7411c848da715b98a87d87210c084c578885901ca959319ef162fdbf470058-1","properties":{"facility_id":"8e7411c848da715b98a87d87210c084c578885901ca959319ef162fdbf470058","point_ordinal":1,"zone_group_id":"511102026162","source_manage_no":"511102026162","facility_name":"조교1리 경로당","sgg_code":"51110","facility_type_code":"2","api_first_registered_on":"2023-03-10","api_last_modified_on":"2025-06-02","updated_at":"2026-07-25T01:27:52.347112+00:00"},"geometry":{"type":"Point","coordinates":[127.951725764,37.922210705]}},{"type":"Feature","id":"092afaf3a32b54d50fc265e2f973ae22036f322ef156b92d7df6021f7e010263-1","properties":{"facility_id":"092afaf3a32b54d50fc265e2f973ae22036f322ef156b92d7df6021f7e010263","point_ordinal":1,"zone_group_id":"511102025633","source_manage_no":"511102025633","facility_name":"조양1리 경로당","sgg_code":"51110","facility_type_code":"2","api_first_registered_on":"2021-10-01","api_last_modified_on":"2025-06-02","updated_at":"2026-07-25T01:27:52.347112+00:00"},"geometry":{"type":"Point","coordinates":[127.795341458,37.753485984]}},{"type":"Feature","id":"8c6ffc97c1901f5e742c2447de53191e72820e23a0ab93d70d494b0609485bb8-1","properties":{"facility_id":"8c6ffc97c1901f5e742c2447de53191e72820e23a0ab93d70d494b0609485bb8","point_ordinal":1,"zone_group_id":"511102027035","source_manage_no":"511102027035","facility_name":"조양2리경로당","sgg_code":"51110","facility_type_code":"2","api_first_registered_on":"2024-02-05","api_last_modified_on":"2025-06-02","updated_at":"2026-07-25T01:27:52.347112+00:00"},"geometry":{"type":"Point","coordinates":[127.795860752,37.745046557]}},{"type":"Feature","id":"fee97bb7e14fedfac9c118fa77360ff3d0336b53ef14615dea43471e8ad823d9-1","properties":{"facility_id":"fee97bb7e14fedfac9c118fa77360ff3d0336b53ef14615dea43471e8ad823d9","point_ordinal":1,"zone_group_id":"511101000534","source_manage_no":"511101000534","facility_name":"조양초등학교","sgg_code":"51110","facility_type_code":"1","api_first_registered_on":"2003-01-01","api_last_modified_on":null,"updated_at":"2026-07-25T01:27:52.347112+00:00"},"geometry":{"type":"Point","coordinates":[127.795632938,37.7512444]}},{"type":"Feature","id":"b561d1b7488cfb56f3b9dc17e7cb07bccabcdf27fc38e21182230cff067d0113-1","properties":{"facility_id":"b561d1b7488cfb56f3b9dc17e7cb07bccabcdf27fc38e21182230cff067d0113","point_ordinal":1,"zone_group_id":"511102029930","source_manage_no":"511102029930","facility_name":"증2리경로당","sgg_code":"51110","facility_type_code":"2","api_first_registered_on":"2025-12-15","api_last_modified_on":"2026-01-18","updated_at":"2026-07-25T01:27:52.347112+00:00"},"geometry":{"type":"Point","coordinates":[127.709483564,37.807738366]}},{"type":"Feature","id":"dccc17c04aec65084b4d67ee6880277ae7116224adbd8f64202204693b01561d-1","properties":{"facility_id":"dccc17c04aec65084b4d67ee6880277ae7116224adbd8f64202204693b01561d","point_ordinal":1,"zone_group_id":"511102022828","source_manage_no":"511102022828","facility_name":"지내1리경로당","sgg_code":"51110","facility_type_code":"2","api_first_registered_on":"2019-12-12","api_last_modified_on":"2025-06-02","updated_at":"2026-07-25T01:27:52.347112+00:00"},"geometry":{"type":"Point","coordinates":[127.730590733,37.961781638]}},{"type":"Feature","id":"f3734f5b99dcb830cfbc448d4034c12018bc1df467acf76fee9917c339d04fdd-1","properties":{"facility_id":"f3734f5b99dcb830cfbc448d4034c12018bc1df467acf76fee9917c339d04fdd","point_ordinal":1,"zone_group_id":"511102000574","source_manage_no":"511102000574","facility_name":"지내3리 경로당","sgg_code":"51110","facility_type_code":"2","api_first_registered_on":"2017-12-06","api_last_modified_on":"2025-06-02","updated_at":"2026-07-25T01:27:52.347112+00:00"},"geometry":{"type":"Point","coordinates":[127.731462912,37.948362901]}},{"type":"Feature","id":"01237c40b8499ca5535fd08044a1beda2ab388c568d70e39d692829636937dcd-1","properties":{"facility_id":"01237c40b8499ca5535fd08044a1beda2ab388c568d70e39d692829636937dcd","point_ordinal":1,"zone_group_id":"511102024376","source_manage_no":"511102024376","facility_name":"지촌3리 경로당","sgg_code":"51110","facility_type_code":"2","api_first_registered_on":"2021-09-06","api_last_modified_on":"2025-06-02","updated_at":"2026-07-25T01:27:52.347112+00:00"},"geometry":{"type":"Point","coordinates":[127.640492259,38.033677569]}},{"type":"Feature","id":"1c42fbff56db69f436af5f3493e8198db962cf4720664b6fb318092e18d6a2d3-1","properties":{"facility_id":"1c42fbff56db69f436af5f3493e8198db962cf4720664b6fb318092e18d6a2d3","point_ordinal":1,"zone_group_id":"511101000542","source_manage_no":"511101000542","facility_name":"지촌초등학교","sgg_code":"51110","facility_type_code":"1","api_first_registered_on":"1998-01-01","api_last_modified_on":null,"updated_at":"2026-07-25T01:27:52.347112+00:00"},"geometry":{"type":"Point","coordinates":[127.644977782,38.038126708]}},{"type":"Feature","id":"1719f147aa1575c6304bbdf5db0ce2bca81d45ad81ff4a274259b70beb28775d-1","properties":{"facility_id":"1719f147aa1575c6304bbdf5db0ce2bca81d45ad81ff4a274259b70beb28775d","point_ordinal":1,"zone_group_id":"511101000541","source_manage_no":"511101000541","facility_name":"지촌초등학교지암분교장","sgg_code":"51110","facility_type_code":"1","api_first_registered_on":"2009-01-01","api_last_modified_on":null,"updated_at":"2026-07-25T01:27:52.347112+00:00"},"geometry":{"type":"Point","coordinates":[127.606991691,37.981135129]}},{"type":"Feature","id":"701ccb8c8164c75ea5fc8ba1fea61c21e1659a481f9ca4b704acd054de31511d-1","properties":{"facility_id":"701ccb8c8164c75ea5fc8ba1fea61c21e1659a481f9ca4b704acd054de31511d","point_ordinal":1,"zone_group_id":"511101000575","source_manage_no":"511101000575","facility_name":"진실어린이집","sgg_code":"51110","facility_type_code":"1","api_first_registered_on":"2018-05-10","api_last_modified_on":null,"updated_at":"2026-07-25T01:27:52.347112+00:00"},"geometry":{"type":"Point","coordinates":[127.775784696,37.936640261]}},{"type":"Feature","id":"c8c9732292bc58107082644641417cfc81d77cec4f89051e63077fe23069e187-1","properties":{"facility_id":"c8c9732292bc58107082644641417cfc81d77cec4f89051e63077fe23069e187","point_ordinal":1,"zone_group_id":"511101026198","source_manage_no":"511101026198","facility_name":"진심어린이집","sgg_code":"51110","facility_type_code":"1","api_first_registered_on":"2023-03-28","api_last_modified_on":null,"updated_at":"2026-07-25T01:27:52.347112+00:00"},"geometry":{"type":"Point","coordinates":[127.725537278,37.88525952]}},{"type":"Feature","id":"45403cf99099a0756a7b385295e6656535da86e01ba9519f613ca5e095dbb5d0-1","properties":{"facility_id":"45403cf99099a0756a7b385295e6656535da86e01ba9519f613ca5e095dbb5d0","point_ordinal":1,"zone_group_id":"511101000576","source_manage_no":"511101000576","facility_name":"천전초등학교","sgg_code":"51110","facility_type_code":"1","api_first_registered_on":"1998-01-01","api_last_modified_on":null,"updated_at":"2026-07-25T01:27:52.347112+00:00"},"geometry":{"type":"Point","coordinates":[127.745670211,37.927422635]}},{"type":"Feature","id":"5b2a9b233b28e0f01fd0669cb1e42df35cc284b48e1023b19a84c991684ef5f9-1","properties":{"facility_id":"5b2a9b233b28e0f01fd0669cb1e42df35cc284b48e1023b19a84c991684ef5f9","point_ordinal":1,"zone_group_id":"511101000577","source_manage_no":"511101000577","facility_name":"천전초등학교 병설유치원","sgg_code":"51110","facility_type_code":"1","api_first_registered_on":"1998-01-01","api_last_modified_on":null,"updated_at":"2026-07-25T01:27:52.347112+00:00"},"geometry":{"type":"Point","coordinates":[127.745659656,37.927503785]}},{"type":"Feature","id":"61e8f774d566f237e3d1a7c5dae1b97fa36f36410a1c1903bc8a7b8360c204ec-1","properties":{"facility_id":"61e8f774d566f237e3d1a7c5dae1b97fa36f36410a1c1903bc8a7b8360c204ec","point_ordinal":1,"zone_group_id":"511101000537","source_manage_no":"511101000537","facility_name":"추곡초등학교","sgg_code":"51110","facility_type_code":"1","api_first_registered_on":"2003-01-01","api_last_modified_on":null,"updated_at":"2026-07-25T01:27:52.347112+00:00"},"geometry":{"type":"Point","coordinates":[127.882257063,38.02434731]}},{"type":"Feature","id":"c0ef88bf6eb88aeba0c333c28a2b56ba0dd0fa48e35f7b78db28252940a68b4b-1","properties":{"facility_id":"c0ef88bf6eb88aeba0c333c28a2b56ba0dd0fa48e35f7b78db28252940a68b4b","point_ordinal":1,"zone_group_id":"511101000538","source_manage_no":"511101000538","facility_name":"추곡초등학교 병설유치원","sgg_code":"51110","facility_type_code":"1","api_first_registered_on":"2003-01-01","api_last_modified_on":null,"updated_at":"2026-07-25T01:27:52.347112+00:00"},"geometry":{"type":"Point","coordinates":[127.882261029,38.024203136]}},{"type":"Feature","id":"44e5e5281e9e864c114bab84b286d34f0749a070307e1759aca9db840ddca77d-1","properties":{"facility_id":"44e5e5281e9e864c114bab84b286d34f0749a070307e1759aca9db840ddca77d","point_ordinal":1,"zone_group_id":"511101000518","source_manage_no":"511101000518","facility_name":"춘천YWCA어린이집","sgg_code":"51110","facility_type_code":"1","api_first_registered_on":"2006-01-01","api_last_modified_on":null,"updated_at":"2026-07-25T01:27:52.347112+00:00"},"geometry":{"type":"Point","coordinates":[127.759601919,37.832882744]}},{"type":"Feature","id":"53d2542a77a2c8df93d9862af52ef63ef03b62da0709d6c4f6d1c56537679b87-1","properties":{"facility_id":"53d2542a77a2c8df93d9862af52ef63ef03b62da0709d6c4f6d1c56537679b87","point_ordinal":1,"zone_group_id":"511101000614","source_manage_no":"511101000614","facility_name":"춘천계성학교","sgg_code":"51110","facility_type_code":"1","api_first_registered_on":"2009-01-01","api_last_modified_on":null,"updated_at":"2026-07-25T01:27:52.347112+00:00"},"geometry":{"type":"Point","coordinates":[127.751950025,37.871074745]}},{"type":"Feature","id":"36d4fe8439f530fc72910183cb8425ebc48903548bff3484b21e6dd6b82a3393-1","properties":{"facility_id":"36d4fe8439f530fc72910183cb8425ebc48903548bff3484b21e6dd6b82a3393","point_ordinal":1,"zone_group_id":"511101000603","source_manage_no":"511101000603","facility_name":"춘천교육대학교 부설초등학교","sgg_code":"51110","facility_type_code":"1","api_first_registered_on":"2004-01-01","api_last_modified_on":null,"updated_at":"2026-07-25T01:27:52.347112+00:00"},"geometry":{"type":"Point","coordinates":[127.73138862,37.869318593]}},{"type":"Feature","id":"6fcdb3e523c0799c1d458d2b0c32f8f7836f44dea8b11fa6920463480a328f92-1","properties":{"facility_id":"6fcdb3e523c0799c1d458d2b0c32f8f7836f44dea8b11fa6920463480a328f92","point_ordinal":1,"zone_group_id":"511102000585","source_manage_no":"511102000585","facility_name":"춘천남부노인복지관","sgg_code":"51110","facility_type_code":"2","api_first_registered_on":"2013-04-01","api_last_modified_on":"2025-06-02","updated_at":"2026-07-25T01:27:52.347112+00:00"},"geometry":{"type":"Point","coordinates":[127.719079771,37.868215376]}},{"type":"Feature","id":"f2461befd7cd30f56660d4c83518c9378a688b18b3a6dc1cb223278e7b573a1a-1","properties":{"facility_id":"f2461befd7cd30f56660d4c83518c9378a688b18b3a6dc1cb223278e7b573a1a","point_ordinal":1,"zone_group_id":"511102027036","source_manage_no":"511102027036","facility_name":"춘천노인대학","sgg_code":"51110","facility_type_code":"2","api_first_registered_on":"2024-02-05","api_last_modified_on":"2025-06-02","updated_at":"2026-07-25T01:27:52.347112+00:00"},"geometry":{"type":"Point","coordinates":[127.720817698,37.875770253]}},{"type":"Feature","id":"f77567e0070fcf4a156aaca2e5ed986b3059d4e25c0fe51660a1311b345c7cda-1","properties":{"facility_id":"f77567e0070fcf4a156aaca2e5ed986b3059d4e25c0fe51660a1311b345c7cda","point_ordinal":1,"zone_group_id":"511102000532","source_manage_no":"511102000532","facility_name":"춘천동부노인복지관","sgg_code":"51110","facility_type_code":"2","api_first_registered_on":"2011-02-01","api_last_modified_on":"2025-06-02","updated_at":"2026-07-25T01:27:52.347112+00:00"},"geometry":{"type":"Point","coordinates":[127.757674157,37.87979114]}},{"type":"Feature","id":"38dba2658a991ea7542d7d5d4628254a3f86c615138a9e9e42f67b188694ea73-1","properties":{"facility_id":"38dba2658a991ea7542d7d5d4628254a3f86c615138a9e9e42f67b188694ea73","point_ordinal":1,"zone_group_id":"511101000569","source_manage_no":"511101000569","facility_name":"춘천동원학교","sgg_code":"51110","facility_type_code":"1","api_first_registered_on":"2005-01-01","api_last_modified_on":null,"updated_at":"2026-07-25T01:27:52.347112+00:00"},"geometry":{"type":"Point","coordinates":[127.788379391,37.931770268]}},{"type":"Feature","id":"0a3f83b149ec66f472c2c2f909b62bf69dda737c3aada2cc23669b25bb48df3b-1","properties":{"facility_id":"0a3f83b149ec66f472c2c2f909b62bf69dda737c3aada2cc23669b25bb48df3b","point_ordinal":1,"zone_group_id":"511101000533","source_manage_no":"511101000533","facility_name":"춘천삼육초등학교","sgg_code":"51110","facility_type_code":"1","api_first_registered_on":"2008-01-01","api_last_modified_on":null,"updated_at":"2026-07-25T01:27:52.347112+00:00"},"geometry":{"type":"Point","coordinates":[127.75408083,37.911130334]}},{"type":"Feature","id":"a44208418bfbabf4c76db1fdc9285284cd335645309cd55c174d9200530ffde0-1","properties":{"facility_id":"a44208418bfbabf4c76db1fdc9285284cd335645309cd55c174d9200530ffde0","point_ordinal":1,"zone_group_id":"511102000561","source_manage_no":"511102000561","facility_name":"춘천시립양로원","sgg_code":"51110","facility_type_code":"2","api_first_registered_on":"2009-05-01","api_last_modified_on":null,"updated_at":"2026-07-25T01:27:52.347112+00:00"},"geometry":{"type":"Point","coordinates":[127.747609179,37.845400761]}},{"type":"Feature","id":"c13c1a86c9b02e02e3b9f6049ea26ced44fb58212d7ef5388af9ceff940d3a03-1","properties":{"facility_id":"c13c1a86c9b02e02e3b9f6049ea26ced44fb58212d7ef5388af9ceff940d3a03","point_ordinal":1,"zone_group_id":"511103029928","source_manage_no":"511103029928","facility_name":"춘천시장애인종합복지관","sgg_code":"51110","facility_type_code":"3","api_first_registered_on":null,"api_last_modified_on":"2026-01-18","updated_at":"2026-07-25T01:27:52.347112+00:00"},"geometry":{"type":"Point","coordinates":[127.755374546,37.846381085]}},{"type":"Feature","id":"0bc9cde12218392af1d4b69bc9a15d67a233d66d27dfe7b1e6c082485a0f041a-1","properties":{"facility_id":"0bc9cde12218392af1d4b69bc9a15d67a233d66d27dfe7b1e6c082485a0f041a","point_ordinal":1,"zone_group_id":"511101025014","source_manage_no":"511101025014","facility_name":"춘천시청 어린이집","sgg_code":"51110","facility_type_code":"1","api_first_registered_on":"2021-11-02","api_last_modified_on":null,"updated_at":"2026-07-25T01:27:52.347112+00:00"},"geometry":{"type":"Point","coordinates":[127.732556816,37.882121355]}},{"type":"Feature","id":"3b60173553d7e3c6704df9e87c95049b3082ef7129fa9b185e5b4fc3361fd6cb-1","properties":{"facility_id":"3b60173553d7e3c6704df9e87c95049b3082ef7129fa9b185e5b4fc3361fd6cb","point_ordinal":1,"zone_group_id":"511101000563","source_manage_no":"511101000563","facility_name":"춘천중앙초등학교","sgg_code":"51110","facility_type_code":"1","api_first_registered_on":"2003-01-01","api_last_modified_on":null,"updated_at":"2026-07-25T01:27:52.347112+00:00"},"geometry":{"type":"Point","coordinates":[127.723848565,37.879146188]}},{"type":"Feature","id":"73ac2007128e393a6bb35d5d30376f5db77e2c7b7b248f51e205e960d7ae1077-1","properties":{"facility_id":"73ac2007128e393a6bb35d5d30376f5db77e2c7b7b248f51e205e960d7ae1077","point_ordinal":1,"zone_group_id":"511102027036","source_manage_no":"511101000584","facility_name":"춘천초등학교","sgg_code":"51110","facility_type_code":"1","api_first_registered_on":"2006-01-01","api_last_modified_on":null,"updated_at":"2026-07-25T01:27:52.347112+00:00"},"geometry":{"type":"Point","coordinates":[127.72199241,37.874554296]}},{"type":"Feature","id":"9c471a85e554f4c151390aac22fd6860c2dfee3bb49f6c98dd3123b5b5c115e2-1","properties":{"facility_id":"9c471a85e554f4c151390aac22fd6860c2dfee3bb49f6c98dd3123b5b5c115e2","point_ordinal":1,"zone_group_id":"511102000590","source_manage_no":"511102000590","facility_name":"춘천희망복지센터","sgg_code":"51110","facility_type_code":"2","api_first_registered_on":"2016-05-16","api_last_modified_on":"2025-06-02","updated_at":"2026-07-25T01:27:52.347112+00:00"},"geometry":{"type":"Point","coordinates":[127.732304389,37.875261043]}},{"type":"Feature","id":"966d0c8f63e03100b5becaca8c8109dcda30feafa7f09d76838d1d6853bd19ab-1","properties":{"facility_id":"966d0c8f63e03100b5becaca8c8109dcda30feafa7f09d76838d1d6853bd19ab","point_ordinal":1,"zone_group_id":"511101000602","source_manage_no":"511101000602","facility_name":"퇴계봄내","sgg_code":"51110","facility_type_code":"1","api_first_registered_on":"2017-10-10","api_last_modified_on":"2025-04-17","updated_at":"2026-07-25T01:27:52.347112+00:00"},"geometry":{"type":"Point","coordinates":[127.7419606,37.848981695]}},{"type":"Feature","id":"41434c14b4488ad0d3269990764e50f0ed0069b06e6398e6a8f8309498ea439a-1","properties":{"facility_id":"41434c14b4488ad0d3269990764e50f0ed0069b06e6398e6a8f8309498ea439a","point_ordinal":1,"zone_group_id":"511101000601","source_manage_no":"511101000601","facility_name":"퇴계연꽃어린이집","sgg_code":"51110","facility_type_code":"1","api_first_registered_on":"2006-01-01","api_last_modified_on":null,"updated_at":"2026-07-25T01:27:52.347112+00:00"},"geometry":{"type":"Point","coordinates":[127.736452393,37.846856776]}},{"type":"Feature","id":"2a7331695821bf1159d142fd1c8c7160174a4c65fddd49b99c4ebdd48d84ff4c-1","properties":{"facility_id":"2a7331695821bf1159d142fd1c8c7160174a4c65fddd49b99c4ebdd48d84ff4c","point_ordinal":1,"zone_group_id":"511101022851","source_manage_no":"511101022851","facility_name":"퇴계초중학교","sgg_code":"51110","facility_type_code":"1","api_first_registered_on":"2021-03-10","api_last_modified_on":null,"updated_at":"2026-07-25T01:27:52.347112+00:00"},"geometry":{"type":"Point","coordinates":[127.731773188,37.856337071]}},{"type":"Feature","id":"e910c394ff3f2034dfb958509638a4ae622ac561a2b1bd113d7a95b525e32de9-1","properties":{"facility_id":"e910c394ff3f2034dfb958509638a4ae622ac561a2b1bd113d7a95b525e32de9","point_ordinal":1,"zone_group_id":"511102028944","source_manage_no":"511102028944","facility_name":"팔미3리 마을회관","sgg_code":"51110","facility_type_code":"2","api_first_registered_on":null,"api_last_modified_on":"2025-03-28","updated_at":"2026-07-25T01:27:52.347112+00:00"},"geometry":{"type":"Point","coordinates":[127.699556251,37.815765109]}},{"type":"Feature","id":"728db18bc83c73a17985dc47fb62f7c68e010772a6129e4f5c96734969972230-1","properties":{"facility_id":"728db18bc83c73a17985dc47fb62f7c68e010772a6129e4f5c96734969972230","point_ordinal":1,"zone_group_id":"511101026370","source_manage_no":"511101026370","facility_name":"피노키오어린이집","sgg_code":"51110","facility_type_code":"1","api_first_registered_on":"2023-05-19","api_last_modified_on":null,"updated_at":"2026-07-25T01:27:52.347112+00:00"},"geometry":{"type":"Point","coordinates":[127.705758599,37.867230778]}},{"type":"Feature","id":"79b73ba26680618319694014193924c9b35f922eae82f842f2f9910c1186c553-1","properties":{"facility_id":"79b73ba26680618319694014193924c9b35f922eae82f842f2f9910c1186c553","point_ordinal":1,"zone_group_id":"511101022822","source_manage_no":"511101022822","facility_name":"하은어린이집","sgg_code":"51110","facility_type_code":"1","api_first_registered_on":"2020-12-01","api_last_modified_on":null,"updated_at":"2026-07-25T01:27:52.347112+00:00"},"geometry":{"type":"Point","coordinates":[127.746870465,37.847638101]}},{"type":"Feature","id":"9fb226eb15e0af27013360c533e116e81ca204b379d4cd0f237633c845313470-1","properties":{"facility_id":"9fb226eb15e0af27013360c533e116e81ca204b379d4cd0f237633c845313470","point_ordinal":1,"zone_group_id":"511102022830","source_manage_no":"511102022830","facility_name":"한계울경로당","sgg_code":"51110","facility_type_code":"2","api_first_registered_on":"2021-01-15","api_last_modified_on":"2025-06-02","updated_at":"2026-07-25T01:27:52.347112+00:00"},"geometry":{"type":"Point","coordinates":[127.727593923,37.940209615]}},{"type":"Feature","id":"db3b75ab277359229183576f3b09715a019abe0ffbd85c52cff1feecdbe94929-1","properties":{"facility_id":"db3b75ab277359229183576f3b09715a019abe0ffbd85c52cff1feecdbe94929","point_ordinal":1,"zone_group_id":"511102028946","source_manage_no":"511102028946","facility_name":"한덕리경로당","sgg_code":"51110","facility_type_code":"2","api_first_registered_on":null,"api_last_modified_on":"2025-03-28","updated_at":"2026-07-25T01:27:52.347112+00:00"},"geometry":{"type":"Point","coordinates":[127.615195362,37.680776552]}},{"type":"Feature","id":"fc9d1175d014d23db315275edb5a1448afc1627e10f0794227cff1e270290369-1","properties":{"facility_id":"fc9d1175d014d23db315275edb5a1448afc1627e10f0794227cff1e270290369","point_ordinal":1,"zone_group_id":"511101000578","source_manage_no":"511101000578","facility_name":"한솔어린이집","sgg_code":"51110","facility_type_code":"1","api_first_registered_on":"2013-01-01","api_last_modified_on":null,"updated_at":"2026-07-25T01:27:52.347112+00:00"},"geometry":{"type":"Point","coordinates":[127.751161117,37.934135709]}},{"type":"Feature","id":"3ad9f497d698052efd673ada3ede9847aba209cd6ede0c899bf5904bf8eb7b16-1","properties":{"facility_id":"3ad9f497d698052efd673ada3ede9847aba209cd6ede0c899bf5904bf8eb7b16","point_ordinal":1,"zone_group_id":"511101026155","source_manage_no":"511101026155","facility_name":"해나어린이집","sgg_code":"51110","facility_type_code":"1","api_first_registered_on":"2023-02-17","api_last_modified_on":null,"updated_at":"2026-07-25T01:27:52.347112+00:00"},"geometry":{"type":"Point","coordinates":[127.732906371,37.902763938]}},{"type":"Feature","id":"866d012c761aa9482587b64b40bbf3dc9d5de80d4ff6883c3e9d65a6da620db7-1","properties":{"facility_id":"866d012c761aa9482587b64b40bbf3dc9d5de80d4ff6883c3e9d65a6da620db7","point_ordinal":1,"zone_group_id":"511102000553","source_manage_no":"511102000553","facility_name":"행복이가득한집","sgg_code":"51110","facility_type_code":"2","api_first_registered_on":"2016-05-16","api_last_modified_on":"2025-06-02","updated_at":"2026-07-25T01:27:52.347112+00:00"},"geometry":{"type":"Point","coordinates":[127.686250685,37.888713538]}},{"type":"Feature","id":"8243c86898711e6e40a05da720880b4c2d44477828b7cf34d1a03cf538db0810-1","properties":{"facility_id":"8243c86898711e6e40a05da720880b4c2d44477828b7cf34d1a03cf538db0810","point_ordinal":1,"zone_group_id":"511101000617","source_manage_no":"511101000617","facility_name":"호반초등학교","sgg_code":"51110","facility_type_code":"1","api_first_registered_on":"2002-01-01","api_last_modified_on":null,"updated_at":"2026-07-25T01:27:52.347112+00:00"},"geometry":{"type":"Point","coordinates":[127.759827759,37.874576854]}},{"type":"Feature","id":"d3f83d99e2a678ea022a427460b5358addf2be5912e78e312fb509fcbceda256-1","properties":{"facility_id":"d3f83d99e2a678ea022a427460b5358addf2be5912e78e312fb509fcbceda256","point_ordinal":1,"zone_group_id":"511101000608","source_manage_no":"511101000608","facility_name":"효자어린이집","sgg_code":"51110","facility_type_code":"1","api_first_registered_on":"2006-01-01","api_last_modified_on":null,"updated_at":"2026-07-25T01:27:52.347112+00:00"},"geometry":{"type":"Point","coordinates":[127.731526991,37.867443472]}},{"type":"Feature","id":"a7d4f260a8f1aca3fa39df0ef776dea6a6f02f6e158fec54e3e2a49808455884-1","properties":{"facility_id":"a7d4f260a8f1aca3fa39df0ef776dea6a6f02f6e158fec54e3e2a49808455884","point_ordinal":1,"zone_group_id":"511101000604","source_manage_no":"511101000604","facility_name":"효제초등학교","sgg_code":"51110","facility_type_code":"1","api_first_registered_on":"1999-01-01","api_last_modified_on":null,"updated_at":"2026-07-25T01:27:52.347112+00:00"},"geometry":{"type":"Point","coordinates":[127.738041098,37.870978661]}},{"type":"Feature","id":"96f22df6cf827fbd8d7fea5f404fed86fe7b970b008b6200732fbf5fa1e779e7-1","properties":{"facility_id":"96f22df6cf827fbd8d7fea5f404fed86fe7b970b008b6200732fbf5fa1e779e7","point_ordinal":1,"zone_group_id":"511102024042","source_manage_no":"511102024042","facility_name":"후동2리 경로당","sgg_code":"51110","facility_type_code":"2","api_first_registered_on":"2021-07-09","api_last_modified_on":"2025-06-02","updated_at":"2026-07-25T01:27:52.347112+00:00"},"geometry":{"type":"Point","coordinates":[127.630532613,37.747180521]}},{"type":"Feature","id":"0bbf9d654bc113c7b8b7084dd3d3ba63851113a91039d67a0b8c7680a617b8f3-1","properties":{"facility_id":"0bbf9d654bc113c7b8b7084dd3d3ba63851113a91039d67a0b8c7680a617b8f3","point_ordinal":1,"zone_group_id":"511101000617","source_manage_no":"511101000619","facility_name":"후평숲속유치원","sgg_code":"51110","facility_type_code":"1","api_first_registered_on":"2016-03-23","api_last_modified_on":null,"updated_at":"2026-07-25T01:27:52.347112+00:00"},"geometry":{"type":"Point","coordinates":[127.758431871,37.87808519]}},{"type":"Feature","id":"338b943d3e69a3427e7794d116bd67084a94e882bb1342fb0639711308cab2f6-1","properties":{"facility_id":"338b943d3e69a3427e7794d116bd67084a94e882bb1342fb0639711308cab2f6","point_ordinal":1,"zone_group_id":"511101000613","source_manage_no":"511101000613","facility_name":"후평초등학교","sgg_code":"51110","facility_type_code":"1","api_first_registered_on":"2006-01-01","api_last_modified_on":null,"updated_at":"2026-07-25T01:27:52.347112+00:00"},"geometry":{"type":"Point","coordinates":[127.744138008,37.882856035]}},{"type":"Feature","id":"8507b2a159588369cae945c24b4f38a230cb75b086266dc64602fd30d4fff340-1","properties":{"facility_id":"8507b2a159588369cae945c24b4f38a230cb75b086266dc64602fd30d4fff340","point_ordinal":1,"zone_group_id":"511302029405","source_manage_no":"511302029405","facility_name":"간현2리 경로당","sgg_code":"51130","facility_type_code":"2","api_first_registered_on":"2025-06-10","api_last_modified_on":"2025-08-01","updated_at":"2026-07-25T01:27:52.347112+00:00"},"geometry":{"type":"Point","coordinates":[127.850580718,37.349590968]}},{"type":"Feature","id":"018e1030a9b4cdcc49ae5f8d610e6e2e89edb3a3606cea628b1a93034a881b1f-1","properties":{"facility_id":"018e1030a9b4cdcc49ae5f8d610e6e2e89edb3a3606cea628b1a93034a881b1f","point_ordinal":1,"zone_group_id":"511301000282","source_manage_no":"511301000281","facility_name":"강남키즈랜드어린이집","sgg_code":"51130","facility_type_code":"1","api_first_registered_on":"2010-12-21","api_last_modified_on":null,"updated_at":"2026-07-25T01:27:52.347112+00:00"},"geometry":{"type":"Point","coordinates":[127.935764014,37.359502581]}},{"type":"Feature","id":"105118f13fbba0f54187465e094df5251e1e1bd6be54ee9b2c54f3eac3b58478-1","properties":{"facility_id":"105118f13fbba0f54187465e094df5251e1e1bd6be54ee9b2c54f3eac3b58478","point_ordinal":1,"zone_group_id":"511301000393","source_manage_no":"511301000393","facility_name":"고산초등학교","sgg_code":"51130","facility_type_code":"1","api_first_registered_on":"2007-11-12","api_last_modified_on":null,"updated_at":"2026-07-25T01:27:52.347112+00:00"},"geometry":{"type":"Point","coordinates":[127.927859096,37.446127116]}},{"type":"Feature","id":"ea6cfcb37ff3c7c7653bfa2ce42aa0c0139b83a2f8940a883fd6f21dc1b333c4-1","properties":{"facility_id":"ea6cfcb37ff3c7c7653bfa2ce42aa0c0139b83a2f8940a883fd6f21dc1b333c4","point_ordinal":1,"zone_group_id":"511301000393","source_manage_no":"511301026230","facility_name":"고산초등학교 병설유치원","sgg_code":"51130","facility_type_code":"1","api_first_registered_on":null,"api_last_modified_on":null,"updated_at":"2026-07-25T01:27:52.347112+00:00"},"geometry":{"type":"Point","coordinates":[127.927331368,37.445944304]}},{"type":"Feature","id":"43d30d069902a33bc3a8790e0189f31314ed0245e56f3f04aa53ece4df21e50d-1","properties":{"facility_id":"43d30d069902a33bc3a8790e0189f31314ed0245e56f3f04aa53ece4df21e50d","point_ordinal":1,"zone_group_id":"511301000277","source_manage_no":"511301000277","facility_name":"관설초등학교","sgg_code":"51130","facility_type_code":"1","api_first_registered_on":"1996-05-31","api_last_modified_on":null,"updated_at":"2026-07-25T01:27:52.347112+00:00"},"geometry":{"type":"Point","coordinates":[127.976145501,37.308760655]}},{"type":"Feature","id":"a64e33e3170c6a5f93a7d025ce8dcba2d55ecfac1ad86c4e060cb6f900b8801b-1","properties":{"facility_id":"a64e33e3170c6a5f93a7d025ce8dcba2d55ecfac1ad86c4e060cb6f900b8801b","point_ordinal":1,"zone_group_id":"511302026043","source_manage_no":"511302026043","facility_name":"광터경로당","sgg_code":"51130","facility_type_code":"2","api_first_registered_on":"2022-11-30","api_last_modified_on":null,"updated_at":"2026-07-25T01:27:52.347112+00:00"},"geometry":{"type":"Point","coordinates":[127.87965767,37.344328863]}},{"type":"Feature","id":"69456267a38c1dab3b3436ddb30f31a292864a858a2743508668ad762bafe196-1","properties":{"facility_id":"69456267a38c1dab3b3436ddb30f31a292864a858a2743508668ad762bafe196","point_ordinal":1,"zone_group_id":"511301000308","source_manage_no":"511301000308","facility_name":"교동초등학교","sgg_code":"51130","facility_type_code":"1","api_first_registered_on":"2000-04-03","api_last_modified_on":null,"updated_at":"2026-07-25T01:27:52.347112+00:00"},"geometry":{"type":"Point","coordinates":[127.947196881,37.338721495]}},{"type":"Feature","id":"abd157b16400c842d245ab42b3efd5564991108e9e1e1cb14a5cdaef9d231a78-1","properties":{"facility_id":"abd157b16400c842d245ab42b3efd5564991108e9e1e1cb14a5cdaef9d231a78","point_ordinal":1,"zone_group_id":"511301000308","source_manage_no":"511301000309","facility_name":"교동초등학교 병설유치원","sgg_code":"51130","facility_type_code":"1","api_first_registered_on":"2000-04-03","api_last_modified_on":null,"updated_at":"2026-07-25T01:27:52.347112+00:00"},"geometry":{"type":"Point","coordinates":[127.947206807,37.338613296]}},{"type":"Feature","id":"660f6f630525c29811ecc246ac78daa006552851c9969154d1e3c49206dea0a3-1","properties":{"facility_id":"660f6f630525c29811ecc246ac78daa006552851c9969154d1e3c49206dea0a3","point_ordinal":1,"zone_group_id":"511301000350","source_manage_no":"511301000350","facility_name":"교학초등학교","sgg_code":"51130","facility_type_code":"1","api_first_registered_on":"2007-11-12","api_last_modified_on":null,"updated_at":"2026-07-25T01:27:52.347112+00:00"},"geometry":{"type":"Point","coordinates":[128.055315892,37.435366533]}},{"type":"Feature","id":"2898fa125b184316ccbcf06f2f755f7598953bb7d133221d33e691b10b3cbd6f-1","properties":{"facility_id":"2898fa125b184316ccbcf06f2f755f7598953bb7d133221d33e691b10b3cbd6f","point_ordinal":1,"zone_group_id":"511301000293","source_manage_no":"511301000291","facility_name":"구곡초등학교","sgg_code":"51130","facility_type_code":"1","api_first_registered_on":"2007-02-07","api_last_modified_on":null,"updated_at":"2026-07-25T01:27:52.347112+00:00"},"geometry":{"type":"Point","coordinates":[127.952663619,37.325316042]}},{"type":"Feature","id":"d9be6f69e062dfb1e9cf64e65f626e27d323b4c9478f21c97eca73c12dca29cf-1","properties":{"facility_id":"d9be6f69e062dfb1e9cf64e65f626e27d323b4c9478f21c97eca73c12dca29cf","point_ordinal":1,"zone_group_id":"511301000293","source_manage_no":"511301000292","facility_name":"구곡초등학교 병설유치원","sgg_code":"51130","facility_type_code":"1","api_first_registered_on":"2007-02-07","api_last_modified_on":null,"updated_at":"2026-07-25T01:27:52.347112+00:00"},"geometry":{"type":"Point","coordinates":[127.952649039,37.325054869]}},{"type":"Feature","id":"2bd8924395f502e7b617e82306b4204319a109f101c07a0770156667ad8a54fa-1","properties":{"facility_id":"2bd8924395f502e7b617e82306b4204319a109f101c07a0770156667ad8a54fa","point_ordinal":1,"zone_group_id":"511302026008","source_manage_no":"511302026008","facility_name":"궁촌1리 남여경로당","sgg_code":"51130","facility_type_code":"2","api_first_registered_on":"2022-12-15","api_last_modified_on":null,"updated_at":"2026-07-25T01:27:52.347112+00:00"},"geometry":{"type":"Point","coordinates":[127.826800141,37.276144124]}},{"type":"Feature","id":"8cd7f2831835534dc97f3a8358f68bcd09aff8668dc72f0f007252a5ae0a4c32-1","properties":{"facility_id":"8cd7f2831835534dc97f3a8358f68bcd09aff8668dc72f0f007252a5ae0a4c32","point_ordinal":1,"zone_group_id":"511302026900","source_manage_no":"511302026900","facility_name":"궁촌2리 경로당","sgg_code":"51130","facility_type_code":"2","api_first_registered_on":"2023-12-08","api_last_modified_on":"2025-08-14","updated_at":"2026-07-25T01:27:52.347112+00:00"},"geometry":{"type":"Point","coordinates":[127.832687689,37.268151397]}},{"type":"Feature","id":"2c0f517fb605406c9fde0145af000c4f0a5ccd592a82459a08ca94218a7dad44-1","properties":{"facility_id":"2c0f517fb605406c9fde0145af000c4f0a5ccd592a82459a08ca94218a7dad44","point_ordinal":1,"zone_group_id":"511302026009","source_manage_no":"511302026009","facility_name":"귀래1리 경로당","sgg_code":"51130","facility_type_code":"2","api_first_registered_on":"2022-12-15","api_last_modified_on":null,"updated_at":"2026-07-25T01:27:52.347112+00:00"},"geometry":{"type":"Point","coordinates":[127.863924137,37.222460138]}},{"type":"Feature","id":"9301dce1ed8c96b02ff409b111d1b27fb4c9e850dabba2d104b25882bf53c9e4-1","properties":{"facility_id":"9301dce1ed8c96b02ff409b111d1b27fb4c9e850dabba2d104b25882bf53c9e4","point_ordinal":1,"zone_group_id":"511302026009","source_manage_no":"511302025969","facility_name":"귀래3리 경로당","sgg_code":"51130","facility_type_code":"2","api_first_registered_on":"2022-11-30","api_last_modified_on":"2025-08-16","updated_at":"2026-07-25T01:27:52.347112+00:00"},"geometry":{"type":"Point","coordinates":[127.869770808,37.219738187]}},{"type":"Feature","id":"3767d416049aec1ce420b260c8b68e2748ee1369676ae23f54c9ac951004b31b-1","properties":{"facility_id":"3767d416049aec1ce420b260c8b68e2748ee1369676ae23f54c9ac951004b31b","point_ordinal":1,"zone_group_id":"511302029401","source_manage_no":"511302029401","facility_name":"귀래리 웅탑동 경로당","sgg_code":"51130","facility_type_code":"2","api_first_registered_on":"2025-06-10","api_last_modified_on":"2025-08-01","updated_at":"2026-07-25T01:27:52.347112+00:00"},"geometry":{"type":"Point","coordinates":[127.870905075,37.208807623]}},{"type":"Feature","id":"50e9df157f940c856f8cf922a3ce9b4bed2492929b3371a7904fc79a38d8356a-1","properties":{"facility_id":"50e9df157f940c856f8cf922a3ce9b4bed2492929b3371a7904fc79a38d8356a","point_ordinal":1,"zone_group_id":"511301000280","source_manage_no":"511301000280","facility_name":"귀래초등학교","sgg_code":"51130","facility_type_code":"1","api_first_registered_on":"1997-06-09","api_last_modified_on":null,"updated_at":"2026-07-25T01:27:52.347112+00:00"},"geometry":{"type":"Point","coordinates":[127.883676162,37.16916138]}},{"type":"Feature","id":"a369f5195b7f819eddc2b961be26ef88e4ce3c6d09924d6290e68ebf74d764b9-1","properties":{"facility_id":"a369f5195b7f819eddc2b961be26ef88e4ce3c6d09924d6290e68ebf74d764b9","point_ordinal":1,"zone_group_id":"511301000333","source_manage_no":"511301000333","facility_name":"그린나래유치원","sgg_code":"51130","facility_type_code":"1","api_first_registered_on":"2017-12-15","api_last_modified_on":null,"updated_at":"2026-07-25T01:27:52.347112+00:00"},"geometry":{"type":"Point","coordinates":[127.983374918,37.328064112]}},{"type":"Feature","id":"27a050bf88f66edf67307dd3ec310474d2d9deefcf99b64c69542cc2eae283dc-1","properties":{"facility_id":"27a050bf88f66edf67307dd3ec310474d2d9deefcf99b64c69542cc2eae283dc","point_ordinal":1,"zone_group_id":"511301000381","source_manage_no":"511301000381","facility_name":"금대초등학교","sgg_code":"51130","facility_type_code":"1","api_first_registered_on":"1998-06-15","api_last_modified_on":null,"updated_at":"2026-07-25T01:27:52.347112+00:00"},"geometry":{"type":"Point","coordinates":[127.996463493,37.289157563]}},{"type":"Feature","id":"4a765ae76fdb8bac677b004aaf0e16cb10208d2c6f4391e7b5f177065bd85004-1","properties":{"facility_id":"4a765ae76fdb8bac677b004aaf0e16cb10208d2c6f4391e7b5f177065bd85004","point_ordinal":1,"zone_group_id":"511301000334","source_manage_no":"511301000334","facility_name":"금빛유치원","sgg_code":"51130","facility_type_code":"1","api_first_registered_on":"2015-02-27","api_last_modified_on":null,"updated_at":"2026-07-25T01:27:52.347112+00:00"},"geometry":{"type":"Point","coordinates":[127.968404133,37.335858992]}},{"type":"Feature","id":"6260f127af2a31e6b413caae6d654a89f4899761c8d647d0e8bc6f34741d2c27-1","properties":{"facility_id":"6260f127af2a31e6b413caae6d654a89f4899761c8d647d0e8bc6f34741d2c27","point_ordinal":1,"zone_group_id":"511301000293","source_manage_no":"511301000293","facility_name":"남원주초등학교","sgg_code":"51130","facility_type_code":"1","api_first_registered_on":"1999-11-29","api_last_modified_on":null,"updated_at":"2026-07-25T01:27:52.347112+00:00"},"geometry":{"type":"Point","coordinates":[127.951069487,37.322637339]}},{"type":"Feature","id":"06e69d8aceef963f154e48d0bb4baeb4562c3ed72a3a1b9f864c0f8eb5f3e5c7-1","properties":{"facility_id":"06e69d8aceef963f154e48d0bb4baeb4562c3ed72a3a1b9f864c0f8eb5f3e5c7","point_ordinal":1,"zone_group_id":"511301000293","source_manage_no":"511301000294","facility_name":"남원주초등학교 병설유치원","sgg_code":"51130","facility_type_code":"1","api_first_registered_on":"1999-11-29","api_last_modified_on":null,"updated_at":"2026-07-25T01:27:52.347112+00:00"},"geometry":{"type":"Point","coordinates":[127.951073878,37.322538194]}},{"type":"Feature","id":"258344d81b11af9b95b826b3ee2ec7239009e32569f4d285b8240f2bbd51b14e-1","properties":{"facility_id":"258344d81b11af9b95b826b3ee2ec7239009e32569f4d285b8240f2bbd51b14e","point_ordinal":1,"zone_group_id":"511302026895","source_manage_no":"511302026895","facility_name":"단강1리 경로당","sgg_code":"51130","facility_type_code":"2","api_first_registered_on":"2023-11-08","api_last_modified_on":"2025-08-14","updated_at":"2026-07-25T01:27:52.347112+00:00"},"geometry":{"type":"Point","coordinates":[127.787731555,37.15231738]}},{"type":"Feature","id":"e1bb7191f5e8aea505fdba67d1ec269f7b661b0efa2de6287fd992bdb8d5268e-1","properties":{"facility_id":"e1bb7191f5e8aea505fdba67d1ec269f7b661b0efa2de6287fd992bdb8d5268e","point_ordinal":1,"zone_group_id":"511301000282","source_manage_no":"511301000282","facility_name":"단계초등학교","sgg_code":"51130","facility_type_code":"1","api_first_registered_on":"2007-07-20","api_last_modified_on":null,"updated_at":"2026-07-25T01:27:52.347112+00:00"},"geometry":{"type":"Point","coordinates":[127.936085626,37.359098356]}},{"type":"Feature","id":"1fd162f1111026f77adcc6188470b83acf8b575d3ec0c6da980990b271d66043-1","properties":{"facility_id":"1fd162f1111026f77adcc6188470b83acf8b575d3ec0c6da980990b271d66043","point_ordinal":1,"zone_group_id":"511301000282","source_manage_no":"511301000283","facility_name":"단계초등학교 병설유치원","sgg_code":"51130","facility_type_code":"1","api_first_registered_on":"2007-07-20","api_last_modified_on":null,"updated_at":"2026-07-25T01:27:52.347112+00:00"},"geometry":{"type":"Point","coordinates":[127.936094563,37.358909077]}},{"type":"Feature","id":"dc12d6a47cddde2f9868e3d0f198c66d7dae7233fd45b90a2b176ea8392630f7-1","properties":{"facility_id":"dc12d6a47cddde2f9868e3d0f198c66d7dae7233fd45b90a2b176ea8392630f7","point_ordinal":1,"zone_group_id":"511301000278","source_manage_no":"511301000278","facility_name":"단관초등학교","sgg_code":"51130","facility_type_code":"1","api_first_registered_on":"2006-06-01","api_last_modified_on":null,"updated_at":"2026-07-25T01:27:52.347112+00:00"},"geometry":{"type":"Point","coordinates":[127.963671234,37.317600634]}},{"type":"Feature","id":"04dc7e9a9c92bf82667625ac6d95bfee9871ddfe2d18b58d3f8e48415354f2bb-1","properties":{"facility_id":"04dc7e9a9c92bf82667625ac6d95bfee9871ddfe2d18b58d3f8e48415354f2bb","point_ordinal":1,"zone_group_id":"511301000278","source_manage_no":"511301000279","facility_name":"단관초등학교 병설유치원","sgg_code":"51130","facility_type_code":"1","api_first_registered_on":"2006-06-01","api_last_modified_on":null,"updated_at":"2026-07-25T01:27:52.347112+00:00"},"geometry":{"type":"Point","coordinates":[127.963681019,37.317483424]}},{"type":"Feature","id":"4ef9c66a4786e3f498fb4c7b19aebb01c74e107b160d6c85ea79e8727a4cb894-1","properties":{"facility_id":"4ef9c66a4786e3f498fb4c7b19aebb01c74e107b160d6c85ea79e8727a4cb894","point_ordinal":1,"zone_group_id":"511301000296","source_manage_no":"511301000296","facility_name":"단구초등학교","sgg_code":"51130","facility_type_code":"1","api_first_registered_on":"1997-06-09","api_last_modified_on":null,"updated_at":"2026-07-25T01:27:52.347112+00:00"},"geometry":{"type":"Point","coordinates":[127.963776737,37.32273642]}},{"type":"Feature","id":"51174f48762fc0e10e7737a41a9b9035437c053d63c2b216d50559d60f521b25-1","properties":{"facility_id":"51174f48762fc0e10e7737a41a9b9035437c053d63c2b216d50559d60f521b25","point_ordinal":1,"zone_group_id":"511301000296","source_manage_no":"511301000297","facility_name":"단구초등학교 병설유치원","sgg_code":"51130","facility_type_code":"1","api_first_registered_on":"1997-06-09","api_last_modified_on":null,"updated_at":"2026-07-25T01:27:52.347112+00:00"},"geometry":{"type":"Point","coordinates":[127.963921373,37.322577567]}},{"type":"Feature","id":"023ae30f01b134ce0982c980eb21d1c5c7e972f27fdfacdf21d65320b1fdb326-1","properties":{"facility_id":"023ae30f01b134ce0982c980eb21d1c5c7e972f27fdfacdf21d65320b1fdb326","point_ordinal":1,"zone_group_id":"511301000313","source_manage_no":"511301000313","facility_name":"도담유치원","sgg_code":"51130","facility_type_code":"1","api_first_registered_on":"2015-02-27","api_last_modified_on":null,"updated_at":"2026-07-25T01:27:52.347112+00:00"},"geometry":{"type":"Point","coordinates":[127.935204908,37.330848388]}},{"type":"Feature","id":"126a7ea7c30de53253042dd4ae86d1a4aac7cc9ddceb7c11bdc646228f1fc85a-1","properties":{"facility_id":"126a7ea7c30de53253042dd4ae86d1a4aac7cc9ddceb7c11bdc646228f1fc85a","point_ordinal":1,"zone_group_id":"511301000312","source_manage_no":"511301000284","facility_name":"동화나라유치원","sgg_code":"51130","facility_type_code":"1","api_first_registered_on":"2008-05-02","api_last_modified_on":null,"updated_at":"2026-07-25T01:27:52.347112+00:00"},"geometry":{"type":"Point","coordinates":[127.932822286,37.349494864]}},{"type":"Feature","id":"2c2b611870e1a5d2091b5722a81db7a97211c746f81a969e1452171a582a47e3-1","properties":{"facility_id":"2c2b611870e1a5d2091b5722a81db7a97211c746f81a969e1452171a582a47e3","point_ordinal":1,"zone_group_id":"511301000322","source_manage_no":"511301000322","facility_name":"동화초등학교","sgg_code":"51130","facility_type_code":"1","api_first_registered_on":"2007-11-12","api_last_modified_on":null,"updated_at":"2026-07-25T01:27:52.347112+00:00"},"geometry":{"type":"Point","coordinates":[127.828629495,37.327659928]}},{"type":"Feature","id":"78ac21edc96a71e424e90bee5a1655316ee7413ffa1c2fbe0e12b1bbd6e2e0b6-1","properties":{"facility_id":"78ac21edc96a71e424e90bee5a1655316ee7413ffa1c2fbe0e12b1bbd6e2e0b6","point_ordinal":1,"zone_group_id":"511301000322","source_manage_no":"511301000323","facility_name":"동화초등학교 병설유치원","sgg_code":"51130","facility_type_code":"1","api_first_registered_on":"2007-11-12","api_last_modified_on":null,"updated_at":"2026-07-25T01:27:52.347112+00:00"},"geometry":{"type":"Point","coordinates":[127.828638304,37.327434614]}},{"type":"Feature","id":"3b9d3860d32c286017ada177e7aca98d8e12c1d0a4a6cd9923bad08ca3b2ed06-1","properties":{"facility_id":"3b9d3860d32c286017ada177e7aca98d8e12c1d0a4a6cd9923bad08ca3b2ed06","point_ordinal":1,"zone_group_id":"511301000351","source_manage_no":"511301000351","facility_name":"둔둔초등학교","sgg_code":"51130","facility_type_code":"1","api_first_registered_on":"2010-09-29","api_last_modified_on":null,"updated_at":"2026-07-25T01:27:52.347112+00:00"},"geometry":{"type":"Point","coordinates":[127.97928141,37.446668789]}},{"type":"Feature","id":"bb0a5329687a8b14e6e0cb9aba483a71d84a3984e45a0d3584726ebfcfe14d5c-1","properties":{"facility_id":"bb0a5329687a8b14e6e0cb9aba483a71d84a3984e45a0d3584726ebfcfe14d5c","point_ordinal":1,"zone_group_id":"511301000351","source_manage_no":"511301000352","facility_name":"둔둔초등학교 병설유치원","sgg_code":"51130","facility_type_code":"1","api_first_registered_on":"2010-09-29","api_last_modified_on":null,"updated_at":"2026-07-25T01:27:52.347112+00:00"},"geometry":{"type":"Point","coordinates":[127.97928565,37.446560637]}},{"type":"Feature","id":"284b24cb2551ed06b01e4463312994cad181fe67396522883d1bbcb7c71944cb-1","properties":{"facility_id":"284b24cb2551ed06b01e4463312994cad181fe67396522883d1bbcb7c71944cb","point_ordinal":1,"zone_group_id":"511301000314","source_manage_no":"511301000314","facility_name":"만대초등학교","sgg_code":"51130","facility_type_code":"1","api_first_registered_on":"2010-12-21","api_last_modified_on":null,"updated_at":"2026-07-25T01:27:52.347112+00:00"},"geometry":{"type":"Point","coordinates":[127.920402011,37.339375334]}},{"type":"Feature","id":"85056ba03fae8eae9f3c2eccfcf46488372b151801808bdcf2ac9a68139fd8d5-1","properties":{"facility_id":"85056ba03fae8eae9f3c2eccfcf46488372b151801808bdcf2ac9a68139fd8d5","point_ordinal":1,"zone_group_id":"511301000394","source_manage_no":"511301000394","facility_name":"만종초등학교","sgg_code":"51130","facility_type_code":"1","api_first_registered_on":"2007-11-12","api_last_modified_on":null,"updated_at":"2026-07-25T01:27:52.347112+00:00"},"geometry":{"type":"Point","coordinates":[127.901854363,37.355632341]}},{"type":"Feature","id":"cc89f5de9af82a82a79c457a757af7095361ce66295d35168ebe673d348e4dfb-1","properties":{"facility_id":"cc89f5de9af82a82a79c457a757af7095361ce66295d35168ebe673d348e4dfb","point_ordinal":1,"zone_group_id":"511301000394","source_manage_no":"511301000395","facility_name":"만종초등학교 병설유치원","sgg_code":"51130","facility_type_code":"1","api_first_registered_on":"2007-11-12","api_last_modified_on":null,"updated_at":"2026-07-25T01:27:52.347112+00:00"},"geometry":{"type":"Point","coordinates":[127.901818457,37.355461425]}},{"type":"Feature","id":"a5b053cf23fc7ba595a9a74f9a995a37ad4195a0a36ba476ef6c0f6882e81080-1","properties":{"facility_id":"a5b053cf23fc7ba595a9a74f9a995a37ad4195a0a36ba476ef6c0f6882e81080","point_ordinal":1,"zone_group_id":"511301000399","source_manage_no":"511301000399","facility_name":"매지초등학교","sgg_code":"51130","facility_type_code":"1","api_first_registered_on":"2006-06-01","api_last_modified_on":null,"updated_at":"2026-07-25T01:27:52.347112+00:00"},"geometry":{"type":"Point","coordinates":[127.906637169,37.26910314]}},{"type":"Feature","id":"aaf391fad5a3035b02fdcc6cca2de743243feaf31b202b87e104573f1ebf3f39-1","properties":{"facility_id":"aaf391fad5a3035b02fdcc6cca2de743243feaf31b202b87e104573f1ebf3f39","point_ordinal":1,"zone_group_id":"511301027157","source_manage_no":"511301027157","facility_name":"메이플밸리부영사랑으로어린이집","sgg_code":"51130","facility_type_code":"1","api_first_registered_on":"2024-05-01","api_last_modified_on":"2025-03-05","updated_at":"2026-07-25T01:27:52.347112+00:00"},"geometry":{"type":"Point","coordinates":[127.919302649,37.357298654]}},{"type":"Feature","id":"10e0741dd5bd09fe22eb1ee35ee5a50851a1015704282a4bab5942f0fde8102e-1","properties":{"facility_id":"10e0741dd5bd09fe22eb1ee35ee5a50851a1015704282a4bab5942f0fde8102e","point_ordinal":1,"zone_group_id":"511301000273","source_manage_no":"511301000273","facility_name":"명륜초등학교","sgg_code":"51130","facility_type_code":"1","api_first_registered_on":"1996-05-31","api_last_modified_on":null,"updated_at":"2026-07-25T01:27:52.347112+00:00"},"geometry":{"type":"Point","coordinates":[127.958638465,37.342266758]}},{"type":"Feature","id":"e411795f7a4f594696724a0823261a051e4eeec5f6c27b411baa1fb7abf92544-1","properties":{"facility_id":"e411795f7a4f594696724a0823261a051e4eeec5f6c27b411baa1fb7abf92544","point_ordinal":1,"zone_group_id":"511301000273","source_manage_no":"511301000274","facility_name":"명륜초등학교 병설유치원","sgg_code":"51130","facility_type_code":"1","api_first_registered_on":"1996-05-31","api_last_modified_on":null,"updated_at":"2026-07-25T01:27:52.347112+00:00"},"geometry":{"type":"Point","coordinates":[127.958634426,37.34239293]}},{"type":"Feature","id":"71abd34ba6c0589c42534ab724905ad99a0ce6e9de2f47261a1e7e24c8a22cba-1","properties":{"facility_id":"71abd34ba6c0589c42534ab724905ad99a0ce6e9de2f47261a1e7e24c8a22cba","point_ordinal":1,"zone_group_id":"511301000315","source_manage_no":"511301000315","facility_name":"무실초등학교","sgg_code":"51130","facility_type_code":"1","api_first_registered_on":"2006-06-01","api_last_modified_on":null,"updated_at":"2026-07-25T01:27:52.347112+00:00"},"geometry":{"type":"Point","coordinates":[127.922092875,37.334911912]}},{"type":"Feature","id":"85255e2aaef488e0d7e02aa603ce58269b47859aa16165fe3a550a3627be2b2a-1","properties":{"facility_id":"85255e2aaef488e0d7e02aa603ce58269b47859aa16165fe3a550a3627be2b2a","point_ordinal":1,"zone_group_id":"511301000315","source_manage_no":"511301026231","facility_name":"무실초등학교 병설유치원","sgg_code":"51130","facility_type_code":"1","api_first_registered_on":null,"api_last_modified_on":null,"updated_at":"2026-07-25T01:27:52.347112+00:00"},"geometry":{"type":"Point","coordinates":[127.922048377,37.334964067]}},{"type":"Feature","id":"25f29c787d13bc75e17d983cb82cbca8a38ba2d7cd7508d08908ce043e874047-1","properties":{"facility_id":"25f29c787d13bc75e17d983cb82cbca8a38ba2d7cd7508d08908ce043e874047","point_ordinal":1,"zone_group_id":"511301000325","source_manage_no":"511301000325","facility_name":"문막성모유치원","sgg_code":"51130","facility_type_code":"1","api_first_registered_on":"2010-09-29","api_last_modified_on":null,"updated_at":"2026-07-25T01:27:52.347112+00:00"},"geometry":{"type":"Point","coordinates":[127.818238902,37.310509835]}},{"type":"Feature","id":"f483582825db88f6d3380e07661a975bb3284a4c878fc2eaf3974c1670fdd27b-1","properties":{"facility_id":"f483582825db88f6d3380e07661a975bb3284a4c878fc2eaf3974c1670fdd27b","point_ordinal":1,"zone_group_id":"511301000324","source_manage_no":"511301000324","facility_name":"문막초등학교","sgg_code":"51130","facility_type_code":"1","api_first_registered_on":"2007-11-12","api_last_modified_on":null,"updated_at":"2026-07-25T01:27:52.347112+00:00"},"geometry":{"type":"Point","coordinates":[127.820499124,37.312866988]}},{"type":"Feature","id":"d4914bf04e130c048fd2a59120d77acc2cc957fd4d2ca2bb2fb49b6a7cfd4d85-1","properties":{"facility_id":"d4914bf04e130c048fd2a59120d77acc2cc957fd4d2ca2bb2fb49b6a7cfd4d85","point_ordinal":1,"zone_group_id":"511301000324","source_manage_no":"511301000326","facility_name":"문막초등학교 병설유치원","sgg_code":"51130","facility_type_code":"1","api_first_registered_on":"2007-11-12","api_last_modified_on":null,"updated_at":"2026-07-25T01:27:52.347112+00:00"},"geometry":{"type":"Point","coordinates":[127.82049177,37.312709363]}},{"type":"Feature","id":"5397a96dac3c36e2a6e289c0356b7fda7330f6f7eeba7999d1ae1766c5742ff5-1","properties":{"facility_id":"5397a96dac3c36e2a6e289c0356b7fda7330f6f7eeba7999d1ae1766c5742ff5","point_ordinal":1,"zone_group_id":"511302029403","source_manage_no":"511302029403","facility_name":"반계3리 경로당","sgg_code":"51130","facility_type_code":"2","api_first_registered_on":"2025-06-10","api_last_modified_on":"2025-08-01","updated_at":"2026-07-25T01:27:52.347112+00:00"},"geometry":{"type":"Point","coordinates":[127.766965636,37.312334067]}},{"type":"Feature","id":"3c9828d2749ed6bc0a3d4fe5856f36c01a32bbb2eae0626d98f53512f481e08d-1","properties":{"facility_id":"3c9828d2749ed6bc0a3d4fe5856f36c01a32bbb2eae0626d98f53512f481e08d","point_ordinal":1,"zone_group_id":"511301000327","source_manage_no":"511301000327","facility_name":"반계초등학교","sgg_code":"51130","facility_type_code":"1","api_first_registered_on":"1998-06-15","api_last_modified_on":null,"updated_at":"2026-07-25T01:27:52.347112+00:00"},"geometry":{"type":"Point","coordinates":[127.790684791,37.291841131]}},{"type":"Feature","id":"142c2673c0affff575e8b37c1f6094cdc3a5afa44294336a298de546cec8ffad-1","properties":{"facility_id":"142c2673c0affff575e8b37c1f6094cdc3a5afa44294336a298de546cec8ffad","point_ordinal":1,"zone_group_id":"511301000327","source_manage_no":"511301000328","facility_name":"반계초등학교 병설유치원","sgg_code":"51130","facility_type_code":"1","api_first_registered_on":"1998-06-15","api_last_modified_on":null,"updated_at":"2026-07-25T01:27:52.347112+00:00"},"geometry":{"type":"Point","coordinates":[127.790646407,37.291945004]}},{"type":"Feature","id":"a386eed528caf956d0327e595129d17f5c5235f03d543c1886bb65c35cf4d72f-1","properties":{"facility_id":"a386eed528caf956d0327e595129d17f5c5235f03d543c1886bb65c35cf4d72f","point_ordinal":1,"zone_group_id":"511301000335","source_manage_no":"511301000335","facility_name":"반곡별유치원","sgg_code":"51130","facility_type_code":"1","api_first_registered_on":"2016-10-05","api_last_modified_on":null,"updated_at":"2026-07-25T01:27:52.347112+00:00"},"geometry":{"type":"Point","coordinates":[127.990284475,37.330566617]}},{"type":"Feature","id":"c03cd6825c12f539ef6e189f9786323696e6ffc05db461a8fdf8fc1ba84016b8-1","properties":{"facility_id":"c03cd6825c12f539ef6e189f9786323696e6ffc05db461a8fdf8fc1ba84016b8","point_ordinal":1,"zone_group_id":"511301000341","source_manage_no":"511301000341","facility_name":"반곡초등학교","sgg_code":"51130","facility_type_code":"1","api_first_registered_on":"2007-11-12","api_last_modified_on":null,"updated_at":"2026-07-25T01:27:52.347112+00:00"},"geometry":{"type":"Point","coordinates":[127.973112522,37.337457798]}},{"type":"Feature","id":"414a254e099779de3642d63a8afbc8ac625aaae00fb142d1ec605e3eb97e9f73-1","properties":{"facility_id":"414a254e099779de3642d63a8afbc8ac625aaae00fb142d1ec605e3eb97e9f73","point_ordinal":1,"zone_group_id":"511301000341","source_manage_no":"511301000342","facility_name":"반곡초등학교 병설유치원","sgg_code":"51130","facility_type_code":"1","api_first_registered_on":"2007-11-12","api_last_modified_on":null,"updated_at":"2026-07-25T01:27:52.347112+00:00"},"geometry":{"type":"Point","coordinates":[127.973109732,37.337241582]}},{"type":"Feature","id":"fc05802e01e6db173a2659bad53f9863d6f32a601ae0b19f12081b770cb4c4bd-1","properties":{"facility_id":"fc05802e01e6db173a2659bad53f9863d6f32a601ae0b19f12081b770cb4c4bd","point_ordinal":1,"zone_group_id":"511301000336","source_manage_no":"511301000336","facility_name":"버들초등학교","sgg_code":"51130","facility_type_code":"1","api_first_registered_on":"2016-10-05","api_last_modified_on":null,"updated_at":"2026-07-25T01:27:52.347112+00:00"},"geometry":{"type":"Point","coordinates":[127.986385756,37.32037485]}},{"type":"Feature","id":"e6da474f837d4fd80ef718ec9796751ff9eab9332f0df153782d6c6aebdeb4ea-1","properties":{"facility_id":"e6da474f837d4fd80ef718ec9796751ff9eab9332f0df153782d6c6aebdeb4ea","point_ordinal":1,"zone_group_id":"511301000336","source_manage_no":"511301000337","facility_name":"버들초등학교 병설유치원","sgg_code":"51130","facility_type_code":"1","api_first_registered_on":"2016-10-05","api_last_modified_on":null,"updated_at":"2026-07-25T01:27:52.347112+00:00"},"geometry":{"type":"Point","coordinates":[127.986367187,37.320248865]}},{"type":"Feature","id":"2df87d9ca22933a4bd8019c32d5c97da98da0274a54eb91442ddd5db23f30cf5-1","properties":{"facility_id":"2df87d9ca22933a4bd8019c32d5c97da98da0274a54eb91442ddd5db23f30cf5","point_ordinal":1,"zone_group_id":"511302029404","source_manage_no":"511302029404","facility_name":"법천2리 경로당","sgg_code":"51130","facility_type_code":"2","api_first_registered_on":"2025-06-10","api_last_modified_on":"2025-12-11","updated_at":"2026-07-25T01:27:52.347112+00:00"},"geometry":{"type":"Point","coordinates":[127.764117199,37.212999115]}},{"type":"Feature","id":"ff8f8b05f07f756baff1286210cc40923c9ba14e8f50c0f1ebe3d9944b298781-1","properties":{"facility_id":"ff8f8b05f07f756baff1286210cc40923c9ba14e8f50c0f1ebe3d9944b298781","point_ordinal":1,"zone_group_id":"511302026020","source_manage_no":"511302026020","facility_name":"법천3리 좀재경로당","sgg_code":"51130","facility_type_code":"2","api_first_registered_on":"2022-12-15","api_last_modified_on":null,"updated_at":"2026-07-25T01:27:52.347112+00:00"},"geometry":{"type":"Point","coordinates":[127.752443098,37.188825597]}},{"type":"Feature","id":"84a2498b4cfaa88e66573f5fa71d407cddde709a9769d6daa6dee22720d5d2d5-1","properties":{"facility_id":"84a2498b4cfaa88e66573f5fa71d407cddde709a9769d6daa6dee22720d5d2d5","point_ordinal":1,"zone_group_id":"511301022514","source_manage_no":"511301022514","facility_name":"봉대가온학교","sgg_code":"51130","facility_type_code":"1","api_first_registered_on":"2020-02-28","api_last_modified_on":null,"updated_at":"2026-07-25T01:27:52.347112+00:00"},"geometry":{"type":"Point","coordinates":[127.993946854,37.332182961]}},{"type":"Feature","id":"4f03817f3048c48851742fd63edd2d11777d4f1b65d034ba643728988bc57c25-1","properties":{"facility_id":"4f03817f3048c48851742fd63edd2d11777d4f1b65d034ba643728988bc57c25","point_ordinal":1,"zone_group_id":"511301000339","source_manage_no":"511301000339","facility_name":"봉대초등학교","sgg_code":"51130","facility_type_code":"1","api_first_registered_on":"2016-10-05","api_last_modified_on":null,"updated_at":"2026-07-25T01:27:52.347112+00:00"},"geometry":{"type":"Point","coordinates":[127.988006162,37.334186758]}},{"type":"Feature","id":"6f6428b57fbc535b81da4a5f270128e9fac4ff7991874ad6a0a3157517b66496-1","properties":{"facility_id":"6f6428b57fbc535b81da4a5f270128e9fac4ff7991874ad6a0a3157517b66496","point_ordinal":1,"zone_group_id":"511301000339","source_manage_no":"511301000340","facility_name":"봉대초등학교 병설유치원","sgg_code":"51130","facility_type_code":"1","api_first_registered_on":"2016-10-05","api_last_modified_on":null,"updated_at":"2026-07-25T01:27:52.347112+00:00"},"geometry":{"type":"Point","coordinates":[127.988004569,37.334065137]}},{"type":"Feature","id":"8c207e6d66fd5879cdac9ab382eaccf350347f79a5f349d3d97b813197ddaa7c-1","properties":{"facility_id":"8c207e6d66fd5879cdac9ab382eaccf350347f79a5f349d3d97b813197ddaa7c","point_ordinal":1,"zone_group_id":"511301000344","source_manage_no":"511301000344","facility_name":"봉산어린이집","sgg_code":"51130","facility_type_code":"1","api_first_registered_on":"2010-12-21","api_last_modified_on":null,"updated_at":"2026-07-25T01:27:52.347112+00:00"},"geometry":{"type":"Point","coordinates":[127.965921193,37.343193891]}},{"type":"Feature","id":"b6ae024fa10b029fbc77dadeaf7983e33588cc6926ff3355cb2ec8d79974e00c-1","properties":{"facility_id":"b6ae024fa10b029fbc77dadeaf7983e33588cc6926ff3355cb2ec8d79974e00c","point_ordinal":1,"zone_group_id":"511301000349","source_manage_no":"511301000349","facility_name":"부론초등학교","sgg_code":"51130","facility_type_code":"1","api_first_registered_on":"2007-11-12","api_last_modified_on":null,"updated_at":"2026-07-25T01:27:52.347112+00:00"},"geometry":{"type":"Point","coordinates":[127.748727748,37.208296718]}},{"type":"Feature","id":"2a98f1e70ce9703596798d86c5b41a8d40657fda385a58a519c9d2cd5c5c04c4-1","properties":{"facility_id":"2a98f1e70ce9703596798d86c5b41a8d40657fda385a58a519c9d2cd5c5c04c4","point_ordinal":1,"zone_group_id":"511301000285","source_manage_no":"511301000285","facility_name":"북원초등학교","sgg_code":"51130","facility_type_code":"1","api_first_registered_on":"1996-05-31","api_last_modified_on":null,"updated_at":"2026-07-25T01:27:52.347112+00:00"},"geometry":{"type":"Point","coordinates":[127.937900371,37.343016121]}},{"type":"Feature","id":"982c27c2445a37d6e4c85f3143da7c6361b0a882ed58ac0b80895705954c6900-1","properties":{"facility_id":"982c27c2445a37d6e4c85f3143da7c6361b0a882ed58ac0b80895705954c6900","point_ordinal":1,"zone_group_id":"511301000285","source_manage_no":"511301000286","facility_name":"북원초등학교 병설유치원","sgg_code":"51130","facility_type_code":"1","api_first_registered_on":"1996-05-31","api_last_modified_on":null,"updated_at":"2026-07-25T01:27:52.347112+00:00"},"geometry":{"type":"Point","coordinates":[127.937653638,37.343139712]}},{"type":"Feature","id":"cb6ef55191a2f248a7679d2ab55bf9943dbc838df4048809b4079efa3ead5679-1","properties":{"facility_id":"cb6ef55191a2f248a7679d2ab55bf9943dbc838df4048809b4079efa3ead5679","point_ordinal":1,"zone_group_id":"511302025758","source_manage_no":"511302025758","facility_name":"비두1리경로당","sgg_code":"51130","facility_type_code":"2","api_first_registered_on":"2022-09-02","api_last_modified_on":null,"updated_at":"2026-07-25T01:27:52.347112+00:00"},"geometry":{"type":"Point","coordinates":[127.835817414,37.251085266]}},{"type":"Feature","id":"005760b698b36004c04e4694dc979c0b43d511dddad1a6e2a3dff3f615f7d167-1","properties":{"facility_id":"005760b698b36004c04e4694dc979c0b43d511dddad1a6e2a3dff3f615f7d167","point_ordinal":1,"zone_group_id":"511302026896","source_manage_no":"511302026896","facility_name":"비두2리 경로당","sgg_code":"51130","facility_type_code":"2","api_first_registered_on":"2023-11-08","api_last_modified_on":"2025-08-14","updated_at":"2026-07-25T01:27:52.347112+00:00"},"geometry":{"type":"Point","coordinates":[127.8450555,37.239047218]}},{"type":"Feature","id":"d20d8bb876aea1ba4aa1833432f662a7a74429511a632ade2ad6e651feb74ca8-1","properties":{"facility_id":"d20d8bb876aea1ba4aa1833432f662a7a74429511a632ade2ad6e651feb74ca8","point_ordinal":1,"zone_group_id":"511301000329","source_manage_no":"511301000329","facility_name":"비두초등학교","sgg_code":"51130","facility_type_code":"1","api_first_registered_on":"2007-11-12","api_last_modified_on":null,"updated_at":"2026-07-25T01:27:52.347112+00:00"},"geometry":{"type":"Point","coordinates":[127.834826905,37.261404862]}},{"type":"Feature","id":"9d27f20744c608700731f220d57c42b95e3d0df8baf38c23ff20232c3336f6bb-1","properties":{"facility_id":"9d27f20744c608700731f220d57c42b95e3d0df8baf38c23ff20232c3336f6bb","point_ordinal":1,"zone_group_id":"511301000329","source_manage_no":"511301000330","facility_name":"비두초등학교 병설유치원","sgg_code":"51130","facility_type_code":"1","api_first_registered_on":"2007-11-12","api_last_modified_on":null,"updated_at":"2026-07-25T01:27:52.347112+00:00"},"geometry":{"type":"Point","coordinates":[127.834846963,37.261179466]}},{"type":"Feature","id":"51dc39b7798b5aaf93344dcf13e2bc3a841f51d61e5e433fb2440377a281cc92-1","properties":{"facility_id":"51dc39b7798b5aaf93344dcf13e2bc3a841f51d61e5e433fb2440377a281cc92","point_ordinal":1,"zone_group_id":"511303000302","source_manage_no":"511303000302","facility_name":"사랑뜰 장애인주간보호소","sgg_code":"51130","facility_type_code":"3","api_first_registered_on":"2021-02-05","api_last_modified_on":"2025-08-16","updated_at":"2026-07-25T01:27:52.347112+00:00"},"geometry":{"type":"Point","coordinates":[127.966517524,37.321460399]}},{"type":"Feature","id":"1114e642811029fb876ea98c4422b1b633b80bc90eb6fab43a4267a80c497c4e-1","properties":{"facility_id":"1114e642811029fb876ea98c4422b1b633b80bc90eb6fab43a4267a80c497c4e","point_ordinal":1,"zone_group_id":"511302022926","source_manage_no":"511302022926","facility_name":"사제경로당","sgg_code":"51130","facility_type_code":"2","api_first_registered_on":"2020-08-26","api_last_modified_on":"2025-08-16","updated_at":"2026-07-25T01:27:52.347112+00:00"},"geometry":{"type":"Point","coordinates":[127.887790959,37.327754522]}},{"type":"Feature","id":"11571e98f036bfedfd148f684f3d73a041fca6ef1b47b556a57bfdae83ce0e97-1","properties":{"facility_id":"11571e98f036bfedfd148f684f3d73a041fca6ef1b47b556a57bfdae83ce0e97","point_ordinal":1,"zone_group_id":"511301000396","source_manage_no":"511301000396","facility_name":"산현초등학교","sgg_code":"51130","facility_type_code":"1","api_first_registered_on":"2007-11-12","api_last_modified_on":null,"updated_at":"2026-07-25T01:27:52.347112+00:00"},"geometry":{"type":"Point","coordinates":[127.893514182,37.425210308]}},{"type":"Feature","id":"ff182a778e0db36516e156c9bb30f3db243dea83826851be6d78eac395fe41c4-1","properties":{"facility_id":"ff182a778e0db36516e156c9bb30f3db243dea83826851be6d78eac395fe41c4","point_ordinal":1,"zone_group_id":"511302029407","source_manage_no":"511302029407","facility_name":"삼광경로당","sgg_code":"51130","facility_type_code":"2","api_first_registered_on":"2025-07-22","api_last_modified_on":"2025-08-01","updated_at":"2026-07-25T01:27:52.347112+00:00"},"geometry":{"type":"Point","coordinates":[127.967760707,37.343076756]}},{"type":"Feature","id":"f9e7adc50ed59358d9950fe6b05aa876ec7ad60b6d49b08769c8f0059e44034e-1","properties":{"facility_id":"f9e7adc50ed59358d9950fe6b05aa876ec7ad60b6d49b08769c8f0059e44034e","point_ordinal":1,"zone_group_id":"511301000318","source_manage_no":"511301000318","facility_name":"삼육초등학교","sgg_code":"51130","facility_type_code":"1","api_first_registered_on":"2007-11-12","api_last_modified_on":null,"updated_at":"2026-07-25T01:27:52.347112+00:00"},"geometry":{"type":"Point","coordinates":[127.9232538,37.326742206]}},{"type":"Feature","id":"85e104401fa8a4317c49cb7a378edfa6e2c787a476bf643d30557d38093cf472-1","properties":{"facility_id":"85e104401fa8a4317c49cb7a378edfa6e2c787a476bf643d30557d38093cf472","point_ordinal":1,"zone_group_id":"511301022831","source_manage_no":"511301022831","facility_name":"샘마루초등학교","sgg_code":"51130","facility_type_code":"1","api_first_registered_on":"2021-02-26","api_last_modified_on":null,"updated_at":"2026-07-25T01:27:52.347112+00:00"},"geometry":{"type":"Point","coordinates":[127.871097663,37.379476666]}},{"type":"Feature","id":"c1f388fb5c0afbbf36a0ea5b8a80bdf24e7376ac4d3df4f4f38d032920137ad3-1","properties":{"facility_id":"c1f388fb5c0afbbf36a0ea5b8a80bdf24e7376ac4d3df4f4f38d032920137ad3","point_ordinal":1,"zone_group_id":"511301022831","source_manage_no":"511301026232","facility_name":"샘마루초등학교 병설유치원","sgg_code":"51130","facility_type_code":"1","api_first_registered_on":null,"api_last_modified_on":null,"updated_at":"2026-07-25T01:27:52.347112+00:00"},"geometry":{"type":"Point","coordinates":[127.87154888,37.379441806]}},{"type":"Feature","id":"9a055bac79e43b8169a26aef73d27d1e9e32298b490c21e442c5092ab53b6234-1","properties":{"facility_id":"9a055bac79e43b8169a26aef73d27d1e9e32298b490c21e442c5092ab53b6234","point_ordinal":1,"zone_group_id":"511301000382","source_manage_no":"511301000382","facility_name":"서곡초등학교","sgg_code":"51130","facility_type_code":"1","api_first_registered_on":"2010-04-22","api_last_modified_on":null,"updated_at":"2026-07-25T01:27:52.347112+00:00"},"geometry":{"type":"Point","coordinates":[127.938952851,37.298267411]}},{"type":"Feature","id":"15925b3cedd373f3f4df6d1727d21d159754d199d0143d9b2d50000a0ed82bfb-1","properties":{"facility_id":"15925b3cedd373f3f4df6d1727d21d159754d199d0143d9b2d50000a0ed82bfb","point_ordinal":1,"zone_group_id":"511301000382","source_manage_no":"511301000383","facility_name":"서곡초등학교 병설유치원","sgg_code":"51130","facility_type_code":"1","api_first_registered_on":"2010-04-22","api_last_modified_on":null,"updated_at":"2026-07-25T01:27:52.347112+00:00"},"geometry":{"type":"Point","coordinates":[127.938973725,37.298132095]}},{"type":"Feature","id":"87783982a15161df5b889a2de855b49de4d2c7c08b8d77b1fc88731d2ac4375f-1","properties":{"facility_id":"87783982a15161df5b889a2de855b49de4d2c7c08b8d77b1fc88731d2ac4375f","point_ordinal":1,"zone_group_id":"511301000305","source_manage_no":"511301000305","facility_name":"서원주초등학교","sgg_code":"51130","facility_type_code":"1","api_first_registered_on":"2000-07-15","api_last_modified_on":null,"updated_at":"2026-07-25T01:27:52.347112+00:00"},"geometry":{"type":"Point","coordinates":[127.93968072,37.327161469]}},{"type":"Feature","id":"7750406bacb421834229bfdce10819e7dae6772c99ca805a6893fd026e85a212-1","properties":{"facility_id":"7750406bacb421834229bfdce10819e7dae6772c99ca805a6893fd026e85a212","point_ordinal":1,"zone_group_id":"511301000305","source_manage_no":"511301000306","facility_name":"서원주초등학교 병설유치원","sgg_code":"51130","facility_type_code":"1","api_first_registered_on":"2000-07-15","api_last_modified_on":null,"updated_at":"2026-07-25T01:27:52.347112+00:00"},"geometry":{"type":"Point","coordinates":[127.939690543,37.327044261]}},{"type":"Feature","id":"9306c7998f76f0cde7722f2432b7e05f7f706039b848384562a13c59cea35ad2-1","properties":{"facility_id":"9306c7998f76f0cde7722f2432b7e05f7f706039b848384562a13c59cea35ad2","point_ordinal":1,"zone_group_id":"511301018729","source_manage_no":"511301018729","facility_name":"섬강초등학교","sgg_code":"51130","facility_type_code":"1","api_first_registered_on":"2019-04-05","api_last_modified_on":null,"updated_at":"2026-07-25T01:27:52.347112+00:00"},"geometry":{"type":"Point","coordinates":[127.873932353,37.379300329]}},{"type":"Feature","id":"0efe7d076354960b82054122c087b22307f0dd17df5a33dfc56d8e6b674b252d-1","properties":{"facility_id":"0efe7d076354960b82054122c087b22307f0dd17df5a33dfc56d8e6b674b252d","point_ordinal":1,"zone_group_id":"511301018729","source_manage_no":"511301026233","facility_name":"섬강초등학교 병설유치원","sgg_code":"51130","facility_type_code":"1","api_first_registered_on":null,"api_last_modified_on":null,"updated_at":"2026-07-25T01:27:52.347112+00:00"},"geometry":{"type":"Point","coordinates":[127.873998391,37.379153429]}},{"type":"Feature","id":"928d5e6228ae2c17fda2014c357cb661d2e4daaac4e3e4671080bf360326b031-1","properties":{"facility_id":"928d5e6228ae2c17fda2014c357cb661d2e4daaac4e3e4671080bf360326b031","point_ordinal":1,"zone_group_id":"511301000369","source_manage_no":"511301000369","facility_name":"성균관유치원","sgg_code":"51130","facility_type_code":"1","api_first_registered_on":"2017-12-15","api_last_modified_on":null,"updated_at":"2026-07-25T01:27:52.347112+00:00"},"geometry":{"type":"Point","coordinates":[127.894576529,37.361418898]}},{"type":"Feature","id":"048c5827f4137876edafe731519ff9d39bdb40ca98ea4822fae8b366ff04e5fc-1","properties":{"facility_id":"048c5827f4137876edafe731519ff9d39bdb40ca98ea4822fae8b366ff04e5fc","point_ordinal":1,"zone_group_id":"511302029400","source_manage_no":"511302029400","facility_name":"성남1리 경로당","sgg_code":"51130","facility_type_code":"2","api_first_registered_on":"2025-06-10","api_last_modified_on":"2025-08-01","updated_at":"2026-07-25T01:27:52.347112+00:00"},"geometry":{"type":"Point","coordinates":[128.083561611,37.259545338]}},{"type":"Feature","id":"2e05f9106ec5e00b1e56a84fb50a76109436bbd67833591f9d271a9d450ef83a-1","properties":{"facility_id":"2e05f9106ec5e00b1e56a84fb50a76109436bbd67833591f9d271a9d450ef83a","point_ordinal":1,"zone_group_id":"511301000307","source_manage_no":"511301000307","facility_name":"성불유치원","sgg_code":"51130","facility_type_code":"1","api_first_registered_on":"2009-01-28","api_last_modified_on":"2026-08-05","updated_at":"2026-08-10T03:21:18.688030+00:00"},"geometry":{"type":"Point","coordinates":[127.942798627,37.334925544]}},{"type":"Feature","id":"7826b6e03630df997fc5823efea5f3cad0c3574d36947ec03ae0159556d1da8b-1","properties":{"facility_id":"7826b6e03630df997fc5823efea5f3cad0c3574d36947ec03ae0159556d1da8b","point_ordinal":1,"zone_group_id":"511301000353","source_manage_no":"511301000353","facility_name":"소초초등학교","sgg_code":"51130","facility_type_code":"1","api_first_registered_on":"2009-01-28","api_last_modified_on":null,"updated_at":"2026-07-25T01:27:52.347112+00:00"},"geometry":{"type":"Point","coordinates":[128.004248411,37.417884594]}},{"type":"Feature","id":"547bf93de1296facf215d9834748d88e22b963e84c53d3901781fd6ae4adbff3-1","properties":{"facility_id":"547bf93de1296facf215d9834748d88e22b963e84c53d3901781fd6ae4adbff3","point_ordinal":1,"zone_group_id":"511301000353","source_manage_no":"511301000354","facility_name":"소초초등학교 병설유치원","sgg_code":"51130","facility_type_code":"1","api_first_registered_on":"2009-01-28","api_last_modified_on":null,"updated_at":"2026-07-25T01:27:52.347112+00:00"},"geometry":{"type":"Point","coordinates":[128.004246005,37.417704418]}},{"type":"Feature","id":"c134ed7301a24a6f3ee3ef5fd47393c8798f370b0c219c2d5e400891469105f9-1","properties":{"facility_id":"c134ed7301a24a6f3ee3ef5fd47393c8798f370b0c219c2d5e400891469105f9","point_ordinal":1,"zone_group_id":"511302029402","source_manage_no":"511302029402","facility_name":"손곡1리 경로당","sgg_code":"51130","facility_type_code":"2","api_first_registered_on":"2025-06-10","api_last_modified_on":"2025-08-16","updated_at":"2026-07-25T01:27:52.347112+00:00"},"geometry":{"type":"Point","coordinates":[127.788295341,37.229193305]}},{"type":"Feature","id":"ac79a31fe26abdfdd83568231b8ddf814794aead61add4901a954b6d77a51b6e-1","properties":{"facility_id":"ac79a31fe26abdfdd83568231b8ddf814794aead61add4901a954b6d77a51b6e","point_ordinal":1,"zone_group_id":"511301000316","source_manage_no":"511301000316","facility_name":"솔샘초등학교","sgg_code":"51130","facility_type_code":"1","api_first_registered_on":"2015-02-27","api_last_modified_on":null,"updated_at":"2026-07-25T01:27:52.347112+00:00"},"geometry":{"type":"Point","coordinates":[127.929559941,37.329927035]}},{"type":"Feature","id":"b89da0324424e33e38b227367ca59a2812782e16dfcd14553aa1de10365d693e-1","properties":{"facility_id":"b89da0324424e33e38b227367ca59a2812782e16dfcd14553aa1de10365d693e","point_ordinal":1,"zone_group_id":"511301000316","source_manage_no":"511301000317","facility_name":"솔샘초등학교 병설유치원","sgg_code":"51130","facility_type_code":"1","api_first_registered_on":"2015-02-27","api_last_modified_on":null,"updated_at":"2026-07-25T01:27:52.347112+00:00"},"geometry":{"type":"Point","coordinates":[127.929573055,37.330075597]}},{"type":"Feature","id":"0708f3c06ea22644973d243fb4d9b73a5bbdea48a75e0b3d63d4d88ded2795d1-1","properties":{"facility_id":"0708f3c06ea22644973d243fb4d9b73a5bbdea48a75e0b3d63d4d88ded2795d1","point_ordinal":1,"zone_group_id":"511302026901","source_manage_no":"511302026901","facility_name":"송계2리 경로당","sgg_code":"51130","facility_type_code":"2","api_first_registered_on":"2023-12-08","api_last_modified_on":"2025-08-14","updated_at":"2026-07-25T01:27:52.347112+00:00"},"geometry":{"type":"Point","coordinates":[128.201608742,37.277823376]}},{"type":"Feature","id":"26cbf9fffc149f4467946a265d00008c2a16d0681632528e25b6f4e8c4a7b923-1","properties":{"facility_id":"26cbf9fffc149f4467946a265d00008c2a16d0681632528e25b6f4e8c4a7b923","point_ordinal":1,"zone_group_id":"511301000305","source_manage_no":"511301000304","facility_name":"송이유치원","sgg_code":"51130","facility_type_code":"1","api_first_registered_on":"2009-01-28","api_last_modified_on":null,"updated_at":"2026-07-25T01:27:52.347112+00:00"},"geometry":{"type":"Point","coordinates":[127.941176577,37.327515906]}},{"type":"Feature","id":"e5da7818f18e8e058888539bf83f7f5cfb0a3c2afdcc7ce2f6972a9930ec8644-1","properties":{"facility_id":"e5da7818f18e8e058888539bf83f7f5cfb0a3c2afdcc7ce2f6972a9930ec8644","point_ordinal":1,"zone_group_id":"511301000289","source_manage_no":"511301000289","facility_name":"스마트유치원","sgg_code":"51130","facility_type_code":"1","api_first_registered_on":"2010-12-23","api_last_modified_on":null,"updated_at":"2026-07-25T01:27:52.347112+00:00"},"geometry":{"type":"Point","coordinates":[127.934395538,37.337698178]}},{"type":"Feature","id":"5425ab64127d57a649d8fdbde2dda219cca700da2fe876bb3f5ab69f072519eb-1","properties":{"facility_id":"5425ab64127d57a649d8fdbde2dda219cca700da2fe876bb3f5ab69f072519eb","point_ordinal":1,"zone_group_id":"511302026898","source_manage_no":"511302026898","facility_name":"신림1리 경로당","sgg_code":"51130","facility_type_code":"2","api_first_registered_on":"2023-12-08","api_last_modified_on":"2025-08-14","updated_at":"2026-07-25T01:27:52.347112+00:00"},"geometry":{"type":"Point","coordinates":[128.082652583,37.227073425]}},{"type":"Feature","id":"77884655a41fb69932a9f2e6d3da133a347bc8c0e9cd10e9a8655bf62c5c0d99-1","properties":{"facility_id":"77884655a41fb69932a9f2e6d3da133a347bc8c0e9cd10e9a8655bf62c5c0d99","point_ordinal":1,"zone_group_id":"511301000357","source_manage_no":"511301000357","facility_name":"신림초등학교","sgg_code":"51130","facility_type_code":"1","api_first_registered_on":"1996-05-31","api_last_modified_on":null,"updated_at":"2026-07-25T01:27:52.347112+00:00"},"geometry":{"type":"Point","coordinates":[128.07860509,37.231434134]}},{"type":"Feature","id":"420e3dc9014b57c7f83e22afbf3d31773110a6b97feec6efff4a962c05204157-1","properties":{"facility_id":"420e3dc9014b57c7f83e22afbf3d31773110a6b97feec6efff4a962c05204157","point_ordinal":1,"zone_group_id":"511301000370","source_manage_no":"511301000370","facility_name":"신평초등학교","sgg_code":"51130","facility_type_code":"1","api_first_registered_on":"2007-11-12","api_last_modified_on":null,"updated_at":"2026-07-25T01:27:52.347112+00:00"},"geometry":{"type":"Point","coordinates":[127.892304274,37.384769703]}},{"type":"Feature","id":"a79d130a7c1c107b4f0827b45201eee4dff0cb5420b27850af217b25ac0e30ca-1","properties":{"facility_id":"a79d130a7c1c107b4f0827b45201eee4dff0cb5420b27850af217b25ac0e30ca","point_ordinal":1,"zone_group_id":"511301000370","source_manage_no":"511301026234","facility_name":"신평초등학교 병설유치원","sgg_code":"51130","facility_type_code":"1","api_first_registered_on":null,"api_last_modified_on":null,"updated_at":"2026-07-25T01:27:52.347112+00:00"},"geometry":{"type":"Point","coordinates":[127.892297375,37.384663888]}},{"type":"Feature","id":"27b9500169e012594c2006ff89f83fce1ccacc7be70c8306134bcdca54a2e6bd-1","properties":{"facility_id":"27b9500169e012594c2006ff89f83fce1ccacc7be70c8306134bcdca54a2e6bd","point_ordinal":1,"zone_group_id":"511301000298","source_manage_no":"511301000298","facility_name":"영지유치원","sgg_code":"51130","facility_type_code":"1","api_first_registered_on":"2010-09-29","api_last_modified_on":null,"updated_at":"2026-07-25T01:27:52.347112+00:00"},"geometry":{"type":"Point","coordinates":[127.955867971,37.32110061]}},{"type":"Feature","id":"002376eee30f11eb38f70a28aa53f1b06cae34f5124096c0652655fe4583c17a-1","properties":{"facility_id":"002376eee30f11eb38f70a28aa53f1b06cae34f5124096c0652655fe4583c17a","point_ordinal":1,"zone_group_id":"511301000346","source_manage_no":"511301000346","facility_name":"예그랑유치원","sgg_code":"51130","facility_type_code":"1","api_first_registered_on":"2008-05-02","api_last_modified_on":null,"updated_at":"2026-07-25T01:27:52.347112+00:00"},"geometry":{"type":"Point","coordinates":[127.964958588,37.342560637]}},{"type":"Feature","id":"8c8fb9f28976df18abeaf469e2587769700cc6ca31ba1306827b3690d0ddb06b-1","properties":{"facility_id":"8c8fb9f28976df18abeaf469e2587769700cc6ca31ba1306827b3690d0ddb06b","point_ordinal":1,"zone_group_id":"511301000299","source_manage_no":"511301000299","facility_name":"예지유치원","sgg_code":"51130","facility_type_code":"1","api_first_registered_on":"2015-02-27","api_last_modified_on":null,"updated_at":"2026-07-25T01:27:52.347112+00:00"},"geometry":{"type":"Point","coordinates":[127.957068581,37.314991856]}},{"type":"Feature","id":"75d733b739828d01913a44f8275483eafe9b5394ba9c95880277ee3ecd11b18b-1","properties":{"facility_id":"75d733b739828d01913a44f8275483eafe9b5394ba9c95880277ee3ecd11b18b","point_ordinal":1,"zone_group_id":"511302029408","source_manage_no":"511302029408","facility_name":"오리현경로당","sgg_code":"51130","facility_type_code":"2","api_first_registered_on":"2025-07-22","api_last_modified_on":"2025-08-01","updated_at":"2026-07-25T01:27:52.347112+00:00"},"geometry":{"type":"Point","coordinates":[127.998085649,37.337440308]}},{"type":"Feature","id":"56cbda2d50934308adbbbeebc30bc06995408be6a86d47a6b65a9f1e443fa2a3-1","properties":{"facility_id":"56cbda2d50934308adbbbeebc30bc06995408be6a86d47a6b65a9f1e443fa2a3","point_ordinal":1,"zone_group_id":"511302026897","source_manage_no":"511302026897","facility_name":"용암2리 경로당","sgg_code":"51130","facility_type_code":"2","api_first_registered_on":"2023-12-08","api_last_modified_on":"2025-08-14","updated_at":"2026-07-25T01:27:52.347112+00:00"},"geometry":{"type":"Point","coordinates":[128.085921653,37.210718181]}},{"type":"Feature","id":"5f8a3175d8f9786854097160ddeb75bab5e533f40336636d0990c521d8749146-1","properties":{"facility_id":"5f8a3175d8f9786854097160ddeb75bab5e533f40336636d0990c521d8749146","point_ordinal":1,"zone_group_id":"511301000360","source_manage_no":"511301000360","facility_name":"우산초등학교","sgg_code":"51130","facility_type_code":"1","api_first_registered_on":"1997-06-09","api_last_modified_on":null,"updated_at":"2026-07-25T01:27:52.347112+00:00"},"geometry":{"type":"Point","coordinates":[127.932803896,37.369457763]}},{"type":"Feature","id":"786251123bd8cdcc304000a7609b331dc38a39ffe862b75f0cdb3fa8e5accd38-1","properties":{"facility_id":"786251123bd8cdcc304000a7609b331dc38a39ffe862b75f0cdb3fa8e5accd38","point_ordinal":1,"zone_group_id":"511301000360","source_manage_no":"511301000361","facility_name":"우산초등학교 병설유치원","sgg_code":"51130","facility_type_code":"1","api_first_registered_on":"1997-06-09","api_last_modified_on":null,"updated_at":"2026-07-25T01:27:52.347112+00:00"},"geometry":{"type":"Point","coordinates":[127.932858327,37.369295155]}},{"type":"Feature","id":"a459a6dbc77fa799c32833a9ba65315be2b8e3aff6861f254ae9d77259ff98a4-1","properties":{"facility_id":"a459a6dbc77fa799c32833a9ba65315be2b8e3aff6861f254ae9d77259ff98a4","point_ordinal":1,"zone_group_id":"511302026902","source_manage_no":"511302026902","facility_name":"운계2리 경로당","sgg_code":"51130","facility_type_code":"2","api_first_registered_on":"2023-12-08","api_last_modified_on":"2025-08-14","updated_at":"2026-07-25T01:27:52.347112+00:00"},"geometry":{"type":"Point","coordinates":[127.884579117,37.184568956]}},{"type":"Feature","id":"a833e6fdd73724e647d6e43e64100478cc587a458c572f1f0a096c749c382355-1","properties":{"facility_id":"a833e6fdd73724e647d6e43e64100478cc587a458c572f1f0a096c749c382355","point_ordinal":1,"zone_group_id":"511301000338","source_manage_no":"511301000338","facility_name":"원주보듬이나눔이어린이집","sgg_code":"51130","facility_type_code":"1","api_first_registered_on":"2016-10-05","api_last_modified_on":null,"updated_at":"2026-07-25T01:27:52.347112+00:00"},"geometry":{"type":"Point","coordinates":[127.974885068,37.32968675]}},{"type":"Feature","id":"431f74b8182102beb81ce83acc1054b0acae503c1c0ee6ec5590e8e31a7ffb71-1","properties":{"facility_id":"431f74b8182102beb81ce83acc1054b0acae503c1c0ee6ec5590e8e31a7ffb71","point_ordinal":1,"zone_group_id":"511302022895","source_manage_no":"511302022895","facility_name":"원주보훈요양원","sgg_code":"51130","facility_type_code":"2","api_first_registered_on":"2020-12-17","api_last_modified_on":"2025-08-16","updated_at":"2026-07-25T01:27:52.347112+00:00"},"geometry":{"type":"Point","coordinates":[127.991299974,37.330239194]}},{"type":"Feature","id":"acee6de1cc1cfa290600c61f57eac32dbb259b2406c49c0a129e5572910f836b-1","properties":{"facility_id":"acee6de1cc1cfa290600c61f57eac32dbb259b2406c49c0a129e5572910f836b","point_ordinal":1,"zone_group_id":"511301000276","source_manage_no":"511301000276","facility_name":"원주삼성어린이집","sgg_code":"51130","facility_type_code":"1","api_first_registered_on":"2006-06-01","api_last_modified_on":null,"updated_at":"2026-07-25T01:27:52.347112+00:00"},"geometry":{"type":"Point","coordinates":[127.950830512,37.33492841]}},{"type":"Feature","id":"1cf6381b209012d253899de0e9dfe9c01e2ac7d7f633f34b549c1456af26c083-1","properties":{"facility_id":"1cf6381b209012d253899de0e9dfe9c01e2ac7d7f633f34b549c1456af26c083","point_ordinal":1,"zone_group_id":"511302000295","source_manage_no":"511302000295","facility_name":"원주시노인종합복지관","sgg_code":"51130","facility_type_code":"2","api_first_registered_on":"2008-03-04","api_last_modified_on":null,"updated_at":"2026-07-25T01:27:52.347112+00:00"},"geometry":{"type":"Point","coordinates":[127.969344862,37.318674781]}},{"type":"Feature","id":"eba7547495ffc28bbcc236c709f00fbb0135ef1dd909206d7790d138850cca25-1","properties":{"facility_id":"eba7547495ffc28bbcc236c709f00fbb0135ef1dd909206d7790d138850cca25","point_ordinal":1,"zone_group_id":"511301000314","source_manage_no":"511301000319","facility_name":"원주시청어린이집","sgg_code":"51130","facility_type_code":"1","api_first_registered_on":"2010-12-21","api_last_modified_on":null,"updated_at":"2026-07-25T01:27:52.347112+00:00"},"geometry":{"type":"Point","coordinates":[127.918236641,37.339635197]}},{"type":"Feature","id":"c2e1313b1bdf5da3993bd4d2e137af35d812aa3fe5d6edcf2621c85ddb91157a-1","properties":{"facility_id":"c2e1313b1bdf5da3993bd4d2e137af35d812aa3fe5d6edcf2621c85ddb91157a","point_ordinal":1,"zone_group_id":"511301000366","source_manage_no":"511301000366","facility_name":"원주유치원","sgg_code":"51130","facility_type_code":"1","api_first_registered_on":"2010-09-29","api_last_modified_on":null,"updated_at":"2026-07-25T01:27:52.347112+00:00"},"geometry":{"type":"Point","coordinates":[127.947949867,37.347145546]}},{"type":"Feature","id":"eaa8de0992868b95c6a1458eba590fe819d262924b61fa959537f1094e6f850b-1","properties":{"facility_id":"eaa8de0992868b95c6a1458eba590fe819d262924b61fa959537f1094e6f850b","point_ordinal":1,"zone_group_id":"511301000290","source_manage_no":"511301000290","facility_name":"원주청원학교","sgg_code":"51130","facility_type_code":"1","api_first_registered_on":"2009-01-28","api_last_modified_on":null,"updated_at":"2026-07-25T01:27:52.347112+00:00"},"geometry":{"type":"Point","coordinates":[127.929597638,37.354406384]}},{"type":"Feature","id":"2f080d5ee7e49e45be72b2f787af0e27d976e562aa0f68535b91724eb0ab9303-1","properties":{"facility_id":"2f080d5ee7e49e45be72b2f787af0e27d976e562aa0f68535b91724eb0ab9303","point_ordinal":1,"zone_group_id":"511301000347","source_manage_no":"511301000347","facility_name":"원주초등학교","sgg_code":"51130","facility_type_code":"1","api_first_registered_on":"1996-05-31","api_last_modified_on":null,"updated_at":"2026-07-25T01:27:52.347112+00:00"},"geometry":{"type":"Point","coordinates":[127.958783007,37.347937492]}},{"type":"Feature","id":"135dac8644a6288646b3c2fcb28e0348f68561d63078b8f9debe7a514e471d43-1","properties":{"facility_id":"135dac8644a6288646b3c2fcb28e0348f68561d63078b8f9debe7a514e471d43","point_ordinal":1,"zone_group_id":"511301000347","source_manage_no":"511301000348","facility_name":"원주초등학교 병설유치원","sgg_code":"51130","facility_type_code":"1","api_first_registered_on":"1996-05-31","api_last_modified_on":null,"updated_at":"2026-07-25T01:27:52.347112+00:00"},"geometry":{"type":"Point","coordinates":[127.958764018,37.347775466]}},{"type":"Feature","id":"171f27ac91559a26a4be9bbd321db1f36f24a918aa3f187a256364024a82f0fd-1","properties":{"facility_id":"171f27ac91559a26a4be9bbd321db1f36f24a918aa3f187a256364024a82f0fd","point_ordinal":1,"zone_group_id":"511301000324","source_manage_no":"511301000331","facility_name":"원주큰별어린이집","sgg_code":"51130","facility_type_code":"1","api_first_registered_on":"2010-12-21","api_last_modified_on":null,"updated_at":"2026-07-25T01:27:52.347112+00:00"},"geometry":{"type":"Point","coordinates":[127.81942569,37.312609469]}},{"type":"Feature","id":"0589e2a954f9dbef47931858abe1d931f41a9b9a3a69381e523d9672093ea0b4-1","properties":{"facility_id":"0589e2a954f9dbef47931858abe1d931f41a9b9a3a69381e523d9672093ea0b4","point_ordinal":1,"zone_group_id":"511301029869","source_manage_no":"511301029869","facility_name":"원주화교소학교","sgg_code":"51130","facility_type_code":"1","api_first_registered_on":"2025-12-19","api_last_modified_on":"2025-12-19","updated_at":"2026-07-25T01:27:52.347112+00:00"},"geometry":{"type":"Point","coordinates":[127.942961248,37.313909423]}},{"type":"Feature","id":"a86adefef9066eae93ff8472557224a7a0583cba53ebc9e51286baab7c2e7f4f-1","properties":{"facility_id":"a86adefef9066eae93ff8472557224a7a0583cba53ebc9e51286baab7c2e7f4f","point_ordinal":1,"zone_group_id":"511302029406","source_manage_no":"511302029406","facility_name":"월송4리 구미마을회관","sgg_code":"51130","facility_type_code":"2","api_first_registered_on":"2025-06-10","api_last_modified_on":"2025-08-01","updated_at":"2026-07-25T01:27:52.347112+00:00"},"geometry":{"type":"Point","coordinates":[127.872186182,37.40190218]}},{"type":"Feature","id":"2375373193cf5b8e1d8c53bef6f46cb5f25b140846a460bd5a34505c14d5f229-1","properties":{"facility_id":"2375373193cf5b8e1d8c53bef6f46cb5f25b140846a460bd5a34505c14d5f229","point_ordinal":1,"zone_group_id":"511301000362","source_manage_no":"511301000362","facility_name":"웨스포어린이집","sgg_code":"51130","facility_type_code":"1","api_first_registered_on":"2017-08-04","api_last_modified_on":null,"updated_at":"2026-07-25T01:27:52.347112+00:00"},"geometry":{"type":"Point","coordinates":[127.94153985,37.37462438]}},{"type":"Feature","id":"05010942f98a8aa5287855992ca85ab3a7f62d443667e0f7b59a9a322fafc937-1","properties":{"facility_id":"05010942f98a8aa5287855992ca85ab3a7f62d443667e0f7b59a9a322fafc937","point_ordinal":1,"zone_group_id":"511301000301","source_manage_no":"511301000301","facility_name":"이화유치원","sgg_code":"51130","facility_type_code":"1","api_first_registered_on":"2009-01-28","api_last_modified_on":null,"updated_at":"2026-07-25T01:27:52.347112+00:00"},"geometry":{"type":"Point","coordinates":[127.94320575,37.324725736]}},{"type":"Feature","id":"cd8876cfd3c3f0f932de5a8c79eeee3307373fd3f0716ed0b2ee953dc6fe3254-1","properties":{"facility_id":"cd8876cfd3c3f0f932de5a8c79eeee3307373fd3f0716ed0b2ee953dc6fe3254","point_ordinal":1,"zone_group_id":"511301000367","source_manage_no":"511301000367","facility_name":"일산초등학교","sgg_code":"51130","facility_type_code":"1","api_first_registered_on":"1996-05-31","api_last_modified_on":null,"updated_at":"2026-07-25T01:27:52.347112+00:00"},"geometry":{"type":"Point","coordinates":[127.942362567,37.346470862]}},{"type":"Feature","id":"462948217555f75ce4af891ea2e63c7d975e1227adff5707149735982d1016b2-1","properties":{"facility_id":"462948217555f75ce4af891ea2e63c7d975e1227adff5707149735982d1016b2","point_ordinal":1,"zone_group_id":"511301000367","source_manage_no":"511301000368","facility_name":"일산초등학교 병설유치원","sgg_code":"51130","facility_type_code":"1","api_first_registered_on":"1996-05-31","api_last_modified_on":null,"updated_at":"2026-07-25T01:27:52.347112+00:00"},"geometry":{"type":"Point","coordinates":[127.942321258,37.34677753]}},{"type":"Feature","id":"bbfc3d6f45e1dce89d3b42630ea8c815aaf9bd9450f4a9d155addc018d8dcfe4-1","properties":{"facility_id":"bbfc3d6f45e1dce89d3b42630ea8c815aaf9bd9450f4a9d155addc018d8dcfe4","point_ordinal":1,"zone_group_id":"511301000314","source_manage_no":"511301000320","facility_name":"자연유치원","sgg_code":"51130","facility_type_code":"1","api_first_registered_on":"2010-09-29","api_last_modified_on":null,"updated_at":"2026-07-25T01:27:52.347112+00:00"},"geometry":{"type":"Point","coordinates":[127.920227611,37.337508594]}},{"type":"Feature","id":"fa28594b4e96dda32bc625ea1af8eaf1d2ca80892cb5e26339b94e7e03d0830b-1","properties":{"facility_id":"fa28594b4e96dda32bc625ea1af8eaf1d2ca80892cb5e26339b94e7e03d0830b","point_ordinal":1,"zone_group_id":"511301000374","source_manage_no":"511301000374","facility_name":"장양초등학교","sgg_code":"51130","facility_type_code":"1","api_first_registered_on":"1996-05-31","api_last_modified_on":null,"updated_at":"2026-07-25T01:27:52.347112+00:00"},"geometry":{"type":"Point","coordinates":[127.954277988,37.398621133]}},{"type":"Feature","id":"b2e6265669bf055990eeeb4be12eabeb780b71a22f8eb45bf85dcb48f945e1b5-1","properties":{"facility_id":"b2e6265669bf055990eeeb4be12eabeb780b71a22f8eb45bf85dcb48f945e1b5","point_ordinal":1,"zone_group_id":"511301000374","source_manage_no":"511301000375","facility_name":"장양초등학교 병설유치원","sgg_code":"51130","facility_type_code":"1","api_first_registered_on":"1996-05-31","api_last_modified_on":null,"updated_at":"2026-07-25T01:27:52.347112+00:00"},"geometry":{"type":"Point","coordinates":[127.954286539,37.398404827]}},{"type":"Feature","id":"5dceaa0034031dbf4d5184606ada1462cac65bdbd76774d5b3cf17823987cd15-1","properties":{"facility_id":"5dceaa0034031dbf4d5184606ada1462cac65bdbd76774d5b3cf17823987cd15","point_ordinal":1,"zone_group_id":"511303026006","source_manage_no":"511303026006","facility_name":"장주기요셉의집","sgg_code":"51130","facility_type_code":"3","api_first_registered_on":"2022-12-15","api_last_modified_on":"2025-08-16","updated_at":"2026-07-25T01:27:52.347112+00:00"},"geometry":{"type":"Point","coordinates":[127.933832508,37.45573774]}},{"type":"Feature","id":"eeb9e5caf3bbda909e718eef6cb5518d9c3b25ae88557d4e1b0dc57718cfd6a5-1","properties":{"facility_id":"eeb9e5caf3bbda909e718eef6cb5518d9c3b25ae88557d4e1b0dc57718cfd6a5","point_ordinal":1,"zone_group_id":"511301000310","source_manage_no":"511301000310","facility_name":"제일유치원","sgg_code":"51130","facility_type_code":"1","api_first_registered_on":"2010-12-23","api_last_modified_on":null,"updated_at":"2026-07-25T01:27:52.347112+00:00"},"geometry":{"type":"Point","coordinates":[127.939681356,37.335737932]}},{"type":"Feature","id":"db9ee032586e7f98d4862c48f6611f0ee640452be9966a32835fd5384cd15b9c-1","properties":{"facility_id":"db9ee032586e7f98d4862c48f6611f0ee640452be9966a32835fd5384cd15b9c","point_ordinal":1,"zone_group_id":"511301000388","source_manage_no":"511301000388","facility_name":"중앙초등학교","sgg_code":"51130","facility_type_code":"1","api_first_registered_on":"1997-06-09","api_last_modified_on":null,"updated_at":"2026-07-25T01:27:52.347112+00:00"},"geometry":{"type":"Point","coordinates":[127.939071748,37.352733436]}},{"type":"Feature","id":"0d7de6fcadd43835b73252774d4099c0a00099c1f810fa7942966386036cc310-1","properties":{"facility_id":"0d7de6fcadd43835b73252774d4099c0a00099c1f810fa7942966386036cc310","point_ordinal":1,"zone_group_id":"511301000388","source_manage_no":"511301000389","facility_name":"중앙초등학교 병설유치원","sgg_code":"51130","facility_type_code":"1","api_first_registered_on":"1997-06-09","api_last_modified_on":null,"updated_at":"2026-07-25T01:27:52.347112+00:00"},"geometry":{"type":"Point","coordinates":[127.9390841,37.352818932]}},{"type":"Feature","id":"8a8427994cb26c70cde515c3d23c4302b4f605996af755dfabb97fd525550fec-1","properties":{"facility_id":"8a8427994cb26c70cde515c3d23c4302b4f605996af755dfabb97fd525550fec","point_ordinal":1,"zone_group_id":"511301000386","source_manage_no":"511301000386","facility_name":"중평어린이집","sgg_code":"51130","facility_type_code":"1","api_first_registered_on":"2010-12-21","api_last_modified_on":null,"updated_at":"2026-07-25T01:27:52.347112+00:00"},"geometry":{"type":"Point","coordinates":[127.952793886,37.350694482]}},{"type":"Feature","id":"8f13758b2d3c8d46e82c4e945487d3c83572d4370f8c7ebbdd3bc73402aa6d25-1","properties":{"facility_id":"8f13758b2d3c8d46e82c4e945487d3c83572d4370f8c7ebbdd3bc73402aa6d25","point_ordinal":1,"zone_group_id":"511301025615","source_manage_no":"511301025615","facility_name":"지정샘유치원","sgg_code":"51130","facility_type_code":"1","api_first_registered_on":"2022-06-13","api_last_modified_on":null,"updated_at":"2026-07-25T01:27:52.347112+00:00"},"geometry":{"type":"Point","coordinates":[127.877294876,37.384940445]}},{"type":"Feature","id":"59893c218ef8503d113aae9a47275a57f9401ad89352c1b596a25314f2757e17-1","properties":{"facility_id":"59893c218ef8503d113aae9a47275a57f9401ad89352c1b596a25314f2757e17","point_ordinal":1,"zone_group_id":"511301000371","source_manage_no":"511301000371","facility_name":"지정초등학교","sgg_code":"51130","facility_type_code":"1","api_first_registered_on":"1998-06-15","api_last_modified_on":null,"updated_at":"2026-07-25T01:27:52.347112+00:00"},"geometry":{"type":"Point","coordinates":[127.845689478,37.348078692]}},{"type":"Feature","id":"30b7cfbaa229cdc3941da175c0e76ed9795e9f41bf66b8bba3d3a5965f32d3e5-1","properties":{"facility_id":"30b7cfbaa229cdc3941da175c0e76ed9795e9f41bf66b8bba3d3a5965f32d3e5","point_ordinal":1,"zone_group_id":"511301000371","source_manage_no":"511301000372","facility_name":"지정초등학교 병설유치원","sgg_code":"51130","facility_type_code":"1","api_first_registered_on":"1998-06-15","api_last_modified_on":null,"updated_at":"2026-07-25T01:27:52.347112+00:00"},"geometry":{"type":"Point","coordinates":[127.845682825,37.347988639]}},{"type":"Feature","id":"ee3cc7ed707ad0983e4a8d76cb7474ae6f0efd6be524ba8663e2c1a4b7ade8b8-1","properties":{"facility_id":"ee3cc7ed707ad0983e4a8d76cb7474ae6f0efd6be524ba8663e2c1a4b7ade8b8","point_ordinal":1,"zone_group_id":"511301000311","source_manage_no":"511301000311","facility_name":"치악초등학교","sgg_code":"51130","facility_type_code":"1","api_first_registered_on":"2006-06-01","api_last_modified_on":null,"updated_at":"2026-07-25T01:27:52.347112+00:00"},"geometry":{"type":"Point","coordinates":[127.939420049,37.331441682]}},{"type":"Feature","id":"9feede3e61cb700875b9d920e26e25a066ec8ac1b473d397f3a8273a9de925de-1","properties":{"facility_id":"9feede3e61cb700875b9d920e26e25a066ec8ac1b473d397f3a8273a9de925de","point_ordinal":1,"zone_group_id":"511301000311","source_manage_no":"511301026235","facility_name":"치악초등학교 병설유치원","sgg_code":"51130","facility_type_code":"1","api_first_registered_on":null,"api_last_modified_on":null,"updated_at":"2026-07-25T01:27:52.347112+00:00"},"geometry":{"type":"Point","coordinates":[127.939413033,37.331331365]}},{"type":"Feature","id":"a9d420b35bcba8e7646e5817ac7eed4fe3351a8ece542bd225506944ee5a17a9-1","properties":{"facility_id":"a9d420b35bcba8e7646e5817ac7eed4fe3351a8ece542bd225506944ee5a17a9","point_ordinal":1,"zone_group_id":"511301000376","source_manage_no":"511301000376","facility_name":"큰나무유치원","sgg_code":"51130","facility_type_code":"1","api_first_registered_on":"2009-01-28","api_last_modified_on":null,"updated_at":"2026-07-25T01:27:52.347112+00:00"},"geometry":{"type":"Point","coordinates":[127.95028141,37.385056456]}},{"type":"Feature","id":"7157d8317c4afd1866cd39aae268037d9098e0f3751a54dcd5945d74dad40abd-1","properties":{"facility_id":"7157d8317c4afd1866cd39aae268037d9098e0f3751a54dcd5945d74dad40abd","point_ordinal":1,"zone_group_id":"511301000377","source_manage_no":"511301000377","facility_name":"태봉초등학교","sgg_code":"51130","facility_type_code":"1","api_first_registered_on":"2006-06-01","api_last_modified_on":null,"updated_at":"2026-07-25T01:27:52.347112+00:00"},"geometry":{"type":"Point","coordinates":[127.956506127,37.386148135]}},{"type":"Feature","id":"4977e0f8fde3ef67ae65c3157b8ee675edf8c90bfe65331d3856f6d70a611432-1","properties":{"facility_id":"4977e0f8fde3ef67ae65c3157b8ee675edf8c90bfe65331d3856f6d70a611432","point_ordinal":1,"zone_group_id":"511301000377","source_manage_no":"511301000378","facility_name":"태봉초등학교 병설유치원","sgg_code":"51130","facility_type_code":"1","api_first_registered_on":"2006-06-01","api_last_modified_on":null,"updated_at":"2026-07-25T01:27:52.347112+00:00"},"geometry":{"type":"Point","coordinates":[127.956492719,37.385981561]}},{"type":"Feature","id":"0824065691957cf1518ec116b95c120a65b6f987fc461deb2e4cee918cfdcab7-1","properties":{"facility_id":"0824065691957cf1518ec116b95c120a65b6f987fc461deb2e4cee918cfdcab7","point_ordinal":1,"zone_group_id":"511301000379","source_manage_no":"511301000379","facility_name":"태장초등학교","sgg_code":"51130","facility_type_code":"1","api_first_registered_on":"1996-05-31","api_last_modified_on":null,"updated_at":"2026-07-25T01:27:52.347112+00:00"},"geometry":{"type":"Point","coordinates":[127.950834531,37.376982682]}},{"type":"Feature","id":"64f6e274021e67423821b48dd9fec09a798d4ebdc1339ac3b8e6456ffac1d4a5-1","properties":{"facility_id":"64f6e274021e67423821b48dd9fec09a798d4ebdc1339ac3b8e6456ffac1d4a5","point_ordinal":1,"zone_group_id":"511301000379","source_manage_no":"511301000380","facility_name":"태장초등학교 병설유치원","sgg_code":"51130","facility_type_code":"1","api_first_registered_on":"1996-05-31","api_last_modified_on":null,"updated_at":"2026-07-25T01:27:52.347112+00:00"},"geometry":{"type":"Point","coordinates":[127.95092234,37.376783758]}},{"type":"Feature","id":"63173c61703ff47b3dae79c628c4a12998e7fb03ae665690978fdfad0875cc89-1","properties":{"facility_id":"63173c61703ff47b3dae79c628c4a12998e7fb03ae665690978fdfad0875cc89","point_ordinal":1,"zone_group_id":"511301000312","source_manage_no":"511301000312","facility_name":"평원초등학교","sgg_code":"51130","facility_type_code":"1","api_first_registered_on":"2006-06-01","api_last_modified_on":null,"updated_at":"2026-07-25T01:27:52.347112+00:00"},"geometry":{"type":"Point","coordinates":[127.931182395,37.349659938]}},{"type":"Feature","id":"5ee4d6401853a552efab2ad4701904b278d89b67a718c7803bc99a8ccc728f0b-1","properties":{"facility_id":"5ee4d6401853a552efab2ad4701904b278d89b67a718c7803bc99a8ccc728f0b","point_ordinal":1,"zone_group_id":"511302026899","source_manage_no":"511302026899","facility_name":"포진2리 경로당","sgg_code":"51130","facility_type_code":"2","api_first_registered_on":"2023-12-08","api_last_modified_on":"2025-08-14","updated_at":"2026-07-25T01:27:52.347112+00:00"},"geometry":{"type":"Point","coordinates":[127.815967206,37.284038991]}},{"type":"Feature","id":"03b314bd43334452e9c8d5e38b6f30b986f940e7e9d9b6c818b640f8a12534e9-1","properties":{"facility_id":"03b314bd43334452e9c8d5e38b6f30b986f940e7e9d9b6c818b640f8a12534e9","point_ordinal":1,"zone_group_id":"511301000321","source_manage_no":"511301000321","facility_name":"푸른자연유치원","sgg_code":"51130","facility_type_code":"1","api_first_registered_on":"2015-02-27","api_last_modified_on":null,"updated_at":"2026-07-25T01:27:52.347112+00:00"},"geometry":{"type":"Point","coordinates":[127.931856649,37.337510114]}},{"type":"Feature","id":"074b9ed84e62eb6edebd460499046f27b3ee04e03cff6f23c464cbf451af9bbf-1","properties":{"facility_id":"074b9ed84e62eb6edebd460499046f27b3ee04e03cff6f23c464cbf451af9bbf","point_ordinal":1,"zone_group_id":"511301000336","source_manage_no":"511301000343","facility_name":"프라임상상유치원","sgg_code":"51130","facility_type_code":"1","api_first_registered_on":"2016-10-05","api_last_modified_on":null,"updated_at":"2026-07-25T01:27:52.347112+00:00"},"geometry":{"type":"Point","coordinates":[127.990429165,37.323094219]}},{"type":"Feature","id":"b2bbc5ea203aac1f2d3b3881ddb76da62b2eb57e1bcd9f7370791ab67d16a7bb-1","properties":{"facility_id":"b2bbc5ea203aac1f2d3b3881ddb76da62b2eb57e1bcd9f7370791ab67d16a7bb","point_ordinal":1,"zone_group_id":"511301000385","source_manage_no":"511301000385","facility_name":"학림유치원","sgg_code":"51130","facility_type_code":"1","api_first_registered_on":"2009-01-28","api_last_modified_on":null,"updated_at":"2026-07-25T01:27:52.347112+00:00"},"geometry":{"type":"Point","coordinates":[127.936245192,37.322047506]}},{"type":"Feature","id":"138991bdbe77e70d168503230fcce5b4749d626484d59a973db246593cc7c3be-1","properties":{"facility_id":"138991bdbe77e70d168503230fcce5b4749d626484d59a973db246593cc7c3be","point_ordinal":1,"zone_group_id":"511301018929","source_manage_no":"511301018929","facility_name":"학성초등학교","sgg_code":"51130","facility_type_code":"1","api_first_registered_on":"2020-03-02","api_last_modified_on":null,"updated_at":"2026-07-25T01:27:52.347112+00:00"},"geometry":{"type":"Point","coordinates":[127.959014259,37.360681919]}},{"type":"Feature","id":"8ba1061480f3a878a095dd94dd3960a240dfaa28ed18dc80c27493916b6a7f14-1","properties":{"facility_id":"8ba1061480f3a878a095dd94dd3960a240dfaa28ed18dc80c27493916b6a7f14","point_ordinal":1,"zone_group_id":"511301000303","source_manage_no":"511301000303","facility_name":"한아름유치원","sgg_code":"51130","facility_type_code":"1","api_first_registered_on":"2009-01-28","api_last_modified_on":null,"updated_at":"2026-07-25T01:27:52.347112+00:00"},"geometry":{"type":"Point","coordinates":[127.954301027,37.3292957]}},{"type":"Feature","id":"8b55984d3de23cea764c01db152f027639816de277fffa01ff3d7bb141ed9585-1","properties":{"facility_id":"8b55984d3de23cea764c01db152f027639816de277fffa01ff3d7bb141ed9585","point_ordinal":1,"zone_group_id":"511301000364","source_manage_no":"511301000364","facility_name":"해오름어린이집","sgg_code":"51130","facility_type_code":"1","api_first_registered_on":"2017-08-04","api_last_modified_on":null,"updated_at":"2026-07-25T01:27:52.347112+00:00"},"geometry":{"type":"Point","coordinates":[127.948027717,37.341343978]}},{"type":"Feature","id":"653f1fd65137edc7d1f5e606f6c97bf52876d76db1796cdc7449a526cfa4ec53-1","properties":{"facility_id":"653f1fd65137edc7d1f5e606f6c97bf52876d76db1796cdc7449a526cfa4ec53","point_ordinal":1,"zone_group_id":"511301000397","source_manage_no":"511301000397","facility_name":"호저초등학교","sgg_code":"51130","facility_type_code":"1","api_first_registered_on":"2007-11-12","api_last_modified_on":null,"updated_at":"2026-07-25T01:27:52.347112+00:00"},"geometry":{"type":"Point","coordinates":[127.925962291,37.411756668]}},{"type":"Feature","id":"81ded08c9bf67b3842b3d860c9b58b90aa3ff680c60a3a4a53605e8ce990bfaa-1","properties":{"facility_id":"81ded08c9bf67b3842b3d860c9b58b90aa3ff680c60a3a4a53605e8ce990bfaa","point_ordinal":1,"zone_group_id":"511301000397","source_manage_no":"511301000398","facility_name":"호저초등학교 병설유치원","sgg_code":"51130","facility_type_code":"1","api_first_registered_on":"2007-11-12","api_last_modified_on":null,"updated_at":"2026-07-25T01:27:52.347112+00:00"},"geometry":{"type":"Point","coordinates":[127.925970701,37.411522345]}},{"type":"Feature","id":"ee98a214e05f5079dee3d6455e802bee4673b655af7bd89169801981b4ca1cf2-1","properties":{"facility_id":"ee98a214e05f5079dee3d6455e802bee4673b655af7bd89169801981b4ca1cf2","point_ordinal":1,"zone_group_id":"511302026894","source_manage_no":"511302026894","facility_name":"황둔2리 경로당","sgg_code":"51130","facility_type_code":"2","api_first_registered_on":"2023-11-08","api_last_modified_on":"2025-08-14","updated_at":"2026-07-25T01:27:52.347112+00:00"},"geometry":{"type":"Point","coordinates":[128.141070764,37.250633244]}},{"type":"Feature","id":"f73496b5c8957554fe673c3923847fbdd57ac15a971ad3758602d76ed3ff9c02-1","properties":{"facility_id":"f73496b5c8957554fe673c3923847fbdd57ac15a971ad3758602d76ed3ff9c02","point_ordinal":1,"zone_group_id":"511302018730","source_manage_no":"511302018730","facility_name":"황둔송계경로당","sgg_code":"51130","facility_type_code":"2","api_first_registered_on":"2019-04-05","api_last_modified_on":null,"updated_at":"2026-07-25T01:27:52.347112+00:00"},"geometry":{"type":"Point","coordinates":[128.189420017,37.261693031]}},{"type":"Feature","id":"1f72a6594ed75d59f830881762d41672a5aae3cb69b74520d8d913a2a92d57bb-1","properties":{"facility_id":"1f72a6594ed75d59f830881762d41672a5aae3cb69b74520d8d913a2a92d57bb","point_ordinal":1,"zone_group_id":"511301000358","source_manage_no":"511301000358","facility_name":"황둔초등학교","sgg_code":"51130","facility_type_code":"1","api_first_registered_on":"1996-05-31","api_last_modified_on":null,"updated_at":"2026-07-25T01:27:52.347112+00:00"},"geometry":{"type":"Point","coordinates":[128.185945692,37.261572071]}},{"type":"Feature","id":"3860ac1e26c1c792c5a52adb409ee834e936b2e3c1f2e0a390fe67b5f96b70ed-1","properties":{"facility_id":"3860ac1e26c1c792c5a52adb409ee834e936b2e3c1f2e0a390fe67b5f96b70ed","point_ordinal":1,"zone_group_id":"511301000358","source_manage_no":"511301000359","facility_name":"황둔초등학교 병설유치원","sgg_code":"51130","facility_type_code":"1","api_first_registered_on":"1996-05-31","api_last_modified_on":null,"updated_at":"2026-07-25T01:27:52.347112+00:00"},"geometry":{"type":"Point","coordinates":[128.185955974,37.261508899]}},{"type":"Feature","id":"34ce07774771a8686545a020fac232ad33750f21ba7c6ba3e32de65e81905809-1","properties":{"facility_id":"34ce07774771a8686545a020fac232ad33750f21ba7c6ba3e32de65e81905809","point_ordinal":1,"zone_group_id":"511302026903","source_manage_no":"511302026903","facility_name":"후용2리 복지회관","sgg_code":"51130","facility_type_code":"2","api_first_registered_on":"2023-12-08","api_last_modified_on":"2025-08-14","updated_at":"2026-07-25T01:27:52.347112+00:00"},"geometry":{"type":"Point","coordinates":[127.799120358,37.270975249]}},{"type":"Feature","id":"8833e187fcc805aca59075d7bf2c9d1cb38abb40171e39b8956bb108559f61fd-1","properties":{"facility_id":"8833e187fcc805aca59075d7bf2c9d1cb38abb40171e39b8956bb108559f61fd","point_ordinal":1,"zone_group_id":"511301000355","source_manage_no":"511301000355","facility_name":"흥양초등학교","sgg_code":"51130","facility_type_code":"1","api_first_registered_on":"2010-09-29","api_last_modified_on":null,"updated_at":"2026-07-25T01:27:52.347112+00:00"},"geometry":{"type":"Point","coordinates":[127.997212485,37.380825874]}},{"type":"Feature","id":"5255ba82233aa19cddadefd5455ee957ad6773dd85a31ab0fb726953647c935f-1","properties":{"facility_id":"5255ba82233aa19cddadefd5455ee957ad6773dd85a31ab0fb726953647c935f","point_ordinal":1,"zone_group_id":"511301000355","source_manage_no":"511301000356","facility_name":"흥양초등학교 병설유치원","sgg_code":"51130","facility_type_code":"1","api_first_registered_on":"2010-09-29","api_last_modified_on":null,"updated_at":"2026-07-25T01:27:52.347112+00:00"},"geometry":{"type":"Point","coordinates":[127.997199823,37.380722367]}},{"type":"Feature","id":"8eb6aa97c72f71fc5b22f44365ba4c3eed3f607bbc89f62ec8a11ffb012af5c0-1","properties":{"facility_id":"8eb6aa97c72f71fc5b22f44365ba4c3eed3f607bbc89f62ec8a11ffb012af5c0","point_ordinal":1,"zone_group_id":"511301000400","source_manage_no":"511301000400","facility_name":"흥업초등학교","sgg_code":"51130","facility_type_code":"1","api_first_registered_on":"2006-06-01","api_last_modified_on":null,"updated_at":"2026-07-25T01:27:52.347112+00:00"},"geometry":{"type":"Point","coordinates":[127.908694475,37.307364304]}},{"type":"Feature","id":"ad3a7e552a948f0dcfc0f64feda87490f96e8705cbb444619857b2e33ab60d47-1","properties":{"facility_id":"ad3a7e552a948f0dcfc0f64feda87490f96e8705cbb444619857b2e33ab60d47","point_ordinal":1,"zone_group_id":"511301000400","source_manage_no":"511301000401","facility_name":"흥업초등학교 병설유치원","sgg_code":"51130","facility_type_code":"1","api_first_registered_on":"2006-06-01","api_last_modified_on":null,"updated_at":"2026-07-25T01:27:52.347112+00:00"},"geometry":{"type":"Point","coordinates":[127.9086704,37.307238349]}},{"type":"Feature","id":"7234204c5a489c8f885d9b88af13e8b6c44b1e75852a2ee3a77852e2b354a87a-1","properties":{"facility_id":"7234204c5a489c8f885d9b88af13e8b6c44b1e75852a2ee3a77852e2b354a87a","point_ordinal":1,"zone_group_id":"511302024309","source_manage_no":"511302024309","facility_name":"흥호1리경로당","sgg_code":"51130","facility_type_code":"2","api_first_registered_on":"2021-08-25","api_last_modified_on":null,"updated_at":"2026-07-25T01:27:52.347112+00:00"},"geometry":{"type":"Point","coordinates":[127.761584695,37.242449642]}},{"type":"Feature","id":"b63ad255f7ba6814402fad5f822d6a504f06892501d8bbd412c791062bd4aded-1","properties":{"facility_id":"b63ad255f7ba6814402fad5f822d6a504f06892501d8bbd412c791062bd4aded","point_ordinal":1,"zone_group_id":"511501000001","source_manage_no":"511501000001","facility_name":"강동초등학교","sgg_code":"51150","facility_type_code":"1","api_first_registered_on":"1996-08-02","api_last_modified_on":null,"updated_at":"2026-07-25T01:27:52.347112+00:00"},"geometry":{"type":"Point","coordinates":[128.962631853,37.724844324]}},{"type":"Feature","id":"0b0cda2de010ca374e47d2b508f18815ad04c5c1856cc443fa294705bc49902d-1","properties":{"facility_id":"0b0cda2de010ca374e47d2b508f18815ad04c5c1856cc443fa294705bc49902d","point_ordinal":1,"zone_group_id":"511501000001","source_manage_no":"511501025147","facility_name":"강동초등학교 병설유치원","sgg_code":"51150","facility_type_code":"1","api_first_registered_on":null,"api_last_modified_on":null,"updated_at":"2026-07-25T01:27:52.347112+00:00"},"geometry":{"type":"Point","coordinates":[128.962766652,37.724957169]}},{"type":"Feature","id":"cdad4431aca507a33f2f1d0901a4abc73d3ebfe149336b54ae0b64f1c2aaa15b-1","properties":{"facility_id":"cdad4431aca507a33f2f1d0901a4abc73d3ebfe149336b54ae0b64f1c2aaa15b","point_ordinal":1,"zone_group_id":"511501000018","source_manage_no":"511501000017","facility_name":"강릉남산초등학교","sgg_code":"51150","facility_type_code":"1","api_first_registered_on":"2000-05-22","api_last_modified_on":null,"updated_at":"2026-07-25T01:27:52.347112+00:00"},"geometry":{"type":"Point","coordinates":[128.892336088,37.74470864]}},{"type":"Feature","id":"dc5ee938ece7ad2f61e98a32c064be79c3ca3ab5c8cda403841cdc08a77aeb4e-1","properties":{"facility_id":"dc5ee938ece7ad2f61e98a32c064be79c3ca3ab5c8cda403841cdc08a77aeb4e","point_ordinal":1,"zone_group_id":"511501000069","source_manage_no":"511501000069","facility_name":"강릉삼성어린이집","sgg_code":"51150","facility_type_code":"1","api_first_registered_on":"2006-08-16","api_last_modified_on":null,"updated_at":"2026-07-25T01:27:52.347112+00:00"},"geometry":{"type":"Point","coordinates":[128.905387894,37.759685861]}},{"type":"Feature","id":"80b8925118140b480a4b74fad51c77bdf964f00d687d89284a8f61d7ccc59e26-1","properties":{"facility_id":"80b8925118140b480a4b74fad51c77bdf964f00d687d89284a8f61d7ccc59e26","point_ordinal":1,"zone_group_id":"511501000032","source_manage_no":"511501000032","facility_name":"강릉오성학교","sgg_code":"51150","facility_type_code":"1","api_first_registered_on":"2006-08-20","api_last_modified_on":null,"updated_at":"2026-07-25T01:27:52.347112+00:00"},"geometry":{"type":"Point","coordinates":[128.931560156,37.778828877]}},{"type":"Feature","id":"89a3025773f6186ef47757ddb8d8856815b756d5f1111f3caf958a3b57cb5f2e-1","properties":{"facility_id":"89a3025773f6186ef47757ddb8d8856815b756d5f1111f3caf958a3b57cb5f2e","point_ordinal":1,"zone_group_id":"511501000068","source_manage_no":"511501000068","facility_name":"강릉유치원","sgg_code":"51150","facility_type_code":"1","api_first_registered_on":"2010-12-28","api_last_modified_on":null,"updated_at":"2026-07-25T01:27:52.347112+00:00"},"geometry":{"type":"Point","coordinates":[128.916191935,37.79344369]}},{"type":"Feature","id":"10fc967ccd06bee1b16a17b662dbd1726fba10d11271eae2a96040ffca912e7c-1","properties":{"facility_id":"10fc967ccd06bee1b16a17b662dbd1726fba10d11271eae2a96040ffca912e7c","point_ordinal":1,"zone_group_id":"511501000049","source_manage_no":"511501000049","facility_name":"강릉중앙초등학교","sgg_code":"51150","facility_type_code":"1","api_first_registered_on":"2003-09-04","api_last_modified_on":null,"updated_at":"2026-07-25T01:27:52.347112+00:00"},"geometry":{"type":"Point","coordinates":[128.923081963,37.758026786]}},{"type":"Feature","id":"e68c8c2f33eeca5c392f625f74304ce11ea22ebed0626f7bfcc1550eb0df7f41-1","properties":{"facility_id":"e68c8c2f33eeca5c392f625f74304ce11ea22ebed0626f7bfcc1550eb0df7f41","point_ordinal":1,"zone_group_id":"511501000066","source_manage_no":"511501000066","facility_name":"강릉초등학교","sgg_code":"51150","facility_type_code":"1","api_first_registered_on":"1999-10-26","api_last_modified_on":null,"updated_at":"2026-07-25T01:27:52.347112+00:00"},"geometry":{"type":"Point","coordinates":[128.888189012,37.753562026]}},{"type":"Feature","id":"97d98428d45f714cca7bb024a70c7226754e9c2c9892f4aed63a801fc50900b3-1","properties":{"facility_id":"97d98428d45f714cca7bb024a70c7226754e9c2c9892f4aed63a801fc50900b3","point_ordinal":1,"zone_group_id":"511501000066","source_manage_no":"511501024884","facility_name":"강릉초등학교 병설유치원","sgg_code":"51150","facility_type_code":"1","api_first_registered_on":"1999-08-17","api_last_modified_on":null,"updated_at":"2026-07-25T01:27:52.347112+00:00"},"geometry":{"type":"Point","coordinates":[128.887905269,37.75339852]}},{"type":"Feature","id":"aa20d1941079f4c3691bf3f21d87336e9aed4d698286898651f78157797aab22-1","properties":{"facility_id":"aa20d1941079f4c3691bf3f21d87336e9aed4d698286898651f78157797aab22","point_ordinal":1,"zone_group_id":"511501000003","source_manage_no":"511501000003","facility_name":"경포대초등학교","sgg_code":"51150","facility_type_code":"1","api_first_registered_on":"1999-09-04","api_last_modified_on":null,"updated_at":"2026-07-25T01:27:52.347112+00:00"},"geometry":{"type":"Point","coordinates":[128.90015689,37.804852685]}},{"type":"Feature","id":"1cd2ca5fa2313ac13682f90b2f5a392bfc2bc380a17fe7c61d034c830f71f134-1","properties":{"facility_id":"1cd2ca5fa2313ac13682f90b2f5a392bfc2bc380a17fe7c61d034c830f71f134","point_ordinal":1,"zone_group_id":"511501000003","source_manage_no":"511501000004","facility_name":"경포대초등학교 병설유치원","sgg_code":"51150","facility_type_code":"1","api_first_registered_on":"1999-09-04","api_last_modified_on":null,"updated_at":"2026-07-25T01:27:52.347112+00:00"},"geometry":{"type":"Point","coordinates":[128.900271476,37.80499882]}},{"type":"Feature","id":"946b38cbc7fcf4bf1450b984c06940d4a57fc0511af8c1d745428dcd97213a7c-1","properties":{"facility_id":"946b38cbc7fcf4bf1450b984c06940d4a57fc0511af8c1d745428dcd97213a7c","point_ordinal":1,"zone_group_id":"511501026247","source_manage_no":"511501026247","facility_name":"경포유치원","sgg_code":"51150","facility_type_code":"1","api_first_registered_on":null,"api_last_modified_on":null,"updated_at":"2026-07-25T01:27:52.347112+00:00"},"geometry":{"type":"Point","coordinates":[128.879287194,37.769538845]}},{"type":"Feature","id":"8092effec1d15e0ed639422920f6e1ece4712d7577551e7f0883600a93b1aa6a-1","properties":{"facility_id":"8092effec1d15e0ed639422920f6e1ece4712d7577551e7f0883600a93b1aa6a","point_ordinal":1,"zone_group_id":"511501000006","source_manage_no":"511501000006","facility_name":"경포초등학교","sgg_code":"51150","facility_type_code":"1","api_first_registered_on":"2003-09-04","api_last_modified_on":null,"updated_at":"2026-07-25T01:27:52.347112+00:00"},"geometry":{"type":"Point","coordinates":[128.879848571,37.770016093]}},{"type":"Feature","id":"052dc887616fd1aa8a116b4262995d1af481ba17d5ce769e79893d89009badd9-1","properties":{"facility_id":"052dc887616fd1aa8a116b4262995d1af481ba17d5ce769e79893d89009badd9","point_ordinal":1,"zone_group_id":"511501022750","source_manage_no":"511501022750","facility_name":"교동초등학교","sgg_code":"51150","facility_type_code":"1","api_first_registered_on":null,"api_last_modified_on":null,"updated_at":"2026-07-25T01:27:52.347112+00:00"},"geometry":{"type":"Point","coordinates":[128.893236581,37.76727899]}},{"type":"Feature","id":"56f6b358173293093aee2ce0f32d5aee6ed43e44a3382a8b7ea1477de4e8bac0-1","properties":{"facility_id":"56f6b358173293093aee2ce0f32d5aee6ed43e44a3382a8b7ea1477de4e8bac0","point_ordinal":1,"zone_group_id":"511501022750","source_manage_no":"511501025149","facility_name":"교동초등학교 병설유치원","sgg_code":"51150","facility_type_code":"1","api_first_registered_on":"1998-10-01","api_last_modified_on":null,"updated_at":"2026-07-25T01:27:52.347112+00:00"},"geometry":{"type":"Point","coordinates":[128.892962905,37.767208258]}},{"type":"Feature","id":"a482938f653866734d0a8d34768b5e80b9fbe6d289166408466ce8af0b689279-1","properties":{"facility_id":"a482938f653866734d0a8d34768b5e80b9fbe6d289166408466ce8af0b689279","point_ordinal":1,"zone_group_id":"511501000013","source_manage_no":"511501000013","facility_name":"구정초등학교","sgg_code":"51150","facility_type_code":"1","api_first_registered_on":"1996-08-01","api_last_modified_on":null,"updated_at":"2026-07-25T01:27:52.347112+00:00"},"geometry":{"type":"Point","coordinates":[128.891091193,37.717788331]}},{"type":"Feature","id":"d1623a958b70d9660274aa8ea822d8f7cadedf98088d70762d031ac9ad772b5a-1","properties":{"facility_id":"d1623a958b70d9660274aa8ea822d8f7cadedf98088d70762d031ac9ad772b5a","point_ordinal":1,"zone_group_id":"511501000013","source_manage_no":"511501000014","facility_name":"구정초등학교 병설유치원","sgg_code":"51150","facility_type_code":"1","api_first_registered_on":"1996-08-01","api_last_modified_on":null,"updated_at":"2026-07-25T01:27:52.347112+00:00"},"geometry":{"type":"Point","coordinates":[128.891266651,37.717890645]}},{"type":"Feature","id":"bdaa7817d2d31c4e8efa9934cac016e0d55cbbec55e0c9df5b168cf37b1ee691-1","properties":{"facility_id":"bdaa7817d2d31c4e8efa9934cac016e0d55cbbec55e0c9df5b168cf37b1ee691","point_ordinal":1,"zone_group_id":"511501000015","source_manage_no":"511501000015","facility_name":"금광초등학교","sgg_code":"51150","facility_type_code":"1","api_first_registered_on":null,"api_last_modified_on":null,"updated_at":"2026-07-25T01:27:52.347112+00:00"},"geometry":{"type":"Point","coordinates":[128.914171324,37.70381463]}},{"type":"Feature","id":"eb99c168648d645ba3272e723dbe8f4b5dacb3bc9d8ad519cc8cd2b803bf3c71-1","properties":{"facility_id":"eb99c168648d645ba3272e723dbe8f4b5dacb3bc9d8ad519cc8cd2b803bf3c71","point_ordinal":1,"zone_group_id":"511501000015","source_manage_no":"511501000016","facility_name":"금광초등학교 병설유치원","sgg_code":"51150","facility_type_code":"1","api_first_registered_on":"2007-10-25","api_last_modified_on":null,"updated_at":"2026-07-25T01:27:52.347112+00:00"},"geometry":{"type":"Point","coordinates":[128.913854805,37.704102906]}},{"type":"Feature","id":"1f2881cc46af3cd9bac11c6ae8b75d361a4cfbc4b3e82afd6cdc441bc08ebf30-1","properties":{"facility_id":"1f2881cc46af3cd9bac11c6ae8b75d361a4cfbc4b3e82afd6cdc441bc08ebf30","point_ordinal":1,"zone_group_id":"511501000040","source_manage_no":"511501000040","facility_name":"금진초등학교","sgg_code":"51150","facility_type_code":"1","api_first_registered_on":"2007-10-25","api_last_modified_on":null,"updated_at":"2026-07-25T01:27:52.347112+00:00"},"geometry":{"type":"Point","coordinates":[129.043647659,37.634618159]}},{"type":"Feature","id":"a57eff1fe714736c397d3cc79186de549eaa95bf3ab2def4e98e546bdfd20dbf-1","properties":{"facility_id":"a57eff1fe714736c397d3cc79186de549eaa95bf3ab2def4e98e546bdfd20dbf","point_ordinal":1,"zone_group_id":"511501000040","source_manage_no":"511501000041","facility_name":"금진초등학교 병설유치원","sgg_code":"51150","facility_type_code":"1","api_first_registered_on":"2007-10-25","api_last_modified_on":null,"updated_at":"2026-07-25T01:27:52.347112+00:00"},"geometry":{"type":"Point","coordinates":[129.043584506,37.634872344]}},{"type":"Feature","id":"8ff389809af9352c036a3e36ff2506200b33ef700352da2a3bef65b7652aa91e-1","properties":{"facility_id":"8ff389809af9352c036a3e36ff2506200b33ef700352da2a3bef65b7652aa91e","point_ordinal":1,"zone_group_id":"511501000071","source_manage_no":"511501000071","facility_name":"남강초등학교","sgg_code":"51150","facility_type_code":"1","api_first_registered_on":"1996-07-30","api_last_modified_on":null,"updated_at":"2026-07-25T01:27:52.347112+00:00"},"geometry":{"type":"Point","coordinates":[128.914760384,37.767802177]}},{"type":"Feature","id":"019441c372272849b01aec7dd6f5391da60687bcb8cb7cab3bc0b87abd3a266f-1","properties":{"facility_id":"019441c372272849b01aec7dd6f5391da60687bcb8cb7cab3bc0b87abd3a266f","point_ordinal":1,"zone_group_id":"511501000018","source_manage_no":"511501000018","facility_name":"남산초등학교 병설유치원","sgg_code":"51150","facility_type_code":"1","api_first_registered_on":"2000-05-22","api_last_modified_on":null,"updated_at":"2026-07-25T01:27:52.347112+00:00"},"geometry":{"type":"Point","coordinates":[128.891812608,37.744517577]}},{"type":"Feature","id":"dfda8929410d764429f09b098b736655fb552590312cca307b10a05f27c22ac1-1","properties":{"facility_id":"dfda8929410d764429f09b098b736655fb552590312cca307b10a05f27c22ac1","point_ordinal":1,"zone_group_id":"511502028490","source_manage_no":"511502028490","facility_name":"노동하리 경로당","sgg_code":"51150","facility_type_code":"2","api_first_registered_on":null,"api_last_modified_on":"2025-03-24","updated_at":"2026-07-25T01:27:52.347112+00:00"},"geometry":{"type":"Point","coordinates":[128.83770047,37.818256991]}},{"type":"Feature","id":"4efba5c2ecc1e75ebe7ff2a5e35e7e6ba88b36752b88bc5a168056b6ad1a77e4-1","properties":{"facility_id":"4efba5c2ecc1e75ebe7ff2a5e35e7e6ba88b36752b88bc5a168056b6ad1a77e4","point_ordinal":1,"zone_group_id":"511502028487","source_manage_no":"511502028487","facility_name":"노암동 행복마을","sgg_code":"51150","facility_type_code":"2","api_first_registered_on":null,"api_last_modified_on":"2025-03-24","updated_at":"2026-07-25T01:27:52.347112+00:00"},"geometry":{"type":"Point","coordinates":[128.898985725,37.749548317]}},{"type":"Feature","id":"331e989bc9f3a8e87d6c1e9c2778f588afaa80b5d398e0cd6367c6611ed769fe-1","properties":{"facility_id":"331e989bc9f3a8e87d6c1e9c2778f588afaa80b5d398e0cd6367c6611ed769fe","point_ordinal":1,"zone_group_id":"511501000021","source_manage_no":"511501000021","facility_name":"노암초등학교","sgg_code":"51150","facility_type_code":"1","api_first_registered_on":"1999-10-26","api_last_modified_on":null,"updated_at":"2026-07-25T01:27:52.347112+00:00"},"geometry":{"type":"Point","coordinates":[128.902148734,37.741855065]}},{"type":"Feature","id":"2e823bf5395d4582f72a32fd14ca49496a3838fae86068e325e5e26c31259f28-1","properties":{"facility_id":"2e823bf5395d4582f72a32fd14ca49496a3838fae86068e325e5e26c31259f28","point_ordinal":1,"zone_group_id":"511501000021","source_manage_no":"511501000022","facility_name":"노암초등학교 병설유치원","sgg_code":"51150","facility_type_code":"1","api_first_registered_on":"1999-10-26","api_last_modified_on":null,"updated_at":"2026-07-25T01:27:52.347112+00:00"},"geometry":{"type":"Point","coordinates":[128.902073165,37.741646073]}},{"type":"Feature","id":"1a6799947ae37a33973fbb44c304b57c7b90931ff472496fcf3c4c5e2b02921e-1","properties":{"facility_id":"1a6799947ae37a33973fbb44c304b57c7b90931ff472496fcf3c4c5e2b02921e","point_ordinal":1,"zone_group_id":"511502000023","source_manage_no":"511502000023","facility_name":"노인종합복지회관","sgg_code":"51150","facility_type_code":"2","api_first_registered_on":"2008-01-01","api_last_modified_on":null,"updated_at":"2026-07-25T01:27:52.347112+00:00"},"geometry":{"type":"Point","coordinates":[128.884050368,37.747735345]}},{"type":"Feature","id":"15459958b0e788599c83d224ed6ed0f0296b08dbc31b88f1eff53685dcbc3ca1-1","properties":{"facility_id":"15459958b0e788599c83d224ed6ed0f0296b08dbc31b88f1eff53685dcbc3ca1","point_ordinal":1,"zone_group_id":"511502028491","source_manage_no":"511502028491","facility_name":"독송 경로당","sgg_code":"51150","facility_type_code":"2","api_first_registered_on":null,"api_last_modified_on":"2025-03-24","updated_at":"2026-07-25T01:27:52.347112+00:00"},"geometry":{"type":"Point","coordinates":[128.936649867,37.737611703]}},{"type":"Feature","id":"ddb818e8b184768bfd62ad1660f8983c1bdbd10da2606e304eb1571b76c3058a-1","properties":{"facility_id":"ddb818e8b184768bfd62ad1660f8983c1bdbd10da2606e304eb1571b76c3058a","point_ordinal":1,"zone_group_id":"511501000033","source_manage_no":"511501000033","facility_name":"동명초등학교","sgg_code":"51150","facility_type_code":"1","api_first_registered_on":"2000-05-22","api_last_modified_on":null,"updated_at":"2026-07-25T01:27:52.347112+00:00"},"geometry":{"type":"Point","coordinates":[128.929154006,37.77557401]}},{"type":"Feature","id":"aa4622e67eda62b41b80e605929f258d074ed693b510303f824672cf95bb30f8-1","properties":{"facility_id":"aa4622e67eda62b41b80e605929f258d074ed693b510303f824672cf95bb30f8","point_ordinal":1,"zone_group_id":"511501000019","source_manage_no":"511501000019","facility_name":"명주초등학교","sgg_code":"51150","facility_type_code":"1","api_first_registered_on":"2007-03-01","api_last_modified_on":null,"updated_at":"2026-07-25T01:27:52.347112+00:00"},"geometry":{"type":"Point","coordinates":[128.878046191,37.742842291]}},{"type":"Feature","id":"4cb33063004a6c947cc7cc8dc960173dd4c5424a55fc3bdd593d5b488925cbf9-1","properties":{"facility_id":"4cb33063004a6c947cc7cc8dc960173dd4c5424a55fc3bdd593d5b488925cbf9","point_ordinal":1,"zone_group_id":"511501000020","source_manage_no":"511501000020","facility_name":"명주초등학교 병설유치원","sgg_code":"51150","facility_type_code":"1","api_first_registered_on":"2007-03-01","api_last_modified_on":null,"updated_at":"2026-07-25T01:27:52.347112+00:00"},"geometry":{"type":"Point","coordinates":[128.878114173,37.742838956]}},{"type":"Feature","id":"65f77056ddd0473602bac43b01dc6bbaacd0d83e48795fec25195c2ebf222a71-1","properties":{"facility_id":"65f77056ddd0473602bac43b01dc6bbaacd0d83e48795fec25195c2ebf222a71","point_ordinal":1,"zone_group_id":"511501000024","source_manage_no":"511501000024","facility_name":"모산초등학교","sgg_code":"51150","facility_type_code":"1","api_first_registered_on":null,"api_last_modified_on":null,"updated_at":"2026-07-25T01:27:52.347112+00:00"},"geometry":{"type":"Point","coordinates":[128.901687089,37.731697894]}},{"type":"Feature","id":"bbc22f89726da7da16ba82c6813a6ac69046670f41ae7431e6feeb3b75af1454-1","properties":{"facility_id":"bbc22f89726da7da16ba82c6813a6ac69046670f41ae7431e6feeb3b75af1454","point_ordinal":1,"zone_group_id":"511501000024","source_manage_no":"511501000025","facility_name":"모산초등학교 병설유치원","sgg_code":"51150","facility_type_code":"1","api_first_registered_on":null,"api_last_modified_on":null,"updated_at":"2026-07-25T01:27:52.347112+00:00"},"geometry":{"type":"Point","coordinates":[128.901465527,37.731692889]}},{"type":"Feature","id":"41362273e7689bb6ae4e9c852e194131638a705da80c39a78b6dc4b35bd56847-1","properties":{"facility_id":"41362273e7689bb6ae4e9c852e194131638a705da80c39a78b6dc4b35bd56847","point_ordinal":1,"zone_group_id":"511502029740","source_manage_no":"511502029740","facility_name":"미노리 경로당","sgg_code":"51150","facility_type_code":"2","api_first_registered_on":null,"api_last_modified_on":"2025-11-25","updated_at":"2026-07-25T01:27:52.347112+00:00"},"geometry":{"type":"Point","coordinates":[128.861865401,37.828597401]}},{"type":"Feature","id":"08356facc28275f64a17fcd6c06b94e73bb440e0c81b359202eaf855a643872a-1","properties":{"facility_id":"08356facc28275f64a17fcd6c06b94e73bb440e0c81b359202eaf855a643872a","point_ordinal":1,"zone_group_id":"511502000039","source_manage_no":"511502000039","facility_name":"북부노인종합복지관","sgg_code":"51150","facility_type_code":"2","api_first_registered_on":"2015-01-01","api_last_modified_on":"2025-03-24","updated_at":"2026-07-25T01:27:52.347112+00:00"},"geometry":{"type":"Point","coordinates":[128.831477836,37.874345939]}},{"type":"Feature","id":"7c503df019647bad01a785695194aa57fc6333bcc1cddb5ab6eb61994a0d6e83-1","properties":{"facility_id":"7c503df019647bad01a785695194aa57fc6333bcc1cddb5ab6eb61994a0d6e83","point_ordinal":1,"zone_group_id":"511502029741","source_manage_no":"511502029741","facility_name":"사기막리 경로당","sgg_code":"51150","facility_type_code":"2","api_first_registered_on":null,"api_last_modified_on":"2025-11-25","updated_at":"2026-07-25T01:27:52.347112+00:00"},"geometry":{"type":"Point","coordinates":[128.811014553,37.792960402]}},{"type":"Feature","id":"5e3ba946b36e55e456762d945140b3729228ccacecef0afd02039a6016de3559-1","properties":{"facility_id":"5e3ba946b36e55e456762d945140b3729228ccacecef0afd02039a6016de3559","point_ordinal":1,"zone_group_id":"511501000026","source_manage_no":"511501000026","facility_name":"사천초등학교","sgg_code":"51150","facility_type_code":"1","api_first_registered_on":"2003-09-17","api_last_modified_on":null,"updated_at":"2026-07-25T01:27:52.347112+00:00"},"geometry":{"type":"Point","coordinates":[128.850560295,37.82184609]}},{"type":"Feature","id":"d5caf995eeb0507767487f5c2c037cec609673e38b42d3fcc97688409c6de2c5-1","properties":{"facility_id":"d5caf995eeb0507767487f5c2c037cec609673e38b42d3fcc97688409c6de2c5","point_ordinal":1,"zone_group_id":"511501000026","source_manage_no":"511501000027","facility_name":"사천초등학교 병설유치원","sgg_code":"51150","facility_type_code":"1","api_first_registered_on":"2003-09-17","api_last_modified_on":null,"updated_at":"2026-07-25T01:27:52.347112+00:00"},"geometry":{"type":"Point","coordinates":[128.850543186,37.821919282]}},{"type":"Feature","id":"c4a8864917da78c3827a0075b549a05fae4d292c5d625921b117636900115146-1","properties":{"facility_id":"c4a8864917da78c3827a0075b549a05fae4d292c5d625921b117636900115146","point_ordinal":1,"zone_group_id":"511501000035","source_manage_no":"511501000035","facility_name":"상아어린이집","sgg_code":"51150","facility_type_code":"1","api_first_registered_on":"2006-08-16","api_last_modified_on":null,"updated_at":"2026-07-25T01:27:52.347112+00:00"},"geometry":{"type":"Point","coordinates":[128.880381606,37.727427836]}},{"type":"Feature","id":"c5a270b36b32c49801d47bc4ced743039fc6e6eab50433bdbddab6c4324cc0c8-1","properties":{"facility_id":"c5a270b36b32c49801d47bc4ced743039fc6e6eab50433bdbddab6c4324cc0c8","point_ordinal":1,"zone_group_id":"511501000052","source_manage_no":"511501000052","facility_name":"성덕초등학교","sgg_code":"51150","facility_type_code":"1","api_first_registered_on":"1998-06-22","api_last_modified_on":null,"updated_at":"2026-07-25T01:27:52.347112+00:00"},"geometry":{"type":"Point","coordinates":[128.91006139,37.757187728]}},{"type":"Feature","id":"19e1d1e75c5a91d2faa728088ca2e55a3a8f4504d6b375adc8e5632a81074b3e-1","properties":{"facility_id":"19e1d1e75c5a91d2faa728088ca2e55a3a8f4504d6b375adc8e5632a81074b3e","point_ordinal":1,"zone_group_id":"511501000029","source_manage_no":"511501000029","facility_name":"성산초등학교","sgg_code":"51150","facility_type_code":"1","api_first_registered_on":"2003-09-17","api_last_modified_on":null,"updated_at":"2026-07-25T01:27:52.347112+00:00"},"geometry":{"type":"Point","coordinates":[128.83324594,37.718335864]}},{"type":"Feature","id":"5ec33e6b8665ce6fb9a8dd1013c57bac0f44c6657c56f6c46d1bda13eb1aaa43-1","properties":{"facility_id":"5ec33e6b8665ce6fb9a8dd1013c57bac0f44c6657c56f6c46d1bda13eb1aaa43","point_ordinal":1,"zone_group_id":"511501000029","source_manage_no":"511501000030","facility_name":"성산초등학교 병설유치원","sgg_code":"51150","facility_type_code":"1","api_first_registered_on":"2003-09-17","api_last_modified_on":null,"updated_at":"2026-07-25T01:27:52.347112+00:00"},"geometry":{"type":"Point","coordinates":[128.833477438,37.718525946]}},{"type":"Feature","id":"1d854fa0c05816b20c06a9b9c8e6e8566854651a26d405a3aa06559dfc35a390-1","properties":{"facility_id":"1d854fa0c05816b20c06a9b9c8e6e8566854651a26d405a3aa06559dfc35a390","point_ordinal":1,"zone_group_id":"511501000081","source_manage_no":"511501000081","facility_name":"성원유치원","sgg_code":"51150","facility_type_code":"1","api_first_registered_on":"2007-10-25","api_last_modified_on":null,"updated_at":"2026-07-25T01:27:52.347112+00:00"},"geometry":{"type":"Point","coordinates":[128.877714378,37.743925146]}},{"type":"Feature","id":"ce300313cfdb08478e341daea3ff299e0d40ae37f78a8eb8c1e232da88edbe21-1","properties":{"facility_id":"ce300313cfdb08478e341daea3ff299e0d40ae37f78a8eb8c1e232da88edbe21","point_ordinal":1,"zone_group_id":"511501000073","source_manage_no":"511501000073","facility_name":"솔향유치원","sgg_code":"51150","facility_type_code":"1","api_first_registered_on":"2016-03-29","api_last_modified_on":null,"updated_at":"2026-07-25T01:27:52.347112+00:00"},"geometry":{"type":"Point","coordinates":[128.914159358,37.77558723]}},{"type":"Feature","id":"a465bd9ce489d529ae9953227062ef1eb307183218b48b17bae3f335a57f3301-1","properties":{"facility_id":"a465bd9ce489d529ae9953227062ef1eb307183218b48b17bae3f335a57f3301","point_ordinal":1,"zone_group_id":"511501000031","source_manage_no":"511501000031","facility_name":"송양초등학교","sgg_code":"51150","facility_type_code":"1","api_first_registered_on":"1996-08-02","api_last_modified_on":null,"updated_at":"2026-07-25T01:27:52.347112+00:00"},"geometry":{"type":"Point","coordinates":[128.847306939,37.758859172]}},{"type":"Feature","id":"fd5488fa0cc0a8658cedf849e17d01169e9e702e3e04bb1afd340395f4b1d6e0-1","properties":{"facility_id":"fd5488fa0cc0a8658cedf849e17d01169e9e702e3e04bb1afd340395f4b1d6e0","point_ordinal":1,"zone_group_id":"511501000060","source_manage_no":"511501000060","facility_name":"신영초등학교","sgg_code":"51150","facility_type_code":"1","api_first_registered_on":"1997-07-20","api_last_modified_on":null,"updated_at":"2026-07-25T01:27:52.347112+00:00"},"geometry":{"type":"Point","coordinates":[128.822414971,37.906411548]}},{"type":"Feature","id":"bb2724cbe40a8533114faa1f181ea0e79a9983f230c00696bf4c5135d20c234d-1","properties":{"facility_id":"bb2724cbe40a8533114faa1f181ea0e79a9983f230c00696bf4c5135d20c234d","point_ordinal":1,"zone_group_id":"511501000060","source_manage_no":"511501000061","facility_name":"신영초등학교 병설유치원","sgg_code":"51150","facility_type_code":"1","api_first_registered_on":"1997-07-20","api_last_modified_on":null,"updated_at":"2026-07-25T01:27:52.347112+00:00"},"geometry":{"type":"Point","coordinates":[128.822524412,37.906459174]}},{"type":"Feature","id":"0afaa9d13cdd67fb2b5bc4f434da60184a7b70e52fdfbbe94c48013c9c1c1582-1","properties":{"facility_id":"0afaa9d13cdd67fb2b5bc4f434da60184a7b70e52fdfbbe94c48013c9c1c1582","point_ordinal":1,"zone_group_id":"511501000036","source_manage_no":"511501000036","facility_name":"신왕초등학교","sgg_code":"51150","facility_type_code":"1","api_first_registered_on":null,"api_last_modified_on":null,"updated_at":"2026-07-25T01:27:52.347112+00:00"},"geometry":{"type":"Point","coordinates":[128.787794325,37.853614294]}},{"type":"Feature","id":"8a7764efb2224e2291bbe31f10cfe96c21e0cd70f643fe70073f203c376fb9b7-1","properties":{"facility_id":"8a7764efb2224e2291bbe31f10cfe96c21e0cd70f643fe70073f203c376fb9b7","point_ordinal":1,"zone_group_id":"511501000036","source_manage_no":"511501000037","facility_name":"신왕초등학교 병설유치원","sgg_code":"51150","facility_type_code":"1","api_first_registered_on":"2003-09-17","api_last_modified_on":null,"updated_at":"2026-07-25T01:27:52.347112+00:00"},"geometry":{"type":"Point","coordinates":[128.787788432,37.853706607]}},{"type":"Feature","id":"af864bd602e06a08e6070e9efa305e6ed54001410e5ad49934b1333fea05cc20-1","properties":{"facility_id":"af864bd602e06a08e6070e9efa305e6ed54001410e5ad49934b1333fea05cc20","point_ordinal":1,"zone_group_id":"511501000038","source_manage_no":"511501000038","facility_name":"연곡초등학교","sgg_code":"51150","facility_type_code":"1","api_first_registered_on":"2003-09-17","api_last_modified_on":null,"updated_at":"2026-07-25T01:27:52.347112+00:00"},"geometry":{"type":"Point","coordinates":[128.829491849,37.856193968]}},{"type":"Feature","id":"c9d465e700b01d2685adf5e28d2301fcc736e8ae7254aaf96f2dbb7843570a0c-1","properties":{"facility_id":"c9d465e700b01d2685adf5e28d2301fcc736e8ae7254aaf96f2dbb7843570a0c","point_ordinal":1,"zone_group_id":"511501000012","source_manage_no":"511501000012","facility_name":"영광어린이집","sgg_code":"51150","facility_type_code":"1","api_first_registered_on":"2006-08-16","api_last_modified_on":null,"updated_at":"2026-07-25T01:27:52.347112+00:00"},"geometry":{"type":"Point","coordinates":[128.823851025,37.877649419]}},{"type":"Feature","id":"3cf15c6e391f32abaa6d2db35607ccc9112d5623081ba19f8c6db5e04abf4a35-1","properties":{"facility_id":"3cf15c6e391f32abaa6d2db35607ccc9112d5623081ba19f8c6db5e04abf4a35","point_ordinal":1,"zone_group_id":"511501000009","source_manage_no":"511501000009","facility_name":"영동초등학교","sgg_code":"51150","facility_type_code":"1","api_first_registered_on":"1996-07-30","api_last_modified_on":null,"updated_at":"2026-07-25T01:27:52.347112+00:00"},"geometry":{"type":"Point","coordinates":[128.886503927,37.760325939]}},{"type":"Feature","id":"5c416189d84313ad0381a916a0bb76c4c039fe8cd3ab636562469a0b389463ee-1","properties":{"facility_id":"5c416189d84313ad0381a916a0bb76c4c039fe8cd3ab636562469a0b389463ee","point_ordinal":1,"zone_group_id":"511501000009","source_manage_no":"511501023565","facility_name":"영동초등학교 병설유치원","sgg_code":"51150","facility_type_code":"1","api_first_registered_on":null,"api_last_modified_on":null,"updated_at":"2026-07-25T01:27:52.347112+00:00"},"geometry":{"type":"Point","coordinates":[128.886764413,37.760320404]}},{"type":"Feature","id":"689f56736ddbd3cecbd5d19919c917de0ef7de283915f5fb0a28ab99f1a85d1c-1","properties":{"facility_id":"689f56736ddbd3cecbd5d19919c917de0ef7de283915f5fb0a28ab99f1a85d1c","point_ordinal":1,"zone_group_id":"511501025151","source_manage_no":"511501025151","facility_name":"예원숲어린이집","sgg_code":"51150","facility_type_code":"1","api_first_registered_on":"2006-12-01","api_last_modified_on":null,"updated_at":"2026-07-25T01:27:52.347112+00:00"},"geometry":{"type":"Point","coordinates":[128.911735194,37.779531748]}},{"type":"Feature","id":"149cb46dc82117da98f0d260e0ed039c7a423dca6ba5609bcdbb0685d1ccf8f8-1","properties":{"facility_id":"149cb46dc82117da98f0d260e0ed039c7a423dca6ba5609bcdbb0685d1ccf8f8","point_ordinal":1,"zone_group_id":"511501000042","source_manage_no":"511501000042","facility_name":"옥계초등학교","sgg_code":"51150","facility_type_code":"1","api_first_registered_on":"2001-06-27","api_last_modified_on":null,"updated_at":"2026-07-25T01:27:52.347112+00:00"},"geometry":{"type":"Point","coordinates":[129.035037114,37.609697312]}},{"type":"Feature","id":"5e60e07789b76e9092d94c6b043a954618cf7d4ad98459ddc8161802f13b24ae-1","properties":{"facility_id":"5e60e07789b76e9092d94c6b043a954618cf7d4ad98459ddc8161802f13b24ae","point_ordinal":1,"zone_group_id":"511501000042","source_manage_no":"511501000043","facility_name":"옥계초등학교 병설유치원","sgg_code":"51150","facility_type_code":"1","api_first_registered_on":"2001-06-27","api_last_modified_on":null,"updated_at":"2026-07-25T01:27:52.347112+00:00"},"geometry":{"type":"Point","coordinates":[129.03508357,37.610018247]}},{"type":"Feature","id":"6779f5c4f0c3988fe2fa48b248396dbaaa165a4b08b8c057def9d4d44bf44d08-1","properties":{"facility_id":"6779f5c4f0c3988fe2fa48b248396dbaaa165a4b08b8c057def9d4d44bf44d08","point_ordinal":1,"zone_group_id":"511501000044","source_manage_no":"511501000044","facility_name":"옥천초등학교","sgg_code":"51150","facility_type_code":"1","api_first_registered_on":"1998-06-22","api_last_modified_on":null,"updated_at":"2026-07-25T01:27:52.347112+00:00"},"geometry":{"type":"Point","coordinates":[128.902911996,37.756733576]}},{"type":"Feature","id":"b636d51f0a1a196f57ef971dfd6999197fddacd5c55faaee611f717bc72156fb-1","properties":{"facility_id":"b636d51f0a1a196f57ef971dfd6999197fddacd5c55faaee611f717bc72156fb","point_ordinal":1,"zone_group_id":"511501000044","source_manage_no":"511501000045","facility_name":"옥천초등학교 병설유치원","sgg_code":"51150","facility_type_code":"1","api_first_registered_on":"1998-06-22","api_last_modified_on":null,"updated_at":"2026-07-25T01:27:52.347112+00:00"},"geometry":{"type":"Point","coordinates":[128.902746225,37.756574102]}},{"type":"Feature","id":"bf944dddab4493eb13961fd42c091a77cd5f07fef137c133b9cfe10a31148bde-1","properties":{"facility_id":"bf944dddab4493eb13961fd42c091a77cd5f07fef137c133b9cfe10a31148bde","point_ordinal":1,"zone_group_id":"511501000046","source_manage_no":"511501000046","facility_name":"왕산초등학교","sgg_code":"51150","facility_type_code":"1","api_first_registered_on":null,"api_last_modified_on":null,"updated_at":"2026-07-25T01:27:52.347112+00:00"},"geometry":{"type":"Point","coordinates":[128.836192521,37.673677684]}},{"type":"Feature","id":"078c078b6ebc58d1d5e9d24713787dee1100815acdb761d32c94f86ded0e9857-1","properties":{"facility_id":"078c078b6ebc58d1d5e9d24713787dee1100815acdb761d32c94f86ded0e9857","point_ordinal":1,"zone_group_id":"511501000046","source_manage_no":"511501000047","facility_name":"왕산초등학교 병설유치원","sgg_code":"51150","facility_type_code":"1","api_first_registered_on":"2003-09-17","api_last_modified_on":null,"updated_at":"2026-07-25T01:27:52.347112+00:00"},"geometry":{"type":"Point","coordinates":[128.835928507,37.673427302]}},{"type":"Feature","id":"55d07d42ec93e522c508d43a7dfcd32938e110f337d3ff38a435c322ce6f0310-1","properties":{"facility_id":"55d07d42ec93e522c508d43a7dfcd32938e110f337d3ff38a435c322ce6f0310","point_ordinal":1,"zone_group_id":"511501000028","source_manage_no":"511501000028","facility_name":"운양초등학교","sgg_code":"51150","facility_type_code":"1","api_first_registered_on":"2014-02-04","api_last_modified_on":null,"updated_at":"2026-07-25T01:27:52.347112+00:00"},"geometry":{"type":"Point","coordinates":[128.85884194,37.837045981]}},{"type":"Feature","id":"17c608fdd6571df194d5b9e85e46cc09b39f5f019c5c57818b2412ae007c02ea-1","properties":{"facility_id":"17c608fdd6571df194d5b9e85e46cc09b39f5f019c5c57818b2412ae007c02ea","point_ordinal":1,"zone_group_id":"511501023622","source_manage_no":"511501023622","facility_name":"유천초등학교","sgg_code":"51150","facility_type_code":"1","api_first_registered_on":null,"api_last_modified_on":null,"updated_at":"2026-07-25T01:27:52.347112+00:00"},"geometry":{"type":"Point","coordinates":[128.870965459,37.760274433]}},{"type":"Feature","id":"1fa656785ae4d50ab524a1008526b1f9c56100c013d0daba111b11abb86e7bd7-1","properties":{"facility_id":"1fa656785ae4d50ab524a1008526b1f9c56100c013d0daba111b11abb86e7bd7","point_ordinal":1,"zone_group_id":"511501000011","source_manage_no":"511501000011","facility_name":"율곡초등학교","sgg_code":"51150","facility_type_code":"1","api_first_registered_on":"2002-07-08","api_last_modified_on":null,"updated_at":"2026-07-25T01:27:52.347112+00:00"},"geometry":{"type":"Point","coordinates":[128.881431094,37.766187857]}},{"type":"Feature","id":"56f375e2e836e815ebc7d80ff9b893b4a3b58e5a8b1252b2962b4eed01efb4d0-1","properties":{"facility_id":"56f375e2e836e815ebc7d80ff9b893b4a3b58e5a8b1252b2962b4eed01efb4d0","point_ordinal":1,"zone_group_id":"511501000048","source_manage_no":"511501000048","facility_name":"임곡초등학교","sgg_code":"51150","facility_type_code":"1","api_first_registered_on":"2014-02-04","api_last_modified_on":null,"updated_at":"2026-07-25T01:27:52.347112+00:00"},"geometry":{"type":"Point","coordinates":[128.969252518,37.67746014]}},{"type":"Feature","id":"c3435bf7144d8cbe7a58ca7dfbe73c644dbb5b46680adf0787033141d528d891-1","properties":{"facility_id":"c3435bf7144d8cbe7a58ca7dfbe73c644dbb5b46680adf0787033141d528d891","point_ordinal":1,"zone_group_id":"511501000057","source_manage_no":"511501000057","facility_name":"정동초등학교","sgg_code":"51150","facility_type_code":"1","api_first_registered_on":null,"api_last_modified_on":null,"updated_at":"2026-07-25T01:27:52.347112+00:00"},"geometry":{"type":"Point","coordinates":[129.033518809,37.687664217]}},{"type":"Feature","id":"192d668df080b5449bbc28a5a8f5df1cb5822c7ab055e13290f6276e975ad256-1","properties":{"facility_id":"192d668df080b5449bbc28a5a8f5df1cb5822c7ab055e13290f6276e975ad256","point_ordinal":1,"zone_group_id":"511501000057","source_manage_no":"511501000058","facility_name":"정동초등학교 병설유치원","sgg_code":"51150","facility_type_code":"1","api_first_registered_on":"2001-06-27","api_last_modified_on":null,"updated_at":"2026-07-25T01:27:52.347112+00:00"},"geometry":{"type":"Point","coordinates":[129.033637531,37.68765316]}},{"type":"Feature","id":"7f623a7d759a65c064844b55f7c3753c684ab6a70a00cb7ae608cee5bd71f5be-1","properties":{"facility_id":"7f623a7d759a65c064844b55f7c3753c684ab6a70a00cb7ae608cee5bd71f5be","point_ordinal":1,"zone_group_id":"511501000055","source_manage_no":"511501000055","facility_name":"제이엠유치원","sgg_code":"51150","facility_type_code":"1","api_first_registered_on":"2018-06-04","api_last_modified_on":null,"updated_at":"2026-07-25T01:27:52.347112+00:00"},"geometry":{"type":"Point","coordinates":[128.92095957,37.753577845]}},{"type":"Feature","id":"73a336d16061741a14f418a0dd1eb5da31d66670702c2ccbfd8422d0ba97eb11-1","properties":{"facility_id":"73a336d16061741a14f418a0dd1eb5da31d66670702c2ccbfd8422d0ba97eb11","point_ordinal":1,"zone_group_id":"511501000062","source_manage_no":"511501000062","facility_name":"주문진초등학교","sgg_code":"51150","facility_type_code":"1","api_first_registered_on":"1997-07-20","api_last_modified_on":null,"updated_at":"2026-07-25T01:27:52.347112+00:00"},"geometry":{"type":"Point","coordinates":[128.826353746,37.887135347]}},{"type":"Feature","id":"6a7046af0cf0fa0e9fa9f9efb042f6d1e63a87773319487ba0055fef0f883d57-1","properties":{"facility_id":"6a7046af0cf0fa0e9fa9f9efb042f6d1e63a87773319487ba0055fef0f883d57","point_ordinal":1,"zone_group_id":"511501000062","source_manage_no":"511501000063","facility_name":"주문진초등학교 병설유치원","sgg_code":"51150","facility_type_code":"1","api_first_registered_on":"1997-07-20","api_last_modified_on":null,"updated_at":"2026-07-25T01:27:52.347112+00:00"},"geometry":{"type":"Point","coordinates":[128.826626609,37.887225474]}},{"type":"Feature","id":"e56dd05fd05107a8be6242d8d66cebce5dfb4949fc08a2a7fa4eb11f742b1909-1","properties":{"facility_id":"e56dd05fd05107a8be6242d8d66cebce5dfb4949fc08a2a7fa4eb11f742b1909","point_ordinal":1,"zone_group_id":"511501000064","source_manage_no":"511501000064","facility_name":"주영초등학교","sgg_code":"51150","facility_type_code":"1","api_first_registered_on":"1999-07-20","api_last_modified_on":null,"updated_at":"2026-07-25T01:27:52.347112+00:00"},"geometry":{"type":"Point","coordinates":[128.82689198,37.898094438]}},{"type":"Feature","id":"3ef108d8d62c2eec8a40ae0c256c76d9e191a077c8d43b0c5b167f67c6ad2649-1","properties":{"facility_id":"3ef108d8d62c2eec8a40ae0c256c76d9e191a077c8d43b0c5b167f67c6ad2649","point_ordinal":1,"zone_group_id":"511501000064","source_manage_no":"511501000065","facility_name":"주영초등학교 병설유치원","sgg_code":"51150","facility_type_code":"1","api_first_registered_on":"1999-07-20","api_last_modified_on":null,"updated_at":"2026-07-25T01:27:52.347112+00:00"},"geometry":{"type":"Point","coordinates":[128.826746592,37.898345504]}},{"type":"Feature","id":"bc84e3a609decf943eab21a58dbff54265eef1d35779513bab9fd98c716122c0-1","properties":{"facility_id":"bc84e3a609decf943eab21a58dbff54265eef1d35779513bab9fd98c716122c0","point_ordinal":1,"zone_group_id":"511501000074","source_manage_no":"511501000074","facility_name":"청송유치원","sgg_code":"51150","facility_type_code":"1","api_first_registered_on":"2007-10-25","api_last_modified_on":null,"updated_at":"2026-07-25T01:27:52.347112+00:00"},"geometry":{"type":"Point","coordinates":[128.929634852,37.760223324]}},{"type":"Feature","id":"eedd6739081a76ea4a13e1e5638191814fe801d52bd5faee1b5c5ff6e894a1fa-1","properties":{"facility_id":"eedd6739081a76ea4a13e1e5638191814fe801d52bd5faee1b5c5ff6e894a1fa","point_ordinal":1,"zone_group_id":"511501025150","source_manage_no":"511501025150","facility_name":"초당초등학교","sgg_code":"51150","facility_type_code":"1","api_first_registered_on":"2001-12-01","api_last_modified_on":null,"updated_at":"2026-07-25T01:27:52.347112+00:00"},"geometry":{"type":"Point","coordinates":[128.913188882,37.781807828]}},{"type":"Feature","id":"06c46d9b1d454696d34fa76ac27a9da6ec80c0384dd1c9cc48113b6126769bff-1","properties":{"facility_id":"06c46d9b1d454696d34fa76ac27a9da6ec80c0384dd1c9cc48113b6126769bff","point_ordinal":1,"zone_group_id":"511501000076","source_manage_no":"511501000076","facility_name":"포남초등학교","sgg_code":"51150","facility_type_code":"1","api_first_registered_on":"1998-06-22","api_last_modified_on":null,"updated_at":"2026-07-25T01:27:52.347112+00:00"},"geometry":{"type":"Point","coordinates":[128.905753329,37.772993074]}},{"type":"Feature","id":"62c4d393e3daa83bb7bbe08800b563fe44153d59f24526a921394551d963d4c5-1","properties":{"facility_id":"62c4d393e3daa83bb7bbe08800b563fe44153d59f24526a921394551d963d4c5","point_ordinal":1,"zone_group_id":"511501000056","source_manage_no":"511501000056","facility_name":"하슬라유치원","sgg_code":"51150","facility_type_code":"1","api_first_registered_on":"2016-03-29","api_last_modified_on":null,"updated_at":"2026-07-25T01:27:52.347112+00:00"},"geometry":{"type":"Point","coordinates":[128.909933636,37.748582123]}},{"type":"Feature","id":"27666b3b5fdfe96f04a6e05ca14a39ac5e54edac097754d626bec0306cc1af08-1","properties":{"facility_id":"27666b3b5fdfe96f04a6e05ca14a39ac5e54edac097754d626bec0306cc1af08","point_ordinal":1,"zone_group_id":"511501000078","source_manage_no":"511501000078","facility_name":"한솔초등학교","sgg_code":"51150","facility_type_code":"1","api_first_registered_on":null,"api_last_modified_on":null,"updated_at":"2026-07-25T01:27:52.347112+00:00"},"geometry":{"type":"Point","coordinates":[128.914024917,37.774228323]}},{"type":"Feature","id":"bee2fb085bc48031630f82b48fa8e2c99b8b822f81e51215916492f52a9ad65a-1","properties":{"facility_id":"bee2fb085bc48031630f82b48fa8e2c99b8b822f81e51215916492f52a9ad65a","point_ordinal":1,"zone_group_id":"511702029901","source_manage_no":"511702029901","facility_name":"금곡경로당","sgg_code":"51170","facility_type_code":"2","api_first_registered_on":null,"api_last_modified_on":"2025-12-30","updated_at":"2026-07-25T01:27:52.347112+00:00"},"geometry":{"type":"Point","coordinates":[129.048154845,37.477013081]}},{"type":"Feature","id":"9f0dcd370408cc01d484a070eba786329e94e3e7d271073a810d95349cc2c312-1","properties":{"facility_id":"9f0dcd370408cc01d484a070eba786329e94e3e7d271073a810d95349cc2c312","point_ordinal":1,"zone_group_id":"511701000122","source_manage_no":"511701000122","facility_name":"남호초등학교","sgg_code":"51170","facility_type_code":"1","api_first_registered_on":"1997-06-13","api_last_modified_on":null,"updated_at":"2026-07-25T01:27:52.347112+00:00"},"geometry":{"type":"Point","coordinates":[129.112272971,37.534093709]}},{"type":"Feature","id":"b2041d7e31a8151b4fdb3aceace1b403209dd069ae149bdf5f1c2127ab125f7a-1","properties":{"facility_id":"b2041d7e31a8151b4fdb3aceace1b403209dd069ae149bdf5f1c2127ab125f7a","point_ordinal":1,"zone_group_id":"511701000122","source_manage_no":"511701024983","facility_name":"남호초병설유치원","sgg_code":"51170","facility_type_code":"1","api_first_registered_on":null,"api_last_modified_on":null,"updated_at":"2026-07-25T01:27:52.347112+00:00"},"geometry":{"type":"Point","coordinates":[129.112223607,37.534197869]}},{"type":"Feature","id":"bf6708b3a35e2c067206995c163cb4b81af9bdf9271134ae611fbc1dcdddfecc-1","properties":{"facility_id":"bf6708b3a35e2c067206995c163cb4b81af9bdf9271134ae611fbc1dcdddfecc","point_ordinal":1,"zone_group_id":"511701000108","source_manage_no":"511701000107","facility_name":"대동튼튼나라어린이집","sgg_code":"51170","facility_type_code":"1","api_first_registered_on":"2010-12-28","api_last_modified_on":"2025-04-01","updated_at":"2026-07-25T01:27:52.347112+00:00"},"geometry":{"type":"Point","coordinates":[129.105675976,37.485037206]}},{"type":"Feature","id":"c4da5056ebb6bd1db18ea0002f8c80d898a4bbf0676a6dca0a68071a66795787-1","properties":{"facility_id":"c4da5056ebb6bd1db18ea0002f8c80d898a4bbf0676a6dca0a68071a66795787","point_ordinal":1,"zone_group_id":"511701000123","source_manage_no":"511701000123","facility_name":"동명어린이집","sgg_code":"51170","facility_type_code":"1","api_first_registered_on":"2010-12-28","api_last_modified_on":null,"updated_at":"2026-07-25T01:27:52.347112+00:00"},"geometry":{"type":"Point","coordinates":[129.101515185,37.529571546]}},{"type":"Feature","id":"2eb3d13014e393ae3d9fb32a2458c717e331e9bcff6669bab2454408f6f27a8f-1","properties":{"facility_id":"2eb3d13014e393ae3d9fb32a2458c717e331e9bcff6669bab2454408f6f27a8f","point_ordinal":1,"zone_group_id":"511701000105","source_manage_no":"511701000105","facility_name":"동해근로복지공단어린이집","sgg_code":"51170","facility_type_code":"1","api_first_registered_on":"2014-06-23","api_last_modified_on":null,"updated_at":"2026-07-25T01:27:52.347112+00:00"},"geometry":{"type":"Point","coordinates":[129.106617005,37.520507554]}},{"type":"Feature","id":"87054c506b4c30cf1528013850439b5e8cf8ab6478796db55e4a06f17fa5586a-1","properties":{"facility_id":"87054c506b4c30cf1528013850439b5e8cf8ab6478796db55e4a06f17fa5586a","point_ordinal":1,"zone_group_id":"511701022699","source_manage_no":"511701022699","facility_name":"동해랑유치원","sgg_code":"51170","facility_type_code":"1","api_first_registered_on":"2020-02-14","api_last_modified_on":null,"updated_at":"2026-07-25T01:27:52.347112+00:00"},"geometry":{"type":"Point","coordinates":[129.123802013,37.479510999]}},{"type":"Feature","id":"ab564b211f312750949aaec2c73b7c758fd97f3bb25fffcdd18819fc54ead208-1","properties":{"facility_id":"ab564b211f312750949aaec2c73b7c758fd97f3bb25fffcdd18819fc54ead208","point_ordinal":1,"zone_group_id":"511701000099","source_manage_no":"511701000099","facility_name":"동해리라유치원","sgg_code":"51170","facility_type_code":"1","api_first_registered_on":"2010-12-23","api_last_modified_on":null,"updated_at":"2026-07-25T01:27:52.347112+00:00"},"geometry":{"type":"Point","coordinates":[129.098836518,37.542450945]}},{"type":"Feature","id":"355a553fb3c6bb93e10488197c4a97089167508b904f626d995202481b015896-1","properties":{"facility_id":"355a553fb3c6bb93e10488197c4a97089167508b904f626d995202481b015896","point_ordinal":1,"zone_group_id":"511702000093","source_manage_no":"511702000093","facility_name":"동해시노인종합복지관","sgg_code":"51170","facility_type_code":"2","api_first_registered_on":"2009-09-01","api_last_modified_on":null,"updated_at":"2026-07-25T01:27:52.347112+00:00"},"geometry":{"type":"Point","coordinates":[129.123162548,37.51539639]}},{"type":"Feature","id":"2286d5734ad1810fd4c27d730bade8bd8dde7c382b1c612eb96c1c3a1034256f-1","properties":{"facility_id":"2286d5734ad1810fd4c27d730bade8bd8dde7c382b1c612eb96c1c3a1034256f","point_ordinal":1,"zone_group_id":"511701000118","source_manage_no":"511701024984","facility_name":"동해중앙초병설유치원","sgg_code":"51170","facility_type_code":"1","api_first_registered_on":null,"api_last_modified_on":null,"updated_at":"2026-07-25T01:27:52.347112+00:00"},"geometry":{"type":"Point","coordinates":[129.109096363,37.525484082]}},{"type":"Feature","id":"525ec0e7e733562b5f4e743800e3f0a5270ad4814e3ecc29018ef3cd1355c874-1","properties":{"facility_id":"525ec0e7e733562b5f4e743800e3f0a5270ad4814e3ecc29018ef3cd1355c874","point_ordinal":1,"zone_group_id":"511701024985","source_manage_no":"511701000110","facility_name":"동해초등학교","sgg_code":"51170","facility_type_code":"1","api_first_registered_on":"1996-06-17","api_last_modified_on":null,"updated_at":"2026-07-25T01:27:52.347112+00:00"},"geometry":{"type":"Point","coordinates":[129.120035087,37.510996074]}},{"type":"Feature","id":"c0aa399a41043bdbbbce1f05fefb6d4ed63fcc5a50caac8418b888d707e8d313-1","properties":{"facility_id":"c0aa399a41043bdbbbce1f05fefb6d4ed63fcc5a50caac8418b888d707e8d313","point_ordinal":1,"zone_group_id":"511701024985","source_manage_no":"511701024985","facility_name":"동해초병설유치원","sgg_code":"51170","facility_type_code":"1","api_first_registered_on":null,"api_last_modified_on":null,"updated_at":"2026-07-25T01:27:52.347112+00:00"},"geometry":{"type":"Point","coordinates":[129.120017481,37.511118206]}},{"type":"Feature","id":"c2a78ec64fb2ee56d5a57b3aad56195384554dfa204dd2a11585ad3e14883f2d-1","properties":{"facility_id":"c2a78ec64fb2ee56d5a57b3aad56195384554dfa204dd2a11585ad3e14883f2d","point_ordinal":1,"zone_group_id":"511701025244","source_manage_no":"511701025244","facility_name":"동해해솔학교","sgg_code":"51170","facility_type_code":"1","api_first_registered_on":"2022-02-07","api_last_modified_on":null,"updated_at":"2026-07-25T01:27:52.347112+00:00"},"geometry":{"type":"Point","coordinates":[129.110452318,37.537675271]}},{"type":"Feature","id":"7ed710d59109639a2d40b4e9cdc2d3b96c22c3f3a3c000854c976044ae6c2491-1","properties":{"facility_id":"7ed710d59109639a2d40b4e9cdc2d3b96c22c3f3a3c000854c976044ae6c2491","point_ordinal":1,"zone_group_id":"511701000094","source_manage_no":"511701000094","facility_name":"동호초등학교","sgg_code":"51170","facility_type_code":"1","api_first_registered_on":"1995-11-22","api_last_modified_on":null,"updated_at":"2026-07-25T01:27:52.347112+00:00"},"geometry":{"type":"Point","coordinates":[129.101560968,37.543594856]}},{"type":"Feature","id":"881bbc60eb3e3f350bdcf9aaf8c6fd58c08e9016f455417a33286452f7b3a6f9-1","properties":{"facility_id":"881bbc60eb3e3f350bdcf9aaf8c6fd58c08e9016f455417a33286452f7b3a6f9","point_ordinal":1,"zone_group_id":"511701000095","source_manage_no":"511701000095","facility_name":"망상초등학교","sgg_code":"51170","facility_type_code":"1","api_first_registered_on":"1995-11-22","api_last_modified_on":null,"updated_at":"2026-07-25T01:27:52.347112+00:00"},"geometry":{"type":"Point","coordinates":[129.090599769,37.591050345]}},{"type":"Feature","id":"403df54ad1ae01d13cc2d61057f7432ae3be849dbdb47dc6de2d6aa1087fee40-1","properties":{"facility_id":"403df54ad1ae01d13cc2d61057f7432ae3be849dbdb47dc6de2d6aa1087fee40","point_ordinal":1,"zone_group_id":"511701000095","source_manage_no":"511701024988","facility_name":"망상초병설유치원","sgg_code":"51170","facility_type_code":"1","api_first_registered_on":null,"api_last_modified_on":null,"updated_at":"2026-07-25T01:27:52.347112+00:00"},"geometry":{"type":"Point","coordinates":[129.090003926,37.590691009]}},{"type":"Feature","id":"dda53a7bda835ccb32602fe4fe9f025723891d38d174946d2e3ca2d6672c41e5-1","properties":{"facility_id":"dda53a7bda835ccb32602fe4fe9f025723891d38d174946d2e3ca2d6672c41e5","point_ordinal":1,"zone_group_id":"511701000118","source_manage_no":"511701000121","facility_name":"무지개유치원","sgg_code":"51170","facility_type_code":"1","api_first_registered_on":"2010-07-13","api_last_modified_on":null,"updated_at":"2026-07-25T01:27:52.347112+00:00"},"geometry":{"type":"Point","coordinates":[129.106416278,37.527504145]}},{"type":"Feature","id":"6b04818988b5bdcf9218b3c49f04de20d2074d884d04404c5a7060d9eace7975-1","properties":{"facility_id":"6b04818988b5bdcf9218b3c49f04de20d2074d884d04404c5a7060d9eace7975","point_ordinal":1,"zone_group_id":"511702024371","source_manage_no":"511702024371","facility_name":"묵호노인종합복지관","sgg_code":"51170","facility_type_code":"2","api_first_registered_on":"2021-10-27","api_last_modified_on":null,"updated_at":"2026-07-25T01:27:52.347112+00:00"},"geometry":{"type":"Point","coordinates":[129.106492117,37.545385147]}},{"type":"Feature","id":"5ff2f9688ea03c45081d6027a1b509de245588d4ae8d85faef95df3c1c08bd38-1","properties":{"facility_id":"5ff2f9688ea03c45081d6027a1b509de245588d4ae8d85faef95df3c1c08bd38","point_ordinal":1,"zone_group_id":"511701000097","source_manage_no":"511701000097","facility_name":"묵호초등학교","sgg_code":"51170","facility_type_code":"1","api_first_registered_on":"1996-12-26","api_last_modified_on":null,"updated_at":"2026-07-25T01:27:52.347112+00:00"},"geometry":{"type":"Point","coordinates":[129.102319966,37.551839993]}},{"type":"Feature","id":"0a04155d79f6dac70b67f706874237fdf8be18145fe6f1b78a1af885b19fc0d0-1","properties":{"facility_id":"0a04155d79f6dac70b67f706874237fdf8be18145fe6f1b78a1af885b19fc0d0","point_ordinal":1,"zone_group_id":"511701000097","source_manage_no":"511701000098","facility_name":"미래클어린이집","sgg_code":"51170","facility_type_code":"1","api_first_registered_on":"2010-12-28","api_last_modified_on":null,"updated_at":"2026-07-25T01:27:52.347112+00:00"},"geometry":{"type":"Point","coordinates":[129.101127761,37.552730399]}},{"type":"Feature","id":"9f68c36e120064075632d32445f732493d5eef8d4fd82b4e4875a0d6bb6f20e4-1","properties":{"facility_id":"9f68c36e120064075632d32445f732493d5eef8d4fd82b4e4875a0d6bb6f20e4","point_ordinal":1,"zone_group_id":"511702029902","source_manage_no":"511702029902","facility_name":"벽오경로당","sgg_code":"51170","facility_type_code":"2","api_first_registered_on":null,"api_last_modified_on":"2025-12-30","updated_at":"2026-07-25T01:27:52.347112+00:00"},"geometry":{"type":"Point","coordinates":[129.115472886,37.470667439]}},{"type":"Feature","id":"44cccba4353ca3b14085781d84b19a45799167933d31e88fee507e166ce7b553-1","properties":{"facility_id":"44cccba4353ca3b14085781d84b19a45799167933d31e88fee507e166ce7b553","point_ordinal":1,"zone_group_id":"511701000112","source_manage_no":"511701000112","facility_name":"북삼초등학교","sgg_code":"51170","facility_type_code":"1","api_first_registered_on":"1997-06-13","api_last_modified_on":null,"updated_at":"2026-07-25T01:27:52.347112+00:00"},"geometry":{"type":"Point","coordinates":[129.101925389,37.49583134]}},{"type":"Feature","id":"a0d00d3e8425757eb321e3b762a3b0248744b6b4cc6786198208f8f81e2bfae9-1","properties":{"facility_id":"a0d00d3e8425757eb321e3b762a3b0248744b6b4cc6786198208f8f81e2bfae9","point_ordinal":1,"zone_group_id":"511701000102","source_manage_no":"511701000102","facility_name":"북평초등학교","sgg_code":"51170","facility_type_code":"1","api_first_registered_on":"1996-06-17","api_last_modified_on":null,"updated_at":"2026-07-25T01:27:52.347112+00:00"},"geometry":{"type":"Point","coordinates":[129.123771708,37.4818409]}},{"type":"Feature","id":"a345f0e65fbaf2f154535f31d8176751fe95ab5efe4c22ac7e1230b57bc4d29a-1","properties":{"facility_id":"a345f0e65fbaf2f154535f31d8176751fe95ab5efe4c22ac7e1230b57bc4d29a","point_ordinal":1,"zone_group_id":"511701000116","source_manage_no":"511701000116","facility_name":"삼육초등학교","sgg_code":"51170","facility_type_code":"1","api_first_registered_on":"1998-05-04","api_last_modified_on":null,"updated_at":"2026-07-25T01:27:52.347112+00:00"},"geometry":{"type":"Point","coordinates":[129.101962297,37.521904677]}},{"type":"Feature","id":"cbfa2119af3d60b4ed4cbd57ecaa75dcb8101dcfa4946a1ca1c77160dce70cea-1","properties":{"facility_id":"cbfa2119af3d60b4ed4cbd57ecaa75dcb8101dcfa4946a1ca1c77160dce70cea","point_ordinal":1,"zone_group_id":"511701000104","source_manage_no":"511701000104","facility_name":"삼화초등학교","sgg_code":"51170","facility_type_code":"1","api_first_registered_on":"1996-09-01","api_last_modified_on":null,"updated_at":"2026-07-25T01:27:52.347112+00:00"},"geometry":{"type":"Point","coordinates":[129.067629882,37.485629384]}},{"type":"Feature","id":"1b22b7359803a05c8d40eff21745afaaf9bc27b0c176da80043edc41bf122d2d-1","properties":{"facility_id":"1b22b7359803a05c8d40eff21745afaaf9bc27b0c176da80043edc41bf122d2d","point_ordinal":1,"zone_group_id":"511701000104","source_manage_no":"511701024986","facility_name":"삼화초병설유치원","sgg_code":"51170","facility_type_code":"1","api_first_registered_on":null,"api_last_modified_on":null,"updated_at":"2026-07-25T01:27:52.347112+00:00"},"geometry":{"type":"Point","coordinates":[129.067546135,37.485119973]}},{"type":"Feature","id":"2e6d6d2448473407795f420d19dcf50104fcca6db963f64ddfd2175502a6a02f-1","properties":{"facility_id":"2e6d6d2448473407795f420d19dcf50104fcca6db963f64ddfd2175502a6a02f","point_ordinal":1,"zone_group_id":"511701000115","source_manage_no":"511701000115","facility_name":"성호유치원","sgg_code":"51170","facility_type_code":"1","api_first_registered_on":"2010-12-23","api_last_modified_on":null,"updated_at":"2026-07-25T01:27:52.347112+00:00"},"geometry":{"type":"Point","coordinates":[129.104950455,37.520358976]}},{"type":"Feature","id":"34ae2773cadeaff11c6a413dd45929f2c779163518b7d111a5d0a80828d3c1dc-1","properties":{"facility_id":"34ae2773cadeaff11c6a413dd45929f2c779163518b7d111a5d0a80828d3c1dc","point_ordinal":1,"zone_group_id":"511702025621","source_manage_no":"511702025621","facility_name":"소학 경로당","sgg_code":"51170","facility_type_code":"2","api_first_registered_on":"2022-06-21","api_last_modified_on":null,"updated_at":"2026-07-25T01:27:52.347112+00:00"},"geometry":{"type":"Point","coordinates":[129.062121576,37.482922139]}},{"type":"Feature","id":"834525741cdd81096fe7e993d798dd99f73cd4340650099543a287b3ed3bd200-1","properties":{"facility_id":"834525741cdd81096fe7e993d798dd99f73cd4340650099543a287b3ed3bd200","point_ordinal":1,"zone_group_id":"511701000106","source_manage_no":"511701000106","facility_name":"송정초등학교","sgg_code":"51170","facility_type_code":"1","api_first_registered_on":"1995-11-22","api_last_modified_on":null,"updated_at":"2026-07-25T01:27:52.347112+00:00"},"geometry":{"type":"Point","coordinates":[129.122813799,37.494632191]}},{"type":"Feature","id":"f33a4e0ed3db251ed27c763c44227250ad6d7864283cf3807beb020e67a625a3-1","properties":{"facility_id":"f33a4e0ed3db251ed27c763c44227250ad6d7864283cf3807beb020e67a625a3","point_ordinal":1,"zone_group_id":"511702027964","source_manage_no":"511702027964","facility_name":"쇄운경로당","sgg_code":"51170","facility_type_code":"2","api_first_registered_on":null,"api_last_modified_on":null,"updated_at":"2026-07-25T01:27:52.347112+00:00"},"geometry":{"type":"Point","coordinates":[129.095172289,37.485574223]}},{"type":"Feature","id":"3eaf6d43a8c08a782d9affd073e34a7b41e2a23336ada39858353a1b2c23da35-1","properties":{"facility_id":"3eaf6d43a8c08a782d9affd073e34a7b41e2a23336ada39858353a1b2c23da35","point_ordinal":1,"zone_group_id":"511702026757","source_manage_no":"511702026757","facility_name":"신흥경로당","sgg_code":"51170","facility_type_code":"2","api_first_registered_on":null,"api_last_modified_on":"2025-04-17","updated_at":"2026-07-25T01:27:52.347112+00:00"},"geometry":{"type":"Point","coordinates":[129.021079089,37.519663765]}},{"type":"Feature","id":"b7b2d95b8762fa297fd92dd87a71241029a8697d69b540ec9f17e64c9785cf81-1","properties":{"facility_id":"b7b2d95b8762fa297fd92dd87a71241029a8697d69b540ec9f17e64c9785cf81","point_ordinal":1,"zone_group_id":"511701000100","source_manage_no":"511701000100","facility_name":"우주어린이집","sgg_code":"51170","facility_type_code":"1","api_first_registered_on":"2010-12-28","api_last_modified_on":null,"updated_at":"2026-07-25T01:27:52.347112+00:00"},"geometry":{"type":"Point","coordinates":[129.101675802,37.536022461]}},{"type":"Feature","id":"a13abba53988ec3be404de1f1f7454007e23f7b3f789b82e7aeef2678e276df5-1","properties":{"facility_id":"a13abba53988ec3be404de1f1f7454007e23f7b3f789b82e7aeef2678e276df5","point_ordinal":1,"zone_group_id":"511701000119","source_manage_no":"511701000119","facility_name":"중앙어린이집","sgg_code":"51170","facility_type_code":"1","api_first_registered_on":"2009-11-01","api_last_modified_on":null,"updated_at":"2026-07-25T01:27:52.347112+00:00"},"geometry":{"type":"Point","coordinates":[129.118565455,37.51628866]}},{"type":"Feature","id":"1192d2220f7d418a427057adb5b83dfc4b77ad430f44b3de9258380fa6a74af6-1","properties":{"facility_id":"1192d2220f7d418a427057adb5b83dfc4b77ad430f44b3de9258380fa6a74af6","point_ordinal":1,"zone_group_id":"511701000118","source_manage_no":"511701000118","facility_name":"중앙초등학교","sgg_code":"51170","facility_type_code":"1","api_first_registered_on":"1995-11-22","api_last_modified_on":null,"updated_at":"2026-07-25T01:27:52.347112+00:00"},"geometry":{"type":"Point","coordinates":[129.109544821,37.524586487]}},{"type":"Feature","id":"fc1adc632b1ec1410cbc7c95f03e1f989682b3a2ca3f47868b95efbcbab07d68-1","properties":{"facility_id":"fc1adc632b1ec1410cbc7c95f03e1f989682b3a2ca3f47868b95efbcbab07d68","point_ordinal":1,"zone_group_id":"511701024985","source_manage_no":"511701000109","facility_name":"지혜어린이집","sgg_code":"51170","facility_type_code":"1","api_first_registered_on":"2010-12-28","api_last_modified_on":null,"updated_at":"2026-07-25T01:27:52.347112+00:00"},"geometry":{"type":"Point","coordinates":[129.121735186,37.512180441]}},{"type":"Feature","id":"b110dd8c9025150d5530eecd4d8da863dea7d59e3840334f083231d1ce650c60-1","properties":{"facility_id":"b110dd8c9025150d5530eecd4d8da863dea7d59e3840334f083231d1ce650c60","point_ordinal":1,"zone_group_id":"511701000096","source_manage_no":"511701000096","facility_name":"창호초등학교","sgg_code":"51170","facility_type_code":"1","api_first_registered_on":"1996-12-26","api_last_modified_on":null,"updated_at":"2026-07-25T01:27:52.347112+00:00"},"geometry":{"type":"Point","coordinates":[129.109239377,37.558811792]}},{"type":"Feature","id":"4b3a14c951037e6a0a6a3206716d7d828edbf5640c661d2c2a8580f7662cc6a0-1","properties":{"facility_id":"4b3a14c951037e6a0a6a3206716d7d828edbf5640c661d2c2a8580f7662cc6a0","point_ordinal":1,"zone_group_id":"511701000118","source_manage_no":"511701000117","facility_name":"천곡어린이집","sgg_code":"51170","facility_type_code":"1","api_first_registered_on":"2010-12-28","api_last_modified_on":null,"updated_at":"2026-07-25T01:27:52.347112+00:00"},"geometry":{"type":"Point","coordinates":[129.107143419,37.526583968]}},{"type":"Feature","id":"6b0dce2ca4ed3425cc8d047c11f981e51b5de68b48e31bff6c07b54d9719bb65-1","properties":{"facility_id":"6b0dce2ca4ed3425cc8d047c11f981e51b5de68b48e31bff6c07b54d9719bb65","point_ordinal":1,"zone_group_id":"511701000114","source_manage_no":"511701000114","facility_name":"천곡초등학교","sgg_code":"51170","facility_type_code":"1","api_first_registered_on":"1995-11-22","api_last_modified_on":null,"updated_at":"2026-07-25T01:27:52.347112+00:00"},"geometry":{"type":"Point","coordinates":[129.107826336,37.516750817]}},{"type":"Feature","id":"cd5ed1b2183c2db4b60763fbabbdf6eab9ce7d9a696af0787c23038fa0ea916f-1","properties":{"facility_id":"cd5ed1b2183c2db4b60763fbabbdf6eab9ce7d9a696af0787c23038fa0ea916f","point_ordinal":1,"zone_group_id":"511701000114","source_manage_no":"511701024987","facility_name":"천곡초병설유치원","sgg_code":"51170","facility_type_code":"1","api_first_registered_on":null,"api_last_modified_on":null,"updated_at":"2026-07-25T01:27:52.347112+00:00"},"geometry":{"type":"Point","coordinates":[129.108005969,37.517285609]}},{"type":"Feature","id":"056988a176e6585ce167acc7b766e36106a71d04e78a21d58f93ff2565237b18-1","properties":{"facility_id":"056988a176e6585ce167acc7b766e36106a71d04e78a21d58f93ff2565237b18","point_ordinal":1,"zone_group_id":"511701000108","source_manage_no":"511701000108","facility_name":"청운초등학교","sgg_code":"51170","facility_type_code":"1","api_first_registered_on":"2004-11-15","api_last_modified_on":null,"updated_at":"2026-07-25T01:27:52.347112+00:00"},"geometry":{"type":"Point","coordinates":[129.103342405,37.485393364]}},{"type":"Feature","id":"ea6113e77cb004e295ebdbe97c22b8e33eb94401b32ac37c3f8cb60f794e287e-1","properties":{"facility_id":"ea6113e77cb004e295ebdbe97c22b8e33eb94401b32ac37c3f8cb60f794e287e","point_ordinal":1,"zone_group_id":"511701000113","source_manage_no":"511701000113","facility_name":"한나어린이집","sgg_code":"51170","facility_type_code":"1","api_first_registered_on":"2010-12-28","api_last_modified_on":null,"updated_at":"2026-07-25T01:27:52.347112+00:00"},"geometry":{"type":"Point","coordinates":[129.104643874,37.499174217]}},{"type":"Feature","id":"5167a2a376f360794d21c65a7986f57bbb38040cba0fc9e754cdbff76f8a0712-1","properties":{"facility_id":"5167a2a376f360794d21c65a7986f57bbb38040cba0fc9e754cdbff76f8a0712","point_ordinal":1,"zone_group_id":"511701022703","source_manage_no":"511701022703","facility_name":"해오름유치원","sgg_code":"51170","facility_type_code":"1","api_first_registered_on":"2019-05-27","api_last_modified_on":null,"updated_at":"2026-07-25T01:27:52.347112+00:00"},"geometry":{"type":"Point","coordinates":[129.105379365,37.550041786]}},{"type":"Feature","id":"23834ae1e44238c91de40a4cf8b64ed9a5a39e278a17a0742e1f8e60650f0969-1","properties":{"facility_id":"23834ae1e44238c91de40a4cf8b64ed9a5a39e278a17a0742e1f8e60650f0969","point_ordinal":1,"zone_group_id":"511901000623","source_manage_no":"511901000623","facility_name":"동점초등학교","sgg_code":"51190","facility_type_code":"1","api_first_registered_on":"2010-12-31","api_last_modified_on":null,"updated_at":"2026-07-25T01:27:52.347112+00:00"},"geometry":{"type":"Point","coordinates":[129.049331453,37.099614178]}},{"type":"Feature","id":"d6232c5db9e706eb48e0bf2346941c188a585b660184c41d1d03d5727dedeb8f-1","properties":{"facility_id":"d6232c5db9e706eb48e0bf2346941c188a585b660184c41d1d03d5727dedeb8f","point_ordinal":1,"zone_group_id":"511901000623","source_manage_no":"511901000624","facility_name":"동점초등학교 병설유치원","sgg_code":"51190","facility_type_code":"1","api_first_registered_on":"2010-12-31","api_last_modified_on":null,"updated_at":"2026-07-25T01:27:52.347112+00:00"},"geometry":{"type":"Point","coordinates":[129.049336104,37.099578062]}},{"type":"Feature","id":"0dcd45003cfac5b88bc17d25d571965309b6fff0108251a934c99b9e1ff8067a-1","properties":{"facility_id":"0dcd45003cfac5b88bc17d25d571965309b6fff0108251a934c99b9e1ff8067a","point_ordinal":1,"zone_group_id":"511901000627","source_manage_no":"511901000627","facility_name":"미동초등학교","sgg_code":"51190","facility_type_code":"1","api_first_registered_on":"2010-08-10","api_last_modified_on":null,"updated_at":"2026-07-25T01:27:52.347112+00:00"},"geometry":{"type":"Point","coordinates":[128.984119025,37.255865622]}},{"type":"Feature","id":"cc66a6660e78a90fa48fba47ec676bdf5d993b6535ac6b20ca9356f429dd04f9-1","properties":{"facility_id":"cc66a6660e78a90fa48fba47ec676bdf5d993b6535ac6b20ca9356f429dd04f9","point_ordinal":1,"zone_group_id":"511901000627","source_manage_no":"511901021716","facility_name":"미동초등학교 병설유치원","sgg_code":"51190","facility_type_code":"1","api_first_registered_on":null,"api_last_modified_on":null,"updated_at":"2026-07-25T01:27:52.347112+00:00"},"geometry":{"type":"Point","coordinates":[128.984086351,37.255861141]}},{"type":"Feature","id":"e84c55475ef8595adb582542b96181700dc53553cc02db908a8362ddde5a97bb-1","properties":{"facility_id":"e84c55475ef8595adb582542b96181700dc53553cc02db908a8362ddde5a97bb","point_ordinal":1,"zone_group_id":"511901000640","source_manage_no":"511901000639","facility_name":"삼성초등학교 병설유치원","sgg_code":"51190","facility_type_code":"1","api_first_registered_on":"2010-12-31","api_last_modified_on":null,"updated_at":"2026-07-25T01:27:52.347112+00:00"},"geometry":{"type":"Point","coordinates":[129.023544668,37.098127942]}},{"type":"Feature","id":"f1774a44305cc25723536631f2ad29080280ca4d4066e0fb03275dafc1323e97-1","properties":{"facility_id":"f1774a44305cc25723536631f2ad29080280ca4d4066e0fb03275dafc1323e97","point_ordinal":1,"zone_group_id":"511902027901","source_manage_no":"511902027901","facility_name":"상사미경로당","sgg_code":"51190","facility_type_code":"2","api_first_registered_on":"2023-09-06","api_last_modified_on":null,"updated_at":"2026-07-25T01:27:52.347112+00:00"},"geometry":{"type":"Point","coordinates":[128.991380029,37.27653438]}},{"type":"Feature","id":"7f56aa642b94b1af8089b3d1e560541e1cb5c349fa3e62208da83e1e969fea8a-1","properties":{"facility_id":"7f56aa642b94b1af8089b3d1e560541e1cb5c349fa3e62208da83e1e969fea8a","point_ordinal":1,"zone_group_id":"511901000630","source_manage_no":"511901000630","facility_name":"상장초등학교","sgg_code":"51190","facility_type_code":"1","api_first_registered_on":"2010-12-31","api_last_modified_on":null,"updated_at":"2026-07-25T01:27:52.347112+00:00"},"geometry":{"type":"Point","coordinates":[128.992371533,37.149513261]}},{"type":"Feature","id":"aaf658b89469749471ea73a12e9fc8c4f6d722333a8d0270c27f505ed1ffab4a-1","properties":{"facility_id":"aaf658b89469749471ea73a12e9fc8c4f6d722333a8d0270c27f505ed1ffab4a","point_ordinal":1,"zone_group_id":"511902029667","source_manage_no":"511902029667","facility_name":"원동경로당","sgg_code":"51190","facility_type_code":"2","api_first_registered_on":null,"api_last_modified_on":"2025-10-28","updated_at":"2026-07-25T01:27:52.347112+00:00"},"geometry":{"type":"Point","coordinates":[128.959646177,37.26448634]}},{"type":"Feature","id":"97b8fcd9731fe1b9f82b6c458c7ea63cbf35f8101387ad1acbc5dc97d302b26d-1","properties":{"facility_id":"97b8fcd9731fe1b9f82b6c458c7ea63cbf35f8101387ad1acbc5dc97d302b26d","point_ordinal":1,"zone_group_id":"511901000628","source_manage_no":"511901000628","facility_name":"장성초등학교","sgg_code":"51190","facility_type_code":"1","api_first_registered_on":"2007-12-20","api_last_modified_on":null,"updated_at":"2026-07-25T01:27:52.347112+00:00"},"geometry":{"type":"Point","coordinates":[129.006568084,37.102964396]}},{"type":"Feature","id":"fc9df142d57ce24a52e14704503ba462c77ff89a9e9f48ccaf3f58e30398e9b0-1","properties":{"facility_id":"fc9df142d57ce24a52e14704503ba462c77ff89a9e9f48ccaf3f58e30398e9b0","point_ordinal":1,"zone_group_id":"511901000628","source_manage_no":"511901000629","facility_name":"장성초등학교 병설유치원","sgg_code":"51190","facility_type_code":"1","api_first_registered_on":null,"api_last_modified_on":null,"updated_at":"2026-07-25T01:27:52.347112+00:00"},"geometry":{"type":"Point","coordinates":[129.006603553,37.102923254]}},{"type":"Feature","id":"fca93052a7d35b81117a4355c8477f15bc9f28406c95e0f790bbe02a3b2bafa9-1","properties":{"facility_id":"fca93052a7d35b81117a4355c8477f15bc9f28406c95e0f790bbe02a3b2bafa9","point_ordinal":1,"zone_group_id":"511901000621","source_manage_no":"511901000621","facility_name":"철암초등학교","sgg_code":"51190","facility_type_code":"1","api_first_registered_on":"2010-12-31","api_last_modified_on":null,"updated_at":"2026-07-25T01:27:52.347112+00:00"},"geometry":{"type":"Point","coordinates":[129.041846019,37.122669094]}},{"type":"Feature","id":"b2106f5b2b752d42bb887530d1bf30fcaff01039fc9f06804235e97956220442-1","properties":{"facility_id":"b2106f5b2b752d42bb887530d1bf30fcaff01039fc9f06804235e97956220442","point_ordinal":1,"zone_group_id":"511901000621","source_manage_no":"511901000622","facility_name":"철암초등학교 병설유치원","sgg_code":"51190","facility_type_code":"1","api_first_registered_on":"2010-12-31","api_last_modified_on":null,"updated_at":"2026-07-25T01:27:52.347112+00:00"},"geometry":{"type":"Point","coordinates":[129.041844176,37.122705162]}},{"type":"Feature","id":"ab98f9324a0ff79d2a202debda1acd012fad1825e0207157d426b06d02545cdd-1","properties":{"facility_id":"ab98f9324a0ff79d2a202debda1acd012fad1825e0207157d426b06d02545cdd","point_ordinal":1,"zone_group_id":"511901000620","source_manage_no":"511901000620","facility_name":"태백라온학교","sgg_code":"51190","facility_type_code":"1","api_first_registered_on":"2010-12-31","api_last_modified_on":null,"updated_at":"2026-07-25T01:27:52.347112+00:00"},"geometry":{"type":"Point","coordinates":[128.993910142,37.093187133]}},{"type":"Feature","id":"58d81c5d6a847ccdc06ae5468f69086d15b5fb602821f7db55d19d2d5912b037-1","properties":{"facility_id":"58d81c5d6a847ccdc06ae5468f69086d15b5fb602821f7db55d19d2d5912b037","point_ordinal":1,"zone_group_id":"511901000640","source_manage_no":"511901000640","facility_name":"태백삼성초등학교","sgg_code":"51190","facility_type_code":"1","api_first_registered_on":null,"api_last_modified_on":null,"updated_at":"2026-07-25T01:27:52.347112+00:00"},"geometry":{"type":"Point","coordinates":[129.023580845,37.09811381]}},{"type":"Feature","id":"29f4295bb0f4a54041dea516671cebe384cd08f1d93cac858b180891df736db6-1","properties":{"facility_id":"29f4295bb0f4a54041dea516671cebe384cd08f1d93cac858b180891df736db6","point_ordinal":1,"zone_group_id":"511902027898","source_manage_no":"511902027898","facility_name":"태백시노인회관","sgg_code":"51190","facility_type_code":"2","api_first_registered_on":"2023-09-05","api_last_modified_on":null,"updated_at":"2026-07-25T01:27:52.347112+00:00"},"geometry":{"type":"Point","coordinates":[128.987790769,37.179645723]}},{"type":"Feature","id":"9d3d6163efde3aaf3fd4b460d136d384c325aa084dc54f6afeef1170a91a6738-1","properties":{"facility_id":"9d3d6163efde3aaf3fd4b460d136d384c325aa084dc54f6afeef1170a91a6738","point_ordinal":1,"zone_group_id":"511901000632","source_manage_no":"511901000632","facility_name":"태백초등학교","sgg_code":"51190","facility_type_code":"1","api_first_registered_on":"2010-12-31","api_last_modified_on":null,"updated_at":"2026-07-25T01:27:52.347112+00:00"},"geometry":{"type":"Point","coordinates":[129.004105591,37.107254296]}},{"type":"Feature","id":"c8608fc11fec2321a3460e1a8a2bf16f826bbfac8be82a2d6ce9550b9e7cd5c0-1","properties":{"facility_id":"c8608fc11fec2321a3460e1a8a2bf16f826bbfac8be82a2d6ce9550b9e7cd5c0","point_ordinal":1,"zone_group_id":"511901000632","source_manage_no":"511901000633","facility_name":"태백초등학교 병설유치원","sgg_code":"51190","facility_type_code":"1","api_first_registered_on":"2010-12-31","api_last_modified_on":null,"updated_at":"2026-07-25T01:27:52.347112+00:00"},"geometry":{"type":"Point","coordinates":[129.004098227,37.107294962]}},{"type":"Feature","id":"3be0c6459477ee585c21414ced8b181fe00e848c93d74973db8ce1a75591c525-1","properties":{"facility_id":"3be0c6459477ee585c21414ced8b181fe00e848c93d74973db8ce1a75591c525","point_ordinal":1,"zone_group_id":"511901000634","source_manage_no":"511901021723","facility_name":"태사랑유치원","sgg_code":"51190","facility_type_code":"1","api_first_registered_on":null,"api_last_modified_on":null,"updated_at":"2026-07-25T01:27:52.347112+00:00"},"geometry":{"type":"Point","coordinates":[128.982903169,37.180691602]}},{"type":"Feature","id":"c64fcbc8895ede33e8b6882910c793a7dddb7f39aac8ad19254df622341dc3a0-1","properties":{"facility_id":"c64fcbc8895ede33e8b6882910c793a7dddb7f39aac8ad19254df622341dc3a0","point_ordinal":1,"zone_group_id":"511901000634","source_manage_no":"511901000634","facility_name":"태서초등학교","sgg_code":"51190","facility_type_code":"1","api_first_registered_on":"2010-08-16","api_last_modified_on":null,"updated_at":"2026-07-25T01:27:52.347112+00:00"},"geometry":{"type":"Point","coordinates":[128.982863613,37.180692371]}},{"type":"Feature","id":"0ca58639b060344aff88844f974be2c45ec03c84db2ea30c801a2cbe92962c2f-1","properties":{"facility_id":"0ca58639b060344aff88844f974be2c45ec03c84db2ea30c801a2cbe92962c2f","point_ordinal":1,"zone_group_id":"511901000637","source_manage_no":"511901000637","facility_name":"통리초등학교","sgg_code":"51190","facility_type_code":"1","api_first_registered_on":"2010-12-31","api_last_modified_on":null,"updated_at":"2026-07-25T01:27:52.347112+00:00"},"geometry":{"type":"Point","coordinates":[129.035319386,37.165877433]}},{"type":"Feature","id":"ad127e50643963ec84e91ca45ffc519cca4b5623de056b41b40012bc0064ebc7-1","properties":{"facility_id":"ad127e50643963ec84e91ca45ffc519cca4b5623de056b41b40012bc0064ebc7","point_ordinal":1,"zone_group_id":"511901000637","source_manage_no":"511901000638","facility_name":"통리초등학교 병설유치원","sgg_code":"51190","facility_type_code":"1","api_first_registered_on":"2010-12-31","api_last_modified_on":null,"updated_at":"2026-07-25T01:27:52.347112+00:00"},"geometry":{"type":"Point","coordinates":[129.035361822,37.165885713]}},{"type":"Feature","id":"64a0776480c56421a3b43a831b32f4a9d8f3b53c5434fdebd034b2ce36574fe4-1","properties":{"facility_id":"64a0776480c56421a3b43a831b32f4a9d8f3b53c5434fdebd034b2ce36574fe4","point_ordinal":1,"zone_group_id":"511901000625","source_manage_no":"511901000625","facility_name":"함태초등학교","sgg_code":"51190","facility_type_code":"1","api_first_registered_on":"2009-05-01","api_last_modified_on":null,"updated_at":"2026-07-25T01:27:52.347112+00:00"},"geometry":{"type":"Point","coordinates":[128.977112346,37.138419686]}},{"type":"Feature","id":"9c1981c55b4dca42fe4685cb773b258daedb8cd5baca8f24b9b56be023fc641c-1","properties":{"facility_id":"9c1981c55b4dca42fe4685cb773b258daedb8cd5baca8f24b9b56be023fc641c","point_ordinal":1,"zone_group_id":"511901000635","source_manage_no":"511901000635","facility_name":"황지중앙초등학교","sgg_code":"51190","facility_type_code":"1","api_first_registered_on":"2010-08-16","api_last_modified_on":null,"updated_at":"2026-07-25T01:27:52.347112+00:00"},"geometry":{"type":"Point","coordinates":[128.983714162,37.18070002]}},{"type":"Feature","id":"2abc670d73cf4f601102b5092e7137e94a706c1be4493be7efb2448430f61284-1","properties":{"facility_id":"2abc670d73cf4f601102b5092e7137e94a706c1be4493be7efb2448430f61284","point_ordinal":1,"zone_group_id":"511901000641","source_manage_no":"511901000641","facility_name":"황지초등학교","sgg_code":"51190","facility_type_code":"1","api_first_registered_on":"2003-08-12","api_last_modified_on":null,"updated_at":"2026-07-25T01:27:52.347112+00:00"},"geometry":{"type":"Point","coordinates":[128.991449803,37.164496052]}},{"type":"Feature","id":"f3b195fdf51c517a36d85a0847d44279d1466b7c285d325756f0998db6fa405a-1","properties":{"facility_id":"f3b195fdf51c517a36d85a0847d44279d1466b7c285d325756f0998db6fa405a","point_ordinal":1,"zone_group_id":"512101000162","source_manage_no":"512101000162","facility_name":"교동초등학교","sgg_code":"51210","facility_type_code":"1","api_first_registered_on":"2005-07-01","api_last_modified_on":null,"updated_at":"2026-07-28T00:31:14.553832+00:00"},"geometry":{"type":"Point","coordinates":[128.575292546,38.203224649]}},{"type":"Feature","id":"f9e253141ebee46de66a95cb8d59e930a82ddbfb1d2f2c6bbbade5b59c0c2289-1","properties":{"facility_id":"f9e253141ebee46de66a95cb8d59e930a82ddbfb1d2f2c6bbbade5b59c0c2289","point_ordinal":1,"zone_group_id":"512101000170","source_manage_no":"512101000170","facility_name":"대포초등학교","sgg_code":"51210","facility_type_code":"1","api_first_registered_on":"2009-02-05","api_last_modified_on":null,"updated_at":"2026-07-28T00:31:14.553832+00:00"},"geometry":{"type":"Point","coordinates":[128.6041054,38.174334405]}},{"type":"Feature","id":"65e5d23178d3259bcf7180cac72166efbfcb21dc0155a6cccb7ed2d2075ab051-1","properties":{"facility_id":"65e5d23178d3259bcf7180cac72166efbfcb21dc0155a6cccb7ed2d2075ab051","point_ordinal":1,"zone_group_id":"512101000183","source_manage_no":"512101000178","facility_name":"산호유치원","sgg_code":"51210","facility_type_code":"1","api_first_registered_on":"2006-10-31","api_last_modified_on":null,"updated_at":"2026-07-25T01:27:52.347112+00:00"},"geometry":{"type":"Point","coordinates":[128.587496675,38.187645588]}},{"type":"Feature","id":"decddcee222ef30ffe9e18c0e017bc305538da82e98cd5dd4f001219ac0d69db-1","properties":{"facility_id":"decddcee222ef30ffe9e18c0e017bc305538da82e98cd5dd4f001219ac0d69db","point_ordinal":1,"zone_group_id":"512101000172","source_manage_no":"512101000172","facility_name":"설악초등학교","sgg_code":"51210","facility_type_code":"1","api_first_registered_on":"2006-10-31","api_last_modified_on":"2025-11-02","updated_at":"2026-07-28T00:31:14.553832+00:00"},"geometry":{"type":"Point","coordinates":[128.5406557,38.16388444]}},{"type":"Feature","id":"44d12abfc811ac0f7062f7cfbd47317e1b5ff4262c17d3993d846320b98ac075-1","properties":{"facility_id":"44d12abfc811ac0f7062f7cfbd47317e1b5ff4262c17d3993d846320b98ac075","point_ordinal":1,"zone_group_id":"512101000173","source_manage_no":"512101000173","facility_name":"설악초등학교 병설유치원","sgg_code":"51210","facility_type_code":"1","api_first_registered_on":"2006-10-31","api_last_modified_on":null,"updated_at":"2026-07-25T01:27:52.347112+00:00"},"geometry":{"type":"Point","coordinates":[128.540988942,38.164267423]}},{"type":"Feature","id":"fca3560f612054b497f422a42839f1f4e184411979f433c96d12c1a25fb58ca7-1","properties":{"facility_id":"fca3560f612054b497f422a42839f1f4e184411979f433c96d12c1a25fb58ca7","point_ordinal":1,"zone_group_id":"512102026208","source_manage_no":"512102026208","facility_name":"성암노인복지센터","sgg_code":"51210","facility_type_code":"2","api_first_registered_on":"2022-08-19","api_last_modified_on":"2025-03-20","updated_at":"2026-07-28T00:31:14.553832+00:00"},"geometry":{"type":"Point","coordinates":[128.599461835,38.191507468]}},{"type":"Feature","id":"e9f2bd526a6bf13ca36bf3161f60febc8bab017ba36272bb89c1931d5927930d-1","properties":{"facility_id":"e9f2bd526a6bf13ca36bf3161f60febc8bab017ba36272bb89c1931d5927930d","point_ordinal":1,"zone_group_id":"512101000164","source_manage_no":"512101000164","facility_name":"소야초등학교","sgg_code":"51210","facility_type_code":"1","api_first_registered_on":"2006-10-31","api_last_modified_on":null,"updated_at":"2026-07-28T00:31:14.553832+00:00"},"geometry":{"type":"Point","coordinates":[128.567154527,38.198882922]}},{"type":"Feature","id":"99b7ff3673fa2d9d7a6dafece705c6235485c6764be264243000c47f7e99edf8-1","properties":{"facility_id":"99b7ff3673fa2d9d7a6dafece705c6235485c6764be264243000c47f7e99edf8","point_ordinal":1,"zone_group_id":"512101000165","source_manage_no":"512101000165","facility_name":"소야초등학교 병설유치원","sgg_code":"51210","facility_type_code":"1","api_first_registered_on":null,"api_last_modified_on":null,"updated_at":"2026-07-25T01:27:52.347112+00:00"},"geometry":{"type":"Point","coordinates":[128.567154527,38.198882922]}},{"type":"Feature","id":"571cc14a6a6b87302aee24a093624ab0905accfc87cfafd54d0cc9d3e6728567-1","properties":{"facility_id":"571cc14a6a6b87302aee24a093624ab0905accfc87cfafd54d0cc9d3e6728567","point_ordinal":1,"zone_group_id":"512102000163","source_manage_no":"512102000163","facility_name":"속초시노인종합복지관","sgg_code":"51210","facility_type_code":"2","api_first_registered_on":"2009-09-01","api_last_modified_on":null,"updated_at":"2026-07-28T00:31:14.553832+00:00"},"geometry":{"type":"Point","coordinates":[128.576130513,38.196529907]}},{"type":"Feature","id":"1a4818e8c9e558de3fe87301f59a791a8f12c750570c214fe9f938710e9f20d7-1","properties":{"facility_id":"1a4818e8c9e558de3fe87301f59a791a8f12c750570c214fe9f938710e9f20d7","point_ordinal":1,"zone_group_id":"512101000175","source_manage_no":"512101000174","facility_name":"속초유치원","sgg_code":"51210","facility_type_code":"1","api_first_registered_on":"1996-06-17","api_last_modified_on":null,"updated_at":"2026-07-25T01:27:52.347112+00:00"},"geometry":{"type":"Point","coordinates":[128.591330725,38.218730815]}},{"type":"Feature","id":"8764134673d3ab5e106214fcf550479d09d34660aeb60e7b374acc1aabee57c9-1","properties":{"facility_id":"8764134673d3ab5e106214fcf550479d09d34660aeb60e7b374acc1aabee57c9","point_ordinal":1,"zone_group_id":"512101000184","source_manage_no":"512101000184","facility_name":"속초중앙초등학교","sgg_code":"51210","facility_type_code":"1","api_first_registered_on":"1996-06-17","api_last_modified_on":null,"updated_at":"2026-07-28T00:31:14.553832+00:00"},"geometry":{"type":"Point","coordinates":[128.585016851,38.210489127]}},{"type":"Feature","id":"3a6586ce4e18353d97b12aa19786c58ee0ce141fa37f3b2af0896808136d34c4-1","properties":{"facility_id":"3a6586ce4e18353d97b12aa19786c58ee0ce141fa37f3b2af0896808136d34c4","point_ordinal":1,"zone_group_id":"512101029910","source_manage_no":"512101029910","facility_name":"속초청해학교","sgg_code":"51210","facility_type_code":"1","api_first_registered_on":"2025-06-10","api_last_modified_on":"2026-01-12","updated_at":"2026-07-25T01:27:52.347112+00:00"},"geometry":{"type":"Point","coordinates":[128.560738582,38.219274926]}},{"type":"Feature","id":"fbfba353c6274db5ae2792cd45f3e404d7d318d823605201783da09890db2191-1","properties":{"facility_id":"fbfba353c6274db5ae2792cd45f3e404d7d318d823605201783da09890db2191","point_ordinal":1,"zone_group_id":"512101026971","source_manage_no":"512101026971","facility_name":"속초초등학교","sgg_code":"51210","facility_type_code":"1","api_first_registered_on":"1996-06-17","api_last_modified_on":null,"updated_at":"2026-07-28T00:31:14.553832+00:00"},"geometry":{"type":"Point","coordinates":[128.581362593,38.202481424]}},{"type":"Feature","id":"c2aa0f772df6b405148a9b954d1804b32c818f6a6b3682766da24ea6ce6790fe-1","properties":{"facility_id":"c2aa0f772df6b405148a9b954d1804b32c818f6a6b3682766da24ea6ce6790fe","point_ordinal":1,"zone_group_id":"512101000180","source_manage_no":"512101000179","facility_name":"아이사랑어린이집","sgg_code":"51210","facility_type_code":"1","api_first_registered_on":"2010-08-04","api_last_modified_on":null,"updated_at":"2026-07-25T01:27:52.347112+00:00"},"geometry":{"type":"Point","coordinates":[128.599852478,38.187604268]}},{"type":"Feature","id":"1b4099e87c43b653cb0fca040deb4e0127600b0f14627839ee1c5b8bd66218c2-1","properties":{"facility_id":"1b4099e87c43b653cb0fca040deb4e0127600b0f14627839ee1c5b8bd66218c2","point_ordinal":1,"zone_group_id":"512101000175","source_manage_no":"512101000175","facility_name":"영랑초등학교","sgg_code":"51210","facility_type_code":"1","api_first_registered_on":"1996-06-17","api_last_modified_on":null,"updated_at":"2026-07-28T00:31:14.553832+00:00"},"geometry":{"type":"Point","coordinates":[128.591319937,38.217243907]}},{"type":"Feature","id":"9bf7e6861f529a8cca9d25d54f1eb88f48760b6fddc5b49c4c8b4be2d956a031-1","properties":{"facility_id":"9bf7e6861f529a8cca9d25d54f1eb88f48760b6fddc5b49c4c8b4be2d956a031","point_ordinal":1,"zone_group_id":"512101000168","source_manage_no":"512101000168","facility_name":"온정초등학교","sgg_code":"51210","facility_type_code":"1","api_first_registered_on":"1996-06-17","api_last_modified_on":null,"updated_at":"2026-07-28T00:31:14.553832+00:00"},"geometry":{"type":"Point","coordinates":[128.554615925,38.190236336]}},{"type":"Feature","id":"55472403fa09264d7a59dc8d5e35ea7091a4ab393a2634af106fb1a2af691449-1","properties":{"facility_id":"55472403fa09264d7a59dc8d5e35ea7091a4ab393a2634af106fb1a2af691449","point_ordinal":1,"zone_group_id":"512101000169","source_manage_no":"512101000169","facility_name":"온정초등학교 병설유치원","sgg_code":"51210","facility_type_code":"1","api_first_registered_on":"1996-06-17","api_last_modified_on":null,"updated_at":"2026-07-25T01:27:52.347112+00:00"},"geometry":{"type":"Point","coordinates":[128.554615925,38.190236336]}},{"type":"Feature","id":"83e73068dd05b3d17cf3917c511c8b0f1fe3c6100c3944545f3e006e82454819-1","properties":{"facility_id":"83e73068dd05b3d17cf3917c511c8b0f1fe3c6100c3944545f3e006e82454819","point_ordinal":1,"zone_group_id":"512101000180","source_manage_no":"512101000180","facility_name":"조양초등학교","sgg_code":"51210","facility_type_code":"1","api_first_registered_on":"2005-07-01","api_last_modified_on":null,"updated_at":"2026-07-28T00:31:14.553832+00:00"},"geometry":{"type":"Point","coordinates":[128.598972113,38.188288428]}},{"type":"Feature","id":"c0a947a506f07bfc610c8031bc640e9f61d250ffe9ffecda66d71912bc8d53cd-1","properties":{"facility_id":"c0a947a506f07bfc610c8031bc640e9f61d250ffe9ffecda66d71912bc8d53cd","point_ordinal":1,"zone_group_id":"512101000181","source_manage_no":"512101000181","facility_name":"청대초등학교","sgg_code":"51210","facility_type_code":"1","api_first_registered_on":"1998-03-12","api_last_modified_on":null,"updated_at":"2026-07-28T00:31:14.553832+00:00"},"geometry":{"type":"Point","coordinates":[128.577128708,38.191419834]}},{"type":"Feature","id":"0517166612fa2d5dbedea51513ec4be493b845dc497eca303e3329bb02c324da-1","properties":{"facility_id":"0517166612fa2d5dbedea51513ec4be493b845dc497eca303e3329bb02c324da","point_ordinal":1,"zone_group_id":"512101000182","source_manage_no":"512101000182","facility_name":"청대초등학교 병설유치원","sgg_code":"51210","facility_type_code":"1","api_first_registered_on":"1998-03-12","api_last_modified_on":null,"updated_at":"2026-07-25T01:27:52.347112+00:00"},"geometry":{"type":"Point","coordinates":[128.577128708,38.191419834]}},{"type":"Feature","id":"464d89b01f2c20143364e4c6b514c0e6640d049a7ee2b572edef1d72d386a583-1","properties":{"facility_id":"464d89b01f2c20143364e4c6b514c0e6640d049a7ee2b572edef1d72d386a583","point_ordinal":1,"zone_group_id":"512101000183","source_manage_no":"512101000183","facility_name":"청봉초등학교","sgg_code":"51210","facility_type_code":"1","api_first_registered_on":"2006-10-31","api_last_modified_on":null,"updated_at":"2026-07-28T00:31:14.553832+00:00"},"geometry":{"type":"Point","coordinates":[128.58704552,38.188472639]}},{"type":"Feature","id":"c4d0c10fc37b19f9086ec9b5d38c8a9ebddce5b8adf77af2d04258327b41c19c-1","properties":{"facility_id":"c4d0c10fc37b19f9086ec9b5d38c8a9ebddce5b8adf77af2d04258327b41c19c","point_ordinal":1,"zone_group_id":"512101000186","source_manage_no":"512101000186","facility_name":"청호초등학교","sgg_code":"51210","facility_type_code":"1","api_first_registered_on":"2005-07-01","api_last_modified_on":null,"updated_at":"2026-07-28T00:31:14.553832+00:00"},"geometry":{"type":"Point","coordinates":[128.597272602,38.195261751]}},{"type":"Feature","id":"174eb82d01dff08919c9fe56fcd19be398fdac08dce5d2b33c09ea11a50c9ca9-1","properties":{"facility_id":"174eb82d01dff08919c9fe56fcd19be398fdac08dce5d2b33c09ea11a50c9ca9","point_ordinal":1,"zone_group_id":"512302021764","source_manage_no":"512302021764","facility_name":"고자리마을회관","sgg_code":"51230","facility_type_code":"2","api_first_registered_on":"2020-09-04","api_last_modified_on":"2026-04-20","updated_at":"2026-07-25T01:27:52.347112+00:00"},"geometry":{"type":"Point","coordinates":[129.151166696,37.354940966]}},{"type":"Feature","id":"1fc18a3edaf14366b04f920ec023c5ef8702039bed38a4c668f77d423621b2be-1","properties":{"facility_id":"1fc18a3edaf14366b04f920ec023c5ef8702039bed38a4c668f77d423621b2be","point_ordinal":1,"zone_group_id":"512302000127","source_manage_no":"512302000127","facility_name":"교가5리(무릉)경로당","sgg_code":"51230","facility_type_code":"2","api_first_registered_on":"2017-08-09","api_last_modified_on":"2026-04-20","updated_at":"2026-07-25T01:27:52.347112+00:00"},"geometry":{"type":"Point","coordinates":[129.219702148,37.380490834]}},{"type":"Feature","id":"bdf71b15a420768fbb7bc9071c82f26c37930c7eabd420e6892911ff1bf4bf04-1","properties":{"facility_id":"bdf71b15a420768fbb7bc9071c82f26c37930c7eabd420e6892911ff1bf4bf04","point_ordinal":1,"zone_group_id":"512302000128","source_manage_no":"512302000128","facility_name":"교가6리(도원)경로당","sgg_code":"51230","facility_type_code":"2","api_first_registered_on":"2017-08-09","api_last_modified_on":"2026-04-20","updated_at":"2026-07-25T01:27:52.347112+00:00"},"geometry":{"type":"Point","coordinates":[129.215198344,37.375939911]}},{"type":"Feature","id":"b18fb93c238a0b4e01b60cb1902faea751726917be787a20a75ba1e6362687ca-1","properties":{"facility_id":"b18fb93c238a0b4e01b60cb1902faea751726917be787a20a75ba1e6362687ca","point_ordinal":1,"zone_group_id":"512302000129","source_manage_no":"512302000129","facility_name":"교곡1리(양지마을)경로당","sgg_code":"51230","facility_type_code":"2","api_first_registered_on":"2017-08-09","api_last_modified_on":null,"updated_at":"2026-07-25T01:27:52.347112+00:00"},"geometry":{"type":"Point","coordinates":[129.209620775,37.368540071]}},{"type":"Feature","id":"783cfa46d3043ec4c8edc1bae57d3f776cebb452d6a6efb7167894c24ea3e82d-1","properties":{"facility_id":"783cfa46d3043ec4c8edc1bae57d3f776cebb452d6a6efb7167894c24ea3e82d","point_ordinal":1,"zone_group_id":"512302028998","source_manage_no":"512302028998","facility_name":"교동2통 경로당","sgg_code":"51230","facility_type_code":"2","api_first_registered_on":"2024-09-24","api_last_modified_on":"2026-04-20","updated_at":"2026-07-25T01:27:52.347112+00:00"},"geometry":{"type":"Point","coordinates":[129.173048065,37.465182091]}},{"type":"Feature","id":"d25a172d7534bae671960029593f2184f258fc37910b391971bb5a1e0f0f9783-1","properties":{"facility_id":"d25a172d7534bae671960029593f2184f258fc37910b391971bb5a1e0f0f9783","point_ordinal":1,"zone_group_id":"512301000132","source_manage_no":"512301000132","facility_name":"근덕초등학교","sgg_code":"51230","facility_type_code":"1","api_first_registered_on":"1996-05-11","api_last_modified_on":"2026-07-01","updated_at":"2026-07-25T01:27:52.347112+00:00"},"geometry":{"type":"Point","coordinates":[129.224895376,37.38034696]}},{"type":"Feature","id":"cbb10c0c7edc570a78a17c90008e5c51476200d40f6e7f20277285f7522223cd-1","properties":{"facility_id":"cbb10c0c7edc570a78a17c90008e5c51476200d40f6e7f20277285f7522223cd","point_ordinal":1,"zone_group_id":"512302026546","source_manage_no":"512302026546","facility_name":"기곡1리 경로당","sgg_code":"51230","facility_type_code":"2","api_first_registered_on":null,"api_last_modified_on":"2026-04-20","updated_at":"2026-07-25T01:27:52.347112+00:00"},"geometry":{"type":"Point","coordinates":[129.256349851,37.146109782]}},{"type":"Feature","id":"e076fe277664addb62d24b94019ca3ec91755f8c9365879a313d4693ba9ead53-1","properties":{"facility_id":"e076fe277664addb62d24b94019ca3ec91755f8c9365879a313d4693ba9ead53","point_ordinal":1,"zone_group_id":"512302030041","source_manage_no":"512302030041","facility_name":"노경1리 마을회관","sgg_code":"51230","facility_type_code":"2","api_first_registered_on":null,"api_last_modified_on":"2026-04-20","updated_at":"2026-07-25T01:27:52.347112+00:00"},"geometry":{"type":"Point","coordinates":[129.321778889,37.161985354]}},{"type":"Feature","id":"4575720bd845694e631b529b3b2d4ac5a5877a86caefbbe5dc17d44e50fe63cd-1","properties":{"facility_id":"4575720bd845694e631b529b3b2d4ac5a5877a86caefbbe5dc17d44e50fe63cd","point_ordinal":1,"zone_group_id":"512302026547","source_manage_no":"512302026547","facility_name":"노경2리 마을회관","sgg_code":"51230","facility_type_code":"2","api_first_registered_on":null,"api_last_modified_on":"2026-04-20","updated_at":"2026-08-22T02:31:33.669714+00:00"},"geometry":{"type":"Point","coordinates":[129.321887715,37.150936113]}},{"type":"Feature","id":"f7fd2e34a7b908198e2cfc8f7590531ca38cb856d65032bd062daa60c2024d2b-1","properties":{"facility_id":"f7fd2e34a7b908198e2cfc8f7590531ca38cb856d65032bd062daa60c2024d2b","point_ordinal":1,"zone_group_id":"512302026552","source_manage_no":"512302026552","facility_name":"대전리 마을회관","sgg_code":"51230","facility_type_code":"2","api_first_registered_on":null,"api_last_modified_on":"2026-04-20","updated_at":"2026-07-25T01:27:52.347112+00:00"},"geometry":{"type":"Point","coordinates":[128.873697385,37.282378599]}},{"type":"Feature","id":"3f51b7be9b8ba51e2902463f7ebf46db284df6dc2bb8c911ea1a721a561ae071-1","properties":{"facility_id":"3f51b7be9b8ba51e2902463f7ebf46db284df6dc2bb8c911ea1a721a561ae071","point_ordinal":1,"zone_group_id":"512301000142","source_manage_no":"512301000142","facility_name":"도계초등학교","sgg_code":"51230","facility_type_code":"1","api_first_registered_on":"1996-05-11","api_last_modified_on":"2026-07-01","updated_at":"2026-07-25T01:27:52.347112+00:00"},"geometry":{"type":"Point","coordinates":[129.044565406,37.232558225]}},{"type":"Feature","id":"192b17c66e399b0b79a960ab38b01e7880871a0ecac4b49d87976f12b026aadd-1","properties":{"facility_id":"192b17c66e399b0b79a960ab38b01e7880871a0ecac4b49d87976f12b026aadd","point_ordinal":1,"zone_group_id":"512301000142","source_manage_no":"512301026530","facility_name":"도계초등학교 병설유치원","sgg_code":"51230","facility_type_code":"1","api_first_registered_on":null,"api_last_modified_on":"2026-07-01","updated_at":"2026-07-25T01:27:52.347112+00:00"},"geometry":{"type":"Point","coordinates":[129.044809131,37.233731203]}},{"type":"Feature","id":"d434621f62c4a19979190b4dc43c180a7743611df55557f33656758fac199595-1","properties":{"facility_id":"d434621f62c4a19979190b4dc43c180a7743611df55557f33656758fac199595","point_ordinal":1,"zone_group_id":"512302021763","source_manage_no":"512302021763","facility_name":"동막3리(성지새)경로당","sgg_code":"51230","facility_type_code":"2","api_first_registered_on":"2020-03-18","api_last_modified_on":"2026-04-20","updated_at":"2026-07-25T01:27:52.347112+00:00"},"geometry":{"type":"Point","coordinates":[129.240623966,37.336880596]}},{"type":"Feature","id":"e9414b9f7ffd37a65269d222ce6f7cb8fbf8fabfc149c13befbb532f8fcc65ff-1","properties":{"facility_id":"e9414b9f7ffd37a65269d222ce6f7cb8fbf8fabfc149c13befbb532f8fcc65ff","point_ordinal":1,"zone_group_id":"512302026354","source_manage_no":"512302026354","facility_name":"동막4리 노인회관","sgg_code":"51230","facility_type_code":"2","api_first_registered_on":"2023-04-03","api_last_modified_on":"2026-04-20","updated_at":"2026-07-25T01:27:52.347112+00:00"},"geometry":{"type":"Point","coordinates":[129.238927481,37.341287002]}},{"type":"Feature","id":"a1d5648f2758c50f5235397f2e5d4e4c3974d932d0dd68c0aab1cc81d2738a31-1","properties":{"facility_id":"a1d5648f2758c50f5235397f2e5d4e4c3974d932d0dd68c0aab1cc81d2738a31","point_ordinal":1,"zone_group_id":"512302000133","source_manage_no":"512302000133","facility_name":"동막7리(대평)경로당","sgg_code":"51230","facility_type_code":"2","api_first_registered_on":"2017-08-09","api_last_modified_on":"2026-04-20","updated_at":"2026-07-25T01:27:52.347112+00:00"},"geometry":{"type":"Point","coordinates":[129.197275516,37.309717652]}},{"type":"Feature","id":"19ef1cf70fdb91b4c0e3250a50f1e37d535bd189890881934c81daf4571b2251-1","properties":{"facility_id":"19ef1cf70fdb91b4c0e3250a50f1e37d535bd189890881934c81daf4571b2251","point_ordinal":1,"zone_group_id":"512302030043","source_manage_no":"512302030043","facility_name":"동막리 마을회관","sgg_code":"51230","facility_type_code":"2","api_first_registered_on":null,"api_last_modified_on":"2026-04-20","updated_at":"2026-07-25T01:27:52.347112+00:00"},"geometry":{"type":"Point","coordinates":[129.214991403,37.326156571]}},{"type":"Feature","id":"d94cc357df4e9cc2dbc71c0b1bd123d1f8116c5ba1de4fd9afde40c2302f8f8e-1","properties":{"facility_id":"d94cc357df4e9cc2dbc71c0b1bd123d1f8116c5ba1de4fd9afde40c2302f8f8e","point_ordinal":1,"zone_group_id":"512301000135","source_manage_no":"512301000135","facility_name":"맹방초등학교","sgg_code":"51230","facility_type_code":"1","api_first_registered_on":"1998-11-03","api_last_modified_on":"2026-07-01","updated_at":"2026-07-25T01:27:52.347112+00:00"},"geometry":{"type":"Point","coordinates":[129.213798144,37.398214862]}},{"type":"Feature","id":"09405fececba5eaf182c5bd5c3b050d865aa0a4a894746e1d227c12adcbaeb79-1","properties":{"facility_id":"09405fececba5eaf182c5bd5c3b050d865aa0a4a894746e1d227c12adcbaeb79","point_ordinal":1,"zone_group_id":"512301000135","source_manage_no":"512301025022","facility_name":"맹방초등학교 병설유치원","sgg_code":"51230","facility_type_code":"1","api_first_registered_on":null,"api_last_modified_on":"2026-07-01","updated_at":"2026-07-25T01:27:52.347112+00:00"},"geometry":{"type":"Point","coordinates":[129.214181264,37.398569822]}},{"type":"Feature","id":"bbb3dd9fa08b8c96b84debcfe6f4e1466bf909742199b0a3da8d56ebf4a79d64-1","properties":{"facility_id":"bbb3dd9fa08b8c96b84debcfe6f4e1466bf909742199b0a3da8d56ebf4a79d64","point_ordinal":1,"zone_group_id":"512301000147","source_manage_no":"512301027816","facility_name":"미로어린이집","sgg_code":"51230","facility_type_code":"1","api_first_registered_on":"2020-03-18","api_last_modified_on":"2026-07-01","updated_at":"2026-07-25T01:27:52.347112+00:00"},"geometry":{"type":"Point","coordinates":[129.112994894,37.418911871]}},{"type":"Feature","id":"6bd889ff939f442e45306a0a7e6ac873767697afeda30c362fed54cdbb018f1e-1","properties":{"facility_id":"6bd889ff939f442e45306a0a7e6ac873767697afeda30c362fed54cdbb018f1e","point_ordinal":1,"zone_group_id":"512301000147","source_manage_no":"512301000147","facility_name":"미로초등학교","sgg_code":"51230","facility_type_code":"1","api_first_registered_on":"1998-11-03","api_last_modified_on":"2026-07-01","updated_at":"2026-07-25T01:27:52.347112+00:00"},"geometry":{"type":"Point","coordinates":[129.115233863,37.414311535]}},{"type":"Feature","id":"c3ff5a409ff038778bef5fc7c4cb662ca9fd2c58fa8bbc21254526f6869d4512-1","properties":{"facility_id":"c3ff5a409ff038778bef5fc7c4cb662ca9fd2c58fa8bbc21254526f6869d4512","point_ordinal":1,"zone_group_id":"512301000147","source_manage_no":"512301025023","facility_name":"미로초등학교 병설유치원","sgg_code":"51230","facility_type_code":"1","api_first_registered_on":null,"api_last_modified_on":"2026-07-01","updated_at":"2026-07-25T01:27:52.347112+00:00"},"geometry":{"type":"Point","coordinates":[129.11503669,37.414970563]}},{"type":"Feature","id":"79a46d49f65a6b2cb73f9e55bd36c03b386ba3ebccadaa47eb83ca14fe81ff08-1","properties":{"facility_id":"79a46d49f65a6b2cb73f9e55bd36c03b386ba3ebccadaa47eb83ca14fe81ff08","point_ordinal":1,"zone_group_id":"512302021738","source_manage_no":"512302021738","facility_name":"번천리경로당","sgg_code":"51230","facility_type_code":"2","api_first_registered_on":"2014-05-02","api_last_modified_on":"2026-04-20","updated_at":"2026-07-25T01:27:52.347112+00:00"},"geometry":{"type":"Point","coordinates":[129.002030523,37.370366955]}},{"type":"Feature","id":"3e3c525912ca4387f04ace2a2dee954ae66ac6cc18377b9f41389dda4bd0fffb-1","properties":{"facility_id":"3e3c525912ca4387f04ace2a2dee954ae66ac6cc18377b9f41389dda4bd0fffb","point_ordinal":1,"zone_group_id":"512301000151","source_manage_no":"512301000151","facility_name":"삼척남초등학교","sgg_code":"51230","facility_type_code":"1","api_first_registered_on":"1996-05-11","api_last_modified_on":"2026-07-01","updated_at":"2026-07-25T01:27:52.347112+00:00"},"geometry":{"type":"Point","coordinates":[129.188102066,37.424030124]}},{"type":"Feature","id":"c9349cd5a35343a7ce458d8d3ef76cf1f428589acd3d473034fb099ebfbb21e7-1","properties":{"facility_id":"c9349cd5a35343a7ce458d8d3ef76cf1f428589acd3d473034fb099ebfbb21e7","point_ordinal":1,"zone_group_id":"512301000151","source_manage_no":"512301026543","facility_name":"삼척남초등학교병설유치원","sgg_code":"51230","facility_type_code":"1","api_first_registered_on":null,"api_last_modified_on":"2026-07-01","updated_at":"2026-07-25T01:27:52.347112+00:00"},"geometry":{"type":"Point","coordinates":[129.187761796,37.424311078]}},{"type":"Feature","id":"95b18e4832f1d9b5142fdd3d7dd662d66d9629cb42246c0aa8f8cf466c31db88-1","properties":{"facility_id":"95b18e4832f1d9b5142fdd3d7dd662d66d9629cb42246c0aa8f8cf466c31db88","point_ordinal":1,"zone_group_id":"512301000126","source_manage_no":"512301000126","facility_name":"삼척중앙초등학교","sgg_code":"51230","facility_type_code":"1","api_first_registered_on":"1997-05-09","api_last_modified_on":"2026-07-01","updated_at":"2026-07-25T01:27:52.347112+00:00"},"geometry":{"type":"Point","coordinates":[129.161892601,37.46621242]}},{"type":"Feature","id":"eb03aeee6a7df77f3e6579d49531144c635627004637a69816fb6ab050cef7f3-1","properties":{"facility_id":"eb03aeee6a7df77f3e6579d49531144c635627004637a69816fb6ab050cef7f3","point_ordinal":1,"zone_group_id":"512301000139","source_manage_no":"512301000139","facility_name":"삼척초등학교","sgg_code":"51230","facility_type_code":"1","api_first_registered_on":"1995-11-17","api_last_modified_on":"2026-07-01","updated_at":"2026-07-25T01:27:52.347112+00:00"},"geometry":{"type":"Point","coordinates":[129.166916047,37.448782304]}},{"type":"Feature","id":"09bb219c4cf724f233db8b48b9e702182884b321485b20df5fbec5cec0b5ee30-1","properties":{"facility_id":"09bb219c4cf724f233db8b48b9e702182884b321485b20df5fbec5cec0b5ee30","point_ordinal":1,"zone_group_id":"512302030038","source_manage_no":"512302030038","facility_name":"상거노2리 마을회관","sgg_code":"51230","facility_type_code":"2","api_first_registered_on":null,"api_last_modified_on":"2026-04-20","updated_at":"2026-07-25T01:27:52.347112+00:00"},"geometry":{"type":"Point","coordinates":[129.103368778,37.396691765]}},{"type":"Feature","id":"82a580412267feec2d4ee5a0ca539c03c5e20d1f2f8d5810dbd4bdc65b68d8bc-1","properties":{"facility_id":"82a580412267feec2d4ee5a0ca539c03c5e20d1f2f8d5810dbd4bdc65b68d8bc","point_ordinal":1,"zone_group_id":"512302028999","source_manage_no":"512302028999","facility_name":"상마읍리 경로당","sgg_code":"51230","facility_type_code":"2","api_first_registered_on":"2024-09-24","api_last_modified_on":"2026-04-20","updated_at":"2026-07-25T01:27:52.347112+00:00"},"geometry":{"type":"Point","coordinates":[129.17290534,37.249748755]}},{"type":"Feature","id":"c0751a28e1b26128a8f2546d4050193693343a2cfc4303c980dbe2a0311f8c69-1","properties":{"facility_id":"c0751a28e1b26128a8f2546d4050193693343a2cfc4303c980dbe2a0311f8c69","point_ordinal":1,"zone_group_id":"512302021766","source_manage_no":"512302021766","facility_name":"상맹방2리마을회관","sgg_code":"51230","facility_type_code":"2","api_first_registered_on":"2020-10-06","api_last_modified_on":"2026-04-20","updated_at":"2026-07-25T01:27:52.347112+00:00"},"geometry":{"type":"Point","coordinates":[129.207358607,37.394752634]}},{"type":"Feature","id":"5a9a830957c00ab245cd91762e56aa462136db3840d2f4a07147c767f763a28c-1","properties":{"facility_id":"5a9a830957c00ab245cd91762e56aa462136db3840d2f4a07147c767f763a28c","point_ordinal":1,"zone_group_id":"512302026549","source_manage_no":"512302026549","facility_name":"상반천리 마을회관","sgg_code":"51230","facility_type_code":"2","api_first_registered_on":null,"api_last_modified_on":"2026-04-20","updated_at":"2026-07-25T01:27:52.347112+00:00"},"geometry":{"type":"Point","coordinates":[129.13191582,37.354358236]}},{"type":"Feature","id":"7d406d452d60d663d22e86809eca9167840d70d97499c8df816f39d3c2b91835-1","properties":{"facility_id":"7d406d452d60d663d22e86809eca9167840d70d97499c8df816f39d3c2b91835","point_ordinal":1,"zone_group_id":"512302026553","source_manage_no":"512302026553","facility_name":"상정리 마을회관","sgg_code":"51230","facility_type_code":"2","api_first_registered_on":null,"api_last_modified_on":"2026-04-20","updated_at":"2026-08-22T02:31:33.669714+00:00"},"geometry":{"type":"Point","coordinates":[129.096357428,37.380459298]}},{"type":"Feature","id":"262487b8851118b2d7fd02c6aa5c21b154d91cf632036c8097da2dcb1787f17f-1","properties":{"facility_id":"262487b8851118b2d7fd02c6aa5c21b154d91cf632036c8097da2dcb1787f17f","point_ordinal":1,"zone_group_id":"512302021765","source_manage_no":"512302021765","facility_name":"상천기리마을회관","sgg_code":"51230","facility_type_code":"2","api_first_registered_on":"2020-10-06","api_last_modified_on":"2026-04-20","updated_at":"2026-07-25T01:27:52.347112+00:00"},"geometry":{"type":"Point","coordinates":[129.109766937,37.364106682]}},{"type":"Feature","id":"bfa0a29760f76ee3df96aef64a4bdcdccddbb9fc42c3b2c07d1194fe854198b9-1","properties":{"facility_id":"bfa0a29760f76ee3df96aef64a4bdcdccddbb9fc42c3b2c07d1194fe854198b9","point_ordinal":1,"zone_group_id":"512301000152","source_manage_no":"512301000152","facility_name":"서부초등학교","sgg_code":"51230","facility_type_code":"1","api_first_registered_on":"1995-11-17","api_last_modified_on":"2026-07-01","updated_at":"2026-07-25T01:27:52.347112+00:00"},"geometry":{"type":"Point","coordinates":[129.150267043,37.438963942]}},{"type":"Feature","id":"49446fdbb1abb29adbb73e926e74519de38810ed741ec94439e5b09056b7e774-1","properties":{"facility_id":"49446fdbb1abb29adbb73e926e74519de38810ed741ec94439e5b09056b7e774","point_ordinal":1,"zone_group_id":"512302026551","source_manage_no":"512302026551","facility_name":"숙암리 마을회관","sgg_code":"51230","facility_type_code":"2","api_first_registered_on":null,"api_last_modified_on":"2026-04-20","updated_at":"2026-07-25T01:27:52.347112+00:00"},"geometry":{"type":"Point","coordinates":[128.972500431,37.343216067]}},{"type":"Feature","id":"b719a0d4a50a07b0a391698cc22b41e8c8d2e9642c46f1757b782f8e4525cc93-1","properties":{"facility_id":"b719a0d4a50a07b0a391698cc22b41e8c8d2e9642c46f1757b782f8e4525cc93","point_ordinal":1,"zone_group_id":"512301000149","source_manage_no":"512301000149","facility_name":"신동초등학교","sgg_code":"51230","facility_type_code":"1","api_first_registered_on":"2010-10-01","api_last_modified_on":"2026-07-01","updated_at":"2026-07-25T01:27:52.347112+00:00"},"geometry":{"type":"Point","coordinates":[129.082236096,37.350884524]}},{"type":"Feature","id":"ff7396efc70a04ae6c1aade29abc4f7617e4700204c602b5d93d901dba9ba6f9-1","properties":{"facility_id":"ff7396efc70a04ae6c1aade29abc4f7617e4700204c602b5d93d901dba9ba6f9","point_ordinal":1,"zone_group_id":"512301000149","source_manage_no":"512301025024","facility_name":"신동초등학교 병설유치원","sgg_code":"51230","facility_type_code":"1","api_first_registered_on":null,"api_last_modified_on":"2026-07-01","updated_at":"2026-07-25T01:27:52.347112+00:00"},"geometry":{"type":"Point","coordinates":[129.081989707,37.351289617]}},{"type":"Feature","id":"12366db6831e368fb9be9edab96120dbd23f3e2f09c13b0214dc64d45b63c127-1","properties":{"facility_id":"12366db6831e368fb9be9edab96120dbd23f3e2f09c13b0214dc64d45b63c127","point_ordinal":1,"zone_group_id":"512302026545","source_manage_no":"512302026545","facility_name":"신리마을회관 노인보호구역","sgg_code":"51230","facility_type_code":"2","api_first_registered_on":null,"api_last_modified_on":"2026-04-20","updated_at":"2026-08-22T02:31:33.669714+00:00"},"geometry":{"type":"Point","coordinates":[129.130052528,37.183596996]}},{"type":"Feature","id":"dbfc4449d033ce9a901fab498206c6013a294cbf6d62d948911cf29ffb36310f-1","properties":{"facility_id":"dbfc4449d033ce9a901fab498206c6013a294cbf6d62d948911cf29ffb36310f","point_ordinal":1,"zone_group_id":"512302026548","source_manage_no":"512302026548","facility_name":"여삼리 마을회관","sgg_code":"51230","facility_type_code":"2","api_first_registered_on":null,"api_last_modified_on":"2026-04-20","updated_at":"2026-07-25T01:27:52.347112+00:00"},"geometry":{"type":"Point","coordinates":[129.141909752,37.381118428]}},{"type":"Feature","id":"350fbf7da20568991983f1411e6ca9ec3e7972df4cf503e0fad83d02b8067e80-1","properties":{"facility_id":"350fbf7da20568991983f1411e6ca9ec3e7972df4cf503e0fad83d02b8067e80","point_ordinal":1,"zone_group_id":"512302030039","source_manage_no":"512302030039","facility_name":"오목리 경로당","sgg_code":"51230","facility_type_code":"2","api_first_registered_on":null,"api_last_modified_on":"2026-04-20","updated_at":"2026-07-25T01:27:52.347112+00:00"},"geometry":{"type":"Point","coordinates":[129.188965995,37.165295761]}},{"type":"Feature","id":"fb9af60520d5a91fb4a215ba2944f8abf1df78a0dce157e25887ce51f035c331-1","properties":{"facility_id":"fb9af60520d5a91fb4a215ba2944f8abf1df78a0dce157e25887ce51f035c331","point_ordinal":1,"zone_group_id":"512302030042","source_manage_no":"512302030042","facility_name":"오저1리 경로당","sgg_code":"51230","facility_type_code":"2","api_first_registered_on":null,"api_last_modified_on":"2026-04-20","updated_at":"2026-07-25T01:27:52.347112+00:00"},"geometry":{"type":"Point","coordinates":[129.19878413,37.142260892]}},{"type":"Feature","id":"a19994f4a62dd76916ff0acf6d15a352bd3413db363ef3fe82856b372dcf4458-1","properties":{"facility_id":"a19994f4a62dd76916ff0acf6d15a352bd3413db363ef3fe82856b372dcf4458","point_ordinal":1,"zone_group_id":"512301000125","source_manage_no":"512301000125","facility_name":"오저초등학교","sgg_code":"51230","facility_type_code":"1","api_first_registered_on":"2010-10-01","api_last_modified_on":"2026-07-01","updated_at":"2026-07-25T01:27:52.347112+00:00"},"geometry":{"type":"Point","coordinates":[129.206641683,37.146319232]}},{"type":"Feature","id":"e51c2719e09a4a78c18376bd35cb23cc0735f5de317e6768fec83a158637b679-1","properties":{"facility_id":"e51c2719e09a4a78c18376bd35cb23cc0735f5de317e6768fec83a158637b679","point_ordinal":1,"zone_group_id":"512301000125","source_manage_no":"512301025025","facility_name":"오저초등학교 병설유치원","sgg_code":"51230","facility_type_code":"1","api_first_registered_on":null,"api_last_modified_on":"2026-07-01","updated_at":"2026-07-25T01:27:52.347112+00:00"},"geometry":{"type":"Point","coordinates":[129.206528845,37.14686227]}},{"type":"Feature","id":"2b2525088140dca579f6caede399e275feedb2d9ff416e105a80bae876b7e75a-1","properties":{"facility_id":"2b2525088140dca579f6caede399e275feedb2d9ff416e105a80bae876b7e75a","point_ordinal":1,"zone_group_id":"512301000154","source_manage_no":"512301000154","facility_name":"임원초등학교","sgg_code":"51230","facility_type_code":"1","api_first_registered_on":"1998-11-03","api_last_modified_on":"2026-07-01","updated_at":"2026-07-25T01:27:52.347112+00:00"},"geometry":{"type":"Point","coordinates":[129.341785987,37.235567178]}},{"type":"Feature","id":"d5e35f2a8c239759baae9c4f6077cf0d1080634bb5c2410d6696a80402a20d7c-1","properties":{"facility_id":"d5e35f2a8c239759baae9c4f6077cf0d1080634bb5c2410d6696a80402a20d7c","point_ordinal":1,"zone_group_id":"512301000154","source_manage_no":"512301025026","facility_name":"임원초등학교 병설유치원","sgg_code":"51230","facility_type_code":"1","api_first_registered_on":null,"api_last_modified_on":"2026-07-01","updated_at":"2026-07-25T01:27:52.347112+00:00"},"geometry":{"type":"Point","coordinates":[129.341996462,37.236100163]}},{"type":"Feature","id":"6ba1f57bf72c8b1a932632c0e6aba6c882247f0c7de3bd68e71e2f338f1ee579-1","properties":{"facility_id":"6ba1f57bf72c8b1a932632c0e6aba6c882247f0c7de3bd68e71e2f338f1ee579","point_ordinal":1,"zone_group_id":"512301000144","source_manage_no":"512301000144","facility_name":"장원초등학교","sgg_code":"51230","facility_type_code":"1","api_first_registered_on":"2010-10-01","api_last_modified_on":"2026-07-01","updated_at":"2026-07-25T01:27:52.347112+00:00"},"geometry":{"type":"Point","coordinates":[129.054967524,37.227785523]}},{"type":"Feature","id":"1a5bcf42e8cb8d4684e56c10d7bc806d7e7cca7cb751b5cf5c115c0f86d4de30-1","properties":{"facility_id":"1a5bcf42e8cb8d4684e56c10d7bc806d7e7cca7cb751b5cf5c115c0f86d4de30","point_ordinal":1,"zone_group_id":"512301000137","source_manage_no":"512301000137","facility_name":"장호초등학교","sgg_code":"51230","facility_type_code":"1","api_first_registered_on":"2007-10-08","api_last_modified_on":"2026-07-01","updated_at":"2026-07-25T01:27:52.347112+00:00"},"geometry":{"type":"Point","coordinates":[129.301768412,37.28816407]}},{"type":"Feature","id":"67dff592fb25882c05af6411225f1d9b01d7df55ae266bcdc8d5d623754bed00-1","properties":{"facility_id":"67dff592fb25882c05af6411225f1d9b01d7df55ae266bcdc8d5d623754bed00","point_ordinal":1,"zone_group_id":"512301000137","source_manage_no":"512301025027","facility_name":"장호초등학교 병설유치원","sgg_code":"51230","facility_type_code":"1","api_first_registered_on":null,"api_last_modified_on":"2026-07-01","updated_at":"2026-07-25T01:27:52.347112+00:00"},"geometry":{"type":"Point","coordinates":[129.301579231,37.288672622]}},{"type":"Feature","id":"3abdc1fcfd7223898e82e3ad821bb9cc10cfa28f16801dc6d756b1dfd8b20bfb-1","properties":{"facility_id":"3abdc1fcfd7223898e82e3ad821bb9cc10cfa28f16801dc6d756b1dfd8b20bfb","point_ordinal":1,"zone_group_id":"512301000157","source_manage_no":"512301000157","facility_name":"정라초등학교","sgg_code":"51230","facility_type_code":"1","api_first_registered_on":"1997-05-09","api_last_modified_on":"2026-07-01","updated_at":"2026-07-25T01:27:52.347112+00:00"},"geometry":{"type":"Point","coordinates":[129.176537393,37.445175312]}},{"type":"Feature","id":"884b7b819f9fbe840d5a4ae0474d68364435e152aad3efa9bc1453692170dfed-1","properties":{"facility_id":"884b7b819f9fbe840d5a4ae0474d68364435e152aad3efa9bc1453692170dfed","point_ordinal":1,"zone_group_id":"512301000157","source_manage_no":"512301025028","facility_name":"정라초등학교 병설유치원","sgg_code":"51230","facility_type_code":"1","api_first_registered_on":null,"api_last_modified_on":"2026-07-01","updated_at":"2026-07-25T01:27:52.347112+00:00"},"geometry":{"type":"Point","coordinates":[129.176250796,37.445688568]}},{"type":"Feature","id":"a1c575308fa547d3fe5e50b63c4eb1eb649445866169088485a5121b09017c2f-1","properties":{"facility_id":"a1c575308fa547d3fe5e50b63c4eb1eb649445866169088485a5121b09017c2f","point_ordinal":1,"zone_group_id":"512301000140","source_manage_no":"512301000140","facility_name":"진주초등학교","sgg_code":"51230","facility_type_code":"1","api_first_registered_on":"1997-05-09","api_last_modified_on":"2026-07-01","updated_at":"2026-07-25T01:27:52.347112+00:00"},"geometry":{"type":"Point","coordinates":[129.164986926,37.433877789]}},{"type":"Feature","id":"4396c139d20ca4c05fb81059052c7fee090432c97cad824109a310fc79660ebf-1","properties":{"facility_id":"4396c139d20ca4c05fb81059052c7fee090432c97cad824109a310fc79660ebf","point_ordinal":1,"zone_group_id":"512301000140","source_manage_no":"512301025029","facility_name":"진주초등학교 병설유치원","sgg_code":"51230","facility_type_code":"1","api_first_registered_on":null,"api_last_modified_on":"2026-07-01","updated_at":"2026-07-25T01:27:52.347112+00:00"},"geometry":{"type":"Point","coordinates":[129.164951413,37.434098662]}},{"type":"Feature","id":"10bb36c64fe6b361de57d3459d79a616446201b9fea8ffdaea7e542f078f7f83-1","properties":{"facility_id":"10bb36c64fe6b361de57d3459d79a616446201b9fea8ffdaea7e542f078f7f83","point_ordinal":1,"zone_group_id":"512302026554","source_manage_no":"512302026554","facility_name":"탕곡리 마을회관","sgg_code":"51230","facility_type_code":"2","api_first_registered_on":null,"api_last_modified_on":"2026-04-20","updated_at":"2026-07-25T01:27:52.347112+00:00"},"geometry":{"type":"Point","coordinates":[129.218228578,37.151442017]}},{"type":"Feature","id":"66e756965003d476463bd3bc036b0d6e79e8c16b3d3d315dc975772a680d6b6b-1","properties":{"facility_id":"66e756965003d476463bd3bc036b0d6e79e8c16b3d3d315dc975772a680d6b6b","point_ordinal":1,"zone_group_id":"512302030040","source_manage_no":"512302030040","facility_name":"풍곡리 경로당","sgg_code":"51230","facility_type_code":"2","api_first_registered_on":null,"api_last_modified_on":"2026-04-20","updated_at":"2026-07-25T01:27:52.347112+00:00"},"geometry":{"type":"Point","coordinates":[129.156145107,37.124409696]}},{"type":"Feature","id":"54775f924409ccf94a54036847fc1008a0c2cf925495a9bd6aff268f995a7e3f-1","properties":{"facility_id":"54775f924409ccf94a54036847fc1008a0c2cf925495a9bd6aff268f995a7e3f","point_ordinal":1,"zone_group_id":"512302026550","source_manage_no":"512302026550","facility_name":"하반천리 마을회관","sgg_code":"51230","facility_type_code":"2","api_first_registered_on":null,"api_last_modified_on":"2026-04-20","updated_at":"2026-07-25T01:27:52.347112+00:00"},"geometry":{"type":"Point","coordinates":[129.120724355,37.355355249]}},{"type":"Feature","id":"c5f9e7c7e756ba40849f2eeb3ca8b339c5ceae89efe86cd78f7c60150b528fac-1","properties":{"facility_id":"c5f9e7c7e756ba40849f2eeb3ca8b339c5ceae89efe86cd78f7c60150b528fac","point_ordinal":1,"zone_group_id":"512302026544","source_manage_no":"512302026544","facility_name":"하월산리 경로당","sgg_code":"51230","facility_type_code":"2","api_first_registered_on":null,"api_last_modified_on":"2026-04-20","updated_at":"2026-07-25T01:27:52.347112+00:00"},"geometry":{"type":"Point","coordinates":[129.165615635,37.347663871]}},{"type":"Feature","id":"f76a978786447b5b6de07bb5b838bfd4425c810a463ce99bfb17c797effa027e-1","properties":{"facility_id":"f76a978786447b5b6de07bb5b838bfd4425c810a463ce99bfb17c797effa027e","point_ordinal":1,"zone_group_id":"512301000161","source_manage_no":"512301000161","facility_name":"하장초등학교","sgg_code":"51230","facility_type_code":"1","api_first_registered_on":"2010-10-01","api_last_modified_on":"2026-07-01","updated_at":"2026-07-25T01:27:52.347112+00:00"},"geometry":{"type":"Point","coordinates":[128.94470814,37.348162795]}},{"type":"Feature","id":"8855260609e5c5b1019fb5495217b3ec48b1d043f689b9c5085bf1b841ed0bda-1","properties":{"facility_id":"8855260609e5c5b1019fb5495217b3ec48b1d043f689b9c5085bf1b841ed0bda","point_ordinal":1,"zone_group_id":"512301000161","source_manage_no":"512301025030","facility_name":"하장초등학교 병설유치원","sgg_code":"51230","facility_type_code":"1","api_first_registered_on":null,"api_last_modified_on":"2026-07-01","updated_at":"2026-07-25T01:27:52.347112+00:00"},"geometry":{"type":"Point","coordinates":[128.944521529,37.348461862]}},{"type":"Feature","id":"ee43a5b243e100ba5424294eca567eb5b64c7dc239e11fa4cf66533a08133d4d-1","properties":{"facility_id":"ee43a5b243e100ba5424294eca567eb5b64c7dc239e11fa4cf66533a08133d4d","point_ordinal":1,"zone_group_id":"512301000156","source_manage_no":"512301000156","facility_name":"호산초등학교","sgg_code":"51230","facility_type_code":"1","api_first_registered_on":"2007-10-08","api_last_modified_on":"2026-07-01","updated_at":"2026-07-25T01:27:52.347112+00:00"},"geometry":{"type":"Point","coordinates":[129.334445759,37.178072594]}},{"type":"Feature","id":"4af15fa68b36a6fefa835d05973d12386fa14ff7719653e68b1cab813580b54e-1","properties":{"facility_id":"4af15fa68b36a6fefa835d05973d12386fa14ff7719653e68b1cab813580b54e","point_ordinal":1,"zone_group_id":"512301000156","source_manage_no":"512301025031","facility_name":"호산초등학교 병설유치원","sgg_code":"51230","facility_type_code":"1","api_first_registered_on":null,"api_last_modified_on":"2026-07-01","updated_at":"2026-07-25T01:27:52.347112+00:00"},"geometry":{"type":"Point","coordinates":[129.334641676,37.177881543]}},{"type":"Feature","id":"04a312a6a5d85653f5cf7ccf2f36757f28ddd362f2aab85ee624c13da33b550d-1","properties":{"facility_id":"04a312a6a5d85653f5cf7ccf2f36757f28ddd362f2aab85ee624c13da33b550d","point_ordinal":1,"zone_group_id":"512301000145","source_manage_no":"512301000145","facility_name":"흥전초등학교","sgg_code":"51230","facility_type_code":"1","api_first_registered_on":"2010-10-01","api_last_modified_on":"2026-07-01","updated_at":"2026-07-25T01:27:52.347112+00:00"},"geometry":{"type":"Point","coordinates":[129.043021786,37.214535314]}},{"type":"Feature","id":"412bb738ef7f40ec293235c627900c96644181c9c8e71b10aea08cb6e3e4c146-1","properties":{"facility_id":"412bb738ef7f40ec293235c627900c96644181c9c8e71b10aea08cb6e3e4c146","point_ordinal":1,"zone_group_id":"517202025759","source_manage_no":"517202025759","facility_name":"갈마곡1리 경로당","sgg_code":"51720","facility_type_code":"2","api_first_registered_on":"2020-10-05","api_last_modified_on":"2025-03-28","updated_at":"2026-07-25T01:27:52.347112+00:00"},"geometry":{"type":"Point","coordinates":[127.895296118,37.698516309]}},{"type":"Feature","id":"642e3a4d117cb40ccda5ab3290a59b9697c8e2065c7b42d47079f40be06a267f-1","properties":{"facility_id":"642e3a4d117cb40ccda5ab3290a59b9697c8e2065c7b42d47079f40be06a267f","point_ordinal":1,"zone_group_id":"517201000721","source_manage_no":"517201000721","facility_name":"강룡사유치원","sgg_code":"51720","facility_type_code":"1","api_first_registered_on":"2010-01-13","api_last_modified_on":null,"updated_at":"2026-07-25T01:27:52.347112+00:00"},"geometry":{"type":"Point","coordinates":[127.883994783,37.694848036]}},{"type":"Feature","id":"c040d131649379eba2793db644bfeb531bc3b7378febbf97fa2088355073502d-1","properties":{"facility_id":"c040d131649379eba2793db644bfeb531bc3b7378febbf97fa2088355073502d","point_ordinal":1,"zone_group_id":"517202025890","source_manage_no":"517202025890","facility_name":"개운리 경로당","sgg_code":"51720","facility_type_code":"2","api_first_registered_on":"2022-09-08","api_last_modified_on":"2025-03-28","updated_at":"2026-07-25T01:27:52.347112+00:00"},"geometry":{"type":"Point","coordinates":[127.929647943,37.65826183]}},{"type":"Feature","id":"bef547ac789b3d3323fd3c50b749a60b73b91dd692dd3e1cc8010db4ebcdc829-1","properties":{"facility_id":"bef547ac789b3d3323fd3c50b749a60b73b91dd692dd3e1cc8010db4ebcdc829","point_ordinal":1,"zone_group_id":"517202028697","source_manage_no":"517202028697","facility_name":"결운1리 경로당","sgg_code":"51720","facility_type_code":"2","api_first_registered_on":"2023-07-27","api_last_modified_on":"2025-03-25","updated_at":"2026-07-25T01:27:52.347112+00:00"},"geometry":{"type":"Point","coordinates":[127.918117016,37.713644144]}},{"type":"Feature","id":"11fe2ee03d885d52e74a41ee69c5f3d330f5bc90771012024dd46f7e86d21415-1","properties":{"facility_id":"11fe2ee03d885d52e74a41ee69c5f3d330f5bc90771012024dd46f7e86d21415","point_ordinal":1,"zone_group_id":"517202025769","source_manage_no":"517202025769","facility_name":"광암리 마을회관","sgg_code":"51720","facility_type_code":"2","api_first_registered_on":"2022-06-07","api_last_modified_on":"2025-03-27","updated_at":"2026-07-25T01:27:52.347112+00:00"},"geometry":{"type":"Point","coordinates":[128.102992498,37.85145522]}},{"type":"Feature","id":"25e23e76886ee62d481d0a67b903efb34ecef984861dfcf5103c757a02da9fc2-1","properties":{"facility_id":"25e23e76886ee62d481d0a67b903efb34ecef984861dfcf5103c757a02da9fc2","point_ordinal":1,"zone_group_id":"517202025783","source_manage_no":"517202025783","facility_name":"광원1리 경로당","sgg_code":"51720","facility_type_code":"2","api_first_registered_on":"2018-05-28","api_last_modified_on":"2025-03-27","updated_at":"2026-07-25T01:27:52.347112+00:00"},"geometry":{"type":"Point","coordinates":[128.444766024,37.829493729]}},{"type":"Feature","id":"31923f850f186248263830997bb19d8d9f94097754b3aca8902952286af13dc4-1","properties":{"facility_id":"31923f850f186248263830997bb19d8d9f94097754b3aca8902952286af13dc4","point_ordinal":1,"zone_group_id":"517203000691","source_manage_no":"517203000691","facility_name":"광원1리 경로당","sgg_code":"51720","facility_type_code":"3","api_first_registered_on":"2018-05-28","api_last_modified_on":null,"updated_at":"2026-07-25T01:27:52.347112+00:00"},"geometry":{"type":"Point","coordinates":[128.444970878,37.829125481]}},{"type":"Feature","id":"6b4b960c0a6aaa4005092df55f2e225178f86583686e4f38d01f3d34ad71e58e-1","properties":{"facility_id":"6b4b960c0a6aaa4005092df55f2e225178f86583686e4f38d01f3d34ad71e58e","point_ordinal":1,"zone_group_id":"517202025781","source_manage_no":"517202025781","facility_name":"구만리 경로당","sgg_code":"51720","facility_type_code":"2","api_first_registered_on":"2020-05-19","api_last_modified_on":"2025-03-28","updated_at":"2026-07-25T01:27:52.347112+00:00"},"geometry":{"type":"Point","coordinates":[127.718585011,37.720699166]}},{"type":"Feature","id":"c1577b6d3713a682122686f958f16331c7866056c909fa999622eeec168c48b8-1","properties":{"facility_id":"c1577b6d3713a682122686f958f16331c7866056c909fa999622eeec168c48b8","point_ordinal":1,"zone_group_id":"517202025761","source_manage_no":"517202025761","facility_name":"구성포1리 경로당","sgg_code":"51720","facility_type_code":"2","api_first_registered_on":"2018-09-17","api_last_modified_on":"2025-03-28","updated_at":"2026-07-25T01:27:52.347112+00:00"},"geometry":{"type":"Point","coordinates":[127.94129813,37.752308778]}},{"type":"Feature","id":"d8c38d188eb9f6f8bf23f09f99fe806f4dfdb0cddd766f0e0f87b5a31cd2d7fa-1","properties":{"facility_id":"d8c38d188eb9f6f8bf23f09f99fe806f4dfdb0cddd766f0e0f87b5a31cd2d7fa","point_ordinal":1,"zone_group_id":"517203000736","source_manage_no":"517203000736","facility_name":"구성포1리경로당","sgg_code":"51720","facility_type_code":"3","api_first_registered_on":"2018-09-17","api_last_modified_on":null,"updated_at":"2026-07-25T01:27:52.347112+00:00"},"geometry":{"type":"Point","coordinates":[127.941049588,37.752216113]}},{"type":"Feature","id":"92d86854cbb81ac9dcfdaf165fa01618f5f14cabbe269a96179be284db1ca12c-1","properties":{"facility_id":"92d86854cbb81ac9dcfdaf165fa01618f5f14cabbe269a96179be284db1ca12c","point_ordinal":1,"zone_group_id":"517201000737","source_manage_no":"517201000737","facility_name":"구송초등학교","sgg_code":"51720","facility_type_code":"1","api_first_registered_on":"1997-01-13","api_last_modified_on":null,"updated_at":"2026-07-25T01:27:52.347112+00:00"},"geometry":{"type":"Point","coordinates":[127.939342037,37.737963569]}},{"type":"Feature","id":"c561814109dcfa79166c7b395f0992945c8b0a0c43ce43e10d0f2b80c655246c-1","properties":{"facility_id":"c561814109dcfa79166c7b395f0992945c8b0a0c43ce43e10d0f2b80c655246c","point_ordinal":1,"zone_group_id":"517201000738","source_manage_no":"517201000738","facility_name":"구송초등학교 병설유치원","sgg_code":"51720","facility_type_code":"1","api_first_registered_on":"1997-01-13","api_last_modified_on":null,"updated_at":"2026-07-25T01:27:52.347112+00:00"},"geometry":{"type":"Point","coordinates":[127.939342037,37.737963569]}},{"type":"Feature","id":"999cab855e8c68e2280ac0261ff809f865c4c77cf3029fa81cf97b9cc0241533-1","properties":{"facility_id":"999cab855e8c68e2280ac0261ff809f865c4c77cf3029fa81cf97b9cc0241533","point_ordinal":1,"zone_group_id":"517202025869","source_manage_no":"517202025869","facility_name":"군업리 경로당","sgg_code":"51720","facility_type_code":"2","api_first_registered_on":"2022-09-08","api_last_modified_on":"2025-03-27","updated_at":"2026-07-25T01:27:52.347112+00:00"},"geometry":{"type":"Point","coordinates":[128.001110049,37.753901782]}},{"type":"Feature","id":"863e6453e027cee4e62303d6fae6791347c164c9369a777925df2d10b07dcbd8-1","properties":{"facility_id":"863e6453e027cee4e62303d6fae6791347c164c9369a777925df2d10b07dcbd8","point_ordinal":1,"zone_group_id":"517202025775","source_manage_no":"517202025775","facility_name":"굴업리 경로당","sgg_code":"51720","facility_type_code":"2","api_first_registered_on":"2021-05-28","api_last_modified_on":"2025-03-28","updated_at":"2026-07-25T01:27:52.347112+00:00"},"geometry":{"type":"Point","coordinates":[127.672926113,37.615342628]}},{"type":"Feature","id":"16318b9465ec2555f687e68bad3d2a9869a8ec63337cecf7fef496f61024154c-1","properties":{"facility_id":"16318b9465ec2555f687e68bad3d2a9869a8ec63337cecf7fef496f61024154c","point_ordinal":1,"zone_group_id":"517202025864","source_manage_no":"517202025864","facility_name":"굴운리 경로당","sgg_code":"51720","facility_type_code":"2","api_first_registered_on":"2022-09-08","api_last_modified_on":"2025-03-27","updated_at":"2026-07-25T01:27:52.347112+00:00"},"geometry":{"type":"Point","coordinates":[127.947912589,37.736142944]}},{"type":"Feature","id":"34eb81462845d14bc5f6460d83ec9f53d1ffeb4cb73c4163d1ae4af8b8a31091-1","properties":{"facility_id":"34eb81462845d14bc5f6460d83ec9f53d1ffeb4cb73c4163d1ae4af8b8a31091","point_ordinal":1,"zone_group_id":"517202025903","source_manage_no":"517202025903","facility_name":"굴지리 경로당","sgg_code":"51720","facility_type_code":"2","api_first_registered_on":"2022-09-08","api_last_modified_on":"2025-03-27","updated_at":"2026-07-25T01:27:52.347112+00:00"},"geometry":{"type":"Point","coordinates":[127.798717978,37.709763279]}},{"type":"Feature","id":"f7dab690d9c5291be5e546d9c9d5a9f052240b288eadf257a9244d0930cb4ff8-1","properties":{"facility_id":"f7dab690d9c5291be5e546d9c9d5a9f052240b288eadf257a9244d0930cb4ff8","point_ordinal":1,"zone_group_id":"517201000733","source_manage_no":"517201000733","facility_name":"남산초등학교","sgg_code":"51720","facility_type_code":"1","api_first_registered_on":"2000-01-04","api_last_modified_on":null,"updated_at":"2026-07-25T01:27:52.347112+00:00"},"geometry":{"type":"Point","coordinates":[127.87740205,37.68317002]}},{"type":"Feature","id":"7304af588bdeec64c5d796d71d57a3e8e00cad6a49238460957760c585132ae4-1","properties":{"facility_id":"7304af588bdeec64c5d796d71d57a3e8e00cad6a49238460957760c585132ae4","point_ordinal":1,"zone_group_id":"517201000722","source_manage_no":"517201000722","facility_name":"남산초등학교 병설유치원","sgg_code":"51720","facility_type_code":"1","api_first_registered_on":"2000-01-04","api_last_modified_on":null,"updated_at":"2026-07-25T01:27:52.347112+00:00"},"geometry":{"type":"Point","coordinates":[127.87740205,37.68317002]}},{"type":"Feature","id":"15f514a032b9759912805c455bb3de52903526f6114025235c853b937476bf0e-1","properties":{"facility_id":"15f514a032b9759912805c455bb3de52903526f6114025235c853b937476bf0e","point_ordinal":1,"zone_group_id":"517202025866","source_manage_no":"517202025866","facility_name":"내삼포리 경로당","sgg_code":"51720","facility_type_code":"2","api_first_registered_on":"2022-09-08","api_last_modified_on":"2025-03-27","updated_at":"2026-07-25T01:27:52.347112+00:00"},"geometry":{"type":"Point","coordinates":[127.97113028,37.755534263]}},{"type":"Feature","id":"6eefd9539f71d18949ba3139f9bcb19c506f01a03288bae4304dcfe564ab36e6-1","properties":{"facility_id":"6eefd9539f71d18949ba3139f9bcb19c506f01a03288bae4304dcfe564ab36e6","point_ordinal":1,"zone_group_id":"517201000697","source_manage_no":"517201000697","facility_name":"내촌초등학교","sgg_code":"51720","facility_type_code":"1","api_first_registered_on":"2009-01-13","api_last_modified_on":null,"updated_at":"2026-07-25T01:27:52.347112+00:00"},"geometry":{"type":"Point","coordinates":[128.085008414,37.815231078]}},{"type":"Feature","id":"d0251437a0cb7d3683cb9a77d974a087b23b5d2df73184f4b4ae098f438dfedf-1","properties":{"facility_id":"d0251437a0cb7d3683cb9a77d974a087b23b5d2df73184f4b4ae098f438dfedf","point_ordinal":1,"zone_group_id":"517201000698","source_manage_no":"517201000698","facility_name":"내촌초등학교 병설유치원","sgg_code":"51720","facility_type_code":"1","api_first_registered_on":"2009-01-13","api_last_modified_on":null,"updated_at":"2026-07-25T01:27:52.347112+00:00"},"geometry":{"type":"Point","coordinates":[128.085008414,37.815231078]}},{"type":"Feature","id":"b4180450906ed7139edf21c660681fe4fc4c19ebb838d1a364222640f3b29199-1","properties":{"facility_id":"b4180450906ed7139edf21c660681fe4fc4c19ebb838d1a364222640f3b29199","point_ordinal":1,"zone_group_id":"517202025891","source_manage_no":"517202025891","facility_name":"노천2리 경로당","sgg_code":"51720","facility_type_code":"2","api_first_registered_on":"2022-09-08","api_last_modified_on":"2025-03-25","updated_at":"2026-07-25T01:27:52.347112+00:00"},"geometry":{"type":"Point","coordinates":[128.065440084,37.656649813]}},{"type":"Feature","id":"8dee3f76eda87acb6ab9179f67784ebdc3085cfa105ecf7e4a52c0a8ea241c2a-1","properties":{"facility_id":"8dee3f76eda87acb6ab9179f67784ebdc3085cfa105ecf7e4a52c0a8ea241c2a","point_ordinal":1,"zone_group_id":"517201000701","source_manage_no":"517201000701","facility_name":"노천초등학교","sgg_code":"51720","facility_type_code":"1","api_first_registered_on":"2008-01-04","api_last_modified_on":null,"updated_at":"2026-07-25T01:27:52.347112+00:00"},"geometry":{"type":"Point","coordinates":[128.013273368,37.668965736]}},{"type":"Feature","id":"2188f44e9ec2c5d6fee156f27aedba7d5dc630664e1c51e31961884faafd3300-1","properties":{"facility_id":"2188f44e9ec2c5d6fee156f27aedba7d5dc630664e1c51e31961884faafd3300","point_ordinal":1,"zone_group_id":"517202025776","source_manage_no":"517202025776","facility_name":"대곡1리 경로당","sgg_code":"51720","facility_type_code":"2","api_first_registered_on":"2021-05-28","api_last_modified_on":"2025-03-28","updated_at":"2026-07-25T01:27:52.347112+00:00"},"geometry":{"type":"Point","coordinates":[127.648140357,37.635182479]}},{"type":"Feature","id":"e743b10d03dc6d177124d12bce10cddc64ae6c0f2a497b697d25a18acc40850a-1","properties":{"facility_id":"e743b10d03dc6d177124d12bce10cddc64ae6c0f2a497b697d25a18acc40850a","point_ordinal":1,"zone_group_id":"517202025897","source_manage_no":"517202025897","facility_name":"대곡2리 경로당","sgg_code":"51720","facility_type_code":"2","api_first_registered_on":"2022-09-08","api_last_modified_on":"2025-03-28","updated_at":"2026-07-25T01:27:52.347112+00:00"},"geometry":{"type":"Point","coordinates":[127.651290265,37.645717985]}},{"type":"Feature","id":"c7cc309f78cdf8446f9900a6784eb96795122bf4010eb9fd53eb25c67bdb0a12-1","properties":{"facility_id":"c7cc309f78cdf8446f9900a6784eb96795122bf4010eb9fd53eb25c67bdb0a12","point_ordinal":1,"zone_group_id":"517201000708","source_manage_no":"517201000708","facility_name":"대곡초등학교","sgg_code":"51720","facility_type_code":"1","api_first_registered_on":"2008-01-04","api_last_modified_on":null,"updated_at":"2026-07-25T01:27:52.347112+00:00"},"geometry":{"type":"Point","coordinates":[127.648282074,37.629491987]}},{"type":"Feature","id":"119f90de0fb2ec792794b3e8b4817e572fa931151c33fe6e356b0a74609573d9-1","properties":{"facility_id":"119f90de0fb2ec792794b3e8b4817e572fa931151c33fe6e356b0a74609573d9","point_ordinal":1,"zone_group_id":"517201000709","source_manage_no":"517201000709","facility_name":"대곡초등학교 병설유치원","sgg_code":"51720","facility_type_code":"1","api_first_registered_on":"2008-01-04","api_last_modified_on":null,"updated_at":"2026-07-25T01:27:52.347112+00:00"},"geometry":{"type":"Point","coordinates":[127.648282074,37.629491987]}},{"type":"Feature","id":"bf05c248774c8d9ce79e03356f010734b6f2691d66d83920b74c02434753fa2c-1","properties":{"facility_id":"bf05c248774c8d9ce79e03356f010734b6f2691d66d83920b74c02434753fa2c","point_ordinal":1,"zone_group_id":"517202025885","source_manage_no":"517202025885","facility_name":"덕치리 경로당","sgg_code":"51720","facility_type_code":"2","api_first_registered_on":"2022-09-08","api_last_modified_on":"2025-03-25","updated_at":"2026-07-25T01:27:52.347112+00:00"},"geometry":{"type":"Point","coordinates":[127.938113167,37.690170095]}},{"type":"Feature","id":"d3de4ad2b9ac45a81c9da725add7dc71087bebfaeffe47f84f5e357036c4649c-1","properties":{"facility_id":"d3de4ad2b9ac45a81c9da725add7dc71087bebfaeffe47f84f5e357036c4649c","point_ordinal":1,"zone_group_id":"517202025763","source_manage_no":"517202025763","facility_name":"도관1리 경로당","sgg_code":"51720","facility_type_code":"2","api_first_registered_on":"2019-09-20","api_last_modified_on":"2025-03-27","updated_at":"2026-07-25T01:27:52.347112+00:00"},"geometry":{"type":"Point","coordinates":[128.089207961,37.815796294]}},{"type":"Feature","id":"a4b40ca11c7bffc1b70a1828a4e3215641c0f016ba595dc98fdceda9eca58e30-1","properties":{"facility_id":"a4b40ca11c7bffc1b70a1828a4e3215641c0f016ba595dc98fdceda9eca58e30","point_ordinal":1,"zone_group_id":"517202025875","source_manage_no":"517202025875","facility_name":"도관2리 경로당","sgg_code":"51720","facility_type_code":"2","api_first_registered_on":"2022-09-08","api_last_modified_on":"2025-03-28","updated_at":"2026-07-25T01:27:52.347112+00:00"},"geometry":{"type":"Point","coordinates":[128.09593158,37.823520902]}},{"type":"Feature","id":"001f57d9fce9da333da13ebf7dc2b0851dbba5659dbbf67fbbc657635703617c-1","properties":{"facility_id":"001f57d9fce9da333da13ebf7dc2b0851dbba5659dbbf67fbbc657635703617c","point_ordinal":1,"zone_group_id":"517202025876","source_manage_no":"517202025876","facility_name":"도관3리 경로당","sgg_code":"51720","facility_type_code":"2","api_first_registered_on":"2022-09-08","api_last_modified_on":"2025-03-27","updated_at":"2026-07-25T01:27:52.347112+00:00"},"geometry":{"type":"Point","coordinates":[128.088732135,37.820541815]}},{"type":"Feature","id":"27c5a249cbeccbb33d12097903bf24a795e815028a47a6eded4188cab5845ceb-1","properties":{"facility_id":"27c5a249cbeccbb33d12097903bf24a795e815028a47a6eded4188cab5845ceb","point_ordinal":1,"zone_group_id":"517202025777","source_manage_no":"517202025777","facility_name":"동막리 경로당","sgg_code":"51720","facility_type_code":"2","api_first_registered_on":"2020-10-05","api_last_modified_on":"2025-03-27","updated_at":"2026-07-25T01:27:52.347112+00:00"},"geometry":{"type":"Point","coordinates":[127.575674327,37.667498938]}},{"type":"Feature","id":"5d410ef60c28af8a9d4f72e0516183ce371681976ad1e452e9b531acbda41a50-1","properties":{"facility_id":"5d410ef60c28af8a9d4f72e0516183ce371681976ad1e452e9b531acbda41a50","point_ordinal":1,"zone_group_id":"517201000699","source_manage_no":"517201000699","facility_name":"동창초등학교","sgg_code":"51720","facility_type_code":"1","api_first_registered_on":"2008-01-04","api_last_modified_on":null,"updated_at":"2026-07-25T01:27:52.347112+00:00"},"geometry":{"type":"Point","coordinates":[128.144302003,37.785061396]}},{"type":"Feature","id":"dea092396e78a930d8a270202b1847abc5c8f4cf9c6f4e6d68ae82b5a024e551-1","properties":{"facility_id":"dea092396e78a930d8a270202b1847abc5c8f4cf9c6f4e6d68ae82b5a024e551","point_ordinal":1,"zone_group_id":"517201000704","source_manage_no":"517201000704","facility_name":"두촌초등학교","sgg_code":"51720","facility_type_code":"1","api_first_registered_on":"1998-01-04","api_last_modified_on":null,"updated_at":"2026-07-25T01:27:52.347112+00:00"},"geometry":{"type":"Point","coordinates":[128.017398573,37.86746263]}},{"type":"Feature","id":"e86e89095118eb25d3ef5174c7f87adf4593de3a348486fff9e9dd991108a678-1","properties":{"facility_id":"e86e89095118eb25d3ef5174c7f87adf4593de3a348486fff9e9dd991108a678","point_ordinal":1,"zone_group_id":"517201000705","source_manage_no":"517201000705","facility_name":"두촌초등학교 병설유치원","sgg_code":"51720","facility_type_code":"1","api_first_registered_on":"1998-01-04","api_last_modified_on":null,"updated_at":"2026-07-25T01:27:52.347112+00:00"},"geometry":{"type":"Point","coordinates":[128.017398573,37.86746263]}},{"type":"Feature","id":"6b276deb190576082fbb94d75a15645b71b18c28082630f549d371e233608e80-1","properties":{"facility_id":"6b276deb190576082fbb94d75a15645b71b18c28082630f549d371e233608e80","point_ordinal":1,"zone_group_id":"517201000723","source_manage_no":"517201000723","facility_name":"마야유치원","sgg_code":"51720","facility_type_code":"1","api_first_registered_on":"2010-01-13","api_last_modified_on":null,"updated_at":"2026-07-25T01:27:52.347112+00:00"},"geometry":{"type":"Point","coordinates":[127.885006945,37.695358494]}},{"type":"Feature","id":"dee079b52622d606c91f7fbb6fd8aa4eec6f53868c4b0f56a7f79f3ce61b21b2-1","properties":{"facility_id":"dee079b52622d606c91f7fbb6fd8aa4eec6f53868c4b0f56a7f79f3ce61b21b2","point_ordinal":1,"zone_group_id":"517201000685","source_manage_no":"517201000685","facility_name":"매산초등학교","sgg_code":"51720","facility_type_code":"1","api_first_registered_on":"1997-01-13","api_last_modified_on":null,"updated_at":"2026-07-25T01:27:52.347112+00:00"},"geometry":{"type":"Point","coordinates":[127.845784053,37.590500895]}},{"type":"Feature","id":"17d0b0f6a6b002ef4e79b4229e1fd595c620d0dc9206017e547e78006daedab2-1","properties":{"facility_id":"17d0b0f6a6b002ef4e79b4229e1fd595c620d0dc9206017e547e78006daedab2","point_ordinal":1,"zone_group_id":"517201000686","source_manage_no":"517201000686","facility_name":"매산초등학교 병설유치원","sgg_code":"51720","facility_type_code":"1","api_first_registered_on":"1997-01-13","api_last_modified_on":null,"updated_at":"2026-07-25T01:27:52.347112+00:00"},"geometry":{"type":"Point","coordinates":[127.845784053,37.590500895]}},{"type":"Feature","id":"3713870b8c554a855461bfa53f6d1528ac14905daf56ebfe629a926f4969a2d2-1","properties":{"facility_id":"3713870b8c554a855461bfa53f6d1528ac14905daf56ebfe629a926f4969a2d2","point_ordinal":1,"zone_group_id":"517201000687","source_manage_no":"517201000687","facility_name":"명덕초등학교","sgg_code":"51720","facility_type_code":"1","api_first_registered_on":"1998-01-04","api_last_modified_on":null,"updated_at":"2026-07-25T01:27:52.347112+00:00"},"geometry":{"type":"Point","coordinates":[127.768094125,37.619708303]}},{"type":"Feature","id":"6b039672abb7f774bf63003c3b7c165cae04d2cb96a86ba3adc96804b89bc59b-1","properties":{"facility_id":"6b039672abb7f774bf63003c3b7c165cae04d2cb96a86ba3adc96804b89bc59b","point_ordinal":1,"zone_group_id":"517201000688","source_manage_no":"517201000688","facility_name":"명덕초등학교 병설유치원","sgg_code":"51720","facility_type_code":"1","api_first_registered_on":"1998-01-04","api_last_modified_on":null,"updated_at":"2026-07-25T01:27:52.347112+00:00"},"geometry":{"type":"Point","coordinates":[127.768094125,37.619708303]}},{"type":"Feature","id":"3be274e83218f37e5256294b6bec4dffc88cae9bc0000f8ada9f8127c003a53c-1","properties":{"facility_id":"3be274e83218f37e5256294b6bec4dffc88cae9bc0000f8ada9f8127c003a53c","point_ordinal":1,"zone_group_id":"517202025899","source_manage_no":"517202025899","facility_name":"모곡1리 경로당","sgg_code":"51720","facility_type_code":"2","api_first_registered_on":"2022-09-08","api_last_modified_on":"2025-03-27","updated_at":"2026-07-25T01:27:52.347112+00:00"},"geometry":{"type":"Point","coordinates":[127.60641508,37.673667536]}},{"type":"Feature","id":"2e8e0964675e4f5438d86f475206d88dcbca4fae85b8c6d81128a4b6a535410e-1","properties":{"facility_id":"2e8e0964675e4f5438d86f475206d88dcbca4fae85b8c6d81128a4b6a535410e","point_ordinal":1,"zone_group_id":"517201000710","source_manage_no":"517201000710","facility_name":"모곡초등학교","sgg_code":"51720","facility_type_code":"1","api_first_registered_on":"2010-01-13","api_last_modified_on":null,"updated_at":"2026-07-25T01:27:52.347112+00:00"},"geometry":{"type":"Point","coordinates":[127.599737552,37.676656199]}},{"type":"Feature","id":"331932ede5fc72befe45a063baa09efb0321b322cabc360f8017097a5d4c85c4-1","properties":{"facility_id":"331932ede5fc72befe45a063baa09efb0321b322cabc360f8017097a5d4c85c4","point_ordinal":1,"zone_group_id":"517201000711","source_manage_no":"517201000711","facility_name":"모곡초등학교 병설유치원","sgg_code":"51720","facility_type_code":"1","api_first_registered_on":"2010-01-13","api_last_modified_on":null,"updated_at":"2026-07-25T01:27:52.347112+00:00"},"geometry":{"type":"Point","coordinates":[127.599737552,37.676656199]}},{"type":"Feature","id":"394f59501c2463edd84188434628954535d0f576b418bdbe678860f73caa5098-1","properties":{"facility_id":"394f59501c2463edd84188434628954535d0f576b418bdbe678860f73caa5098","point_ordinal":1,"zone_group_id":"517202025767","source_manage_no":"517202025767","facility_name":"물걸2리 경로당","sgg_code":"51720","facility_type_code":"2","api_first_registered_on":"2018-05-28","api_last_modified_on":"2025-03-28","updated_at":"2026-07-25T01:27:52.347112+00:00"},"geometry":{"type":"Point","coordinates":[128.129151223,37.780302534]}},{"type":"Feature","id":"b6d431b2dd1eefb1bec4079d82c5df3c6511a206bd00b299794651c4bc3df3a3-1","properties":{"facility_id":"b6d431b2dd1eefb1bec4079d82c5df3c6511a206bd00b299794651c4bc3df3a3","point_ordinal":1,"zone_group_id":"517203000700","source_manage_no":"517203000700","facility_name":"물걸2리 경로당","sgg_code":"51720","facility_type_code":"3","api_first_registered_on":"2018-05-28","api_last_modified_on":null,"updated_at":"2026-07-25T01:27:52.347112+00:00"},"geometry":{"type":"Point","coordinates":[128.129441163,37.780292677]}},{"type":"Feature","id":"0f41f2c7b04944f4f42abe73c5183376305f8708a5c6a4406e4ebb9f6c7d3a6e-1","properties":{"facility_id":"0f41f2c7b04944f4f42abe73c5183376305f8708a5c6a4406e4ebb9f6c7d3a6e","point_ordinal":1,"zone_group_id":"517202025895","source_manage_no":"517202025895","facility_name":"반곡리 경로당","sgg_code":"51720","facility_type_code":"2","api_first_registered_on":"2022-09-08","api_last_modified_on":"2025-03-27","updated_at":"2026-07-25T01:27:52.347112+00:00"},"geometry":{"type":"Point","coordinates":[127.666177048,37.694693803]}},{"type":"Feature","id":"c52cb103289852d1685dbe0921c0ba6c3a4534e9dce92421892a22761422f853-1","properties":{"facility_id":"c52cb103289852d1685dbe0921c0ba6c3a4534e9dce92421892a22761422f853","point_ordinal":1,"zone_group_id":"517201000715","source_manage_no":"517201000715","facility_name":"반곡초등학교","sgg_code":"51720","facility_type_code":"1","api_first_registered_on":"2008-01-04","api_last_modified_on":null,"updated_at":"2026-07-25T01:27:52.347112+00:00"},"geometry":{"type":"Point","coordinates":[127.665735042,37.690705884]}},{"type":"Feature","id":"a7c84cd7837e7a214fb8c2655096ae2b9b6758e0e84641793cc64244423b229f-1","properties":{"facility_id":"a7c84cd7837e7a214fb8c2655096ae2b9b6758e0e84641793cc64244423b229f","point_ordinal":1,"zone_group_id":"517201000712","source_manage_no":"517201000712","facility_name":"반곡초등학교 병설유치원","sgg_code":"51720","facility_type_code":"1","api_first_registered_on":"2008-01-04","api_last_modified_on":null,"updated_at":"2026-07-25T01:27:52.347112+00:00"},"geometry":{"type":"Point","coordinates":[127.665735042,37.690705884]}},{"type":"Feature","id":"c9e3706753b6debe9b301e766cea2ca7f0a2231d224d89df604d52f8651a3a30-1","properties":{"facility_id":"c9e3706753b6debe9b301e766cea2ca7f0a2231d224d89df604d52f8651a3a30","point_ordinal":1,"zone_group_id":"517202025906","source_manage_no":"517202025906","facility_name":"방내2리 경로당","sgg_code":"51720","facility_type_code":"2","api_first_registered_on":"2022-09-08","api_last_modified_on":"2025-03-28","updated_at":"2026-07-25T01:27:52.347112+00:00"},"geometry":{"type":"Point","coordinates":[128.270781639,37.85643171]}},{"type":"Feature","id":"1cd85ebfd24eea6f4fa45b8accdadc1264c390951192f49f5b2dd3b775ab3e43-1","properties":{"facility_id":"1cd85ebfd24eea6f4fa45b8accdadc1264c390951192f49f5b2dd3b775ab3e43","point_ordinal":1,"zone_group_id":"517203000692","source_manage_no":"517203000692","facility_name":"방내3리경로당","sgg_code":"51720","facility_type_code":"3","api_first_registered_on":"2016-06-29","api_last_modified_on":null,"updated_at":"2026-07-25T01:27:52.347112+00:00"},"geometry":{"type":"Point","coordinates":[128.276764408,37.786074194]}},{"type":"Feature","id":"a1b866f9e7540c0bb4556aa6a3c9f049620eaf03cc6f5afd06b106797527c591-1","properties":{"facility_id":"a1b866f9e7540c0bb4556aa6a3c9f049620eaf03cc6f5afd06b106797527c591","point_ordinal":1,"zone_group_id":"517202025788","source_manage_no":"517202025788","facility_name":"방내리 경로당","sgg_code":"51720","facility_type_code":"2","api_first_registered_on":"2016-06-29","api_last_modified_on":"2025-03-27","updated_at":"2026-07-25T01:27:52.347112+00:00"},"geometry":{"type":"Point","coordinates":[128.276720664,37.785889719]}},{"type":"Feature","id":"c5a55e188b922e98bd68c38115f2aecdbb707de12b791b36a81ee0b3c784fd75-1","properties":{"facility_id":"c5a55e188b922e98bd68c38115f2aecdbb707de12b791b36a81ee0b3c784fd75","point_ordinal":1,"zone_group_id":"517201025947","source_manage_no":"517201025947","facility_name":"방울방울어린이집","sgg_code":"51720","facility_type_code":"1","api_first_registered_on":null,"api_last_modified_on":null,"updated_at":"2026-07-25T01:27:52.347112+00:00"},"geometry":{"type":"Point","coordinates":[127.877368654,37.686663947]}},{"type":"Feature","id":"41340aaa3ddbab0eeaf2bce5970a21f78bf371033cc01ae417718a3c3c7ac79b-1","properties":{"facility_id":"41340aaa3ddbab0eeaf2bce5970a21f78bf371033cc01ae417718a3c3c7ac79b","point_ordinal":1,"zone_group_id":"517202025780","source_manage_no":"517202025780","facility_name":"본궁리 경로당","sgg_code":"51720","facility_type_code":"2","api_first_registered_on":"2021-05-28","api_last_modified_on":"2025-03-27","updated_at":"2026-07-25T01:27:52.347112+00:00"},"geometry":{"type":"Point","coordinates":[127.805719304,37.732950522]}},{"type":"Feature","id":"d4b7d4c5274e6cc231ae2883cf71213365b7cc8e83f23c4f9a105f4d053d6700-1","properties":{"facility_id":"d4b7d4c5274e6cc231ae2883cf71213365b7cc8e83f23c4f9a105f4d053d6700","point_ordinal":1,"zone_group_id":"517202025904","source_manage_no":"517202025904","facility_name":"북방1리 경로당","sgg_code":"51720","facility_type_code":"2","api_first_registered_on":"2022-09-08","api_last_modified_on":"2025-03-27","updated_at":"2026-07-25T01:27:52.347112+00:00"},"geometry":{"type":"Point","coordinates":[127.849018517,37.814406371]}},{"type":"Feature","id":"974f72e1ab244c788933049572044bab8ca856dfc0e6e4b2dc40f27af78b92ec-1","properties":{"facility_id":"974f72e1ab244c788933049572044bab8ca856dfc0e6e4b2dc40f27af78b92ec","point_ordinal":1,"zone_group_id":"517202025782","source_manage_no":"517202025782","facility_name":"북방2리 경로당","sgg_code":"51720","facility_type_code":"2","api_first_registered_on":"2020-05-19","api_last_modified_on":"2025-03-27","updated_at":"2026-07-25T01:27:52.347112+00:00"},"geometry":{"type":"Point","coordinates":[127.870125745,37.782249914]}},{"type":"Feature","id":"a977821dd6ee8ea088c86ccf662d09ee44ad0a4c7d912852dd4a1e1cc52e5d37-1","properties":{"facility_id":"a977821dd6ee8ea088c86ccf662d09ee44ad0a4c7d912852dd4a1e1cc52e5d37","point_ordinal":1,"zone_group_id":"517201026978","source_manage_no":"517201026978","facility_name":"사랑어린이집","sgg_code":"51720","facility_type_code":"1","api_first_registered_on":null,"api_last_modified_on":"2025-03-05","updated_at":"2026-07-25T01:27:52.347112+00:00"},"geometry":{"type":"Point","coordinates":[127.913709022,37.708293553]}},{"type":"Feature","id":"58344304104f7bffc8774f08ee7d8753f8bca4dcaf500b0529c495a65ced8319-1","properties":{"facility_id":"58344304104f7bffc8774f08ee7d8753f8bca4dcaf500b0529c495a65ced8319","point_ordinal":1,"zone_group_id":"517202028919","source_manage_no":"517202028919","facility_name":"삼마치1리 경로당","sgg_code":"51720","facility_type_code":"2","api_first_registered_on":"2025-03-25","api_last_modified_on":"2025-03-27","updated_at":"2026-07-25T01:27:52.347112+00:00"},"geometry":{"type":"Point","coordinates":[127.89496616,37.633017643]}},{"type":"Feature","id":"56468782360dd5da395131f067dfecc49c6f525c9871c3840cde09a0de4be6b7-1","properties":{"facility_id":"56468782360dd5da395131f067dfecc49c6f525c9871c3840cde09a0de4be6b7","point_ordinal":1,"zone_group_id":"517202025861","source_manage_no":"517202025861","facility_name":"삼마치2리 경로당","sgg_code":"51720","facility_type_code":"2","api_first_registered_on":"2022-09-08","api_last_modified_on":"2025-03-28","updated_at":"2026-07-25T01:27:52.347112+00:00"},"geometry":{"type":"Point","coordinates":[127.874409195,37.606191081]}},{"type":"Feature","id":"3d6a3b9c45f82e9b12068d77e950bb593790ab0ba2bf0197de2c643859d7f4c5-1","properties":{"facility_id":"3d6a3b9c45f82e9b12068d77e950bb593790ab0ba2bf0197de2c643859d7f4c5","point_ordinal":1,"zone_group_id":"517201000716","source_manage_no":"517201000716","facility_name":"삼생초등학교","sgg_code":"51720","facility_type_code":"1","api_first_registered_on":"1996-01-04","api_last_modified_on":null,"updated_at":"2026-07-25T01:27:52.347112+00:00"},"geometry":{"type":"Point","coordinates":[128.225693749,37.700099284]}},{"type":"Feature","id":"b9148bc8939e123cf20584dfb7973bd06afa4ec380e764c5d521407422a0c437-1","properties":{"facility_id":"b9148bc8939e123cf20584dfb7973bd06afa4ec380e764c5d521407422a0c437","point_ordinal":1,"zone_group_id":"517201000717","source_manage_no":"517201000717","facility_name":"삼생초등학교 병설유치원","sgg_code":"51720","facility_type_code":"1","api_first_registered_on":null,"api_last_modified_on":null,"updated_at":"2026-07-25T01:27:52.347112+00:00"},"geometry":{"type":"Point","coordinates":[128.225693749,37.700099284]}},{"type":"Feature","id":"052d7cbc90e71c81077764aea1e3e23445588b9593a60c18b369e41900c5e401-1","properties":{"facility_id":"052d7cbc90e71c81077764aea1e3e23445588b9593a60c18b369e41900c5e401","point_ordinal":1,"zone_group_id":"517201000739","source_manage_no":"517201000739","facility_name":"삼포초등학교","sgg_code":"51720","facility_type_code":"1","api_first_registered_on":"1998-01-04","api_last_modified_on":null,"updated_at":"2026-07-25T01:27:52.347112+00:00"},"geometry":{"type":"Point","coordinates":[127.976614019,37.755691952]}},{"type":"Feature","id":"61df22ed2b8fc8d5b182ba60d9a602f6f0ec39b810266c3461d8772dbad23a47-1","properties":{"facility_id":"61df22ed2b8fc8d5b182ba60d9a602f6f0ec39b810266c3461d8772dbad23a47","point_ordinal":1,"zone_group_id":"517201000740","source_manage_no":"517201000740","facility_name":"삼포초등학교 병설유치원","sgg_code":"51720","facility_type_code":"1","api_first_registered_on":"1998-01-04","api_last_modified_on":null,"updated_at":"2026-07-25T01:27:52.347112+00:00"},"geometry":{"type":"Point","coordinates":[127.976614019,37.755691952]}},{"type":"Feature","id":"ff9f740e8b1e86bda16b096e24778d3520f9a5705efb85cbb65e28a3587d72f8-1","properties":{"facility_id":"ff9f740e8b1e86bda16b096e24778d3520f9a5705efb85cbb65e28a3587d72f8","point_ordinal":1,"zone_group_id":"517202025886","source_manage_no":"517202025886","facility_name":"삼현리 경로당","sgg_code":"51720","facility_type_code":"2","api_first_registered_on":"2022-09-08","api_last_modified_on":"2025-03-25","updated_at":"2026-07-25T01:27:52.347112+00:00"},"geometry":{"type":"Point","coordinates":[127.913102864,37.661419964]}},{"type":"Feature","id":"d364e08c0e7c406a260156d73b21622566934be347e29007e362de6096c532c1-1","properties":{"facility_id":"d364e08c0e7c406a260156d73b21622566934be347e29007e362de6096c532c1","point_ordinal":1,"zone_group_id":"517202025879","source_manage_no":"517202025879","facility_name":"상군두리 경로당","sgg_code":"51720","facility_type_code":"2","api_first_registered_on":"2022-09-08","api_last_modified_on":"2025-03-27","updated_at":"2026-07-25T01:27:52.347112+00:00"},"geometry":{"type":"Point","coordinates":[128.212700584,37.699469011]}},{"type":"Feature","id":"4a4ff2852c90b539f956bdf150dca7ca2b5cf654e266da76dadaec3e4b6743f9-1","properties":{"facility_id":"4a4ff2852c90b539f956bdf150dca7ca2b5cf654e266da76dadaec3e4b6743f9","point_ordinal":1,"zone_group_id":"517202025877","source_manage_no":"517202025877","facility_name":"생곡1리 경로당","sgg_code":"51720","facility_type_code":"2","api_first_registered_on":"2022-09-08","api_last_modified_on":"2025-03-27","updated_at":"2026-07-25T01:27:52.347112+00:00"},"geometry":{"type":"Point","coordinates":[128.22937563,37.698277966]}},{"type":"Feature","id":"9e6bea328975dec6cce30e52b691a048d17f8937ac9308fdc36471a2ffeb2a18-1","properties":{"facility_id":"9e6bea328975dec6cce30e52b691a048d17f8937ac9308fdc36471a2ffeb2a18","point_ordinal":1,"zone_group_id":"517202025878","source_manage_no":"517202025878","facility_name":"생곡2리 경로당","sgg_code":"51720","facility_type_code":"2","api_first_registered_on":"2022-09-08","api_last_modified_on":"2025-03-27","updated_at":"2026-07-25T01:27:52.347112+00:00"},"geometry":{"type":"Point","coordinates":[128.235377315,37.680312906]}},{"type":"Feature","id":"936eb10fb291007b201d9df933d15d5cc3d03ccd618d779219bf960d07bab9f9-1","properties":{"facility_id":"936eb10fb291007b201d9df933d15d5cc3d03ccd618d779219bf960d07bab9f9","point_ordinal":1,"zone_group_id":"517202028698","source_manage_no":"517202028698","facility_name":"서곡리 마을회관","sgg_code":"51720","facility_type_code":"2","api_first_registered_on":"2023-07-27","api_last_modified_on":"2025-03-25","updated_at":"2026-07-25T01:27:52.347112+00:00"},"geometry":{"type":"Point","coordinates":[128.109591294,37.812537435]}},{"type":"Feature","id":"fc714053aadad5acec7869921173bd58354b44d26ff2b2f74416c2a63d89a5c5-1","properties":{"facility_id":"fc714053aadad5acec7869921173bd58354b44d26ff2b2f74416c2a63d89a5c5","point_ordinal":1,"zone_group_id":"517201000718","source_manage_no":"517201000718","facility_name":"서석초등학교","sgg_code":"51720","facility_type_code":"1","api_first_registered_on":"2008-01-04","api_last_modified_on":null,"updated_at":"2026-07-25T01:27:52.347112+00:00"},"geometry":{"type":"Point","coordinates":[128.187857013,37.711745788]}},{"type":"Feature","id":"326baea0076abf068c06c7dc5ad9186264fa05bb0b2d8e1c07905dd073a667aa-1","properties":{"facility_id":"326baea0076abf068c06c7dc5ad9186264fa05bb0b2d8e1c07905dd073a667aa","point_ordinal":1,"zone_group_id":"517201000719","source_manage_no":"517201000719","facility_name":"서석초등학교 병설유치원","sgg_code":"51720","facility_type_code":"1","api_first_registered_on":"2008-01-04","api_last_modified_on":null,"updated_at":"2026-07-25T01:27:52.347112+00:00"},"geometry":{"type":"Point","coordinates":[128.187857013,37.711745788]}},{"type":"Feature","id":"54657c4eb8a0d11c5140a6368709e2b60f74f2171b4f00cbd1d7ccd9cd4dacfc-1","properties":{"facility_id":"54657c4eb8a0d11c5140a6368709e2b60f74f2171b4f00cbd1d7ccd9cd4dacfc","point_ordinal":1,"zone_group_id":"517201026982","source_manage_no":"517201026982","facility_name":"서석초등학교 청량분교장","sgg_code":"51720","facility_type_code":"1","api_first_registered_on":null,"api_last_modified_on":"2025-03-05","updated_at":"2026-07-25T01:27:52.347112+00:00"},"geometry":{"type":"Point","coordinates":[128.191822534,37.688390712]}},{"type":"Feature","id":"8fb3739ee02e26807f10490fe0d43b80483e65c27f43865e10925908bb014ae5-1","properties":{"facility_id":"8fb3739ee02e26807f10490fe0d43b80483e65c27f43865e10925908bb014ae5","point_ordinal":1,"zone_group_id":"517201000724","source_manage_no":"517201000724","facility_name":"석화초등학교","sgg_code":"51720","facility_type_code":"1","api_first_registered_on":"2000-01-04","api_last_modified_on":null,"updated_at":"2026-07-25T01:27:52.347112+00:00"},"geometry":{"type":"Point","coordinates":[127.893466841,37.697124218]}},{"type":"Feature","id":"f83adf168ac6f9ebe08804d688e105020f49456d3e2f8931d9a8f21f685a2a60-1","properties":{"facility_id":"f83adf168ac6f9ebe08804d688e105020f49456d3e2f8931d9a8f21f685a2a60","point_ordinal":1,"zone_group_id":"517201000725","source_manage_no":"517201000725","facility_name":"석화초등학교 병설유치원","sgg_code":"51720","facility_type_code":"1","api_first_registered_on":"2000-01-04","api_last_modified_on":null,"updated_at":"2026-07-25T01:27:52.347112+00:00"},"geometry":{"type":"Point","coordinates":[127.893466841,37.697124218]}},{"type":"Feature","id":"d3d732f95e07c96780aa9b86ca09f8fa826a3a270220321ec4fa0ff7e605a2c4-1","properties":{"facility_id":"d3d732f95e07c96780aa9b86ca09f8fa826a3a270220321ec4fa0ff7e605a2c4","point_ordinal":1,"zone_group_id":"517202025778","source_manage_no":"517202025778","facility_name":"성동1리 경로당","sgg_code":"51720","facility_type_code":"2","api_first_registered_on":"2020-05-19","api_last_modified_on":"2025-03-28","updated_at":"2026-07-25T01:27:52.347112+00:00"},"geometry":{"type":"Point","coordinates":[127.882532535,37.760555815]}},{"type":"Feature","id":"c3047c809755deb95bdec4a22f53579b15ae3b2bd5b28e8e5bf0fccdacb59c2b-1","properties":{"facility_id":"c3047c809755deb95bdec4a22f53579b15ae3b2bd5b28e8e5bf0fccdacb59c2b","point_ordinal":1,"zone_group_id":"517202025779","source_manage_no":"517202025779","facility_name":"성동2리 경로당","sgg_code":"51720","facility_type_code":"2","api_first_registered_on":"2021-05-28","api_last_modified_on":"2025-03-28","updated_at":"2026-07-25T01:27:52.347112+00:00"},"geometry":{"type":"Point","coordinates":[127.878160712,37.738420677]}},{"type":"Feature","id":"5b963c0a73467b3efc748e39baae5b721c04f48e113d0e52d3de0edf98325308-1","properties":{"facility_id":"5b963c0a73467b3efc748e39baae5b721c04f48e113d0e52d3de0edf98325308","point_ordinal":1,"zone_group_id":"517202025764","source_manage_no":"517202025764","facility_name":"성산2리 경로당","sgg_code":"51720","facility_type_code":"2","api_first_registered_on":"2020-10-05","api_last_modified_on":"2025-03-28","updated_at":"2026-07-25T01:27:52.347112+00:00"},"geometry":{"type":"Point","coordinates":[127.973715043,37.786540155]}},{"type":"Feature","id":"77aeb973e7eea69b3e4ad1d1cab53084807030ee1116401fdda4781d7f639b02-1","properties":{"facility_id":"77aeb973e7eea69b3e4ad1d1cab53084807030ee1116401fdda4781d7f639b02","point_ordinal":1,"zone_group_id":"517202025884","source_manage_no":"517202025884","facility_name":"속초1리 경로당","sgg_code":"51720","facility_type_code":"2","api_first_registered_on":"2022-09-08","api_last_modified_on":"2025-03-28","updated_at":"2026-07-25T01:27:52.347112+00:00"},"geometry":{"type":"Point","coordinates":[127.93680332,37.677514034]}},{"type":"Feature","id":"10740dce0ebc621b9880b51007c66d879c150c0a7998b529b797b8c9b6fd4335-1","properties":{"facility_id":"10740dce0ebc621b9880b51007c66d879c150c0a7998b529b797b8c9b6fd4335","point_ordinal":1,"zone_group_id":"517202025771","source_manage_no":"517202025771","facility_name":"속초2리 경로당","sgg_code":"51720","facility_type_code":"2","api_first_registered_on":"2020-10-05","api_last_modified_on":"2025-03-28","updated_at":"2026-07-25T01:27:52.347112+00:00"},"geometry":{"type":"Point","coordinates":[127.95440753,37.675631009]}},{"type":"Feature","id":"b83f337eea2b7518a0522d7ae7c6c9658ee25e8fb909cb04db473d72a134d03d-1","properties":{"facility_id":"b83f337eea2b7518a0522d7ae7c6c9658ee25e8fb909cb04db473d72a134d03d","point_ordinal":1,"zone_group_id":"517201025012","source_manage_no":"517201025012","facility_name":"속초초등학교","sgg_code":"51720","facility_type_code":"1","api_first_registered_on":"2009-01-13","api_last_modified_on":null,"updated_at":"2026-07-25T01:27:52.347112+00:00"},"geometry":{"type":"Point","coordinates":[127.938284252,37.678866275]}},{"type":"Feature","id":"0320b1d44344bd2e04056a0f5a4866c39bdf0efda49417792f442296c54a77ff-1","properties":{"facility_id":"0320b1d44344bd2e04056a0f5a4866c39bdf0efda49417792f442296c54a77ff","point_ordinal":1,"zone_group_id":"517201000702","source_manage_no":"517201000702","facility_name":"속초초등학교 병설유치원","sgg_code":"51720","facility_type_code":"1","api_first_registered_on":"2009-01-13","api_last_modified_on":null,"updated_at":"2026-07-25T01:27:52.347112+00:00"},"geometry":{"type":"Point","coordinates":[127.938243715,37.678678297]}},{"type":"Feature","id":"eea4dcc4ad4c8306ca144a4b3937ba3b5a5cf481c26ab0f452116683ebac74dd-1","properties":{"facility_id":"eea4dcc4ad4c8306ca144a4b3937ba3b5a5cf481c26ab0f452116683ebac74dd","point_ordinal":1,"zone_group_id":"517202025863","source_manage_no":"517202025863","facility_name":"송정리 경로당","sgg_code":"51720","facility_type_code":"2","api_first_registered_on":"2022-09-08","api_last_modified_on":"2025-03-27","updated_at":"2026-07-25T01:27:52.347112+00:00"},"geometry":{"type":"Point","coordinates":[127.93689506,37.734363484]}},{"type":"Feature","id":"9e58135c4d34690226a9ceb07245e4b956109beb6eabc665f72ab276d01db621-1","properties":{"facility_id":"9e58135c4d34690226a9ceb07245e4b956109beb6eabc665f72ab276d01db621","point_ordinal":1,"zone_group_id":"517202025882","source_manage_no":"517202025882","facility_name":"수하1리 경로당","sgg_code":"51720","facility_type_code":"2","api_first_registered_on":"2022-09-08","api_last_modified_on":"2025-03-27","updated_at":"2026-07-25T01:27:52.347112+00:00"},"geometry":{"type":"Point","coordinates":[128.158834756,37.746379081]}},{"type":"Feature","id":"82a932f5bc4c56c01012c1982f8586292e20145a0d8b23631df5702d42806f72-1","properties":{"facility_id":"82a932f5bc4c56c01012c1982f8586292e20145a0d8b23631df5702d42806f72","point_ordinal":1,"zone_group_id":"517202025883","source_manage_no":"517202025883","facility_name":"수하2리 경로당","sgg_code":"51720","facility_type_code":"2","api_first_registered_on":"2022-09-08","api_last_modified_on":"2025-03-27","updated_at":"2026-07-25T01:27:52.347112+00:00"},"geometry":{"type":"Point","coordinates":[128.174270907,37.764332903]}},{"type":"Feature","id":"cf49ac2a39d9ad2ad432e674e4ba32c6b1442a34bfe54a4c0708cf1e407d46b7-1","properties":{"facility_id":"cf49ac2a39d9ad2ad432e674e4ba32c6b1442a34bfe54a4c0708cf1e407d46b7","point_ordinal":1,"zone_group_id":"517202025893","source_manage_no":"517202025893","facility_name":"시동리 경로당","sgg_code":"51720","facility_type_code":"2","api_first_registered_on":"2022-09-08","api_last_modified_on":"2025-03-27","updated_at":"2026-07-25T01:27:52.347112+00:00"},"geometry":{"type":"Point","coordinates":[127.840400409,37.590126723]}},{"type":"Feature","id":"02c9282ac45c5f9c2e3bef6709d5215e135fa0473ade919169fb2512ea6bce2c-1","properties":{"facility_id":"02c9282ac45c5f9c2e3bef6709d5215e135fa0473ade919169fb2512ea6bce2c","point_ordinal":1,"zone_group_id":"517202025856","source_manage_no":"517202025856","facility_name":"신장대3리 경로당","sgg_code":"51720","facility_type_code":"2","api_first_registered_on":"2022-09-08","api_last_modified_on":"2025-03-27","updated_at":"2026-07-25T01:27:52.347112+00:00"},"geometry":{"type":"Point","coordinates":[127.885818247,37.688293457]}},{"type":"Feature","id":"1bf2892e79ff070f479de7dfab11541b215d59e10ab03c1c530df79c67c47e48-1","properties":{"facility_id":"1bf2892e79ff070f479de7dfab11541b215d59e10ab03c1c530df79c67c47e48","point_ordinal":1,"zone_group_id":"517202025765","source_manage_no":"517202025765","facility_name":"야시대1리(벌촌) 경로당","sgg_code":"51720","facility_type_code":"2","api_first_registered_on":"2021-05-28","api_last_modified_on":"2025-03-27","updated_at":"2026-07-25T01:27:52.347112+00:00"},"geometry":{"type":"Point","coordinates":[127.960806744,37.799708999]}},{"type":"Feature","id":"117f28fa6aaa2abca11d9f6bba6541ff5b6eeba60d3f976df58f81583531bb32-1","properties":{"facility_id":"117f28fa6aaa2abca11d9f6bba6541ff5b6eeba60d3f976df58f81583531bb32","point_ordinal":1,"zone_group_id":"517202025867","source_manage_no":"517202025867","facility_name":"야시대2리 경로당","sgg_code":"51720","facility_type_code":"2","api_first_registered_on":"2022-09-08","api_last_modified_on":"2025-03-28","updated_at":"2026-07-25T01:27:52.347112+00:00"},"geometry":{"type":"Point","coordinates":[127.963276543,37.818164443]}},{"type":"Feature","id":"6d06c108c49f8b67ca9af7bea373886956a576b3480cfea049e337538eb98e31-1","properties":{"facility_id":"6d06c108c49f8b67ca9af7bea373886956a576b3480cfea049e337538eb98e31","point_ordinal":1,"zone_group_id":"517202025770","source_manage_no":"517202025770","facility_name":"어론1리 경로당","sgg_code":"51720","facility_type_code":"2","api_first_registered_on":"2016-06-29","api_last_modified_on":"2025-03-28","updated_at":"2026-07-25T01:27:52.347112+00:00"},"geometry":{"type":"Point","coordinates":[128.166095998,37.725590082]}},{"type":"Feature","id":"dfcbc1c9afd083805958ad92c5216340f31a1c78307ccd257d9e2f17f17c1ea9-1","properties":{"facility_id":"dfcbc1c9afd083805958ad92c5216340f31a1c78307ccd257d9e2f17f17c1ea9","point_ordinal":1,"zone_group_id":"517203000720","source_manage_no":"517203000720","facility_name":"어론1리경로당","sgg_code":"51720","facility_type_code":"3","api_first_registered_on":"2016-06-29","api_last_modified_on":null,"updated_at":"2026-07-25T01:27:52.347112+00:00"},"geometry":{"type":"Point","coordinates":[128.16598091,37.725445234]}},{"type":"Feature","id":"162ff1e592aa2e4b570957befe0703db9a3405a1fb3dab994bff4b4dae3dee14-1","properties":{"facility_id":"162ff1e592aa2e4b570957befe0703db9a3405a1fb3dab994bff4b4dae3dee14","point_ordinal":1,"zone_group_id":"517202025881","source_manage_no":"517202025881","facility_name":"어론2리 경로당","sgg_code":"51720","facility_type_code":"2","api_first_registered_on":"2022-09-08","api_last_modified_on":"2025-03-27","updated_at":"2026-07-25T01:27:52.347112+00:00"},"geometry":{"type":"Point","coordinates":[128.144179747,37.71782271]}},{"type":"Feature","id":"8fd7a75c1368c41487068668638c4fd08e69f8fe72925e82c09e8ef24bd8de9b-1","properties":{"facility_id":"8fd7a75c1368c41487068668638c4fd08e69f8fe72925e82c09e8ef24bd8de9b","point_ordinal":1,"zone_group_id":"517202025902","source_manage_no":"517202025902","facility_name":"역전평리 경로당","sgg_code":"51720","facility_type_code":"2","api_first_registered_on":"2022-09-08","api_last_modified_on":"2025-03-27","updated_at":"2026-07-25T01:27:52.347112+00:00"},"geometry":{"type":"Point","coordinates":[127.793937437,37.728699072]}},{"type":"Feature","id":"832a54568ced67e994e1af0a339963baad8243e2251808ae1e06eae76d938b07-1","properties":{"facility_id":"832a54568ced67e994e1af0a339963baad8243e2251808ae1e06eae76d938b07","point_ordinal":1,"zone_group_id":"517201000726","source_manage_no":"517201000726","facility_name":"오안초등학교","sgg_code":"51720","facility_type_code":"1","api_first_registered_on":"1998-01-04","api_last_modified_on":null,"updated_at":"2026-07-25T01:27:52.347112+00:00"},"geometry":{"type":"Point","coordinates":[127.830815991,37.660983795]}},{"type":"Feature","id":"3103e2e7fbb13b33887762f88255a59f8a1f2bf149831ac256f80740553973ac-1","properties":{"facility_id":"3103e2e7fbb13b33887762f88255a59f8a1f2bf149831ac256f80740553973ac","point_ordinal":1,"zone_group_id":"517202025858","source_manage_no":"517202025858","facility_name":"와동1리 경로당","sgg_code":"51720","facility_type_code":"2","api_first_registered_on":"2022-09-08","api_last_modified_on":"2025-03-27","updated_at":"2026-07-25T01:27:52.347112+00:00"},"geometry":{"type":"Point","coordinates":[127.926542543,37.717623526]}},{"type":"Feature","id":"7c525e6fa0251ee2876c9385397e0960cbe8ea70c66cfc983291ebeba444ef2b-1","properties":{"facility_id":"7c525e6fa0251ee2876c9385397e0960cbe8ea70c66cfc983291ebeba444ef2b","point_ordinal":1,"zone_group_id":"517202025859","source_manage_no":"517202025859","facility_name":"와동2리 경로당","sgg_code":"51720","facility_type_code":"2","api_first_registered_on":"2022-09-08","api_last_modified_on":"2025-03-27","updated_at":"2026-07-25T01:27:52.347112+00:00"},"geometry":{"type":"Point","coordinates":[127.944553684,37.725662809]}},{"type":"Feature","id":"0d238ff83267956cc565a8cb6523dfe64b8537bb62db373f26d59993ca689eb8-1","properties":{"facility_id":"0d238ff83267956cc565a8cb6523dfe64b8537bb62db373f26d59993ca689eb8","point_ordinal":1,"zone_group_id":"517202025768","source_manage_no":"517202025768","facility_name":"와야2리 경로당","sgg_code":"51720","facility_type_code":"2","api_first_registered_on":"2020-10-05","api_last_modified_on":"2025-03-28","updated_at":"2026-07-25T01:27:52.347112+00:00"},"geometry":{"type":"Point","coordinates":[128.130044269,37.801626935]}},{"type":"Feature","id":"e2f9ae3c5228a13c603c2fd06cc7915580afe6c3e2997dfd1d652b5857ec4a52-1","properties":{"facility_id":"e2f9ae3c5228a13c603c2fd06cc7915580afe6c3e2997dfd1d652b5857ec4a52","point_ordinal":1,"zone_group_id":"517202025865","source_manage_no":"517202025865","facility_name":"외삼포1리 경로당","sgg_code":"51720","facility_type_code":"2","api_first_registered_on":"2022-09-08","api_last_modified_on":"2025-03-28","updated_at":"2026-07-25T01:27:52.347112+00:00"},"geometry":{"type":"Point","coordinates":[127.960834463,37.754827471]}},{"type":"Feature","id":"91cea4754cfc86a1bdf3024b661e82325d7a7b2c8fa6e1181ef5c4cee2ae027d-1","properties":{"facility_id":"91cea4754cfc86a1bdf3024b661e82325d7a7b2c8fa6e1181ef5c4cee2ae027d","point_ordinal":1,"zone_group_id":"517202025894","source_manage_no":"517202025894","facility_name":"용수리 경로당","sgg_code":"51720","facility_type_code":"2","api_first_registered_on":"2022-09-08","api_last_modified_on":"2025-03-27","updated_at":"2026-07-25T01:27:52.347112+00:00"},"geometry":{"type":"Point","coordinates":[127.766653316,37.658515594]}},{"type":"Feature","id":"7687e3c42d0bbcab6bb785707a3a02c18ee60c73976352a05a48723dea7a9468-1","properties":{"facility_id":"7687e3c42d0bbcab6bb785707a3a02c18ee60c73976352a05a48723dea7a9468","point_ordinal":1,"zone_group_id":"517201000727","source_manage_no":"517201000727","facility_name":"우성유치원","sgg_code":"51720","facility_type_code":"1","api_first_registered_on":"2010-01-13","api_last_modified_on":null,"updated_at":"2026-07-25T01:27:52.347112+00:00"},"geometry":{"type":"Point","coordinates":[127.872300985,37.683663941]}},{"type":"Feature","id":"b7925c6b1191f2cdfaae690216e92acdf6078a043888519dbf268f9528916745-1","properties":{"facility_id":"b7925c6b1191f2cdfaae690216e92acdf6078a043888519dbf268f9528916745","point_ordinal":1,"zone_group_id":"517201000696","source_manage_no":"517201000696","facility_name":"원당초등학교","sgg_code":"51720","facility_type_code":"1","api_first_registered_on":"2008-01-04","api_last_modified_on":null,"updated_at":"2026-07-25T01:27:52.347112+00:00"},"geometry":{"type":"Point","coordinates":[128.414870088,37.820864009]}},{"type":"Feature","id":"f796b88781ef24f9a575de4967faa8c4e488e187c3cc4c25bc8ac229c282e411-1","properties":{"facility_id":"f796b88781ef24f9a575de4967faa8c4e488e187c3cc4c25bc8ac229c282e411","point_ordinal":1,"zone_group_id":"517202025766","source_manage_no":"517202025766","facility_name":"원동1리 경로당","sgg_code":"51720","facility_type_code":"2","api_first_registered_on":"2020-05-19","api_last_modified_on":"2025-03-27","updated_at":"2026-07-25T01:27:52.347112+00:00"},"geometry":{"type":"Point","coordinates":[128.019425274,37.887650574]}},{"type":"Feature","id":"e6b4f70b73631407e1286550bc22fe89bccad5e95ec75af05f1d1e43e2626eb8-1","properties":{"facility_id":"e6b4f70b73631407e1286550bc22fe89bccad5e95ec75af05f1d1e43e2626eb8","point_ordinal":1,"zone_group_id":"517202028699","source_manage_no":"517202028699","facility_name":"원소리 마을회관","sgg_code":"51720","facility_type_code":"2","api_first_registered_on":"2024-04-24","api_last_modified_on":"2025-03-25","updated_at":"2026-07-25T01:27:52.347112+00:00"},"geometry":{"type":"Point","coordinates":[127.742569939,37.717065604]}},{"type":"Feature","id":"82c1d21e504f1e4fae4d4639ae5393bf7c6994492468419682589fd5735b6334-1","properties":{"facility_id":"82c1d21e504f1e4fae4d4639ae5393bf7c6994492468419682589fd5735b6334","point_ordinal":1,"zone_group_id":"517202025887","source_manage_no":"517202025887","facility_name":"월운리 경로당","sgg_code":"51720","facility_type_code":"2","api_first_registered_on":"2022-09-08","api_last_modified_on":"2025-03-25","updated_at":"2026-07-25T01:27:52.347112+00:00"},"geometry":{"type":"Point","coordinates":[127.929967046,37.641940115]}},{"type":"Feature","id":"1752b87d0266904ca4dae71960bd6f07bcef75230b86c2c0b7534a8a3a81a01b-1","properties":{"facility_id":"1752b87d0266904ca4dae71960bd6f07bcef75230b86c2c0b7534a8a3a81a01b","point_ordinal":1,"zone_group_id":"517202025772","source_manage_no":"517202025772","facility_name":"유치1리 경로당","sgg_code":"51720","facility_type_code":"2","api_first_registered_on":"2020-05-19","api_last_modified_on":"2025-03-27","updated_at":"2026-07-25T01:27:52.347112+00:00"},"geometry":{"type":"Point","coordinates":[127.847991456,37.590421356]}},{"type":"Feature","id":"d7b592fbc5dee1addd20ac09a4ed997dfc432b709d248dc05c8f4f9709bc2f2e-1","properties":{"facility_id":"d7b592fbc5dee1addd20ac09a4ed997dfc432b709d248dc05c8f4f9709bc2f2e","point_ordinal":1,"zone_group_id":"517202025773","source_manage_no":"517202025773","facility_name":"유치2리 경로당","sgg_code":"51720","facility_type_code":"2","api_first_registered_on":"2020-05-19","api_last_modified_on":"2025-03-27","updated_at":"2026-07-25T01:27:52.347112+00:00"},"geometry":{"type":"Point","coordinates":[127.865343673,37.58685252]}},{"type":"Feature","id":"6f9b1999d8f7b86698f8438c8c5e942a7d712b2318135cb8b8545b3121734b81-1","properties":{"facility_id":"6f9b1999d8f7b86698f8438c8c5e942a7d712b2318135cb8b8545b3121734b81","point_ordinal":1,"zone_group_id":"517202025784","source_manage_no":"517202025784","facility_name":"율전2리 경로당","sgg_code":"51720","facility_type_code":"2","api_first_registered_on":"2019-09-20","api_last_modified_on":"2025-03-28","updated_at":"2026-07-25T01:27:52.347112+00:00"},"geometry":{"type":"Point","coordinates":[128.372284127,37.832919706]}},{"type":"Feature","id":"621df062ab59ba8e7a8b6f7c79d379ce202aa14a89227a7c2d32de05460b49c3-1","properties":{"facility_id":"621df062ab59ba8e7a8b6f7c79d379ce202aa14a89227a7c2d32de05460b49c3","point_ordinal":1,"zone_group_id":"517201000693","source_manage_no":"517201000693","facility_name":"율전초등학교","sgg_code":"51720","facility_type_code":"1","api_first_registered_on":"2008-01-04","api_last_modified_on":null,"updated_at":"2026-07-25T01:27:52.347112+00:00"},"geometry":{"type":"Point","coordinates":[128.30761244,37.749811545]}},{"type":"Feature","id":"7d5f6e3349af92f5eabb0cd99b3e3251f8faf2c6aecd1719fdee2e77916c8eda-1","properties":{"facility_id":"7d5f6e3349af92f5eabb0cd99b3e3251f8faf2c6aecd1719fdee2e77916c8eda","point_ordinal":1,"zone_group_id":"517202025785","source_manage_no":"517202025785","facility_name":"자운1리 경로당","sgg_code":"51720","facility_type_code":"2","api_first_registered_on":"2020-10-05","api_last_modified_on":"2025-03-28","updated_at":"2026-07-25T01:27:52.347112+00:00"},"geometry":{"type":"Point","coordinates":[128.401486005,37.735419854]}},{"type":"Feature","id":"161e251cd67b80256362aefef855d7532edd559bd5ede44dd85c6f60adb53e98-1","properties":{"facility_id":"161e251cd67b80256362aefef855d7532edd559bd5ede44dd85c6f60adb53e98","point_ordinal":1,"zone_group_id":"517202025786","source_manage_no":"517202025786","facility_name":"자운1리(운두골) 경로당","sgg_code":"51720","facility_type_code":"2","api_first_registered_on":"2022-06-07","api_last_modified_on":"2025-03-27","updated_at":"2026-07-25T01:27:52.347112+00:00"},"geometry":{"type":"Point","coordinates":[128.41929478,37.718792954]}},{"type":"Feature","id":"d67c876f2ab784c3b2476931537f9b536136edefaf1d645a05765f86b67c5c27-1","properties":{"facility_id":"d67c876f2ab784c3b2476931537f9b536136edefaf1d645a05765f86b67c5c27","point_ordinal":1,"zone_group_id":"517202025787","source_manage_no":"517202025787","facility_name":"자운2리 경로당","sgg_code":"51720","facility_type_code":"2","api_first_registered_on":"2020-10-05","api_last_modified_on":"2025-03-27","updated_at":"2026-07-25T01:27:52.347112+00:00"},"geometry":{"type":"Point","coordinates":[128.372359329,37.75016534]}},{"type":"Feature","id":"8074c41bdbfd75df6f605ee26ff1914f88946b2947be606d604b5ddb33c8b985-1","properties":{"facility_id":"8074c41bdbfd75df6f605ee26ff1914f88946b2947be606d604b5ddb33c8b985","point_ordinal":1,"zone_group_id":"517202025874","source_manage_no":"517202025874","facility_name":"자은2리 경로당","sgg_code":"51720","facility_type_code":"2","api_first_registered_on":"2022-09-08","api_last_modified_on":"2025-03-27","updated_at":"2026-07-25T01:27:52.347112+00:00"},"geometry":{"type":"Point","coordinates":[128.026177624,37.870665101]}},{"type":"Feature","id":"4395aac3bfab503741e77c69e8a0deeec54b9b2c94211f62eebf4fe9f7b243ed-1","properties":{"facility_id":"4395aac3bfab503741e77c69e8a0deeec54b9b2c94211f62eebf4fe9f7b243ed","point_ordinal":1,"zone_group_id":"517202025870","source_manage_no":"517202025870","facility_name":"장평1리 경로당","sgg_code":"51720","facility_type_code":"2","api_first_registered_on":"2022-09-08","api_last_modified_on":"2025-03-27","updated_at":"2026-07-25T01:27:52.347112+00:00"},"geometry":{"type":"Point","coordinates":[128.088744269,37.742971224]}},{"type":"Feature","id":"0a7c3338ca08082f66d311454bd636c1abb8670049db817cfa6d2dd05c5d9575-1","properties":{"facility_id":"0a7c3338ca08082f66d311454bd636c1abb8670049db817cfa6d2dd05c5d9575","point_ordinal":1,"zone_group_id":"517202025871","source_manage_no":"517202025871","facility_name":"장평2리 경로당","sgg_code":"51720","facility_type_code":"2","api_first_registered_on":"2022-09-08","api_last_modified_on":"2025-03-27","updated_at":"2026-07-25T01:27:52.347112+00:00"},"geometry":{"type":"Point","coordinates":[128.057162613,37.750072817]}},{"type":"Feature","id":"4a27517778476455820057374c86f8d6cf043e290aa1857f38b28e8494c6fd5f-1","properties":{"facility_id":"4a27517778476455820057374c86f8d6cf043e290aa1857f38b28e8494c6fd5f","point_ordinal":1,"zone_group_id":"517202025892","source_manage_no":"517202025892","facility_name":"좌운1리 경로당","sgg_code":"51720","facility_type_code":"2","api_first_registered_on":"2022-09-08","api_last_modified_on":"2025-03-28","updated_at":"2026-07-25T01:27:52.347112+00:00"},"geometry":{"type":"Point","coordinates":[128.015469464,37.63676683]}},{"type":"Feature","id":"8eac3b96ca39eff3123491287f66c43d02d2dc943d4f1dafe19def1d62bf1ed2-1","properties":{"facility_id":"8eac3b96ca39eff3123491287f66c43d02d2dc943d4f1dafe19def1d62bf1ed2","point_ordinal":1,"zone_group_id":"517201000728","source_manage_no":"517201000728","facility_name":"주봉초등학교","sgg_code":"51720","facility_type_code":"1","api_first_registered_on":"1996-01-04","api_last_modified_on":null,"updated_at":"2026-07-25T01:27:52.347112+00:00"},"geometry":{"type":"Point","coordinates":[127.914346723,37.708788011]}},{"type":"Feature","id":"21bd46bc64e492e7b5c39c2e35b00140c33a14128a04f83afa59f979ccfe5147-1","properties":{"facility_id":"21bd46bc64e492e7b5c39c2e35b00140c33a14128a04f83afa59f979ccfe5147","point_ordinal":1,"zone_group_id":"517201000729","source_manage_no":"517201000729","facility_name":"주봉초등학교 병설유치원","sgg_code":"51720","facility_type_code":"1","api_first_registered_on":"1996-01-04","api_last_modified_on":null,"updated_at":"2026-07-25T01:27:52.347112+00:00"},"geometry":{"type":"Point","coordinates":[127.914346723,37.708788011]}},{"type":"Feature","id":"a5a3ab3eea0664f31f3b13d18a43f61ff4af20e225bea17410c626c7a2797c9b-1","properties":{"facility_id":"a5a3ab3eea0664f31f3b13d18a43f61ff4af20e225bea17410c626c7a2797c9b","point_ordinal":1,"zone_group_id":"517202025868","source_manage_no":"517202025868","facility_name":"주음치리 경로당","sgg_code":"51720","facility_type_code":"2","api_first_registered_on":"2022-09-08","api_last_modified_on":"2025-03-27","updated_at":"2026-07-25T01:27:52.347112+00:00"},"geometry":{"type":"Point","coordinates":[127.987969736,37.783507276]}},{"type":"Feature","id":"c307d95840190d176c03d7d56680753d5f1546c17c7c3f48fdc1d4f52714425d-1","properties":{"facility_id":"c307d95840190d176c03d7d56680753d5f1546c17c7c3f48fdc1d4f52714425d","point_ordinal":1,"zone_group_id":"517202025898","source_manage_no":"517202025898","facility_name":"중방대리 경로당","sgg_code":"51720","facility_type_code":"2","api_first_registered_on":"2022-09-08","api_last_modified_on":"2025-03-27","updated_at":"2026-07-25T01:27:52.347112+00:00"},"geometry":{"type":"Point","coordinates":[127.612239318,37.654976622]}},{"type":"Feature","id":"d9f884e90416c975e6a2b26fe4efe1bb67b5cde27a64255b81d0efb18ce3b595-1","properties":{"facility_id":"d9f884e90416c975e6a2b26fe4efe1bb67b5cde27a64255b81d0efb18ce3b595","point_ordinal":1,"zone_group_id":"517202025901","source_manage_no":"517202025901","facility_name":"중화계리 경로당","sgg_code":"51720","facility_type_code":"2","api_first_registered_on":"2022-09-08","api_last_modified_on":"2025-03-27","updated_at":"2026-07-25T01:27:52.347112+00:00"},"geometry":{"type":"Point","coordinates":[127.867160453,37.703056402]}},{"type":"Feature","id":"f58b204e8ad5ffd2fc12330250331de96392a496e35aa22e8a9368e0556f0e35-1","properties":{"facility_id":"f58b204e8ad5ffd2fc12330250331de96392a496e35aa22e8a9368e0556f0e35","point_ordinal":1,"zone_group_id":"517202025855","source_manage_no":"517202025855","facility_name":"진3리 경로당","sgg_code":"51720","facility_type_code":"2","api_first_registered_on":"2022-09-08","api_last_modified_on":"2025-03-27","updated_at":"2026-07-25T01:27:52.347112+00:00"},"geometry":{"type":"Point","coordinates":[127.891339667,37.691456105]}},{"type":"Feature","id":"8dfbe1d49f874c94b6ace95b84d65b37c8c4b197f3524ad2a0833b52d0279bf5-1","properties":{"facility_id":"8dfbe1d49f874c94b6ace95b84d65b37c8c4b197f3524ad2a0833b52d0279bf5","point_ordinal":1,"zone_group_id":"517201000694","source_manage_no":"517201000694","facility_name":"창촌초등학교","sgg_code":"51720","facility_type_code":"1","api_first_registered_on":"1996-01-04","api_last_modified_on":null,"updated_at":"2026-07-25T01:27:52.347112+00:00"},"geometry":{"type":"Point","coordinates":[128.38773003,37.768012495]}},{"type":"Feature","id":"69dc8903789b05827c4d90756ada232c7e9cb6690dfa4daa26fd9155d18dac47-1","properties":{"facility_id":"69dc8903789b05827c4d90756ada232c7e9cb6690dfa4daa26fd9155d18dac47","point_ordinal":1,"zone_group_id":"517201000695","source_manage_no":"517201000695","facility_name":"창촌초등학교 병설유치원","sgg_code":"51720","facility_type_code":"1","api_first_registered_on":"1996-01-04","api_last_modified_on":null,"updated_at":"2026-07-25T01:27:52.347112+00:00"},"geometry":{"type":"Point","coordinates":[128.38773003,37.768012495]}},{"type":"Feature","id":"a6edfde343979e2a0654e79c84de5531b7069be649793066db395290dda10c2b-1","properties":{"facility_id":"a6edfde343979e2a0654e79c84de5531b7069be649793066db395290dda10c2b","point_ordinal":1,"zone_group_id":"517202025873","source_manage_no":"517202025873","facility_name":"천현2리 경로당","sgg_code":"51720","facility_type_code":"2","api_first_registered_on":"2022-09-08","api_last_modified_on":"2025-03-27","updated_at":"2026-07-25T01:27:52.347112+00:00"},"geometry":{"type":"Point","coordinates":[128.002221052,37.848779992]}},{"type":"Feature","id":"f473fcde37abaa641f1c116f9cb179942f667cf318a19cb656955835b145093c-1","properties":{"facility_id":"f473fcde37abaa641f1c116f9cb179942f667cf318a19cb656955835b145093c","point_ordinal":1,"zone_group_id":"517202025872","source_manage_no":"517202025872","facility_name":"천현리 경로당","sgg_code":"51720","facility_type_code":"2","api_first_registered_on":"2022-09-08","api_last_modified_on":"2025-03-27","updated_at":"2026-07-25T01:27:52.347112+00:00"},"geometry":{"type":"Point","coordinates":[128.029972925,37.863429982]}},{"type":"Feature","id":"bc2fe1a2b0470746f9e33af7a94a02defea9815e5b88309fd3b26093f4c96e52-1","properties":{"facility_id":"bc2fe1a2b0470746f9e33af7a94a02defea9815e5b88309fd3b26093f4c96e52","point_ordinal":1,"zone_group_id":"517202025880","source_manage_no":"517202025880","facility_name":"청량1리 경로당","sgg_code":"51720","facility_type_code":"2","api_first_registered_on":"2022-09-08","api_last_modified_on":"2025-03-28","updated_at":"2026-07-25T01:27:52.347112+00:00"},"geometry":{"type":"Point","coordinates":[128.190786826,37.687979262]}},{"type":"Feature","id":"d299c22129fd500ffb64756f447bb7fd0b81995982d3f35c6f2d0a7058ebf58b-1","properties":{"facility_id":"d299c22129fd500ffb64756f447bb7fd0b81995982d3f35c6f2d0a7058ebf58b","point_ordinal":1,"zone_group_id":"517202025760","source_manage_no":"517202025760","facility_name":"태학리 경로당","sgg_code":"51720","facility_type_code":"2","api_first_registered_on":"2022-04-18","api_last_modified_on":"2025-03-28","updated_at":"2026-07-25T01:27:52.347112+00:00"},"geometry":{"type":"Point","coordinates":[127.906893438,37.705365428]}},{"type":"Feature","id":"f358988b7a3473a92eed506f9becad87f0da6830190267940aa6396e53cbf5fd-1","properties":{"facility_id":"f358988b7a3473a92eed506f9becad87f0da6830190267940aa6396e53cbf5fd","point_ordinal":1,"zone_group_id":"517202025896","source_manage_no":"517202025896","facility_name":"팔봉2리 경로당","sgg_code":"51720","facility_type_code":"2","api_first_registered_on":"2022-09-08","api_last_modified_on":"2025-03-27","updated_at":"2026-07-25T01:27:52.347112+00:00"},"geometry":{"type":"Point","coordinates":[127.706289071,37.667449798]}},{"type":"Feature","id":"2b1ce408c7c946ab2cfdfbd62b1aa91bccf485856b13fe5374cbbc1b1f7efbde-1","properties":{"facility_id":"2b1ce408c7c946ab2cfdfbd62b1aa91bccf485856b13fe5374cbbc1b1f7efbde","point_ordinal":1,"zone_group_id":"517202025762","source_manage_no":"517202025762","facility_name":"풍천2리 경로당","sgg_code":"51720","facility_type_code":"2","api_first_registered_on":"2019-09-20","api_last_modified_on":"2025-03-27","updated_at":"2026-07-25T01:27:52.347112+00:00"},"geometry":{"type":"Point","coordinates":[127.898731617,37.818263026]}},{"type":"Feature","id":"c37ec216371ae65acc3fb43bc8a53fdc01968a92a89b54cdc95ff1c9a42be712-1","properties":{"facility_id":"c37ec216371ae65acc3fb43bc8a53fdc01968a92a89b54cdc95ff1c9a42be712","point_ordinal":1,"zone_group_id":"517202025860","source_manage_no":"517202025860","facility_name":"하오안2리(오안) 경로당","sgg_code":"51720","facility_type_code":"2","api_first_registered_on":"2022-09-08","api_last_modified_on":"2025-03-27","updated_at":"2026-07-25T01:27:52.347112+00:00"},"geometry":{"type":"Point","coordinates":[127.839834222,37.666257682]}},{"type":"Feature","id":"de2786b70d54d019653153f2cfd1b7be39e2dcbb80234637039176738438006a-1","properties":{"facility_id":"de2786b70d54d019653153f2cfd1b7be39e2dcbb80234637039176738438006a","point_ordinal":1,"zone_group_id":"517202025905","source_manage_no":"517202025905","facility_name":"하화계리고령자복지주택아파트","sgg_code":"51720","facility_type_code":"2","api_first_registered_on":"2022-09-08","api_last_modified_on":null,"updated_at":"2026-07-25T01:27:52.347112+00:00"},"geometry":{"type":"Point","coordinates":[127.869262119,37.690892201]}},{"type":"Feature","id":"494dc243cae3fd2b506586617256ad81dd8686bf40a6675ab8588d54a7630ad9-1","properties":{"facility_id":"494dc243cae3fd2b506586617256ad81dd8686bf40a6675ab8588d54a7630ad9","point_ordinal":1,"zone_group_id":"517201000713","source_manage_no":"517201000713","facility_name":"한서초등학교","sgg_code":"51720","facility_type_code":"1","api_first_registered_on":"2007-01-13","api_last_modified_on":null,"updated_at":"2026-07-25T01:27:52.347112+00:00"},"geometry":{"type":"Point","coordinates":[127.601732751,37.692761406]}},{"type":"Feature","id":"41171d24be71c9bb3b171533af6b83bb1ed5e722ab07a251d47cdab8abe045f0-1","properties":{"facility_id":"41171d24be71c9bb3b171533af6b83bb1ed5e722ab07a251d47cdab8abe045f0","point_ordinal":1,"zone_group_id":"517201000714","source_manage_no":"517201000714","facility_name":"한서초등학교 병설유치원","sgg_code":"51720","facility_type_code":"1","api_first_registered_on":"2007-01-13","api_last_modified_on":null,"updated_at":"2026-07-25T01:27:52.347112+00:00"},"geometry":{"type":"Point","coordinates":[127.601732751,37.692761406]}},{"type":"Feature","id":"172595e00f5d324629b441dca10c9a2924eea311608491a889d5352d53368346-1","properties":{"facility_id":"172595e00f5d324629b441dca10c9a2924eea311608491a889d5352d53368346","point_ordinal":1,"zone_group_id":"517201000689","source_manage_no":"517201000689","facility_name":"협신초등학교","sgg_code":"51720","facility_type_code":"1","api_first_registered_on":"2009-01-13","api_last_modified_on":null,"updated_at":"2026-07-25T01:27:52.347112+00:00"},"geometry":{"type":"Point","coordinates":[127.818608744,37.595453676]}},{"type":"Feature","id":"6dbc4ad1e07a302b448281f4cdc480db432d29a1acd4ec6112cf8a2d13f17531-1","properties":{"facility_id":"6dbc4ad1e07a302b448281f4cdc480db432d29a1acd4ec6112cf8a2d13f17531","point_ordinal":1,"zone_group_id":"517201000690","source_manage_no":"517201000690","facility_name":"협신초등학교 병설유치원","sgg_code":"51720","facility_type_code":"1","api_first_registered_on":"2009-01-13","api_last_modified_on":null,"updated_at":"2026-07-25T01:27:52.347112+00:00"},"geometry":{"type":"Point","coordinates":[127.818608744,37.595453676]}},{"type":"Feature","id":"63c6fa839ebc917436858d4d09ebaf376c444af80c2e0f1b354b0b83c9519373-1","properties":{"facility_id":"63c6fa839ebc917436858d4d09ebaf376c444af80c2e0f1b354b0b83c9519373","point_ordinal":1,"zone_group_id":"517201026508","source_manage_no":"517201026508","facility_name":"홍천남산유지원","sgg_code":"51720","facility_type_code":"1","api_first_registered_on":null,"api_last_modified_on":"2025-08-12","updated_at":"2026-07-25T01:27:52.347112+00:00"},"geometry":{"type":"Point","coordinates":[127.888424873,37.658010985]}},{"type":"Feature","id":"1d666b51ac739685987bce8f49f455526de2f1ad0300a8ee6fa5676d0d77840e-1","properties":{"facility_id":"1d666b51ac739685987bce8f49f455526de2f1ad0300a8ee6fa5676d0d77840e","point_ordinal":1,"zone_group_id":"517201000732","source_manage_no":"517201000732","facility_name":"홍천어린이집","sgg_code":"51720","facility_type_code":"1","api_first_registered_on":"2010-01-13","api_last_modified_on":null,"updated_at":"2026-07-25T01:27:52.347112+00:00"},"geometry":{"type":"Point","coordinates":[127.878495284,37.690746727]}},{"type":"Feature","id":"eaf1294c308a6de59383d8ffd883a4e6886f602900ce42ce28fff2fc81fe173d-1","properties":{"facility_id":"eaf1294c308a6de59383d8ffd883a4e6886f602900ce42ce28fff2fc81fe173d","point_ordinal":1,"zone_group_id":"517201000731","source_manage_no":"517201000731","facility_name":"홍천유치원","sgg_code":"51720","facility_type_code":"1","api_first_registered_on":"2010-01-13","api_last_modified_on":null,"updated_at":"2026-07-25T01:27:52.347112+00:00"},"geometry":{"type":"Point","coordinates":[127.886951506,37.691936081]}},{"type":"Feature","id":"997e04d0e217cb9f37f331803a8f3d80e577d8811737cce5575574fe9314c45e-1","properties":{"facility_id":"997e04d0e217cb9f37f331803a8f3d80e577d8811737cce5575574fe9314c45e","point_ordinal":1,"zone_group_id":"517201000730","source_manage_no":"517201000730","facility_name":"홍천초등학교","sgg_code":"51720","facility_type_code":"1","api_first_registered_on":"1996-01-04","api_last_modified_on":null,"updated_at":"2026-07-25T01:27:52.347112+00:00"},"geometry":{"type":"Point","coordinates":[127.884992173,37.692501321]}},{"type":"Feature","id":"4e637b0bce4d239f21e155309a98ba41be1cdb825c40c3837f55c7111b085c87-1","properties":{"facility_id":"4e637b0bce4d239f21e155309a98ba41be1cdb825c40c3837f55c7111b085c87","point_ordinal":1,"zone_group_id":"517201000734","source_manage_no":"517201000734","facility_name":"홍천초등학교 병설유치원","sgg_code":"51720","facility_type_code":"1","api_first_registered_on":null,"api_last_modified_on":null,"updated_at":"2026-07-25T01:27:52.347112+00:00"},"geometry":{"type":"Point","coordinates":[127.884992173,37.692501321]}},{"type":"Feature","id":"67401b84bf2c943f7b8f712adf0b4b25a3b97753d8837b87065e6225ae1af041-1","properties":{"facility_id":"67401b84bf2c943f7b8f712adf0b4b25a3b97753d8837b87065e6225ae1af041","point_ordinal":1,"zone_group_id":"517201000706","source_manage_no":"517201000706","facility_name":"화계초등학교","sgg_code":"51720","facility_type_code":"1","api_first_registered_on":"1998-01-04","api_last_modified_on":null,"updated_at":"2026-07-25T01:27:52.347112+00:00"},"geometry":{"type":"Point","coordinates":[127.848391051,37.709785501]}},{"type":"Feature","id":"f40382d5b68c40a272cde6e237c014ee0d0a0430b0c20244f22e3a779f4a22ef-1","properties":{"facility_id":"f40382d5b68c40a272cde6e237c014ee0d0a0430b0c20244f22e3a779f4a22ef","point_ordinal":1,"zone_group_id":"517201026983","source_manage_no":"517201026983","facility_name":"화계초등학교 대룡분교장","sgg_code":"51720","facility_type_code":"1","api_first_registered_on":null,"api_last_modified_on":"2025-03-05","updated_at":"2026-07-25T01:27:52.347112+00:00"},"geometry":{"type":"Point","coordinates":[127.865514548,37.794127287]}},{"type":"Feature","id":"253f9ad685e9c304a0592487dd0f0a9ee2d94fbf56d9fd56456d6a6fec5f6b0f-1","properties":{"facility_id":"253f9ad685e9c304a0592487dd0f0a9ee2d94fbf56d9fd56456d6a6fec5f6b0f","point_ordinal":1,"zone_group_id":"517201000707","source_manage_no":"517201000707","facility_name":"화계초등학교 병설유치원","sgg_code":"51720","facility_type_code":"1","api_first_registered_on":"1998-01-04","api_last_modified_on":null,"updated_at":"2026-07-25T01:27:52.347112+00:00"},"geometry":{"type":"Point","coordinates":[127.848391051,37.709785501]}},{"type":"Feature","id":"df62b5ca3a50cbfe2d6dcfe75a0dd71bb1fa665a893b28ca0fa1559ccc5db810-1","properties":{"facility_id":"df62b5ca3a50cbfe2d6dcfe75a0dd71bb1fa665a893b28ca0fa1559ccc5db810","point_ordinal":1,"zone_group_id":"517202025900","source_manage_no":"517202025900","facility_name":"화동리 경로당","sgg_code":"51720","facility_type_code":"2","api_first_registered_on":"2022-09-08","api_last_modified_on":"2025-03-28","updated_at":"2026-07-25T01:27:52.347112+00:00"},"geometry":{"type":"Point","coordinates":[127.861003021,37.709768497]}},{"type":"Feature","id":"e157bdb44e2ca5390c8e823dd2448f67d21b01500f43bf40d388016b85f6bdb4-1","properties":{"facility_id":"e157bdb44e2ca5390c8e823dd2448f67d21b01500f43bf40d388016b85f6bdb4","point_ordinal":1,"zone_group_id":"517201026979","source_manage_no":"517201026979","facility_name":"화랑리버빌어린이집","sgg_code":"51720","facility_type_code":"1","api_first_registered_on":"2023-12-21","api_last_modified_on":"2025-03-05","updated_at":"2026-07-25T01:27:52.347112+00:00"},"geometry":{"type":"Point","coordinates":[127.874324526,37.686327495]}},{"type":"Feature","id":"73c69d5c33eda5e5ae872a0aa0752e7b717563831a787a88e8d74f3fa22047a3-1","properties":{"facility_id":"73c69d5c33eda5e5ae872a0aa0752e7b717563831a787a88e8d74f3fa22047a3","point_ordinal":1,"zone_group_id":"517202025774","source_manage_no":"517202025774","facility_name":"화전3리 경로당","sgg_code":"51720","facility_type_code":"2","api_first_registered_on":"2019-09-20","api_last_modified_on":"2025-03-28","updated_at":"2026-07-25T01:27:52.347112+00:00"},"geometry":{"type":"Point","coordinates":[127.738582711,37.598823701]}},{"type":"Feature","id":"a1eefe47f5ea546cc76f24284b2f31d9b06c87bc4b78f34b51fa5c4d8b1e8327-1","properties":{"facility_id":"a1eefe47f5ea546cc76f24284b2f31d9b06c87bc4b78f34b51fa5c4d8b1e8327","point_ordinal":1,"zone_group_id":"517201000741","source_manage_no":"517201000741","facility_name":"화촌초등학교","sgg_code":"51720","facility_type_code":"1","api_first_registered_on":"2001-01-04","api_last_modified_on":null,"updated_at":"2026-07-25T01:27:52.347112+00:00"},"geometry":{"type":"Point","coordinates":[127.966519007,37.772337709]}},{"type":"Feature","id":"b06f1edf6bdcb76ffda61ae39c634c1786d328d1421740e874ae622944389fc1-1","properties":{"facility_id":"b06f1edf6bdcb76ffda61ae39c634c1786d328d1421740e874ae622944389fc1","point_ordinal":1,"zone_group_id":"517201000742","source_manage_no":"517201000742","facility_name":"화촌초등학교 병설유치원","sgg_code":"51720","facility_type_code":"1","api_first_registered_on":"2001-01-04","api_last_modified_on":null,"updated_at":"2026-07-25T01:27:52.347112+00:00"},"geometry":{"type":"Point","coordinates":[127.966911741,37.771993439]}},{"type":"Feature","id":"be26399070ce8ef98fd8d542fb0634e97295fba5a9f0aef5169fadd995cabe73-1","properties":{"facility_id":"be26399070ce8ef98fd8d542fb0634e97295fba5a9f0aef5169fadd995cabe73","point_ordinal":1,"zone_group_id":"517202025889","source_manage_no":"517202025889","facility_name":"후동리 경로당","sgg_code":"51720","facility_type_code":"2","api_first_registered_on":"2022-09-08","api_last_modified_on":"2025-03-28","updated_at":"2026-07-25T01:27:52.347112+00:00"},"geometry":{"type":"Point","coordinates":[127.935115038,37.651342149]}},{"type":"Feature","id":"c9751a2103882772ff2bfeb418b9d9ebbec3155f7710c181aa6c8dc38f0e1453-1","properties":{"facility_id":"c9751a2103882772ff2bfeb418b9d9ebbec3155f7710c181aa6c8dc38f0e1453","point_ordinal":1,"zone_group_id":"517202025857","source_manage_no":"517202025857","facility_name":"희망8리 경로당","sgg_code":"51720","facility_type_code":"2","api_first_registered_on":"2022-09-08","api_last_modified_on":"2025-03-27","updated_at":"2026-07-25T01:27:52.347112+00:00"},"geometry":{"type":"Point","coordinates":[127.882648677,37.687601218]}},{"type":"Feature","id":"6ac8a93ae59dbf7e2246940f53a549ba4d88210517e83a85a5a9561e1282755c-1","properties":{"facility_id":"6ac8a93ae59dbf7e2246940f53a549ba4d88210517e83a85a5a9561e1282755c","point_ordinal":1,"zone_group_id":"517201000735","source_manage_no":"517201000735","facility_name":"희망어린이집","sgg_code":"51720","facility_type_code":"1","api_first_registered_on":"2010-01-13","api_last_modified_on":null,"updated_at":"2026-07-25T01:27:52.347112+00:00"},"geometry":{"type":"Point","coordinates":[127.883938856,37.697200692]}},{"type":"Feature","id":"7b9583f3a828cb1d27092de1efc35c95153d0b30c0ee7bd41bbe653e90f693d4-1","properties":{"facility_id":"7b9583f3a828cb1d27092de1efc35c95153d0b30c0ee7bd41bbe653e90f693d4","point_ordinal":1,"zone_group_id":"517301000773","source_manage_no":"517301000773","facility_name":"갑천초등학교","sgg_code":"51730","facility_type_code":"1","api_first_registered_on":"1996-05-16","api_last_modified_on":"2026-06-19","updated_at":"2026-07-25T01:27:52.347112+00:00"},"geometry":{"type":"Point","coordinates":[128.107741362,37.557967418]}},{"type":"Feature","id":"8d75eafc22cd8c8b5348d7736de5f6c7697ccd929cca72f36665bdc3047a7c28-1","properties":{"facility_id":"8d75eafc22cd8c8b5348d7736de5f6c7697ccd929cca72f36665bdc3047a7c28","point_ordinal":1,"zone_group_id":"517301000774","source_manage_no":"517301000774","facility_name":"갑천초등학교 병설유치원","sgg_code":"51730","facility_type_code":"1","api_first_registered_on":null,"api_last_modified_on":null,"updated_at":"2026-07-25T01:27:52.347112+00:00"},"geometry":{"type":"Point","coordinates":[128.107627806,37.557941455]}},{"type":"Feature","id":"4cae98f5dfa1faf3a2f458d282d383092d8d07a56b9d72ea59df155da15427be-1","properties":{"facility_id":"4cae98f5dfa1faf3a2f458d282d383092d8d07a56b9d72ea59df155da15427be","point_ordinal":1,"zone_group_id":"517301000775","source_manage_no":"517301000775","facility_name":"강림초등학교","sgg_code":"51730","facility_type_code":"1","api_first_registered_on":"2010-08-10","api_last_modified_on":null,"updated_at":"2026-07-25T01:27:52.347112+00:00"},"geometry":{"type":"Point","coordinates":[128.120071185,37.358465063]}},{"type":"Feature","id":"d21a4f07fed2cc124c98b389fb538abc62c45b068123949ec769678736a32351-1","properties":{"facility_id":"d21a4f07fed2cc124c98b389fb538abc62c45b068123949ec769678736a32351","point_ordinal":1,"zone_group_id":"517301000776","source_manage_no":"517301000776","facility_name":"공근초등학교","sgg_code":"51730","facility_type_code":"1","api_first_registered_on":"2010-08-10","api_last_modified_on":null,"updated_at":"2026-07-25T01:27:52.347112+00:00"},"geometry":{"type":"Point","coordinates":[127.960226835,37.533433766]}},{"type":"Feature","id":"14cb63c7e86e59b03c9aa98627fb5dbe8b50173f17e4c3edff10d93fcf05ff67-1","properties":{"facility_id":"14cb63c7e86e59b03c9aa98627fb5dbe8b50173f17e4c3edff10d93fcf05ff67","point_ordinal":1,"zone_group_id":"517301000776","source_manage_no":"517301000777","facility_name":"공근초등학교 병설유치원","sgg_code":"51730","facility_type_code":"1","api_first_registered_on":"2010-08-10","api_last_modified_on":null,"updated_at":"2026-07-25T01:27:52.347112+00:00"},"geometry":{"type":"Point","coordinates":[127.961011618,37.533712651]}},{"type":"Feature","id":"be5cb77d0427aea4c544be778bd1698cd55f31a1ae979d17da87615b3fafde86-1","properties":{"facility_id":"be5cb77d0427aea4c544be778bd1698cd55f31a1ae979d17da87615b3fafde86","point_ordinal":1,"zone_group_id":"517302028323","source_manage_no":"517302028323","facility_name":"대산경로당","sgg_code":"51730","facility_type_code":"2","api_first_registered_on":"2023-12-01","api_last_modified_on":null,"updated_at":"2026-07-25T01:27:52.347112+00:00"},"geometry":{"type":"Point","coordinates":[127.85753643,37.422000158]}},{"type":"Feature","id":"8b75f21f577db2c4194fc53af07fc57fd09342d8fcab46efcc819343ecc0c5c4-1","properties":{"facility_id":"8b75f21f577db2c4194fc53af07fc57fd09342d8fcab46efcc819343ecc0c5c4","point_ordinal":1,"zone_group_id":"517301000780","source_manage_no":"517301000780","facility_name":"둔내초등학교","sgg_code":"51730","facility_type_code":"1","api_first_registered_on":"1995-11-10","api_last_modified_on":"2025-08-22","updated_at":"2026-07-25T01:27:52.347112+00:00"},"geometry":{"type":"Point","coordinates":[128.217092161,37.513331787]}},{"type":"Feature","id":"8618d4603e6614060dd6595d92e1421ee2d72dc020cbf5c674cc0e74a3f80387-1","properties":{"facility_id":"8618d4603e6614060dd6595d92e1421ee2d72dc020cbf5c674cc0e74a3f80387","point_ordinal":1,"zone_group_id":"517301000780","source_manage_no":"517301000781","facility_name":"둔내초등학교 병설유치원","sgg_code":"51730","facility_type_code":"1","api_first_registered_on":"1995-11-10","api_last_modified_on":null,"updated_at":"2026-07-25T01:27:52.347112+00:00"},"geometry":{"type":"Point","coordinates":[128.216894744,37.513278053]}},{"type":"Feature","id":"80e08fc13e98a202956d4acbdb9c7fb4198ee99d62963c187bc61b6d3ef755af-1","properties":{"facility_id":"80e08fc13e98a202956d4acbdb9c7fb4198ee99d62963c187bc61b6d3ef755af","point_ordinal":1,"zone_group_id":"517302028328","source_manage_no":"517302028328","facility_name":"삼배경로당","sgg_code":"51730","facility_type_code":"2","api_first_registered_on":"2023-12-01","api_last_modified_on":"2025-08-22","updated_at":"2026-07-25T01:27:52.347112+00:00"},"geometry":{"type":"Point","coordinates":[127.983172111,37.565102557]}},{"type":"Feature","id":"04f8e811806df21bb711857c42e0067d0707b5d83c3c70f0662a07498b3e38b4-1","properties":{"facility_id":"04f8e811806df21bb711857c42e0067d0707b5d83c3c70f0662a07498b3e38b4","point_ordinal":1,"zone_group_id":"517301000783","source_manage_no":"517301000783","facility_name":"서원초등학교","sgg_code":"51730","facility_type_code":"1","api_first_registered_on":"2009-05-28","api_last_modified_on":null,"updated_at":"2026-07-25T01:27:52.347112+00:00"},"geometry":{"type":"Point","coordinates":[127.851697807,37.487082722]}},{"type":"Feature","id":"b957d45f9958dd7785eb58581ac3a1e66d0fb7be359dda2086cf461f2f07eb5b-1","properties":{"facility_id":"b957d45f9958dd7785eb58581ac3a1e66d0fb7be359dda2086cf461f2f07eb5b","point_ordinal":1,"zone_group_id":"517301000783","source_manage_no":"517301000784","facility_name":"서원초등학교 병설유치원","sgg_code":"51730","facility_type_code":"1","api_first_registered_on":"2009-05-28","api_last_modified_on":null,"updated_at":"2026-07-25T01:27:52.347112+00:00"},"geometry":{"type":"Point","coordinates":[127.851478499,37.487210868]}},{"type":"Feature","id":"311e77cb0f60ca287ab85a371b743f4fbf5fa8304e74b7bca9912c6b6a2fab7c-1","properties":{"facility_id":"311e77cb0f60ca287ab85a371b743f4fbf5fa8304e74b7bca9912c6b6a2fab7c","point_ordinal":1,"zone_group_id":"517302028322","source_manage_no":"517302028322","facility_name":"석화2리 경로당","sgg_code":"51730","facility_type_code":"2","api_first_registered_on":"2023-12-01","api_last_modified_on":null,"updated_at":"2026-07-25T01:27:52.347112+00:00"},"geometry":{"type":"Point","coordinates":[127.83718342,37.474947323]}},{"type":"Feature","id":"a8fed7ea8e83ea067aaace2a0cb3234e5d6201449262cef371678418124a04ee-1","properties":{"facility_id":"a8fed7ea8e83ea067aaace2a0cb3234e5d6201449262cef371678418124a04ee","point_ordinal":1,"zone_group_id":"517301000796","source_manage_no":"517301000796","facility_name":"성남초등학교","sgg_code":"51730","facility_type_code":"1","api_first_registered_on":"2010-08-10","api_last_modified_on":null,"updated_at":"2026-07-25T01:27:52.347112+00:00"},"geometry":{"type":"Point","coordinates":[127.973732026,37.464768448]}},{"type":"Feature","id":"41424f02a6d6e86ea6b0f535650a20b22f399e04092269bab6327b94663a3b71-1","properties":{"facility_id":"41424f02a6d6e86ea6b0f535650a20b22f399e04092269bab6327b94663a3b71","point_ordinal":1,"zone_group_id":"517301000797","source_manage_no":"517301000797","facility_name":"성남초등학교 병설유치원","sgg_code":"51730","facility_type_code":"1","api_first_registered_on":"2010-08-10","api_last_modified_on":null,"updated_at":"2026-07-25T01:27:52.347112+00:00"},"geometry":{"type":"Point","coordinates":[127.973732026,37.464768448]}},{"type":"Feature","id":"a1c255dcc75635f332bd9be5f0eb50f2e625ac0e2818206a55b2e6706bd4a536-1","properties":{"facility_id":"a1c255dcc75635f332bd9be5f0eb50f2e625ac0e2818206a55b2e6706bd4a536","point_ordinal":1,"zone_group_id":"517301000798","source_manage_no":"517301000798","facility_name":"성모유치원","sgg_code":"51730","facility_type_code":"1","api_first_registered_on":"2011-01-21","api_last_modified_on":null,"updated_at":"2026-07-25T01:27:52.347112+00:00"},"geometry":{"type":"Point","coordinates":[127.986914834,37.49228751]}},{"type":"Feature","id":"3b15f30fda41a233a5a38aab629ede332b47ecaed980a8f7e8e039c6e71ea4db-1","properties":{"facility_id":"3b15f30fda41a233a5a38aab629ede332b47ecaed980a8f7e8e039c6e71ea4db","point_ordinal":1,"zone_group_id":"517301000799","source_manage_no":"517301000799","facility_name":"성북초등학교","sgg_code":"51730","facility_type_code":"1","api_first_registered_on":"2002-07-15","api_last_modified_on":null,"updated_at":"2026-07-25T01:27:52.347112+00:00"},"geometry":{"type":"Point","coordinates":[127.991220932,37.489971217]}},{"type":"Feature","id":"513e0377803ec443b80c0a1da86e502e381df8b752deaf6772ee5d6874f97b73-1","properties":{"facility_id":"513e0377803ec443b80c0a1da86e502e381df8b752deaf6772ee5d6874f97b73","point_ordinal":1,"zone_group_id":"517301000778","source_manage_no":"517301000778","facility_name":"수백초등학교","sgg_code":"51730","facility_type_code":"1","api_first_registered_on":"2010-08-10","api_last_modified_on":null,"updated_at":"2026-07-25T01:27:52.347112+00:00"},"geometry":{"type":"Point","coordinates":[128.007446311,37.5340297]}},{"type":"Feature","id":"fb7e90c35478d660a14f8d990969c7908d8f2c9fd7ccfbaeb806e5bc2428cf33-1","properties":{"facility_id":"fb7e90c35478d660a14f8d990969c7908d8f2c9fd7ccfbaeb806e5bc2428cf33","point_ordinal":1,"zone_group_id":"517301000778","source_manage_no":"517301000779","facility_name":"수백초등학교 병설유치원","sgg_code":"51730","facility_type_code":"1","api_first_registered_on":"2010-08-10","api_last_modified_on":null,"updated_at":"2026-07-25T01:27:52.347112+00:00"},"geometry":{"type":"Point","coordinates":[128.007573822,37.533895607]}},{"type":"Feature","id":"89a31095cd9ec3339f80c90568b2249a89df19d6e8da805249f8e0b9e36a005e-1","properties":{"facility_id":"89a31095cd9ec3339f80c90568b2249a89df19d6e8da805249f8e0b9e36a005e","point_ordinal":1,"zone_group_id":"517301000786","source_manage_no":"517301000786","facility_name":"안흥초등학교","sgg_code":"51730","facility_type_code":"1","api_first_registered_on":"2009-05-28","api_last_modified_on":null,"updated_at":"2026-07-25T01:27:52.347112+00:00"},"geometry":{"type":"Point","coordinates":[128.164692311,37.420222793]}},{"type":"Feature","id":"2c2dc88cb099a89bb7560d8cf91b284d523daadc76001c0e7b7f01e66eef5fbd-1","properties":{"facility_id":"2c2dc88cb099a89bb7560d8cf91b284d523daadc76001c0e7b7f01e66eef5fbd","point_ordinal":1,"zone_group_id":"517301000787","source_manage_no":"517301000787","facility_name":"안흥초등학교덕천분교장","sgg_code":"51730","facility_type_code":"1","api_first_registered_on":"2011-01-21","api_last_modified_on":null,"updated_at":"2026-07-25T01:27:52.347112+00:00"},"geometry":{"type":"Point","coordinates":[128.154238239,37.464321562]}},{"type":"Feature","id":"569e76327135ce649c4dee2a863424480832b74ce4a803ce5ab507a5c4736694-1","properties":{"facility_id":"569e76327135ce649c4dee2a863424480832b74ce4a803ce5ab507a5c4736694","point_ordinal":1,"zone_group_id":"517301000789","source_manage_no":"517301000789","facility_name":"우천어린이집","sgg_code":"51730","facility_type_code":"1","api_first_registered_on":"2011-01-21","api_last_modified_on":null,"updated_at":"2026-07-25T01:27:52.347112+00:00"},"geometry":{"type":"Point","coordinates":[128.064525831,37.458943385]}},{"type":"Feature","id":"4a52cb44b5e5beffa34c30092628d08b1cb143b4fdc748ee8d58d202313dde84-1","properties":{"facility_id":"4a52cb44b5e5beffa34c30092628d08b1cb143b4fdc748ee8d58d202313dde84","point_ordinal":1,"zone_group_id":"517301000788","source_manage_no":"517301000788","facility_name":"우천초등학교","sgg_code":"51730","facility_type_code":"1","api_first_registered_on":"2002-07-15","api_last_modified_on":null,"updated_at":"2026-07-25T01:27:52.347112+00:00"},"geometry":{"type":"Point","coordinates":[128.062683545,37.460556595]}},{"type":"Feature","id":"14e0252e8cfec25bf8c495c0e2c049c15570a96084dd4038ff38cd88db4f2176-1","properties":{"facility_id":"14e0252e8cfec25bf8c495c0e2c049c15570a96084dd4038ff38cd88db4f2176","point_ordinal":1,"zone_group_id":"517301000785","source_manage_no":"517301000785","facility_name":"유현초등학교","sgg_code":"51730","facility_type_code":"1","api_first_registered_on":null,"api_last_modified_on":null,"updated_at":"2026-07-25T01:27:52.347112+00:00"},"geometry":{"type":"Point","coordinates":[127.875692626,37.52609797]}},{"type":"Feature","id":"4df5f2a02163048f03c7b43b3a659771118f382d3f25d39f1fd1e9d692bd7efc-1","properties":{"facility_id":"4df5f2a02163048f03c7b43b3a659771118f382d3f25d39f1fd1e9d692bd7efc","point_ordinal":1,"zone_group_id":"517301000790","source_manage_no":"517301000790","facility_name":"정금초등학교","sgg_code":"51730","facility_type_code":"1","api_first_registered_on":"2009-05-28","api_last_modified_on":null,"updated_at":"2026-07-25T01:27:52.347112+00:00"},"geometry":{"type":"Point","coordinates":[128.104030996,37.50505975]}},{"type":"Feature","id":"45399d52fe0b738c6febc6b32333a77c71e1ce19aaaecdddf0c5671064b63c41-1","properties":{"facility_id":"45399d52fe0b738c6febc6b32333a77c71e1ce19aaaecdddf0c5671064b63c41","point_ordinal":1,"zone_group_id":"517301000791","source_manage_no":"517301000791","facility_name":"정금초등학교 병설유치원","sgg_code":"51730","facility_type_code":"1","api_first_registered_on":"2009-05-28","api_last_modified_on":null,"updated_at":"2026-07-25T01:27:52.347112+00:00"},"geometry":{"type":"Point","coordinates":[128.104030996,37.50505975]}},{"type":"Feature","id":"b112fb22d03524f9e43836185fe5c9faca3d0f2d4f172199c373cf37defaeab1-1","properties":{"facility_id":"b112fb22d03524f9e43836185fe5c9faca3d0f2d4f172199c373cf37defaeab1","point_ordinal":1,"zone_group_id":"517301028321","source_manage_no":"517301028321","facility_name":"진성어린이집","sgg_code":"51730","facility_type_code":"1","api_first_registered_on":"2023-06-02","api_last_modified_on":null,"updated_at":"2026-07-25T01:27:52.347112+00:00"},"geometry":{"type":"Point","coordinates":[128.003593962,37.492820673]}},{"type":"Feature","id":"aac47dae73ad99d14138c6de7b7aae084180db968f9103d55aa8e949aed27c3e-1","properties":{"facility_id":"aac47dae73ad99d14138c6de7b7aae084180db968f9103d55aa8e949aed27c3e","point_ordinal":1,"zone_group_id":"517301000800","source_manage_no":"517301000800","facility_name":"창림초등학교","sgg_code":"51730","facility_type_code":"1","api_first_registered_on":"1996-05-16","api_last_modified_on":null,"updated_at":"2026-07-25T01:27:52.347112+00:00"},"geometry":{"type":"Point","coordinates":[128.036650236,37.494839219]}},{"type":"Feature","id":"ef377bbff9e7c03ef6414a23185a88ef458c8414624e2de98db58f254abb30be-1","properties":{"facility_id":"ef377bbff9e7c03ef6414a23185a88ef458c8414624e2de98db58f254abb30be","point_ordinal":1,"zone_group_id":"517301000801","source_manage_no":"517301000801","facility_name":"창림초등학교 병설유치원","sgg_code":"51730","facility_type_code":"1","api_first_registered_on":"1996-05-16","api_last_modified_on":null,"updated_at":"2026-07-25T01:27:52.347112+00:00"},"geometry":{"type":"Point","coordinates":[128.036650236,37.494839219]}},{"type":"Feature","id":"9996edb91935c34ae1a3fa09ec1d4340b8a9caf1e5f9c3e6f046fe615e394e0d-1","properties":{"facility_id":"9996edb91935c34ae1a3fa09ec1d4340b8a9caf1e5f9c3e6f046fe615e394e0d","point_ordinal":1,"zone_group_id":"517301000792","source_manage_no":"517301000792","facility_name":"청일초등학교","sgg_code":"51730","facility_type_code":"1","api_first_registered_on":"1996-05-16","api_last_modified_on":null,"updated_at":"2026-07-25T01:27:52.347112+00:00"},"geometry":{"type":"Point","coordinates":[128.146611491,37.581728088]}},{"type":"Feature","id":"d3363c21c53aaa83b60a6c585672bb6ffc03c17b65e8d182731abeb8bb922a98-1","properties":{"facility_id":"d3363c21c53aaa83b60a6c585672bb6ffc03c17b65e8d182731abeb8bb922a98","point_ordinal":1,"zone_group_id":"517301000793","source_manage_no":"517301000793","facility_name":"청일초등학교 병설유치원","sgg_code":"51730","facility_type_code":"1","api_first_registered_on":"1996-05-16","api_last_modified_on":null,"updated_at":"2026-07-25T01:27:52.347112+00:00"},"geometry":{"type":"Point","coordinates":[128.146611491,37.581728088]}},{"type":"Feature","id":"9d3d3e9b41a31501cd9927673a4b267f8e4b79c5c567283809488141a762f7ca-1","properties":{"facility_id":"9d3d3e9b41a31501cd9927673a4b267f8e4b79c5c567283809488141a762f7ca","point_ordinal":1,"zone_group_id":"517301000794","source_manage_no":"517301000794","facility_name":"춘당초등학교","sgg_code":"51730","facility_type_code":"1","api_first_registered_on":"2010-08-10","api_last_modified_on":null,"updated_at":"2026-07-25T01:27:52.347112+00:00"},"geometry":{"type":"Point","coordinates":[128.145256974,37.63026614]}},{"type":"Feature","id":"b635c88f13b59ed59a36f214af69d076414ffe0c547e545a259883f43e550e73-1","properties":{"facility_id":"b635c88f13b59ed59a36f214af69d076414ffe0c547e545a259883f43e550e73","point_ordinal":1,"zone_group_id":"517301000794","source_manage_no":"517301000795","facility_name":"춘당초등학교 병설유치원","sgg_code":"51730","facility_type_code":"1","api_first_registered_on":null,"api_last_modified_on":null,"updated_at":"2026-07-25T01:27:52.347112+00:00"},"geometry":{"type":"Point","coordinates":[128.145472822,37.630446373]}},{"type":"Feature","id":"169fb5823df84852617a3f3f42118176cef7761f074cf9db0e8c6c1eb712c1d3-1","properties":{"facility_id":"169fb5823df84852617a3f3f42118176cef7761f074cf9db0e8c6c1eb712c1d3","point_ordinal":1,"zone_group_id":"517301000802","source_manage_no":"517301000802","facility_name":"큰빛어린이집","sgg_code":"51730","facility_type_code":"1","api_first_registered_on":"2007-01-02","api_last_modified_on":null,"updated_at":"2026-07-25T01:27:52.347112+00:00"},"geometry":{"type":"Point","coordinates":[127.983238647,37.494087295]}},{"type":"Feature","id":"3fa958c484dbfbf88f80ac9e936dca99317666b7dc449da43b9ba024753c8545-1","properties":{"facility_id":"3fa958c484dbfbf88f80ac9e936dca99317666b7dc449da43b9ba024753c8545","point_ordinal":1,"zone_group_id":"517301000803","source_manage_no":"517301000803","facility_name":"화성유치원","sgg_code":"51730","facility_type_code":"1","api_first_registered_on":"2011-01-21","api_last_modified_on":null,"updated_at":"2026-07-25T01:27:52.347112+00:00"},"geometry":{"type":"Point","coordinates":[127.989773864,37.491834025]}},{"type":"Feature","id":"85264617e5b199f5e1fb4f13e639ccb0280472dfe95735df134232887d948d46-1","properties":{"facility_id":"85264617e5b199f5e1fb4f13e639ccb0280472dfe95735df134232887d948d46","point_ordinal":1,"zone_group_id":"517302000782","source_manage_no":"517302000782","facility_name":"횡성노인복지센터","sgg_code":"51730","facility_type_code":"2","api_first_registered_on":"2011-12-30","api_last_modified_on":null,"updated_at":"2026-07-25T01:27:52.347112+00:00"},"geometry":{"type":"Point","coordinates":[128.220662198,37.511562458]}},{"type":"Feature","id":"4bce8a781aaf9b6266c9edcb253494410319477ff79fcddbd9701ee3f0f9307b-1","properties":{"facility_id":"4bce8a781aaf9b6266c9edcb253494410319477ff79fcddbd9701ee3f0f9307b","point_ordinal":1,"zone_group_id":"517302000805","source_manage_no":"517302000805","facility_name":"횡성실내게이트볼장","sgg_code":"51730","facility_type_code":"2","api_first_registered_on":"2016-11-10","api_last_modified_on":null,"updated_at":"2026-07-25T01:27:52.347112+00:00"},"geometry":{"type":"Point","coordinates":[127.991517598,37.495540382]}},{"type":"Feature","id":"5167ecc286339e73dd6d792152e1428566705ece8c508bc1a18c05fd1a0b57d4-1","properties":{"facility_id":"5167ecc286339e73dd6d792152e1428566705ece8c508bc1a18c05fd1a0b57d4","point_ordinal":1,"zone_group_id":"517301000806","source_manage_no":"517301000806","facility_name":"횡성어린이집","sgg_code":"51730","facility_type_code":"1","api_first_registered_on":null,"api_last_modified_on":"2025-04-17","updated_at":"2026-07-25T01:27:52.347112+00:00"},"geometry":{"type":"Point","coordinates":[127.990301573,37.492958535]}},{"type":"Feature","id":"0775807449722adbde387709fff0e146dcd3cfdbb4991ec5eb5f8c06d3aa2108-1","properties":{"facility_id":"0775807449722adbde387709fff0e146dcd3cfdbb4991ec5eb5f8c06d3aa2108","point_ordinal":1,"zone_group_id":"517301000804","source_manage_no":"517301000804","facility_name":"횡성초등학교","sgg_code":"51730","facility_type_code":"1","api_first_registered_on":"1995-11-10","api_last_modified_on":null,"updated_at":"2026-07-25T01:27:52.347112+00:00"},"geometry":{"type":"Point","coordinates":[127.979931247,37.487332749]}},{"type":"Feature","id":"14f8e472080a545467e12483a9c72b0b8ca7008d2d69c63d4e21a55063283fb6-1","properties":{"facility_id":"14f8e472080a545467e12483a9c72b0b8ca7008d2d69c63d4e21a55063283fb6","point_ordinal":1,"zone_group_id":"517301000804","source_manage_no":"517301000807","facility_name":"횡성초등학교 병설유치원","sgg_code":"51730","facility_type_code":"1","api_first_registered_on":"1995-11-10","api_last_modified_on":null,"updated_at":"2026-07-25T01:27:52.347112+00:00"},"geometry":{"type":"Point","coordinates":[127.980047149,37.487134429]}},{"type":"Feature","id":"bc106371d80b062ce148f4513aaf7c702b1855e2684edcc4351028393fdd6113-1","properties":{"facility_id":"bc106371d80b062ce148f4513aaf7c702b1855e2684edcc4351028393fdd6113","point_ordinal":1,"zone_group_id":"517501000249","source_manage_no":"517501000249","facility_name":"구래초등학교","sgg_code":"51750","facility_type_code":"1","api_first_registered_on":"2007-07-27","api_last_modified_on":null,"updated_at":"2026-07-25T01:27:52.347112+00:00"},"geometry":{"type":"Point","coordinates":[128.839319571,37.142302167]}},{"type":"Feature","id":"e4a5c048000e89247d86fcf64af1b9bb3583c8120af2b2c38824baef7e7811f5-1","properties":{"facility_id":"e4a5c048000e89247d86fcf64af1b9bb3583c8120af2b2c38824baef7e7811f5","point_ordinal":1,"zone_group_id":"517501000249","source_manage_no":"517501000250","facility_name":"구래초등학교 병설유치원","sgg_code":"51750","facility_type_code":"1","api_first_registered_on":"2007-07-27","api_last_modified_on":null,"updated_at":"2026-07-25T01:27:52.347112+00:00"},"geometry":{"type":"Point","coordinates":[128.839206006,37.142149465]}},{"type":"Feature","id":"27190030696ca50fcf92416de87ea572fd1e720736da19635c6e719a427c597c-1","properties":{"facility_id":"27190030696ca50fcf92416de87ea572fd1e720736da19635c6e719a427c597c","point_ordinal":1,"zone_group_id":"517501000253","source_manage_no":"517501000253","facility_name":"꿈나라어린이집","sgg_code":"51750","facility_type_code":"1","api_first_registered_on":"2010-08-20","api_last_modified_on":null,"updated_at":"2026-07-25T01:27:52.347112+00:00"},"geometry":{"type":"Point","coordinates":[128.475801573,37.186252654]}},{"type":"Feature","id":"10e3525669820e6b283f816ad6d2053ba3cb279f61192a3b3b7a99547216d19d-1","properties":{"facility_id":"10e3525669820e6b283f816ad6d2053ba3cb279f61192a3b3b7a99547216d19d","point_ordinal":1,"zone_group_id":"517501000254","source_manage_no":"517501000254","facility_name":"내성초등학교","sgg_code":"51750","facility_type_code":"1","api_first_registered_on":"2006-07-27","api_last_modified_on":null,"updated_at":"2026-07-25T01:27:52.347112+00:00"},"geometry":{"type":"Point","coordinates":[128.474927798,37.190392635]}},{"type":"Feature","id":"e0757961b2eb7252ec374108dbb5d8df4258824ac9e4cf5d0ea4ac3b3764d0fd-1","properties":{"facility_id":"e0757961b2eb7252ec374108dbb5d8df4258824ac9e4cf5d0ea4ac3b3764d0fd","point_ordinal":1,"zone_group_id":"517501000254","source_manage_no":"517501000255","facility_name":"내성초등학교 병설유치원","sgg_code":"51750","facility_type_code":"1","api_first_registered_on":"2006-07-27","api_last_modified_on":null,"updated_at":"2026-07-25T01:27:52.347112+00:00"},"geometry":{"type":"Point","coordinates":[128.47439615,37.190354205]}},{"type":"Feature","id":"cd3770c7e7d838edb584d5b4b82e13e738a834a94dc7cbc6506ad0043f7812a3-1","properties":{"facility_id":"cd3770c7e7d838edb584d5b4b82e13e738a834a94dc7cbc6506ad0043f7812a3","point_ordinal":1,"zone_group_id":"517502026226","source_manage_no":"517502026226","facility_name":"녹전경로당","sgg_code":"51750","facility_type_code":"2","api_first_registered_on":"2022-12-13","api_last_modified_on":null,"updated_at":"2026-07-25T01:27:52.347112+00:00"},"geometry":{"type":"Point","coordinates":[128.680015986,37.144358414]}},{"type":"Feature","id":"6e2c4fba43d6979cc35926db868f5057fa4196b45b3752df5aca017013601bfe-1","properties":{"facility_id":"6e2c4fba43d6979cc35926db868f5057fa4196b45b3752df5aca017013601bfe","point_ordinal":1,"zone_group_id":"517501000266","source_manage_no":"517501000266","facility_name":"녹전초등학교","sgg_code":"51750","facility_type_code":"1","api_first_registered_on":"2007-07-27","api_last_modified_on":null,"updated_at":"2026-07-25T01:27:52.347112+00:00"},"geometry":{"type":"Point","coordinates":[128.681685952,37.148050285]}},{"type":"Feature","id":"f614a8ded6796a430f9127224bf32b92ff3302025cc9b4aa115bcc91d8913414-1","properties":{"facility_id":"f614a8ded6796a430f9127224bf32b92ff3302025cc9b4aa115bcc91d8913414","point_ordinal":1,"zone_group_id":"517501000266","source_manage_no":"517501000267","facility_name":"녹전초등학교 병설유치원","sgg_code":"51750","facility_type_code":"1","api_first_registered_on":"2007-07-27","api_last_modified_on":null,"updated_at":"2026-07-25T01:27:52.347112+00:00"},"geometry":{"type":"Point","coordinates":[128.681290425,37.147858544]}},{"type":"Feature","id":"c2044513a65a05cff35ae88e0900af7c3c85734c49c29d116dd4b0eac119be98-1","properties":{"facility_id":"c2044513a65a05cff35ae88e0900af7c3c85734c49c29d116dd4b0eac119be98","point_ordinal":1,"zone_group_id":"517501026225","source_manage_no":"517501026225","facility_name":"늘푸른어린이집","sgg_code":"51750","facility_type_code":"1","api_first_registered_on":"2022-06-27","api_last_modified_on":"2026-05-12","updated_at":"2026-07-25T01:27:52.347112+00:00"},"geometry":{"type":"Point","coordinates":[128.615596116,37.197671999]}},{"type":"Feature","id":"2e1098fc7902fd4892ddcdd73d45648cf2d87ae65aaa3dc97f35766f7389f88e-1","properties":{"facility_id":"2e1098fc7902fd4892ddcdd73d45648cf2d87ae65aaa3dc97f35766f7389f88e","point_ordinal":1,"zone_group_id":"517501000247","source_manage_no":"517501000247","facility_name":"마차초등학교","sgg_code":"51750","facility_type_code":"1","api_first_registered_on":"2007-07-27","api_last_modified_on":null,"updated_at":"2026-07-25T01:27:52.347112+00:00"},"geometry":{"type":"Point","coordinates":[128.45352541,37.257379284]}},{"type":"Feature","id":"d13077975e355ccaf848b2ed442d7a716a41d1140f4efb289cfb1882dd05a77e-1","properties":{"facility_id":"d13077975e355ccaf848b2ed442d7a716a41d1140f4efb289cfb1882dd05a77e","point_ordinal":1,"zone_group_id":"517501000247","source_manage_no":"517501000248","facility_name":"마차초등학교 병설유치원","sgg_code":"51750","facility_type_code":"1","api_first_registered_on":null,"api_last_modified_on":null,"updated_at":"2026-07-25T01:27:52.347112+00:00"},"geometry":{"type":"Point","coordinates":[128.45395145,37.257483429]}},{"type":"Feature","id":"6b76dc136af73bbd24342f204f08756b42826302e60f2477572c55820fbf69df-1","properties":{"facility_id":"6b76dc136af73bbd24342f204f08756b42826302e60f2477572c55820fbf69df","point_ordinal":1,"zone_group_id":"517501000251","source_manage_no":"517501000251","facility_name":"무릉초등학교","sgg_code":"51750","facility_type_code":"1","api_first_registered_on":"2009-02-20","api_last_modified_on":null,"updated_at":"2026-07-25T01:27:52.347112+00:00"},"geometry":{"type":"Point","coordinates":[128.267732488,37.289783295]}},{"type":"Feature","id":"daa44fa54bfdcf96d80202aca56690acde0daa9bebd32a4b28f79a98956c6a5d-1","properties":{"facility_id":"daa44fa54bfdcf96d80202aca56690acde0daa9bebd32a4b28f79a98956c6a5d","point_ordinal":1,"zone_group_id":"517501000252","source_manage_no":"517501000252","facility_name":"무릉초등학교 병설유치원","sgg_code":"51750","facility_type_code":"1","api_first_registered_on":"2009-02-20","api_last_modified_on":null,"updated_at":"2026-07-25T01:27:52.347112+00:00"},"geometry":{"type":"Point","coordinates":[128.267653895,37.289580335]}},{"type":"Feature","id":"8521bb053933bbd7858914ad50d00f982a7a53995c00026fd0048f0b43761fe2-1","properties":{"facility_id":"8521bb053933bbd7858914ad50d00f982a7a53995c00026fd0048f0b43761fe2","point_ordinal":1,"zone_group_id":"517501000256","source_manage_no":"517501000256","facility_name":"봉래초등학교","sgg_code":"51750","facility_type_code":"1","api_first_registered_on":"2007-07-20","api_last_modified_on":null,"updated_at":"2026-07-25T01:27:52.347112+00:00"},"geometry":{"type":"Point","coordinates":[128.475644606,37.177248868]}},{"type":"Feature","id":"beff4d8876685fe5820d29985f87c536858a1e102016256e3e07932b710171f8-1","properties":{"facility_id":"beff4d8876685fe5820d29985f87c536858a1e102016256e3e07932b710171f8","point_ordinal":1,"zone_group_id":"517501000257","source_manage_no":"517501000257","facility_name":"봉래초등학교 병설유치원","sgg_code":"51750","facility_type_code":"1","api_first_registered_on":"2007-07-20","api_last_modified_on":null,"updated_at":"2026-07-25T01:27:52.347112+00:00"},"geometry":{"type":"Point","coordinates":[128.475428229,37.177150721]}},{"type":"Feature","id":"50b0c69d06c130e96521636dc5020c3d76fef66eb7d5bfbe5e720228e3658239-1","properties":{"facility_id":"50b0c69d06c130e96521636dc5020c3d76fef66eb7d5bfbe5e720228e3658239","point_ordinal":1,"zone_group_id":"517501000269","source_manage_no":"517501000269","facility_name":"신천초등학교","sgg_code":"51750","facility_type_code":"1","api_first_registered_on":"2006-07-20","api_last_modified_on":null,"updated_at":"2026-07-25T01:27:52.347112+00:00"},"geometry":{"type":"Point","coordinates":[128.328991074,37.236104681]}},{"type":"Feature","id":"057faf01b8a1c13f59736e11eb8279f96160f9a989c509d829b001862bfb1d0f-1","properties":{"facility_id":"057faf01b8a1c13f59736e11eb8279f96160f9a989c509d829b001862bfb1d0f","point_ordinal":1,"zone_group_id":"517501000269","source_manage_no":"517501000270","facility_name":"신천초등학교 병설유치원","sgg_code":"51750","facility_type_code":"1","api_first_registered_on":null,"api_last_modified_on":null,"updated_at":"2026-07-25T01:27:52.347112+00:00"},"geometry":{"type":"Point","coordinates":[128.328641407,37.236207285]}},{"type":"Feature","id":"a971a51578ac81e94e25c65117e17c90894d21f0f53a002d9c9c83862682cecd-1","properties":{"facility_id":"a971a51578ac81e94e25c65117e17c90894d21f0f53a002d9c9c83862682cecd","point_ordinal":1,"zone_group_id":"517501000271","source_manage_no":"517501000271","facility_name":"쌍룡초등학교","sgg_code":"51750","facility_type_code":"1","api_first_registered_on":"2007-07-27","api_last_modified_on":null,"updated_at":"2026-07-25T01:27:52.347112+00:00"},"geometry":{"type":"Point","coordinates":[128.319503158,37.177853619]}},{"type":"Feature","id":"d9a1fec6922fd31e70ce5598fbd2f171b908e5379f2ef425aaf56f19cc8869a5-1","properties":{"facility_id":"d9a1fec6922fd31e70ce5598fbd2f171b908e5379f2ef425aaf56f19cc8869a5","point_ordinal":1,"zone_group_id":"517501000271","source_manage_no":"517501000272","facility_name":"쌍룡초등학교 병설유치원","sgg_code":"51750","facility_type_code":"1","api_first_registered_on":"2007-07-27","api_last_modified_on":null,"updated_at":"2026-07-25T01:27:52.347112+00:00"},"geometry":{"type":"Point","coordinates":[128.319116153,37.17795233]}},{"type":"Feature","id":"99c825c406c322b03e8991df1a7dfebd483693bb54aef4662c57ea9aac624a82-1","properties":{"facility_id":"99c825c406c322b03e8991df1a7dfebd483693bb54aef4662c57ea9aac624a82","point_ordinal":1,"zone_group_id":"517501000245","source_manage_no":"517501000245","facility_name":"연당초등학교","sgg_code":"51750","facility_type_code":"1","api_first_registered_on":"2007-07-27","api_last_modified_on":null,"updated_at":"2026-07-25T01:27:52.347112+00:00"},"geometry":{"type":"Point","coordinates":[128.402154095,37.186351941]}},{"type":"Feature","id":"e871bede03840751d576836599589b207a7a4c9fb3aec5d3dc1ef589d6442357-1","properties":{"facility_id":"e871bede03840751d576836599589b207a7a4c9fb3aec5d3dc1ef589d6442357","point_ordinal":1,"zone_group_id":"517501000245","source_manage_no":"517501000246","facility_name":"연당초등학교 병설유치원","sgg_code":"51750","facility_type_code":"1","api_first_registered_on":"2007-07-27","api_last_modified_on":null,"updated_at":"2026-07-25T01:27:52.347112+00:00"},"geometry":{"type":"Point","coordinates":[128.40178763,37.186399165]}},{"type":"Feature","id":"55cd53dfc86b319933d016032c45692119de91ce33c4c099658df363f469fd86-1","properties":{"facility_id":"55cd53dfc86b319933d016032c45692119de91ce33c4c099658df363f469fd86","point_ordinal":1,"zone_group_id":"517501000260","source_manage_no":"517501000260","facility_name":"영월원광어린이집","sgg_code":"51750","facility_type_code":"1","api_first_registered_on":"2010-08-20","api_last_modified_on":null,"updated_at":"2026-07-25T01:27:52.347112+00:00"},"geometry":{"type":"Point","coordinates":[128.479677763,37.179733914]}},{"type":"Feature","id":"b8d049f5540e114dd5e51bcf2e49bdf9cb47bee5262e60248cec5a97a5269b52-1","properties":{"facility_id":"b8d049f5540e114dd5e51bcf2e49bdf9cb47bee5262e60248cec5a97a5269b52","point_ordinal":1,"zone_group_id":"517501022668","source_manage_no":"517501022668","facility_name":"영월초등학교","sgg_code":"51750","facility_type_code":"1","api_first_registered_on":"1998-05-20","api_last_modified_on":null,"updated_at":"2026-07-25T01:27:52.347112+00:00"},"geometry":{"type":"Point","coordinates":[128.468271843,37.182207943]}},{"type":"Feature","id":"a1989dd321bec7299b5f582c3e3c374ea9c8fa9e5ac302650518de2eb64ff312-1","properties":{"facility_id":"a1989dd321bec7299b5f582c3e3c374ea9c8fa9e5ac302650518de2eb64ff312","point_ordinal":1,"zone_group_id":"517501000243","source_manage_no":"517501000243","facility_name":"옥동초등학교","sgg_code":"51750","facility_type_code":"1","api_first_registered_on":"2004-11-30","api_last_modified_on":null,"updated_at":"2026-07-25T01:27:52.347112+00:00"},"geometry":{"type":"Point","coordinates":[128.569881854,37.129992464]}},{"type":"Feature","id":"674f15b744905f2c4f49540037cff24f356f0fd7516d445d1d28227f4a1948d9-1","properties":{"facility_id":"674f15b744905f2c4f49540037cff24f356f0fd7516d445d1d28227f4a1948d9","point_ordinal":1,"zone_group_id":"517501000243","source_manage_no":"517501000244","facility_name":"옥동초등학교 병설유치원","sgg_code":"51750","facility_type_code":"1","api_first_registered_on":"2004-11-30","api_last_modified_on":null,"updated_at":"2026-07-25T01:27:52.347112+00:00"},"geometry":{"type":"Point","coordinates":[128.570185588,37.130170796]}},{"type":"Feature","id":"82e21a1e30c610de6d74c75d1a34743edee54dcf79f5c97d103f93ac65aeb951-1","properties":{"facility_id":"82e21a1e30c610de6d74c75d1a34743edee54dcf79f5c97d103f93ac65aeb951","point_ordinal":1,"zone_group_id":"517502018888","source_manage_no":"517502018888","facility_name":"주천6리 경로당","sgg_code":"51750","facility_type_code":"2","api_first_registered_on":"2020-01-03","api_last_modified_on":null,"updated_at":"2026-07-25T01:27:52.347112+00:00"},"geometry":{"type":"Point","coordinates":[128.298495223,37.243554333]}},{"type":"Feature","id":"e1a32d0450bb9af1bb1b00855683ce678f5192b689a211e91ac4b596e17a353a-1","properties":{"facility_id":"e1a32d0450bb9af1bb1b00855683ce678f5192b689a211e91ac4b596e17a353a","point_ordinal":1,"zone_group_id":"517501000264","source_manage_no":"517501000264","facility_name":"주천초등학교","sgg_code":"51750","facility_type_code":"1","api_first_registered_on":"2009-02-20","api_last_modified_on":null,"updated_at":"2026-07-25T01:27:52.347112+00:00"},"geometry":{"type":"Point","coordinates":[128.268126663,37.272714752]}},{"type":"Feature","id":"e8190c4e4683609dabebe838de9b8a524802b66361de67e2ca809af896bc9a33-1","properties":{"facility_id":"e8190c4e4683609dabebe838de9b8a524802b66361de67e2ca809af896bc9a33","point_ordinal":1,"zone_group_id":"517501000264","source_manage_no":"517501000265","facility_name":"주천초등학교 병설유치원","sgg_code":"51750","facility_type_code":"1","api_first_registered_on":"2009-02-20","api_last_modified_on":null,"updated_at":"2026-07-25T01:27:52.347112+00:00"},"geometry":{"type":"Point","coordinates":[128.267679786,37.272798915]}},{"type":"Feature","id":"8f132d471523d8aa7d403c3cea2ab480373d15ee1b5031a703405c1e126e8459-1","properties":{"facility_id":"8f132d471523d8aa7d403c3cea2ab480373d15ee1b5031a703405c1e126e8459","point_ordinal":1,"zone_group_id":"517501000261","source_manage_no":"517501000262","facility_name":"청령초등학교 병설유치원","sgg_code":"51750","facility_type_code":"1","api_first_registered_on":"2009-02-20","api_last_modified_on":null,"updated_at":"2026-07-25T01:27:52.347112+00:00"},"geometry":{"type":"Point","coordinates":[128.441416726,37.180566769]}},{"type":"Feature","id":"3d34bca23ec60833841cab0bf64a6897e03f407122b03f2729525f37696a665c-1","properties":{"facility_id":"3d34bca23ec60833841cab0bf64a6897e03f407122b03f2729525f37696a665c","point_ordinal":1,"zone_group_id":"517501000261","source_manage_no":"517501000261","facility_name":"청령포초등학교","sgg_code":"51750","facility_type_code":"1","api_first_registered_on":"2011-01-15","api_last_modified_on":null,"updated_at":"2026-07-25T01:27:52.347112+00:00"},"geometry":{"type":"Point","coordinates":[128.44151675,37.18075219]}},{"type":"Feature","id":"80c705ab62fbd77222b0a9e12f0620fa3186a4280d1007e048866b3ab0d11f95-1","properties":{"facility_id":"80c705ab62fbd77222b0a9e12f0620fa3186a4280d1007e048866b3ab0d11f95","point_ordinal":1,"zone_group_id":"517601000670","source_manage_no":"517601000670","facility_name":"거문초등학교","sgg_code":"51760","facility_type_code":"1","api_first_registered_on":"2010-07-23","api_last_modified_on":null,"updated_at":"2026-07-25T01:27:52.347112+00:00"},"geometry":{"type":"Point","coordinates":[128.531951951,37.604697443]}},{"type":"Feature","id":"c88a58493f4fa4963e4b376ba642407f7ab7ec35660981eb8f2b2c7c970d4a1f-1","properties":{"facility_id":"c88a58493f4fa4963e4b376ba642407f7ab7ec35660981eb8f2b2c7c970d4a1f","point_ordinal":1,"zone_group_id":"517601000670","source_manage_no":"517601025163","facility_name":"거문초등학교 병설유치원","sgg_code":"51760","facility_type_code":"1","api_first_registered_on":"2010-07-23","api_last_modified_on":null,"updated_at":"2026-07-25T01:27:52.347112+00:00"},"geometry":{"type":"Point","coordinates":[128.532294205,37.604777431]}},{"type":"Feature","id":"c268638c559896a99813b0ebcb356f54313d2ae5ecafcb82cec804f97a7c5a17-1","properties":{"facility_id":"c268638c559896a99813b0ebcb356f54313d2ae5ecafcb82cec804f97a7c5a17","point_ordinal":1,"zone_group_id":"517601000656","source_manage_no":"517601000656","facility_name":"계촌초등학교","sgg_code":"51760","facility_type_code":"1","api_first_registered_on":"2009-07-08","api_last_modified_on":null,"updated_at":"2026-07-25T01:27:52.347112+00:00"},"geometry":{"type":"Point","coordinates":[128.303968932,37.45300006]}},{"type":"Feature","id":"f09a39d2c35a04e5d09c2f0d978c4b0657fc48c0ddd417bcacab3b32f8c0c4a4-1","properties":{"facility_id":"f09a39d2c35a04e5d09c2f0d978c4b0657fc48c0ddd417bcacab3b32f8c0c4a4","point_ordinal":1,"zone_group_id":"517601000656","source_manage_no":"517601025159","facility_name":"계촌초등학교 병설유치원","sgg_code":"51760","facility_type_code":"1","api_first_registered_on":"2009-07-08","api_last_modified_on":null,"updated_at":"2026-07-25T01:27:52.347112+00:00"},"geometry":{"type":"Point","coordinates":[128.304200416,37.452876859]}},{"type":"Feature","id":"72c5908d26373ee16a546edd7c4f603d0e8cd40608026e51e0982b6ae686238f-1","properties":{"facility_id":"72c5908d26373ee16a546edd7c4f603d0e8cd40608026e51e0982b6ae686238f","point_ordinal":1,"zone_group_id":"517601000643","source_manage_no":"517601000643","facility_name":"대관령초등학교","sgg_code":"51760","facility_type_code":"1","api_first_registered_on":"2009-07-08","api_last_modified_on":null,"updated_at":"2026-07-25T01:27:52.347112+00:00"},"geometry":{"type":"Point","coordinates":[128.693053835,37.688758516]}},{"type":"Feature","id":"bb64de1d00a209aaa72b35517a9ba92b59fca80663481a790ce785f8e8b9e532-1","properties":{"facility_id":"bb64de1d00a209aaa72b35517a9ba92b59fca80663481a790ce785f8e8b9e532","point_ordinal":1,"zone_group_id":"517601000648","source_manage_no":"517601000648","facility_name":"대화초등학교","sgg_code":"51760","facility_type_code":"1","api_first_registered_on":"1996-10-30","api_last_modified_on":null,"updated_at":"2026-07-25T01:27:52.347112+00:00"},"geometry":{"type":"Point","coordinates":[128.456810246,37.497780675]}},{"type":"Feature","id":"9e715603822e61150ed53e67fbc705db978bea06c3eae0c72201022f9cce2a2f-1","properties":{"facility_id":"9e715603822e61150ed53e67fbc705db978bea06c3eae0c72201022f9cce2a2f","point_ordinal":1,"zone_group_id":"517601000645","source_manage_no":"517601000645","facility_name":"도성초등학교","sgg_code":"51760","facility_type_code":"1","api_first_registered_on":"2009-07-08","api_last_modified_on":null,"updated_at":"2026-07-25T01:27:52.347112+00:00"},"geometry":{"type":"Point","coordinates":[128.599598546,37.671078054]}},{"type":"Feature","id":"521313218f1e53a9af206591bc423ca20fb971ac0cdd3c18753282ee83dbf345-1","properties":{"facility_id":"521313218f1e53a9af206591bc423ca20fb971ac0cdd3c18753282ee83dbf345","point_ordinal":1,"zone_group_id":"517601000645","source_manage_no":"517601025164","facility_name":"도성초등학교 병설유치원","sgg_code":"51760","facility_type_code":"1","api_first_registered_on":"2009-07-08","api_last_modified_on":null,"updated_at":"2026-07-25T01:27:52.347112+00:00"},"geometry":{"type":"Point","coordinates":[128.60003802,37.671067827]}},{"type":"Feature","id":"a0a111221f344f633e752b6029fc2dc9f539db199dbca7901baab4e34bbd031e-1","properties":{"facility_id":"a0a111221f344f633e752b6029fc2dc9f539db199dbca7901baab4e34bbd031e","point_ordinal":1,"zone_group_id":"517601000664","source_manage_no":"517601000664","facility_name":"메밀꽃유치원","sgg_code":"51760","facility_type_code":"1","api_first_registered_on":"2011-04-03","api_last_modified_on":null,"updated_at":"2026-07-25T01:27:52.347112+00:00"},"geometry":{"type":"Point","coordinates":[128.421475957,37.576903942]}},{"type":"Feature","id":"5743edaae2684bbe0c7de7c2f6e617a2d0e546f11f2f2515421992733e2aea80-1","properties":{"facility_id":"5743edaae2684bbe0c7de7c2f6e617a2d0e546f11f2f2515421992733e2aea80","point_ordinal":1,"zone_group_id":"517601021722","source_manage_no":"517601021722","facility_name":"면온초등학교","sgg_code":"51760","facility_type_code":"1","api_first_registered_on":"2007-04-11","api_last_modified_on":null,"updated_at":"2026-07-25T01:27:52.347112+00:00"},"geometry":{"type":"Point","coordinates":[128.349886209,37.565125097]}},{"type":"Feature","id":"7b3e4ae725d1de30fa3dff7c56836b89bd3ba1c0a30bfad6431197054d7bcdec-1","properties":{"facility_id":"7b3e4ae725d1de30fa3dff7c56836b89bd3ba1c0a30bfad6431197054d7bcdec","point_ordinal":1,"zone_group_id":"517601021722","source_manage_no":"517601017912","facility_name":"면온초등학교 병설유치원","sgg_code":"51760","facility_type_code":"1","api_first_registered_on":"2007-04-11","api_last_modified_on":null,"updated_at":"2026-07-25T01:27:52.347112+00:00"},"geometry":{"type":"Point","coordinates":[128.349357023,37.565069434]}},{"type":"Feature","id":"22b2f347e885b75d9744881d250b9efcaef1b07d27dc730c34c4bb1c7442a413-1","properties":{"facility_id":"22b2f347e885b75d9744881d250b9efcaef1b07d27dc730c34c4bb1c7442a413","point_ordinal":1,"zone_group_id":"517601000654","source_manage_no":"517601000654","facility_name":"미탄초등학교","sgg_code":"51760","facility_type_code":"1","api_first_registered_on":"2007-11-21","api_last_modified_on":null,"updated_at":"2026-07-25T01:27:52.347112+00:00"},"geometry":{"type":"Point","coordinates":[128.500312976,37.341763532]}},{"type":"Feature","id":"cbbc0254313ace95a2294ae9fa7c17e40981a3948172f39ed3d9175d1f8a675e-1","properties":{"facility_id":"cbbc0254313ace95a2294ae9fa7c17e40981a3948172f39ed3d9175d1f8a675e","point_ordinal":1,"zone_group_id":"517601000654","source_manage_no":"517601025156","facility_name":"미탄초등학교 병설유치원","sgg_code":"51760","facility_type_code":"1","api_first_registered_on":"2007-11-21","api_last_modified_on":null,"updated_at":"2026-07-25T01:27:52.347112+00:00"},"geometry":{"type":"Point","coordinates":[128.500331608,37.341964608]}},{"type":"Feature","id":"187349fcfd4867e508b33ee9154adc664c8b048f5e018068cd189160e81faadb-1","properties":{"facility_id":"187349fcfd4867e508b33ee9154adc664c8b048f5e018068cd189160e81faadb","point_ordinal":1,"zone_group_id":"517601000659","source_manage_no":"517601000659","facility_name":"방림초등학교","sgg_code":"51760","facility_type_code":"1","api_first_registered_on":"2007-11-27","api_last_modified_on":null,"updated_at":"2026-07-25T01:27:52.347112+00:00"},"geometry":{"type":"Point","coordinates":[128.391487327,37.427716821]}},{"type":"Feature","id":"100a341498fbda41e62a9fef33a6ca599fde6aee4c5261466c5f1f134557e8cf-1","properties":{"facility_id":"100a341498fbda41e62a9fef33a6ca599fde6aee4c5261466c5f1f134557e8cf","point_ordinal":1,"zone_group_id":"517601000659","source_manage_no":"517601025158","facility_name":"방림초등학교 병설유치원","sgg_code":"51760","facility_type_code":"1","api_first_registered_on":"2007-11-21","api_last_modified_on":null,"updated_at":"2026-07-25T01:27:52.347112+00:00"},"geometry":{"type":"Point","coordinates":[128.391501586,37.427547328]}},{"type":"Feature","id":"323a98a32d0b20e015aae2c37535fd556061550fdb17bd28e81e3b5278d4c73a-1","properties":{"facility_id":"323a98a32d0b20e015aae2c37535fd556061550fdb17bd28e81e3b5278d4c73a","point_ordinal":1,"zone_group_id":"517601000662","source_manage_no":"517601000662","facility_name":"봉평초등학교","sgg_code":"51760","facility_type_code":"1","api_first_registered_on":"2007-11-21","api_last_modified_on":null,"updated_at":"2026-07-25T01:27:52.347112+00:00"},"geometry":{"type":"Point","coordinates":[128.381417534,37.615842077]}},{"type":"Feature","id":"b7c208fe2cfc61af0805808a63c9955db070aa414c430bcfff865431e0b2ca43-1","properties":{"facility_id":"b7c208fe2cfc61af0805808a63c9955db070aa414c430bcfff865431e0b2ca43","point_ordinal":1,"zone_group_id":"517601017911","source_manage_no":"517601017911","facility_name":"소화어린이집","sgg_code":"51760","facility_type_code":"1","api_first_registered_on":"2013-07-30","api_last_modified_on":null,"updated_at":"2026-07-25T01:27:52.347112+00:00"},"geometry":{"type":"Point","coordinates":[128.396455271,37.368488924]}},{"type":"Feature","id":"7b34b398ee35328991543238eb0e7328106b0849e1e5e0274fc04111dfbcf358-1","properties":{"facility_id":"7b34b398ee35328991543238eb0e7328106b0849e1e5e0274fc04111dfbcf358","point_ordinal":1,"zone_group_id":"517601000666","source_manage_no":"517601000666","facility_name":"속사초등학교","sgg_code":"51760","facility_type_code":"1","api_first_registered_on":"2007-11-21","api_last_modified_on":null,"updated_at":"2026-07-25T01:27:52.347112+00:00"},"geometry":{"type":"Point","coordinates":[128.49194588,37.646203299]}},{"type":"Feature","id":"6a4358ef874e066e6699963afebfd69e820363e5b93c7b309ef3ae02c2086879-1","properties":{"facility_id":"6a4358ef874e066e6699963afebfd69e820363e5b93c7b309ef3ae02c2086879","point_ordinal":1,"zone_group_id":"517601000666","source_manage_no":"517601025161","facility_name":"속사초등학교 병설유치원","sgg_code":"51760","facility_type_code":"1","api_first_registered_on":"2007-11-21","api_last_modified_on":null,"updated_at":"2026-07-25T01:27:52.347112+00:00"},"geometry":{"type":"Point","coordinates":[128.492255339,37.646264734]}},{"type":"Feature","id":"ca6a5f4144540a9d029783a9c8337766258e9cc6036d213f1a1e0fed4bb8a118-1","properties":{"facility_id":"ca6a5f4144540a9d029783a9c8337766258e9cc6036d213f1a1e0fed4bb8a118","point_ordinal":1,"zone_group_id":"517601000650","source_manage_no":"517601000650","facility_name":"신리초등학교","sgg_code":"51760","facility_type_code":"1","api_first_registered_on":"2007-04-11","api_last_modified_on":null,"updated_at":"2026-07-25T01:27:52.347112+00:00"},"geometry":{"type":"Point","coordinates":[128.456880288,37.537383229]}},{"type":"Feature","id":"64d3bb19d07fd8df69b750d5046ef047e19f1750537075068c9ea9bded3f2f49-1","properties":{"facility_id":"64d3bb19d07fd8df69b750d5046ef047e19f1750537075068c9ea9bded3f2f49","point_ordinal":1,"zone_group_id":"517601000652","source_manage_no":"517601000652","facility_name":"안미초등학교","sgg_code":"51760","facility_type_code":"1","api_first_registered_on":"2010-07-23","api_last_modified_on":null,"updated_at":"2026-07-25T01:27:52.347112+00:00"},"geometry":{"type":"Point","coordinates":[128.434091504,37.460261947]}},{"type":"Feature","id":"089b597c78bf50e53d4592499999e774db08d1c318a4689e8585c27781a0af19-1","properties":{"facility_id":"089b597c78bf50e53d4592499999e774db08d1c318a4689e8585c27781a0af19","point_ordinal":1,"zone_group_id":"517601000652","source_manage_no":"517601025160","facility_name":"안미초등학교 병설유치원","sgg_code":"51760","facility_type_code":"1","api_first_registered_on":"2010-07-23","api_last_modified_on":null,"updated_at":"2026-07-25T01:27:52.347112+00:00"},"geometry":{"type":"Point","coordinates":[128.434332151,37.460337744]}},{"type":"Feature","id":"4d0a89540d96d59a4fcca8fbca90c55630b1a23da7b1828db27c5f6e2acc766c-1","properties":{"facility_id":"4d0a89540d96d59a4fcca8fbca90c55630b1a23da7b1828db27c5f6e2acc766c","point_ordinal":1,"zone_group_id":"517601000672","source_manage_no":"517601000672","facility_name":"연꽃어린이집","sgg_code":"51760","facility_type_code":"1","api_first_registered_on":"2009-07-08","api_last_modified_on":null,"updated_at":"2026-07-25T01:27:52.347112+00:00"},"geometry":{"type":"Point","coordinates":[128.564775217,37.637579234]}},{"type":"Feature","id":"e607cf5a4cb50e91030ea9e767f1fa223bdf5ad766bcea396528ff553946125b-1","properties":{"facility_id":"e607cf5a4cb50e91030ea9e767f1fa223bdf5ad766bcea396528ff553946125b","point_ordinal":1,"zone_group_id":"517601000677","source_manage_no":"517601000677","facility_name":"연화유치원","sgg_code":"51760","facility_type_code":"1","api_first_registered_on":"2010-07-23","api_last_modified_on":null,"updated_at":"2026-07-25T01:27:52.347112+00:00"},"geometry":{"type":"Point","coordinates":[128.400959564,37.369633595]}},{"type":"Feature","id":"b87cbb987f96b62a4c06f8307e09dba5c6399176dca1e8d2ad815004fa91a30c-1","properties":{"facility_id":"b87cbb987f96b62a4c06f8307e09dba5c6399176dca1e8d2ad815004fa91a30c","point_ordinal":1,"zone_group_id":"517601000668","source_manage_no":"517601000668","facility_name":"장평초등학교","sgg_code":"51760","facility_type_code":"1","api_first_registered_on":"2011-04-02","api_last_modified_on":null,"updated_at":"2026-07-25T01:27:52.347112+00:00"},"geometry":{"type":"Point","coordinates":[128.410821455,37.592308656]}},{"type":"Feature","id":"7c1c6146a5298a9ca7dec5297f88ae099331973d59dc4c73be74dee4e62baf41-1","properties":{"facility_id":"7c1c6146a5298a9ca7dec5297f88ae099331973d59dc4c73be74dee4e62baf41","point_ordinal":1,"zone_group_id":"517601000679","source_manage_no":"517601000679","facility_name":"주진초등학교","sgg_code":"51760","facility_type_code":"1","api_first_registered_on":"2007-11-21","api_last_modified_on":null,"updated_at":"2026-07-25T01:27:52.347112+00:00"},"geometry":{"type":"Point","coordinates":[128.405306663,37.393289632]}},{"type":"Feature","id":"c4c6fa0da09bf2c640fccfbdbeff7ce5ef64b62a0ace6d128379473dd9866d1a-1","properties":{"facility_id":"c4c6fa0da09bf2c640fccfbdbeff7ce5ef64b62a0ace6d128379473dd9866d1a","point_ordinal":1,"zone_group_id":"517601000679","source_manage_no":"517601025155","facility_name":"주진초등학교 병설유치원","sgg_code":"51760","facility_type_code":"1","api_first_registered_on":"2007-11-21","api_last_modified_on":null,"updated_at":"2026-07-25T01:27:52.347112+00:00"},"geometry":{"type":"Point","coordinates":[128.405385149,37.393497987]}},{"type":"Feature","id":"26416ae43021dc5cd64e36e3b8de8963ae1d2dbcf3404024783647723b093a57-1","properties":{"facility_id":"26416ae43021dc5cd64e36e3b8de8963ae1d2dbcf3404024783647723b093a57","point_ordinal":1,"zone_group_id":"517601000673","source_manage_no":"517601000673","facility_name":"진부초등학교","sgg_code":"51760","facility_type_code":"1","api_first_registered_on":"1996-04-30","api_last_modified_on":null,"updated_at":"2026-07-25T01:27:52.347112+00:00"},"geometry":{"type":"Point","coordinates":[128.557136287,37.639686234]}},{"type":"Feature","id":"2d1e2847b19ba9dab066e7787c2f6a09786c112172f765696f8c0bf5055d983c-1","properties":{"facility_id":"2d1e2847b19ba9dab066e7787c2f6a09786c112172f765696f8c0bf5055d983c","point_ordinal":1,"zone_group_id":"517601000673","source_manage_no":"517601025162","facility_name":"진부초등학교 병설유치원","sgg_code":"51760","facility_type_code":"1","api_first_registered_on":"1996-04-30","api_last_modified_on":null,"updated_at":"2026-07-25T01:27:52.347112+00:00"},"geometry":{"type":"Point","coordinates":[128.557586426,37.639734851]}},{"type":"Feature","id":"dbae6635d359ab4ae7b0b141434f244aa0332248e5292f31b9375f1471aef487-1","properties":{"facility_id":"dbae6635d359ab4ae7b0b141434f244aa0332248e5292f31b9375f1471aef487","point_ordinal":1,"zone_group_id":"517601000681","source_manage_no":"517601000681","facility_name":"평창초등학교","sgg_code":"51760","facility_type_code":"1","api_first_registered_on":"1996-04-30","api_last_modified_on":null,"updated_at":"2026-07-25T01:27:52.347112+00:00"},"geometry":{"type":"Point","coordinates":[128.392494366,37.370029977]}},{"type":"Feature","id":"f80f3a4e00f0154265a4a4db021bc4d64efa893616d444af6ffc282346f85b7a-1","properties":{"facility_id":"f80f3a4e00f0154265a4a4db021bc4d64efa893616d444af6ffc282346f85b7a","point_ordinal":1,"zone_group_id":"517601000681","source_manage_no":"517601021112","facility_name":"평창초등학교 병설유치원","sgg_code":"51760","facility_type_code":"1","api_first_registered_on":"1996-04-30","api_last_modified_on":null,"updated_at":"2026-07-25T01:27:52.347112+00:00"},"geometry":{"type":"Point","coordinates":[128.391950025,37.370157916]}},{"type":"Feature","id":"cb67d3d9940568970a8e28d379cb13da3f28766a9b214605125a022859f2cf34-1","properties":{"facility_id":"cb67d3d9940568970a8e28d379cb13da3f28766a9b214605125a022859f2cf34","point_ordinal":1,"zone_group_id":"517601000676","source_manage_no":"517601000676","facility_name":"호명초등학교","sgg_code":"51760","facility_type_code":"1","api_first_registered_on":"2007-11-21","api_last_modified_on":null,"updated_at":"2026-07-25T01:27:52.347112+00:00"},"geometry":{"type":"Point","coordinates":[128.569867646,37.64207284]}},{"type":"Feature","id":"dc8dd0275af3b80b9700891b7006c757252e4565e56f679fe97f8ec42dda47cf-1","properties":{"facility_id":"dc8dd0275af3b80b9700891b7006c757252e4565e56f679fe97f8ec42dda47cf","point_ordinal":1,"zone_group_id":"517601000676","source_manage_no":"517601021730","facility_name":"호명초등학교 병설유치원","sgg_code":"51760","facility_type_code":"1","api_first_registered_on":"2007-11-21","api_last_modified_on":null,"updated_at":"2026-07-25T01:27:52.347112+00:00"},"geometry":{"type":"Point","coordinates":[128.56993348,37.642359073]}},{"type":"Feature","id":"82552b1ea9ddadfeacb784af20cc6a538ee6d29be895274b6bdedf69b0688be7-1","properties":{"facility_id":"82552b1ea9ddadfeacb784af20cc6a538ee6d29be895274b6bdedf69b0688be7","point_ordinal":1,"zone_group_id":"517601000683","source_manage_no":"517601000683","facility_name":"횡계초등학교","sgg_code":"51760","facility_type_code":"1","api_first_registered_on":"1996-10-30","api_last_modified_on":null,"updated_at":"2026-07-25T01:27:52.347112+00:00"},"geometry":{"type":"Point","coordinates":[128.711279644,37.676366319]}},{"type":"Feature","id":"af19587dbda7d6a2703e8fbff41de9e92ec3d8a6cfac6135c6a572d557572c74-1","properties":{"facility_id":"af19587dbda7d6a2703e8fbff41de9e92ec3d8a6cfac6135c6a572d557572c74","point_ordinal":1,"zone_group_id":"517601000683","source_manage_no":"517601025165","facility_name":"횡계초등학교 병설유치원","sgg_code":"51760","facility_type_code":"1","api_first_registered_on":"1996-10-30","api_last_modified_on":null,"updated_at":"2026-07-25T01:27:52.347112+00:00"},"geometry":{"type":"Point","coordinates":[128.710582429,37.676268844]}},{"type":"Feature","id":"9566db1ed33ee09f58dda151c48dadbc7955eee7252729d8598c5ade5be1fb73-1","properties":{"facility_id":"9566db1ed33ee09f58dda151c48dadbc7955eee7252729d8598c5ade5be1fb73","point_ordinal":1,"zone_group_id":"517701000432","source_manage_no":"517701000432","facility_name":"갈래초등학교","sgg_code":"51770","facility_type_code":"1","api_first_registered_on":"1997-11-20","api_last_modified_on":null,"updated_at":"2026-07-25T01:27:52.347112+00:00"},"geometry":{"type":"Point","coordinates":[128.866370291,37.195063066]}},{"type":"Feature","id":"c420d1e4af26445e885830fe83a87d8635ca00fe4ac03fa1f4a7c88d552982fb-1","properties":{"facility_id":"c420d1e4af26445e885830fe83a87d8635ca00fe4ac03fa1f4a7c88d552982fb","point_ordinal":1,"zone_group_id":"517701000432","source_manage_no":"517701022773","facility_name":"갈래초등학교 병설유치원","sgg_code":"51770","facility_type_code":"1","api_first_registered_on":"1997-11-20","api_last_modified_on":null,"updated_at":"2026-07-25T01:27:52.347112+00:00"},"geometry":{"type":"Point","coordinates":[128.866043099,37.194918225]}},{"type":"Feature","id":"734eba8a0c18d2a6e7dcd69d1392412fd3d140445ea04fbe12b206e340b8cbe6-1","properties":{"facility_id":"734eba8a0c18d2a6e7dcd69d1392412fd3d140445ea04fbe12b206e340b8cbe6","point_ordinal":1,"zone_group_id":"517701000434","source_manage_no":"517701000434","facility_name":"고한초등학교","sgg_code":"51770","facility_type_code":"1","api_first_registered_on":"1997-11-20","api_last_modified_on":null,"updated_at":"2026-07-25T01:27:52.347112+00:00"},"geometry":{"type":"Point","coordinates":[128.853496433,37.202314304]}},{"type":"Feature","id":"9c35126a8d2e20e5e73d483085d22ae445e0df3f45a8a25ab9f4ea1a77c4ed17-1","properties":{"facility_id":"9c35126a8d2e20e5e73d483085d22ae445e0df3f45a8a25ab9f4ea1a77c4ed17","point_ordinal":1,"zone_group_id":"517701000434","source_manage_no":"517701022774","facility_name":"고한초등학교 병설유치원","sgg_code":"51770","facility_type_code":"1","api_first_registered_on":"1997-11-20","api_last_modified_on":null,"updated_at":"2026-07-25T01:27:52.347112+00:00"},"geometry":{"type":"Point","coordinates":[128.853449076,37.202308593]}},{"type":"Feature","id":"cb24ce09d875d1e12bbe967c9a26dc1f721fb1fcb6bdc1301bc5bb95dc72d813-1","properties":{"facility_id":"cb24ce09d875d1e12bbe967c9a26dc1f721fb1fcb6bdc1301bc5bb95dc72d813","point_ordinal":1,"zone_group_id":"517701000436","source_manage_no":"517701000436","facility_name":"남선초등학교","sgg_code":"51770","facility_type_code":"1","api_first_registered_on":"1997-11-20","api_last_modified_on":null,"updated_at":"2026-07-25T01:27:52.347112+00:00"},"geometry":{"type":"Point","coordinates":[128.740492402,37.268097387]}},{"type":"Feature","id":"4990527455b055be5136433c82529ad4c9e7aa2e51230902c87b0099883b19e1-1","properties":{"facility_id":"4990527455b055be5136433c82529ad4c9e7aa2e51230902c87b0099883b19e1","point_ordinal":1,"zone_group_id":"517701000436","source_manage_no":"517701022779","facility_name":"남선초등학교 병설유치원","sgg_code":"51770","facility_type_code":"1","api_first_registered_on":"1997-11-20","api_last_modified_on":null,"updated_at":"2026-07-25T01:27:52.347112+00:00"},"geometry":{"type":"Point","coordinates":[128.740478743,37.268134702]}},{"type":"Feature","id":"4afb00bb400baf3c9053646cfb299b8ee22a6ba5f5344bbb684aa38305359c8b-1","properties":{"facility_id":"4afb00bb400baf3c9053646cfb299b8ee22a6ba5f5344bbb684aa38305359c8b","point_ordinal":1,"zone_group_id":"517701000440","source_manage_no":"517701000440","facility_name":"남평초등학교","sgg_code":"51770","facility_type_code":"1","api_first_registered_on":"2010-07-08","api_last_modified_on":null,"updated_at":"2026-07-25T01:27:52.347112+00:00"},"geometry":{"type":"Point","coordinates":[128.662970583,37.431502192]}},{"type":"Feature","id":"9b84eb6b2c1f0fedd60cbe7e1d7f137d6a9a3e184b00f93d7593875d55fc1160-1","properties":{"facility_id":"9b84eb6b2c1f0fedd60cbe7e1d7f137d6a9a3e184b00f93d7593875d55fc1160","point_ordinal":1,"zone_group_id":"517701000440","source_manage_no":"517701022781","facility_name":"남평초등학교 병설유치원","sgg_code":"51770","facility_type_code":"1","api_first_registered_on":"2010-07-08","api_last_modified_on":null,"updated_at":"2026-07-25T01:27:52.347112+00:00"},"geometry":{"type":"Point","coordinates":[128.662949667,37.431474097]}},{"type":"Feature","id":"3c2d89d534ef6c94c06a8c9676dac272b9e76b984d3f2e9d65bf829681d776da-1","properties":{"facility_id":"3c2d89d534ef6c94c06a8c9676dac272b9e76b984d3f2e9d65bf829681d776da","point_ordinal":1,"zone_group_id":"517701000462","source_manage_no":"517701000462","facility_name":"백전초등학교","sgg_code":"51770","facility_type_code":"1","api_first_registered_on":"2010-07-08","api_last_modified_on":null,"updated_at":"2026-07-25T01:27:52.347112+00:00"},"geometry":{"type":"Point","coordinates":[128.872992467,37.274212875]}},{"type":"Feature","id":"6b68a49baee0ff91a1e506e581578f5efee04b1ecbf6bb31ff07b48a9e9c2aec-1","properties":{"facility_id":"6b68a49baee0ff91a1e506e581578f5efee04b1ecbf6bb31ff07b48a9e9c2aec","point_ordinal":1,"zone_group_id":"517701000455","source_manage_no":"517701000455","facility_name":"벽탄초등학교","sgg_code":"51770","facility_type_code":"1","api_first_registered_on":"2010-07-08","api_last_modified_on":null,"updated_at":"2026-07-25T01:27:52.347112+00:00"},"geometry":{"type":"Point","coordinates":[128.601202827,37.394320833]}},{"type":"Feature","id":"df493c365cd93119c775dc7d67e2184a319d67cee1c8d20c722f4b43464b96a9-1","properties":{"facility_id":"df493c365cd93119c775dc7d67e2184a319d67cee1c8d20c722f4b43464b96a9","point_ordinal":1,"zone_group_id":"517701000457","source_manage_no":"517701000457","facility_name":"봉양초등학교","sgg_code":"51770","facility_type_code":"1","api_first_registered_on":"1996-05-01","api_last_modified_on":null,"updated_at":"2026-07-25T01:27:52.347112+00:00"},"geometry":{"type":"Point","coordinates":[128.670179163,37.386853215]}},{"type":"Feature","id":"94d7f9e17354acc9ef532f676120c3f1db1dbb9abbd0af9533966379c699474d-1","properties":{"facility_id":"94d7f9e17354acc9ef532f676120c3f1db1dbb9abbd0af9533966379c699474d","point_ordinal":1,"zone_group_id":"517701000442","source_manage_no":"517701000442","facility_name":"북평초등학교","sgg_code":"51770","facility_type_code":"1","api_first_registered_on":"1997-11-20","api_last_modified_on":null,"updated_at":"2026-07-25T01:27:52.347112+00:00"},"geometry":{"type":"Point","coordinates":[128.672980928,37.454267414]}},{"type":"Feature","id":"d075b080d0f0d2393ae3d33c84e406febd09a469082022dc05121b3e103cad43-1","properties":{"facility_id":"d075b080d0f0d2393ae3d33c84e406febd09a469082022dc05121b3e103cad43","point_ordinal":1,"zone_group_id":"517701000442","source_manage_no":"517701022782","facility_name":"북평초등학교 병설유치원","sgg_code":"51770","facility_type_code":"1","api_first_registered_on":"1997-11-20","api_last_modified_on":null,"updated_at":"2026-07-25T01:27:52.347112+00:00"},"geometry":{"type":"Point","coordinates":[128.673007147,37.454312091]}},{"type":"Feature","id":"cbd974a764b10506e3cf3671b4b655e9ccede26cf414a55f929cc4e0e8fc95ec-1","properties":{"facility_id":"cbd974a764b10506e3cf3671b4b655e9ccede26cf414a55f929cc4e0e8fc95ec","point_ordinal":1,"zone_group_id":"517702025824","source_manage_no":"517702025824","facility_name":"사북11리 경로당","sgg_code":"51770","facility_type_code":"2","api_first_registered_on":"2020-03-03","api_last_modified_on":null,"updated_at":"2026-07-25T01:27:52.347112+00:00"},"geometry":{"type":"Point","coordinates":[128.850672933,37.232721871]}},{"type":"Feature","id":"bff524e3e535fe9db8a57294cec1ea8c82c11d1179f0f6d19c76fe2d0771210c-1","properties":{"facility_id":"bff524e3e535fe9db8a57294cec1ea8c82c11d1179f0f6d19c76fe2d0771210c","point_ordinal":1,"zone_group_id":"517701021548","source_manage_no":"517701021548","facility_name":"사북어린이집","sgg_code":"51770","facility_type_code":"1","api_first_registered_on":"2023-12-04","api_last_modified_on":null,"updated_at":"2026-07-25T01:27:52.347112+00:00"},"geometry":{"type":"Point","coordinates":[128.825100974,37.224161869]}},{"type":"Feature","id":"93d961eba05ae61f32d3f42661c79ee22471e26a1cd5d32bc4fe5cb6e9018982-1","properties":{"facility_id":"93d961eba05ae61f32d3f42661c79ee22471e26a1cd5d32bc4fe5cb6e9018982","point_ordinal":1,"zone_group_id":"517701000444","source_manage_no":"517701000444","facility_name":"사북초등학교","sgg_code":"51770","facility_type_code":"1","api_first_registered_on":"1997-11-20","api_last_modified_on":null,"updated_at":"2026-07-25T01:27:52.347112+00:00"},"geometry":{"type":"Point","coordinates":[128.834686993,37.228845015]}},{"type":"Feature","id":"495d1fb2cce8fb445e57a40445fc3def2eaeb4061517a07a9590b887e87385ac-1","properties":{"facility_id":"495d1fb2cce8fb445e57a40445fc3def2eaeb4061517a07a9590b887e87385ac","point_ordinal":1,"zone_group_id":"517701000444","source_manage_no":"517701022775","facility_name":"사북초등학교 병설유치원","sgg_code":"51770","facility_type_code":"1","api_first_registered_on":"1997-11-20","api_last_modified_on":null,"updated_at":"2026-07-25T01:27:52.347112+00:00"},"geometry":{"type":"Point","coordinates":[128.834646105,37.228850307]}},{"type":"Feature","id":"abbae0d95d3b20c60663281b0ae44bf6bfb4db2833908206f79455cedeefdee0-1","properties":{"facility_id":"abbae0d95d3b20c60663281b0ae44bf6bfb4db2833908206f79455cedeefdee0","point_ordinal":1,"zone_group_id":"517701000451","source_manage_no":"517701000451","facility_name":"여량초등학교","sgg_code":"51770","facility_type_code":"1","api_first_registered_on":"1997-11-20","api_last_modified_on":null,"updated_at":"2026-07-25T01:27:52.347112+00:00"},"geometry":{"type":"Point","coordinates":[128.727411393,37.472635679]}},{"type":"Feature","id":"e4a479e503421de5c9a6d4e9888a966958b6ff5ae17ca3b7321daeb74ca44c64-1","properties":{"facility_id":"e4a479e503421de5c9a6d4e9888a966958b6ff5ae17ca3b7321daeb74ca44c64","point_ordinal":1,"zone_group_id":"517701000451","source_manage_no":"517701022786","facility_name":"여량초등학교 병설유치원","sgg_code":"51770","facility_type_code":"1","api_first_registered_on":"1997-11-20","api_last_modified_on":null,"updated_at":"2026-07-25T01:27:52.347112+00:00"},"geometry":{"type":"Point","coordinates":[128.727372246,37.47262602]}},{"type":"Feature","id":"a7203df91d53724b6eb4b7d68ea1ee4390bced4830a0b930416bf75afa63075c-1","properties":{"facility_id":"a7203df91d53724b6eb4b7d68ea1ee4390bced4830a0b930416bf75afa63075c","point_ordinal":1,"zone_group_id":"517701000447","source_manage_no":"517701000447","facility_name":"예미초등학교","sgg_code":"51770","facility_type_code":"1","api_first_registered_on":"1997-11-20","api_last_modified_on":null,"updated_at":"2026-07-25T01:27:52.347112+00:00"},"geometry":{"type":"Point","coordinates":[128.645888324,37.22052613]}},{"type":"Feature","id":"1b0fb59bc110b5762064624c0a8481251774c5e63973e61ed433039fa1fb4a95-1","properties":{"facility_id":"1b0fb59bc110b5762064624c0a8481251774c5e63973e61ed433039fa1fb4a95","point_ordinal":1,"zone_group_id":"517701000447","source_manage_no":"517701022777","facility_name":"예미초등학교 병설유치원","sgg_code":"51770","facility_type_code":"1","api_first_registered_on":"1997-11-20","api_last_modified_on":null,"updated_at":"2026-07-25T01:27:52.347112+00:00"},"geometry":{"type":"Point","coordinates":[128.645843825,37.22049516]}},{"type":"Feature","id":"56d816b346f6747062df7a5d0ec4f6797d8303ca8d5ac053547e74edd005fb0d-1","properties":{"facility_id":"56d816b346f6747062df7a5d0ec4f6797d8303ca8d5ac053547e74edd005fb0d","point_ordinal":1,"zone_group_id":"517701000453","source_manage_no":"517701000453","facility_name":"임계초등학교","sgg_code":"51770","facility_type_code":"1","api_first_registered_on":"1997-11-20","api_last_modified_on":null,"updated_at":"2026-07-25T01:27:52.347112+00:00"},"geometry":{"type":"Point","coordinates":[128.848786886,37.496057279]}},{"type":"Feature","id":"1cfb0b9f4e06530978299da3f4b34bc967c68290e8f477591ad93043eed36b5d-1","properties":{"facility_id":"1cfb0b9f4e06530978299da3f4b34bc967c68290e8f477591ad93043eed36b5d","point_ordinal":1,"zone_group_id":"517701000453","source_manage_no":"517701022783","facility_name":"임계초등학교 병설유치원","sgg_code":"51770","facility_type_code":"1","api_first_registered_on":"1997-11-20","api_last_modified_on":null,"updated_at":"2026-07-25T01:27:52.347112+00:00"},"geometry":{"type":"Point","coordinates":[128.848755111,37.496014165]}},{"type":"Feature","id":"09014b5e7099468cb3d59125ea089ed96f89d3320f0693c1a7754ac93f131ab2-1","properties":{"facility_id":"09014b5e7099468cb3d59125ea089ed96f89d3320f0693c1a7754ac93f131ab2","point_ordinal":1,"zone_group_id":"517701022787","source_manage_no":"517701022787","facility_name":"정선유치원","sgg_code":"51770","facility_type_code":"1","api_first_registered_on":"2016-06-16","api_last_modified_on":null,"updated_at":"2026-07-25T01:27:52.347112+00:00"},"geometry":{"type":"Point","coordinates":[128.686202267,37.370030738]}},{"type":"Feature","id":"76df8cb268c7178e08d55f723fcb23bebe491059b4165998e11437e900e63679-1","properties":{"facility_id":"76df8cb268c7178e08d55f723fcb23bebe491059b4165998e11437e900e63679","point_ordinal":1,"zone_group_id":"517701000459","source_manage_no":"517701000459","facility_name":"정선초등학교","sgg_code":"51770","facility_type_code":"1","api_first_registered_on":"1996-05-01","api_last_modified_on":null,"updated_at":"2026-07-25T01:27:52.347112+00:00"},"geometry":{"type":"Point","coordinates":[128.660054765,37.38169782]}},{"type":"Feature","id":"a7ebf4f3654e69a48ef0be27641707712f913513c3e41b290f3d5b5baabafb55-1","properties":{"facility_id":"a7ebf4f3654e69a48ef0be27641707712f913513c3e41b290f3d5b5baabafb55","point_ordinal":1,"zone_group_id":"517701000438","source_manage_no":"517701000438","facility_name":"증산초등학교","sgg_code":"51770","facility_type_code":"1","api_first_registered_on":"1997-11-20","api_last_modified_on":null,"updated_at":"2026-07-25T01:27:52.347112+00:00"},"geometry":{"type":"Point","coordinates":[128.780775989,37.25455595]}},{"type":"Feature","id":"54bf0332403e840de29b7d4ad63a4abbd40811e2cda7d60865a2fd1da2a60b1e-1","properties":{"facility_id":"54bf0332403e840de29b7d4ad63a4abbd40811e2cda7d60865a2fd1da2a60b1e","point_ordinal":1,"zone_group_id":"517701000438","source_manage_no":"517701022780","facility_name":"증산초등학교 병설유치원","sgg_code":"51770","facility_type_code":"1","api_first_registered_on":"1997-11-20","api_last_modified_on":null,"updated_at":"2026-07-25T01:27:52.347112+00:00"},"geometry":{"type":"Point","coordinates":[128.780715574,37.254544916]}},{"type":"Feature","id":"61d30e711186853050a39a8bc48cadf3650dd853ed09f7a1b1d297301107bba6-1","properties":{"facility_id":"61d30e711186853050a39a8bc48cadf3650dd853ed09f7a1b1d297301107bba6","point_ordinal":1,"zone_group_id":"517701000449","source_manage_no":"517701000449","facility_name":"함백초등학교","sgg_code":"51770","facility_type_code":"1","api_first_registered_on":"2006-10-27","api_last_modified_on":null,"updated_at":"2026-07-25T01:27:52.347112+00:00"},"geometry":{"type":"Point","coordinates":[128.671525837,37.216081881]}},{"type":"Feature","id":"50d5b9cbf93afcbf4fa2c2276a05ed9d68179a4a2c630b8143068be3b4880b2a-1","properties":{"facility_id":"50d5b9cbf93afcbf4fa2c2276a05ed9d68179a4a2c630b8143068be3b4880b2a","point_ordinal":1,"zone_group_id":"517701000449","source_manage_no":"517701022778","facility_name":"함백초등학교 병설유치원","sgg_code":"51770","facility_type_code":"1","api_first_registered_on":"2006-10-27","api_last_modified_on":null,"updated_at":"2026-07-25T01:27:52.347112+00:00"},"geometry":{"type":"Point","coordinates":[128.671498544,37.216061826]}},{"type":"Feature","id":"ab41541319371d362c7caf6c5fcf0eb28f820faff11f81987c19d6acb8d6ed85-1","properties":{"facility_id":"ab41541319371d362c7caf6c5fcf0eb28f820faff11f81987c19d6acb8d6ed85","point_ordinal":1,"zone_group_id":"517701000464","source_manage_no":"517701000464","facility_name":"화동초등학교","sgg_code":"51770","facility_type_code":"1","api_first_registered_on":"1997-11-20","api_last_modified_on":null,"updated_at":"2026-07-25T01:27:52.347112+00:00"},"geometry":{"type":"Point","coordinates":[128.787002031,37.338723031]}},{"type":"Feature","id":"88991f8f24719643d271aec739f3b00406fe89efff6e9d655705c5ecdbf1b3af-1","properties":{"facility_id":"88991f8f24719643d271aec739f3b00406fe89efff6e9d655705c5ecdbf1b3af","point_ordinal":1,"zone_group_id":"517701000464","source_manage_no":"517701022785","facility_name":"화동초등학교 병설유치원","sgg_code":"51770","facility_type_code":"1","api_first_registered_on":"1997-11-20","api_last_modified_on":null,"updated_at":"2026-07-25T01:27:52.347112+00:00"},"geometry":{"type":"Point","coordinates":[128.787002426,37.338769094]}},{"type":"Feature","id":"33f662401648bdf34f24ca86354f75e617f85d01b7f663ed427c8b6fa5a3500b-1","properties":{"facility_id":"33f662401648bdf34f24ca86354f75e617f85d01b7f663ed427c8b6fa5a3500b","point_ordinal":1,"zone_group_id":"517801000488","source_manage_no":"517801000488","facility_name":"고려어린이집","sgg_code":"51780","facility_type_code":"1","api_first_registered_on":"2011-01-19","api_last_modified_on":null,"updated_at":"2026-07-25T01:27:52.347112+00:00"},"geometry":{"type":"Point","coordinates":[127.222071248,38.209027937]}},{"type":"Feature","id":"71ea45647216810138345c4daeac12b3b12830411e747cff2e0641b4a267636a-1","properties":{"facility_id":"71ea45647216810138345c4daeac12b3b12830411e747cff2e0641b4a267636a","point_ordinal":1,"zone_group_id":"517802022715","source_manage_no":"517802022715","facility_name":"관전리 경로당","sgg_code":"51780","facility_type_code":"2","api_first_registered_on":null,"api_last_modified_on":null,"updated_at":"2026-07-25T01:27:52.347112+00:00"},"geometry":{"type":"Point","coordinates":[127.205556055,38.248052441]}},{"type":"Feature","id":"a2989f474b4c0326e11757b9a950c2f681b41669243cf4258ac2fa2561a8f739-1","properties":{"facility_id":"a2989f474b4c0326e11757b9a950c2f681b41669243cf4258ac2fa2561a8f739","point_ordinal":1,"zone_group_id":"517801028816","source_manage_no":"517801028816","facility_name":"국공립새롬하나어린이집","sgg_code":"51780","facility_type_code":"1","api_first_registered_on":"2024-09-03","api_last_modified_on":"2025-03-26","updated_at":"2026-07-25T01:27:52.347112+00:00"},"geometry":{"type":"Point","coordinates":[127.426689075,38.244801266]}},{"type":"Feature","id":"c1ebd7eb9c571cb9b5516c577765141c9ac1407eab98a3288369ec23a151747d-1","properties":{"facility_id":"c1ebd7eb9c571cb9b5516c577765141c9ac1407eab98a3288369ec23a151747d","point_ordinal":1,"zone_group_id":"517801000479","source_manage_no":"517801000479","facility_name":"근남초등학교","sgg_code":"51780","facility_type_code":"1","api_first_registered_on":"2010-03-30","api_last_modified_on":null,"updated_at":"2026-07-25T01:27:52.347112+00:00"},"geometry":{"type":"Point","coordinates":[127.469855506,38.238824105]}},{"type":"Feature","id":"6c5122d1ef683acbe9b79b39e6dc9676f9e63f514a8e51a9e2d900894d367e72-1","properties":{"facility_id":"6c5122d1ef683acbe9b79b39e6dc9676f9e63f514a8e51a9e2d900894d367e72","point_ordinal":1,"zone_group_id":"517801000478","source_manage_no":"517801000478","facility_name":"근남초등학교 병설유치원","sgg_code":"51780","facility_type_code":"1","api_first_registered_on":"2010-03-30","api_last_modified_on":null,"updated_at":"2026-07-25T01:27:52.347112+00:00"},"geometry":{"type":"Point","coordinates":[127.469855506,38.238824105]}},{"type":"Feature","id":"6cdce99c7b2fa2401d472efea1fbb975f4b2e255edf0eda1daa9366d309ab0bf-1","properties":{"facility_id":"6cdce99c7b2fa2401d472efea1fbb975f4b2e255edf0eda1daa9366d309ab0bf","point_ordinal":1,"zone_group_id":"517801000481","source_manage_no":"517801000481","facility_name":"김화초등학교","sgg_code":"51780","facility_type_code":"1","api_first_registered_on":"2007-01-10","api_last_modified_on":null,"updated_at":"2026-07-25T01:27:52.347112+00:00"},"geometry":{"type":"Point","coordinates":[127.414121803,38.252026937]}},{"type":"Feature","id":"a7045391f8dd50a5540bedbe54f81573292aa8802c324dce0b14da3d2238ac9e-1","properties":{"facility_id":"a7045391f8dd50a5540bedbe54f81573292aa8802c324dce0b14da3d2238ac9e","point_ordinal":1,"zone_group_id":"517801000480","source_manage_no":"517801000480","facility_name":"김화초등학교 병설유치원","sgg_code":"51780","facility_type_code":"1","api_first_registered_on":null,"api_last_modified_on":null,"updated_at":"2026-07-25T01:27:52.347112+00:00"},"geometry":{"type":"Point","coordinates":[127.414121803,38.252026937]}},{"type":"Feature","id":"0c5a7a665d7d8f44649bc772730a1dd6dc8d3caffca8327e8a2395f05b16c99d-1","properties":{"facility_id":"0c5a7a665d7d8f44649bc772730a1dd6dc8d3caffca8327e8a2395f05b16c99d","point_ordinal":1,"zone_group_id":"517801000498","source_manage_no":"517801000498","facility_name":"꽃다지지역아동센터","sgg_code":"51780","facility_type_code":"1","api_first_registered_on":"2015-04-24","api_last_modified_on":null,"updated_at":"2026-07-25T01:27:52.347112+00:00"},"geometry":{"type":"Point","coordinates":[127.431753775,38.243134147]}},{"type":"Feature","id":"4dc94b2c0c1ec9463aea9d0861992fda194f6316b926a2f62ff6b25faac7342f-1","properties":{"facility_id":"4dc94b2c0c1ec9463aea9d0861992fda194f6316b926a2f62ff6b25faac7342f","point_ordinal":1,"zone_group_id":"517801000466","source_manage_no":"517801000466","facility_name":"나래유치원","sgg_code":"51780","facility_type_code":"1","api_first_registered_on":"2016-04-06","api_last_modified_on":null,"updated_at":"2026-07-25T01:27:52.347112+00:00"},"geometry":{"type":"Point","coordinates":[127.317519307,38.162070169]}},{"type":"Feature","id":"fd97a69e3d4923622e0e4a69dd4e871a7b648e09a997654d011cd258e0a5b45d-1","properties":{"facility_id":"fd97a69e3d4923622e0e4a69dd4e871a7b648e09a997654d011cd258e0a5b45d","point_ordinal":1,"zone_group_id":"517801000468","source_manage_no":"517801000468","facility_name":"내대초등학교","sgg_code":"51780","facility_type_code":"1","api_first_registered_on":"2008-12-29","api_last_modified_on":null,"updated_at":"2026-07-25T01:27:52.347112+00:00"},"geometry":{"type":"Point","coordinates":[127.297697201,38.205397336]}},{"type":"Feature","id":"8b8e50499126247ae55320bbcbae5262d4c0321062812c2996a747075b59a960-1","properties":{"facility_id":"8b8e50499126247ae55320bbcbae5262d4c0321062812c2996a747075b59a960","point_ordinal":1,"zone_group_id":"517801000467","source_manage_no":"517801000467","facility_name":"내대초등학교 병설유치원","sgg_code":"51780","facility_type_code":"1","api_first_registered_on":"2008-12-29","api_last_modified_on":null,"updated_at":"2026-07-25T01:27:52.347112+00:00"},"geometry":{"type":"Point","coordinates":[127.297697201,38.205397336]}},{"type":"Feature","id":"28b75287ea0cbe5f85dd6ac45920f820f0707022ac157b4a8882df3227ec5ce2-1","properties":{"facility_id":"28b75287ea0cbe5f85dd6ac45920f820f0707022ac157b4a8882df3227ec5ce2","point_ordinal":1,"zone_group_id":"517801000469","source_manage_no":"517801000469","facility_name":"단비어린이집","sgg_code":"51780","facility_type_code":"1","api_first_registered_on":"2018-11-01","api_last_modified_on":null,"updated_at":"2026-07-25T01:27:52.347112+00:00"},"geometry":{"type":"Point","coordinates":[127.308911925,38.14037203]}},{"type":"Feature","id":"6a553b664d4e24e7112bea71843045c4759f4be8ca332bac24a8b3c9a8cac9ee-1","properties":{"facility_id":"6a553b664d4e24e7112bea71843045c4759f4be8ca332bac24a8b3c9a8cac9ee","point_ordinal":1,"zone_group_id":"517801000482","source_manage_no":"517801000482","facility_name":"도창초등학교","sgg_code":"51780","facility_type_code":"1","api_first_registered_on":"2009-09-28","api_last_modified_on":null,"updated_at":"2026-07-25T01:27:52.347112+00:00"},"geometry":{"type":"Point","coordinates":[127.353654811,38.266972915]}},{"type":"Feature","id":"6cf02b0665771ef92da722077dc454df54913bf4fecc3cf7b47a2c899abcc108-1","properties":{"facility_id":"6cf02b0665771ef92da722077dc454df54913bf4fecc3cf7b47a2c899abcc108","point_ordinal":1,"zone_group_id":"517801000489","source_manage_no":"517801000489","facility_name":"동송초등학교","sgg_code":"51780","facility_type_code":"1","api_first_registered_on":"2007-01-10","api_last_modified_on":null,"updated_at":"2026-07-25T01:27:52.347112+00:00"},"geometry":{"type":"Point","coordinates":[127.217510615,38.203924957]}},{"type":"Feature","id":"d40423fc57faf472797f55c1d941b77961b28758ef79f9775e8d55fc566215ca-1","properties":{"facility_id":"d40423fc57faf472797f55c1d941b77961b28758ef79f9775e8d55fc566215ca","point_ordinal":1,"zone_group_id":"517802022723","source_manage_no":"517802022723","facility_name":"몬띠노인요양원","sgg_code":"51780","facility_type_code":"2","api_first_registered_on":null,"api_last_modified_on":null,"updated_at":"2026-07-25T01:27:52.347112+00:00"},"geometry":{"type":"Point","coordinates":[127.404295477,38.128055478]}},{"type":"Feature","id":"bcbd7a494a78bfe858496b3661e8cea2a9804500febaa14e2410adfc42b44c61-1","properties":{"facility_id":"bcbd7a494a78bfe858496b3661e8cea2a9804500febaa14e2410adfc42b44c61","point_ordinal":1,"zone_group_id":"517801000505","source_manage_no":"517801000505","facility_name":"묘장초등학교","sgg_code":"51780","facility_type_code":"1","api_first_registered_on":"2008-12-29","api_last_modified_on":null,"updated_at":"2026-07-25T01:27:52.347112+00:00"},"geometry":{"type":"Point","coordinates":[127.16571546,38.26350576]}},{"type":"Feature","id":"d3c6f49dd731fb02930d5db5ef5bec540cec153c2a5dfc3c657147a379d3349b-1","properties":{"facility_id":"d3c6f49dd731fb02930d5db5ef5bec540cec153c2a5dfc3c657147a379d3349b","point_ordinal":1,"zone_group_id":"517801000470","source_manage_no":"517801000470","facility_name":"무지개어린이집","sgg_code":"51780","facility_type_code":"1","api_first_registered_on":"2018-02-14","api_last_modified_on":null,"updated_at":"2026-07-25T01:27:52.347112+00:00"},"geometry":{"type":"Point","coordinates":[127.324092931,38.181664634]}},{"type":"Feature","id":"49b824a3f5dc0ac0a9c191ae747ddf14aed11a86a40bb568da3ebfd4494d0c88-1","properties":{"facility_id":"49b824a3f5dc0ac0a9c191ae747ddf14aed11a86a40bb568da3ebfd4494d0c88","point_ordinal":1,"zone_group_id":"517801000472","source_manage_no":"517801000472","facility_name":"문혜초등학교","sgg_code":"51780","facility_type_code":"1","api_first_registered_on":"1999-06-01","api_last_modified_on":null,"updated_at":"2026-07-25T01:27:52.347112+00:00"},"geometry":{"type":"Point","coordinates":[127.31745109,38.186527762]}},{"type":"Feature","id":"1a0605e74808bc12e83ef2425ef5b17ae7f1f2d9f4129fe83234f878ad2bbced-1","properties":{"facility_id":"1a0605e74808bc12e83ef2425ef5b17ae7f1f2d9f4129fe83234f878ad2bbced","point_ordinal":1,"zone_group_id":"517801000472","source_manage_no":"517801025166","facility_name":"문혜초등학교 병설유치원","sgg_code":"51780","facility_type_code":"1","api_first_registered_on":null,"api_last_modified_on":null,"updated_at":"2026-07-25T01:27:52.347112+00:00"},"geometry":{"type":"Point","coordinates":[127.318012817,38.186569961]}},{"type":"Feature","id":"35f7ff2fbc3a068b1fc552e0ae04263c42884ff64300a94aee4808aeeeb6eb27-1","properties":{"facility_id":"35f7ff2fbc3a068b1fc552e0ae04263c42884ff64300a94aee4808aeeeb6eb27","point_ordinal":1,"zone_group_id":"517801000506","source_manage_no":"517801000506","facility_name":"베이비캐슬어린이집","sgg_code":"51780","facility_type_code":"1","api_first_registered_on":"2016-04-06","api_last_modified_on":null,"updated_at":"2026-07-25T01:27:52.347112+00:00"},"geometry":{"type":"Point","coordinates":[127.210432046,38.223401845]}},{"type":"Feature","id":"6a326f493cb71c9393bd06ef6df5b23b70a37edc1bff53095721fad338658495-1","properties":{"facility_id":"6a326f493cb71c9393bd06ef6df5b23b70a37edc1bff53095721fad338658495","point_ordinal":1,"zone_group_id":"517802029360","source_manage_no":"517802029360","facility_name":"사곡1리경로당","sgg_code":"51780","facility_type_code":"2","api_first_registered_on":null,"api_last_modified_on":"2025-07-03","updated_at":"2026-07-25T01:27:52.347112+00:00"},"geometry":{"type":"Point","coordinates":[127.46422164,38.242955216]}},{"type":"Feature","id":"9437783d2d01b98fd7e3dee4dd09613a6cc86320b47533d6265eb5070027e4e8-1","properties":{"facility_id":"9437783d2d01b98fd7e3dee4dd09613a6cc86320b47533d6265eb5070027e4e8","point_ordinal":1,"zone_group_id":"517802000490","source_manage_no":"517802000490","facility_name":"상노2리 경로당 앞","sgg_code":"51780","facility_type_code":"2","api_first_registered_on":"2016-11-11","api_last_modified_on":null,"updated_at":"2026-07-25T01:27:52.347112+00:00"},"geometry":{"type":"Point","coordinates":[127.223690856,38.15523558]}},{"type":"Feature","id":"07d44b6b0816a13e7996c52dbbb86124b8e57e42987666933a269ffc00a9fb70-1","properties":{"facility_id":"07d44b6b0816a13e7996c52dbbb86124b8e57e42987666933a269ffc00a9fb70","point_ordinal":1,"zone_group_id":"517801000507","source_manage_no":"517801025168","facility_name":"새들유치원","sgg_code":"51780","facility_type_code":"1","api_first_registered_on":"2016-04-06","api_last_modified_on":null,"updated_at":"2026-07-25T01:27:52.347112+00:00"},"geometry":{"type":"Point","coordinates":[127.21375475,38.21439747]}},{"type":"Feature","id":"a24453049105e8cbfb581abf0a55e06d562af79af1f6d3921ceecaaab1b6fe72-1","properties":{"facility_id":"a24453049105e8cbfb581abf0a55e06d562af79af1f6d3921ceecaaab1b6fe72","point_ordinal":1,"zone_group_id":"517802000483","source_manage_no":"517802000483","facility_name":"생창리 경로당 앞","sgg_code":"51780","facility_type_code":"2","api_first_registered_on":"2016-11-11","api_last_modified_on":null,"updated_at":"2026-07-25T01:27:52.347112+00:00"},"geometry":{"type":"Point","coordinates":[127.451532716,38.281167703]}},{"type":"Feature","id":"d63cc5c25fabbe82aad09338b27837fc40d7545826cf81fd0033d20999788e3c-1","properties":{"facility_id":"d63cc5c25fabbe82aad09338b27837fc40d7545826cf81fd0033d20999788e3c","point_ordinal":1,"zone_group_id":"517801000502","source_manage_no":"517801000502","facility_name":"서면초등학교","sgg_code":"51780","facility_type_code":"1","api_first_registered_on":null,"api_last_modified_on":null,"updated_at":"2026-07-25T01:27:52.347112+00:00"},"geometry":{"type":"Point","coordinates":[127.415498531,38.168463346]}},{"type":"Feature","id":"11eccddd3c0b4203fe9353fedc8f6f5eb3ed76b91cae9192e5adeb74a2c89c44-1","properties":{"facility_id":"11eccddd3c0b4203fe9353fedc8f6f5eb3ed76b91cae9192e5adeb74a2c89c44","point_ordinal":1,"zone_group_id":"517801000501","source_manage_no":"517801000501","facility_name":"서면초등학교 병설유치원","sgg_code":"51780","facility_type_code":"1","api_first_registered_on":"1999-06-01","api_last_modified_on":null,"updated_at":"2026-07-25T01:27:52.347112+00:00"},"geometry":{"type":"Point","coordinates":[127.415498531,38.168463346]}},{"type":"Feature","id":"4d7d15b2812c77ecd0f4b1d3dd3eeeda275abe455c31e2890ee3dc7e95c0b225-1","properties":{"facility_id":"4d7d15b2812c77ecd0f4b1d3dd3eeeda275abe455c31e2890ee3dc7e95c0b225","point_ordinal":1,"zone_group_id":"517801000474","source_manage_no":"517801000474","facility_name":"신철원초등학교","sgg_code":"51780","facility_type_code":"1","api_first_registered_on":null,"api_last_modified_on":null,"updated_at":"2026-07-25T01:27:52.347112+00:00"},"geometry":{"type":"Point","coordinates":[127.306088359,38.146532067]}},{"type":"Feature","id":"978a940da7f40058a3deab5a772880e29094e5b23ed5e8a55cd46e297608ea57-1","properties":{"facility_id":"978a940da7f40058a3deab5a772880e29094e5b23ed5e8a55cd46e297608ea57","point_ordinal":1,"zone_group_id":"517801000473","source_manage_no":"517801000473","facility_name":"신철원초등학교 병설유치원","sgg_code":"51780","facility_type_code":"1","api_first_registered_on":"2010-07-27","api_last_modified_on":null,"updated_at":"2026-07-25T01:27:52.347112+00:00"},"geometry":{"type":"Point","coordinates":[127.306088359,38.146532067]}},{"type":"Feature","id":"a65d1b70e4539849e179f10ab91220025b4b37e705acc9f9781633063d6d2fbf-1","properties":{"facility_id":"a65d1b70e4539849e179f10ab91220025b4b37e705acc9f9781633063d6d2fbf","point_ordinal":1,"zone_group_id":"517801000491","source_manage_no":"517801000491","facility_name":"아이뜨리어린이집","sgg_code":"51780","facility_type_code":"1","api_first_registered_on":null,"api_last_modified_on":null,"updated_at":"2026-07-25T01:27:52.347112+00:00"},"geometry":{"type":"Point","coordinates":[127.220730302,38.210214412]}},{"type":"Feature","id":"51c8e5822d3f3ea4262fabc8ebd7d9bc0e664cc410fa9f7cbb4e6c121d5ceb15-1","properties":{"facility_id":"51c8e5822d3f3ea4262fabc8ebd7d9bc0e664cc410fa9f7cbb4e6c121d5ceb15","point_ordinal":1,"zone_group_id":"517801000493","source_manage_no":"517801000493","facility_name":"오덕초등학교","sgg_code":"51780","facility_type_code":"1","api_first_registered_on":"1999-06-01","api_last_modified_on":"2025-11-03","updated_at":"2026-07-25T01:27:52.347112+00:00"},"geometry":{"type":"Point","coordinates":[127.232836319,38.223247484]}},{"type":"Feature","id":"c440dc42c30a836ed855b6c2879a4c425cac27a3ceb9421a9d0fd04a63039d6c-1","properties":{"facility_id":"c440dc42c30a836ed855b6c2879a4c425cac27a3ceb9421a9d0fd04a63039d6c","point_ordinal":1,"zone_group_id":"517802022727","source_manage_no":"517802022727","facility_name":"오지2리 경로당","sgg_code":"51780","facility_type_code":"2","api_first_registered_on":null,"api_last_modified_on":null,"updated_at":"2026-07-25T01:27:52.347112+00:00"},"geometry":{"type":"Point","coordinates":[127.23408407,38.184432182]}},{"type":"Feature","id":"5a0833cd9bfbaddd2618d019885116145c52e2dae6e2fb69554c79470137abc1-1","properties":{"facility_id":"5a0833cd9bfbaddd2618d019885116145c52e2dae6e2fb69554c79470137abc1","point_ordinal":1,"zone_group_id":"517801000504","source_manage_no":"517801000504","facility_name":"와수초등학교","sgg_code":"51780","facility_type_code":"1","api_first_registered_on":"1999-06-01","api_last_modified_on":null,"updated_at":"2026-07-25T01:27:52.347112+00:00"},"geometry":{"type":"Point","coordinates":[127.435166392,38.235069867]}},{"type":"Feature","id":"cae2e14b603e77ecc4b246acd387b1e366497e8cdd7efae38808b2121f7ef1f0-1","properties":{"facility_id":"cae2e14b603e77ecc4b246acd387b1e366497e8cdd7efae38808b2121f7ef1f0","point_ordinal":1,"zone_group_id":"517801000503","source_manage_no":"517801000503","facility_name":"와수초등학교 병설유치원","sgg_code":"51780","facility_type_code":"1","api_first_registered_on":"1999-06-01","api_last_modified_on":null,"updated_at":"2026-07-25T01:27:52.347112+00:00"},"geometry":{"type":"Point","coordinates":[127.435166392,38.235069867]}},{"type":"Feature","id":"072b44eb8db351345b05d2badac034575fd636815be1552881c0fc11fe2bfaf3-1","properties":{"facility_id":"072b44eb8db351345b05d2badac034575fd636815be1552881c0fc11fe2bfaf3","point_ordinal":1,"zone_group_id":"517801000494","source_manage_no":"517801000494","facility_name":"용정초등학교","sgg_code":"51780","facility_type_code":"1","api_first_registered_on":"2010-07-27","api_last_modified_on":null,"updated_at":"2026-07-25T01:27:52.347112+00:00"},"geometry":{"type":"Point","coordinates":[127.242024654,38.164100647]}},{"type":"Feature","id":"f649699dd37fc098c42f3ac6a82fbff1c315fe52993bede10baad695819982ef-1","properties":{"facility_id":"f649699dd37fc098c42f3ac6a82fbff1c315fe52993bede10baad695819982ef","point_ordinal":1,"zone_group_id":"517802029359","source_manage_no":"517802029359","facility_name":"육단3리경로당","sgg_code":"51780","facility_type_code":"2","api_first_registered_on":null,"api_last_modified_on":"2025-07-03","updated_at":"2026-07-25T01:27:52.347112+00:00"},"geometry":{"type":"Point","coordinates":[127.472350424,38.215526071]}},{"type":"Feature","id":"c4fcaea14886714999591b9de09ccace62b234444ec4635c5e28b776f5a34f97-1","properties":{"facility_id":"c4fcaea14886714999591b9de09ccace62b234444ec4635c5e28b776f5a34f97","point_ordinal":1,"zone_group_id":"517802028865","source_manage_no":"517802028865","facility_name":"자등6리마을회관","sgg_code":"51780","facility_type_code":"2","api_first_registered_on":null,"api_last_modified_on":"2025-03-26","updated_at":"2026-07-25T01:27:52.347112+00:00"},"geometry":{"type":"Point","coordinates":[127.405755024,38.146321217]}},{"type":"Feature","id":"92981c5f9a21dbeaef63055fe627b2178e4455b27b223e229de471d5f72ed029-1","properties":{"facility_id":"92981c5f9a21dbeaef63055fe627b2178e4455b27b223e229de471d5f72ed029","point_ordinal":1,"zone_group_id":"517802022661","source_manage_no":"517802022661","facility_name":"잠곡2리 경로당","sgg_code":"51780","facility_type_code":"2","api_first_registered_on":null,"api_last_modified_on":null,"updated_at":"2026-07-25T01:27:52.347112+00:00"},"geometry":{"type":"Point","coordinates":[127.464656164,38.179396697]}},{"type":"Feature","id":"6ffee4ab706bc587e967ca9c0dda992a270a6d96998af5ca50cfbf30040a8008-1","properties":{"facility_id":"6ffee4ab706bc587e967ca9c0dda992a270a6d96998af5ca50cfbf30040a8008","point_ordinal":1,"zone_group_id":"517802029358","source_manage_no":"517802029358","facility_name":"장흥3리경로당","sgg_code":"51780","facility_type_code":"2","api_first_registered_on":null,"api_last_modified_on":"2025-07-03","updated_at":"2026-07-25T01:27:52.347112+00:00"},"geometry":{"type":"Point","coordinates":[127.253886597,38.206883082]}},{"type":"Feature","id":"dff03906f50818b61fe9c9eb6cdf163c8dd5f8e7ba0677fba392d08c8c1ad240-1","properties":{"facility_id":"dff03906f50818b61fe9c9eb6cdf163c8dd5f8e7ba0677fba392d08c8c1ad240","point_ordinal":1,"zone_group_id":"517802000495","source_manage_no":"517802000495","facility_name":"장흥4리 경로당 앞","sgg_code":"51780","facility_type_code":"2","api_first_registered_on":"2016-11-11","api_last_modified_on":null,"updated_at":"2026-07-25T01:27:52.347112+00:00"},"geometry":{"type":"Point","coordinates":[127.275672037,38.1918024]}},{"type":"Feature","id":"e604850703f78ce65dd3684fc23ed5a4bc504a8f15dbe9c7d64bde63e8856e59-1","properties":{"facility_id":"e604850703f78ce65dd3684fc23ed5a4bc504a8f15dbe9c7d64bde63e8856e59","point_ordinal":1,"zone_group_id":"517802028082","source_manage_no":"517802028082","facility_name":"장흥5리 다목적회관","sgg_code":"51780","facility_type_code":"2","api_first_registered_on":null,"api_last_modified_on":"2025-04-17","updated_at":"2026-07-25T01:27:52.347112+00:00"},"geometry":{"type":"Point","coordinates":[127.268836435,38.181919735]}},{"type":"Feature","id":"29961117915f2d229914fbeda2f03d39d0a5342def0194f61eca4727fa9b4e69-1","properties":{"facility_id":"29961117915f2d229914fbeda2f03d39d0a5342def0194f61eca4727fa9b4e69","point_ordinal":1,"zone_group_id":"517801000496","source_manage_no":"517801000496","facility_name":"장흥초등학교","sgg_code":"51780","facility_type_code":"1","api_first_registered_on":"2008-12-29","api_last_modified_on":null,"updated_at":"2026-07-25T01:27:52.347112+00:00"},"geometry":{"type":"Point","coordinates":[127.267159828,38.193236854]}},{"type":"Feature","id":"26c4ddc745dc8a73214c28242346cb0ae41ba1df7a2510cb1e2199d22deb5f3c-1","properties":{"facility_id":"26c4ddc745dc8a73214c28242346cb0ae41ba1df7a2510cb1e2199d22deb5f3c","point_ordinal":1,"zone_group_id":"517801000507","source_manage_no":"517801000507","facility_name":"철원초등학교","sgg_code":"51780","facility_type_code":"1","api_first_registered_on":"2007-01-10","api_last_modified_on":null,"updated_at":"2026-07-25T01:27:52.347112+00:00"},"geometry":{"type":"Point","coordinates":[127.213757605,38.214397465]}},{"type":"Feature","id":"a7528d09a4e662f1e5ed1ce7f7d6d49a919d7dec062c609eea078f329c52578c-1","properties":{"facility_id":"a7528d09a4e662f1e5ed1ce7f7d6d49a919d7dec062c609eea078f329c52578c","point_ordinal":1,"zone_group_id":"517801000485","source_manage_no":"517801000485","facility_name":"청양초등학교","sgg_code":"51780","facility_type_code":"1","api_first_registered_on":"2007-01-10","api_last_modified_on":"2025-03-05","updated_at":"2026-07-25T01:27:52.347112+00:00"},"geometry":{"type":"Point","coordinates":[127.376852657,38.244594474]}},{"type":"Feature","id":"e60c27918f6c493c5f1aef23d9e4c41427240211a73150161e7a3a7e0efbaf60-1","properties":{"facility_id":"e60c27918f6c493c5f1aef23d9e4c41427240211a73150161e7a3a7e0efbaf60","point_ordinal":1,"zone_group_id":"517801024312","source_manage_no":"517801024312","facility_name":"청양초등학교 병설유치원","sgg_code":"51780","facility_type_code":"1","api_first_registered_on":null,"api_last_modified_on":null,"updated_at":"2026-07-25T01:27:52.347112+00:00"},"geometry":{"type":"Point","coordinates":[127.376855512,38.244594465]}},{"type":"Feature","id":"33deef6fc3a6d18596355783f3c8460fbcbb5fd69fdb07857094ea5dbd5df85d-1","properties":{"facility_id":"33deef6fc3a6d18596355783f3c8460fbcbb5fd69fdb07857094ea5dbd5df85d","point_ordinal":1,"zone_group_id":"517801000487","source_manage_no":"517801000487","facility_name":"토성초등학교","sgg_code":"51780","facility_type_code":"1","api_first_registered_on":"2008-12-29","api_last_modified_on":null,"updated_at":"2026-07-25T01:27:52.347112+00:00"},"geometry":{"type":"Point","coordinates":[127.345683691,38.241565474]}},{"type":"Feature","id":"3f035b08ed08414b10f19b162d3e035573a851409abd4370b367fe7e52e93e25-1","properties":{"facility_id":"3f035b08ed08414b10f19b162d3e035573a851409abd4370b367fe7e52e93e25","point_ordinal":1,"zone_group_id":"517801000486","source_manage_no":"517801000486","facility_name":"토성초등학교 병설유치원","sgg_code":"51780","facility_type_code":"1","api_first_registered_on":"2008-12-29","api_last_modified_on":null,"updated_at":"2026-07-25T01:27:52.347112+00:00"},"geometry":{"type":"Point","coordinates":[127.345683691,38.241565474]}},{"type":"Feature","id":"4e055170479f26db05f932117591aa3e9ede35504b9efe4a98a48a55ceadc74f-1","properties":{"facility_id":"4e055170479f26db05f932117591aa3e9ede35504b9efe4a98a48a55ceadc74f","point_ordinal":1,"zone_group_id":"517801000507","source_manage_no":"517801025169","facility_name":"해피아이어린이집","sgg_code":"51780","facility_type_code":"1","api_first_registered_on":"2016-04-06","api_last_modified_on":null,"updated_at":"2026-07-25T01:27:52.347112+00:00"},"geometry":{"type":"Point","coordinates":[127.213754743,38.214395218]}},{"type":"Feature","id":"93f05a6d1cab44c64dd88e656bacd301232a8b032cc026e551a6a3b839541f64-1","properties":{"facility_id":"93f05a6d1cab44c64dd88e656bacd301232a8b032cc026e551a6a3b839541f64","point_ordinal":1,"zone_group_id":"517902029957","source_manage_no":"517902029957","facility_name":"계성리 경로당","sgg_code":"51790","facility_type_code":"2","api_first_registered_on":null,"api_last_modified_on":"2026-02-02","updated_at":"2026-08-20T02:32:45.696865+00:00"},"geometry":{"type":"Point","coordinates":[127.649338063,38.079166578]}},{"type":"Feature","id":"2ba481fc56dbb46417e7ad9208ca21c36e4b7d5b27e6ce255662efdc45e05241-1","properties":{"facility_id":"2ba481fc56dbb46417e7ad9208ca21c36e4b7d5b27e6ce255662efdc45e05241","point_ordinal":1,"zone_group_id":"517902029954","source_manage_no":"517902029954","facility_name":"광덕5리 경로당","sgg_code":"51790","facility_type_code":"2","api_first_registered_on":null,"api_last_modified_on":"2026-02-02","updated_at":"2026-08-20T02:32:45.696865+00:00"},"geometry":{"type":"Point","coordinates":[127.4486185,38.092780215]}},{"type":"Feature","id":"dc908211f587ede889581f65a497caf3ead3f6eceaa3fba260fca6d265adfba5-1","properties":{"facility_id":"dc908211f587ede889581f65a497caf3ead3f6eceaa3fba260fca6d265adfba5","point_ordinal":1,"zone_group_id":"517901000747","source_manage_no":"517901000747","facility_name":"광덕초등학교","sgg_code":"51790","facility_type_code":"1","api_first_registered_on":"2007-05-17","api_last_modified_on":null,"updated_at":"2026-07-25T01:27:52.347112+00:00"},"geometry":{"type":"Point","coordinates":[127.494481719,38.067391593]}},{"type":"Feature","id":"77331f32d3304ede04319470dd3b25cc802653a888d050f89e9ba795e91e6e3c-1","properties":{"facility_id":"77331f32d3304ede04319470dd3b25cc802653a888d050f89e9ba795e91e6e3c","point_ordinal":1,"zone_group_id":"517901000747","source_manage_no":"517901000748","facility_name":"광덕초등학교 병설유치원","sgg_code":"51790","facility_type_code":"1","api_first_registered_on":"2007-05-17","api_last_modified_on":null,"updated_at":"2026-07-25T01:27:52.347112+00:00"},"geometry":{"type":"Point","coordinates":[127.49469229,38.06735467]}},{"type":"Feature","id":"8359aad913f183dcab7b9591125b76f1fd6b9d866aafc5af7f595fc010ea046f-1","properties":{"facility_id":"8359aad913f183dcab7b9591125b76f1fd6b9d866aafc5af7f595fc010ea046f","point_ordinal":1,"zone_group_id":"517902029174","source_manage_no":"517902029174","facility_name":"다목1리 경로당","sgg_code":"51790","facility_type_code":"2","api_first_registered_on":"2024-07-23","api_last_modified_on":"2026-02-02","updated_at":"2026-08-20T02:32:45.696865+00:00"},"geometry":{"type":"Point","coordinates":[127.533602271,38.174950436]}},{"type":"Feature","id":"70f4c9d4a689156aa01f464891706926b6a30d326a9756148b53d76aa9bd6942-1","properties":{"facility_id":"70f4c9d4a689156aa01f464891706926b6a30d326a9756148b53d76aa9bd6942","point_ordinal":1,"zone_group_id":"517902029162","source_manage_no":"517902029162","facility_name":"다목2리 경로당","sgg_code":"51790","facility_type_code":"2","api_first_registered_on":"2023-12-20","api_last_modified_on":"2026-02-02","updated_at":"2026-08-20T02:32:45.696865+00:00"},"geometry":{"type":"Point","coordinates":[127.576921365,38.177926477]}},{"type":"Feature","id":"88da14ad5c1548947c5a2ac629cd1bc63dd8bf45244775c3cc2282d545995921-1","properties":{"facility_id":"88da14ad5c1548947c5a2ac629cd1bc63dd8bf45244775c3cc2282d545995921","point_ordinal":1,"zone_group_id":"517901000754","source_manage_no":"517901000754","facility_name":"다목초등학교","sgg_code":"51790","facility_type_code":"1","api_first_registered_on":"2010-09-09","api_last_modified_on":null,"updated_at":"2026-07-25T01:27:52.347112+00:00"},"geometry":{"type":"Point","coordinates":[127.534930691,38.175501096]}},{"type":"Feature","id":"2a1da86b2bd658e044b6a64c8af075c8c5bff9e41aeec4b8260d7c7d214dfeb7-1","properties":{"facility_id":"2a1da86b2bd658e044b6a64c8af075c8c5bff9e41aeec4b8260d7c7d214dfeb7","point_ordinal":1,"zone_group_id":"517901000754","source_manage_no":"517901000755","facility_name":"다목초등학교 병설유치원","sgg_code":"51790","facility_type_code":"1","api_first_registered_on":"2010-09-09","api_last_modified_on":null,"updated_at":"2026-07-25T01:27:52.347112+00:00"},"geometry":{"type":"Point","coordinates":[127.534571063,38.175482464]}},{"type":"Feature","id":"3df03b77c4a0899db0a4a36592bb0b017d1bc1703398e673fdaf9277f7a6ad8f-1","properties":{"facility_id":"3df03b77c4a0899db0a4a36592bb0b017d1bc1703398e673fdaf9277f7a6ad8f","point_ordinal":1,"zone_group_id":"517902029960","source_manage_no":"517902029960","facility_name":"동촌1리 경로당","sgg_code":"51790","facility_type_code":"2","api_first_registered_on":null,"api_last_modified_on":"2026-02-02","updated_at":"2026-08-20T02:32:45.696865+00:00"},"geometry":{"type":"Point","coordinates":[127.79047142,38.126017789]}},{"type":"Feature","id":"92a77ac849daa92fa25aa1bb82ef3991c156c267b8162b9159adec793205c56b-1","properties":{"facility_id":"92a77ac849daa92fa25aa1bb82ef3991c156c267b8162b9159adec793205c56b","point_ordinal":1,"zone_group_id":"517902029160","source_manage_no":"517902029160","facility_name":"명월3리 경로당","sgg_code":"51790","facility_type_code":"2","api_first_registered_on":"2023-12-20","api_last_modified_on":"2026-02-02","updated_at":"2026-08-20T02:32:45.696865+00:00"},"geometry":{"type":"Point","coordinates":[127.525987495,38.097257438]}},{"type":"Feature","id":"097b7120da062ee3deef7dcd626a3c4ab3518d17734f71dbdefe23718a194cd6-1","properties":{"facility_id":"097b7120da062ee3deef7dcd626a3c4ab3518d17734f71dbdefe23718a194cd6","point_ordinal":1,"zone_group_id":"517902029163","source_manage_no":"517902029163","facility_name":"봉오3리 경로당","sgg_code":"51790","facility_type_code":"2","api_first_registered_on":"2024-07-23","api_last_modified_on":"2026-02-02","updated_at":"2026-08-20T02:32:45.696865+00:00"},"geometry":{"type":"Point","coordinates":[127.5986027,38.197909014]}},{"type":"Feature","id":"ebb7bcb583e4f2d497ffe5deb8041ccd6d96df8361352f07d16a20179e1c595a-1","properties":{"facility_id":"ebb7bcb583e4f2d497ffe5deb8041ccd6d96df8361352f07d16a20179e1c595a","point_ordinal":1,"zone_group_id":"517901000750","source_manage_no":"517901000750","facility_name":"사내초등학교","sgg_code":"51790","facility_type_code":"1","api_first_registered_on":"2009-06-16","api_last_modified_on":null,"updated_at":"2026-07-25T01:27:52.347112+00:00"},"geometry":{"type":"Point","coordinates":[127.520658191,38.069258171]}},{"type":"Feature","id":"fede103ec6d04d8dc1dc6bff98325a7d4f5c9c591440a524d41b5ac27deeee58-1","properties":{"facility_id":"fede103ec6d04d8dc1dc6bff98325a7d4f5c9c591440a524d41b5ac27deeee58","point_ordinal":1,"zone_group_id":"517901000750","source_manage_no":"517901000751","facility_name":"사내초등학교 병설유치원","sgg_code":"51790","facility_type_code":"1","api_first_registered_on":"2009-06-16","api_last_modified_on":null,"updated_at":"2026-07-25T01:27:52.347112+00:00"},"geometry":{"type":"Point","coordinates":[127.519649779,38.069276148]}},{"type":"Feature","id":"4893d56efb636dc37311680163751e59e62d05ae38858bf653e7fdff9da18740-1","properties":{"facility_id":"4893d56efb636dc37311680163751e59e62d05ae38858bf653e7fdff9da18740","point_ordinal":1,"zone_group_id":"517902029161","source_manage_no":"517902029161","facility_name":"사창3리 경로당","sgg_code":"51790","facility_type_code":"2","api_first_registered_on":"2023-12-20","api_last_modified_on":"2026-02-02","updated_at":"2026-08-20T02:32:45.696865+00:00"},"geometry":{"type":"Point","coordinates":[127.517120676,38.061984328]}},{"type":"Feature","id":"317dba7615fb16f500c6bc31a456fe03b8239a09d61170ea58bae37f7479864b-1","properties":{"facility_id":"317dba7615fb16f500c6bc31a456fe03b8239a09d61170ea58bae37f7479864b","point_ordinal":1,"zone_group_id":"517901000758","source_manage_no":"517901000758","facility_name":"산양초등학교","sgg_code":"51790","facility_type_code":"1","api_first_registered_on":"2007-05-17","api_last_modified_on":null,"updated_at":"2026-07-25T01:27:52.347112+00:00"},"geometry":{"type":"Point","coordinates":[127.660275714,38.212924641]}},{"type":"Feature","id":"c5f30c7421eb831d06360749a63aa312d615294ba03f7c87cc87494c297821ea-1","properties":{"facility_id":"c5f30c7421eb831d06360749a63aa312d615294ba03f7c87cc87494c297821ea","point_ordinal":1,"zone_group_id":"517901000758","source_manage_no":"517901000759","facility_name":"산양초등학교 병설유치원","sgg_code":"51790","facility_type_code":"1","api_first_registered_on":"2007-05-17","api_last_modified_on":null,"updated_at":"2026-07-25T01:27:52.347112+00:00"},"geometry":{"type":"Point","coordinates":[127.66211473,38.212999866]}},{"type":"Feature","id":"e4ce6245aba041b2e96e94461c9af0a8bd5899bf7600bc54214584e737a2fdf9-1","properties":{"facility_id":"e4ce6245aba041b2e96e94461c9af0a8bd5899bf7600bc54214584e737a2fdf9","point_ordinal":1,"zone_group_id":"517902029958","source_manage_no":"517902029958","facility_name":"상2리 경로당","sgg_code":"51790","facility_type_code":"2","api_first_registered_on":null,"api_last_modified_on":"2026-02-02","updated_at":"2026-08-20T02:32:45.696865+00:00"},"geometry":{"type":"Point","coordinates":[127.699860845,38.115510705]}},{"type":"Feature","id":"469a170087b322d3342a7c40451c8ceef3f3a488aeec21eae813652b1d2e6f12-1","properties":{"facility_id":"469a170087b322d3342a7c40451c8ceef3f3a488aeec21eae813652b1d2e6f12","point_ordinal":1,"zone_group_id":"517901000760","source_manage_no":"517901000760","facility_name":"상승초등학교","sgg_code":"51790","facility_type_code":"1","api_first_registered_on":"2009-06-16","api_last_modified_on":null,"updated_at":"2026-07-25T01:27:52.347112+00:00"},"geometry":{"type":"Point","coordinates":[127.64956089,38.157521981]}},{"type":"Feature","id":"2b443443b92f3ea49f137857354484515a06f9545911c190f43c96007e4c39b0-1","properties":{"facility_id":"2b443443b92f3ea49f137857354484515a06f9545911c190f43c96007e4c39b0","point_ordinal":1,"zone_group_id":"517901000760","source_manage_no":"517901000762","facility_name":"상승초등학교 병설유치원","sgg_code":"51790","facility_type_code":"1","api_first_registered_on":"2009-06-16","api_last_modified_on":null,"updated_at":"2026-07-25T01:27:52.347112+00:00"},"geometry":{"type":"Point","coordinates":[127.650082166,38.157120453]}},{"type":"Feature","id":"f94e323f6b83593dbf40f7f98ac97ba1e8918744d7bca57fb2b1de45d42e9bc9-1","properties":{"facility_id":"f94e323f6b83593dbf40f7f98ac97ba1e8918744d7bca57fb2b1de45d42e9bc9","point_ordinal":1,"zone_group_id":"517901000752","source_manage_no":"517901000752","facility_name":"실내초등학교","sgg_code":"51790","facility_type_code":"1","api_first_registered_on":"2009-06-16","api_last_modified_on":null,"updated_at":"2026-07-25T01:27:52.347112+00:00"},"geometry":{"type":"Point","coordinates":[127.531661665,38.120666821]}},{"type":"Feature","id":"d1533c4fc1e4deb425687d7c94f6238a3f41c569e051f89e093a5701261663af-1","properties":{"facility_id":"d1533c4fc1e4deb425687d7c94f6238a3f41c569e051f89e093a5701261663af","point_ordinal":1,"zone_group_id":"517901000752","source_manage_no":"517901000753","facility_name":"실내초등학교 병설유치원","sgg_code":"51790","facility_type_code":"1","api_first_registered_on":"2009-06-16","api_last_modified_on":null,"updated_at":"2026-07-25T01:27:52.347112+00:00"},"geometry":{"type":"Point","coordinates":[127.531708585,38.120846789]}},{"type":"Feature","id":"407a2ccc046a758f912bb780e08c5221d65fef8b0545dee88eaa3fa54788db2c-1","properties":{"facility_id":"407a2ccc046a758f912bb780e08c5221d65fef8b0545dee88eaa3fa54788db2c","point_ordinal":1,"zone_group_id":"517902029956","source_manage_no":"517902029956","facility_name":"용담1리 경로당","sgg_code":"51790","facility_type_code":"2","api_first_registered_on":null,"api_last_modified_on":"2026-02-02","updated_at":"2026-08-20T02:32:45.696865+00:00"},"geometry":{"type":"Point","coordinates":[127.543816328,38.061206495]}},{"type":"Feature","id":"0fb7aab95e956eebe3799dd0cfe55c909ed8cafe931206c13d2cdcd08a63bf29-1","properties":{"facility_id":"0fb7aab95e956eebe3799dd0cfe55c909ed8cafe931206c13d2cdcd08a63bf29","point_ordinal":1,"zone_group_id":"517902029955","source_manage_no":"517902029955","facility_name":"용담2리 경로당","sgg_code":"51790","facility_type_code":"2","api_first_registered_on":null,"api_last_modified_on":"2026-02-02","updated_at":"2026-08-20T02:32:45.696865+00:00"},"geometry":{"type":"Point","coordinates":[127.541233592,38.074809101]}},{"type":"Feature","id":"0c01c8c2e8e842260c28c02d21d10e35b63c87152dec1bfb800f81e60c0be548-1","properties":{"facility_id":"0c01c8c2e8e842260c28c02d21d10e35b63c87152dec1bfb800f81e60c0be548","point_ordinal":1,"zone_group_id":"517901000763","source_manage_no":"517901000763","facility_name":"용암초등학교","sgg_code":"51790","facility_type_code":"1","api_first_registered_on":"2010-01-01","api_last_modified_on":null,"updated_at":"2026-07-25T01:27:52.347112+00:00"},"geometry":{"type":"Point","coordinates":[127.699592027,38.088883272]}},{"type":"Feature","id":"aebc0509e8f076ff8ee55dd8c6b4a5299eebeef5a23e8d31e60795b833ac23b1-1","properties":{"facility_id":"aebc0509e8f076ff8ee55dd8c6b4a5299eebeef5a23e8d31e60795b833ac23b1","point_ordinal":1,"zone_group_id":"517901000763","source_manage_no":"517901000764","facility_name":"용암초등학교 병설유치원","sgg_code":"51790","facility_type_code":"1","api_first_registered_on":"2010-01-01","api_last_modified_on":null,"updated_at":"2026-07-25T01:27:52.347112+00:00"},"geometry":{"type":"Point","coordinates":[127.698801869,38.089698783]}},{"type":"Feature","id":"524682750b012d9e732883f335c4af828b29e04c0b05d79f013f62dfe1c592b5-1","properties":{"facility_id":"524682750b012d9e732883f335c4af828b29e04c0b05d79f013f62dfe1c592b5","point_ordinal":1,"zone_group_id":"517901000766","source_manage_no":"517901000766","facility_name":"원천초등학교","sgg_code":"51790","facility_type_code":"1","api_first_registered_on":"2009-06-16","api_last_modified_on":null,"updated_at":"2026-07-25T01:27:52.347112+00:00"},"geometry":{"type":"Point","coordinates":[127.66636692,38.059455977]}},{"type":"Feature","id":"124f2156cd6f3aeb5e344783e1100f76d9ae0c1483c35d83a974869b3243111f-1","properties":{"facility_id":"124f2156cd6f3aeb5e344783e1100f76d9ae0c1483c35d83a974869b3243111f","point_ordinal":1,"zone_group_id":"517901000766","source_manage_no":"517901000767","facility_name":"원천초등학교 병설유치원","sgg_code":"51790","facility_type_code":"1","api_first_registered_on":"2009-06-16","api_last_modified_on":null,"updated_at":"2026-07-25T01:27:52.347112+00:00"},"geometry":{"type":"Point","coordinates":[127.666117626,38.05897991]}},{"type":"Feature","id":"bb7d365e4f8a04fe864213a29dc722e7600a4e747612586a1c8e4d29bd57248b-1","properties":{"facility_id":"bb7d365e4f8a04fe864213a29dc722e7600a4e747612586a1c8e4d29bd57248b","point_ordinal":1,"zone_group_id":"517901000745","source_manage_no":"517901000745","facility_name":"유촌초등학교","sgg_code":"51790","facility_type_code":"1","api_first_registered_on":null,"api_last_modified_on":null,"updated_at":"2026-07-25T01:27:52.347112+00:00"},"geometry":{"type":"Point","coordinates":[127.791228514,38.055694225]}},{"type":"Feature","id":"9a3db06877d6b06ffbecfae8f95e2962a34f6be667d35ac975140707bc526754-1","properties":{"facility_id":"9a3db06877d6b06ffbecfae8f95e2962a34f6be667d35ac975140707bc526754","point_ordinal":1,"zone_group_id":"517901000745","source_manage_no":"517901000746","facility_name":"유촌초등학교 병설유치원","sgg_code":"51790","facility_type_code":"1","api_first_registered_on":"2009-06-16","api_last_modified_on":null,"updated_at":"2026-07-25T01:27:52.347112+00:00"},"geometry":{"type":"Point","coordinates":[127.791094926,38.055456386]}},{"type":"Feature","id":"8bf93d0f88b4bfbaad62092d469a73b0c709d21f82ad052a0c4c23eb85098589-1","properties":{"facility_id":"8bf93d0f88b4bfbaad62092d469a73b0c709d21f82ad052a0c4c23eb85098589","point_ordinal":1,"zone_group_id":"517902029165","source_manage_no":"517902029165","facility_name":"풍산1리 경로당","sgg_code":"51790","facility_type_code":"2","api_first_registered_on":"2024-07-23","api_last_modified_on":"2026-02-02","updated_at":"2026-08-20T02:32:45.696865+00:00"},"geometry":{"type":"Point","coordinates":[127.743237165,38.13478473]}},{"type":"Feature","id":"09120e84fcc7b1d5060300f1aef1f6aaf779e10c797b012d8ea1616b3ac6bf59-1","properties":{"facility_id":"09120e84fcc7b1d5060300f1aef1f6aaf779e10c797b012d8ea1616b3ac6bf59","point_ordinal":1,"zone_group_id":"517902029884","source_manage_no":"517902029884","facility_name":"풍산2리 경로당","sgg_code":"51790","facility_type_code":"2","api_first_registered_on":null,"api_last_modified_on":"2026-02-02","updated_at":"2026-08-20T02:32:45.696865+00:00"},"geometry":{"type":"Point","coordinates":[127.742126395,38.152554441]}},{"type":"Feature","id":"7c5fd85102a5b1ae90a089ad6df363e427f05e6740d63ec736b9bddb30aadb76-1","properties":{"facility_id":"7c5fd85102a5b1ae90a089ad6df363e427f05e6740d63ec736b9bddb30aadb76","point_ordinal":1,"zone_group_id":"517902029959","source_manage_no":"517902029959","facility_name":"풍산2리 경로당","sgg_code":"51790","facility_type_code":"2","api_first_registered_on":null,"api_last_modified_on":"2026-02-02","updated_at":"2026-08-20T02:32:45.696865+00:00"},"geometry":{"type":"Point","coordinates":[127.746344097,38.164449826]}},{"type":"Feature","id":"da0b4d93e71a8ceb0a1e25328978f6bd4a1d8afdf05a1d918e3ff7a9009ae6cb-1","properties":{"facility_id":"da0b4d93e71a8ceb0a1e25328978f6bd4a1d8afdf05a1d918e3ff7a9009ae6cb","point_ordinal":1,"zone_group_id":"517901000769","source_manage_no":"517901000769","facility_name":"풍산초등학교","sgg_code":"51790","facility_type_code":"1","api_first_registered_on":"2010-01-01","api_last_modified_on":null,"updated_at":"2026-07-25T01:27:52.347112+00:00"},"geometry":{"type":"Point","coordinates":[127.741497306,38.147369563]}},{"type":"Feature","id":"daaf835e7d7ee1c987f861fdb99eafb74deb590a4b800b41a3408180884e8317-1","properties":{"facility_id":"daaf835e7d7ee1c987f861fdb99eafb74deb590a4b800b41a3408180884e8317","point_ordinal":1,"zone_group_id":"517901000769","source_manage_no":"517901000770","facility_name":"풍산초등학교 병설유치원","sgg_code":"51790","facility_type_code":"1","api_first_registered_on":"2010-01-01","api_last_modified_on":null,"updated_at":"2026-07-25T01:27:52.347112+00:00"},"geometry":{"type":"Point","coordinates":[127.741442555,38.147032076]}},{"type":"Feature","id":"421b09028daf203d89a73a4ae3a0cffaecdde76dcf5eef0da4da14b7e95f4135-1","properties":{"facility_id":"421b09028daf203d89a73a4ae3a0cffaecdde76dcf5eef0da4da14b7e95f4135","point_ordinal":1,"zone_group_id":"517902026228","source_manage_no":"517902026228","facility_name":"화천 실버복지센터","sgg_code":"51790","facility_type_code":"2","api_first_registered_on":null,"api_last_modified_on":null,"updated_at":"2026-08-20T02:32:45.696865+00:00"},"geometry":{"type":"Point","coordinates":[127.702982256,38.114355468]}},{"type":"Feature","id":"44fb3a15dcd564cb406569b2f32b692230281b399ac92613e16d9b39c5203dc4-1","properties":{"facility_id":"44fb3a15dcd564cb406569b2f32b692230281b399ac92613e16d9b39c5203dc4","point_ordinal":1,"zone_group_id":"517902000765","source_manage_no":"517902000765","facility_name":"화천원광보은의집","sgg_code":"51790","facility_type_code":"2","api_first_registered_on":"2016-07-01","api_last_modified_on":null,"updated_at":"2026-08-20T02:32:45.696865+00:00"},"geometry":{"type":"Point","coordinates":[127.708477982,38.043509527]}},{"type":"Feature","id":"6ba0c6ae66f9a29fea2d6cdde8a6e04726a8c969cce6f63f06ee8ac98b87d061-1","properties":{"facility_id":"6ba0c6ae66f9a29fea2d6cdde8a6e04726a8c969cce6f63f06ee8ac98b87d061","point_ordinal":1,"zone_group_id":"517901000771","source_manage_no":"517901000772","facility_name":"화천유치원","sgg_code":"51790","facility_type_code":"1","api_first_registered_on":"2009-06-16","api_last_modified_on":null,"updated_at":"2026-07-25T01:27:52.347112+00:00"},"geometry":{"type":"Point","coordinates":[127.709018119,38.104745622]}},{"type":"Feature","id":"ceec2b644696f2dca17151751c9cc614738c12e553a72233b8646f6cd3b06c11-1","properties":{"facility_id":"ceec2b644696f2dca17151751c9cc614738c12e553a72233b8646f6cd3b06c11","point_ordinal":1,"zone_group_id":"517901000771","source_manage_no":"517901000771","facility_name":"화천초등학교","sgg_code":"51790","facility_type_code":"1","api_first_registered_on":"1997-01-01","api_last_modified_on":null,"updated_at":"2026-07-25T01:27:52.347112+00:00"},"geometry":{"type":"Point","coordinates":[127.70916904,38.105613111]}},{"type":"Feature","id":"8046f9ed8b73b250f017f7bfc148912b464f96541b8a13b9b2889ae53340ad03-1","properties":{"facility_id":"8046f9ed8b73b250f017f7bfc148912b464f96541b8a13b9b2889ae53340ad03","point_ordinal":1,"zone_group_id":"518002026211","source_manage_no":"518002026211","facility_name":"가오작1리마을회관","sgg_code":"51800","facility_type_code":"2","api_first_registered_on":"2022-04-25","api_last_modified_on":null,"updated_at":"2026-07-25T01:27:52.347112+00:00"},"geometry":{"type":"Point","coordinates":[128.046755716,38.142455712]}},{"type":"Feature","id":"0af6de768847030adb72ee303091fb8b4d60bdd7238a204eed5808f37dbc007e-1","properties":{"facility_id":"0af6de768847030adb72ee303091fb8b4d60bdd7238a204eed5808f37dbc007e","point_ordinal":1,"zone_group_id":"518002022650","source_manage_no":"518002022650","facility_name":"금악리 경로당","sgg_code":"51800","facility_type_code":"2","api_first_registered_on":null,"api_last_modified_on":null,"updated_at":"2026-07-25T01:27:52.347112+00:00"},"geometry":{"type":"Point","coordinates":[127.929448168,38.194460187]}},{"type":"Feature","id":"bf06e6b73c617802be4511893891fea4fcd96261da369b21d140ef8a19c5a585-1","properties":{"facility_id":"bf06e6b73c617802be4511893891fea4fcd96261da369b21d140ef8a19c5a585","point_ordinal":1,"zone_group_id":"518001028555","source_manage_no":"518001028555","facility_name":"꽃사슴어린이집","sgg_code":"51800","facility_type_code":"1","api_first_registered_on":null,"api_last_modified_on":"2025-03-11","updated_at":"2026-07-25T01:27:52.347112+00:00"},"geometry":{"type":"Point","coordinates":[127.98070166,38.106002853]}},{"type":"Feature","id":"9f4bc487efb28d7d82034104914e9095cf49d42501dc5ea3e66194d378cb3dfd-1","properties":{"facility_id":"9f4bc487efb28d7d82034104914e9095cf49d42501dc5ea3e66194d378cb3dfd","point_ordinal":1,"zone_group_id":"518001028623","source_manage_no":"518001028623","facility_name":"덕곡2리 마을회관","sgg_code":"51800","facility_type_code":"2","api_first_registered_on":null,"api_last_modified_on":"2025-03-21","updated_at":"2026-07-25T01:27:52.347112+00:00"},"geometry":{"type":"Point","coordinates":[128.031183538,38.191461992]}},{"type":"Feature","id":"3be1c356488ebf1b42d88b1376fc2b737031e204c9f0663c38e7092385dc917a-1","properties":{"facility_id":"3be1c356488ebf1b42d88b1376fc2b737031e204c9f0663c38e7092385dc917a","point_ordinal":1,"zone_group_id":"518002026212","source_manage_no":"518002026212","facility_name":"덕곡리 마을회관","sgg_code":"51800","facility_type_code":"2","api_first_registered_on":"2022-04-25","api_last_modified_on":null,"updated_at":"2026-07-25T01:27:52.347112+00:00"},"geometry":{"type":"Point","coordinates":[128.036294696,38.190659234]}},{"type":"Feature","id":"3bcb15d3741c54594ed85336e8fcd7efc65f66a4e88a446879920fb709ca5afd-1","properties":{"facility_id":"3bcb15d3741c54594ed85336e8fcd7efc65f66a4e88a446879920fb709ca5afd","point_ordinal":1,"zone_group_id":"518001000187","source_manage_no":"518001000187","facility_name":"도촌초등학교","sgg_code":"51800","facility_type_code":"1","api_first_registered_on":null,"api_last_modified_on":null,"updated_at":"2026-07-25T01:27:52.347112+00:00"},"geometry":{"type":"Point","coordinates":[128.021946346,38.080398115]}},{"type":"Feature","id":"6058d31b1d48a68bfb777759506e85e8429ef8191eb4e98b4f69e6aed6dafd02-1","properties":{"facility_id":"6058d31b1d48a68bfb777759506e85e8429ef8191eb4e98b4f69e6aed6dafd02","point_ordinal":1,"zone_group_id":"518001000187","source_manage_no":"518001026213","facility_name":"도촌초등학교 병설유치원","sgg_code":"51800","facility_type_code":"1","api_first_registered_on":null,"api_last_modified_on":null,"updated_at":"2026-07-25T01:27:52.347112+00:00"},"geometry":{"type":"Point","coordinates":[128.021821742,38.080738709]}},{"type":"Feature","id":"ba3c572f3d7b062bfa7caf87a3bbcbbf59a87aa8fdcd0f89b7de7dd6a01cd06f-1","properties":{"facility_id":"ba3c572f3d7b062bfa7caf87a3bbcbbf59a87aa8fdcd0f89b7de7dd6a01cd06f","point_ordinal":1,"zone_group_id":"518002000197","source_manage_no":"518002000197","facility_name":"동면팔랑2리경로당","sgg_code":"51800","facility_type_code":"2","api_first_registered_on":"2017-09-19","api_last_modified_on":"2025-03-21","updated_at":"2026-07-25T01:27:52.347112+00:00"},"geometry":{"type":"Point","coordinates":[128.049595659,38.215927492]}},{"type":"Feature","id":"e73886a57a5f8e4e68420805063a93c6023555590e2d9357800cb45d6b5fa50d-1","properties":{"facility_id":"e73886a57a5f8e4e68420805063a93c6023555590e2d9357800cb45d6b5fa50d","point_ordinal":1,"zone_group_id":"518002028626","source_manage_no":"518002028626","facility_name":"동수리 마을회관","sgg_code":"51800","facility_type_code":"2","api_first_registered_on":null,"api_last_modified_on":"2025-03-21","updated_at":"2026-07-25T01:27:52.347112+00:00"},"geometry":{"type":"Point","coordinates":[127.976912516,38.119619701]}},{"type":"Feature","id":"70feb3cc81e60c2311f44ebe9a1aacce563a718f66b36efcd379652a507650af-1","properties":{"facility_id":"70feb3cc81e60c2311f44ebe9a1aacce563a718f66b36efcd379652a507650af","point_ordinal":1,"zone_group_id":"518002028627","source_manage_no":"518002028627","facility_name":"만대리마을회관","sgg_code":"51800","facility_type_code":"2","api_first_registered_on":null,"api_last_modified_on":"2025-03-21","updated_at":"2026-07-25T01:27:52.347112+00:00"},"geometry":{"type":"Point","coordinates":[128.116676745,38.260608771]}},{"type":"Feature","id":"c68829ddc2116e1d9082199e7314f1819427e21609a58eed92a5c8e8dded491c-1","properties":{"facility_id":"c68829ddc2116e1d9082199e7314f1819427e21609a58eed92a5c8e8dded491c","point_ordinal":1,"zone_group_id":"518001026214","source_manage_no":"518001000198","facility_name":"방산초등학교","sgg_code":"51800","facility_type_code":"1","api_first_registered_on":"2000-12-01","api_last_modified_on":null,"updated_at":"2026-07-25T01:27:52.347112+00:00"},"geometry":{"type":"Point","coordinates":[127.944302624,38.209551992]}},{"type":"Feature","id":"954dc66a17d2802edc94589807c210028e4f6de7cc55684a81289292b6530c8d-1","properties":{"facility_id":"954dc66a17d2802edc94589807c210028e4f6de7cc55684a81289292b6530c8d","point_ordinal":1,"zone_group_id":"518001026214","source_manage_no":"518001000199","facility_name":"방산초등학교 병설유치원","sgg_code":"51800","facility_type_code":"1","api_first_registered_on":"2000-12-01","api_last_modified_on":null,"updated_at":"2026-07-25T01:27:52.347112+00:00"},"geometry":{"type":"Point","coordinates":[127.943709208,38.209574782]}},{"type":"Feature","id":"d0becfb6f6e6f4fe52248518e22e6455eca54b14e2f4fa864ab15f05c1c0e5c5-1","properties":{"facility_id":"d0becfb6f6e6f4fe52248518e22e6455eca54b14e2f4fa864ab15f05c1c0e5c5","point_ordinal":1,"zone_group_id":"518001000200","source_manage_no":"518001000200","facility_name":"비봉초등학교","sgg_code":"51800","facility_type_code":"1","api_first_registered_on":"1997-01-01","api_last_modified_on":null,"updated_at":"2026-07-25T01:27:52.347112+00:00"},"geometry":{"type":"Point","coordinates":[127.987970068,38.110011625]}},{"type":"Feature","id":"0687c1417721ecb83c8e3b052d1b619de6f34f3e45de2ee30d35b22426167753-1","properties":{"facility_id":"0687c1417721ecb83c8e3b052d1b619de6f34f3e45de2ee30d35b22426167753","point_ordinal":1,"zone_group_id":"518001000200","source_manage_no":"518001000201","facility_name":"비봉초등학교 병설유치원","sgg_code":"51800","facility_type_code":"1","api_first_registered_on":"1997-01-01","api_last_modified_on":null,"updated_at":"2026-07-25T01:27:52.347112+00:00"},"geometry":{"type":"Point","coordinates":[127.98797019,38.110020633]}},{"type":"Feature","id":"aa1ca6b90a84cb99d544f74db79cb78db7eea42d1aa9db73076960c3f5051be1-1","properties":{"facility_id":"aa1ca6b90a84cb99d544f74db79cb78db7eea42d1aa9db73076960c3f5051be1","point_ordinal":1,"zone_group_id":"518002025154","source_manage_no":"518002025154","facility_name":"송현1리 경로당","sgg_code":"51800","facility_type_code":"2","api_first_registered_on":null,"api_last_modified_on":null,"updated_at":"2026-07-25T01:27:52.347112+00:00"},"geometry":{"type":"Point","coordinates":[127.956881547,38.225008884]}},{"type":"Feature","id":"2c4f0a33f974de3dd425471fa6bbe22918d676ba8c4d0971f016f663dd978c71-1","properties":{"facility_id":"2c4f0a33f974de3dd425471fa6bbe22918d676ba8c4d0971f016f663dd978c71","point_ordinal":1,"zone_group_id":"518002025157","source_manage_no":"518002025157","facility_name":"송현2리 경로당","sgg_code":"51800","facility_type_code":"2","api_first_registered_on":null,"api_last_modified_on":null,"updated_at":"2026-07-25T01:27:52.347112+00:00"},"geometry":{"type":"Point","coordinates":[127.98775742,38.225225856]}},{"type":"Feature","id":"19d33e0e54c7bb197c1c3c59c339cc656205257a02fed5de86ff8ade5d402706-1","properties":{"facility_id":"19d33e0e54c7bb197c1c3c59c339cc656205257a02fed5de86ff8ade5d402706","point_ordinal":1,"zone_group_id":"518002000188","source_manage_no":"518002000188","facility_name":"심포리 마을회관","sgg_code":"51800","facility_type_code":"2","api_first_registered_on":"2018-12-05","api_last_modified_on":null,"updated_at":"2026-07-25T01:27:52.347112+00:00"},"geometry":{"type":"Point","coordinates":[127.984281104,38.059517807]}},{"type":"Feature","id":"57f688a0097530afae6a4d632a2abc5dcd65fd7509c88f6753550a46d282ffd1-1","properties":{"facility_id":"57f688a0097530afae6a4d632a2abc5dcd65fd7509c88f6753550a46d282ffd1","point_ordinal":1,"zone_group_id":"518001000202","source_manage_no":"518001000202","facility_name":"양구초등학교","sgg_code":"51800","facility_type_code":"1","api_first_registered_on":"1997-01-01","api_last_modified_on":null,"updated_at":"2026-07-25T01:27:52.347112+00:00"},"geometry":{"type":"Point","coordinates":[127.991009694,38.102598296]}},{"type":"Feature","id":"17f69d43c9500ecc6bf92be0c2fe8c418ddb7ab21d4a7e603208f72de9e79309-1","properties":{"facility_id":"17f69d43c9500ecc6bf92be0c2fe8c418ddb7ab21d4a7e603208f72de9e79309","point_ordinal":1,"zone_group_id":"518001000202","source_manage_no":"518001000203","facility_name":"양구초등학교 병설유치원","sgg_code":"51800","facility_type_code":"1","api_first_registered_on":"1997-01-01","api_last_modified_on":null,"updated_at":"2026-07-25T01:27:52.347112+00:00"},"geometry":{"type":"Point","coordinates":[127.99100945,38.102580281]}},{"type":"Feature","id":"ea3b27171a259abd5ba7e4e2a25a2f9837c9e7d00cb70daf28d4f07cfc3bd0b5-1","properties":{"facility_id":"ea3b27171a259abd5ba7e4e2a25a2f9837c9e7d00cb70daf28d4f07cfc3bd0b5","point_ordinal":1,"zone_group_id":"518002028625","source_manage_no":"518002028625","facility_name":"오미리 마을회관","sgg_code":"51800","facility_type_code":"2","api_first_registered_on":null,"api_last_modified_on":"2025-03-21","updated_at":"2026-07-25T01:27:52.347112+00:00"},"geometry":{"type":"Point","coordinates":[127.922107824,38.189078913]}},{"type":"Feature","id":"0cc7825802597bf3eb00cb9df5fd9ae815c3e67b93fe92695c8f1103be47677a-1","properties":{"facility_id":"0cc7825802597bf3eb00cb9df5fd9ae815c3e67b93fe92695c8f1103be47677a","point_ordinal":1,"zone_group_id":"518002000206","source_manage_no":"518002000206","facility_name":"오유1리경로당","sgg_code":"51800","facility_type_code":"2","api_first_registered_on":"2017-09-19","api_last_modified_on":null,"updated_at":"2026-07-25T01:27:52.347112+00:00"},"geometry":{"type":"Point","coordinates":[128.132609951,38.278538328]}},{"type":"Feature","id":"0313461c193ff489d0e3893b2134f52fcb5311e13cf82b4e8a03d7e210c902f1-1","properties":{"facility_id":"0313461c193ff489d0e3893b2134f52fcb5311e13cf82b4e8a03d7e210c902f1","point_ordinal":1,"zone_group_id":"518001000189","source_manage_no":"518001000189","facility_name":"용하초등학교","sgg_code":"51800","facility_type_code":"1","api_first_registered_on":"1997-01-01","api_last_modified_on":null,"updated_at":"2026-07-25T01:27:52.347112+00:00"},"geometry":{"type":"Point","coordinates":[128.035327243,38.1095798]}},{"type":"Feature","id":"3e00ff455a7fc1c66fef25925af769efdf42de30c14423d5cf18130d5e098061-1","properties":{"facility_id":"3e00ff455a7fc1c66fef25925af769efdf42de30c14423d5cf18130d5e098061","point_ordinal":1,"zone_group_id":"518001000189","source_manage_no":"518001000190","facility_name":"용하초등학교 병설유치원","sgg_code":"51800","facility_type_code":"1","api_first_registered_on":"1997-01-01","api_last_modified_on":null,"updated_at":"2026-07-25T01:27:52.347112+00:00"},"geometry":{"type":"Point","coordinates":[128.035343349,38.109912982]}},{"type":"Feature","id":"9cdbb22e12ff1f2773216ca4330a0fcd0991f3e20892277a18ee164a793ebd5b-1","properties":{"facility_id":"9cdbb22e12ff1f2773216ca4330a0fcd0991f3e20892277a18ee164a793ebd5b","point_ordinal":1,"zone_group_id":"518001000193","source_manage_no":"518001000193","facility_name":"원당초등학교","sgg_code":"51800","facility_type_code":"1","api_first_registered_on":"2000-12-01","api_last_modified_on":null,"updated_at":"2026-07-25T01:27:52.347112+00:00"},"geometry":{"type":"Point","coordinates":[128.044088109,38.187773849]}},{"type":"Feature","id":"dfaa3d670b03ff6c469b8ec53b338f65336442630d8b741200a7099df428b22a-1","properties":{"facility_id":"dfaa3d670b03ff6c469b8ec53b338f65336442630d8b741200a7099df428b22a","point_ordinal":1,"zone_group_id":"518001000193","source_manage_no":"518001000194","facility_name":"원당초등학교 병설유치원","sgg_code":"51800","facility_type_code":"1","api_first_registered_on":"2000-12-01","api_last_modified_on":null,"updated_at":"2026-07-25T01:27:52.347112+00:00"},"geometry":{"type":"Point","coordinates":[128.043576985,38.187949558]}},{"type":"Feature","id":"653c3e295529fb882077f065a87add83c85244188653e616af343b13e6890c52-1","properties":{"facility_id":"653c3e295529fb882077f065a87add83c85244188653e616af343b13e6890c52","point_ordinal":1,"zone_group_id":"518001000195","source_manage_no":"518001000195","facility_name":"임당초등학교","sgg_code":"51800","facility_type_code":"1","api_first_registered_on":"1997-01-01","api_last_modified_on":null,"updated_at":"2026-07-25T01:27:52.347112+00:00"},"geometry":{"type":"Point","coordinates":[128.042687056,38.201340221]}},{"type":"Feature","id":"3ded645d9c94c5eb1348dc8f63646d5b196188ee90fef377b194ced0cc99af64-1","properties":{"facility_id":"3ded645d9c94c5eb1348dc8f63646d5b196188ee90fef377b194ced0cc99af64","point_ordinal":1,"zone_group_id":"518001000195","source_manage_no":"518001000196","facility_name":"임당초등학교 병설유치원","sgg_code":"51800","facility_type_code":"1","api_first_registered_on":"1997-01-01","api_last_modified_on":null,"updated_at":"2026-07-25T01:27:52.347112+00:00"},"geometry":{"type":"Point","coordinates":[128.04272886,38.201069591]}},{"type":"Feature","id":"51891d8c5d31387ad20bf848647547888e027bbda496c07a826cf9193cfa0f76-1","properties":{"facility_id":"51891d8c5d31387ad20bf848647547888e027bbda496c07a826cf9193cfa0f76","point_ordinal":1,"zone_group_id":"518002021049","source_manage_no":"518002021049","facility_name":"정림리 노인회관","sgg_code":"51800","facility_type_code":"2","api_first_registered_on":null,"api_last_modified_on":"2025-03-21","updated_at":"2026-07-25T01:27:52.347112+00:00"},"geometry":{"type":"Point","coordinates":[127.984018502,38.096824553]}},{"type":"Feature","id":"9850864d9652076c3987366be087f6196900aeaf045d06a99b3bd0027a77c819-1","properties":{"facility_id":"9850864d9652076c3987366be087f6196900aeaf045d06a99b3bd0027a77c819","point_ordinal":1,"zone_group_id":"518001000191","source_manage_no":"518001000191","facility_name":"죽리초등학교","sgg_code":"51800","facility_type_code":"1","api_first_registered_on":"1997-01-01","api_last_modified_on":null,"updated_at":"2026-07-25T01:27:52.347112+00:00"},"geometry":{"type":"Point","coordinates":[127.99316659,38.070656312]}},{"type":"Feature","id":"cd28c258e56b385a48336bae84f0ecb3831f1979576484c7b9494b9887538ca0-1","properties":{"facility_id":"cd28c258e56b385a48336bae84f0ecb3831f1979576484c7b9494b9887538ca0","point_ordinal":1,"zone_group_id":"518001000191","source_manage_no":"518001000192","facility_name":"죽리초등학교 병설유치원","sgg_code":"51800","facility_type_code":"1","api_first_registered_on":null,"api_last_modified_on":null,"updated_at":"2026-07-25T01:27:52.347112+00:00"},"geometry":{"type":"Point","coordinates":[127.99288752,38.070244263]}},{"type":"Feature","id":"fd927fa2da42e3bfa70354a0d7d8eae107ed12ffa5eb4bd8785a567d0621068f-1","properties":{"facility_id":"fd927fa2da42e3bfa70354a0d7d8eae107ed12ffa5eb4bd8785a567d0621068f","point_ordinal":1,"zone_group_id":"518002026210","source_manage_no":"518002026210","facility_name":"하3리 경로당","sgg_code":"51800","facility_type_code":"2","api_first_registered_on":"2022-04-25","api_last_modified_on":null,"updated_at":"2026-07-25T01:27:52.347112+00:00"},"geometry":{"type":"Point","coordinates":[127.979251284,38.112044238]}},{"type":"Feature","id":"fa853d4f4eb62cbbe0c966f71c9b669fae7622931ccee0daecde3e1f7690ef78-1","properties":{"facility_id":"fa853d4f4eb62cbbe0c966f71c9b669fae7622931ccee0daecde3e1f7690ef78","point_ordinal":1,"zone_group_id":"518002028624","source_manage_no":"518002028624","facility_name":"한전리 마을회관","sgg_code":"51800","facility_type_code":"2","api_first_registered_on":null,"api_last_modified_on":"2025-03-21","updated_at":"2026-07-25T01:27:52.347112+00:00"},"geometry":{"type":"Point","coordinates":[128.016679882,38.151422101]}},{"type":"Feature","id":"56ec5bc9bfe58a049865c66f4158c812945b6a866bc5dfd76c966428181c2097-1","properties":{"facility_id":"56ec5bc9bfe58a049865c66f4158c812945b6a866bc5dfd76c966428181c2097","point_ordinal":1,"zone_group_id":"518001000204","source_manage_no":"518001000204","facility_name":"한전초등학교","sgg_code":"51800","facility_type_code":"1","api_first_registered_on":null,"api_last_modified_on":null,"updated_at":"2026-07-25T01:27:52.347112+00:00"},"geometry":{"type":"Point","coordinates":[128.01671544,38.14915637]}},{"type":"Feature","id":"e9907d730aa593b3b4662c3d18ad3c2ba31d6b08061db493bf655493d8f2893e-1","properties":{"facility_id":"e9907d730aa593b3b4662c3d18ad3c2ba31d6b08061db493bf655493d8f2893e","point_ordinal":1,"zone_group_id":"518001000204","source_manage_no":"518001000205","facility_name":"한전초등학교 병설유치원","sgg_code":"51800","facility_type_code":"1","api_first_registered_on":"1997-01-01","api_last_modified_on":null,"updated_at":"2026-07-25T01:27:52.347112+00:00"},"geometry":{"type":"Point","coordinates":[128.016327863,38.149177742]}},{"type":"Feature","id":"5906dc46fb5d7d71f75cd6c12a5c0ce6dfbf0cae23e56a092708c1e4d3a7d020-1","properties":{"facility_id":"5906dc46fb5d7d71f75cd6c12a5c0ce6dfbf0cae23e56a092708c1e4d3a7d020","point_ordinal":1,"zone_group_id":"518001026214","source_manage_no":"518001026214","facility_name":"해안초등학교","sgg_code":"51800","facility_type_code":"1","api_first_registered_on":null,"api_last_modified_on":null,"updated_at":"2026-07-25T01:27:52.347112+00:00"},"geometry":{"type":"Point","coordinates":[128.137911847,38.289808489]}},{"type":"Feature","id":"1619d8b37d3e7b557a95ca499e770cc0862f55465ae9ba1e95596bff41c9913b-1","properties":{"facility_id":"1619d8b37d3e7b557a95ca499e770cc0862f55465ae9ba1e95596bff41c9913b","point_ordinal":1,"zone_group_id":"518001026214","source_manage_no":"518001000208","facility_name":"해안초등학교 병설유치원","sgg_code":"51800","facility_type_code":"1","api_first_registered_on":"2000-12-01","api_last_modified_on":null,"updated_at":"2026-07-25T01:27:52.347112+00:00"},"geometry":{"type":"Point","coordinates":[128.137690127,38.289430422]}},{"type":"Feature","id":"a8c94763d26c0dade63b2c5c3a437574eb10293a5cd9ddd33b7c9baa58c6c302-1","properties":{"facility_id":"a8c94763d26c0dade63b2c5c3a437574eb10293a5cd9ddd33b7c9baa58c6c302","point_ordinal":1,"zone_group_id":"518102028883","source_manage_no":"518102028883","facility_name":"가리산리 경로당","sgg_code":"51810","facility_type_code":"2","api_first_registered_on":"2021-07-06","api_last_modified_on":"2025-03-26","updated_at":"2026-07-25T01:27:52.347112+00:00"},"geometry":{"type":"Point","coordinates":[128.326858035,38.066705966]}},{"type":"Feature","id":"b4156cceb19b43a29b8b199dbbd8a8eb5cb49c5d7a6bc885b7fc34e7dc85e6de-1","properties":{"facility_id":"b4156cceb19b43a29b8b199dbbd8a8eb5cb49c5d7a6bc885b7fc34e7dc85e6de","point_ordinal":1,"zone_group_id":"518101000428","source_manage_no":"518101000428","facility_name":"귀둔초등학교","sgg_code":"51810","facility_type_code":"1","api_first_registered_on":"2006-04-27","api_last_modified_on":null,"updated_at":"2026-07-30T00:09:13.239385+00:00"},"geometry":{"type":"Point","coordinates":[128.360713239,38.016579019]}},{"type":"Feature","id":"30eb0faa2c7478b8e77a258285fdb5e1afcdab605ad265907a73f893621544ce-1","properties":{"facility_id":"30eb0faa2c7478b8e77a258285fdb5e1afcdab605ad265907a73f893621544ce","point_ordinal":1,"zone_group_id":"518101000428","source_manage_no":"518101000429","facility_name":"귀둔초등학교 병설유치원","sgg_code":"51810","facility_type_code":"1","api_first_registered_on":"2006-04-27","api_last_modified_on":null,"updated_at":"2026-07-25T01:27:52.347112+00:00"},"geometry":{"type":"Point","coordinates":[128.36060035,38.016632125]}},{"type":"Feature","id":"a7c6dfee3241d3c1582d549760a03bde0eb78b20a9b211f24fee8a90c15d985c-1","properties":{"facility_id":"a7c6dfee3241d3c1582d549760a03bde0eb78b20a9b211f24fee8a90c15d985c","point_ordinal":1,"zone_group_id":"518101000402","source_manage_no":"518101000402","facility_name":"기린초등학교","sgg_code":"51810","facility_type_code":"1","api_first_registered_on":"2006-04-27","api_last_modified_on":null,"updated_at":"2026-07-30T00:09:13.239385+00:00"},"geometry":{"type":"Point","coordinates":[128.319225434,37.958419064]}},{"type":"Feature","id":"dc88a48a41ed250292730028aeb0e00a5d4f9bff7bf03590f107cec99778dc6a-1","properties":{"facility_id":"dc88a48a41ed250292730028aeb0e00a5d4f9bff7bf03590f107cec99778dc6a","point_ordinal":1,"zone_group_id":"518101000402","source_manage_no":"518101000403","facility_name":"기린초등학교 병설유치원","sgg_code":"51810","facility_type_code":"1","api_first_registered_on":null,"api_last_modified_on":null,"updated_at":"2026-07-25T01:27:52.347112+00:00"},"geometry":{"type":"Point","coordinates":[128.319180293,37.95843984]}},{"type":"Feature","id":"a5fbf22869efb378bce15e0b5839f42d8d1d019a4a5b11d1c1a99e2175c1e21d-1","properties":{"facility_id":"a5fbf22869efb378bce15e0b5839f42d8d1d019a4a5b11d1c1a99e2175c1e21d","point_ordinal":1,"zone_group_id":"518102028886","source_manage_no":"518102028886","facility_name":"덕적리 경로당","sgg_code":"51810","facility_type_code":"2","api_first_registered_on":"2024-04-17","api_last_modified_on":"2025-03-26","updated_at":"2026-07-25T01:27:52.347112+00:00"},"geometry":{"type":"Point","coordinates":[128.267671836,38.071291801]}},{"type":"Feature","id":"4849bee2d2468dbb65232e75de8e9cd2d66197f4276c7a09e20817bad0bf0f87-1","properties":{"facility_id":"4849bee2d2468dbb65232e75de8e9cd2d66197f4276c7a09e20817bad0bf0f87","point_ordinal":1,"zone_group_id":"518101000406","source_manage_no":"518101000406","facility_name":"부평초등학교","sgg_code":"51810","facility_type_code":"1","api_first_registered_on":"1996-03-06","api_last_modified_on":null,"updated_at":"2026-07-30T00:09:13.239385+00:00"},"geometry":{"type":"Point","coordinates":[128.083053817,37.970284534]}},{"type":"Feature","id":"120cf2fdbb31368389bc84faad6117c2157fbd30a240d402377c406d5a1adbd0-1","properties":{"facility_id":"120cf2fdbb31368389bc84faad6117c2157fbd30a240d402377c406d5a1adbd0","point_ordinal":1,"zone_group_id":"518101000406","source_manage_no":"518101000407","facility_name":"부평초등학교 병설유치원","sgg_code":"51810","facility_type_code":"1","api_first_registered_on":"1996-03-06","api_last_modified_on":null,"updated_at":"2026-07-25T01:27:52.347112+00:00"},"geometry":{"type":"Point","coordinates":[128.083191486,37.970359842]}},{"type":"Feature","id":"01c20f16e6b57305f3426fc0d7ed4f1ca9aff6991810885bb9c1ac2f98f3a53a-1","properties":{"facility_id":"01c20f16e6b57305f3426fc0d7ed4f1ca9aff6991810885bb9c1ac2f98f3a53a","point_ordinal":1,"zone_group_id":"518102028884","source_manage_no":"518102028884","facility_name":"상남3리 경로당","sgg_code":"51810","facility_type_code":"2","api_first_registered_on":"2021-07-06","api_last_modified_on":"2025-03-26","updated_at":"2026-07-25T01:27:52.347112+00:00"},"geometry":{"type":"Point","coordinates":[128.241724229,37.845226089]}},{"type":"Feature","id":"a74f3d4bde9c827c01f47eb1b7d57cd1fc4f271e34bb08df2535650576ed60fd-1","properties":{"facility_id":"a74f3d4bde9c827c01f47eb1b7d57cd1fc4f271e34bb08df2535650576ed60fd","point_ordinal":1,"zone_group_id":"518101000418","source_manage_no":"518101000418","facility_name":"상남초등학교","sgg_code":"51810","facility_type_code":"1","api_first_registered_on":"2007-10-15","api_last_modified_on":null,"updated_at":"2026-07-30T00:09:13.239385+00:00"},"geometry":{"type":"Point","coordinates":[128.261239199,37.872285377]}},{"type":"Feature","id":"6733b266a54672017bfb51692998ca7d3e6fc55bb539bb88230165a307946754-1","properties":{"facility_id":"6733b266a54672017bfb51692998ca7d3e6fc55bb539bb88230165a307946754","point_ordinal":1,"zone_group_id":"518101000418","source_manage_no":"518101000419","facility_name":"상남초등학교 병설유치원","sgg_code":"51810","facility_type_code":"1","api_first_registered_on":"2007-10-15","api_last_modified_on":null,"updated_at":"2026-07-25T01:27:52.347112+00:00"},"geometry":{"type":"Point","coordinates":[128.261361619,37.872299831]}},{"type":"Feature","id":"3aec49559a2750a1fb17e5357fab0cc6750ee2d443584dc6065f22a853ea9a5e-1","properties":{"facility_id":"3aec49559a2750a1fb17e5357fab0cc6750ee2d443584dc6065f22a853ea9a5e","point_ordinal":1,"zone_group_id":"518102000425","source_manage_no":"518102000425","facility_name":"서화1리 경로당","sgg_code":"51810","facility_type_code":"2","api_first_registered_on":"2017-07-04","api_last_modified_on":"2025-03-26","updated_at":"2026-07-25T01:27:52.347112+00:00"},"geometry":{"type":"Point","coordinates":[128.207419423,38.243473354]}},{"type":"Feature","id":"eec90fd67a15dc3377c9f5317b67e2e9ec0e4600586593b4c2a5da1df47cf913-1","properties":{"facility_id":"eec90fd67a15dc3377c9f5317b67e2e9ec0e4600586593b4c2a5da1df47cf913","point_ordinal":1,"zone_group_id":"518102021770","source_manage_no":"518102021770","facility_name":"서화2리 경로당","sgg_code":"51810","facility_type_code":"2","api_first_registered_on":"2020-06-18","api_last_modified_on":"2025-03-26","updated_at":"2026-07-25T01:27:52.347112+00:00"},"geometry":{"type":"Point","coordinates":[128.208989203,38.251019564]}},{"type":"Feature","id":"96854902c0f356aa13ed7515628b395c1fd787a47910daa71f9bd985ab8fb6ee-1","properties":{"facility_id":"96854902c0f356aa13ed7515628b395c1fd787a47910daa71f9bd985ab8fb6ee","point_ordinal":1,"zone_group_id":"518101000426","source_manage_no":"518101000426","facility_name":"서화초등학교","sgg_code":"51810","facility_type_code":"1","api_first_registered_on":"1996-03-06","api_last_modified_on":null,"updated_at":"2026-07-30T00:09:13.239385+00:00"},"geometry":{"type":"Point","coordinates":[128.208319878,38.229138276]}},{"type":"Feature","id":"c3a22aa09c212b00699d8bb4a616e84b1936517c72142f1318def168c6bc3747-1","properties":{"facility_id":"c3a22aa09c212b00699d8bb4a616e84b1936517c72142f1318def168c6bc3747","point_ordinal":1,"zone_group_id":"518101000426","source_manage_no":"518101000427","facility_name":"서화초등학교 병설유치원","sgg_code":"51810","facility_type_code":"1","api_first_registered_on":"1996-03-06","api_last_modified_on":null,"updated_at":"2026-07-25T01:27:52.347112+00:00"},"geometry":{"type":"Point","coordinates":[128.208320772,38.229192318]}},{"type":"Feature","id":"2895b5077763195173d92c20900d2f6d2084a588d563290e9dd16b6bda3e7860-1","properties":{"facility_id":"2895b5077763195173d92c20900d2f6d2084a588d563290e9dd16b6bda3e7860","point_ordinal":1,"zone_group_id":"518101000408","source_manage_no":"518101000408","facility_name":"어론초등학교","sgg_code":"51810","facility_type_code":"1","api_first_registered_on":"1996-03-06","api_last_modified_on":null,"updated_at":"2026-07-30T00:09:13.239385+00:00"},"geometry":{"type":"Point","coordinates":[128.061501954,37.93294141]}},{"type":"Feature","id":"8d6b1eac6800c0980dd258afd6a59ee77fa7ccf84c80ecc72ff17c1f319418e1-1","properties":{"facility_id":"8d6b1eac6800c0980dd258afd6a59ee77fa7ccf84c80ecc72ff17c1f319418e1","point_ordinal":1,"zone_group_id":"518101000408","source_manage_no":"518101000409","facility_name":"어론초등학교 병설유치원","sgg_code":"51810","facility_type_code":"1","api_first_registered_on":"1996-03-06","api_last_modified_on":null,"updated_at":"2026-07-25T01:27:52.347112+00:00"},"geometry":{"type":"Point","coordinates":[128.061570775,37.93298133]}},{"type":"Feature","id":"c7b47bfcd14f40c3458dd4eb8f2d6bf7271ad7cb1c8565222f0dc2b7a6df2b5a-1","properties":{"facility_id":"c7b47bfcd14f40c3458dd4eb8f2d6bf7271ad7cb1c8565222f0dc2b7a6df2b5a","point_ordinal":1,"zone_group_id":"518101000410","source_manage_no":"518101000410","facility_name":"용대초등학교","sgg_code":"51810","facility_type_code":"1","api_first_registered_on":"1996-03-06","api_last_modified_on":null,"updated_at":"2026-07-30T00:09:13.239385+00:00"},"geometry":{"type":"Point","coordinates":[128.330250506,38.194939325]}},{"type":"Feature","id":"b99d76b58ded2eeda609f9c549e82e5d8744dd681b5e7b6633cdb0bd0495c991-1","properties":{"facility_id":"b99d76b58ded2eeda609f9c549e82e5d8744dd681b5e7b6633cdb0bd0495c991","point_ordinal":1,"zone_group_id":"518101000410","source_manage_no":"518101000411","facility_name":"용대초등학교 병설유치원","sgg_code":"51810","facility_type_code":"1","api_first_registered_on":"1996-03-06","api_last_modified_on":null,"updated_at":"2026-07-25T01:27:52.347112+00:00"},"geometry":{"type":"Point","coordinates":[128.329999144,38.194926409]}},{"type":"Feature","id":"1186d31b31e60c50ec09eb2ef8ad9155728966deff1df4bba6a973ceaf1a5ba0-1","properties":{"facility_id":"1186d31b31e60c50ec09eb2ef8ad9155728966deff1df4bba6a973ceaf1a5ba0","point_ordinal":1,"zone_group_id":"518101000412","source_manage_no":"518101000412","facility_name":"원통초등학교","sgg_code":"51810","facility_type_code":"1","api_first_registered_on":"1996-03-06","api_last_modified_on":null,"updated_at":"2026-07-30T00:09:13.239385+00:00"},"geometry":{"type":"Point","coordinates":[128.2005037,38.119338282]}},{"type":"Feature","id":"43c60ab0122676fdf112aa7f25733fc8a6f3846753ec414736b29b4e52993aed-1","properties":{"facility_id":"43c60ab0122676fdf112aa7f25733fc8a6f3846753ec414736b29b4e52993aed","point_ordinal":1,"zone_group_id":"518101000412","source_manage_no":"518101000413","facility_name":"원통초등학교 병설유치원","sgg_code":"51810","facility_type_code":"1","api_first_registered_on":"1996-03-06","api_last_modified_on":null,"updated_at":"2026-07-25T01:27:52.347112+00:00"},"geometry":{"type":"Point","coordinates":[128.200441767,38.11938621]}},{"type":"Feature","id":"54f837040088960329d5851fd2169c6a8a3b321579c044a10477a64030a4304d-1","properties":{"facility_id":"54f837040088960329d5851fd2169c6a8a3b321579c044a10477a64030a4304d","point_ordinal":1,"zone_group_id":"518102000415","source_manage_no":"518102000415","facility_name":"월학2리 경로당","sgg_code":"51810","facility_type_code":"2","api_first_registered_on":"2016-07-12","api_last_modified_on":null,"updated_at":"2026-07-25T01:27:52.347112+00:00"},"geometry":{"type":"Point","coordinates":[128.205670806,38.158262355]}},{"type":"Feature","id":"ccf6728acd81036d4edc9c49dd882c6c75cdfcb14bfa0695dcd8add41be6948b-1","properties":{"facility_id":"ccf6728acd81036d4edc9c49dd882c6c75cdfcb14bfa0695dcd8add41be6948b","point_ordinal":1,"zone_group_id":"518102028882","source_manage_no":"518102028882","facility_name":"월학3리 경로당","sgg_code":"51810","facility_type_code":"2","api_first_registered_on":"2018-12-19","api_last_modified_on":"2025-03-26","updated_at":"2026-07-25T01:27:52.347112+00:00"},"geometry":{"type":"Point","coordinates":[128.205578721,38.172769443]}},{"type":"Feature","id":"af02aef67ae09f4471c0d16f96f232798fad83f762a80ac24cdeb90572d68e33-1","properties":{"facility_id":"af02aef67ae09f4471c0d16f96f232798fad83f762a80ac24cdeb90572d68e33","point_ordinal":1,"zone_group_id":"518101000416","source_manage_no":"518101000416","facility_name":"월학초등학교","sgg_code":"51810","facility_type_code":"1","api_first_registered_on":"2006-04-27","api_last_modified_on":null,"updated_at":"2026-07-30T00:09:13.239385+00:00"},"geometry":{"type":"Point","coordinates":[128.208621575,38.170663789]}},{"type":"Feature","id":"fa6ef1d84bcefa7aa6131bd979cc2457d3d9cd296f2c05b202d78dbe18a26b3e-1","properties":{"facility_id":"fa6ef1d84bcefa7aa6131bd979cc2457d3d9cd296f2c05b202d78dbe18a26b3e","point_ordinal":1,"zone_group_id":"518101000416","source_manage_no":"518101000417","facility_name":"월학초등학교 병설유치원","sgg_code":"51810","facility_type_code":"1","api_first_registered_on":"2006-04-27","api_last_modified_on":null,"updated_at":"2026-07-25T01:27:52.347112+00:00"},"geometry":{"type":"Point","coordinates":[128.208652392,38.170629689]}},{"type":"Feature","id":"5f60193f39405d6759ba2ee18758e00b471d7568538e683d97c104ebf444a6d5-1","properties":{"facility_id":"5f60193f39405d6759ba2ee18758e00b471d7568538e683d97c104ebf444a6d5","point_ordinal":1,"zone_group_id":"518101000430","source_manage_no":"518101000430","facility_name":"인제남초등학교","sgg_code":"51810","facility_type_code":"1","api_first_registered_on":"1996-03-06","api_last_modified_on":null,"updated_at":"2026-07-30T00:09:13.239385+00:00"},"geometry":{"type":"Point","coordinates":[128.170240375,38.064576836]}},{"type":"Feature","id":"d34ad568931bc682cf1fa5221c984bf95455629c7ae40a29ba92f7b6b62702bd-1","properties":{"facility_id":"d34ad568931bc682cf1fa5221c984bf95455629c7ae40a29ba92f7b6b62702bd","point_ordinal":1,"zone_group_id":"518101000431","source_manage_no":"518101000431","facility_name":"인제초등학교","sgg_code":"51810","facility_type_code":"1","api_first_registered_on":null,"api_last_modified_on":null,"updated_at":"2026-07-30T00:09:13.239385+00:00"},"geometry":{"type":"Point","coordinates":[128.178711621,38.074586331]}},{"type":"Feature","id":"956195cf6a288f053e323e67c02c31660d5f18f974a00b9b9eeecba3e002e3e8-1","properties":{"facility_id":"956195cf6a288f053e323e67c02c31660d5f18f974a00b9b9eeecba3e002e3e8","point_ordinal":1,"zone_group_id":"518102028885","source_manage_no":"518102028885","facility_name":"천도3리 경로당","sgg_code":"51810","facility_type_code":"2","api_first_registered_on":"2021-07-06","api_last_modified_on":"2025-03-26","updated_at":"2026-07-25T01:27:52.347112+00:00"},"geometry":{"type":"Point","coordinates":[128.2092025,38.22621018]}},{"type":"Feature","id":"ac85ed02646dff7782881de590a2cfa5d2f4221a584c27a0ce81d62264b2acf2-1","properties":{"facility_id":"ac85ed02646dff7782881de590a2cfa5d2f4221a584c27a0ce81d62264b2acf2","point_ordinal":1,"zone_group_id":"518102000420","source_manage_no":"518102000420","facility_name":"하남1리 경로당","sgg_code":"51810","facility_type_code":"2","api_first_registered_on":"2017-07-04","api_last_modified_on":null,"updated_at":"2026-07-25T01:27:52.347112+00:00"},"geometry":{"type":"Point","coordinates":[128.291274,37.91754815]}},{"type":"Feature","id":"8af1e6b1dc2be0373149e141a678ae0bddd6ec9ee75f2f9cc59b7f4ada9d987e-1","properties":{"facility_id":"8af1e6b1dc2be0373149e141a678ae0bddd6ec9ee75f2f9cc59b7f4ada9d987e","point_ordinal":1,"zone_group_id":"518101000421","source_manage_no":"518101000421","facility_name":"하남초등학교","sgg_code":"51810","facility_type_code":"1","api_first_registered_on":"2007-10-15","api_last_modified_on":null,"updated_at":"2026-07-30T00:09:13.239385+00:00"},"geometry":{"type":"Point","coordinates":[128.286019493,37.910756373]}},{"type":"Feature","id":"4046f8defda279f4a43173917d0182c1fe7b65a18d09598a51e69bb7bc11d17c-1","properties":{"facility_id":"4046f8defda279f4a43173917d0182c1fe7b65a18d09598a51e69bb7bc11d17c","point_ordinal":1,"zone_group_id":"518101000421","source_manage_no":"518101000422","facility_name":"하남초등학교 병설유치원","sgg_code":"51810","facility_type_code":"1","api_first_registered_on":"2007-10-15","api_last_modified_on":null,"updated_at":"2026-07-25T01:27:52.347112+00:00"},"geometry":{"type":"Point","coordinates":[128.286070887,37.910769325]}},{"type":"Feature","id":"85fcdbef6c8bc639d2bbb2c01122eb56d74538e0a8f909279e2f8d4a38349eb5-1","properties":{"facility_id":"85fcdbef6c8bc639d2bbb2c01122eb56d74538e0a8f909279e2f8d4a38349eb5","point_ordinal":1,"zone_group_id":"518201000082","source_manage_no":"518201000082","facility_name":"간성초등학교","sgg_code":"51820","facility_type_code":"1","api_first_registered_on":"2004-01-01","api_last_modified_on":null,"updated_at":"2026-07-25T01:27:52.347112+00:00"},"geometry":{"type":"Point","coordinates":[128.470584189,38.377467731]}},{"type":"Feature","id":"eee0c8b785ec8994201164ad22618297fc4208aae285dd82642d60894c263dba-1","properties":{"facility_id":"eee0c8b785ec8994201164ad22618297fc4208aae285dd82642d60894c263dba","point_ordinal":1,"zone_group_id":"518201000083","source_manage_no":"518201000083","facility_name":"간성초등학교 병설유치원","sgg_code":"51820","facility_type_code":"1","api_first_registered_on":"2004-01-01","api_last_modified_on":null,"updated_at":"2026-07-25T01:27:52.347112+00:00"},"geometry":{"type":"Point","coordinates":[128.470584189,38.377467731]}},{"type":"Feature","id":"1786a18b3dbb023e1a0c57f46ce368ef29549cdbb636644f67be01a6d7adabb1-1","properties":{"facility_id":"1786a18b3dbb023e1a0c57f46ce368ef29549cdbb636644f67be01a6d7adabb1","point_ordinal":1,"zone_group_id":"518201028206","source_manage_no":"518201028206","facility_name":"거성초등학교","sgg_code":"51820","facility_type_code":"1","api_first_registered_on":"2021-05-17","api_last_modified_on":null,"updated_at":"2026-07-25T01:27:52.347112+00:00"},"geometry":{"type":"Point","coordinates":[128.457904127,38.452319058]}},{"type":"Feature","id":"5f2f965c1ff76b0cc1008bc66f09d2333fcfe685177a1856ea75db9383769409-1","properties":{"facility_id":"5f2f965c1ff76b0cc1008bc66f09d2333fcfe685177a1856ea75db9383769409","point_ordinal":1,"zone_group_id":"518201022791","source_manage_no":"518201022791","facility_name":"거성초등학교 병설유치원","sgg_code":"51820","facility_type_code":"1","api_first_registered_on":"2021-05-17","api_last_modified_on":null,"updated_at":"2026-07-25T01:27:52.347112+00:00"},"geometry":{"type":"Point","coordinates":[128.457458872,38.452507375]}},{"type":"Feature","id":"825cd5faa196b25b90f5113130d2677a056d2cec2fe510afa2714b9b1bd09eae-1","properties":{"facility_id":"825cd5faa196b25b90f5113130d2677a056d2cec2fe510afa2714b9b1bd09eae","point_ordinal":1,"zone_group_id":"518201000086","source_manage_no":"518201000086","facility_name":"거진초등학교","sgg_code":"51820","facility_type_code":"1","api_first_registered_on":"2017-04-28","api_last_modified_on":null,"updated_at":"2026-07-25T01:27:52.347112+00:00"},"geometry":{"type":"Point","coordinates":[128.445912181,38.438040723]}},{"type":"Feature","id":"f6ee4b0295db1f3b59f3faa97b48c7a2fba13c2b2291d69f02a2e5ab101e584d-1","properties":{"facility_id":"f6ee4b0295db1f3b59f3faa97b48c7a2fba13c2b2291d69f02a2e5ab101e584d","point_ordinal":1,"zone_group_id":"518201000087","source_manage_no":"518201000087","facility_name":"거진초등학교 병설유치원","sgg_code":"51820","facility_type_code":"1","api_first_registered_on":"2017-04-28","api_last_modified_on":null,"updated_at":"2026-07-25T01:27:52.347112+00:00"},"geometry":{"type":"Point","coordinates":[128.445912181,38.438040723]}},{"type":"Feature","id":"881cc09cda9427032d3d6c4fa485832b59af13259be11ab4020b51ba9d01aa5a-1","properties":{"facility_id":"881cc09cda9427032d3d6c4fa485832b59af13259be11ab4020b51ba9d01aa5a","point_ordinal":1,"zone_group_id":"518201000084","source_manage_no":"518201000084","facility_name":"광산초등학교","sgg_code":"51820","facility_type_code":"1","api_first_registered_on":"2008-10-01","api_last_modified_on":null,"updated_at":"2026-07-25T01:27:52.347112+00:00"},"geometry":{"type":"Point","coordinates":[128.41407256,38.374569515]}},{"type":"Feature","id":"222021e997f15f024f505ad3749834fb7f85477b416e1cd35d98228039b10bde-1","properties":{"facility_id":"222021e997f15f024f505ad3749834fb7f85477b416e1cd35d98228039b10bde","point_ordinal":1,"zone_group_id":"518201000085","source_manage_no":"518201000085","facility_name":"광산초등학교 병설유치원","sgg_code":"51820","facility_type_code":"1","api_first_registered_on":"2008-10-01","api_last_modified_on":null,"updated_at":"2026-07-25T01:27:52.347112+00:00"},"geometry":{"type":"Point","coordinates":[128.41407256,38.374569515]}},{"type":"Feature","id":"3d83cddd2839db4fba9a511f7b92fc78a3425ef2a38cd2c53e74b54a187e851f-1","properties":{"facility_id":"3d83cddd2839db4fba9a511f7b92fc78a3425ef2a38cd2c53e74b54a187e851f","point_ordinal":1,"zone_group_id":"518201022789","source_manage_no":"518201022789","facility_name":"대진초등학교","sgg_code":"51820","facility_type_code":"1","api_first_registered_on":"2021-05-17","api_last_modified_on":null,"updated_at":"2026-07-25T01:27:52.347112+00:00"},"geometry":{"type":"Point","coordinates":[128.423580364,38.496947991]}},{"type":"Feature","id":"6dc90eecf54e344e487942239e022b2ef5e5dfc8e877fdc771eff37dd7ad7885-1","properties":{"facility_id":"6dc90eecf54e344e487942239e022b2ef5e5dfc8e877fdc771eff37dd7ad7885","point_ordinal":1,"zone_group_id":"518201022792","source_manage_no":"518201022792","facility_name":"대진초등학교 병설유치원","sgg_code":"51820","facility_type_code":"1","api_first_registered_on":"2021-05-17","api_last_modified_on":null,"updated_at":"2026-07-25T01:27:52.347112+00:00"},"geometry":{"type":"Point","coordinates":[128.424299123,38.496777109]}},{"type":"Feature","id":"0e1a71c34200ebff9b40515cdc0aa61b339faaba65993dc3fbda2d4c5ef5f50b-1","properties":{"facility_id":"0e1a71c34200ebff9b40515cdc0aa61b339faaba65993dc3fbda2d4c5ef5f50b","point_ordinal":1,"zone_group_id":"518201022795","source_manage_no":"518201022795","facility_name":"동광초등학교","sgg_code":"51820","facility_type_code":"1","api_first_registered_on":"2021-05-17","api_last_modified_on":null,"updated_at":"2026-07-25T01:27:52.347112+00:00"},"geometry":{"type":"Point","coordinates":[128.544064205,38.288916605]}},{"type":"Feature","id":"47c9a7f5a0d1019d953fbdd21044fb067620a5860b94ad6d1c6f8e700ca18180-1","properties":{"facility_id":"47c9a7f5a0d1019d953fbdd21044fb067620a5860b94ad6d1c6f8e700ca18180","point_ordinal":1,"zone_group_id":"518201023685","source_manage_no":"518201023685","facility_name":"동광초등학교 병설유치원","sgg_code":"51820","facility_type_code":"1","api_first_registered_on":"2021-05-17","api_last_modified_on":null,"updated_at":"2026-07-25T01:27:52.347112+00:00"},"geometry":{"type":"Point","coordinates":[128.54351645,38.28855223]}},{"type":"Feature","id":"6e24b8dc31122ee70f20fc0efa568552bc77a39d015f72354735b1cfb66724fc-1","properties":{"facility_id":"6e24b8dc31122ee70f20fc0efa568552bc77a39d015f72354735b1cfb66724fc","point_ordinal":1,"zone_group_id":"518201000092","source_manage_no":"518201000092","facility_name":"명파초등학교","sgg_code":"51820","facility_type_code":"1","api_first_registered_on":"2008-10-01","api_last_modified_on":null,"updated_at":"2026-07-25T01:27:52.347112+00:00"},"geometry":{"type":"Point","coordinates":[128.401109626,38.541012266]}},{"type":"Feature","id":"88f1f39d977648b1b42797b1d2943a500b33d017ea617d7b8c8800c7ccad9685-1","properties":{"facility_id":"88f1f39d977648b1b42797b1d2943a500b33d017ea617d7b8c8800c7ccad9685","point_ordinal":1,"zone_group_id":"518201021780","source_manage_no":"518201021780","facility_name":"아야진초등학교","sgg_code":"51820","facility_type_code":"1","api_first_registered_on":"2019-11-12","api_last_modified_on":null,"updated_at":"2026-07-25T01:27:52.347112+00:00"},"geometry":{"type":"Point","coordinates":[128.549730797,38.273246518]}},{"type":"Feature","id":"bc80c795f47198283fadd2cfbbeeb40d5d5623fff867e9b61b8c2bcbcaa35843-1","properties":{"facility_id":"bc80c795f47198283fadd2cfbbeeb40d5d5623fff867e9b61b8c2bcbcaa35843","point_ordinal":1,"zone_group_id":"518201022793","source_manage_no":"518201022793","facility_name":"오호초등학교","sgg_code":"51820","facility_type_code":"1","api_first_registered_on":"2021-05-17","api_last_modified_on":null,"updated_at":"2026-07-25T01:27:52.347112+00:00"},"geometry":{"type":"Point","coordinates":[128.531345652,38.313490731]}},{"type":"Feature","id":"7136997295dc0204b41a1c2caac59b399868f0e68381642f73a31cd3b129380b-1","properties":{"facility_id":"7136997295dc0204b41a1c2caac59b399868f0e68381642f73a31cd3b129380b","point_ordinal":1,"zone_group_id":"518201023684","source_manage_no":"518201023684","facility_name":"오호초등학교 병설유치원","sgg_code":"51820","facility_type_code":"1","api_first_registered_on":"2021-05-17","api_last_modified_on":null,"updated_at":"2026-07-25T01:27:52.347112+00:00"},"geometry":{"type":"Point","coordinates":[128.530958247,38.313281848]}},{"type":"Feature","id":"3be88feaf30c1102995305bade25eeb7d5e76ce96d2c20843c505c8833f042d8-1","properties":{"facility_id":"3be88feaf30c1102995305bade25eeb7d5e76ce96d2c20843c505c8833f042d8","point_ordinal":1,"zone_group_id":"518202028204","source_manage_no":"518202028204","facility_name":"용촌2리마을회관","sgg_code":"51820","facility_type_code":"2","api_first_registered_on":"2022-11-17","api_last_modified_on":"2025-04-17","updated_at":"2026-07-25T01:27:52.347112+00:00"},"geometry":{"type":"Point","coordinates":[128.569618513,38.233749557]}},{"type":"Feature","id":"9d99c0e0862f0672ea6fdfb17661b735ea0707a53fb4c4b8d64c46028d8f6103-1","properties":{"facility_id":"9d99c0e0862f0672ea6fdfb17661b735ea0707a53fb4c4b8d64c46028d8f6103","point_ordinal":1,"zone_group_id":"518201000088","source_manage_no":"518201000088","facility_name":"죽왕초등학교","sgg_code":"51820","facility_type_code":"1","api_first_registered_on":"2007-10-01","api_last_modified_on":null,"updated_at":"2026-07-25T01:27:52.347112+00:00"},"geometry":{"type":"Point","coordinates":[128.523756348,38.329927612]}},{"type":"Feature","id":"dc80d6a519281e09bf11e3780ed64ef6023fde252b8b50f9f3d237c7afdb156c-1","properties":{"facility_id":"dc80d6a519281e09bf11e3780ed64ef6023fde252b8b50f9f3d237c7afdb156c","point_ordinal":1,"zone_group_id":"518201000089","source_manage_no":"518201000089","facility_name":"죽왕초등학교 병설유치원","sgg_code":"51820","facility_type_code":"1","api_first_registered_on":"2007-10-01","api_last_modified_on":null,"updated_at":"2026-07-25T01:27:52.347112+00:00"},"geometry":{"type":"Point","coordinates":[128.523756348,38.329927612]}},{"type":"Feature","id":"b1d88bba237fbe8b1ce9a73fb5b20746a8ccf6b47b84f038de1b64ee47750a1d-1","properties":{"facility_id":"b1d88bba237fbe8b1ce9a73fb5b20746a8ccf6b47b84f038de1b64ee47750a1d","point_ordinal":1,"zone_group_id":"518201000090","source_manage_no":"518201000090","facility_name":"천진초등학교","sgg_code":"51820","facility_type_code":"1","api_first_registered_on":"2007-10-01","api_last_modified_on":null,"updated_at":"2026-07-25T01:27:52.347112+00:00"},"geometry":{"type":"Point","coordinates":[128.557019641,38.257358124]}},{"type":"Feature","id":"24ec2402cbae99d106cb949fcebe8d16436b1005a50c2e09b2a52acf60ca128d-1","properties":{"facility_id":"24ec2402cbae99d106cb949fcebe8d16436b1005a50c2e09b2a52acf60ca128d","point_ordinal":1,"zone_group_id":"518201000091","source_manage_no":"518201000091","facility_name":"천진초등학교 병설유치원","sgg_code":"51820","facility_type_code":"1","api_first_registered_on":"2007-10-01","api_last_modified_on":null,"updated_at":"2026-07-25T01:27:52.347112+00:00"},"geometry":{"type":"Point","coordinates":[128.557275967,38.257515562]}},{"type":"Feature","id":"8fac8281a112e0119a7ef751b06fc344519648a6e9484156fef333742eb3fa6a-1","properties":{"facility_id":"8fac8281a112e0119a7ef751b06fc344519648a6e9484156fef333742eb3fa6a","point_ordinal":1,"zone_group_id":"518301000209","source_manage_no":"518301000209","facility_name":"강현초등학교","sgg_code":"51830","facility_type_code":"1","api_first_registered_on":"2008-11-19","api_last_modified_on":null,"updated_at":"2026-07-25T01:27:52.347112+00:00"},"geometry":{"type":"Point","coordinates":[128.604136737,38.149499406]}},{"type":"Feature","id":"e459b7839a5f8df5dc06532288d211317c51d22bc008f27da3732886a4566727-1","properties":{"facility_id":"e459b7839a5f8df5dc06532288d211317c51d22bc008f27da3732886a4566727","point_ordinal":1,"zone_group_id":"518301000209","source_manage_no":"518301000210","facility_name":"강현초등학교 병설유치원","sgg_code":"51830","facility_type_code":"1","api_first_registered_on":"2008-11-19","api_last_modified_on":null,"updated_at":"2026-07-25T01:27:52.347112+00:00"},"geometry":{"type":"Point","coordinates":[128.604403252,38.149428203]}},{"type":"Feature","id":"00163366fe6b63c9bc57269e5535daa8fc2aa6de6f6446f570460b343dc4f42d-1","properties":{"facility_id":"00163366fe6b63c9bc57269e5535daa8fc2aa6de6f6446f570460b343dc4f42d","point_ordinal":1,"zone_group_id":"518301000237","source_manage_no":"518301000237","facility_name":"광정초등학교","sgg_code":"51830","facility_type_code":"1","api_first_registered_on":"2008-04-29","api_last_modified_on":null,"updated_at":"2026-07-25T01:27:52.347112+00:00"},"geometry":{"type":"Point","coordinates":[128.725343736,38.018392158]}},{"type":"Feature","id":"5f256ca79eceace3d99c0d4f10791c7c2eb71852360de9be81b4f15e03f7a27e-1","properties":{"facility_id":"5f256ca79eceace3d99c0d4f10791c7c2eb71852360de9be81b4f15e03f7a27e","point_ordinal":1,"zone_group_id":"518301000237","source_manage_no":"518301000238","facility_name":"광정초등학교 병설유치원","sgg_code":"51830","facility_type_code":"1","api_first_registered_on":null,"api_last_modified_on":null,"updated_at":"2026-07-25T01:27:52.347112+00:00"},"geometry":{"type":"Point","coordinates":[128.725032172,38.018216565]}},{"type":"Feature","id":"654a2aea21d7c6b71945f9d62b339d36e8b441e2c360c0906dd018e8f563a236-1","properties":{"facility_id":"654a2aea21d7c6b71945f9d62b339d36e8b441e2c360c0906dd018e8f563a236","point_ordinal":1,"zone_group_id":"518301000224","source_manage_no":"518301000224","facility_name":"낙산유치원","sgg_code":"51830","facility_type_code":"1","api_first_registered_on":"2009-03-06","api_last_modified_on":null,"updated_at":"2026-07-25T01:27:52.347112+00:00"},"geometry":{"type":"Point","coordinates":[128.618532202,38.072863506]}},{"type":"Feature","id":"9cc14d7a6658fa1c01910d04355fa9aab96e8039bc54102abd028394c9a1bcf8-1","properties":{"facility_id":"9cc14d7a6658fa1c01910d04355fa9aab96e8039bc54102abd028394c9a1bcf8","point_ordinal":1,"zone_group_id":"518301000231","source_manage_no":"518301000231","facility_name":"남애초등학교","sgg_code":"51830","facility_type_code":"1","api_first_registered_on":"2010-02-27","api_last_modified_on":null,"updated_at":"2026-07-25T01:27:52.347112+00:00"},"geometry":{"type":"Point","coordinates":[128.780811114,37.946665175]}},{"type":"Feature","id":"34fd47e75209279b9f525ac5e0f754718ef07825dc285370a3a635820ba9bfc4-1","properties":{"facility_id":"34fd47e75209279b9f525ac5e0f754718ef07825dc285370a3a635820ba9bfc4","point_ordinal":1,"zone_group_id":"518301000231","source_manage_no":"518301000232","facility_name":"남애초등학교 병설유치원","sgg_code":"51830","facility_type_code":"1","api_first_registered_on":"2010-02-27","api_last_modified_on":null,"updated_at":"2026-07-25T01:27:52.347112+00:00"},"geometry":{"type":"Point","coordinates":[128.780782718,37.946431389]}},{"type":"Feature","id":"8c2a2f014b48cd6f570b5c07811c53e291835de48e2dc799639e48327b528ba9-1","properties":{"facility_id":"8c2a2f014b48cd6f570b5c07811c53e291835de48e2dc799639e48327b528ba9","point_ordinal":1,"zone_group_id":"518301000214","source_manage_no":"518301000214","facility_name":"상평초등학교","sgg_code":"51830","facility_type_code":"1","api_first_registered_on":null,"api_last_modified_on":null,"updated_at":"2026-07-25T01:27:52.347112+00:00"},"geometry":{"type":"Point","coordinates":[128.585999426,38.073274615]}},{"type":"Feature","id":"7efc55b58edaf88711d941a46d77d8db17bcef8d46798a0b4729887af6369389-1","properties":{"facility_id":"7efc55b58edaf88711d941a46d77d8db17bcef8d46798a0b4729887af6369389","point_ordinal":1,"zone_group_id":"518301000214","source_manage_no":"518301000215","facility_name":"상평초등학교 병설유치원","sgg_code":"51830","facility_type_code":"1","api_first_registered_on":"2008-12-07","api_last_modified_on":null,"updated_at":"2026-07-25T01:27:52.347112+00:00"},"geometry":{"type":"Point","coordinates":[128.586028435,38.073562491]}},{"type":"Feature","id":"a6126cb9038f57087f6f592d59b95a84bb19ce009e6bbd781c5bcb1e425e5508-1","properties":{"facility_id":"a6126cb9038f57087f6f592d59b95a84bb19ce009e6bbd781c5bcb1e425e5508","point_ordinal":1,"zone_group_id":"518301000216","source_manage_no":"518301000216","facility_name":"상평초등학교 오색분교","sgg_code":"51830","facility_type_code":"1","api_first_registered_on":"2006-04-25","api_last_modified_on":null,"updated_at":"2026-07-25T01:27:52.347112+00:00"},"geometry":{"type":"Point","coordinates":[128.479260307,38.074269847]}},{"type":"Feature","id":"4a8bcb02c86773d50b4e3429235f489557f26aaf3c25bc53ceb09d3080ef9ecc-1","properties":{"facility_id":"4a8bcb02c86773d50b4e3429235f489557f26aaf3c25bc53ceb09d3080ef9ecc","point_ordinal":1,"zone_group_id":"518301000213","source_manage_no":"518301000213","facility_name":"상평초등학교공수전분교","sgg_code":"51830","facility_type_code":"1","api_first_registered_on":"2009-05-25","api_last_modified_on":null,"updated_at":"2026-07-25T01:27:52.347112+00:00"},"geometry":{"type":"Point","coordinates":[128.557388779,38.041671464]}},{"type":"Feature","id":"834685b9b259f2d9885316149fbdb4f9f3e620395fcef5266f51c347ad11ec18-1","properties":{"facility_id":"834685b9b259f2d9885316149fbdb4f9f3e620395fcef5266f51c347ad11ec18","point_ordinal":1,"zone_group_id":"518301000220","source_manage_no":"518301000220","facility_name":"손양초등학교","sgg_code":"51830","facility_type_code":"1","api_first_registered_on":"2000-01-06","api_last_modified_on":null,"updated_at":"2026-07-25T01:27:52.347112+00:00"},"geometry":{"type":"Point","coordinates":[128.642677946,38.060308075]}},{"type":"Feature","id":"44080b59a30cc7859c482a09797f1eb37e3c9bf8ccc6ef33dd79e5880d9a6f24-1","properties":{"facility_id":"44080b59a30cc7859c482a09797f1eb37e3c9bf8ccc6ef33dd79e5880d9a6f24","point_ordinal":1,"zone_group_id":"518301000220","source_manage_no":"518301000221","facility_name":"손양초등학교 병설유치원","sgg_code":"51830","facility_type_code":"1","api_first_registered_on":"2000-01-06","api_last_modified_on":null,"updated_at":"2026-07-25T01:27:52.347112+00:00"},"geometry":{"type":"Point","coordinates":[128.643124223,38.060139686]}},{"type":"Feature","id":"10d508edbe6bd40ebc1084ca670b0b120f857760012c5b906c3728c6b868c385-1","properties":{"facility_id":"10d508edbe6bd40ebc1084ca670b0b120f857760012c5b906c3728c6b868c385","point_ordinal":1,"zone_group_id":"518301000222","source_manage_no":"518301000222","facility_name":"송포초등학교","sgg_code":"51830","facility_type_code":"1","api_first_registered_on":"2008-07-30","api_last_modified_on":null,"updated_at":"2026-07-25T01:27:52.347112+00:00"},"geometry":{"type":"Point","coordinates":[128.656665843,38.089361316]}},{"type":"Feature","id":"0ec06346d63f457bdf803e35a44f28bc4a2606350b7f47a25a08dd2e3012736e-1","properties":{"facility_id":"0ec06346d63f457bdf803e35a44f28bc4a2606350b7f47a25a08dd2e3012736e","point_ordinal":1,"zone_group_id":"518301000222","source_manage_no":"518301000223","facility_name":"송포초등학교 병설유치원","sgg_code":"51830","facility_type_code":"1","api_first_registered_on":"2008-07-30","api_last_modified_on":null,"updated_at":"2026-07-25T01:27:52.347112+00:00"},"geometry":{"type":"Point","coordinates":[128.656674849,38.089255342]}},{"type":"Feature","id":"ed55b2813902abc80425699fea6dc7c0654292799eaf14a8520b30f1e927cb99-1","properties":{"facility_id":"ed55b2813902abc80425699fea6dc7c0654292799eaf14a8520b30f1e927cb99","point_ordinal":1,"zone_group_id":"518301000227","source_manage_no":"518301000227","facility_name":"양양초등학교","sgg_code":"51830","facility_type_code":"1","api_first_registered_on":"1996-01-11","api_last_modified_on":null,"updated_at":"2026-07-25T01:27:52.347112+00:00"},"geometry":{"type":"Point","coordinates":[128.622255559,38.077361058]}},{"type":"Feature","id":"8f64b1e5f5ecff773dfa7a1302500e9dcb5cf072b61afdf61fefaabfd173c0e4-1","properties":{"facility_id":"8f64b1e5f5ecff773dfa7a1302500e9dcb5cf072b61afdf61fefaabfd173c0e4","point_ordinal":1,"zone_group_id":"518301000227","source_manage_no":"518301000228","facility_name":"양양초등학교 병설유치원","sgg_code":"51830","facility_type_code":"1","api_first_registered_on":"1996-01-11","api_last_modified_on":null,"updated_at":"2026-07-25T01:27:52.347112+00:00"},"geometry":{"type":"Point","coordinates":[128.622505825,38.077082849]}},{"type":"Feature","id":"be05267ab0acd4f48b0d0986069af0f8df88fd28bde0ebce3db7044baacf0c74-1","properties":{"facility_id":"be05267ab0acd4f48b0d0986069af0f8df88fd28bde0ebce3db7044baacf0c74","point_ordinal":1,"zone_group_id":"518301027781","source_manage_no":"518301027781","facility_name":"양양하나어린이집","sgg_code":"51830","facility_type_code":"1","api_first_registered_on":"2023-10-12","api_last_modified_on":null,"updated_at":"2026-07-25T01:27:52.347112+00:00"},"geometry":{"type":"Point","coordinates":[128.615571613,38.070642273]}},{"type":"Feature","id":"0bdbbeb45beb84e02a8982dafbadeb69dfe04f4382af9e2d6af37251042ea278-1","properties":{"facility_id":"0bdbbeb45beb84e02a8982dafbadeb69dfe04f4382af9e2d6af37251042ea278","point_ordinal":1,"zone_group_id":"518302027783","source_manage_no":"518302027783","facility_name":"여운포리경로당","sgg_code":"51830","facility_type_code":"2","api_first_registered_on":null,"api_last_modified_on":null,"updated_at":"2026-07-25T01:27:52.347112+00:00"},"geometry":{"type":"Point","coordinates":[128.696712272,38.038009852]}},{"type":"Feature","id":"ed4ef913890072143bd0fcc17a227391584f7a5d0a307880a17694005c4a9cb8-1","properties":{"facility_id":"ed4ef913890072143bd0fcc17a227391584f7a5d0a307880a17694005c4a9cb8","point_ordinal":1,"zone_group_id":"518301000233","source_manage_no":"518301000233","facility_name":"인구초등학교","sgg_code":"51830","facility_type_code":"1","api_first_registered_on":"2008-09-19","api_last_modified_on":null,"updated_at":"2026-07-25T01:27:52.347112+00:00"},"geometry":{"type":"Point","coordinates":[128.758299002,37.967725901]}},{"type":"Feature","id":"d5be0362d9ddfe5589bb147a65b1677a696bec13778610767b9894342abf413a-1","properties":{"facility_id":"d5be0362d9ddfe5589bb147a65b1677a696bec13778610767b9894342abf413a","point_ordinal":1,"zone_group_id":"518301000233","source_manage_no":"518301000236","facility_name":"인구초등학교 병설유치원","sgg_code":"51830","facility_type_code":"1","api_first_registered_on":null,"api_last_modified_on":null,"updated_at":"2026-07-25T01:27:52.347112+00:00"},"geometry":{"type":"Point","coordinates":[128.758462871,37.96791713]}},{"type":"Feature","id":"85bd5a61ea502ca1fb6c0629a761850f55674acccbf79bfa2eb854c2de6ab3d4-1","properties":{"facility_id":"85bd5a61ea502ca1fb6c0629a761850f55674acccbf79bfa2eb854c2de6ab3d4","point_ordinal":1,"zone_group_id":"518303027782","source_manage_no":"518303027782","facility_name":"정다운마을","sgg_code":"51830","facility_type_code":"3","api_first_registered_on":"2021-11-30","api_last_modified_on":null,"updated_at":"2026-07-25T01:27:52.347112+00:00"},"geometry":{"type":"Point","coordinates":[128.565977632,38.055373509]}},{"type":"Feature","id":"aaa149fea3e1b1d5cf1038064d9b2b7a6a10f7a051a7ce371c99261c04491cef-1","properties":{"facility_id":"aaa149fea3e1b1d5cf1038064d9b2b7a6a10f7a051a7ce371c99261c04491cef","point_ordinal":1,"zone_group_id":"518301000229","source_manage_no":"518301000229","facility_name":"조산초등학교","sgg_code":"51830","facility_type_code":"1","api_first_registered_on":"2009-01-30","api_last_modified_on":null,"updated_at":"2026-07-25T01:27:52.347112+00:00"},"geometry":{"type":"Point","coordinates":[128.632708847,38.113729066]}},{"type":"Feature","id":"5ec448a7e344d49dff8df61a999aec96c7c3254831d3c04a432a2666b4d98165-1","properties":{"facility_id":"5ec448a7e344d49dff8df61a999aec96c7c3254831d3c04a432a2666b4d98165","point_ordinal":1,"zone_group_id":"518301000229","source_manage_no":"518301000230","facility_name":"조산초등학교 병설유치원","sgg_code":"51830","facility_type_code":"1","api_first_registered_on":"2009-01-30","api_last_modified_on":null,"updated_at":"2026-07-25T01:27:52.347112+00:00"},"geometry":{"type":"Point","coordinates":[128.632504965,38.113533719]}},{"type":"Feature","id":"34133418b896770e809caed5935bb9a46282093ee892d23a4d0fe55e5dfb89a5-1","properties":{"facility_id":"34133418b896770e809caed5935bb9a46282093ee892d23a4d0fe55e5dfb89a5","point_ordinal":1,"zone_group_id":"518301000217","source_manage_no":"518301000217","facility_name":"한남초등학교","sgg_code":"51830","facility_type_code":"1","api_first_registered_on":"2010-03-19","api_last_modified_on":null,"updated_at":"2026-07-25T01:27:52.347112+00:00"},"geometry":{"type":"Point","coordinates":[128.607157507,38.056372375]}},{"type":"Feature","id":"227755121d1c728f53f00a985aa42643cba5a635302875ffeb7e75b526dedd99-1","properties":{"facility_id":"227755121d1c728f53f00a985aa42643cba5a635302875ffeb7e75b526dedd99","point_ordinal":1,"zone_group_id":"518301000217","source_manage_no":"518301000218","facility_name":"한남초등학교 병설유치원","sgg_code":"51830","facility_type_code":"1","api_first_registered_on":"2010-03-19","api_last_modified_on":null,"updated_at":"2026-07-25T01:27:52.347112+00:00"},"geometry":{"type":"Point","coordinates":[128.607198091,38.056144359]}},{"type":"Feature","id":"baf4bf6750aebacbc98d092d117ef25e8d917efcacbd6f2723b8fc814681026c-1","properties":{"facility_id":"baf4bf6750aebacbc98d092d117ef25e8d917efcacbd6f2723b8fc814681026c","point_ordinal":1,"zone_group_id":"518301000239","source_manage_no":"518301000239","facility_name":"현북초등학교","sgg_code":"51830","facility_type_code":"1","api_first_registered_on":"2006-04-17","api_last_modified_on":null,"updated_at":"2026-07-25T01:27:52.347112+00:00"},"geometry":{"type":"Point","coordinates":[128.697666944,38.015459799]}},{"type":"Feature","id":"e304e333eb7fa0f3f731073fd29e85e3053b329e1f67b19899daee1dbc205a1d-1","properties":{"facility_id":"e304e333eb7fa0f3f731073fd29e85e3053b329e1f67b19899daee1dbc205a1d","point_ordinal":1,"zone_group_id":"518301000239","source_manage_no":"518301000240","facility_name":"현북초등학교 병설유치원","sgg_code":"51830","facility_type_code":"1","api_first_registered_on":"2006-04-17","api_last_modified_on":null,"updated_at":"2026-07-25T01:27:52.347112+00:00"},"geometry":{"type":"Point","coordinates":[128.697631156,38.015635977]}},{"type":"Feature","id":"6d6efa2d6553b432a75b2645e8e186aafae8905f3cae7fb54630d699f042b641-1","properties":{"facility_id":"6d6efa2d6553b432a75b2645e8e186aafae8905f3cae7fb54630d699f042b641","point_ordinal":1,"zone_group_id":"518301000241","source_manage_no":"518301000241","facility_name":"현성초등학교","sgg_code":"51830","facility_type_code":"1","api_first_registered_on":"2008-01-25","api_last_modified_on":null,"updated_at":"2026-07-25T01:27:52.347112+00:00"},"geometry":{"type":"Point","coordinates":[128.664917142,37.951975116]}},{"type":"Feature","id":"7fc01d0d6f7d27d38df8f3304fd282c817f603e92c974c2585ab7f65aeaf2e5f-1","properties":{"facility_id":"7fc01d0d6f7d27d38df8f3304fd282c817f603e92c974c2585ab7f65aeaf2e5f","point_ordinal":1,"zone_group_id":"518301000241","source_manage_no":"518301000242","facility_name":"현성초등학교 병설유치원","sgg_code":"51830","facility_type_code":"1","api_first_registered_on":"2008-01-25","api_last_modified_on":null,"updated_at":"2026-07-25T01:27:52.347112+00:00"},"geometry":{"type":"Point","coordinates":[128.664974611,37.951749092]}},{"type":"Feature","id":"2f953406396dd6ca942683f082a15f97b86105b614d198b83b44cec53975d27c-1","properties":{"facility_id":"2f953406396dd6ca942683f082a15f97b86105b614d198b83b44cec53975d27c","point_ordinal":1,"zone_group_id":"518301000211","source_manage_no":"518301000211","facility_name":"회룡초등학교","sgg_code":"51830","facility_type_code":"1","api_first_registered_on":"2008-06-09","api_last_modified_on":null,"updated_at":"2026-07-25T01:27:52.347112+00:00"},"geometry":{"type":"Point","coordinates":[128.576769044,38.135027728]}},{"type":"Feature","id":"29b294e17fc5ad36b8e8759672f4f950d18a06cd9dae851b56b351b2249039d8-1","properties":{"facility_id":"29b294e17fc5ad36b8e8759672f4f950d18a06cd9dae851b56b351b2249039d8","point_ordinal":1,"zone_group_id":"518301000211","source_manage_no":"518301000212","facility_name":"회룡초등학교 병설유치원","sgg_code":"51830","facility_type_code":"1","api_first_registered_on":"2008-06-09","api_last_modified_on":null,"updated_at":"2026-07-25T01:27:52.347112+00:00"},"geometry":{"type":"Point","coordinates":[128.577015234,38.134808224]}}]}